# QMW procedural algebraic surface
# units: meters
v -0.171306858895 -0.146874098814 -0.104083849177
v -0.170529539748 -0.148124894984 -0.104864773831
v -0.17018104492 -0.14672374412 -0.106580096246
v -0.171459985636 -0.145927128253 -0.10441750862
v -0.172170329283 -0.14548467536 -0.10321637368
v -0.171708870201 -0.146927788222 -0.103192476742
v -0.170878034576 -0.149526045847 -0.103149451416
v -0.172635212408 -0.145237410827 -0.0946038183119
v -0.170946251966 -0.150076304924 -0.0976871142501
v -0.173372359959 -0.142775796033 -0.0957611312221
v -0.173944263108 -0.141486963185 -0.0922140697977
v -0.172898801532 -0.144756416769 -0.0921599299374
v -0.171016496562 -0.150642915966 -0.0920624536356
v -0.171806400418 -0.14159208045 -0.0837090965192
v -0.170607684383 -0.149289459459 -0.0886839677704
v -0.173018960068 -0.138998885569 -0.0853011193752
v -0.172448936368 -0.137466130191 -0.0810424652792
v -0.171455043819 -0.140574312863 -0.0809909959522
v -0.169665586486 -0.146170451278 -0.0808983278215
v -0.168765348248 -0.135886824957 -0.0713635652693
v -0.168564869585 -0.142323891692 -0.0755617107822
v -0.16971505885 -0.134407344314 -0.0724924066717
v -0.168841853329 -0.133430362463 -0.0697615021832
v -0.168310072846 -0.135093390206 -0.0697339636091
v -0.167352626807 -0.13808759435 -0.0696843816867
v -0.165144205775 -0.130267024896 -0.0608911533853
v -0.154604117631 -0.0910911973658 0.05178647651
v -0.153732422888 -0.0933959698707 0.0503210692846
v -0.153538024186 -0.0923464826323 0.0443880012893
v -0.154950110054 -0.0898580473316 0.0512266287501
v -0.155311134527 -0.0892218352837 0.0529750435795
v -0.154779354044 -0.0908848630264 0.0530025821536
v -0.153821908004 -0.0938790671708 0.053052164076
v -0.155316150611 -0.0888806231623 0.0616706966068
v -0.153750179293 -0.093900971593 0.0584629921869
v -0.156092828085 -0.0864942136937 0.0604956791121
v -0.156458086874 -0.0852196889793 0.0640098160767
v -0.155464194325 -0.0883278716509 0.0640612854037
v -0.153674736992 -0.0939240100665 0.0641539535344
v -0.15470159352 -0.0854347960102 0.0724249078723
v -0.15332428987 -0.0927975421254 0.0676771927371
v -0.155865430956 -0.0827520924796 0.0708553884139
v -0.155493282923 -0.081202607941 0.0751539471515
v -0.154447821347 -0.084472061525 0.0752080870118
v -0.152565516377 -0.0903585607215 0.0753055633135
v -0.151272016157 -0.0793677656925 0.0850252378682
v -0.151310130991 -0.0859358659549 0.0807301892946
v -0.152200915083 -0.0780609858394 0.083951162825
v -0.151259218406 -0.077162406083 0.0864673788628
v -0.150797759324 -0.0786055189452 0.0864912758005
v -0.149966923699 -0.0812037765701 0.0865343011261
v -0.148501185041 -0.0758897634075 0.09007694415
v -0.170404724122 -0.136269557255 -0.105582479245
v -0.16871576368 -0.141108451352 -0.108665775183
v -0.167206938899 -0.135326289776 -0.110813433926
v -0.170104451226 -0.133521511599 -0.105913969685
v -0.171713774823 -0.132519109613 -0.103192730731
v -0.171860964605 -0.136699112147 -0.103200353043
v -0.172926767638 -0.135744372459 -0.0968852823419
v -0.17259633621 -0.130530181756 -0.0977189027683
v -0.173487708648 -0.128521397439 -0.0921904268487
v -0.173717119721 -0.135036380008 -0.0922023070399
v -0.172957477586 -0.132899385031 -0.0865542437184
v -0.172897346507 -0.126933953362 -0.0877798240091
v -0.171992381908 -0.124500564445 -0.0810188223303
v -0.172214532615 -0.13080936185 -0.081030326539
v -0.170015867671 -0.127286725089 -0.0742739277039
v -0.170217460613 -0.122514702183 -0.0754678490337
v -0.168385298869 -0.120464796716 -0.0697378592342
v -0.168542389151 -0.124925960837 -0.0697459942495
v -0.164540347245 -0.11931461704 -0.06033184758
v -0.164699958059 -0.117311987569 -0.060897033292
v -0.163658606048 -0.116421110899 -0.0583989164682
v -0.163719991502 -0.118164379681 -0.058402095351
v -0.163999464267 -0.126101050624 -0.0584165680173
v -0.160687852413 -0.114026666575 -0.0516790916489
v -0.152357625132 -0.0821084414865 0.0408183113024
v -0.151893801888 -0.0858488251697 0.0383952777712
v -0.151073270286 -0.0826132197765 0.0355343532801
v -0.152259374462 -0.080763119888 0.0406143405527
v -0.152588017937 -0.0802504977527 0.0420218937013
v -0.152649403391 -0.0819937665342 0.0420187148185
v -0.152928876156 -0.0899304374776 0.0420042421522
v -0.154339722968 -0.0810804868388 0.0498696100364
v -0.153256531297 -0.0912300060161 0.0432864443378
v -0.154097077725 -0.0775911710543 0.049330158691
v -0.154854580067 -0.0762562695371 0.0529986865285
v -0.155011670349 -0.0807174336579 0.0529905515132
v -0.155707498668 -0.0794805067802 0.0593237874328
v -0.155421650782 -0.0742775474273 0.0584544461774
v -0.156001532414 -0.0722541232327 0.0640334590257
v -0.156223683121 -0.0785629206383 0.0640219548169
v -0.155739757645 -0.0766369617296 0.069653810187
v -0.155616761113 -0.0706520801468 0.0684778249637
v -0.155036728463 -0.0682370421944 0.0751775901004
v -0.155266139536 -0.0747520247637 0.0751657099092
v -0.15264704014 -0.0708835981135 0.0820332240859
v -0.152936130881 -0.0662326234563 0.0807903924582
v -0.150802663946 -0.0641968403365 0.0864910218117
v -0.150949853728 -0.0683768428704 0.0864833994998
v -0.1445541838 -0.0613135965752 0.0946686955572
v -0.146460988094 -0.068355372296 0.0924504111517
v -0.167345423847 -0.123656373307 -0.105666418385
v -0.166146707812 -0.131353752315 -0.110641289636
v -0.163703430605 -0.122199134657 -0.110244587235
v -0.166458018604 -0.120483379987 -0.105586796732
v -0.167987959797 -0.119530423047 -0.102999787145
v -0.169408253309 -0.124481755074 -0.103073337904
v -0.1707269893 -0.123931531459 -0.0975329046514
v -0.168898731202 -0.117477921493 -0.0973509948295
v -0.169761893622 -0.115532710873 -0.0919974832633
v -0.172016739075 -0.123393401925 -0.0921142517993
v -0.171384782976 -0.121670452385 -0.0876131138713
v -0.169141955278 -0.113865738375 -0.0873659162449
v -0.168266566882 -0.111511877878 -0.0808258787449
v -0.170447719101 -0.119115664521 -0.0809388310322
v -0.168297372806 -0.115922030689 -0.0752371805769
v -0.166406967113 -0.109431273508 -0.0750100779609
v -0.164659483843 -0.10747611015 -0.0695449156488
v -0.166180268128 -0.112777766372 -0.0696236703832
v -0.161618666914 -0.106829577758 -0.0605060392702
v -0.160850977095 -0.10421793254 -0.0604086248697
v -0.159932791022 -0.103432424333 -0.0582059728828
v -0.160482164505 -0.105347613341 -0.058234422521
v -0.157313403356 -0.101321182978 -0.0522809355311
v -0.158821369237 -0.106998979694 -0.0520119849483
v -0.148996302862 -0.0692140300765 0.0409324412365
v -0.149516710298 -0.0767900896986 0.0359557918531
v -0.147526612081 -0.0693450821972 0.0364946108894
v -0.148572429752 -0.0677138029245 0.040973762526
v -0.148862202911 -0.0672618111865 0.0422148372867
v -0.149411576394 -0.069177000194 0.0421863876485
v -0.151601216005 -0.0687660092466 0.049575291401
v -0.150406272786 -0.0645407882849 0.0496926535397
v -0.151128765041 -0.0632675829709 0.0531916301139
v -0.152649549326 -0.0685692391926 0.0531128753795
v -0.153558129022 -0.0677146037804 0.0586431065942
v -0.151714787544 -0.0612227309758 0.0588297239865
v -0.152275717388 -0.0592654366665 0.0642264026111
v -0.154456869607 -0.0668692233096 0.0641134503237
v -0.154094594942 -0.0653405504948 0.0686424653417
v -0.151872589303 -0.0575869628319 0.068882801683
v -0.151310913437 -0.0552483556282 0.0753705336859
v -0.15356575889 -0.0631090466806 0.0752537651498
v -0.150987031058 -0.059573362689 0.0810316156455
v -0.149105079261 -0.0531435187032 0.0812645285039
v -0.14707684892 -0.0512081537703 0.0866839653971
v -0.148497142433 -0.0561594857973 0.0866104146382
v -0.141136584831 -0.0484671305177 0.0944582625929
v -0.142216340929 -0.0525258425535 0.0945247467763
v -0.162073883391 -0.108983264242 -0.104299548068
v -0.161873404729 -0.115420330976 -0.108497693581
v -0.159857958567 -0.107954691261 -0.106573802693
v -0.161331796093 -0.107036679703 -0.104081659971
v -0.162150388473 -0.106526801747 -0.102697484982
v -0.163563552366 -0.109674728699 -0.10277066653
v -0.1655548911 -0.109351017945 -0.09623124957
v -0.163313950943 -0.103904613824 -0.0954808302793
v -0.163924322298 -0.102529089573 -0.0916951811003
v -0.166889425885 -0.109134076821 -0.0918487307836
v -0.16606688452 -0.106954177117 -0.0862158415099
v -0.163039350445 -0.100149459802 -0.085083545467
v -0.162428995558 -0.0985082565783 -0.0805235765819
v -0.165257058599 -0.104807975888 -0.0806700295375
v -0.162100283326 -0.100387097623 -0.0732633258601
v -0.159810588687 -0.0955786644848 -0.0723346463661
v -0.158821912519 -0.0944724888501 -0.0692426134858
v -0.160421949885 -0.0980366902645 -0.0693254723889
v -0.154635296742 -0.0908908389568 -0.0591992706087
v -0.154813806521 -0.0915883698618 -0.0586955143448
v -0.155076396994 -0.092614447932 -0.0579544815797
v -0.156451093641 -0.0979649555021 -0.0544679449018
v -0.144005808883 -0.0564438347854 0.0424663285898
v -0.146038673703 -0.0538219341181 0.0511330036684
v -0.143283611432 -0.0538018050418 0.0437713596942
v -0.144882428216 -0.0509843049049 0.0515143111793
v -0.145291193717 -0.0502639616709 0.0534939322769
v -0.146891231083 -0.0538281630853 0.0534110733738
v -0.148315604709 -0.0530685130661 0.0599909478315
v -0.146047043928 -0.0476265171972 0.0607659302317
v -0.146438146064 -0.0462618153664 0.0645287047741
v -0.149266209105 -0.0525615346763 0.0643822518184
v -0.148849251338 -0.0506918346002 0.0699921554989
v -0.145870522124 -0.043898442615 0.0710851410196
v -0.145473342113 -0.0422447343281 0.0756728358489
v -0.1484384457 -0.0488497215771 0.0755192861656
v -0.144560345141 -0.0438246411426 0.0831560420246
v -0.142324478719 -0.0392400461178 0.0840866072585
v -0.141239277596 -0.0382045324702 0.0869862675601
v -0.14265244149 -0.0413524594223 0.0869130860129
v -0.138060949607 -0.0367379527373 0.0911458917787
v -0.139559963221 -0.0424545595141 0.0927602863934
v -0.156707850809 -0.0963479962661 -0.102415639876
v -0.157848882388 -0.092411056324 -0.0932678303791
v -0.155642742947 -0.0925021953309 -0.0995490906488
v -0.156728629157 -0.0900550575294 -0.0928142001522
v -0.156967141191 -0.0895175501836 -0.0913348992672
v -0.158499898833 -0.0923841618353 -0.0914142740491
v -0.157157690343 -0.0888938706143 -0.0824633611362
v -0.155692301205 -0.0860895912349 -0.0818105540048
v -0.155471814451 -0.0854967171893 -0.0801632947488
v -0.156823285139 -0.0880242802681 -0.0802332814761
v -0.152471008884 -0.0821392801311 -0.0707784326601
v -0.152583318236 -0.0826205162898 -0.0696741752778
v -0.152659666465 -0.0829476620529 -0.0689234978455
v -0.153647481604 -0.0869192505049 -0.0640613842271
v -0.139128947663 -0.0387391348737 0.0538130479173
v -0.14039597636 -0.0359296397443 0.0630944609386
v -0.138526792028 -0.0365797426911 0.0557089354728
v -0.139339681841 -0.033743265684 0.0635297086495
v -0.139480964957 -0.0332502759775 0.0648889866071
v -0.140832435646 -0.0357778390562 0.0648189998798
v -0.140217153856 -0.0328895463949 0.0735629130601
v -0.138671365229 -0.0298794069933 0.0742404050718
v -0.138516161006 -0.0292331949392 0.0760331176819
v -0.140048918647 -0.0320998065909 0.0759537429001
v -0.135355057965 -0.0262168274913 0.0844795934615
v -0.135592634646 -0.0271898179472 0.0859795123765
v -0.135796739932 -0.0280257269891 0.087268112666
v -0.13734723134 -0.0339917076645 0.0899235483627
v -0.152676293341 -0.0818155632486 -0.0911126951152
v -0.152129904381 -0.0800954189783 -0.0849479677474
v -0.15168846675 -0.0787056829735 -0.079967371799
v -0.15199011707 -0.0800292483583 -0.0764252667678
v -0.135697617256 -0.0264592417617 0.0650849095569
v -0.134871479073 -0.0236940271208 0.0713528429952
v -0.134225313156 -0.0215312080042 0.076255321834
v -0.134724875769 -0.0236031452216 0.0798920180101
v -0.125591765705 0.0255058013765 -0.0909256198938
v -0.125127942461 0.0217654176932 -0.0933486534251
v -0.124497760266 0.0243790999629 -0.0979362288766
v -0.125583646476 0.0268262377645 -0.0912013383799
v -0.12582215851 0.0273637451103 -0.089722037495
v -0.125779926009 0.0256995851304 -0.0897198504593
v -0.125627505074 0.0196934804758 -0.089711957249
v -0.124460931721 0.0294323592145 -0.0798328290267
v -0.124981339157 0.0218562995924 -0.0848094784102
v -0.124547318523 0.030791704059 -0.0801976922325
v -0.12432683177 0.0313845781046 -0.0785504329765
v -0.124289594319 0.0299172466927 -0.0785485046126
v -0.124155200975 0.0246215142333 -0.0785415449719
v -0.121326026203 0.0347420151627 -0.0691655708878
v -0.108188903596 0.0819406196131 0.0654038521159
v -0.107862701161 0.0781915208299 0.0629686313528
v -0.107381809347 0.0803015526027 0.0573217972451
v -0.10819469916 0.0831380296099 0.0651425704218
v -0.108335982276 0.0836310193164 0.0665018483794
v -0.108298744825 0.0821636879045 0.0665037767433
v -0.108164351481 0.0768679554451 0.066510736384
v -0.107451612114 0.0855007307645 0.0762385538349
v -0.10772291385 0.07825769145 0.0714913323324
v -0.107526382548 0.0870018883006 0.0758532668441
v -0.107371178325 0.0876481003547 0.0776459794542
v -0.107328945824 0.0859839403748 0.0776481664898
v -0.107176524889 0.0799778357202 0.0776560597002
v -0.104210075284 0.0906644678026 0.0860924552338
v -0.123377281634 0.034458752641 -0.101914776552
v -0.12250558689 0.0321539801361 -0.103380183778
v -0.121791868623 0.0349002252089 -0.104602527194
v -0.12326570615 0.035818236767 -0.102110384471
v -0.124084298529 0.0363281147231 -0.100726209483
v -0.124078552584 0.0342634774129 -0.100725911926
v -0.124056078298 0.0261879994607 -0.100724748081
v -0.125343375256 0.0355016095961 -0.0928529820929
v -0.124260183585 0.0253520904188 -0.0994361477915
v -0.125247861 0.0389503026462 -0.0935095547799
v -0.125858232355 0.0403258268977 -0.0897239056008
v -0.125846176201 0.0359938003561 -0.0897232812656
v -0.124835356579 0.0388482336163 -0.0821686397953
v -0.124973260501 0.0427054566686 -0.0831122699675
v -0.124362905614 0.044346659892 -0.0785523010824
v -0.124351406669 0.0402148500601 -0.0785517056026
v -0.121503302562 0.0448244551729 -0.0696322665949
v -0.121744498743 0.0472762519855 -0.0703633708667
v -0.120755822576 0.0483824276201 -0.0672713379863
v -0.120749316801 0.0460447675241 -0.0672710010809
v -0.120723870568 0.0369014073453 -0.0672696833323
v -0.116569206799 0.0519640775134 -0.0572279951092
v -0.106880082555 0.0900502636993 0.0538207524934
v -0.106205336627 0.0850815229765 0.0506047488121
v -0.105217521489 0.0890531114285 0.0457426351937
v -0.106816338273 0.0918706115654 0.0534855866788
v -0.107225103773 0.0925909547994 0.0554652077764
v -0.107218597998 0.0902532947033 0.0554655446819
v -0.107193151765 0.0811099345245 0.0554668624304
v -0.108040803575 0.0918430425058 0.0634107184409
v -0.107269499995 0.0807827887615 0.0562175398628
v -0.107980953985 0.095228399273 0.0627372057312
v -0.108372056121 0.0965931011038 0.0664999802735
v -0.108360557176 0.0924612912719 0.0665005757534
v -0.107712919411 0.095021934464 0.0739769267054
v -0.10780443218 0.0989564738553 0.0730564165191
v -0.10740725217 0.100610182142 0.0776441113483
v -0.107395196016 0.0962781556005 0.0776447356836
v -0.103983620316 0.101368050358 0.086773817241
v -0.104258388775 0.103614870352 0.0860578827579
v -0.103173187653 0.104650384 0.0889575430596
v -0.103167441708 0.10258574669 0.0889578406168
v -0.103144967422 0.0945102687377 0.0889590044613
v -0.099994859664 0.106116963733 0.0931171672781
v -0.121858826328 0.0456371804164 -0.103009217389
v -0.12029285501 0.0406168319857 -0.106216921808
v -0.118716233399 0.0466294029893 -0.107914898008
v -0.121470821398 0.0483451576601 -0.103257107505
v -0.123000762591 0.0492981145994 -0.100670097919
v -0.123345825771 0.0451676845422 -0.100687967224
v -0.124480662671 0.0460694432265 -0.0943774656295
v -0.123911533996 0.0513506161532 -0.0950213056029
v -0.124774696417 0.0532958267741 -0.0896677940367
v -0.125322515678 0.0467383924482 -0.0896961631886
v -0.12456178131 0.0488674926545 -0.0840794855351
v -0.124154758072 0.0549627992714 -0.0850362270183
v -0.123279369676 0.0573166597684 -0.0784961895182
v -0.123809285018 0.0509735365992 -0.0785236315048
v -0.121549745282 0.0545457297968 -0.0717529833647
v -0.121419769907 0.0593972641385 -0.0726803887343
v -0.119672286638 0.0613524274965 -0.0672152264222
v -0.120041764254 0.0569297549528 -0.0672343600441
v -0.115860605219 0.0627167495467 -0.0576708093247
v -0.115863779889 0.0646106051067 -0.058078935643
v -0.114945593816 0.0653961133136 -0.0558762836561
v -0.115079065214 0.0637984514726 -0.0558831955532
v -0.115847009348 0.054606107257 -0.0559229640048
v -0.11232620615 0.0675073546688 -0.0499512463044
v -0.103727927025 0.0998763267569 0.0434465302499
v -0.10340172459 0.0961272279737 0.0410113094867
v -0.102539414875 0.0994834554495 0.0388243001161
v -0.103585232547 0.101114734722 0.0433034517526
v -0.103875005705 0.10156672646 0.0445445265134
v -0.104008477103 0.0999690646192 0.0445376146162
v -0.104776421237 0.0907767204036 0.0444978461647
v -0.10581031529 0.100810896078 0.0524320575079
v -0.105039011709 0.0897506423334 0.0452388789297
v -0.105419075581 0.104287749362 0.0520223427664
v -0.106141567835 0.105560954676 0.0555213193405
v -0.106511045452 0.101138282132 0.0555021857186
v -0.107261505681 0.102333204634 0.0618315307073
v -0.106727590338 0.107605806671 0.0611594132132
v -0.107288520182 0.10956310098 0.0665560918377
v -0.107818435524 0.103219977811 0.0665286498511
v -0.107342491825 0.105131377435 0.0721295976933
v -0.106885392097 0.111241574815 0.0712124909097
v -0.106323716231 0.113580182018 0.0777002229125
v -0.106871535493 0.107022747693 0.0776718537606
v -0.104172928382 0.110956296065 0.0845594079344
v -0.104117882055 0.115685018943 0.0835942177305
v -0.102089651714 0.117620383876 0.0890136546237
v -0.102434714895 0.113489953819 0.0889957853182
v -0.0961493876253 0.120361407129 0.0967879518196
v -0.0979794135019 0.113582603448 0.0950410581663
v -0.119013780951 0.0580508611404 -0.103233667056
v -0.117636477301 0.0506881150252 -0.107981382191
v -0.115298634431 0.0594758690468 -0.108125330972
v -0.118196146757 0.0612806472244 -0.103225866732
v -0.119805470354 0.0622830492096 -0.100504627777
v -0.121037971235 0.0572744483819 -0.100568453581
v -0.122282433362 0.0578808418491 -0.0950261038083
v -0.120688031742 0.0642719770671 -0.0950307998144
v -0.12157940418 0.0662807613843 -0.0895023238949
v -0.123500389081 0.0584743194446 -0.0896018032603
v -0.122867758945 0.060209399512 -0.0850587877206
v -0.120989042039 0.0678682054612 -0.0850917210553
v -0.12008407744 0.0703015943786 -0.0783307193765
v -0.121944267307 0.0627422095095 -0.0784270504342
v -0.119852903626 0.0658902618347 -0.0727304366304
v -0.118309156145 0.0722874566405 -0.0727797460798
v -0.116476994401 0.0743373621067 -0.0670497562804
v -0.117792397601 0.0689918652735 -0.067117875231
v -0.11345129443 0.0747246964681 -0.0581810181362
v -0.112791653591 0.0774901712541 -0.0582089303381
v -0.111750301579 0.0783810479238 -0.0557108135144
v -0.112264315696 0.0762922124766 -0.0557374320464
v -0.108779547944 0.0807754922482 -0.0489909886951
v -0.110336107932 0.0749523621703 -0.0494124272681
v -0.100760147258 0.11240429148 0.0433025710359
v -0.101031448993 0.105161252166 0.0385553495333
v -0.099164965818 0.112188939047 0.0382224562339
v -0.100351069994 0.114039038935 0.0433024435065
v -0.100679713468 0.11455166107 0.0447099966551
v -0.101193727585 0.112462825623 0.0446833781231
v -0.10325194284 0.112957641608 0.0520196048393
v -0.102188773257 0.117210987769 0.0520182616448
v -0.102946275599 0.118545889286 0.0556867894823
v -0.104261678798 0.113200392453 0.0556186705317
v -0.10511200354 0.114099231007 0.0611509367603
v -0.103513346314 0.120524611396 0.0611425491313
v -0.104093227946 0.12254803559 0.0667215619795
v -0.105953417813 0.114988650721 0.0666252309217
v -0.105582744564 0.116534483961 0.0711933985586
v -0.103708456644 0.124150078676 0.0711659279176
v -0.103128423995 0.126565116629 0.0778656930543
v -0.105049408896 0.118758674689 0.0777662136889
v -0.102547087549 0.122234715761 0.0835353916111
v -0.101027826412 0.128569535367 0.083478495412
v -0.0988943594778 0.130605318487 0.0891791247655
v -0.100126860358 0.125596717659 0.0891152989617
v -0.0926458793312 0.133488562248 0.097356798511
v -0.0937061104184 0.129516024787 0.0971846542215
v -0.113353715303 0.07308574503 -0.101611997993
v -0.113391830136 0.0665176447676 -0.105907046567
v -0.111351633189 0.0740520358791 -0.103533579565
v -0.112630573905 0.0748486517461 -0.101370991939
v -0.113340917552 0.0752911046395 -0.100169856999
v -0.114778696278 0.072397987986 -0.10024431324
v -0.116959227571 0.0726020590371 -0.0936253508425
v -0.114542948228 0.0779999839667 -0.0927146145411
v -0.115114851377 0.0792888168141 -0.0891675531167
v -0.118372220176 0.0727342978576 -0.0893362379308
v -0.117529706775 0.0749444408897 -0.0836482983499
v -0.114189548338 0.081776894431 -0.0822546026942
v -0.113619524637 0.0833096498084 -0.0779959485982
v -0.116716218624 0.0770784427525 -0.07815631277
v -0.113333509144 0.0817253088642 -0.0705452110377
v -0.11088564712 0.0863684356859 -0.0694458899907
v -0.110012441598 0.0873454175366 -0.0667149855022
v -0.111669322341 0.0840114210186 -0.0668007880739
v -0.106314794044 0.0905087551039 -0.0578446367043
v -0.106596286934 0.0893922784877 -0.0567430797528
v -0.106923942075 0.0880927099493 -0.0554608775672
v -0.107959016343 0.0840110976413 -0.0518519131862
v -0.0958533539634 0.124263323096 0.0449599326023
v -0.0972921554592 0.128271611073 0.053837834442
v -0.0947086124557 0.128429297367 0.0474345179703
v -0.0961206983235 0.130917732668 0.0542731454311
v -0.096481722796 0.131553944716 0.0560215602605
v -0.0981386035381 0.128219948198 0.0559357576888
v -0.0997119518105 0.128892003209 0.0626020860683
v -0.0972634163542 0.134281566306 0.0635421957931
v -0.0976286751432 0.13555609102 0.0670563327577
v -0.100725369131 0.129324883964 0.0668959685859
v -0.100316599264 0.131202569333 0.0725567306781
v -0.0970360192248 0.13802368752 0.0739019050949
v -0.0966638711923 0.139573172059 0.0782004638325
v -0.0999212399911 0.133018653102 0.0780317790184
v -0.0957414036198 0.138336340908 0.0859083687152
v -0.0933715033518 0.14271479416 0.086997679506
v -0.0924298066752 0.143613373916 0.0895138955438
v -0.0938675854018 0.140720257263 0.0894394393025
v -0.0896717733106 0.144886016592 0.093123460831
v -0.0911370545503 0.139270723823 0.0952091397681
v -0.109885894531 0.0793660490418 -0.0999909365411
v -0.10854268724 0.0840981384265 -0.0941868247097
v -0.107287301854 0.0885208331932 -0.0887621987286
v -0.106528528361 0.0909598145971 -0.0811338281521
v -0.106178081238 0.0920862825381 -0.0776105889494
v -0.106102638937 0.0920632440646 -0.0719196276019
v -0.106030910226 0.0920413396425 -0.0665087994911
v -0.106120395343 0.0915582423423 -0.0637777046996
v -0.0925001914237 0.136249866822 0.0562277462717
v -0.0912879486453 0.140486164163 0.0621050753672
v -0.0901872317445 0.14433272375 0.0674416924065
v -0.0892451338474 0.14745173193 0.0752273323554
v -0.0888363216688 0.148805188438 0.0786058182206
v -0.0889065662647 0.148238577395 0.084230478835
v -0.0889747836548 0.147688318319 0.0896928160013
v -0.0893232784827 0.146287167455 0.0914081384161
v -0.161090948409 -0.1597641869 -0.103554812071
v -0.160104153251 -0.160255530987 -0.103829439969
v -0.159965134434 -0.159613832207 -0.10605105914
v -0.161909778405 -0.159001016417 -0.104418394275
v -0.163854422377 -0.158388200626 -0.102785729409
v -0.161492959715 -0.159817876309 -0.102663439636
v -0.160181366473 -0.160611940511 -0.102595517987
v -0.162419301922 -0.158127498913 -0.0940747812063
v -0.159862915464 -0.159821553214 -0.0950615364652
v -0.165913081703 -0.156426987825 -0.0974264684827
v -0.168032917897 -0.154407493959 -0.0919079472093
v -0.162682891046 -0.157646504856 -0.0916308928317
v -0.15971140258 -0.159445502092 -0.0914770125037
v -0.161590489932 -0.154482168537 -0.0831800594136
v -0.158908709341 -0.156802719603 -0.0845704115039
v -0.16751614728 -0.153190255735 -0.088523870651
v -0.166325261741 -0.150385159332 -0.0807253470836
v -0.161239133333 -0.153464400949 -0.0804619588466
v -0.158414218184 -0.155174659833 -0.0803156689064
v -0.158549437762 -0.148776913044 -0.0708345281637
v -0.157026072656 -0.150417875142 -0.0718352998442
v -0.163703208818 -0.14845816975 -0.0753099467378
v -0.160815486536 -0.14633593541 -0.0693458519224
v -0.15809416236 -0.147983478292 -0.0692049265035
v -0.156582696414 -0.148898549339 -0.069126654325
v -0.154928295289 -0.143157112982 -0.0603621162797
v -0.144388207145 -0.103981285452 0.0523155136157
v -0.143106980245 -0.104801305367 0.0518399323929
v -0.1433221137 -0.105236570719 0.0449170383949
v -0.146035670266 -0.10310747032 0.050719650276
v -0.147284767733 -0.102127408231 0.0533906938403
v -0.144563443558 -0.103774951113 0.0535316192592
v -0.143051977611 -0.10469002216 0.0536098914378
v -0.145100240125 -0.101770711249 0.0621997337124
v -0.142623555676 -0.103489283105 0.0611931935333
v -0.148771113905 -0.100183386805 0.0587208361006
v -0.150334412247 -0.0981387181202 0.0643269342724
v -0.145248283839 -0.101217959738 0.0645903225093
v -0.14242336869 -0.102928218621 0.0647366124495
v -0.144485683034 -0.0983248840969 0.0729539449779
v -0.141708998684 -0.100614196814 0.0715884878244
v -0.150096675469 -0.0968700361037 0.0678443367017
v -0.149581937712 -0.094123138715 0.0754600697399
v -0.14423191086 -0.0973621496117 0.0757371241174
v -0.141260422395 -0.0991611468477 0.0758910044455
v -0.141056105671 -0.0922578537793 0.0855542749738
v -0.139712887836 -0.0938179535077 0.0845978628718
v -0.146374803942 -0.0921630936186 0.0809857681919
v -0.1429433115 -0.0900659313489 0.0868980231334
v -0.140581848838 -0.0914956070319 0.0870203129061
v -0.139270255597 -0.0922896712337 0.0870882345557
v -0.138285274555 -0.0887798514942 0.0906059812556
v -0.158860460123 -0.150796333328 -0.114533473004
v -0.157873664966 -0.151287677415 -0.114808100903
v -0.157563759248 -0.150087644796 -0.115479612635
v -0.159013586864 -0.149849362768 -0.114867132448
v -0.161623934091 -0.149420347054 -0.113764390342
v -0.160027784948 -0.151434313708 -0.113681732793
v -0.158431635804 -0.153448280362 -0.113599075244
v -0.164155701034 -0.152853408369 -0.107654966966
v -0.159198385119 -0.156531056285 -0.109825067192
v -0.165902489505 -0.148072045587 -0.110172243294
v -0.167366228476 -0.153957123237 -0.102967590413
v -0.167985728633 -0.153546151577 -0.0998155592378
v -0.16952470723 -0.152525204963 -0.0919852004224
v -0.16929742357 -0.151893951975 -0.0903246035107
v -0.167995424114 -0.148277805305 -0.0808118374526
v -0.167237360097 -0.147102143075 -0.0786224145576
v -0.164084056671 -0.14221176488 -0.0695151168046
v -0.161933597949 -0.139289967566 -0.0647929752471
v -0.163505816447 -0.129382367251 -0.0583910041663
v -0.158909757082 -0.135181518502 -0.0581529944512
v -0.154313697716 -0.140980669753 -0.0579149847361
v -0.154875305746 -0.129844063241 -0.0498128974036
v -0.153722480877 -0.138881379649 -0.05566578559
v -0.161895440395 -0.128569017549 -0.0560890272437
v -0.155453025238 -0.125315158647 -0.0468798173827
v -0.153405152162 -0.127899095182 -0.0467737670364
v -0.151357279085 -0.130483031718 -0.0466677166901
v -0.148874805538 -0.121698477017 -0.0366625017145
v -0.144364597173 -0.0999419472645 0.0295383810744
v -0.142656052685 -0.101844595935 0.0283752910672
v -0.142454496189 -0.100721585508 0.0215758375569
v -0.145480042763 -0.0982813813883 0.0282290490324
v -0.146842567818 -0.0971824595328 0.0312252571935
v -0.144794694742 -0.0997663960681 0.0313313075399
v -0.142746821665 -0.102350332603 0.0314373578862
v -0.14674292342 -0.0992829402849 0.038329829214
v -0.142945182924 -0.103333459355 0.0358613121731
v -0.149077897539 -0.0955954088208 0.0355437258362
v -0.152435228336 -0.0932117541046 0.0420298060032
v -0.147839168971 -0.0990109053554 0.0422678157183
v -0.143243109605 -0.104810056606 0.0425058254334
v -0.149052902776 -0.0985602921687 0.0471660999357
v -0.14326801307 -0.104944501272 0.043265881693
v -0.152782848767 -0.0929390054883 0.0427731501695
v -0.150553337869 -0.098003237701 0.0532214289582
v -0.150954839589 -0.0974576956689 0.0562699690782
v -0.15200457462 -0.0960313640933 0.0642404439034
v -0.151855005235 -0.0954223009996 0.0660308098722
v -0.151073727044 -0.0922408497183 0.0753828165267
v -0.150233063105 -0.091038448328 0.0774456744223
v -0.1464551176 -0.0856348539595 0.0867161621297
v -0.139718431181 -0.0783741769071 0.0946924547697
v -0.138252692523 -0.0730601637444 0.0982350977936
v -0.13665654338 -0.0750741303984 0.0983177553427
v -0.135060394236 -0.0770880970523 0.0984004128919
v -0.133765542479 -0.072332417729 0.100392948477
v -0.157958325351 -0.14019179177 -0.116032103072
v -0.155401938893 -0.14188584607 -0.117018858331
v -0.154373386217 -0.137983587487 -0.117751201922
v -0.157658052454 -0.137443746114 -0.116363593513
v -0.163571941326 -0.136471786816 -0.113865269075
v -0.162583677435 -0.143040856119 -0.113814091232
v -0.165755240347 -0.144578298005 -0.110794220171
v -0.165389440113 -0.135899038296 -0.112339351501
v -0.163645712742 -0.128452465367 -0.0583982487805
v -0.162823467111 -0.127480465622 -0.0571156410801
v -0.157401032473 -0.112366598408 -0.0469806961161
v -0.15628931671 -0.119756262202 -0.0469231252426
v -0.152004089568 -0.11453243064 -0.0396690054779
v -0.154663794131 -0.110861674571 -0.0427292071903
v -0.150011906416 -0.108304083368 -0.035503877634
v -0.149528845571 -0.111515027526 -0.0354788620358
v -0.148307344237 -0.119634444808 -0.0354156058502
v -0.144214577658 -0.104405651854 -0.0242093863637
v -0.144807812666 -0.107002012075 -0.0259344807157
v -0.144263419298 -0.104310803268 -0.0242714566435
v -0.144179602352 -0.104252578462 -0.0241076801208
v -0.144166291708 -0.104341055381 -0.024106990821
v -0.144132633485 -0.104564784287 -0.0241052478096
v -0.143983721519 -0.104037735765 -0.0235070176179
v -0.140470222693 -0.0922983507761 0.00929973499809
v -0.140436836833 -0.0924769842531 0.00918454546572
v -0.140424472945 -0.0924087055834 0.0087787671875
v -0.140479541437 -0.0922280667505 0.00927672071053
v -0.140489406315 -0.0921957074131 0.00936592326908
v -0.140476095671 -0.0922841843319 0.00936661256884
v -0.140442437448 -0.0925079132377 0.00936835558028
v -0.142798623205 -0.0915928555001 0.0181239249395
v -0.14134644288 -0.0962153732552 0.0151708965734
v -0.142988470564 -0.0892414427803 0.0174582199023
v -0.143861579688 -0.0882092982862 0.0202854613491
v -0.143378518843 -0.0914202424448 0.0203104769472
v -0.142157017508 -0.0995396597265 0.0203737331329
v -0.145823452574 -0.0915358392225 0.0264913898011
v -0.142315406961 -0.10016896391 0.0210137812257
v -0.146084058766 -0.0864167948587 0.0251727182288
v -0.148790575054 -0.0842338992944 0.0311243784602
v -0.14767885929 -0.0916235630879 0.0311819493337
v -0.149227301739 -0.0918317468289 0.034610289652
v -0.149550322332 -0.0836944900751 0.0325921461764
v -0.152575124631 -0.09228185222 0.042022561389
v -0.152813967018 -0.0922978834684 0.0426092968481
v -0.140200699758 -0.060111603506 0.0981342190603
v -0.139212435867 -0.0666806728093 0.0981853969039
v -0.130034808248 -0.0584628538617 0.103022951492
v -0.132935791299 -0.0692476933121 0.100977886446
v -0.154899025075 -0.127578607821 -0.116116042213
v -0.152217244484 -0.129899158887 -0.117506394303
v -0.150888974895 -0.124918827354 -0.117355583013
v -0.154011619832 -0.124405614501 -0.116036420559
v -0.159633796884 -0.123481598616 -0.113661329883
v -0.162380180721 -0.13254069826 -0.113803553031
v -0.164836446999 -0.133958244831 -0.112281925377
v -0.161668613745 -0.122840366637 -0.111952958559
v -0.153462888032 -0.0993764102091 -0.0467767569234
v -0.156570145067 -0.109625870144 -0.046937668109
v -0.152920273643 -0.105621014763 -0.0423601074138
v -0.150256208512 -0.0976133892944 -0.0417961301898
v -0.146073761975 -0.0953138951683 -0.0352999384413
v -0.147343341646 -0.0995016742376 -0.0353656843928
v -0.140681435296 -0.0915680277115 -0.0247634473375
v -0.140909224522 -0.0924271140374 -0.0246965585741
v -0.14310428434 -0.100705582269 -0.0240519941269
v -0.143840254013 -0.103494142928 -0.023595922684
v -0.139414088303 -0.0886487112197 0.00942160926292
v -0.140058721066 -0.0792770787909 0.0178305212748
v -0.136805651906 -0.0789047924605 0.0103936106343
v -0.139138435165 -0.0761470966227 0.0179474676909
v -0.139923435246 -0.0752191100868 0.0204894005417
v -0.141193014918 -0.0794068891561 0.0204236545903
v -0.144319375991 -0.0803708001798 0.0253875192532
v -0.142264592449 -0.0733308887974 0.0256376319735
v -0.144852430612 -0.071243711095 0.0313283176529
v -0.147959687647 -0.0814931710299 0.0311674064673
v -0.14902069784 -0.0818748481121 0.0326555234109
v -0.145742475881 -0.0706117922485 0.0330478101068
v -0.136262555317 -0.0471214153067 0.098338158253
v -0.139008939154 -0.0561805149507 0.0981959351043
v -0.126598112307 -0.0455539928176 0.10298574631
v -0.128709192166 -0.0534835964336 0.10300860056
v -0.149627484619 -0.112905498756 -0.114749171896
v -0.148104119514 -0.114546460854 -0.115749943576
v -0.147214631569 -0.111233507864 -0.115237099379
v -0.148885397321 -0.110958914218 -0.114531283798
v -0.151893533393 -0.110464521123 -0.113260495655
v -0.155950274462 -0.117286887431 -0.113470576445
v -0.16054589524 -0.120198582359 -0.111558397357
v -0.15587574598 -0.109209606192 -0.109917149174
v -0.15377541575 -0.09042654132 -0.0578871094788
v -0.152930237053 -0.0899996684531 -0.0566789557347
v -0.145722624541 -0.0863593327156 -0.0463759226953
v -0.150775637147 -0.0948571644437 -0.0466375960104
v -0.138363077311 -0.0823130800085 -0.0349450461603
v -0.13836923189 -0.082337157176 -0.0349271574928
v -0.138378089132 -0.0823718073604 -0.0349014133669
v -0.139571582745 -0.0871368880172 -0.0296483611366
v -0.132227762404 -0.062277022279 0.0208879256161
v -0.138220785326 -0.0649275841821 0.0272967774518
v -0.132202902628 -0.0621861189872 0.0209336231843
v -0.135587808259 -0.0594560798142 0.0283770693307
v -0.137112167121 -0.0582266336016 0.031729151881
v -0.142165179728 -0.0667244653296 0.0314674785658
v -0.14442046676 -0.0678268280655 0.0335821422584
v -0.139169817763 -0.0567657323813 0.0357043595176
v -0.142704827639 -0.0542559281733 0.0425337006907
v -0.142887270356 -0.0541127806645 0.0429238323331
v -0.128522291826 -0.0341043378132 0.0987389924811
v -0.132579032894 -0.0409267041213 0.0985289116903
v -0.123351348371 -0.0332656911315 0.101225676403
v -0.125564146888 -0.0416406565709 0.102425233918
v -0.144261452037 -0.100270230781 -0.112865263704
v -0.153011644806 -0.103418553278 -0.108707618979
v -0.143384785608 -0.0970401191011 -0.11170805829
v -0.148984324456 -0.0952755360323 -0.107006853094
v -0.154583863305 -0.0935109529635 -0.102305647898
v -0.154883942294 -0.0932250781973 -0.101524459104
v -0.151544927464 -0.0814586877481 -0.0688657704118
v -0.150811499559 -0.0810626691755 -0.067746574154
v -0.14401934689 -0.0773952076755 -0.05738188555
v -0.152824608955 -0.0891565338247 -0.0578378713736
v -0.136156711364 -0.0734240406562 -0.0461425197453
v -0.136185272059 -0.0735379918064 -0.0460182761983
v -0.136216224537 -0.0736614856637 -0.0458836280193
v -0.137277890276 -0.077939888644 -0.0404742596
v -0.127605767117 -0.0455287865497 0.032221446557
v -0.134901424562 -0.0491986622211 0.0377345671236
v -0.127488161313 -0.0451015371631 0.0324895104964
v -0.131131313329 -0.0425149536507 0.0395277731716
v -0.132948758779 -0.0412245945289 0.0430389246195
v -0.141754020844 -0.052985920678 0.0425829387959
v -0.142458118099 -0.0533614864963 0.0431299896856
v -0.134727919394 -0.0398286363152 0.0468434439924
v -0.138014208662 -0.0372501605688 0.0538707753509
v -0.138136378791 -0.0370903718519 0.0543088860535
v -0.133672752429 -0.0251886836866 0.087378104644
v -0.124135501453 -0.0248060694235 0.0965508608383
v -0.120458712924 -0.0222497312599 0.0983952238927
v -0.120260087069 -0.0214854587182 0.0980550490414
v -0.120890210469 -0.0239100474713 0.0991342244319
v -0.122850234034 -0.0313607807373 0.100799834126
v -0.143722864318 -0.0850047953816 -0.104706202069
v -0.14257003945 -0.0940421117894 -0.110559090255
v -0.139310593936 -0.0820483866453 -0.105962568172
v -0.141805588873 -0.0812621387163 -0.10386784511
v -0.14430058381 -0.0804758907873 -0.101773122048
v -0.15252744006 -0.0909042354392 -0.102199154776
v -0.153901513969 -0.0916090513348 -0.101030284812
v -0.146094437603 -0.0787669489645 -0.0971032233344
v -0.148479079331 -0.0764951841208 -0.0908953398481
v -0.148118790364 -0.0756465338908 -0.088535984636
v -0.146771423175 -0.0724728494933 -0.0797127397225
v -0.144858549239 -0.0710670471487 -0.0757620268727
v -0.141261647969 -0.0684236255718 -0.0683332445613
v -0.150465648424 -0.0800905960414 -0.0688098792937
v -0.133928655529 -0.0644641345583 -0.0571432453244
v -0.133954783774 -0.0645701382345 -0.0569969371313
v -0.133978893018 -0.0646679507175 -0.0568619345713
v -0.135067802191 -0.0690459956868 -0.0515022271583
v -0.122908304907 -0.0284973375708 0.0435588755982
v -0.130165157437 -0.0321503893908 0.049101578301
v -0.122795109886 -0.0280878220846 0.0438486498027
v -0.126175073089 -0.025435848252 0.0510762915214
v -0.127730929167 -0.0242150983926 0.0544033012014
v -0.136934929622 -0.0358820688622 0.053926666469
v -0.137546843304 -0.0361502554594 0.0546117726599
v -0.129011858869 -0.022539745212 0.0589968055052
v -0.130780573681 -0.0202264082815 0.0653395416335
v -0.130607136874 -0.0193008629802 0.0679056025132
v -0.130028099146 -0.0162108288764 0.076472677101
v -0.127792107245 -0.014844298736 0.0803251565645
v -0.123389472934 -0.0121536215103 0.0879106304945
v -0.131616329183 -0.0225819661622 0.087484597766
v -0.117413171479 -0.0105035699975 0.0926679726504
v -0.118551054783 -0.014892919605 0.0948211324796
v -0.135736656752 -0.0688755165548 -0.101329633904
v -0.140851648141 -0.0696931627801 -0.0945623101431
v -0.135203161612 -0.0669480479671 -0.0999155535869
v -0.137823294516 -0.0644519389089 -0.0930946212861
v -0.138859464989 -0.0634648155081 -0.0903971822991
v -0.144915575742 -0.07166819588 -0.0907108016587
v -0.143998320501 -0.0697496004756 -0.0862747511459
v -0.137702323313 -0.0607392017983 -0.0828196306937
v -0.137151808832 -0.0594424808807 -0.0792145821734
v -0.142596772471 -0.0668180243027 -0.0794965529099
v -0.131673774723 -0.05541658401 -0.0679006427996
v -0.131677767034 -0.0554335964602 -0.0678631402919
v -0.131680541147 -0.0554454178003 -0.0678370811475
v -0.132816913705 -0.0600041815002 -0.062431581466
v -0.118149822344 -0.011236890621 0.0548994646152
v -0.123530656264 -0.0133345779238 0.0617134705416
v -0.118128883429 -0.0111617514564 0.0549644610051
v -0.120438288396 -0.00814123522443 0.0632461501869
v -0.121160959339 -0.00719603966884 0.0658376991825
v -0.126605922977 -0.0145715830909 0.0655557284461
v -0.126548254482 -0.0132708283679 0.0700856776648
v -0.120660087293 -0.00452313663338 0.0732482839532
v -0.120408484803 -0.00318046026371 0.0769708346501
v -0.126464595557 -0.0113838406356 0.0766572152904
v -0.11459949654 0.000369712500639 0.0869793717923
v -0.114719854176 -0.000121707906888 0.087711341561
v -0.114825545875 -0.000553247277848 0.0883541186388
v -0.116609696737 -0.00741392945323 0.0913284926525
v -0.130831647945 -0.0505985304222 -0.0900813519619
v -0.131424882953 -0.0531948906432 -0.0918064463139
v -0.130695923936 -0.0505414367985 -0.0902419225202
v -0.13076812117 -0.0504726570168 -0.0900539731062
v -0.130796672638 -0.0504454570305 -0.0899796457189
v -0.130912544278 -0.0506325602513 -0.0899856462019
v -0.130330393798 -0.0493471507248 -0.0869262149703
v -0.129756783094 -0.0475878461778 -0.0795898632392
v -0.129697257455 -0.0474052768381 -0.07882854372
v -0.130649629602 -0.0512654737296 -0.0735630048687
v -0.113706407961 0.00484116437374 0.0662237376359
v -0.112466043743 0.0096063270652 0.0772306745551
v -0.112551157091 0.00874243643476 0.0743484469029
v -0.112352625309 0.00980190103729 0.0772857970965
v -0.112345692453 0.00983889821389 0.0773883712303
v -0.112461564093 0.00965179499312 0.0773823707473
v -0.112185626953 0.00993672250847 0.0776641544529
v -0.113458329972 0.00489255501069 0.0825755652803
v -0.130482067714 -0.0497532747859 -0.0899633537125
v -0.1304573243 -0.0496870214963 -0.0894678882821
v -0.112031087529 0.0105310804585 0.0774046632366
v -0.112137447733 0.0101220195805 0.0775832554549
v -0.120395828123 -0.0115876686289 -0.0895082133991
v -0.120362442263 -0.0117663021059 -0.0896234029315
v -0.120314263043 -0.0115810050339 -0.0897043019294
v -0.120386460276 -0.0115122252521 -0.0895163525154
v -0.120415011745 -0.0114850252659 -0.0894420251281
v -0.120423183797 -0.0115899034961 -0.0894424483228
v -0.120468802467 -0.0121753629839 -0.0894448107132
v -0.119948732905 -0.0103867189601 -0.0863885943795
v -0.101977878445 0.0486659302939 0.0778381418101
v -0.102042565696 0.0480427389709 0.0774277408055
v -0.102169496197 0.0477028681994 0.0748860674937
v -0.101970964416 0.0487623328019 0.0778234176873
v -0.10196403156 0.0487993299785 0.077925991821
v -0.101972203612 0.0486944517483 0.0779255686264
v -0.102017822282 0.0481089922605 0.077923206236
v -0.10180396606 0.0488971542731 0.0782017750436
v -0.120493740349 -0.001914319781 -0.0916626843907
v -0.119041560024 -0.00653683753608 -0.0946157127569
v -0.117900393456 -0.00201399502603 -0.0990195192689
v -0.12052052636 0.000482114032141 -0.0921985869681
v -0.121556696832 0.00146923743292 -0.0895011479812
v -0.121261096471 -0.00188482646113 -0.0894858401376
v -0.119984326496 0.00143360335628 -0.0809774271224
v -0.120399555157 0.00419485114271 -0.0819235963758
v -0.119849040676 0.00549157206038 -0.0783185478555
v -0.119583270567 0.00247598058839 -0.0783047847896
v -0.118793482034 -0.00648544689913 -0.0782638851125
v -0.114371006567 0.00951746893105 -0.0670046084817
v -0.10306760639 0.0545421680147 0.0646820495337
v -0.101850260393 0.0496211912042 0.0615228573921
v -0.100826115273 0.0537723014846 0.055860495323
v -0.10313552024 0.0567928177166 0.0641421845048
v -0.103858191183 0.0577380132722 0.0667337335005
v -0.103592421073 0.0547224218002 0.0667474965664
v -0.102802632541 0.0457609943127 0.0667883962434
v -0.103007509841 0.0574717098164 0.0750726399749
v -0.102743106902 0.0459435636525 0.0675497157627
v -0.103357319137 0.0604109163076 0.0741443182712
v -0.103105716647 0.0617535926773 0.077866868968
v -0.102810116286 0.0583995287833 0.0778821768115
v -0.0972967283842 0.0653037654417 0.0878754061103
v -0.101075007043 0.0515506081179 0.0797662988373
v -0.117598737747 0.00767229559841 -0.102205550122
v -0.115890193259 0.00576964692784 -0.103368640129
v -0.115086718517 0.00885928747212 -0.104708120127
v -0.117581713454 0.00964553540114 -0.102613397065
v -0.120076708392 0.0104317833302 -0.100518674003
v -0.11933075851 0.00685387249599 -0.100480044537
v -0.11767434412 -0.00109103524754 -0.100394266115
v -0.121288081433 0.00711055006858 -0.0942738804621
v -0.11778003582 -0.0015225746185 -0.0997514890376
v -0.121870562185 0.012140725153 -0.0958487752893
v -0.124255203913 0.0144124899966 -0.089640891803
v -0.122773450975 0.00730533706256 -0.0895641583306
v -0.122014493135 0.0093077355393 -0.0843990900771
v -0.123894914945 0.0152611402266 -0.0872815365909
v -0.122547547756 0.0184348246241 -0.0784582916773
v -0.121130768254 0.0116393134809 -0.0783849228936
v -0.118146390756 0.0157830979652 -0.0715111709454
v -0.12063467382 0.0198406269687 -0.0745075788276
v -0.117037772551 0.0224840485456 -0.0670787965162
v -0.116203222531 0.0184811716329 -0.0670355788385
v -0.114350067652 0.00959260809564 -0.0669396120918
v -0.10970478011 0.0264435395592 -0.0558887972793
v -0.101684422005 0.0627210554509 0.0531477181437
v -0.0996829762906 0.0583598989748 0.0503914339894
v -0.0985712344672 0.0628198520329 0.0451030978478
v -0.101951197671 0.0654718258654 0.0523307395665
v -0.103507053748 0.0666925757249 0.0556577492465
v -0.102672503728 0.0626896988121 0.0557009669242
v -0.100819348849 0.0538011352749 0.0557969336709
v -0.104074370528 0.0633692403602 0.0619315442771
v -0.100822122962 0.0537893139348 0.0558229928153
v -0.104787983451 0.0683679289054 0.0602512535503
v -0.106556698263 0.0706812658359 0.0665939896786
v -0.10513991876 0.0638857546928 0.0666673584624
v -0.104760778903 0.0656036748874 0.0718325692485
v -0.106383261456 0.0716068111372 0.0691600505583
v -0.105804223727 0.074696845241 0.0777271251461
v -0.10432247079 0.067589692307 0.0778038586185
v -0.100663088408 0.0722928180459 0.0848710545858
v -0.103568231827 0.0760633753815 0.0815796046096
v -0.0991655975154 0.0787540526071 0.0891650785396
v -0.0984196476337 0.075176141773 0.0892037080056
v -0.096763233244 0.0672312340294 0.089289486427
v -0.0931892960602 0.0804041041199 0.0939224206955
v -0.117746575708 0.01729915615 -0.104392762915
v -0.113948835212 0.0132486370796 -0.106861279956
v -0.112239802927 0.0198411761928 -0.110095196518
v -0.117839341775 0.0216057592616 -0.105393991322
v -0.123438880624 0.0233703423303 -0.100692786126
v -0.121420534554 0.0156031942152 -0.100588264854
v -0.122461442312 0.015782496034 -0.0971336415442
v -0.123738959613 0.0236562170965 -0.0999115973313
v -0.1247119456 0.0161701570245 -0.0896645444477
v -0.124485326699 0.0167715411789 -0.0881097468523
v -0.123082621445 0.0204939346302 -0.078486000792
v -0.122115583904 0.0218517076536 -0.0762044670719
v -0.120399944783 0.0354226075458 -0.0672529086395
v -0.118274782348 0.0272444008241 -0.067142855817
v -0.114827029993 0.0315120199262 -0.0610733812736
v -0.119666516878 0.0358186261184 -0.0661337123817
v -0.112874364209 0.0394860876183 -0.0557690237777
v -0.111781759963 0.0352814474277 -0.0557124426058
v -0.109591585089 0.0268530550455 -0.0555990230748
v -0.105011728683 0.0434572546377 -0.044529657973
v -0.0996204130457 0.0715338919732 0.0420598783867
v -0.0974320878049 0.0674017131615 0.0394620796817
v -0.0963431786317 0.0717797581308 0.0341023722687
v -0.0999863306477 0.0743663416432 0.0411406349439
v -0.101803776098 0.075656700765 0.0446517863918
v -0.100711171852 0.0714520605743 0.0447083675637
v -0.098520996978 0.0630236681921 0.0448217870947
v -0.102793875682 0.0714525085401 0.0503298680501
v -0.0985451062222 0.0629258557091 0.0449567896547
v -0.103582936713 0.0770526589786 0.0484563057647
v -0.106869225981 0.079631134725 0.0554836371232
v -0.104744063546 0.0714529280033 0.0555936899457
v -0.105458645455 0.0718447939321 0.0589334636321
v -0.106991396109 0.079790923442 0.0559217478258
v -0.107091771951 0.072740375842 0.0665662805639
v -0.106962563356 0.0733180053237 0.068298357598
v -0.106260965415 0.0764545122689 0.0777034725015
v -0.105199601481 0.077833168383 0.0798057043217
v -0.102527769748 0.0916926116073 0.0889909664163
v -0.100509423677 0.0839254634922 0.0890954876888
v -0.0891151043881 0.0953958365757 0.0996679108137
v -0.0899298505462 0.092397829264 0.0985189427785
v -0.110930882862 0.0305365181262 -0.11236440038
v -0.109649655962 0.0297164982119 -0.112839981602
v -0.109148541625 0.0316214086061 -0.113265823879
v -0.110819307378 0.0318960022522 -0.112560008298
v -0.11382744345 0.0323903953475 -0.111289220155
v -0.113128365691 0.0291989357644 -0.11125301799
v -0.111609679526 0.0222657649459 -0.111174371908
v -0.117826066778 0.0269896578381 -0.106535153127
v -0.112041177072 0.0206054487345 -0.110435371369
v -0.117809656037 0.0336453102782 -0.107945873674
v -0.123633432065 0.0242585168606 -0.10070286109
v -0.123817619306 0.0242842129664 -0.100113295281
v -0.120502051824 0.0358887509609 -0.0672581963144
v -0.120153235243 0.0363170492229 -0.0666566196447
v -0.115709325806 0.0524283751503 -0.0559158339793
v -0.113870100449 0.0440318651467 -0.0558205885814
v -0.110090762867 0.0485602927564 -0.0497063700963
v -0.114864147109 0.0528552480172 -0.0547076802352
v -0.107656534597 0.0564955837546 -0.0444046471958
v -0.106785774382 0.0525203521005 -0.0443595543512
v -0.104894122879 0.0438845040243 -0.0442615940336
v -0.100296987368 0.0605418364618 -0.0329737706608
v -0.0972234454339 0.0806567625947 0.0311903962776
v -0.0952219997195 0.0762956061186 0.0284341121234
v -0.0941368126844 0.0806687974831 0.0229048986837
v -0.0975217183151 0.0833988366561 0.0303483448302
v -0.0990460771774 0.0846282828687 0.0337004273805
v -0.0981753169619 0.0806530512145 0.0337455202251
v -0.0962836654593 0.0720172031383 0.0338434805427
v -0.100563387397 0.080420362112 0.0393512071171
v -0.0963146179367 0.071893709281 0.0339781287217
v -0.10110372782 0.086089184089 0.037675635017
v -0.104638737695 0.0885989882969 0.0445049761902
v -0.102799512338 0.0802024782934 0.0446002215881
v -0.103913615029 0.0801743841391 0.0475052725106
v -0.104821180413 0.0887421358058 0.0448951078326
v -0.106971333022 0.0800972781401 0.0554783494483
v -0.10704377002 0.0801333265747 0.0558036637654
v -0.102722321188 0.0925807861375 0.0889808914522
v -0.0998996764382 0.0954062906899 0.0915423680549
v -0.0904562018821 0.108750578657 0.100710267981
v -0.0897571241235 0.105559119074 0.100746470145
v -0.0882384379585 0.0986259482555 0.100825116227
v -0.0852852584271 0.109589225339 0.103196951902
v -0.109412427556 0.0417149459016 -0.113458841216
v -0.106935743107 0.0399963740455 -0.114465381395
v -0.105901777689 0.0439097102922 -0.115025893786
v -0.109024422626 0.0444229231453 -0.113706731333
v -0.114646599679 0.0453469390305 -0.111331640656
v -0.114226686614 0.038705199915 -0.111309895204
v -0.117497515306 0.0370601079097 -0.108409944917
v -0.116681416539 0.0459881710099 -0.109623269332
v -0.115742141573 0.0529474201084 -0.0559175333637
v -0.115241960449 0.0535282802598 -0.0551748366704
v -0.108475690826 0.0694521274376 -0.0444470676967
v -0.108000601435 0.0619376677632 -0.0444224649052
v -0.103456261694 0.0673761042234 -0.0370944778556
v -0.105269011306 0.0712151483523 -0.0394664409632
v -0.101086564769 0.0735146424784 -0.0329702492147
v -0.100892450209 0.0704443444196 -0.0329601968747
v -0.100272127592 0.0606327397536 -0.0329280730927
v -0.0956942380896 0.0772605099351 -0.0224337581109
v -0.0941456532479 0.0904135823024 0.0207674058016
v -0.0929283072512 0.0854926054918 0.01760821366
v -0.0918184547002 0.0899237451861 0.0127232998609
v -0.0941512379595 0.092681441024 0.0202771569176
v -0.0949362380403 0.0936094275598 0.0228190897684
v -0.0947421234801 0.0905391295011 0.0228291421083
v -0.0941218008639 0.080727524835 0.0228612658903
v -0.0973829056718 0.090272801076 0.028995561478
v -0.0941306581056 0.0806928746506 0.0228870100162
v -0.0972773952435 0.0954976488493 0.0279673212002
v -0.099865233406 0.0975848265517 0.0336580068795
v -0.0993901440151 0.0900703668773 0.0336826096711
v -0.100997668884 0.0897805010759 0.036976141766
v -0.100755278676 0.0982167453981 0.0353774993334
v -0.104671553462 0.089118033255 0.0445032768058
v -0.104813281735 0.0891011801466 0.0448250028324
v -0.0912753581107 0.12170712234 0.10066784748
v -0.090855445046 0.115065383225 0.100689592932
v -0.081610915101 0.123274544829 0.105315435536
v -0.0843957704821 0.112902178329 0.1037097961
v -0.10656738218 0.0541286266256 -0.113683290883
v -0.103790697829 0.0518393139082 -0.115048748037
v -0.102465081748 0.0568185713363 -0.115063098968
v -0.105749747986 0.0573584127096 -0.113675490559
v -0.111663636858 0.0583303720075 -0.111177166121
v -0.11370416251 0.0494489243901 -0.111282835977
v -0.116167192666 0.048063356151 -0.109627765056
v -0.113481135644 0.0589031205271 -0.109651248547
v -0.105492728005 0.0824355604146 -0.0442925931622
v -0.107788151882 0.0724446608119 -0.0444114630766
v -0.104243371627 0.0764077073512 -0.0397009316654
v -0.102755489662 0.0839404842516 -0.0400411042365
v -0.0981036019479 0.0864980754554 -0.0328157746802
v -0.0991010056317 0.0821568467318 -0.0328674258334
v -0.0923916491732 0.0903170092124 -0.0215772738421
v -0.09235511483 0.0904913555555 -0.0215833536896
v -0.0922712978834 0.0905495803611 -0.0214195771669
v -0.0922987811408 0.0904299586791 -0.0214210004041
v -0.0930858016926 0.0870044286943 -0.0214617567395
v -0.0920754170509 0.090764423058 -0.0208189146641
v -0.0885949487318 0.102473051725 0.0119661762119
v -0.0886596359825 0.101849860402 0.0115557752074
v -0.0885161684766 0.10239345324 0.0114668701413
v -0.088571236969 0.102574092073 0.0119648236643
v -0.0885811018464 0.10260645141 0.0120540262229
v -0.0886085851037 0.102486829728 0.0120526029858
v -0.0893956056555 0.0990612997432 0.0120118466503
v -0.0918550684134 0.102310977676 0.0201793353098
v -0.0915906654738 0.090782831512 0.0126564110975
v -0.0910801660957 0.105560716043 0.0201463228562
v -0.0919532752196 0.106592860537 0.0229735643029
v -0.0929506789033 0.102251631813 0.0229219131496
v -0.0958388257609 0.101475089175 0.0279179255165
v -0.0941757542979 0.108385363964 0.0278608211826
v -0.0968822705853 0.110568259529 0.033812481414
v -0.0991776944623 0.100577359926 0.0336936114997
v -0.1002710985 0.100221566039 0.0353623747989
v -0.0976420178639 0.111107668748 0.0352802491302
v -0.0882923952899 0.134690555317 0.100822322014
v -0.0903329209417 0.1258091077 0.100716652159
v -0.0781265037792 0.136339304961 0.105711054446
v -0.0802826455115 0.128254876361 0.105466246826
v -0.100907316531 0.0691635105152 -0.112061621821
v -0.0995640986965 0.0676034107867 -0.113018033923
v -0.0987343475171 0.0706881352036 -0.112433095954
v -0.100184175133 0.0709264172313 -0.111820615767
v -0.10279452236 0.0713554329455 -0.110717873661
v -0.10737894968 0.064622805329 -0.110955281004
v -0.112314762251 0.0614150623945 -0.109191561439
v -0.107073077775 0.0727037344123 -0.107125726613
v -0.104676404717 0.0913934127483 -0.0553444874853
v -0.103066028665 0.0922067624509 -0.0530425105627
v -0.0966236135074 0.0954606213526 -0.0438333007018
v -0.10250547318 0.0868226022261 -0.0441378963637
v -0.0900453938069 0.099077302983 -0.0336159850335
v -0.0901844830345 0.0985246813842 -0.0330539287022
v -0.0903428724875 0.0978953772011 -0.0324138806095
v -0.0911534471162 0.0945710907298 -0.0272110440499
v -0.0920574525482 0.0908636307123 -0.0214085030569
v -0.0920630531627 0.0908327017277 -0.0212246929423
v -0.0883672565111 0.102920501761 0.012065100333
v -0.0876920773299 0.105357729549 0.0138943332391
v -0.0841925457591 0.117990162283 0.0233754583736
v -0.08951064698 0.117132085905 0.0299777499207
v -0.0836250844581 0.120054194491 0.0246223542379
v -0.0866506310319 0.122494398611 0.0312755657134
v -0.0880131560876 0.123593320467 0.0342717738745
v -0.0938950157604 0.11495530134 0.0339671782126
v -0.0962776483388 0.113704582671 0.0358910605897
v -0.0902484858086 0.125180371179 0.0385902425171
v -0.0936058166055 0.127564025895 0.0450763226842
v -0.0939534370365 0.127836774511 0.0458196668505
v -0.0794232807923 0.147715616255 0.101281614475
v -0.0840077081117 0.140982988639 0.101044207132
v -0.0749361307479 0.14844336227 0.103439465158
v -0.0770979511024 0.140241563545 0.104978710855
v -0.0974394957596 0.075443814527 -0.110440560368
v -0.0995696420411 0.0830471873873 -0.102923442025
v -0.0942146154406 0.0871355689688 -0.102646128732
v -0.0961592594119 0.0877483847594 -0.101013463867
v -0.0981039033833 0.08836120055 -0.0993807990008
v -0.10016256271 0.090322413351 -0.0940215380745
v -0.102282398904 0.0923419072165 -0.0885030168011
v -0.101765628287 0.093559145441 -0.0851189402429
v -0.100574742748 0.096364241844 -0.0773204166754
v -0.0979526898245 0.098291231426 -0.0719050163297
v -0.0950649675423 0.100413465765 -0.0659409215143
v -0.0929086654551 0.100743880583 -0.057150392224
v -0.0892318769259 0.103300218747 -0.0553060291696
v -0.0891777762955 0.103592288194 -0.0569571858715
v -0.0892567803907 0.103165774081 -0.05454597291
v -0.0895547070714 0.10168917683 -0.0479014596497
v -0.0897530683304 0.100706050078 -0.0434775053628
v -0.0898438373104 0.10020031341 -0.0404154385438
v -0.0811426109107 0.128838749192 0.0346275692135
v -0.0787774091185 0.137237097124 0.0436256381134
v -0.0781861922796 0.139336387228 0.0458748372595
v -0.0909777232961 0.131277704978 0.0476277243228
v -0.077571594707 0.141512830457 0.0483219688031
v -0.080285151273 0.143641930856 0.0541245806841
v -0.0815342487399 0.144621992945 0.0567956242484
v -0.083020594912 0.146566014371 0.0621257665088
v -0.0845838932541 0.148610683056 0.0677318646805
v -0.0843461564758 0.149879365072 0.0712492671098
v -0.0838314187188 0.152626262461 0.0788650001481
v -0.0806242849492 0.154586307557 0.0843906986001
v -0.0771927925068 0.156683469827 0.0903029535416
v -0.08431674671 0.148974398174 0.0934007741235
v -0.0733015048769 0.154886773759 0.0977849197154
v -0.072534755562 0.157969549682 0.0940109116638
v -0.0740682541918 0.151803997837 0.101558927767
v -0.0746262250303 0.14964339489 0.102767953426
v -0.093229634399 0.0906453887083 -0.0991283820323
v -0.0927870021595 0.0921736709823 -0.0966380103484
v -0.0912394676009 0.0975168643223 -0.0879311519221
v -0.090790891312 0.0989699142889 -0.083628635301
v -0.0900765213055 0.101283936095 -0.0767767599261
v -0.0898763343196 0.10184500058 -0.0732333410099
v -0.0894479123843 0.103045739634 -0.0656500389143
v -0.0893929097504 0.103157022841 -0.0638800798695
v -0.0759171935819 0.147254266813 0.0570865068484
v -0.0754738173399 0.148773592617 0.0597951523676
v -0.0740856718117 0.153530377307 0.0682755214298
v -0.0735911806549 0.155158437077 0.0725302640273
v -0.0727884874157 0.157801219567 0.0794368650271
v -0.0726369745313 0.158177270689 0.0830213889886
v -0.0723185235225 0.158967657985 0.0905553705101
v -0.0723957367447 0.158611248462 0.0917892924929
v -0.14997290315 -0.162049733428 -0.104524405034
v -0.147090072899 -0.162560270729 -0.104722156179
v -0.146775117927 -0.16110646595 -0.109755359715
v -0.153466682931 -0.16034922234 -0.10787609231
v -0.151429143633 -0.162479288321 -0.102142278831
v -0.147265003808 -0.163367736607 -0.101926636331
v -0.152494946666 -0.161524548632 -0.0958272081307
v -0.147031189007 -0.162787414222 -0.0963949961522
v -0.153285298749 -0.160816556182 -0.0911442328287
v -0.146795039915 -0.162201298188 -0.0908081308481
v -0.152525656613 -0.158679561204 -0.0854961695071
v -0.146282905318 -0.160515149259 -0.0864015790691
v -0.151782711642 -0.156589538024 -0.0799722523278
v -0.145497855519 -0.157930455929 -0.0796467872508
v -0.149584046698 -0.153066901262 -0.0732158534927
v -0.144596626754 -0.154842198175 -0.0741410586505
v -0.148110568179 -0.150706137011 -0.0686879200383
v -0.143666333749 -0.151654345435 -0.0684577726694
v -0.144108526273 -0.145094793213 -0.0592737733688
v -0.142017438906 -0.14593201809 -0.0597224053136
v -0.151194722566 -0.142257637811 -0.0577534667208
v -0.143288170529 -0.143944555854 -0.0573440211398
v -0.141551517286 -0.144315082941 -0.0572540875008
v -0.14025603144 -0.139806842748 -0.0506210174377
v -0.131925804159 -0.10788861766 0.0418763855137
v -0.13051575603 -0.108198477441 0.0417403469892
v -0.130641449314 -0.10839339595 0.0365924274913
v -0.134834604204 -0.107373540087 0.0392786986449
v -0.140124134455 -0.106087024664 0.0426673434487
v -0.132217582418 -0.107773942708 0.0430767890297
v -0.130480929175 -0.108144469794 0.0431667226687
v -0.133907901996 -0.106860663012 0.0509276842477
v -0.130251021594 -0.107679312926 0.0505650411357
v -0.141844298172 -0.105629573284 0.0438774337351
v -0.134579849376 -0.106497609831 0.0540486257244
v -0.130135614947 -0.107445818256 0.0542787730934
v -0.135275677696 -0.105260682954 0.0603818616441
v -0.129824821118 -0.106574755743 0.0597799934889
v -0.135791862148 -0.104343096812 0.0650800290282
v -0.129507006025 -0.105684014717 0.0654054941051
v -0.135307936673 -0.102417137903 0.0707118843983
v -0.12904321402 -0.104181677266 0.0698539521782
v -0.134834318564 -0.100532200937 0.0762237841205
v -0.12834405973 -0.101916942944 0.0765598861011
v -0.132215219167 -0.0966637742869 0.0830912982971
v -0.127356701236 -0.0985078770202 0.0821150386991
v -0.130518032756 -0.0941570190439 0.087541473711
v -0.126353892932 -0.0950454673299 0.0877571162113
v -0.124122362827 -0.0870937727486 0.0957267697684
v -0.13096449417 -0.0879083208058 0.0932529064657
v -0.147742414864 -0.153081879856 -0.115503065967
v -0.144859584613 -0.153592417157 -0.115700817112
v -0.14415747573 -0.150873675574 -0.117222164816
v -0.148479562415 -0.150620265062 -0.116660378877
v -0.152367766948 -0.155930944206 -0.113285054126
v -0.146123699018 -0.158487384996 -0.11296170129
v -0.155539329861 -0.157468386092 -0.110265183065
v -0.146449408473 -0.159796925473 -0.111358530503
v -0.153429802256 -0.141342553453 -0.0578692116749
v -0.152607556625 -0.140370553709 -0.0565866039745
v -0.146073406223 -0.132646350289 -0.046394088137
v -0.139049342299 -0.135522136351 -0.0460303427368
v -0.141788179082 -0.127422518726 -0.0391399683723
v -0.138016369537 -0.131866828221 -0.0418671102353
v -0.147030648313 -0.121245336264 -0.0353494913793
v -0.139312935085 -0.124405115613 -0.0349498249302
v -0.136260850761 -0.125654697288 -0.0347917708968
v -0.133998667172 -0.11729573994 -0.0236803492581
v -0.133900694378 -0.11738613681 -0.0237348166635
v -0.136244129241 -0.1178073763 -0.0254910051882
v -0.134163041253 -0.117144076385 -0.0235889664438
v -0.133950381221 -0.117231143467 -0.0235779537154
v -0.133866281653 -0.117265575439 -0.0235735985684
v -0.133767811033 -0.116927823852 -0.0229779805123
v -0.130254312207 -0.105188438863 0.00982877210372
v -0.130181019598 -0.10522239103 0.00981003589506
v -0.130208562459 -0.10529879367 0.00930780429312
v -0.130390452407 -0.105153170128 0.00970480356176
v -0.130472845216 -0.105087205336 0.00988463694606
v -0.130260185184 -0.105174272419 0.00989564967446
v -0.130176085616 -0.10520870439 0.00990000482148
v -0.132582712719 -0.104482943587 0.0186529620452
v -0.130127498965 -0.105468978937 0.0181242330981
v -0.135960145218 -0.103011620287 0.0154498292567
v -0.140880321585 -0.101150551182 0.0204398476037
v -0.133162608357 -0.104310330531 0.0208395140528
v -0.130110524032 -0.105559912206 0.0209975680862
v -0.135607542088 -0.104425927309 0.0270204269068
v -0.13025858161 -0.106384843212 0.0259922501385
v -0.141718474605 -0.100922152837 0.0210446937289
v -0.137462948804 -0.104513651175 0.0317109864393
v -0.13043888488 -0.107389437237 0.0320747318395
v -0.139011391253 -0.104721834916 0.0351393267577
v -0.130506304207 -0.107723583859 0.0335783521775
v -0.142359214145 -0.105171940307 0.0425515984946
v -0.142598056532 -0.105187971555 0.0431383339537
v -0.128996525381 -0.079570760896 0.0987144340095
v -0.12275245745 -0.082127201686 0.0990377868452
v -0.119818897761 -0.0713529419484 0.103551988597
v -0.130663674539 -0.0721145728937 0.101095549387
v -0.148033970095 -0.143588841488 -0.117784529997
v -0.142570212436 -0.144851707078 -0.118352318018
v -0.140967102699 -0.138769618264 -0.119493754104
v -0.147703538667 -0.138374650786 -0.118618150423
v -0.147668996275 -0.120439890536 -0.0353825486148
v -0.146742256463 -0.119397399992 -0.0341279830098
v -0.139147837369 -0.110854430336 -0.0238471071267
v -0.13592344159 -0.106449888938 -0.0166817164122
v -0.136953699093 -0.100191217763 -0.01263931423
v -0.134036394723 -0.103872173107 -0.0124882398582
v -0.131119090354 -0.107553128451 -0.0123371654863
v -0.133157592734 -0.101000888721 -0.00451666627568
v -0.130591551722 -0.105829516696 -0.00755188611792
v -0.13642616046 -0.0984676060085 -0.00785403486165
v -0.135723633747 -0.0961722607469 -0.00148144643343
v -0.132806329378 -0.0998532160906 -0.00133037206157
v -0.129889025009 -0.103534171434 -0.0011792976897
v -0.134350727887 -0.0992382923009 0.00505204215578
v -0.129988644024 -0.104084310174 0.00209016188663
v -0.137189167672 -0.0949989345515 0.00171727841288
v -0.135457641332 -0.0987975592867 0.00962649626317
v -0.137532373224 -0.099327295047 0.0133166655215
v -0.141518669547 -0.100345105454 0.0204067903683
v -0.14185819306 -0.100481694674 0.0208309276932
v -0.128293774271 -0.0677361196412 0.102184860178
v -0.117939049665 -0.0643643247967 0.104877198557
v -0.11608816353 -0.057483378081 0.106181991612
v -0.123007351479 -0.0579693141004 0.104614733481
v -0.145834191757 -0.131776000488 -0.118432152306
v -0.139591440461 -0.133611588543 -0.119337561868
v -0.137482691377 -0.125704858132 -0.119098135195
v -0.144005933658 -0.125322390523 -0.118250242484
v -0.139710728685 -0.0912586368467 -0.023876256794
v -0.138839390075 -0.0907818788159 -0.0225292554635
v -0.132285476038 -0.0871958663119 -0.0123975674747
v -0.134757725864 -0.0940780900161 -0.0125255944277
v -0.134179092295 -0.0921875372486 -0.00727683517083
v -0.13164931925 -0.0851173695913 -0.00662701767011
v -0.131055410693 -0.0831769092957 -0.00123969967806
v -0.133527660518 -0.0900591329998 -0.00136772663112
v -0.135816938593 -0.0908390331431 0.00200022719943
v -0.132822692361 -0.0817619997937 0.00261763019041
v -0.136020532648 -0.0792017657978 0.0095973465958
v -0.136381473472 -0.0790652390219 0.00996341098028
v -0.121488090342 -0.0516344944942 0.104557837282
v -0.114022048596 -0.0497226709791 0.106159624145
v -0.11265146759 -0.044574517037 0.10614478643
v -0.119917295836 -0.0450847976771 0.104499011163
v -0.140662093556 -0.117195486975 -0.117130497225
v -0.135674673612 -0.118970783887 -0.118055702383
v -0.133808348051 -0.112019538642 -0.11697965156
v -0.1384211534 -0.111749082854 -0.116380077934
v -0.13829580936 -0.0822965511304 -0.0348971524592
v -0.137902357529 -0.0821711472225 -0.0345375517929
v -0.1254282023 -0.0781952912516 -0.0231366275236
v -0.135318067067 -0.0872409403099 -0.0236487801544
v -0.123059170744 -0.0768990617411 -0.0194743444313
v -0.1233843781 -0.078378140151 -0.0146868987966
v -0.123570547529 -0.0792248589508 -0.0119462596289
v -0.122819984831 -0.0767725670989 -0.00513793892012
v -0.122340482184 -0.0752059019345 -0.000788391832299
v -0.123773059804 -0.069859868362 0.00780846540613
v -0.120153880961 -0.0674066922516 0.00687940939365
v -0.121244139259 -0.0665338167767 0.00925904472441
v -0.121738006263 -0.0661384202027 0.0103369758662
v -0.13162787103 -0.0751840692611 0.00982482323542
v -0.135785785976 -0.0781719227394 0.0102815767527
v -0.126548239958 -0.0643189371901 0.0152154909036
v -0.132145482632 -0.0622017660489 0.0208921865239
v -0.132176055316 -0.0621934349324 0.020914249046
v -0.119862249509 -0.0403560747988 0.103533820959
v -0.111009953211 -0.0383617389297 0.105254921901
v -0.109404703653 -0.0322862153509 0.104384716523
v -0.119776789116 -0.0330146490861 0.102035346135
v -0.132956084845 -0.100255525354 -0.114167078034
v -0.130864997479 -0.10109275023 -0.114615709979
v -0.13003330668 -0.0980052113353 -0.113947740462
v -0.131835831614 -0.097899526559 -0.113713447807
v -0.140042281138 -0.0974183699511 -0.112646771386
v -0.142437543522 -0.0971473127121 -0.111974082931
v -0.135720272668 -0.0733262573119 -0.0458579448517
v -0.123597457802 -0.0714261688814 -0.0355713462608
v -0.121564464133 -0.070458191366 -0.0348427441648
v -0.121403198882 -0.0698083091074 -0.0356644181824
v -0.121722233979 -0.0710939875067 -0.0340388798303
v -0.122364344574 -0.0737987718564 -0.0285911898095
v -0.123021952667 -0.0765688368514 -0.0230120184305
v -0.123032379008 -0.0766613466609 -0.022020967913
v -0.11933175663 -0.0645119658026 0.0104615849593
v -0.117596097224 -0.0582740683497 0.0156728683668
v -0.115571907251 -0.0509992024252 0.0217504591528
v -0.132121933482 -0.0621222276651 0.0209452875818
v -0.11488874556 -0.0485238237088 0.023427896872
v -0.120602832835 -0.0469667236951 0.0275514202218
v -0.127109815248 -0.0451935581978 0.0322471297246
v -0.127320860213 -0.045142228006 0.0323823319807
v -0.11667103957 -0.0210581866416 0.0993527167497
v -0.120051557575 -0.0307678290912 0.101319411652
v -0.10835326445 -0.0282893281754 0.103491213321
v -0.106258637762 -0.0203269214809 0.101711219151
v -0.127783495798 -0.0896600322782 -0.11201194277
v -0.141455115197 -0.0955312858496 -0.11147990864
v -0.126120577429 -0.0835410203879 -0.109666868747
v -0.133648038832 -0.0826891834793 -0.107552847162
v -0.133489784383 -0.0643584037399 -0.0568366057847
v -0.122503282788 -0.0635163922178 -0.0472952129163
v -0.119532147279 -0.0622088052985 -0.0463003790511
v -0.119274652614 -0.0611735277481 -0.0475677906013
v -0.119789641944 -0.0632440828489 -0.0450329675009
v -0.120555175647 -0.0663584051971 -0.0405881660325
v -0.111179184524 -0.0351113837348 0.0330721070754
v -0.126970091822 -0.0446869930447 0.0325848367364
v -0.110096184565 -0.0311849838918 0.035689683018
v -0.11554530536 -0.0298596529809 0.0391805667055
v -0.122419196272 -0.0281877905933 0.0435842043848
v -0.122621396758 -0.028134018449 0.0437264471507
v -0.106389177638 -0.0111551816314 0.097837900744
v -0.103637005266 -0.0103093500986 0.0985205804137
v -0.103250259751 -0.00881749125193 0.0977887611632
v -0.108020547292 -0.00938538862988 0.0960640004562
v -0.10441225423 -0.0132998489686 0.0999875453656
v -0.105858041729 -0.0188023100877 0.101337246535
v -0.128405249369 -0.0736153972949 -0.10501193397
v -0.124633439823 -0.0780597067897 -0.107739075833
v -0.122106076002 -0.0687443121502 -0.104462826181
v -0.125376895744 -0.0683741734237 -0.103544245113
v -0.1336477186 -0.067438214832 -0.101221456977
v -0.134425440106 -0.0671931313995 -0.100568505282
v -0.131604344504 -0.0553929904146 -0.0678331352582
v -0.11913648123 -0.0534904617375 -0.0575286681268
v -0.117103487562 -0.0525224842222 -0.0568000660308
v -0.116938276112 -0.0518597086597 -0.0575859442487
v -0.117272359286 -0.053199943634 -0.0559967766138
v -0.118324687361 -0.0573905516252 -0.0515668269655
v -0.106201771175 -0.0170293304874 0.0444240335557
v -0.122292936545 -0.0276937621502 0.0439130817662
v -0.105511453805 -0.0145251818037 0.0460662503926
v -0.111316548608 -0.0129814051256 0.0501499830993
v -0.118073625701 -0.0111844632354 0.0549034105045
v -0.118098035325 -0.0111744305033 0.0549303790355
v -0.112736607723 0.000884054444963 0.0884622955649
v -0.110925690712 -0.00561483129429 0.09277255048
v -0.101654239578 -0.0026802371734 0.0951280215196
v -0.100343653915 0.00235942168676 0.0929431323252
v -0.118385249173 -0.054520764937 -0.100530975789
v -0.118287276379 -0.0546111618069 -0.100585443195
v -0.11823159562 -0.0544050906295 -0.10052890825
v -0.118321722398 -0.0543948915316 -0.100503596934
v -0.118549623254 -0.0543691013813 -0.100439592975
v -0.120991449828 -0.0564827791529 -0.100566044442
v -0.13335932675 -0.06559027856 -0.0999999486079
v -0.124622773595 -0.0524552690899 -0.0953407577476
v -0.128558287257 -0.0464193689871 -0.0787695614592
v -0.124851623342 -0.045159780163 -0.0751655433595
v -0.116506249158 -0.0423238769639 -0.0670512712557
v -0.131142691204 -0.054993377138 -0.0678092282628
v -0.114376942664 -0.0418108942351 -0.0655635234985
v -0.115672879717 -0.0468952111407 -0.0615271726085
v -0.103020534151 1.62347840008e-05 0.054461858773
v -0.103164282536 -0.00595174417608 0.0505540986262
v -0.10115167999 0.0013996249481 0.0544022433695
v -0.101994497965 0.00162375957078 0.054995143821
v -0.102975530355 0.00188465021531 0.055685274507
v -0.117611972401 -0.0107848499587 0.0549273174999
v -0.118046934119 -0.01110199878 0.0549585724006
v -0.107556403037 0.00376745959972 0.060746368825
v -0.112567437763 0.00582707222469 0.0662827198968
v -0.112566116781 0.0060636191627 0.0669371571776
v -0.0976385123777 0.0139531678957 0.0892441595674
v -0.100080338952 0.0118394901241 0.0891177081009
v -0.0972970270347 0.0139938213425 0.0893676281207
v -0.0995548339367 0.00537175212358 0.092017377627
v -0.118035668943 -0.0536755093007 -0.10041297754
v -0.120310023592 -0.0436749139348 -0.0935323429434
v -0.114231774502 -0.039656346939 -0.0954580301037
v -0.117786027798 -0.0385362948494 -0.0924739854324
v -0.121340281094 -0.0374162427599 -0.0894899407612
v -0.120193549194 -0.0355216722951 -0.0842117621885
v -0.118902546325 -0.0333887448805 -0.0782695330728
v -0.127425205289 -0.0448902512002 -0.0787108841239
v -0.111548619744 -0.0308897528093 -0.0711192531701
v -0.112231936673 -0.0335388722914 -0.0695802034617
v -0.113425578902 -0.0381664480955 -0.0668917368826
v -0.114110425866 -0.0407899323733 -0.0659356116451
v -0.0998948600998 0.00604207908377 0.0558448088801
v -0.102934726402 0.0127342372559 0.0627790517136
v -0.097058895648 0.0164521046987 0.0603163867683
v -0.100326272493 0.0177950470186 0.0639262889712
v -0.102911696831 0.0188576963313 0.0667827482831
v -0.111434355795 0.00735619001163 0.0663413972321
v -0.11158957908 0.00754886325095 0.0674542904174
v -0.102901054048 0.0207634891919 0.0720553673578
v -0.102889300909 0.0228681124846 0.077878076188
v -0.111237645043 0.0107501492227 0.0780362708312
v -0.0952327123067 0.0219227905043 0.0860941269724
v -0.0943757408905 0.0252186988284 0.0846551637019
v -0.097124558066 0.0146467599763 0.0892707750024
v -0.0972708250183 0.0140930177888 0.089352913897
v -0.11531368645 -0.0292580601461 -0.0923459537399
v -0.112747645437 -0.0340866881205 -0.0953811735821
v -0.110771220871 -0.0266695363508 -0.0952788232401
v -0.114325474167 -0.0255494842612 -0.0922947785689
v -0.117879727463 -0.0244294321716 -0.0893107338976
v -0.119856152029 -0.0318465839414 -0.0894130842396
v -0.118565674296 -0.0294125622452 -0.084127461702
v -0.116732995563 -0.0225348617069 -0.084032555325
v -0.115441992694 -0.0204019342923 -0.0780903262092
v -0.11711284085 -0.0266723149435 -0.078176852092
v -0.108088066113 -0.0179029422211 -0.0709400463065
v -0.109437055117 -0.0229654456675 -0.0710099045183
v -0.0977984842858 0.0272813634148 0.0640571920129
v -0.0957099066437 0.0215146081451 0.0603862449801
v -0.0935983420168 0.0294389152869 0.0604955936319
v -0.0968657188616 0.0307818576068 0.0641054958348
v -0.0994511431999 0.0318445069196 0.0669619551467
v -0.101121991357 0.0255741262683 0.066875429264
v -0.101256561768 0.0269349611677 0.0721405283855
v -0.0994405004168 0.0337502997801 0.0722345742214
v -0.0994287472774 0.0358549230728 0.0780572830515
v -0.101405171844 0.028437771303 0.0779549327095
v -0.0909151872593 0.0382055094166 0.0848343705655
v -0.0923993163237 0.0326358505981 0.0847575140439
v -0.107949429352 -0.0155099031437 -0.0999578372265
v -0.107876136743 -0.0155438553112 -0.0999765734352
v -0.107849934726 -0.0154446588649 -0.0999912876589
v -0.107940061505 -0.0154344597669 -0.0999659763428
v -0.108167962361 -0.0154086696167 -0.0999019723842
v -0.108122582982 -0.0156234498167 -0.0998996223856
v -0.108022403695 -0.0160975974987 -0.0998944345406
v -0.114276333317 -0.0185276101537 -0.0937559062414
v -0.109914249454 -0.0233736280267 -0.0967177865106
v -0.114241112702 -0.0134948373253 -0.0948031371568
v -0.118686897649 -0.0206091027879 -0.0893525336941
v -0.117973032308 -0.0190962045678 -0.0858290602648
v -0.118176626363 -0.00745893722251 -0.0782319408684
v -0.116415356087 -0.0157950139264 -0.0781407324215
v -0.108159641805 -0.00708489335864 -0.069042161125
v -0.114469962448 -0.00619934839833 -0.0746279227687
v -0.106124588264 -0.0033634451993 -0.0665136506649
v -0.105852581786 -0.00465084946584 -0.0664995646449
v -0.105252101661 -0.00749291660617 -0.0664684684183
v -0.103995281771 -0.0028504624705 -0.0650259029077
v -0.0916316256718 0.0399145640781 0.0556600425048
v -0.0910365358952 0.0393390948509 0.0553119521069
v -0.0907700190967 0.0403600567127 0.0549398639603
v -0.0916128370714 0.0405841913354 0.0555327644117
v -0.0925938694618 0.0408450819799 0.0562228950978
v -0.0923218629833 0.0395576777134 0.0562369811178
v -0.0917213828587 0.0367156105731 0.0562680773444
v -0.0970458863827 0.0377466638748 0.0624604941554
v -0.0929150250883 0.032088034769 0.0589565439235
v -0.0971747421433 0.0427278913643 0.0612839894157
v -0.10218577687 0.0447875039893 0.0668203404875
v -0.100424506593 0.0364514272854 0.0669115489345
v -0.1003612261 0.0375331717471 0.0706374393959
v -0.102184455888 0.0450240509273 0.0674747777683
v -0.100235917464 0.0396752524565 0.0780154832551
v -0.0879047353044 0.0520056030141 0.0891577104071
v -0.087256851484 0.0529135996603 0.0897817801582
v -0.0872114721052 0.0526988194603 0.0897841301568
v -0.0871112928184 0.0522246717783 0.0897893180018
v -0.086915366141 0.0529542531071 0.0899052487115
v -0.108047341578 -0.0058365542958 -0.102112308218
v -0.105592127824 -0.00682258964598 -0.102641037165
v -0.104803307846 -0.00381025920916 -0.103566791863
v -0.108074127588 -0.00344012048266 -0.102648210796
v -0.116344950444 -0.00250416189099 -0.10032542266
v -0.112479246397 -0.00860481988814 -0.100125234837
v -0.115227490369 -0.00964875932783 -0.0964699438088
v -0.11712267195 -0.00225907845851 -0.0996724709642
v -0.118460211808 -0.00701139706145 -0.0782466265122
v -0.117941879692 -0.00642909416412 -0.0775477107115
v -0.114301576348 0.0095410625264 -0.0669371009403
v -0.109903912109 0.00260089194487 -0.0667093652369
v -0.0996355079557 0.0130743442813 -0.0566899099307
v -0.101982679225 0.00450090665368 -0.0611777581644
v -0.0932210536062 0.0481990896427 0.052527420445
v -0.089474082044 0.0454443736183 0.0509035130704
v -0.0882086856492 0.0504088711373 0.0469622847105
v -0.0940137804522 0.0519526478154 0.0510460174172
v -0.100770857545 0.0537495897056 0.0557994448224
v -0.0963731933066 0.0468094191241 0.0560271805258
v -0.0983469735477 0.0462996776436 0.0595169688849
v -0.100795267169 0.0537596224377 0.0558264133534
v -0.102469362314 0.0452350441504 0.0668056548437
v -0.102455707855 0.0453474169781 0.0671735979389
v -0.0954338395674 0.065818107386 0.0893583298829
v -0.0915681355201 0.0597174493888 0.0895585177059
v -0.0830408857586 0.0672934746278 0.0938391666432
v -0.0868596853823 0.0531603242845 0.0899617836565
v -0.108841682661 0.00318831555378 -0.10472350429
v -0.103492722183 0.00122939965099 -0.105751681058
v -0.10189670201 0.00736665372953 -0.108412420701
v -0.109424163413 0.00821849063816 -0.106298399117
v -0.117052772385 -0.00175175719558 -0.100362077647
v -0.117322821919 -0.0018353053827 -0.0999343425701
v -0.114327395042 0.0095685074327 -0.066938437977
v -0.114278027197 0.00962060091017 -0.0668839998824
v -0.109265908964 0.0265492703775 -0.0555821577396
v -0.103770748991 0.0207079931815 -0.0552975875556
v -0.0989451905861 0.015578492965 -0.0550476930939
v -0.0950507771958 0.0297341463694 -0.0463133425562
v -0.0901670624293 0.0579337470658 0.0420888210268
v -0.0868222743999 0.0559397141028 0.0409431674274
v -0.0858723091466 0.0597226902257 0.0369441310631
v -0.0913214299417 0.0610480211365 0.0404350147507
v -0.098195320853 0.0627198835241 0.0448386524299
v -0.0927001608802 0.0568786063281 0.0451232226139
v -0.087874602475 0.0517491061116 0.0453731170756
v -0.0955647951643 0.0557812368699 0.048900111891
v -0.088043474199 0.0510716466998 0.0461764064927
v -0.0983975213397 0.0627736556685 0.0449808951958
v -0.100796676239 0.0537770346119 0.0557981077857
v -0.100804626507 0.0537757563897 0.0558149560835
v -0.0961416615088 0.0665705120814 0.0893216748954
v -0.0790263843322 0.0820901828655 0.0990432092084
v -0.0805135219377 0.0766088692673 0.0971154162952
v -0.0837966718739 0.0815222854876 0.0973184485013
v -0.100698968162 0.0176613323469 -0.111824867549
v -0.0992889200319 0.0173514725653 -0.111960906073
v -0.0988883239994 0.0188760839585 -0.112334878689
v -0.100690848933 0.0189817687349 -0.112100586035
v -0.108897298457 0.0194629253427 -0.111033909614
v -0.104344129076 0.0152158131286 -0.110798120982
v -0.100734707531 0.0118490114462 -0.110611204904
v -0.11001504354 0.0118602615192 -0.107583265372
v -0.101509956495 0.00885851257624 -0.109144239952
v -0.111292560841 0.0197339825817 -0.110361221159
v -0.109447574145 0.0267187242998 -0.0555915653809
v -0.109126185538 0.0270558355306 -0.0552444507278
v -0.104575289987 0.043555037982 -0.0442450830794
v -0.0986583204004 0.0380357981511 -0.0439386692293
v -0.093967777237 0.0336605462124 -0.0436957666136
v -0.0902582162014 0.0470729861864 -0.0340515564101
v -0.0879365741437 0.0669016006377 0.0311101600937
v -0.0845917861144 0.0649075676747 0.0299645064944
v -0.0837437628785 0.068357471585 0.0250407586442
v -0.089457850154 0.0699145715988 0.0291642819941
v -0.0959648325674 0.0716877370961 0.0338599914969
v -0.0900478629806 0.0661684972652 0.034166405347
v -0.0853573198173 0.0617932453265 0.0344093079627
v -0.0931007224631 0.0649665923248 0.0380746379773
v -0.0856148144819 0.0607579677761 0.0356767195129
v -0.0961758775323 0.0717390672879 0.033995193753
v -0.0983769860343 0.0628893374464 0.0448292447886
v -0.0984429927833 0.0628657258981 0.0449223016534
v -0.0855260568891 0.0958231086523 0.100965578522
v -0.0809728875085 0.0915759964382 0.101201367153
v -0.0773634659631 0.0882091947558 0.101388283232
v -0.0751136550806 0.0965543738129 0.103324080923
v -0.100450577712 0.0276571405665 -0.113752229748
v -0.0967936973107 0.026838490653 -0.11411487286
v -0.0957422581077 0.0308353778284 -0.115008376061
v -0.100355063456 0.0311058336166 -0.114408802435
v -0.110356263367 0.0209705470689 -0.111109462994
v -0.111371220534 0.0203619784516 -0.110562919109
v -0.104746787277 0.0437322547456 -0.0442539641703
v -0.104449030261 0.0440490664251 -0.043916205698
v -0.100229719417 0.0605583653399 -0.0329258769597
v -0.0944986728454 0.0546361870444 -0.0326290912455
v -0.0895750545101 0.0495483649028 -0.0323741186909
v -0.0874071161517 0.0627912097874 -0.0223887677582
v -0.0875508645374 0.0568232308273 -0.0262965279049
v -0.0998362675856 0.0606837692477 -0.0325662762934
v -0.0873621123566 0.0646596252187 -0.0211653520242
v -0.0865300451418 0.0637998083705 -0.02112226292
v -0.0858152051306 0.0630611282802 -0.0210852444975
v -0.0849930808002 0.0659558547292 -0.0175030689318
v -0.0827096725296 0.0757859783658 0.0117453987727
v -0.0821145827531 0.0752105091385 0.0113973083748
v -0.0820877910173 0.0754482242187 0.00885068489311
v -0.0831780493153 0.0763210996935 0.0112303202239
v -0.0836719163196 0.0767164962676 0.0123082513657
v -0.0828398491048 0.0758566794193 0.0123513404698
v -0.0821250090936 0.075117999329 0.0123883588923
v -0.0865295887496 0.0751026503584 0.0195914376459
v -0.0827826171874 0.072347934334 0.0179675302713
v -0.0884821500149 0.0785359792802 0.0171867664031
v -0.0940793926885 0.0806531504214 0.0228634620233
v -0.088348346117 0.0747309721259 0.0231602477376
v -0.0834247277818 0.0696431499843 0.0234152202921
v -0.0911038185932 0.0737169440138 0.0269427900249
v -0.0835824976279 0.0690073538436 0.0242190846266
v -0.0941099653726 0.0806614815379 0.0228855245455
v -0.0961363298569 0.0718649538597 0.033851110406
v -0.0962125044978 0.0718335794701 0.0339436407203
v -0.0869850217993 0.0973307303784 0.100890025141
v -0.0713386137098 0.110568701119 0.106355992022
v -0.0742819642825 0.0996419127079 0.103992050441
v -0.0817106991722 0.109840267384 0.104006621635
v -0.0995878651271 0.0382249741969 -0.115276713284
v -0.0941370085497 0.0369109014073 -0.11587858144
v -0.0924954941713 0.0431236795146 -0.116768445968
v -0.0990187364523 0.0435061471236 -0.115920553258
v -0.100248452862 0.0605912195943 -0.0329268470825
v -0.100203027835 0.0606408297953 -0.0328707150636
v -0.0947235314789 0.0775699008 -0.0215465675674
v -0.0908777555255 0.0708252736353 -0.0213474117328
v -0.0873213084035 0.0755092122593 -0.0140715748175
v -0.093852192869 0.0780466588308 -0.0201995662369
v -0.0872982788323 0.0816326713347 -0.010067878248
v -0.085314065333 0.078152806561 -0.00996512455143
v -0.0828064795773 0.0737550644121 -0.00983526770587
v -0.0844155545725 0.0810884848463 -0.00181477358521
v -0.0823269769304 0.0753217295765 -0.00548572061806
v -0.0866621220441 0.0837111680554 -0.00429732844348
v -0.0860682134866 0.085651628351 0.00108998954857
v -0.0840839999873 0.0821717635773 0.00119274324518
v -0.0815764142316 0.0777740214284 0.00132260009074
v -0.085893444955 0.0825859317344 0.00756718949032
v -0.0817625836605 0.0769273026286 0.00406323925842
v -0.0878354951549 0.087066537853 0.00494731941705
v -0.0910333354418 0.0896267718489 0.0119270358224
v -0.0871875594884 0.0828821446842 0.0121261916571
v -0.0894250204055 0.0821710919313 0.0156023251528
v -0.0913942762657 0.0897632986247 0.0122931002069
v -0.0940981261334 0.0806860046758 0.0228624919006
v -0.0941131616501 0.0806793171054 0.0228789732844
v -0.0794748327497 0.114424862409 0.104937186869
v -0.0694722881489 0.117519946364 0.107432042844
v -0.0676642703838 0.12425402061 0.108474475656
v -0.0749300986302 0.12374373997 0.106828700389
v -0.0973896358188 0.0500363728195 -0.115925351463
v -0.0911249131654 0.0482718334567 -0.116783283683
v -0.0890587982307 0.0560325405586 -0.11680565115
v -0.0957952341983 0.0564275080375 -0.115930047469
v -0.0945906492939 0.0783353999021 -0.021539686183
v -0.0937456727958 0.0792916918262 -0.0203749970468
v -0.0850453946243 0.0946109410599 -0.00995121127623
v -0.0862276840423 0.0878000846006 -0.0100124368491
v -0.0856431437691 0.0897099361711 -0.00471009814562
v -0.0845178559917 0.0963345528146 -0.00516593190783
v -0.0838153292786 0.0986298980761 0.00120665652039
v -0.0849976186966 0.0918190416169 0.00114543094753
v -0.0869782963869 0.0913402931786 0.00476547379781
v -0.0852808632038 0.0998032242716 0.00440538136669
v -0.0909004532568 0.0903922709509 0.0119339172068
v -0.0913032664272 0.0901866848377 0.0122802932738
v -0.0730481468328 0.130173583955 0.107061613248
v -0.0655555212997 0.132160751021 0.10871390233
v -0.064179859062 0.137318780742 0.108870094566
v -0.0710990470104 0.136832844723 0.107302836435
v -0.0920664300276 0.0647575900075 -0.114524598497
v -0.0872079120961 0.0629134872743 -0.115500858095
v -0.0853280639996 0.069902104426 -0.114175648135
v -0.0896501506844 0.0701555149371 -0.113613862196
v -0.0882012365825 0.099530443736 -0.0323029746983
v -0.0774147175102 0.1029684037 -0.0224444885072
v -0.0753336295222 0.103631703615 -0.0205424497628
v -0.0911632504732 0.0914608313699 -0.020771677566
v -0.0751583177368 0.102633472652 -0.0127138214248
v -0.0749383993022 0.103847956148 -0.0199314638313
v -0.0752579367524 0.102083333912 -0.00944436184847
v -0.0745554100394 0.104378679173 -0.00307177342025
v -0.0740278714067 0.106102290928 0.00171350594814
v -0.0722913173056 0.114780578017 0.012307083876
v -0.071379150728 0.115476986329 0.0123543209741
v -0.0715610406761 0.115622609871 0.0127513202427
v -0.0716434334852 0.115688574664 0.012931153627
v -0.0771307334871 0.117764159712 0.0184963459377
v -0.0820509098541 0.119625228817 0.0234863642847
v -0.0828890628738 0.119853627163 0.0240912104099
v -0.0713881377512 0.14148381938 0.106060004807
v -0.0625767493254 0.143400869555 0.10772865848
v -0.0609894860306 0.149422838051 0.106598505278
v -0.0718342628084 0.148661207106 0.104142066068
v -0.0896627701533 0.0781485088356 -0.110037837928
v -0.0823945043105 0.0806763641636 -0.109661446383
v -0.0810245989338 0.0856429352262 -0.106350429307
v -0.0877161639378 0.0864001788362 -0.104471161902
v -0.0854442035725 0.104491763365 -0.0543485363127
v -0.0773928299262 0.105426914804 -0.0448846913853
v -0.0746406575537 0.106272746336 -0.0442020117156
v -0.074505512447 0.106942558428 -0.0472160870295
v -0.0797754625046 0.104176196134 -0.0429608090082
v -0.0747080768813 0.105938599715 -0.0426983913777
v -0.0748883801512 0.10493400569 -0.0366159096766
v -0.084159831285 0.101999411569 -0.0389713807163
v -0.0750364377287 0.104109074684 -0.0316212276244
v -0.0750194627957 0.104018141415 -0.0287478926362
v -0.0749708761447 0.103757866867 -0.0205236643596
v -0.0749659421628 0.103771553508 -0.0204336954332
v -0.0712806801076 0.115814737916 0.0129499390302
v -0.0712462673835 0.115935299288 0.0131111571253
v -0.0688861110003 0.124203859765 0.0241681113587
v -0.0671305922245 0.130415990699 0.0312434506971
v -0.0711650050849 0.132308895248 0.0351442655681
v -0.0660976194616 0.134071298829 0.0354066831986
v -0.0648909303207 0.138356005226 0.0399973578995
v -0.0690840852105 0.139375861089 0.042683629053
v -0.0743736154614 0.140662376512 0.0460722738568
v -0.0760937791786 0.141119827892 0.0472823641432
v -0.0613557160142 0.15771643508 0.100197930643
v -0.0586975532883 0.15834608795 0.100734870964
v -0.0583718438339 0.159655628427 0.0991317001766
v -0.0652139751768 0.15884108037 0.0966578368738
v -0.0662915285854 0.154508692145 0.101961650208
v -0.0590232627426 0.157036547473 0.102338041752
v -0.060287377148 0.152141579634 0.105077157574
v -0.0727631617336 0.149967986959 0.103067991025
v -0.0900188033494 0.0913013282979 -0.0989621072037
v -0.0787930688291 0.0935946298075 -0.0983807757495
v -0.077790260525 0.0970570394978 -0.0927386982373
v -0.0881449851313 0.0936852446532 -0.0954310366164
v -0.0839651487601 0.0990029324588 -0.0875544469196
v -0.076802902031 0.100466105422 -0.0871835456393
v -0.0761037477413 0.102730839743 -0.0804776117163
v -0.0835697894876 0.100819016228 -0.0820793985794
v -0.0831610196205 0.102696701597 -0.0764186364872
v -0.0756399557356 0.104233177195 -0.0760291536433
v -0.0753221406426 0.105123918221 -0.070403653027
v -0.0841744369406 0.103129582352 -0.0721247539696
v -0.0857477852131 0.103801637363 -0.06545842559
v -0.0750113468144 0.105994980733 -0.0649024326315
v -0.074895940167 0.106228475403 -0.0611887006739
v -0.086594233292 0.103749974488 -0.0633605023432
v -0.0746660325861 0.106693632272 -0.0537903822068
v -0.0746312057314 0.106747639919 -0.0523640065273
v -0.063595444475 0.142864245419 0.0466304279627
v -0.0631295228547 0.144481180567 0.0490987457755
v -0.0722170664106 0.148010164542 0.0572781201727
v -0.061480628012 0.150203507913 0.0578341131312
v -0.0605503350067 0.153391360652 0.0635173991123
v -0.0705528796075 0.150296276697 0.0610225431365
v -0.0671701701267 0.154943142808 0.0686336448688
v -0.0596491062418 0.156479618406 0.0690231277127
v -0.058864056443 0.159064311737 0.075777919531
v -0.0663566819761 0.157077144671 0.0741256304486
v -0.0655141685749 0.159287287703 0.0798135700295
v -0.0583519218458 0.160750460666 0.0801844713099
v -0.0581157727543 0.161336576699 0.0857713366141
v -0.0669271611802 0.159419526524 0.0841026829412
v -0.0691076924729 0.159623597575 0.0907216453387
v -0.0578819579526 0.161916899085 0.0913029767929
v -0.0580568888625 0.161109433206 0.0940984966408
v -0.0705326734481 0.158935840531 0.092089330092
v -0.136697692388 -0.162326637567 -0.104079307068
v -0.133355118472 -0.162251492501 -0.10387254302
v -0.133055699147 -0.160869398918 -0.108657475918
v -0.142623349737 -0.161034724765 -0.109423118306
v -0.138760521851 -0.163152019334 -0.101486226587
v -0.133521420641 -0.163019128862 -0.101214916561
v -0.140079257842 -0.162601795719 -0.0959457933345
v -0.133280132229 -0.162420257167 -0.0955064641308
v -0.141369007616 -0.162063666185 -0.0905271404825
v -0.133051456748 -0.161852690444 -0.0900964110782
v -0.140737051517 -0.160340716645 -0.0860260025544
v -0.132513665022 -0.160082068138 -0.0854690980722
v -0.139799987643 -0.157785928782 -0.0793517197154
v -0.131754272352 -0.157581848184 -0.078935067481
v -0.137649641347 -0.154592294949 -0.07365006926
v -0.130810047496 -0.154346254909 -0.0731666699408
v -0.13553253667 -0.151448030632 -0.0680365590663
v -0.129922750581 -0.15130573769 -0.0677460528995
v -0.130970935455 -0.145499842018 -0.0589189279533
v -0.128218748846 -0.145392167295 -0.0587187451858
v -0.129834433047 -0.144017877601 -0.0566473112041
v -0.127807934118 -0.143966475196 -0.056542367731
v -0.126665671897 -0.139991447238 -0.0506938242142
v -0.132738899901 -0.139908951617 -0.0506612884926
v -0.118348571404 -0.107884294337 0.0425195525534
v -0.116768053715 -0.107843481941 0.0426207713822
v -0.116878880622 -0.108015346457 0.0380817222063
v -0.124601322942 -0.108227477308 0.0372460502622
v -0.118763844936 -0.107847264454 0.0437734989654
v -0.116737346007 -0.10779586205 0.0438784424385
v -0.120953484547 -0.107436273507 0.0511624027178
v -0.116502104586 -0.107319913573 0.0514484014036
v -0.122001817867 -0.107239503453 0.0546999866964
v -0.116392031779 -0.107097210511 0.0549904928632
v -0.122910397563 -0.106384868041 0.0602302179111
v -0.116070851065 -0.106197036653 0.0606755668033
v -0.123809138149 -0.10553948757 0.0657005616406
v -0.115763422858 -0.105335406972 0.0661172138749
v -0.123446863484 -0.104010814755 0.0702295766586
v -0.115277504125 -0.103761395559 0.0707779003107
v -0.122918027431 -0.101779310941 0.0768408764667
v -0.114600476562 -0.101568335199 0.0772716058709
v -0.1203392996 -0.0982436269492 0.0826187269624
v -0.11356365298 -0.0979884805014 0.083105062768
v -0.117849410974 -0.0948297500575 0.0881975259551
v -0.112610309764 -0.0946968595853 0.0884688359812
v -0.110488853373 -0.0871373947778 0.0960453739098
v -0.114796223872 -0.0871236128354 0.0959447141285
v -0.134467204103 -0.153358783995 -0.115057968001
v -0.131124630186 -0.15328363893 -0.114851203953
v -0.130457153922 -0.150699003528 -0.116297508802
v -0.135679763753 -0.150765589113 -0.116649990857
v -0.141948359749 -0.158320874434 -0.11274547882
v -0.132326390171 -0.157937154823 -0.112247199304
v -0.144404626027 -0.159738421005 -0.111223851166
v -0.132691044659 -0.15940327687 -0.110452337611
v -0.136138324095 -0.135406046317 -0.0458795938977
v -0.125252033452 -0.134971906178 -0.0453158407501
v -0.132488452671 -0.131401190937 -0.0413020332026
v -0.124041904048 -0.130689706293 -0.0404386065723
v -0.126911520674 -0.125281850411 -0.0343076101815
v -0.122463541913 -0.125104467115 -0.0340772689102
v -0.120249614323 -0.117348203885 -0.0237053731263
v -0.121175615503 -0.117326310137 -0.0236746416913
v -0.130098899595 -0.117115334018 -0.023378502409
v -0.133169280989 -0.116958413434 -0.0230433198895
v -0.126408703558 -0.105058462969 0.0100951009808
v -0.119626900093 -0.105057254964 0.0188885954861
v -0.116328477107 -0.104927925215 0.01912869517
v -0.116373830934 -0.104684968634 0.0114516848455
v -0.120761193945 -0.10518706533 0.0214817288015
v -0.116313215185 -0.105009682033 0.0217120700729
v -0.123887555018 -0.106150976353 0.0264455934644
v -0.116469178887 -0.105878663517 0.0269734630723
v -0.127527866675 -0.107273347203 0.0322254806785
v -0.116641576032 -0.106839207064 0.0327892338262
v -0.128588876868 -0.107655024286 0.0337135976222
v -0.116720557893 -0.107230660417 0.0345507276894
v -0.118577118181 -0.0819606911241 0.0992540093155
v -0.108955148603 -0.0815769715131 0.0997522888319
v -0.106166291335 -0.071334168991 0.104043820521
v -0.114552759894 -0.0713457007683 0.103741699971
v -0.135618281271 -0.144666088575 -0.117903115201
v -0.128819155658 -0.144484550023 -0.117463785997
v -0.127266780891 -0.138594946219 -0.118569098089
v -0.135558150192 -0.138700656906 -0.119128695491
v -0.119934682471 -0.116211378753 -0.0228521422754
v -0.119606385852 -0.115049428824 -0.021533262703
v -0.124541815378 -0.106968178103 -0.0119965573221
v -0.117137049827 -0.106309634831 -0.0116130970578
v -0.123963181808 -0.105077625335 -0.0067477980652
v -0.116500893039 -0.10423113811 -0.00584254725326
v -0.123311750032 -0.102949221086 -0.000838689525493
v -0.115906984481 -0.102290677814 -0.000455229261207
v -0.125601028107 -0.10372912123 0.00252926430506
v -0.116027114665 -0.102954087984 0.00348739934348
v -0.116244486434 -0.104154507704 0.0106214611144
v -0.116303949643 -0.104398375121 0.0110031376996
v -0.111272179856 -0.0645245825809 0.105086874388
v -0.104379169686 -0.0646902763125 0.105303662427
v -0.102435557104 -0.0574646051237 0.106673823535
v -0.107880322475 -0.0574720919247 0.106477677148
v -0.134045586661 -0.133437155929 -0.118961985353
v -0.125822200166 -0.133178507422 -0.118405080871
v -0.123782369569 -0.125530186086 -0.11817347918
v -0.131802758963 -0.12563244192 -0.118714787727
v -0.106006034555 -0.049856497209 0.106450206507
v -0.100434830256 -0.0499495076833 0.106652163951
v -0.0989988611629 -0.0445557440796 0.106636618354
v -0.104703387022 -0.0445635880632 0.106431114156
v -0.128727688205 -0.118720880661 -0.117564712992
v -0.121888094354 -0.118474840622 -0.117081313673
v -0.120108026243 -0.111844866596 -0.116054995546
v -0.125700154129 -0.111916163346 -0.116432416949
v -0.114013727431 -0.0791577448915 -0.0147545422266
v -0.11004079662 -0.0794882785762 -0.0147832214162
v -0.109622491516 -0.0775857814934 -0.0209411784882
v -0.119471548922 -0.0770824173699 -0.0198659922322
v -0.116275185302 -0.079967295794 -0.0115684648819
v -0.110280261136 -0.0805773892251 -0.0112580141068
v -0.109666966599 -0.078573589678 -0.00569484676081
v -0.115599972443 -0.0777611923028 -0.00544363921168
v -0.115045119956 -0.0759483387777 -0.0004105970853
v -0.10905019579 -0.0765584322088 -0.000100146310184
v -0.106237631953 -0.0665265274963 0.00976273138903
v -0.108383053675 -0.0666622195627 0.00931821924808
v -0.104246287294 -0.0384533906834 0.105514007373
v -0.0974109950298 -0.0385460130174 0.105775836525
v -0.0957520972265 -0.0322674423935 0.104876548447
v -0.103784346939 -0.0322784871037 0.104587188547
v -0.119818494028 -0.100660574159 -0.113812232618
v -0.117066307418 -0.100552899436 -0.113612049851
v -0.116332984872 -0.0978305392897 -0.113023084447
v -0.118353104889 -0.0978562947793 -0.113159425487
v -0.109517701413 -0.0709539212059 -0.0345986191464
v -0.108067869369 -0.0710135824629 -0.0345692386163
v -0.107822117476 -0.0700232277845 -0.0358213865197
v -0.110664942436 -0.0699782404847 -0.0357885295259
v -0.111059564829 -0.0718002385754 -0.0334867070569
v -0.10830829462 -0.0719824713257 -0.0333442308645
v -0.108893445431 -0.0744473220388 -0.0283797897497
v -0.115988620894 -0.0741057281116 -0.0284911349911
v -0.121473883338 -0.0766713745559 -0.0229318507236
v -0.109608013308 -0.0774573206704 -0.0223173694647
v -0.10961206926 -0.0774933079223 -0.0219318407869
v -0.121894991963 -0.076731856357 -0.0220134142842
v -0.117783687301 -0.064614503507 0.0105417526662
v -0.105917817271 -0.0654004496215 0.0111562339251
v -0.105242628202 -0.0629738444033 0.0131834758934
v -0.113147965985 -0.0599663234273 0.0147765092626
v -0.1049092381 -0.0517054534939 0.0223026319261
v -0.102157967892 -0.0518876862442 0.0224451081185
v -0.101116898732 -0.0481154600288 0.0250013531476
v -0.112679010639 -0.0484583005081 0.0236803627411
v -0.103875859708 -0.0283439477124 0.10366667836
v -0.0947492532238 -0.0284552825256 0.104024340992
v -0.0926060313348 -0.0203081485236 0.102203051075
v -0.104062396571 -0.020323901549 0.101790338222
v -0.120352725562 -0.0901093635602 -0.111627135837
v -0.114349270435 -0.0904723865179 -0.111316243281
v -0.112401158649 -0.0833039533557 -0.108568984949
v -0.12322599282 -0.0834910029204 -0.109435232291
v -0.107983943976 -0.0626348278306 -0.0460342032078
v -0.106019854826 -0.0627072846631 -0.045988932695
v -0.105684293071 -0.0613581322377 -0.0476405973778
v -0.109505932196 -0.0613062210474 -0.0476201239514
v -0.110133150429 -0.0638280012819 -0.0445329002451
v -0.106355416581 -0.0640564370886 -0.0443372680121
v -0.107051276107 -0.0668873129419 -0.0402970050776
v -0.11529036615 -0.0665646121901 -0.0404746501584
v -0.101522693009 -0.0356953021678 0.0335721743311
v -0.0977449591608 -0.0359237379745 0.0337678065642
v -0.0963336158736 -0.0308069343992 0.037178977733
v -0.106679421727 -0.0310911274696 0.0360594226321
v -0.0921798169914 -0.0105622530869 0.0988956236404
v -0.0900698233454 -0.0106088285368 0.0989646928401
v -0.0896167502962 -0.00886111328117 0.0981073653046
v -0.0927591188919 -0.00885105890044 0.0980339306801
v -0.0969814839946 -0.0137491802506 0.100372352298
v -0.0909780288668 -0.0141122032083 0.100683244854
v -0.0922528158092 -0.0189638605853 0.10187331008
v -0.104137167005 -0.0188227440129 0.101405051231
v -0.119105522958 -0.0775940695052 -0.107173998801
v -0.110658974335 -0.0768825848612 -0.10631057217
v -0.108386657222 -0.068507245118 -0.103364942384
v -0.112809525769 -0.0685836708279 -0.103718878349
v -0.105056724842 -0.0530182140621 -0.0565559410124
v -0.103606892798 -0.0530778753191 -0.0565265604823
v -0.103355127296 -0.0520678725525 -0.0577241592158
v -0.106141103263 -0.0520251770325 -0.0576958105919
v -0.106670857093 -0.0539197062416 -0.0554477714083
v -0.103864236185 -0.0541102547834 -0.0553024288465
v -0.104820787821 -0.05791945937 -0.0512756660106
v -0.113059877864 -0.0575967586182 -0.0514533110914
v -0.0956002689821 -0.017749093095 0.0449730387612
v -0.0927936480742 -0.0179396416368 0.045118381323
v -0.0917416743858 -0.0141235729079 0.0476209532981
v -0.103353870298 -0.0144622538001 0.0463098564262
v -0.0943816014444 -0.00284792265063 0.0953614119898
v -0.0880907140661 -0.00299297186563 0.0955632965242
v -0.0867101444601 0.00231579965752 0.0932617364666
v -0.0957850612102 0.00234483592915 0.0930496629672
v -0.114485481596 -0.0543403590146 -0.10022912894
v -0.105714641438 -0.0551642479584 -0.0997749256758
v -0.104804459912 -0.0552497458677 -0.0997277913748
v -0.104464442892 -0.0540120638459 -0.0989980319422
v -0.109297156038 -0.0472021673959 -0.0614271177902
v -0.102201980575 -0.0475437613231 -0.0613157725487
v -0.100793793849 -0.042019058128 -0.0657017384656
v -0.112809345293 -0.0418349179115 -0.0655794745435
v -0.0919166013225 -0.00228245251897 0.0534830107361
v -0.0881648233228 -0.00105852311947 0.0544599790381
v -0.0873819005708 0.00180123384393 0.055956946275
v -0.0881015844046 0.00178024357088 0.055875689015
v -0.0842402737209 0.0134861007439 0.089570759472
v -0.083794966739 0.0134624468821 0.0895763000309
v -0.0837112515282 0.0137942395619 0.0892532397517
v -0.0845115256881 0.0138094667947 0.0892695796426
v -0.0935743707194 0.0139819102624 0.0894546236022
v -0.084803530561 0.0131580213186 0.0899088268666
v -0.0838933490352 0.0130725234093 0.0899559611676
v -0.0860009275598 0.00502414340501 0.0924294034935
v -0.0961348705064 0.00528404242038 0.0921213412635
v -0.097171415932 0.0139934194349 0.0893705635511
v -0.117456507024 -0.0537839699532 -0.10038298529
v -0.103992967853 -0.0522744538211 -0.0983838892342
v -0.100446692229 -0.0392047394716 -0.0937645156983
v -0.107747150422 -0.0394439068099 -0.0946613860159
v -0.102861286004 -0.0343184770319 -0.0696478468917
v -0.0988883551924 -0.0346490107167 -0.0696765260813
v -0.0980094237886 -0.0312415226126 -0.0716561625637
v -0.104116624989 -0.0310828478307 -0.0714139758264
v -0.109954050682 -0.0388165671788 -0.0667119616933
v -0.100423703721 -0.0406013317086 -0.0662184269096
v -0.100690116118 -0.0416218936346 -0.065846484519
v -0.112973038821 -0.0408604420693 -0.0659280580163
v -0.09642333188 0.0053919600004 0.0560245840694
v -0.0868929849181 0.0036071954706 0.0565181188532
v -0.0832451633688 0.016997319505 0.0622697841003
v -0.0909976417495 0.0166913365952 0.0611735075634
v -0.0863347554756 0.0213003459749 0.086106918015
v -0.081841313431 0.0209860133172 0.086113377454
v -0.0808078949286 0.024960536364 0.084378137235
v -0.087255481159 0.0250832179419 0.0845097831896
v -0.0965453961472 0.0145382993238 0.0893007672528
v -0.0971645019025 0.0140898219429 0.0893558394283
v -0.106119275524 -0.03333479676 -0.0945770855294
v -0.0986569867542 -0.0324883095347 -0.0936718347174
v -0.0969861385976 -0.0262179288834 -0.0935853088347
v -0.104286596791 -0.0264570962217 -0.0944821791524
v -0.10221704273 -0.0239540708713 -0.0713156048098
v -0.0962840368857 -0.0247664682465 -0.0715668123589
v -0.0945488701574 -0.0182547120244 -0.0714769557001
v -0.100656071358 -0.0180960372425 -0.0712347689628
v -0.0894792038817 0.022389749936 0.0612521407871
v -0.0815099966405 0.0235090757271 0.0623596407592
v -0.0797846097376 0.0299841300932 0.0624489909639
v -0.0875370881183 0.0296781471834 0.061352714427
v -0.0854394198079 0.0318985565543 0.0846038290255
v -0.079137046772 0.0312309170153 0.0844646631177
v -0.0773473412974 0.0379473469522 0.0845573440986
v -0.0837949275278 0.0380700285301 0.0846889900532
v -0.104103820702 -0.0153799272499 -0.0996915083494
v -0.105526633537 -0.0230184390826 -0.0962786840922
v -0.0959527200952 -0.0222434058366 -0.0953205490537
v -0.0940827819979 -0.0150516320813 -0.0984604113515
v -0.0931135026204 -0.00526978865167 -0.0658398637226
v -0.090901048608 -0.00486458799002 -0.0657252904529
v -0.0904121329553 -0.00305862636334 -0.0651641178748
v -0.102427684399 -0.00287448614687 -0.0650418539528
v -0.0776163304774 0.0403267887805 0.056590495317
v -0.0771039174082 0.0403645011152 0.0566393129193
v -0.0770002396772 0.0407616656085 0.0564945668658
v -0.0777199235109 0.0407406753355 0.0564133096057
v -0.0795827838179 0.0389387385276 0.0568966820401
v -0.0773703298056 0.0393439391892 0.0570112553098
v -0.0891767671088 0.0324358833331 0.0593602227131
v -0.0789056783338 0.0333916181973 0.0604693544815
v -0.0751064024957 0.0512846544711 0.0892900669936
v -0.073801065673 0.0510170613016 0.0891767176344
v -0.0733295906346 0.0527546713265 0.0897908603425
v -0.0741298647944 0.0527698985593 0.0898072002334
v -0.0831927098257 0.0529423420271 0.089992244193
v -0.0867897550384 0.0529538511995 0.0899081841419
v -0.0950915289525 -0.00641086567332 -0.101876674777
v -0.0917931059664 -0.00628153592442 -0.101636575093
v -0.091083889066 -0.00357319217694 -0.102468908066
v -0.0955067576134 -0.00364961788689 -0.102822844031
v -0.093900684491 -0.0143299159287 -0.0991631327673
v -0.0939990667872 -0.0147198394015 -0.0987834716306
v -0.0975345479864 0.00280865157609 -0.0620741172686
v -0.0896292102034 -0.000198869399939 -0.0636671506378
v -0.0860523591404 0.0128661803885 -0.0568281248978
v -0.0888383351073 0.0129088759086 -0.056799776274
v -0.0821283815604 0.0458899168742 0.0515411874733
v -0.0755920529515 0.0462863688036 0.052108600949
v -0.0744389062297 0.0508104800331 0.048516987616
v -0.0860511021415 0.050471799141 0.0472058907441
v -0.0729895736145 0.0539923533483 0.090520619775
v -0.069407376304 0.0672498525986 0.0941577707846
v -0.0866763366045 0.0531494251716 0.0899633066833
v -0.0784822930541 0.0672788888702 0.0939456972851
v -0.0971216955918 0.0014632665097 -0.105298337732
v -0.0897033194601 0.00173557934622 -0.104770468124
v -0.0881772832299 0.00760372076175 -0.107314536904
v -0.0990021174017 0.00741667119701 -0.108180784246
v -0.0967077039763 0.0157555940136 -0.054931823496
v -0.085000385452 0.0166822491173 -0.0543255529228
v -0.0814604176526 0.0295495418797 -0.0463861493327
v -0.0852820567773 0.02960145307 -0.0463656759063
v -0.0782561074569 0.0563865175838 0.0416392262643
v -0.0729732457048 0.0566620668506 0.0420684944108
v -0.072109740455 0.0601007397183 0.0384334257781
v -0.0824555463085 0.0598165466478 0.0373138706772
v -0.0856371158652 0.0519262071602 0.0454889866735
v -0.0739297973409 0.052852862264 0.0460952572467
v -0.0869888213705 0.0511286431709 0.0462634027831
v -0.0741871407284 0.0518204827997 0.0473193888826
v -0.0725941258653 0.0760265806047 0.0971083035736
v -0.067135059191 0.0756251923418 0.0971034005707
v -0.0653928748777 0.0820465608363 0.0993618133497
v -0.0685352434734 0.082056615217 0.0992883787252
v -0.087121735406 0.0176656556701 -0.111181700509
v -0.085541217717 0.0177064680659 -0.11108048168
v -0.0851880021914 0.0190507560042 -0.111410222675
v -0.0872081222083 0.0190250005146 -0.111546563715
v -0.0946260568743 0.0122904373651 -0.110294864734
v -0.0868160046594 0.0128548106889 -0.109890416454
v -0.0995925291558 0.00892707214935 -0.109008994507
v -0.0877242101807 0.00935143601738 -0.10817186444
v -0.0905122517611 0.033910250868 -0.0435168201361
v -0.0800490743654 0.0346663454551 -0.0429749781639
v -0.0766771347946 0.0468580675094 -0.0342085247474
v -0.0795199597555 0.0469030548091 -0.0341756677536
v -0.0760256191713 0.0653543711557 0.0306605653313
v -0.0707427574192 0.0656299204225 0.0310898334778
v -0.0699719160505 0.068765835265 0.0266142149199
v -0.0815340279576 0.0684229947858 0.0252932245134
v -0.0819017943414 0.0620429499821 0.0345882544402
v -0.0714386169457 0.0627990445692 0.0351300964123
v -0.0839590558985 0.0608407428544 0.0358089159028
v -0.0717741787004 0.0614498921437 0.0367817610952
v -0.0712548153064 0.0886506206746 0.101704623402
v -0.0634447630915 0.0892149939985 0.102109071681
v -0.0614610486538 0.0965731467703 0.103815912847
v -0.0729174138898 0.0965573937449 0.103403199994
v -0.0874961602635 0.0270815300719 -0.113517511277
v -0.0830447803024 0.0271978900061 -0.113231512592
v -0.0820419362997 0.0310100498741 -0.114083720046
v -0.0876340641859 0.0309387531242 -0.11446114145
v -0.0873909576125 0.0497178920762 -0.0322610139116
v -0.0756360656345 0.0506302937248 -0.0316522797183
v -0.0763031833236 0.0604925224844 -0.0233676157951
v -0.072551405324 0.0617164518839 -0.0223906474931
v -0.0726047438985 0.0640865095963 -0.0204011327697
v -0.071876216255 0.0641430571021 -0.0203634055248
v -0.071556401573 0.0652691349769 -0.0189699029888
v -0.081405458979 0.0657724991004 -0.0178947167327
v -0.0686943773353 0.0761982030682 0.0126758515849
v -0.068181964266 0.0762359154028 0.0127246691872
v -0.0681715420097 0.076328388974 0.0117340068885
v -0.0703169637317 0.0761926969075 0.0112894947475
v -0.0689145478615 0.0761433806452 0.0130724706202
v -0.0681860202179 0.076199928151 0.013110197865
v -0.0754369167038 0.0727934775899 0.0186052046742
v -0.0689005880949 0.0731899295194 0.0191726181499
v -0.0812406308841 0.0698126771577 0.0235283250714
v -0.0694857389061 0.0707250788063 0.0241370592648
v -0.0825278447994 0.0690643503148 0.024306080917
v -0.0697261641573 0.0697561899435 0.0253620670166
v -0.0713716252628 0.0995675331465 0.104080692006
v -0.060727726108 0.0992955069165 0.104404878251
v -0.057686007283 0.110587474077 0.106847823946
v -0.0657182569957 0.110576429367 0.106558464046
v -0.0872225849945 0.0371007891101 -0.115428357017
v -0.0803830384964 0.0372886204979 -0.114983008125
v -0.0787951723633 0.0432983515602 -0.115843789953
v -0.0868155617567 0.043196095727 -0.1163850985
v -0.0766360079797 0.0744334146571 -0.00951572610077
v -0.0687438377358 0.0753010396894 -0.00910702528956
v -0.0760962741684 0.0761968713675 -0.00461982481106
v -0.0681270669272 0.0773161971585 -0.00351232483894
v -0.0754059426341 0.0784523716734 0.00164214169584
v -0.0675137723902 0.0793199967057 0.00205084250705
v -0.0780243256811 0.0772751511927 0.00446691804794
v -0.0677532369061 0.0782308860568 0.00557604981642
v -0.0627395277813 0.117369821352 0.107651449567
v -0.0559059391721 0.117217448102 0.107874142073
v -0.054011663957 0.124272793567 0.10896630758
v -0.0597161898163 0.124264949583 0.108760803383
v -0.0855285626295 0.0484426959676 -0.116407659203
v -0.0773592032706 0.0486921151639 -0.115859335551
v -0.0753584764227 0.0562072126043 -0.115880995135
v -0.0836498457234 0.0561015019168 -0.116440592537
v -0.0574941841769 0.132018537246 0.109001139724
v -0.0519718333603 0.131921114903 0.109197909272
v -0.0505272526351 0.137337553699 0.109361926489
v -0.0559720180065 0.137330066898 0.109165780102
v -0.0801905104598 0.0631777373453 -0.114997169832
v -0.0734148638402 0.063432883793 -0.114510834026
v -0.0716277421916 0.0700767764716 -0.113250992121
v -0.0768503520223 0.0700101908866 -0.113603474176
v -0.0619353908655 0.103164636463 -0.0202158498582
v -0.0614900838835 0.103140982601 -0.0202103092993
v -0.0614202025924 0.103427576115 -0.0206588564453
v -0.0623462037718 0.103449469863 -0.0206281250103
v -0.0712694878639 0.103660445982 -0.020331985728
v -0.0623382040358 0.10295905035 -0.0198694737911
v -0.0615495470922 0.102897115185 -0.0198286327141
v -0.0617669188611 0.101696695464 -0.0126945709432
v -0.0662603609057 0.102011028122 -0.0127010303822
v -0.0743398692583 0.103817366566 -0.0199968032085
v -0.068241038596 0.101532279684 -0.00908098753189
v -0.0618870490451 0.101033285295 -0.00875194233854
v -0.0612931404876 0.102973745591 -0.00336462434649
v -0.0675955135235 0.10364138513 -0.00322545843873
v -0.0670109732503 0.1055512367 0.00207688026472
v -0.0606569836994 0.105052242311 0.00240592545807
v -0.0581876476742 0.113792036305 0.0123260911032
v -0.0594929844969 0.114059629474 0.0124394404625
v -0.0675792918269 0.11571731703 0.0131416176618
v -0.0586480079988 0.115015921399 0.0136041295987
v -0.0578593510552 0.114953986234 0.0136449706757
v -0.057544419203 0.116090811366 0.0144982015265
v -0.0558490214738 0.143314948481 0.107989794879
v -0.0489748778683 0.143227157504 0.108256614397
v -0.0473368796038 0.149441611008 0.107090337202
v -0.0557233481637 0.149430079231 0.106788216652
v -0.0731216468371 0.0804323016878 -0.109181245849
v -0.0688388849231 0.0803195789937 -0.108959460432
v -0.0673051801535 0.0858800022584 -0.10525254551
v -0.0768728307435 0.0857146764114 -0.106018187898
v -0.0631834692793 0.106019843348 -0.0438269684889
v -0.0610734756333 0.105973267898 -0.0437578992892
v -0.0609151529038 0.106757953938 -0.047288893806
v -0.0669883809078 0.106840449559 -0.0472563580845
v -0.0642768733165 0.105664049461 -0.0421582051897
v -0.0611524574939 0.105581814545 -0.0419964054259
v -0.0613248546396 0.104621270997 -0.0361806346721
v -0.0676157420179 0.104766320212 -0.0363825192064
v -0.0705038888755 0.103989777574 -0.0313865068396
v -0.0614808183413 0.103752289514 -0.0309192416726
v -0.0614655564188 0.103670532696 -0.0283358667698
v -0.0715994993654 0.103930431711 -0.0286439289997
v -0.0748459826751 0.103754579659 -0.0205171966758
v -0.074859619047 0.103768357662 -0.0204307699019
v -0.071155786638 0.115811450708 0.0129564067141
v -0.0710629186056 0.115924400175 0.0131126801522
v -0.0643535621471 0.124084562656 0.0244028321434
v -0.0553304916129 0.123847074595 0.0248700973104
v -0.0537521294777 0.129432313773 0.0312314349725
v -0.059211196152 0.129833702036 0.0312363379754
v -0.0556664158968 0.133796748576 0.0359468693866
v -0.0525420000741 0.133714513659 0.0361086691504
v -0.0511283616292 0.138734054719 0.0414866526145
v -0.058850803949 0.138521923868 0.0406509806704
v -0.0472873751128 0.158178053236 0.101163171366
v -0.0451029888673 0.158145884351 0.101245166011
v -0.0447383343794 0.159612006398 0.099450304318
v -0.0490457048785 0.15962578834 0.0993496445367
v -0.0497504052693 0.156792484997 0.102818242287
v -0.0454676433552 0.156679762303 0.103040027704
v -0.0466694033401 0.15202624641 0.105644032353
v -0.0568871855992 0.152112782762 0.105218697194
v -0.0735436179066 0.0935347798152 -0.0981089297573
v -0.065183723762 0.0934394670659 -0.0976760075809
v -0.0642303805462 0.096731087982 -0.0923122343678
v -0.0711233907159 0.0968967817135 -0.0925290224068
v -0.0686210693692 0.100372822785 -0.0867598444845
v -0.0631935569638 0.10031094268 -0.0864787774707
v -0.0625165294013 0.102504003039 -0.0799850719104
v -0.0680877337011 0.102597013514 -0.0801870293542
v -0.0677170604522 0.104142846753 -0.0756188617173
v -0.0620306106684 0.104078014453 -0.0753243854747
v -0.061723182461 0.104939644133 -0.0698827384031
v -0.0685584747254 0.105032266467 -0.0701445675559
v -0.0694087994669 0.105931105021 -0.0646123013273
v -0.0614020017473 0.105839817992 -0.0641976644629
v -0.0612919289406 0.106062521053 -0.0606555730033
v -0.0704185354251 0.106173855866 -0.0610132356349
v -0.0724767506804 0.106668671851 -0.0536770089187
v -0.061056687519 0.10653846953 -0.0530856140383
v -0.0610259798115 0.106586089421 -0.051827942982
v -0.0729103310074 0.106727205994 -0.0522962018315
v -0.0614061625693 0.142839284997 0.0467438012508
v -0.0499860994079 0.142709082677 0.0473351961312
v -0.0495752846802 0.144134774776 0.049511573586
v -0.0602191838351 0.144406801006 0.0491873873406
v -0.0558780806645 0.150139632201 0.0581242444354
v -0.0478712829449 0.150048345171 0.0585388812998
v -0.04698398603 0.15308886239 0.063959498341
v -0.0538175746391 0.153241235639 0.0637368058348
v -0.0517262109584 0.156389287965 0.0694334196386
v -0.0460397611746 0.156324455665 0.0697278958812
v -0.0452803685037 0.158824675619 0.0762619264725
v -0.0508027193203 0.158922097962 0.076065156925
v -0.0501700891841 0.16065717803 0.0806081724647
v -0.0447425767787 0.160595297924 0.0808892394785
v -0.0445139012972 0.161162864648 0.0862992925311
v -0.0513880449027 0.161250655625 0.0860324730127
v -0.0526325070301 0.161857049092 0.0915748227851
v -0.0442726128855 0.161761736343 0.0920077449615
v -0.0444389150546 0.160994099982 0.0946653714199
v -0.0546566973136 0.161080636334 0.0942400362605
v -0.121210241446 -0.160543616588 -0.102183399646
v -0.119154520412 -0.160254530381 -0.10189748423
v -0.118994316622 -0.159515043608 -0.104457654271
v -0.126364012503 -0.160224873294 -0.10665881822
v -0.122699910421 -0.161235081046 -0.100654518107
v -0.119243500099 -0.160665252883 -0.100475525807
v -0.124691249155 -0.160911370292 -0.0941151011475
v -0.118935240376 -0.1599001601 -0.0931826519015
v -0.126025783941 -0.160694429168 -0.0897325823611
v -0.118773536206 -0.159498814465 -0.0893570203242
v -0.125203242576 -0.158514529464 -0.0840996930874
v -0.118005829959 -0.156971222943 -0.0827514573613
v -0.124393416654 -0.156368328235 -0.078553881115
v -0.11747635181 -0.155227972205 -0.0781956767269
v -0.121236641381 -0.15194744997 -0.0711471774376
v -0.116146837314 -0.150672099588 -0.0700734925827
v -0.11955830794 -0.149597042611 -0.0672093239664
v -0.115644830039 -0.148951861711 -0.0670066621455
v -0.113771654797 -0.142451191304 -0.0570831221862
v -0.1146450562 -0.142271931613 -0.0566153513054
v -0.115929842323 -0.14200823801 -0.0559272535605
v -0.122527279491 -0.140768869379 -0.0527111796606
v -0.104859254211 -0.105837624863 0.0444935566089
v -0.105175031758 -0.105382286465 0.0532491520909
v -0.10217638729 -0.104869333569 0.0537258693478
v -0.102419969487 -0.105362157389 0.0458875081167
v -0.106027589138 -0.105388515432 0.0555272217963
v -0.102114111237 -0.104743334532 0.0557298836173
v -0.107451962764 -0.104628865413 0.062107096254
v -0.101699853237 -0.103582292768 0.0630624763338
v -0.10840256716 -0.104121887023 0.0664984002409
v -0.101485502316 -0.102981530993 0.066856604629
v -0.107985609393 -0.102252186947 0.0721083039213
v -0.100801305119 -0.100765246409 0.0734190776912
v -0.107574803755 -0.100410073924 0.0776354345881
v -0.10032255602 -0.0992144592203 0.078010996625
v -0.103696703197 -0.0953849934894 0.0852721904471
v -0.0988424738548 -0.0941041596632 0.086338349189
v -0.101788799545 -0.0929128117691 0.0890292344354
v -0.0983323892222 -0.0923429836062 0.0892082267352
v -0.0971973076627 -0.0882983050842 0.0932620402012
v -0.103675386664 -0.0877324966491 0.0946185909022
v -0.118979753161 -0.151575763016 -0.113162060579
v -0.116924032126 -0.151286676809 -0.112876145163
v -0.11656690011 -0.149903772124 -0.113649988062
v -0.119929463764 -0.150096282373 -0.114290901981
v -0.125302543003 -0.155957151691 -0.111883465128
v -0.11756703172 -0.153776532409 -0.111482876996
v -0.129898163782 -0.15886884662 -0.10997128604
v -0.118280674171 -0.156645788009 -0.107970265633
v -0.113449093632 -0.1413089218 -0.0557987864887
v -0.11313880345 -0.140207144813 -0.05461833227
v -0.120127905689 -0.133527428704 -0.0450504846936
v -0.110492675001 -0.130811283765 -0.0445515184426
v -0.107715345853 -0.120983344269 -0.0333579348434
v -0.107745628919 -0.120976976932 -0.0333412956842
v -0.107789210201 -0.120967813504 -0.0333173497638
v -0.11424564865 -0.119092289526 -0.0283368423161
v -0.101638883473 -0.100873028423 0.0224719892192
v -0.107573053867 -0.103597848442 0.0288838887687
v -0.101780667523 -0.102112779149 0.0301277925686
v -0.101555171169 -0.100856383247 0.0225207345011
v -0.111517448269 -0.10539472959 0.0330545898827
v -0.101882217581 -0.102678584651 0.0335535561336
v -0.113772735301 -0.106497092326 0.0351692535752
v -0.10206481175 -0.103583565859 0.0376258647042
v -0.102378505521 -0.105138308654 0.0446220236808
v -0.102391575684 -0.105208869668 0.0450209263835
v -0.101931301435 -0.0795969683814 0.100116023007
v -0.0941957901521 -0.0774163490997 0.100516611139
v -0.092703616912 -0.0719359553916 0.10281278772
v -0.101878963993 -0.071525814069 0.103651785445
v -0.120230272584 -0.142975663148 -0.116072423014
v -0.114474263805 -0.141964452956 -0.115139973768
v -0.113376527079 -0.137799714815 -0.115921577349
v -0.120431865526 -0.138203640242 -0.117266344343
v -0.107694646989 -0.120908056101 -0.0333124527507
v -0.10756699718 -0.120447272251 -0.0329666168029
v -0.114886246095 -0.113021116483 -0.0225907059432
v -0.103519936237 -0.10583839558 -0.02200209471
v -0.102627349771 -0.102679237915 -0.01841627022
v -0.105485114292 -0.100962821907 -0.0137599745904
v -0.107121080938 -0.0999802359313 -0.0110944140488
v -0.106370518239 -0.0975279440794 -0.00428609334001
v -0.105891015593 -0.095961278915 6.34537478104e-05
v -0.103341238832 -0.0956400445355 0.00886653961738
v -0.0997961698105 -0.0935961345059 0.0103697407993
v -0.0997220599884 -0.093186868425 0.0079374836049
v -0.111196050058 -0.100964245434 0.0108828974467
v -0.0998297402001 -0.0937815245311 0.0114715086798
v -0.115353965004 -0.103952098913 0.0113396509639
v -0.10062220232 -0.097031528922 0.0165580864492
v -0.101544320261 -0.10081327102 0.0224768862324
v -0.101550097715 -0.10083622568 0.0225002327905
v -0.099430428537 -0.0661362509723 0.10459189517
v -0.0917474205764 -0.0683811521477 0.103486863944
v -0.0889728826809 -0.0580663915243 0.105442790734
v -0.0956290340335 -0.057768859159 0.106051432107
v -0.118511777719 -0.131610968748 -0.117035675886
v -0.111314365102 -0.130067662227 -0.11568744016
v -0.109892115757 -0.124734954683 -0.11552595844
v -0.116621372026 -0.125120211567 -0.116808573271
v -0.103797816945 -0.0920478329782 -0.014225505121
v -0.101767397694 -0.0994209127146 -0.018949172049
v -0.0994065810303 -0.0904758695801 -0.0204121413826
v -0.103082443397 -0.0882680918005 -0.0144228788844
v -0.105186741419 -0.0870042190135 -0.0109942431064
v -0.106059274815 -0.0928573838807 -0.0110394277763
v -0.105384061957 -0.0906512803895 -0.00491460210605
v -0.104573446882 -0.0850004194664 -0.00543107576043
v -0.103956676073 -0.0829852619973 0.000163624690196
v -0.10482920947 -0.0888384268644 0.000118440020324
v -0.0965921903224 -0.0815395295628 0.00992881624082
v -0.096021721467 -0.079416615583 0.0102917684947
v -0.094030376808 -0.0513434787701 0.106043044478
v -0.0875581010268 -0.0527522118304 0.105427474509
v -0.0855361867403 -0.0451575304802 0.105405585552
v -0.0924147900092 -0.0448500544341 0.106034568025
v -0.112314688239 -0.116076035682 -0.11506182117
v -0.107224884171 -0.114800685301 -0.113988136315
v -0.106217772431 -0.111049635193 -0.113407474806
v -0.1100249936 -0.111267602544 -0.114133141676
v -0.101646688608 -0.0831538753386 -0.0252562111097
v -0.0981982553417 -0.0855997892289 -0.0266923493132
v -0.0971612847666 -0.0814596343285 -0.0312564798076
v -0.102770981057 -0.0798300795841 -0.0269291506811
v -0.108803437067 -0.0780777178155 -0.0222757039973
v -0.104058405746 -0.0840648368092 -0.0220299796793
v -0.099313374424 -0.090051955803 -0.0217842553614
v -0.099347306783 -0.0902062838601 -0.0212847299958
v -0.105588539535 -0.0839507427198 -0.0174901382489
v -0.10910161818 -0.0778986257904 -0.0217898629134
v -0.107733501277 -0.0837908041193 -0.0111261286066
v -0.107426854009 -0.0827889043458 -0.00834454493361
v -0.106503435932 -0.079771847103 3.17391900061e-05
v -0.104360622529 -0.077060203165 0.00401749916174
v -0.10511324103 -0.0660208467666 0.0111978993925
v -0.100368209709 -0.0720079657603 0.0114436237105
v -0.095623178387 -0.0779950847541 0.0116893480285
v -0.0913459104683 -0.0624592296582 0.0214945206468
v -0.0918808746664 -0.0395774523976 0.105362450531
v -0.0844290646236 -0.0409673118994 0.104805414933
v -0.0822894228039 -0.0328692287941 0.103645515645
v -0.0911614263629 -0.0324726470362 0.104456775507
v -0.104777400895 -0.0971689701499 -0.110820558226
v -0.103644333763 -0.098042661887 -0.110761881659
v -0.102874071378 -0.0986366001121 -0.110721993155
v -0.102413967796 -0.0969413305021 -0.110114653421
v -0.100090243959 -0.0748136567904 -0.0366769166688
v -0.0960032215334 -0.0767604753235 -0.0377567025732
v -0.0950003815441 -0.0727191340254 -0.0428663437385
v -0.101963391703 -0.0712550871409 -0.0390404882577
v -0.103054603712 -0.0760335166765 -0.0330721653021
v -0.0969843250894 -0.0807142210467 -0.0327578122508
v -0.0970590570646 -0.081029017094 -0.0321237834103
v -0.105067823422 -0.0765749417082 -0.0295900850441
v -0.109282407674 -0.0777083904828 -0.02230050778
v -0.109346375825 -0.0776853283157 -0.0220448244132
v -0.105592211637 -0.0656515194339 0.0111730956099
v -0.105149920883 -0.0651570548194 0.0117607886809
v -0.0969042769838 -0.055938731595 0.0227171736809
v -0.090833998361 -0.0606194359653 0.0230315267322
v -0.0865857064283 -0.0452261087849 0.0334627983048
v -0.0903755660711 -0.0459796763824 0.0312559808014
v -0.0796522115557 -0.0212998088527 0.100940693646
v -0.0792763656047 -0.0214050278553 0.100889643018
v -0.0791721201766 -0.0210039123082 0.100711107987
v -0.0797045854663 -0.02095740572 0.100822609585
v -0.0814061593269 -0.0208087868404 0.10117892991
v -0.0802730921955 -0.0216824785774 0.101237606477
v -0.0795028298105 -0.0222764168025 0.101277494981
v -0.0817220422847 -0.030712417526 0.103163360986
v -0.0911015767722 -0.029087290269 0.103783262798
v -0.0909476811877 -0.0203822773731 0.102051410817
v -0.110659555361 -0.0930537511582 -0.111125169154
v -0.101986362023 -0.0953678769532 -0.109511636935
v -0.0983397761236 -0.0819495980464 -0.104369163302
v -0.107519352923 -0.0828337506931 -0.107110898355
v -0.0981264154878 -0.0660941032238 -0.0478304558014
v -0.0938145393875 -0.067944189274 -0.0488364075964
v -0.0927794153978 -0.0637823918646 -0.0539313795719
v -0.100140062036 -0.0623996497012 -0.050343261499
v -0.101412281465 -0.0675147079696 -0.0440812847693
v -0.0948496633772 -0.0721059866833 -0.0437414356209
v -0.094921169894 -0.0723968874529 -0.0433262582491
v -0.103699369916 -0.0684097709147 -0.0411340770935
v -0.0928018240451 -0.0393820088556 0.034023789807
v -0.0862392059575 -0.0439732875693 0.0343636389553
v -0.0818855653121 -0.0281892297693 0.0448862478655
v -0.08467033896 -0.0286937763751 0.043400718543
v -0.0812373361206 -0.0130112762101 0.0978108937789
v -0.0773726412535 -0.0140624780919 0.0973060437638
v -0.0763252045863 -0.0100220235875 0.095324031596
v -0.0819079981251 -0.00953441118344 0.0964931038607
v -0.0872883137928 -0.0166935678486 0.100874318982
v -0.0909534767514 -0.0191848673763 0.101790129122
v -0.0944062804879 -0.0671606920729 -0.0991893153619
v -0.0943679672931 -0.06719103626 -0.09918733129
v -0.0943413448314 -0.0672121213447 -0.0991859526297
v -0.0943218849261 -0.067141814507 -0.099134372274
v -0.0956292673883 -0.0568779496466 -0.0586342385348
v -0.0915422449623 -0.0588247681797 -0.0597140244392
v -0.0905148652368 -0.0547032489094 -0.0646010667536
v -0.0973979611406 -0.053290540343 -0.0609146611425
v -0.0987137107536 -0.0581894893069 -0.0550357057707
v -0.0925923863736 -0.0630376000622 -0.054718709284
v -0.0926906816085 -0.063429033881 -0.0543049191821
v -0.10146888163 -0.0594419173428 -0.0521127380265
v -0.0876431226425 -0.0220188761603 0.0453851043988
v -0.0815217982625 -0.0268669869156 0.0457021008855
v -0.0772290082108 -0.0112947515481 0.0559143487743
v -0.0817402146733 -0.0121740797877 0.0533363786882
v -0.0734449562974 0.00113552681752 0.0904797775001
v -0.0734263787174 0.00112588887291 0.0904743538114
v -0.0734219885214 0.00114381404951 0.0904476542948
v -0.0734543156354 0.00115166076951 0.0904683202302
v -0.0734951696114 0.00116157720405 0.0904944371804
v -0.0734568564165 0.00113123301699 0.0904964212524
v -0.0734302339549 0.00111014793233 0.0904977999127
v -0.0754262971951 -0.00656541123002 0.0938254549664
v -0.0826216110474 -0.00453572263821 0.0948128131339
v -0.0835604613356 0.0020407000054 0.0926021729062
v -0.0997941639603 -0.0609889587738 -0.0994683301675
v -0.0941840674664 -0.0666401508193 -0.098838582401
v -0.0898146472507 -0.0507352033384 -0.0894607412074
v -0.0999588257982 -0.0530042491926 -0.0960647910143
v -0.0927247354656 -0.0472824610509 -0.0691708548418
v -0.0892763021996 -0.0497283749412 -0.0706069930453
v -0.0883194108053 -0.0458498604381 -0.0758975182117
v -0.0941004473652 -0.044028081983 -0.0710439329705
v -0.0998814839251 -0.0422063035278 -0.0661903477294
v -0.0948474128509 -0.0479727504523 -0.065929655313
v -0.0901661338196 -0.0533350798026 -0.0656872324459
v -0.090367592208 -0.0541254563782 -0.0650597662093
v -0.0983763585649 -0.0496713809925 -0.0625260678431
v -0.100424589246 -0.0420948348587 -0.0658994747659
v -0.0863507651227 0.00200222365142 0.0565461980333
v -0.0813166940484 -0.0037642232731 0.0568068904498
v -0.0766354150171 -0.00912655262338 0.0570493133168
v -0.0725033553798 0.00582548115709 0.0675692139596
v -0.0759026092564 0.00861160556359 0.0867777646987
v -0.0721237858273 0.00628904568647 0.0854378392197
v -0.0710081189344 0.0107108240573 0.0811324369553
v -0.0770748406608 0.0121833918429 0.0850107441679
v -0.0788830530838 0.00733331050315 0.0902154223749
v -0.0836283751857 0.00429134970727 0.0920623078773
v -0.0915076629394 -0.0372052609279 -0.08794504058
v -0.0904246415345 -0.0404110067324 -0.0878889556612
v -0.0885327813588 -0.0460109171251 -0.0877909845374
v -0.0883844679805 -0.0456137912832 -0.0848211376471
v -0.0904148872319 -0.0382407115467 -0.0800974707191
v -0.0916702262173 -0.0350050823455 -0.0818635996538
v -0.0918038117053 -0.0331970975821 -0.0768662087046
v -0.0904107516419 -0.037320558516 -0.0767940682463
v -0.0879773049489 -0.0445235662234 -0.076668050737
v -0.0881948653552 -0.0453670160005 -0.076178034661
v -0.0944360981068 -0.0391114748603 -0.072383442914
v -0.094906617747 -0.0322193100973 -0.0742611856341
v -0.100078881915 -0.0416220050314 -0.0662005701037
v -0.100424422683 -0.0418139140281 -0.0659594681453
v -0.0865481631127 0.0025865221478 0.056535975659
v -0.0850428770525 0.00411800860569 0.0579908685476
v -0.0758129622115 0.0190493436297 0.0681860726514
v -0.0744199021481 0.0149258826958 0.0682582131096
v -0.0719864554551 0.00772287498839 0.068384230619
v -0.0716928212534 0.00873275347108 0.070109787562
v -0.0726264169236 0.0185531653593 0.0764848870431
v -0.0742660959141 0.021310901509 0.0744923953292
v -0.0730566827542 0.0230790943165 0.0794229763692
v -0.0719736613493 0.019873348512 0.0794790612879
v -0.0700818011737 0.0142734381193 0.0795770324118
v -0.0707193300508 0.0118215048423 0.0806475239366
v -0.0772036964214 0.0171646193324 0.0838342394282
v -0.0773838639425 0.0241294256004 0.0821892377488
v -0.0880471093081 -0.0242184503397 -0.0877658337164
v -0.0893960983124 -0.029280953786 -0.0878356919282
v -0.0897706439584 -0.0278763053861 -0.0817652286372
v -0.0882096725861 -0.0220182717573 -0.0816843927902
v -0.0883432580741 -0.0202102869939 -0.076687001841
v -0.0900784248025 -0.026722043216 -0.0767768584998
v -0.0940439242955 -0.0289817829143 -0.0742165105318
v -0.0914460641157 -0.0192324995091 -0.0740819787705
v -0.0723524085803 0.032036154218 0.068365279515
v -0.0740875753087 0.0255243979958 0.0682754228561
v -0.0723239801507 0.0285992987564 0.0745929689691
v -0.0708055422829 0.0342977120972 0.0746716021928
v -0.069596129123 0.0360659049047 0.0796021832328
v -0.0709451181273 0.0310034014584 0.079532325021
v -0.0764510985183 0.0276299197924 0.0822375415707
v -0.0739233103112 0.0371162361886 0.0823684446124
v -0.0832668442619 -0.0149293623882 -0.0899414087798
v -0.0797217752406 -0.0128854523587 -0.0884382075979
v -0.079432986357 -0.0117747715738 -0.0889231206166
v -0.0895771649045 -0.0140438174279 -0.0955271704235
v -0.0803593041177 -0.0153373856358 -0.0873677160731
v -0.078748284038 -0.0097967009875 -0.0779004712234
v -0.0784546498363 -0.00878682250482 -0.0761749142803
v -0.0779377499116 -0.00688942867352 -0.0753598976209
v -0.0887472045304 -0.0142852281616 -0.0728331273694
v -0.0837187864715 -0.00506765021835 -0.0705063123798
v -0.0894998230315 -0.00324587176319 -0.0656527271386
v -0.0900429283527 -0.00313440309407 -0.0653618541751
v -0.075969104229 0.040962655416 0.0570838186241
v -0.0643139082082 0.0429488055719 0.0674046173812
v -0.0622462399361 0.0443030684841 0.0683873509996
v -0.0621216944861 0.0447859129217 0.0681068345503
v -0.0624638003425 0.043459618707 0.0688773670756
v -0.0620566373109 0.0445498437667 0.0770304539858
v -0.0619083239325 0.0449469696086 0.080000300876
v -0.0606264580407 0.049671255822 0.081670057546
v -0.0713148564018 0.0421770459513 0.08351568187
v -0.0666931797671 0.0511438236075 0.0855483647586
v -0.0771035123318 -0.00222663913191 -0.098293281044
v -0.0930490821482 -0.0142735631937 -0.0984469583663
v -0.0783173194641 -0.00735299320289 -0.093228522881
v -0.0770191167699 -0.00220776156594 -0.0982383379561
v -0.0738056902742 0.00806260510696 -0.0648399969781
v -0.0732120970806 0.0102308040316 -0.0637050324357
v -0.0895365028839 -0.00238207981598 -0.0650898378502
v -0.0800951929845 0.0116435125981 -0.0600186268246
v -0.0615428293816 0.0524200294575 0.0567804811857
v -0.0600735130834 0.0530615088618 0.057269082548
v -0.0599262400546 0.053639301393 0.0568103830923
v -0.0644374465172 0.0527599731533 0.0542324130062
v -0.0602749714718 0.0522711322862 0.0578965487846
v -0.0611648030918 0.0486644274248 0.062816309384
v -0.0562026486846 0.0660132819872 0.091336161183
v -0.056257037825 0.0655762033029 0.0910478987397
v -0.0561192203653 0.0660778669905 0.0913436886127
v -0.0561515474793 0.0660857137105 0.0913643545481
v -0.0561924014553 0.0660956301451 0.0913904714984
v -0.0662576931795 0.0669747529464 0.0934982072241
v -0.0808071944406 0.00401639442076 -0.102860042428
v -0.0750148080962 0.0055014637136 -0.101616138628
v -0.0741159007051 0.00895807607107 -0.103114715257
v -0.0832954775048 0.00807392342434 -0.10585645031
v -0.0770108713365 -0.00217409544876 -0.098288483574
v -0.077014726574 -0.00218983638934 -0.0982650374728
v -0.0731133902711 0.0234242590295 -0.0537099776851
v -0.0689193070289 0.0258030393992 -0.0534927845468
v -0.0685555399793 0.0271252822528 -0.0526769315268
v -0.0759161866175 0.0285080244163 -0.0490888134538
v -0.0586078602547 0.0620438596239 0.0462638259048
v -0.0577504236829 0.0623650863645 0.0465142355208
v -0.0576616898935 0.0627184443482 0.0461406959106
v -0.0604464635414 0.0622138977424 0.0446551665881
v -0.06204280216 0.0595948721761 0.0467108324844
v -0.0578487189178 0.0619736525458 0.0469280256227
v -0.071589119027 0.0528299571343 0.0481017637883
v -0.0588988603291 0.0577608206633 0.0519233407779
v -0.05609976046 0.0661481738282 0.0913952689684
v -0.0521013291678 0.08088565053 0.0965784796411
v -0.0631653253121 0.0721680956458 0.0950308868694
v -0.0576841227065 0.081373262934 0.0977475519058
v -0.0736324182138 0.0197123251439 -0.109207696453
v -0.084776387589 0.0100850041092 -0.107553338554
v -0.0730684640379 0.0129985305755 -0.105096727425
v -0.0712689851148 0.0199399647917 -0.108501791648
v -0.0672563456921 0.0413205531063 -0.0423124989694
v -0.0642018993339 0.0429093400528 -0.0421543226167
v -0.0638553988631 0.0441621612685 -0.0412534819662
v -0.0708184090223 0.0456262081529 -0.0374276264855
v -0.0563773719692 0.0710117131958 0.0352851649718
v -0.0555199353973 0.0713329399365 0.0355355745878
v -0.0554407237473 0.071655186509 0.0350756600771
v -0.0592305833901 0.0709016189114 0.0328688425737
v -0.0586458882724 0.0694532522203 0.0357925756069
v -0.0555914419141 0.0710420391669 0.0359507519596
v -0.0684539925114 0.0626401636427 0.0377163737448
v -0.0566265659038 0.0668802417575 0.0410457239351
v -0.0491491382716 0.0949837731814 0.102132584751
v -0.0484547432686 0.0943039294368 0.101720953274
v -0.0480271374956 0.0958773829857 0.102323969759
v -0.0485596027853 0.0959238895739 0.102435471357
v -0.0502611766459 0.0960725084535 0.102791791682
v -0.0598026985067 0.0964990179208 0.103664272589
v -0.0717177074751 0.0291355171137 -0.111430761904
v -0.0687190630067 0.0296484700096 -0.110954044648
v -0.0681516824875 0.0318052812777 -0.111436199306
v -0.0719589036562 0.0315873139263 -0.112161866176
v -0.0709382754809 0.0212124692861 -0.109068178642
v -0.0711647396867 0.0203410803389 -0.108680326679
v -0.0645896470937 0.0567811259965 -0.0310802342506
v -0.0596071069304 0.0595554884488 -0.0308222103935
v -0.0590951948231 0.0613952821418 -0.0292852043081
v -0.0647048911133 0.0630248368862 -0.0249578751816
v -0.0707373471239 0.0647771986548 -0.0203044284978
v -0.0710355282367 0.0649562906799 -0.0198185874139
v -0.0670471510868 0.0768340697037 0.013169174892
v -0.054851364525 0.0793235901733 0.0238444983867
v -0.0533820482268 0.0799650695776 0.0243330997489
v -0.0532798205248 0.080395686812 0.0234657961462
v -0.0584393203653 0.076875911078 0.0247091047325
v -0.053456780202 0.0796502735303 0.0249671285895
v -0.0671281424559 0.0707656642781 0.0261444419223
v -0.054437883758 0.0756965278071 0.0299660189118
v -0.047567033913 0.0975726525957 0.102931309494
v -0.0442233328605 0.109985687676 0.105616791145
v -0.0587464039876 0.0986853919811 0.1040995203
v -0.0530953364194 0.110382269434 0.106428051007
v -0.0717641501954 0.0388567917376 -0.113551478674
v -0.0660120406678 0.0399033643829 -0.112596098595
v -0.0649049185511 0.0440935829638 -0.113196269213
v -0.0716341748206 0.0437083260793 -0.114478884044
v -0.0548179269044 0.0769311372377 -0.0194800316898
v -0.0544193838244 0.0783526680666 -0.018082452156
v -0.0694294590537 0.0668929836091 -0.0188597579835
v -0.0580952461911 0.0805604458462 -0.0120931896578
v -0.0601995442127 0.0818243186331 -0.00866455387978
v -0.0595862496757 0.0838281181803 -0.00310138653379
v -0.058969478867 0.0858432756494 0.00249331391683
v -0.0531614667804 0.0877880734315 0.012511312716
v -0.0510937985084 0.0891423363437 0.0134940463345
v -0.0510345242611 0.0894119220637 0.0126214577213
v -0.0511277308674 0.0889880082865 0.0139935717001
v -0.0522428499496 0.0845358417125 0.0189016656519
v -0.0508267756387 0.115824265303 0.107203033407
v -0.04321622112 0.113736737784 0.106197452653
v -0.0405489895344 0.123671007166 0.107735274779
v -0.0474275928033 0.123978483213 0.108364257252
v -0.070067308539 0.0502013237755 -0.11452893194
v -0.0628830042646 0.051688264314 -0.11321815817
v -0.0614682226104 0.0570024440078 -0.113233474395
v -0.0685235610579 0.0565985185813 -0.114578241389
v -0.0547825106392 0.0902959939346 -0.0113444004211
v -0.053848914969 0.0804755820464 -0.0177194999021
v -0.050719045303 0.0921229209086 -0.0157281672662
v -0.0535768098238 0.0938393369163 -0.0110718716366
v -0.0552127764698 0.0948219228918 -0.00840631109499
v -0.0574008936862 0.0891187734538 -0.00851962406895
v -0.0567105621519 0.0913742737598 -0.00225765756205
v -0.054462213771 0.0972742147437 -0.00159799038619
v -0.0539827111242 0.0988408799081 0.00275155670162
v -0.0561708283405 0.0931377304701 0.00263824372766
v -0.0486737075976 0.0983569651982 0.0111584883877
v -0.0478137555201 0.101615290398 0.0106255865587
v -0.0455842513258 0.130470356017 0.108550874644
v -0.0391267401893 0.129003714711 0.107896756499
v -0.0370645782126 0.136735767299 0.108130893688
v -0.0437207295651 0.137033299664 0.108739535061
v -0.0635479140567 0.066036370805 -0.112343706347
v -0.058693684715 0.0673172046312 -0.111277547605
v -0.0577374883794 0.0708720078752 -0.110603471381
v -0.0611000520328 0.0706794976267 -0.1112443853
v -0.0489095851563 0.0997819161086 -0.0302854927631
v -0.0488910075764 0.099772278164 -0.0302909164518
v -0.0488859341221 0.0997924357309 -0.0303114181625
v -0.0489162171882 0.0997988030674 -0.0302947790032
v -0.0489597984704 0.0998079664951 -0.0302708330828
v -0.048924620673 0.0997752285382 -0.0302690113793
v -0.0488967850306 0.0997493235035 -0.0302675698937
v -0.0498189029719 0.0959675814056 -0.0243487701105
v -0.0535977264009 0.0982901412827 -0.0230088446315
v -0.0554162369191 0.101683490474 -0.0252903256352
v -0.055835187318 0.0975790885298 -0.0195327111358
v -0.0506113650913 0.0927175770146 -0.0192621923411
v -0.0506449354809 0.0925321869895 -0.0181604244606
v -0.0571293018515 0.0978753014796 -0.0149737089691
v -0.0589387468192 0.0982894696367 -0.00859926272391
v -0.0586071922339 0.0993727483677 -0.00559174589352
v -0.0577086814735 0.102308426653 0.0025586050727
v -0.055701438403 0.104952020955 0.00666505533879
v -0.052144991281 0.109635959579 0.013940892254
v -0.0469211690543 0.104774448064 0.0142114110487
v -0.0428741081117 0.119383324734 0.0251759331416
v -0.0428197189713 0.119820403419 0.0254641955848
v -0.042809471742 0.119902751577 0.0255185059002
v -0.0427742939446 0.11987001362 0.0255203276038
v -0.0427464583022 0.119844108585 0.0255217690893
v -0.0427257594385 0.119919396752 0.0255672511821
v -0.0434348816793 0.142236259017 0.107870193806
v -0.0359668414861 0.14090050544 0.107349290106
v -0.0338742051812 0.148839824608 0.105859304401
v -0.0430495522626 0.149249965931 0.106698302126
v -0.0623832122466 0.0782859380761 -0.108625149516
v -0.0562453151393 0.0763524015833 -0.108307294801
v -0.0532437976286 0.0872343575677 -0.101052723862
v -0.0606134935094 0.0865245278816 -0.103253887812
v -0.048425375558 0.104250141154 -0.0527605594167
v -0.0480495296071 0.104144922151 -0.0528116100448
v -0.0480211358041 0.104298209872 -0.053678191778
v -0.0488945372072 0.104477469563 -0.0532104208973
v -0.0501793233293 0.104741163166 -0.0525223231524
v -0.048567103831 0.104233288046 -0.0524388333902
v -0.0480625997703 0.104074361137 -0.0524127073422
v -0.0483762935414 0.102519618343 -0.0454165483655
v -0.0522409884085 0.103570820225 -0.0449116983504
v -0.056776760498 0.105980531797 -0.0493062492524
v -0.0538485132776 0.103280954423 -0.0416181662554
v -0.0485588877101 0.101614637134 -0.041344239795
v -0.0486604377686 0.101048831633 -0.0379184762299
v -0.0558557516208 0.103078520225 -0.0369311180624
v -0.0584965338125 0.1028121918 -0.0307646986927
v -0.0590930040447 0.102937738998 -0.028702962386
v -0.0523462070841 0.122906976881 0.0250246402904
v -0.0497823955988 0.125975217077 0.0291589212712
v -0.0452380558578 0.131413653537 0.0364869083208
v -0.0399484302903 0.129747336248 0.0367608347813
v -0.0373023018409 0.139143197296 0.0468276486086
v -0.0379966968439 0.139823041041 0.047239280086
v -0.0391087352182 0.140911776313 0.0478984870171
v -0.0374965157199 0.140403901192 0.0479819767793
v -0.0369920116592 0.140244974284 0.0480081028273
v -0.0366694504941 0.141387243787 0.0492924385249
v -0.0357411419865 0.156291213391 0.100474388333
v -0.0321604311205 0.155581840492 0.100179581972
v -0.0314467886695 0.158451096092 0.0966669706093
v -0.0379248676705 0.159016904527 0.0980235213104
v -0.0390119706787 0.154646121386 0.10337433862
v -0.0328740735714 0.152712584893 0.103692193335
v -0.0335170731651 0.150222729293 0.105085461502
v -0.0438262297366 0.151636375399 0.105523284632
v -0.061019852884 0.0927514555682 -0.0974603790082
v -0.0521087160692 0.0912790360898 -0.0969989103965
v -0.0515986314365 0.0930402121468 -0.0941290328503
v -0.0592816393972 0.0952851133222 -0.0930240016244
v -0.0565830322858 0.0992186616948 -0.0861364474506
v -0.050118549271 0.0981505117038 -0.0858016802863
v -0.0496398001725 0.0997012988921 -0.0812097613525
v -0.0561120759537 0.101110031952 -0.0805941913833
v -0.0556361322549 0.103021431576 -0.0749932435411
v -0.0489556029756 0.101917583477 -0.0746472882903
v -0.0487412520548 0.102518345251 -0.0708531599951
v -0.0561930620977 0.103908204753 -0.0702961243972
v -0.0569435223269 0.105103127255 -0.0639667794086
v -0.0483269940545 0.103679387016 -0.0635205672786
v -0.0482647180015 0.103805386053 -0.0615165530092
v -0.057644252489 0.10543051331 -0.0608966511978
v -0.0594460906754 0.106272344768 -0.0530022083062
v -0.0597266407537 0.10636508263 -0.0519111239399
v -0.0483755025643 0.142442957915 0.0474186018633
v -0.0475939625598 0.143524659841 0.0492062156347
v -0.0434128035245 0.149311654435 0.0587697663541
v -0.0347962752521 0.147887914195 0.0592159784841
v -0.0342942679778 0.149608152072 0.0622828089214
v -0.0419048224965 0.151695679591 0.0632883896748
v -0.0396452827611 0.155267872788 0.0700590378148
v -0.0329647534818 0.154164024689 0.0704049930656
v -0.0324352753326 0.155907275426 0.0749607737
v -0.0388927864692 0.157373916733 0.0756148918451
v -0.0381320521007 0.159503016939 0.0812315694986
v -0.0316675690858 0.158434866948 0.0815663366628
v -0.031505864915 0.158836212584 0.0853919682401
v -0.0389739051082 0.160171966161 0.0859128719395
v -0.0401087420075 0.161073724845 0.0922233735342
v -0.0311976051927 0.159601305367 0.0926848421458
v -0.0312865848795 0.159190582865 0.0941068005688
v -0.0415957414511 0.160604228971 0.0945446236986
v -0.107852397708 -0.157992143877 -0.0998856306777
v -0.106769329957 -0.156861496758 -0.090622644851
v -0.104275509373 -0.156238618491 -0.0900978836076
v -0.104563190516 -0.156952635765 -0.0969039051207
v -0.107420346402 -0.156834602269 -0.088769088521
v -0.104212320971 -0.156081786485 -0.088602958983
v -0.106078137912 -0.153344311048 -0.0798181756081
v -0.10310640713 -0.152440682276 -0.0790873616633
v -0.105743732709 -0.152474720702 -0.077588095948
v -0.102915136575 -0.151810944226 -0.0774416153858
v -0.101391456453 -0.146589720565 -0.068133247132
v -0.102198657429 -0.146194166128 -0.0670649751328
v -0.102747395038 -0.145925267052 -0.0663387606704
v -0.108259524918 -0.144188229178 -0.0617109414283
v -0.0892166762355 -0.101716739873 0.0563977850923
v -0.0893164239291 -0.100380080178 0.0657396464667
v -0.0870017199643 -0.099781524318 0.0662400616721
v -0.0874472395969 -0.101030183125 0.0583541210009
v -0.0897528832148 -0.10022827949 0.0674641854079
v -0.0869242870811 -0.0995645030141 0.0676106659702
v -0.0891376014256 -0.0973399868284 0.0762080985882
v -0.0859484193901 -0.0964034252862 0.076970694722
v -0.0889693662165 -0.0965502470244 0.0785989284282
v -0.0857613407857 -0.0957974312409 0.0787650579661
v -0.0842755055336 -0.0906672679249 0.0871247789897
v -0.0857094048538 -0.0901307791995 0.0885627456129
v -0.0869412868313 -0.0896698746 0.0897981218647
v -0.0939644315311 -0.088730647649 0.0921701528994
v -0.105621909422 -0.149024290305 -0.110864291611
v -0.112148002862 -0.154978905625 -0.106591470557
v -0.103524623146 -0.15263503963 -0.104652694957
v -0.102521143663 -0.148600471448 -0.109591909868
v -0.104528102629 -0.156669607812 -0.0997134800457
v -0.104538046288 -0.156749815929 -0.0989172664173
v -0.10100269486 -0.145231156315 -0.0662484103161
v -0.100727569161 -0.144256867621 -0.0651529475152
v -0.11196096701 -0.140716886172 -0.0557217229511
v -0.0981796762559 -0.135234143631 -0.0550080504711
v -0.0952930694193 -0.124984393003 -0.0440263713228
v -0.0954470950198 -0.124940036807 -0.0439086250518
v -0.0956140193158 -0.124891966052 -0.0437810182557
v -0.101598390457 -0.122959066933 -0.0386265751141
v -0.0870035618961 -0.0967592669378 0.0343240563206
v -0.0940377826178 -0.100759014568 0.0398507155461
v -0.0869478095807 -0.0982641946079 0.0418158426462
v -0.086624519368 -0.0966618895099 0.0346056589189
v -0.100890378899 -0.104546273025 0.0446990872184
v -0.0871090881448 -0.0990635304845 0.0454127596984
v -0.101594476154 -0.104921838843 0.0452461381081
v -0.0872365468894 -0.099751633465 0.0493028134521
v -0.087471976058 -0.101022629136 0.0564881354467
v -0.0874660803212 -0.101024429568 0.0569328781176
v -0.0836169917528 -0.0883473385351 0.0899702724967
v -0.0793964451244 -0.073045811065 0.100171197464
v -0.0832718595081 -0.0763664217703 0.0986670092608
v -0.0802961457676 -0.072925491304 0.100475066733
v -0.0822506678544 -0.0726641069955 0.101135196525
v -0.0905752832524 -0.0720842149459 0.10247121198
v -0.102308353386 -0.138925789614 -0.112579966717
v -0.099814532802 -0.138302911347 -0.112055205474
v -0.0993855752219 -0.136675475595 -0.112360629145
v -0.102467964201 -0.136923160143 -0.113145152429
v -0.101767470409 -0.145712223198 -0.110664687154
v -0.102307558002 -0.147781962357 -0.10989592735
v -0.0951609406717 -0.124502641725 -0.043757555304
v -0.0907554674239 -0.108478573368 -0.0340773068655
v -0.092949726343 -0.110096433142 -0.0339842349439
v -0.0916644833935 -0.108184969224 -0.0332943555713
v -0.0925537965539 -0.107897728913 -0.03252837465
v -0.0968854742559 -0.105947143085 -0.0272717510942
v -0.10132169808 -0.103949479381 -0.021888257617
v -0.101687465753 -0.103593631594 -0.0209156086654
v -0.0976315020432 -0.0918926083318 0.0115853457728
v -0.0924483051193 -0.0900046963588 0.0169751619965
v -0.0864034698255 -0.0878029438316 0.0232609643331
v -0.101474202023 -0.100792491925 0.0225323988987
v -0.0853208302402 -0.0914843535175 0.0293785200734
v -0.084241014101 -0.087194087969 0.0250150081888
v -0.086550483252 -0.0963699426111 0.0343475192723
v -0.0865917812883 -0.0965327933153 0.0344915119758
v -0.0783962288407 -0.0693520398887 0.101334800981
v -0.0756109063031 -0.0589971857411 0.103298330468
v -0.0894038261167 -0.0694380933513 0.102906522969
v -0.0845072083189 -0.0583774700468 0.104726095766
v -0.0993866730553 -0.126440750332 -0.112754158407
v -0.0964149422738 -0.12553712156 -0.112023344462
v -0.0959011639001 -0.123610715463 -0.111965010236
v -0.0986189832367 -0.123829105114 -0.112656744007
v -0.0890858804408 -0.0967340973793 -0.0335405449351
v -0.0880947022575 -0.0984566012182 -0.0346197159822
v -0.0873902965033 -0.0958034039579 -0.0347633123084
v -0.0887755446869 -0.0953559810072 -0.0335701739099
v -0.0901307677868 -0.094918255894 -0.0324028966392
v -0.0906277438565 -0.0975804147488 -0.0324286328457
v -0.0955567999219 -0.0998859042851 -0.0274330607799
v -0.0940781948243 -0.0931407009216 -0.0276125730331
v -0.0988986693131 -0.0909700063615 -0.0217627796063
v -0.101042062366 -0.102451550729 -0.0218737765124
v -0.101463170991 -0.10251203253 -0.0209553400729
v -0.0990409566381 -0.0908315779724 -0.0213844093238
v -0.0952084732761 -0.0789131353126 0.0117108237835
v -0.0973518663286 -0.0903946796805 0.0115998268775
v -0.0927161450129 -0.0857464996007 0.0158345834738
v -0.0931921572341 -0.0781787184551 0.0138075168235
v -0.0839804410584 -0.0748234708125 0.0233864423438
v -0.0844774171281 -0.0774856296673 0.0233607061374
v -0.0836704532453 -0.0850603107327 0.0251825884372
v -0.0806850777592 -0.0738956362022 0.0260594273589
v -0.083444038736 -0.0541241238858 0.104724752572
v -0.0750580585208 -0.0569205879498 0.103292345417
v -0.0721742103624 -0.046088324697 0.103261125286
v -0.0812769059953 -0.0454542316398 0.104722014645
v -0.0938254418958 -0.110053852764 -0.110253404402
v -0.0934284232771 -0.110932749974 -0.110232844553
v -0.0928444031352 -0.112225620506 -0.110202600717
v -0.0921980573096 -0.109831418589 -0.109585616315
v -0.0898743334732 -0.0877037448771 -0.0361478795632
v -0.0861995983968 -0.0911453049122 -0.0382241506835
v -0.0847844710579 -0.0856092221121 -0.0423373066328
v -0.090437254666 -0.083783422843 -0.0374684656113
v -0.0959675148856 -0.0819971975482 -0.0327051561192
v -0.092838693226 -0.0889236047632 -0.0325431281965
v -0.0948519129354 -0.0894650297949 -0.0290610479384
v -0.0964716567477 -0.0817701788179 -0.0320933645294
v -0.0990664971879 -0.0905984785695 -0.0217714706743
v -0.0991304653392 -0.0905754164024 -0.0215157873076
v -0.0953763011509 -0.0785416075206 0.0117021327155
v -0.0949340103966 -0.0780471429061 0.0122898257866
v -0.0898171881572 -0.0619024124667 0.0230841828638
v -0.0866883664976 -0.0688288196817 0.0232462107866
v -0.0774952584689 -0.0622316100502 0.0319229953237
v -0.0763697959422 -0.0581161968716 0.0339918354105
v -0.0694363010695 -0.0341898969394 0.101469730751
v -0.0690794210186 -0.0343638765237 0.101372840155
v -0.0689562096905 -0.0338940003949 0.101240145093
v -0.0694284023914 -0.0338308525986 0.101399625751
v -0.0704542003279 -0.0336936694549 0.101746083733
v -0.0700571817093 -0.0345725666641 0.101766643583
v -0.0694731615674 -0.0358654371964 0.101796887419
v -0.071774269661 -0.0445746353461 0.103044317533
v -0.0808856662861 -0.0419773783557 0.104312299903
v -0.0798796433028 -0.0330370938434 0.103258770732
v -0.0983497566371 -0.104345226438 -0.110487698779
v -0.0918056160185 -0.108385453333 -0.109067591247
v -0.0881712831224 -0.0949946119138 -0.104270248085
v -0.101025904472 -0.0967516072347 -0.109545069464
v -0.086914182572 -0.0780564667281 -0.0466480203821
v -0.0834976015323 -0.080468004174 -0.0480631906008
v -0.0824684544077 -0.0763619241819 -0.0525401435911
v -0.0880185645665 -0.0747636069177 -0.0482973114069
v -0.0940334622755 -0.0730314404246 -0.0436991681531
v -0.0893231978335 -0.0789746917531 -0.043455244259
v -0.0846129333915 -0.0849179430817 -0.0432113203649
v -0.0846977625263 -0.0852597957098 -0.0427791014227
v -0.091911771057 -0.0798363830263 -0.0395743108766
v -0.0945116250413 -0.0728769980668 -0.0432873182309
v -0.0964759199875 -0.0813557092974 -0.032731484185
v -0.0966593762162 -0.0813835276138 -0.032336659781
v -0.0903255932591 -0.061260924216 0.023057854798
v -0.0893891048708 -0.06024590728 0.0241871501952
v -0.0854230048558 -0.0448987413105 0.0344059064232
v -0.0807127404137 -0.0508419926391 0.0346498303173
v -0.0760024759717 -0.0567852439676 0.0348937542113
v -0.0717647053299 -0.0413898736254 0.0445530860959
v -0.070335967775 -0.0252631009319 0.098789461073
v -0.0670784661648 -0.0266688190552 0.0980242438873
v -0.0660618766152 -0.0227571858935 0.0962831905895
v -0.0706666460909 -0.0221413757714 0.0978384278189
v -0.0749785150692 -0.0279850431287 0.101511789357
v -0.0798158990204 -0.0312167459773 0.102923604918
v -0.0844615778881 -0.0800526981923 -0.0986743229208
v -0.0843220469411 -0.0802109060613 -0.0986670972263
v -0.0841932979309 -0.0803568887767 -0.0986604298809
v -0.0840749406812 -0.0799305068891 -0.0983238293295
v -0.0846836942865 -0.0690886131562 -0.0576266813151
v -0.0812671132467 -0.0715001506021 -0.0590418515338
v -0.0803256162655 -0.0676804473945 -0.0643138750583
v -0.0860642951277 -0.0658720171236 -0.0594958520722
v -0.09180297399 -0.0640635868526 -0.0546778290861
v -0.0867751596252 -0.0697643995619 -0.0544174606771
v -0.0821358581886 -0.0750246949254 -0.0541772116453
v -0.0823021562981 -0.0756933095536 -0.0533586776182
v -0.0895926459281 -0.070785995351 -0.0504948428725
v -0.0923108158569 -0.0639173388683 -0.0542896047525
v -0.0944579640305 -0.0725501169658 -0.0437211512333
v -0.094631265379 -0.07260411759 -0.0434480418889
v -0.0858475066108 -0.0444174178517 0.034383923343
v -0.085057806664 -0.0435747208327 0.0352885786646
v -0.0807323858789 -0.027892973706 0.0457429810834
v -0.0757045715141 -0.0335937864152 0.0460033494924
v -0.0710652700775 -0.0388540817788 0.0462435985242
v -0.0669864362097 -0.0240977292364 0.0566852312903
v -0.0633601912491 -0.0118766772057 0.0909228081028
v -0.0632622551948 -0.0119519520611 0.0908782234976
v -0.063237111794 -0.0118476697417 0.0906951855615
v -0.0634056626927 -0.0117846069761 0.0908642145604
v -0.0635504670116 -0.0117304289153 0.0910094296216
v -0.0634109360646 -0.0118886367843 0.0910166553161
v -0.0632821870544 -0.0120346194997 0.0910233226615
v -0.065136715188 -0.0191884043404 0.0945325537602
v -0.0714557071218 -0.0165412253329 0.0959648655335
v -0.0722983851334 -0.0105605426582 0.0939639940171
v -0.0893473391305 -0.0737027515739 -0.0989273350229
v -0.0817972849153 -0.0652571652819 -0.088877539609
v -0.0814013551262 -0.0630584610535 -0.0874216793151
v -0.0806753019338 -0.0640021009051 -0.0873840802112
v -0.0799331629708 -0.0649666471784 -0.087345648096
v -0.0791727491153 -0.0625851869305 -0.0785343597143
v -0.0801639272986 -0.0608626830917 -0.0774551886672
v -0.08124830572 -0.0598696460621 -0.0785950582467
v -0.0812088146446 -0.0590468416063 -0.0763175403713
v -0.080102383185 -0.0604848530761 -0.0762602431487
v -0.0789714386418 -0.061954723813 -0.0762016765013
v -0.0795081335402 -0.0642417441964 -0.0711601334826
v -0.0831828686166 -0.0608001841614 -0.0690838623622
v -0.0849515623689 -0.0572127748578 -0.0713642849699
v -0.089276050029 -0.0550936368324 -0.0656411389183
v -0.0847610340976 -0.0609617316334 -0.0654073260865
v -0.0801459876018 -0.066959834577 -0.0651683331114
v -0.0802367859552 -0.0673240885659 -0.0647364232888
v -0.0874507944859 -0.0619006758825 -0.0615316327427
v -0.0898954576329 -0.0548984428709 -0.0651211028359
v -0.0921933557115 -0.063556213903 -0.0546980452397
v -0.0924007770934 -0.0636362640181 -0.0544267028219
v -0.0811227676004 -0.0273856007564 0.0457227649298
v -0.0803355057239 -0.0265394526015 0.0466464306763
v -0.0757453312265 -0.0108851096532 0.0570954068444
v -0.0712303152952 -0.0167532044542 0.0573292196762
v -0.0666152687994 -0.0227513073978 0.0575682126513
v -0.0656673131576 -0.0193495746105 0.0605107573506
v -0.0653212674619 -0.00968537747147 0.0668440983131
v -0.0724729399717 -0.00961539349055 0.0607134490952
v -0.0652179651508 -0.0068004003945 0.0687347409846
v -0.0641115336913 -0.00823841186424 0.0687920382072
v -0.062980589148 -0.00970828260118 0.0688506048547
v -0.0617226066668 -0.00548872749987 0.0782298251701
v -0.0623679638902 -0.00406182899335 0.0791320831457
v -0.0633056831191 -0.00340498496338 0.0781895951847
v -0.062950374941 -0.00277410580913 0.0799463376341
v -0.0622243217486 -0.00371774566074 0.0799839367379
v -0.0614821827856 -0.00468229193404 0.0800223688532
v -0.0623027179574 -0.00803253828702 0.0850125544669
v -0.0662383888681 -0.00479218817755 0.0869449978652
v -0.0677894035802 -0.000963599122996 0.084799092339
v -0.068436228254 -0.00538048229695 0.0907564175195
v -0.0725651607991 -0.0078097722437 0.0931470154399
v -0.087938768367 -0.0501423579492 -0.0877602232152
v -0.0846310865595 -0.0566774135879 -0.0875889329115
v -0.0844043584941 -0.0550466364255 -0.082326365445
v -0.0879165477496 -0.0496793869411 -0.0864787221983
v -0.0877462278854 -0.046130738502 -0.0766560842714
v -0.084152045896 -0.0532318384998 -0.0764699573824
v -0.0859299597932 -0.0535936155073 -0.0729756916705
v -0.0879781904747 -0.0460170693735 -0.0763490985933
v -0.0896519419883 -0.054350979282 -0.0656606047108
v -0.0899679113596 -0.0544799668981 -0.06527264258
v -0.0761212231859 -0.0101424521028 0.0570759410519
v -0.0753675571073 -0.00927544979473 0.0581653809157
v -0.0717553783916 0.00611570270985 0.0683961970845
v -0.0681611964022 -0.000985397288002 0.0685823239735
v -0.0672284037003 0.00117689730342 0.0738542984555
v -0.0716368617498 0.0063261388421 0.0689821763231
v -0.0694877881818 0.0101419972952 0.079607793734
v -0.0661801063743 0.00360694165653 0.0797790840377
v -0.0685821304262 0.00278995904971 0.0833176893112
v -0.070190346961 0.010404857357 0.0803123453444
v -0.0881051762619 -0.0489849684984 -0.0877688407487
v -0.0880802412773 -0.0487049110989 -0.0868273056711
v -0.08781096224 -0.0456805022963 -0.0766594365791
v -0.0879780239115 -0.0457361485429 -0.0764090919727
v -0.0718201127462 0.00656593891554 0.0683928447768
v -0.0717404547832 0.00674002539708 0.0688049906118
v -0.0696541960767 0.011299386746 0.0795991762005
v -0.0701715583606 0.0110744846143 0.0801850672514
v -0.0775571074733 -0.0111819261846 -0.0872226026244
v -0.0775348868559 -0.0107189551765 -0.0859411016076
v -0.0773645669917 -0.00717030673734 -0.0761184636806
v -0.077596529581 -0.00705663760887 -0.0758114780025
v -0.0613737174979 0.0450761344745 0.0689338176753
v -0.0612552008561 0.0452865706067 0.0695197969138
v -0.0591061272882 0.0491024290598 0.0801454143247
v -0.0598086860673 0.0493652891216 0.0808499659352
v -0.0640985869701 0.0018755918875 -0.0865256449971
v -0.0713442501604 -0.00515418363866 -0.0869008660494
v -0.072641750443 -0.00503581745351 -0.0829733649234
v -0.0639455375639 0.00506440687895 -0.0776990239288
v -0.0639060464885 0.00588721133471 -0.0754215060534
v -0.0749477026413 -0.00482545390407 -0.0759933048979
v -0.0770901041122 -0.00630431433078 -0.0755394616776
v -0.0676487942128 0.00772127808326 -0.070468250652
v -0.0719732818728 0.00984041610861 -0.0647451046004
v -0.0725926894767 0.0100356100701 -0.064225068518
v -0.0584425630704 0.0540489432878 0.0579914411624
v -0.0551701718156 0.0553186594505 0.0616094834132
v -0.0479151969947 0.0581336525465 0.0696307753026
v -0.0589568531475 0.0474209873077 0.069058976458
v -0.0574401839382 0.0493492666966 0.0719124751927
v -0.046002914963 0.0615290679777 0.0790856295026
v -0.0456476067849 0.0621599471319 0.080842371952
v -0.0528932699753 0.0551301716057 0.0804671508998
v -0.0587826498819 0.0509728139084 0.0813832509832
v -0.0504866354241 0.063970453818 0.0856951266569
v -0.0602377024695 0.0108549759251 -0.0974198748757
v -0.076938830882 -0.00214610263423 -0.0982328713646
v -0.0607854590992 0.00716203577358 -0.0913867501898
v -0.0598510652626 0.0109771672283 -0.0970693812844
v -0.061605994271 0.0038117894206 -0.0863965645761
v -0.0613655703898 0.00461822498643 -0.084604020893
v -0.0601075879086 0.00883778008774 -0.0752248005776
v -0.0574208638989 0.0184790720971 -0.0668849530735
v -0.0564729082572 0.0218808048844 -0.0639424083742
v -0.0561017408469 0.0232272267229 -0.0630594270132
v -0.0715451985864 0.0114969212953 -0.063642137269
v -0.0618404197091 0.0250356569939 -0.0582414040271
v -0.0675790985714 0.0268440872648 -0.053423381041
v -0.0680869404384 0.0269903352491 -0.0530351567074
v -0.0565085104603 0.0630147004114 0.0469974291285
v -0.0441284819933 0.0657617977495 0.0578498075977
v -0.0428513911014 0.0664535860525 0.0583622275659
v -0.0427625607911 0.0668099448811 0.0579396793354
v -0.0429421894548 0.0660893320636 0.0587941373885
v -0.0435800435164 0.063371241683 0.0647859377597
v -0.0441167384148 0.0610842212996 0.0698274807784
v -0.0439154279413 0.0617146844171 0.0721601639914
v -0.0431550140858 0.064096144665 0.0809714523731
v -0.0390132363754 0.0790600043757 0.0919496336066
v -0.0395102474874 0.0786828108426 0.09193202799
v -0.0391817872741 0.0791230671414 0.0921186626055
v -0.039326591593 0.0791772452021 0.0922638776667
v -0.0480745097149 0.0803471314592 0.0952184420622
v -0.0650414349057 0.015823081867 -0.102871876583
v -0.0579514618686 0.0183179018269 -0.100906749483
v -0.0570263004414 0.0218866833801 -0.102657386312
v -0.0698809217912 0.0201296880592 -0.107932207691
v -0.0598059900022 0.0111641169863 -0.0973975183844
v -0.0598259218618 0.0110814495476 -0.0972524192205
v -0.0520229069791 0.0379835792653 -0.0526177942471
v -0.0513234717267 0.040519371112 -0.0509272818188
v -0.0672139003796 0.0281681077426 -0.0525407087996
v -0.0568735818855 0.0421176883761 -0.0466844496346
v -0.0628884795945 0.0438498548693 -0.0420863063808
v -0.0633666423603 0.0440042972271 -0.0416744564586
v -0.0542780221747 0.0719825539834 0.0360187681955
v -0.0429786329251 0.0737234152508 0.0461624525498
v -0.0407860207585 0.0748228070402 0.0469844818953
v -0.0406197226489 0.0754914216684 0.0461659478682
v -0.040952318868 0.074154192412 0.0478030159223
v -0.0418210638098 0.0706296480886 0.0526676558109
v -0.0388948791257 0.0794863862632 0.092286234158
v -0.0349168939342 0.0941241094003 0.0978960523618
v -0.0440844253673 0.087061672598 0.0971931552826
v -0.0395216634099 0.0947399195224 0.0994512895911
v -0.0557593519523 0.0328010637058 -0.108282128903
v -0.0703676401563 0.0206281111637 -0.108455114954
v -0.0560097108918 0.0257983165418 -0.10439843961
v -0.0541319673661 0.0330234978814 -0.107614340815
v -0.0470857010849 0.0559147414542 -0.0412679499342
v -0.0467183811144 0.0572456943582 -0.0403660311334
v -0.0624915994395 0.0452033759738 -0.0411828567879
v -0.0523711647226 0.0590714936273 -0.0354971901118
v -0.0579014249421 0.0608577189221 -0.0307338806198
v -0.0584055668042 0.0610847376523 -0.03012208903
v -0.0517510982138 0.0809525040036 0.0250554583633
v -0.0396675054223 0.0836975048933 0.0358924857316
v -0.0383904145303 0.0843892931963 0.0364049056998
v -0.0383037059987 0.0847387195987 0.0359631109099
v -0.0384752436651 0.0840474405682 0.036837124642
v -0.0395905755243 0.0795975016605 0.0416889948779
v -0.0317914647055 0.108272769703 0.103164743898
v -0.0312825610381 0.10751495082 0.102693395524
v -0.030890119747 0.108960916075 0.103211420592
v -0.0313623124479 0.109024063872 0.10337090125
v -0.0323881103845 0.109161247015 0.103717359233
v -0.0418135533593 0.109817822627 0.105230046232
v -0.0536286113604 0.0431055769727 -0.109918928462
v -0.0513139073956 0.0437041328326 -0.109418513256
v -0.0509139666942 0.0452178221836 -0.109635321009
v -0.0536317860308 0.0449994325327 -0.11032705478
v -0.0536150154892 0.034994934683 -0.108171083142
v -0.054008756038 0.0334933740103 -0.107747035878
v -0.045246872892 0.0710253046757 -0.0319638500841
v -0.0455929185877 0.0613611075367 -0.0382971910466
v -0.0424030992974 0.0730251336888 -0.0324336230818
v -0.043788347481 0.0734725566394 -0.0312404846833
v -0.0451435705809 0.0739102817527 -0.0300732074126
v -0.0539356949826 0.0649150578758 -0.0305285128944
v -0.057523650823 0.0624673787806 -0.0296639065485
v -0.0490909976184 0.0756878367251 -0.0252828838064
v -0.0539114721072 0.0778585312852 -0.0194330903797
v -0.0540537594322 0.0779969596743 -0.0190547200971
v -0.0502212760702 0.089915402334 0.0140405130102
v -0.0482049600282 0.0906498191916 0.0161372060502
v -0.0389932438525 0.0940050668342 0.0257161315705
v -0.0477853682542 0.0850098429573 0.0252608260887
v -0.0368885786597 0.0902748023987 0.0318499549606
v -0.0356978805533 0.0949329014444 0.0283891165855
v -0.0302437739214 0.111355117993 0.103828404994
v -0.0271870131565 0.12274021295 0.105590814513
v -0.0406573078728 0.11265545184 0.105611353743
v -0.0362897087894 0.123374306007 0.107051703871
v -0.0512193005713 0.0551135238941 -0.110429137273
v -0.0480301185358 0.0560500854364 -0.109666541139
v -0.0474772707535 0.0581266832276 -0.109672526191
v -0.0505596597324 0.0578789986801 -0.110457049475
v -0.0400630810347 0.0856167067258 -0.0306545261845
v -0.0394177238113 0.0841898082193 -0.0315567841601
v -0.0388471629556 0.0863235854555 -0.0313892039117
v -0.0397561789252 0.0866171895996 -0.0306062526175
v -0.0406454920856 0.08690442991 -0.0298402716961
v -0.04135029495 0.0848683798829 -0.0298767703389
v -0.0471540091303 0.0818875794506 -0.0249536499417
v -0.0449771697876 0.0888550157383 -0.0245836481404
v -0.0494133936119 0.0908526794424 -0.0192001546632
v -0.0536763779726 0.0785376763954 -0.0194209158877
v -0.0538965484988 0.0784828539724 -0.0190242968524
v -0.0497791612842 0.0912085272291 -0.0182275057116
v -0.0457231975749 0.102909550491 0.0142734487266
v -0.0499861819356 0.0905945474443 0.0140526875022
v -0.0462877425105 0.0941885345561 0.0170191705276
v -0.0405400006509 0.104797462464 0.0196632649503
v -0.0344951653572 0.106999214991 0.0259490672869
v -0.0351999682216 0.104963164964 0.0259125686441
v -0.0349934747991 0.0975860987048 0.0282455202593
v -0.0323327096327 0.107608070854 0.0277031111426
v -0.0350947655706 0.127599526969 0.10716906601
v -0.0266732347828 0.124666619047 0.105649148739
v -0.0237026018347 0.135804973082 0.105986433422
v -0.0325989038505 0.136424688776 0.10741419872
v -0.0467924976915 0.0717514896944 -0.10781777493
v -0.045821814521 0.0702404147488 -0.107767507514
v -0.0446919482159 0.0684815373753 -0.107708996704
v -0.0436917319322 0.0721753085516 -0.106545393187
v -0.0365943318225 0.0957375656572 -0.0408211230935
v -0.0364963957683 0.0956622908019 -0.0408657076987
v -0.0364636576885 0.0957913869965 -0.0409798546418
v -0.036617683289 0.0958357431929 -0.0408621083709
v -0.036784607585 0.0958838139476 -0.0407345015747
v -0.0366705064634 0.0957061912676 -0.0407285927791
v -0.0365376938046 0.0954994400977 -0.0407217149952
v -0.0377673468164 0.090613851004 -0.0357527157963
v -0.0417030177271 0.0938542011135 -0.033820272398
v -0.0427689787261 0.0978167130665 -0.0355800584331
v -0.0444584902032 0.0928401730014 -0.0300377301107
v -0.0462772475707 0.0924684947688 -0.026468920019
v -0.0499669872155 0.0917144657079 -0.0192288228429
v -0.0500971637907 0.0917851667615 -0.0186228811458
v -0.0462767911785 0.103771336757 0.0142447805469
v -0.0453997201686 0.10477993534 0.0155112853851
v -0.0383081634749 0.112934958083 0.0257516088723
v -0.0283578060597 0.123522078702 0.0370387233249
v -0.0281741501653 0.124016513062 0.0373705730016
v -0.0280600490437 0.123838890382 0.0373764817972
v -0.0279272363849 0.123632139212 0.0373833595811
v -0.0277951076372 0.12411389049 0.0376521755999
v -0.0214356157858 0.147209166676 0.103685436735
v -0.0207806190543 0.146911459843 0.103521731627
v -0.0205670333936 0.147729968934 0.103217714145
v -0.0214667340368 0.147850288696 0.103521583414
v -0.0234212561236 0.148111673004 0.104181713206
v -0.0224505729532 0.146600598058 0.104231980621
v -0.0213207066481 0.144841720685 0.104290491431
v -0.0232736442546 0.137432408834 0.105681009751
v -0.0323562586079 0.139914004561 0.106874747375
v -0.0317458715216 0.148691565054 0.105517728661
v -0.0532656226829 0.07490211414 -0.108152989624
v -0.0431230703682 0.0850549425241 -0.0989488875336
v -0.0421018787146 0.0887572572989 -0.0964807002695
v -0.0403004256181 0.0878804470764 -0.096387410931
v -0.0394711853038 0.0874768360217 -0.0963444682196
v -0.038812671523 0.0897967654114 -0.0934989747126
v -0.0359789767863 0.100327906639 -0.0632101832441
v -0.0356220967354 0.100153927055 -0.0633070738405
v -0.0356409374597 0.100159680611 -0.0647283167238
v -0.0364481384355 0.100555235048 -0.0636600447247
v -0.0369968760447 0.100824134124 -0.0629338302622
v -0.0360514137849 0.100363955074 -0.062884868927
v -0.0356162009986 0.100152126622 -0.0628623311696
v -0.0358516301672 0.0988811309516 -0.055677009175
v -0.0391091317773 0.100286849075 -0.0549117919893
v -0.0425090059244 0.102561171998 -0.0583060110201
v -0.0402232344687 0.100258754921 -0.0520067410668
v -0.0359790889117 0.0981930279711 -0.0517869554213
v -0.0361403674759 0.0973936920945 -0.0481900383691
v -0.0424593594097 0.100040871102 -0.0467577265958
v -0.0448474298446 0.0998081819994 -0.0411520397038
v -0.0457993013726 0.0998044706193 -0.0385969157564
v -0.0362369724248 0.127940881113 0.0369530348725
v -0.0329319839396 0.131900940458 0.0422998506175
v -0.0291526463576 0.136429368067 0.0484140691027
v -0.0249085008006 0.134363641118 0.0486338547482
v -0.0223606078959 0.143386365107 0.0587787517923
v -0.0228695115633 0.144144183991 0.0592501001659
v -0.0234661572423 0.145032661303 0.0598027155005
v -0.0225206949824 0.144572482253 0.0598516768357
v -0.0220854821962 0.144360653802 0.0598742145931
v -0.0216967206037 0.145719218051 0.0617590514091
v -0.0192051275003 0.156177020248 0.0927067758024
v -0.0185501307687 0.155879313415 0.0925430706944
v -0.0185249865404 0.156082133251 0.0905297093978
v -0.0199588858606 0.156618621976 0.0919676760211
v -0.0211907678381 0.157079526576 0.0932030522728
v -0.0193893147416 0.156202716353 0.0932963416114
v -0.0185600744273 0.155799105299 0.0933392843228
v -0.0195635539104 0.151764537117 0.0982784992338
v -0.0251966800283 0.153471575376 0.0991286336479
v -0.0282139125379 0.158018753527 0.0955750833076
v -0.029894381115 0.15126229745 0.103846498512
v -0.0320918639444 0.149924715088 0.104957880901
v -0.0500712155847 0.0907655746108 -0.0968933972012
v -0.0492550369768 0.0919832709431 -0.0947093738254
v -0.0458434612768 0.0970731657002 -0.0855802922679
v -0.0373268362709 0.0949269287275 -0.085139253689
v -0.0371397576665 0.0955329227727 -0.0833448904449
v -0.0455257378817 0.0983293868367 -0.0819124832897
v -0.044878100117 0.100890030029 -0.0744361323377
v -0.0361638899755 0.0986940005006 -0.0739848616931
v -0.0360864570923 0.0989110218046 -0.072614257395
v -0.0451978537173 0.101508278795 -0.0713462750252
v -0.0460200592942 0.103098026597 -0.0634011012662
v -0.0463585747372 0.103301057601 -0.0617563090778
v -0.0324893404918 0.147306553777 0.0593354444965
v -0.0317353547307 0.148526866128 0.0616967100105
v -0.0288872506232 0.153136471241 0.0706161490182
v -0.0201730404817 0.150940441712 0.0710674196629
v -0.0199817699261 0.151570179762 0.0727131659404
v -0.0284033007139 0.154503087684 0.0742330832109
v -0.0273924810917 0.157357520945 0.0817877246812
v -0.0188758560858 0.155211283972 0.0822287632601
v -0.0188126676835 0.155368115978 0.0837236878847
v -0.0278952820368 0.157849711705 0.0849174255085
v -0.0291601047082 0.159087843888 0.0927903553412
v -0.0298613756588 0.15889256866 0.0939792199679
v -0.0955505471611 -0.153894885134 -0.0881544037855
v -0.0953997035859 -0.151675655161 -0.0820101599748
v -0.0952778343036 -0.149882698692 -0.0770461130668
v -0.0976344819478 -0.148613338409 -0.0736104273154
v -0.0792869848098 -0.0976362574807 0.0680061682892
v -0.07805958254 -0.0953773442053 0.074294881431
v -0.077099566976 -0.0936105298893 0.0792136131636
v -0.0802727000501 -0.0923090469111 0.0827118568758
v -0.0926433118875 -0.149455235815 -0.102061016541
v -0.0886781633656 -0.148296515685 -0.101116609236
v -0.0882310415047 -0.146498827079 -0.103317382644
v -0.0996634465368 -0.148180190123 -0.108337146381
v -0.101447887629 -0.155354675873 -0.0995539692482
v -0.0891252852265 -0.150094204292 -0.0989158358271
v -0.102821961538 -0.156059491768 -0.0983850992841
v -0.0891847278076 -0.150573683494 -0.0941561195796
v -0.0892637472125 -0.15121107441 -0.0878288380464
v -0.0889787261358 -0.150267453718 -0.0854733806275
v -0.0879128371369 -0.146738609723 -0.0766647122323
v -0.0871098279175 -0.143932417859 -0.0727714743985
v -0.0993860959932 -0.144541036475 -0.0661646937656
v -0.0855998774576 -0.138655752794 -0.0654507660974
v -0.0828491030977 -0.128914574992 -0.0544980597963
v -0.0830006962481 -0.128862271321 -0.0543582488792
v -0.0831405753823 -0.128814009298 -0.054229241533
v -0.0892168224008 -0.126899201151 -0.0491278064279
v -0.0720699872712 -0.0926433961516 0.0461915686365
v -0.0790856050059 -0.0966008298244 0.0517467638291
v -0.0719576974073 -0.0938454872477 0.0538839711251
v -0.0717155574549 -0.0925382625181 0.0464938353308
v -0.0858553771908 -0.100332509296 0.0565718519971
v -0.0720691586552 -0.0944472256153 0.0572857796653
v -0.0864672908734 -0.100600695893 0.057256958188
v -0.0720073430174 -0.0944661027958 0.0619488188489
v -0.0719219876431 -0.0944921685109 0.0683875691236
v -0.0716663249291 -0.0936703730599 0.0709578881217
v -0.0708127670274 -0.090926719166 0.0795391789028
v -0.0699375208553 -0.087843246387 0.0833211913254
v -0.0805367767523 -0.0870324065958 0.0901297832941
v -0.06821417435 -0.0817719350146 0.0907679167153
v -0.0663336190479 -0.0749540104311 0.0953131581785
v -0.0715546982238 -0.0741913224863 0.097254867239
v -0.09108957059 -0.13595917799 -0.110111725652
v -0.100591473252 -0.147091638196 -0.109363760217
v -0.086954239522 -0.141605829922 -0.105134780513
v -0.0852569354841 -0.135101372735 -0.107550720324
v -0.0827145419 -0.12842487624 -0.0542071791314
v -0.0784110106696 -0.112733880095 -0.0454516421788
v -0.0816396408436 -0.115076744565 -0.0451790644938
v -0.079847862546 -0.112281084863 -0.0442453043553
v -0.0812847144224 -0.11182828963 -0.0430389665319
v -0.0857780052635 -0.11023905492 -0.0387872092224
v -0.0726742570027 -0.0836955905164 0.0350661080444
v -0.0861064498772 -0.0962473453915 0.0347009851589
v -0.0702988461392 -0.0869500949695 0.0415236819725
v -0.0692325426205 -0.0827453362386 0.0378058314405
v -0.0716439537889 -0.0922542630933 0.0462136310381
v -0.0716824687444 -0.0924070237802 0.0463643503583
v -0.0655255356936 -0.0627155339782 0.0999540491665
v -0.0637160288207 -0.065287321846 0.0983583367515
v -0.0623866178061 -0.0603778435988 0.0999049095857
v -0.0641611661685 -0.0601186200556 0.100564860626
v -0.0677183290222 -0.0595989946803 0.101887762484
v -0.0738985128102 -0.0591277557279 0.102992290077
v -0.088586369447 -0.122979137977 -0.109982095866
v -0.0897049941039 -0.12877962782 -0.11004002452
v -0.0845177495647 -0.132331746574 -0.107430702494
v -0.08175342719 -0.121974217616 -0.106981873633
v -0.0773362125174 -0.101305092091 -0.0444470918909
v -0.0759854641416 -0.103601206552 -0.0458842462318
v -0.0750365616126 -0.100028396498 -0.046053486061
v -0.076909037446 -0.0994383230576 -0.0444814114036
v -0.0787815132794 -0.0988482496174 -0.0429093367462
v -0.0794854189704 -0.102498265542 -0.0429457889283
v -0.0846426346913 -0.10523487645 -0.0388875388415
v -0.0828658523818 -0.0974036572906 -0.0390445482767
v -0.0701710558597 -0.0707155505033 0.0351957378301
v -0.0708749615507 -0.074365566428 0.035159285648
v -0.0683520318505 -0.0794513232946 0.0380442297067
v -0.0656858844151 -0.0694771986593 0.0387660890498
v -0.0615320855329 -0.0492325173471 0.100482734957
v -0.0597567364615 -0.0504923416012 0.0997429790222
v -0.0589690188377 -0.0475313775413 0.0996944766215
v -0.0610479053568 -0.0472276967057 0.100467610423
v -0.0652151278791 -0.0466189546672 0.10201739227
v -0.0663337525361 -0.0524194445107 0.101959463615
v -0.0734894355465 -0.057493008273 0.102992162548
v -0.0706643502576 -0.046203451515 0.102991281831
v -0.0902277343883 -0.118833927332 -0.110067094942
v -0.0804183630609 -0.117028857144 -0.105707457198
v -0.0779079551513 -0.10772977422 -0.103311089091
v -0.0906982431939 -0.109610841027 -0.108927074872
v -0.0776945945154 -0.0918742793972 -0.0467723815902
v -0.0738813197182 -0.0955320368714 -0.0489834366403
v -0.0723475944255 -0.089562568038 -0.0528733053607
v -0.07812371351 -0.0877423392272 -0.0480238486847
v -0.0838998325945 -0.0859221104164 -0.0431743920087
v -0.0809804604924 -0.0932948841431 -0.0430232105581
v -0.0832675489433 -0.0941899470881 -0.0400760028822
v -0.0843195392329 -0.0857736641259 -0.0427772463908
v -0.0752893751748 -0.0577894113024 0.0349306825676
v -0.0723700030727 -0.065162185029 0.0350818640182
v -0.0622694635335 -0.0569584384291 0.0445607614305
v -0.0614537443398 -0.0539694059427 0.0459443220768
v -0.0608055151483 -0.0387914523835 0.0988689679902
v -0.0571852300876 -0.0407287582934 0.0977733873619
v -0.055893383614 -0.0358021997609 0.0963821058072
v -0.0606994562126 -0.0351001353966 0.0981694747392
v -0.0668564928204 -0.042473744022 0.101932393193
v -0.0705216557791 -0.0449650435497 0.102848203334
v -0.0742186222401 -0.0929425950106 -0.0981438852651
v -0.0741061364549 -0.093100994148 -0.0981380601207
v -0.0739842306779 -0.0932726582377 -0.0981317471563
v -0.073859030195 -0.0928205949759 -0.0977947922239
v -0.0744677838003 -0.0819787012429 -0.0570976442095
v -0.0711381201995 -0.0847053565388 -0.0587228910725
v -0.0701097057793 -0.0805705354812 -0.0637848379527
v -0.0755721657948 -0.0786858414325 -0.0587469352343
v -0.0806125266272 -0.0769467828331 -0.0540983249987
v -0.076559249139 -0.0826544876486 -0.0538884235715
v -0.0721665346197 -0.0888401775965 -0.0536609441923
v -0.0722607028402 -0.0892158889372 -0.0532512975187
v -0.079376735442 -0.0836760834377 -0.0499658057668
v -0.0815404905174 -0.0766543535075 -0.0533192342949
v -0.0842420535444 -0.0854402050525 -0.0431921141277
v -0.0844153548928 -0.0854942056767 -0.0429190047833
v -0.0756315961246 -0.0573075059384 0.0349129604486
v -0.0748418961778 -0.0564648089194 0.0358176157702
v -0.0695419385161 -0.0407761696864 0.0463224851708
v -0.0654886610279 -0.0464838745019 0.046532386598
v -0.0610959465086 -0.0526695644498 0.0467598659772
v -0.0567705257235 -0.0369878173231 0.057214268396
v -0.0531442807629 -0.0247667652925 0.0914518452084
v -0.0530491277895 -0.0248521301651 0.0914005339866
v -0.0530212013078 -0.0247377578285 0.0912242226671
v -0.0531809077284 -0.0246722531103 0.0914002921758
v -0.0533075113636 -0.0246203257336 0.0915398672773
v -0.0531950255784 -0.024778724871 0.0915456924217
v -0.0530731198014 -0.0249503889607 0.0915520053861
v -0.0550043874122 -0.0323815202696 0.0948595741528
v -0.0612397966356 -0.0294313134196 0.0964939026391
v -0.0618168533847 -0.0233772929508 0.0947044748123
v -0.0792059600855 -0.0866497418937 -0.098402157573
v -0.0727176877014 -0.079205330277 -0.0890937082259
v -0.0723627612802 -0.0759568753428 -0.086953610264
v -0.0711834040685 -0.0774449481254 -0.0868925365372
v -0.0700040468568 -0.0789330209081 -0.0868314628104
v -0.069293999285 -0.0766976458361 -0.0788202290309
v -0.0706447476607 -0.074401531375 -0.07738307469
v -0.0721667358807 -0.0730729245918 -0.0789689954336
v -0.0720900484228 -0.0719446889016 -0.0758453195452
v -0.0705531343441 -0.0738839147673 -0.0757657295198
v -0.0690162202653 -0.075823140633 -0.0756861394943
v -0.0694203431471 -0.0775963297276 -0.0709407585063
v -0.0732336179443 -0.0739385722534 -0.0687297034562
v -0.0752472644927 -0.0702441187308 -0.0712425091538
v -0.0794388560235 -0.0679864032726 -0.0651317138748
v -0.0746978609286 -0.0739684294928 -0.0648861985753
v -0.0699568658338 -0.0799504557129 -0.0646406832757
v -0.0700302145547 -0.0802480353653 -0.0642299584517
v -0.0771462471564 -0.0747082298658 -0.0609444666999
v -0.0798644170852 -0.0678395733831 -0.0647392285799
v -0.0813741924079 -0.0759857388792 -0.054137768322
v -0.0817389464078 -0.0761111339801 -0.053605226745
v -0.0703036042968 -0.0398151257326 0.0462830418475
v -0.0690389560204 -0.0384233046176 0.0478841618968
v -0.065908137221 -0.0237778760934 0.057604831888
v -0.0611671421262 -0.0297599023135 0.0578503471875
v -0.0564261470314 -0.0357419285337 0.058095862487
v -0.0557706681437 -0.0333971548005 0.0602681401152
v -0.0560099952058 -0.0234178184947 0.0667798645292
v -0.0640175241758 -0.0229915525944 0.0598410716859
v -0.056099198929 -0.0196982476898 0.0692069618107
v -0.0545622848503 -0.0216374735555 0.0692865518362
v -0.0530253707715 -0.0235766994212 0.0693661418616
v -0.0519185881123 -0.0198721235069 0.0777633327721
v -0.0529513305904 -0.0176961631916 0.0791369461985
v -0.0544548401805 -0.016671966985 0.0776319914242
v -0.0539117810951 -0.0156725200984 0.0804144066852
v -0.0527324238834 -0.017160592881 0.0804754804119
v -0.0515530666717 -0.0186486656637 0.0805365541387
v -0.0522022621092 -0.0213412054039 0.0852625414393
v -0.0562560627975 -0.0178997781472 0.0873208479515
v -0.0580353553189 -0.0139812069589 0.0849604711781
v -0.058294849209 -0.0183274726167 0.0912815949694
v -0.0621827709867 -0.0205448432808 0.0937852313694
v -0.0759544520966 -0.0707426868253 -0.0871396081461
v -0.0757206815491 -0.0693634621626 -0.0828021825736
v -0.0753548455979 -0.0672050638022 -0.0760143890423
v -0.0765760840867 -0.0672863863724 -0.0730119856813
v -0.079774346543 -0.0674993594529 -0.0651490874543
v -0.0799543783217 -0.0675584985329 -0.0648763266493
v -0.0662436277405 -0.0232908322736 0.0575874583084
v -0.0658561274625 -0.0228215144759 0.0582324123692
v -0.0593639961041 -0.0149586225904 0.0690378923136
v -0.058654279032 -0.013241937921 0.0733066358371
v -0.0575034719115 -0.0104583315809 0.0802284088031
v -0.0591897228314 -0.0108669328882 0.083306664902
v -0.0481388858617 0.0149507987746 -0.0856991622189
v -0.0479428604621 0.0178347495256 -0.0777145473885
v -0.0478661730042 0.0189629852158 -0.0745908715001
v -0.0510233890741 0.0206635553867 -0.0699880611086
v -0.0552149806049 0.0229212708448 -0.0638772658296
v -0.0556405416667 0.0230681007343 -0.0634847805348
v -0.0416842618024 0.0671297980241 0.0588592799331
v -0.0397936487573 0.0679161215231 0.061095519731
v -0.0318753235104 0.0712094264276 0.0704614098558
v -0.0302309647619 0.0742357071324 0.0788864394693
v -0.0296879056765 0.075235154019 0.0816688547303
v -0.0338114799004 0.0769264671585 0.0862149192233
v -0.0430736395591 0.0239387002832 -0.0965310234928
v -0.0593405904506 0.0113668974714 -0.0970429460374
v -0.0435329867126 0.0206641478934 -0.0902202492238
v -0.042714047514 0.024060700318 -0.0961819304516
v -0.0441821821501 0.0179716081532 -0.0854942619232
v -0.0438166607095 0.0191950659964 -0.0827210405566
v -0.0427098780502 0.0228996419107 -0.0743238496461
v -0.0399645806781 0.03272009729 -0.0652258478997
v -0.0393091017904 0.0350648710232 -0.0630535702714
v -0.0389647230983 0.0363107598126 -0.0621719761804
v -0.0547675016079 0.0242458732278 -0.062990332627
v -0.0444271831137 0.0381954538613 -0.057134073462
v -0.0494675439462 0.0399345124608 -0.0524854632264
v -0.0503955078364 0.0402269417864 -0.0517063725226
v -0.0383969558351 0.0761051256074 0.0479353469431
v -0.0269597822815 0.0788748314659 0.058758035782
v -0.0257050342671 0.0795709778549 0.0592722506672
v -0.0256255430425 0.0798934779708 0.0588271301682
v -0.025778382988 0.0792733982025 0.0596829754913
v -0.0263149056747 0.0769192722171 0.0659830507218
v -0.0267190285564 0.0751460831225 0.0707284317098
v -0.0264412495368 0.0760205883256 0.0738625212464
v -0.025731201965 0.0782559633976 0.081873755026
v -0.0218762186268 0.0921435374654 0.0928370844394
v -0.0223866934388 0.0917538072223 0.0928106491924
v -0.0220359250474 0.0922090421836 0.0930131539481
v -0.0221625286825 0.0922609695602 0.0931527290495
v -0.0306718707037 0.0935040023431 0.0963173365846
v -0.0478587690082 0.0289491201824 -0.101954489233
v -0.0407308614096 0.0317044627591 -0.0998172819372
v -0.0398418652078 0.0351251422505 -0.101339813592
v -0.0526321532505 0.0332440754432 -0.106955799372
v -0.0426621290204 0.0242733314503 -0.0965097131706
v -0.0426861210323 0.0241750726547 -0.096358241771
v -0.0346393023131 0.0519925069394 -0.0517175737616
v -0.034281504482 0.0532923484322 -0.0509020298612
v -0.0489645614505 0.0422873775297 -0.0509237865004
v -0.0400576235666 0.055112577243 -0.0460525731852
v -0.0458337426511 0.0569328060538 -0.0412031165093
v -0.0462534492895 0.0570812523444 -0.0408059708914
v -0.0372232852314 0.0850655051679 0.036901958067
v -0.024729293996 0.0878426850378 0.0477793748489
v -0.0234745459816 0.0885388314268 0.0482935897342
v -0.0233876543963 0.0888855105276 0.0479155975762
v -0.0235687142021 0.088163120086 0.0487032364079
v -0.0245971286223 0.0840282990284 0.0537651832881
v -0.0217510181439 0.0925956007273 0.0931740393718
v -0.0178272936705 0.107052716709 0.0983533813067
v -0.0269017594699 0.100187710913 0.0981105426325
v -0.0226333662691 0.107754781074 0.100140750239
v -0.0435991722411 0.0458493996699 -0.107652406639
v -0.0530099665902 0.0339171076858 -0.107422955807
v -0.0385500187342 0.0400517007829 -0.102731095146
v -0.0367662299841 0.0468543200309 -0.104652184406
v -0.0337051123504 0.0662607172244 -0.0430067448011
v -0.0334657852883 0.0562813809187 -0.049518469215
v -0.0300493644067 0.0688001411488 -0.0437237968343
v -0.0319218402401 0.0693902145891 -0.0421517221769
v -0.0337943160735 0.0699802880293 -0.0405796475195
v -0.0435132165894 0.0594476286468 -0.0410829466631
v -0.0457817328926 0.0578891676713 -0.040575536028
v -0.0378786551759 0.0714248803561 -0.03671485905
v -0.0251838586538 0.0981129871434 0.0375254270568
v -0.0349027591697 0.0875803277608 0.0370221279132
v -0.0218539291036 0.094854979361 0.0440257288558
v -0.0206986872092 0.0993513389874 0.0410957782765
v -0.0173827172728 0.118815876758 0.102262967498
v -0.0153168857609 0.116351799633 0.100749749413
v -0.0139818216318 0.121297160105 0.102024165848
v -0.0160607081509 0.121600840941 0.102797299649
v -0.0202279306732 0.12220958298 0.104347081496
v -0.0256771530517 0.122625086132 0.105320971058
v -0.0391812661217 0.0588429808333 -0.107423622698
v -0.0411202000415 0.0531403482792 -0.107524031564
v -0.0359785123603 0.0498152840907 -0.104700686807
v -0.0333486310157 0.0597007860883 -0.10486261737
v -0.0284159594494 0.0809502260995 -0.0416283240647
v -0.0273832169713 0.0787742657842 -0.0430019374912
v -0.0265027062013 0.0820682787282 -0.042763539225
v -0.0279395580777 0.0825210739604 -0.0415572014015
v -0.0293764099541 0.0829738691926 -0.0403508635781
v -0.0304732210065 0.0797480189718 -0.0404076626021
v -0.0363493961766 0.0764365977982 -0.0364799734931
v -0.0338697007952 0.0845631039031 -0.0360991062686
v -0.0207659525343 0.111106568307 0.0377542109982
v -0.0218627635868 0.107880718086 0.0376974119742
v -0.0197497846802 0.102924149041 0.0409265384473
v -0.0173242381522 0.112056822584 0.0404939343943
v -0.0127824861921 0.132863896804 0.103189586345
v -0.0112174992571 0.131654689064 0.102472994709
v -0.0104783133377 0.134424315224 0.10259301254
v -0.0122528617001 0.134683538768 0.10325296358
v -0.0158100245538 0.135203164143 0.104575865438
v -0.0177489584736 0.129500531589 0.104475456572
v -0.0252532799419 0.124125313284 0.105362292347
v -0.0219902083418 0.135674403095 0.105680393031
v -0.0416180383256 0.0631050606023 -0.107549812421
v -0.032019220001 0.0646102643355 -0.103316044536
v -0.0294016297739 0.0742769529206 -0.100270865963
v -0.040834034806 0.0725955898769 -0.1052906297
v -0.0241479330508 0.0918153311424 -0.0512707469209
v -0.0240527800774 0.0917299662698 -0.0513220581427
v -0.0240196913669 0.0918612050077 -0.0514515431153
v -0.0241712845173 0.0919135086781 -0.0513117321983
v -0.0243111636515 0.0919617707012 -0.051182724852
v -0.0242139397998 0.0917917195941 -0.0511776900561
v -0.0240912950329 0.0915772055829 -0.0511713388226
v -0.0254364026826 0.0862730374591 -0.046481389757
v -0.029490203371 0.0897144647158 -0.0444230832447
v -0.03038741067 0.0938765788488 -0.0460812897469
v -0.0325430628535 0.0885125597754 -0.0405148506145
v -0.0346543516904 0.0877794564028 -0.0374586053612
v -0.0239326054338 0.116645258889 0.0375902239618
v -0.0134647402966 0.12762522151 0.0488960054603
v -0.0132405755404 0.128132383848 0.0492380853175
v -0.0131433516887 0.127962332741 0.0492431201134
v -0.0130207069218 0.12774781873 0.0492494713469
v -0.0128861457241 0.128237517481 0.0495403520118
v -0.0125758822936 0.142820795521 0.101234820104
v -0.00878100929976 0.140928772411 0.100177072728
v -0.00750420731712 0.145821769568 0.0983596748595
v -0.012725286493 0.146584457513 0.10030138392
v -0.0182467967578 0.139465243912 0.104449675715
v -0.0218919576725 0.137019724694 0.105476422281
v -0.0322974126431 0.083645681635 -0.0959729700619
v -0.0275210744718 0.0810948775041 -0.0957256244998
v -0.0257977279665 0.0871661888765 -0.0882788991099
v -0.0276072348393 0.0897379767443 -0.0866831866949
v -0.0298000281679 0.0928545160423 -0.0847494733774
v -0.0265458709051 0.0911166328584 -0.0845809548746
v -0.0249224817944 0.0902496616555 -0.0844968866873
v -0.0240689238927 0.0929933155494 -0.0759155959062
v -0.0258442729641 0.0942531398036 -0.0751758399711
v -0.0296491845926 0.095073746015 -0.0786052295667
v -0.0295273153104 0.0968667024834 -0.0736411826586
v -0.0257150643693 0.0948307692853 -0.073443762937
v -0.0238132611787 0.0938151110005 -0.0733452769081
v -0.0237279058044 0.0937890452853 -0.0669065266334
v -0.0273481908651 0.0957263511952 -0.0658109460052
v -0.0318839629545 0.0981360627673 -0.0702054969072
v -0.0280627727745 0.096118217124 -0.0624711723188
v -0.0236660901666 0.0937701681048 -0.0622434874498
v -0.0237775514145 0.0931684297372 -0.0588416789096
v -0.0300129606379 0.0961186365871 -0.0572073504232
v -0.0320956644681 0.096119084553 -0.0515858499368
v -0.0331864232745 0.0960372531541 -0.0489373607599
v -0.021025076357 0.1322896977 0.0488349602327
v -0.0179798063277 0.136059125201 0.0541958989005
v -0.014532053972 0.140326744303 0.0602653734439
v -0.0101353713642 0.137978695284 0.060493058313
v -0.00862542090425 0.143255360349 0.067813766614
v -0.0106912524161 0.145719437474 0.0693269846988
v -0.0135364658166 0.149113143695 0.0714110986974
v -0.00972421487549 0.147077210497 0.0716085184189
v -0.00782241168492 0.146061552212 0.0717070044478
v -0.00675652268596 0.149590396208 0.080515672843
v -0.00832150962103 0.150799603948 0.0812322644792
v -0.0123090635467 0.151372056971 0.0776998118391
v -0.0113490479827 0.153138871287 0.0826185435718
v -0.00809489071994 0.151400988103 0.0827870620746
v -0.00647150160926 0.1505340169 0.0828711302619
v -0.00655052101421 0.149896625983 0.0891984117952
v -0.0103453940081 0.151788649093 0.0902561591711
v -0.0145221810569 0.154440354265 0.0861167872839
v -0.0113863017666 0.151967950912 0.0937107824805
v -0.0066099635953 0.149417146781 0.0939581280426
v -0.00705708545621 0.147619458175 0.0961589014511
v -0.0150602606119 0.150271988977 0.0975152805422
v -0.0356938009823 0.0944772928392 -0.0850546859686
v -0.0355711346923 0.0949605024495 -0.0836450733137
v -0.0347240019811 0.0982975453095 -0.0739102962221
v -0.0348338432103 0.0985206136009 -0.0728103715947
v -0.0187331524873 0.150543986521 0.0711419851339
v -0.0185618150853 0.151028873999 0.072426309548
v -0.0172428207971 0.154761648084 0.0823133309806
v -0.0174309811014 0.154955431838 0.0835191004151
v -0.0755623205671 -0.144801445529 -0.098213469496
v -0.0795561852237 -0.1470336913 -0.0913880875093
v -0.0739945215244 -0.144988911843 -0.0897892096574
v -0.0739076986946 -0.144288576487 -0.0967413309531
v -0.0836201128254 -0.1490087244 -0.087536579025
v -0.074028856902 -0.145265869862 -0.0870398900338
v -0.082702857584 -0.147090128996 -0.0831005285122
v -0.0731134534451 -0.142235239097 -0.0794748569884
v -0.0813013095535 -0.144158552823 -0.0763223302761
v -0.0726779468264 -0.140793405174 -0.0758757642198
v -0.0703783118061 -0.13275711253 -0.0647264201659
v -0.0704064326039 -0.132743680477 -0.0646901671664
v -0.0704259727352 -0.132734347025 -0.0646649762605
v -0.0767055929135 -0.130803535963 -0.0595258227689
v -0.0568952539328 -0.0885258198461 0.0580715695022
v -0.0622351933467 -0.0906751064441 0.0648876931754
v -0.0567219722872 -0.0885363138931 0.0665457381679
v -0.0568334205117 -0.0885022799767 0.0581386836388
v -0.0653104600597 -0.0919121116112 0.0687299510798
v -0.0566870973326 -0.0885469639622 0.0691765171362
v -0.0652527915652 -0.0906113568882 0.0732599002986
v -0.0559487632464 -0.0861736824465 0.0765993990224
v -0.0651691326403 -0.0887243691558 0.0798314379242
v -0.0555778767169 -0.0849815146173 0.0803281269153
v -0.0533040336232 -0.0769708160196 0.0901535944261
v -0.0540213236151 -0.0767090475 0.0908546516915
v -0.0546512096906 -0.0764791762521 0.0914702830464
v -0.0627061542287 -0.0754275844337 0.0941199202154
v -0.0773256969381 -0.138065837728 -0.102366748442
v -0.0717640332389 -0.136021058271 -0.10076787059
v -0.0710265235715 -0.133194752584 -0.101817640653
v -0.0799854015002 -0.13439508166 -0.105426950155
v -0.0736289516064 -0.143167851897 -0.0981133488146
v -0.0737683251505 -0.143728214192 -0.0974273398839
v -0.070355450674 -0.132674759646 -0.0646613242329
v -0.0658587236809 -0.116310149093 -0.0549407587206
v -0.0680569287996 -0.117940902171 -0.0548834825987
v -0.0667716858501 -0.116029438253 -0.0541936032261
v -0.0677048747742 -0.11574250824 -0.0534298944377
v -0.0733316064918 -0.114161289435 -0.0492368330498
v -0.0566342866631 -0.0795718950936 0.0469909157318
v -0.0712133841141 -0.0921442025838 0.0465582672943
v -0.0555376502846 -0.0833613202341 0.0530385270978
v -0.0544319013744 -0.0789756222373 0.0487114359207
v -0.0568247318716 -0.0884662324665 0.0580752215299
v -0.0568285700032 -0.0884821561426 0.058103255368
v -0.0527178407299 -0.0748455826198 0.0915704037278
v -0.0492641014838 -0.0620910187468 0.0955883178533
v -0.0598461382807 -0.0700652717279 0.0954177360081
v -0.0551810309628 -0.0613185497868 0.0975346647462
v -0.0782418810129 -0.129154421852 -0.105057850378
v -0.068652476874 -0.124299531953 -0.101432178854
v -0.0675230152775 -0.120067597465 -0.101248793962
v -0.0755778158817 -0.121146796383 -0.104493873154
v -0.0641930828973 -0.104578566409 -0.0544397925899
v -0.0631821238177 -0.10622935491 -0.0554711538491
v -0.0624914853518 -0.103628224899 -0.0556080107933
v -0.0638827471435 -0.103200450037 -0.0544694215647
v -0.0653048324592 -0.102763197786 -0.0533056067943
v -0.0658072151485 -0.105480058588 -0.0533316229858
v -0.0721962359196 -0.109157110965 -0.0493371626689
v -0.0704194536101 -0.101325891805 -0.0494941721041
v -0.0542342443481 -0.066592584639 0.0471152033752
v -0.0547366270374 -0.0693094454419 0.0470891871837
v -0.0538750464848 -0.0768929493546 0.0488721472543
v -0.0508780324411 -0.0656839252548 0.0497371017206
v -0.0535179594997 -0.0544082749975 0.0974775604123
v -0.0481213699094 -0.0577955872115 0.0955179560599
v -0.0458465025154 -0.0492445526893 0.0953778848891
v -0.0520793900172 -0.0484308346717 0.0974281647286
v -0.0637345078786 -0.10583078631 -0.0976009590595
v -0.0637202358345 -0.10586130052 -0.0976002199731
v -0.0636996965016 -0.105905214449 -0.0975991563313
v -0.0636741534675 -0.105812078767 -0.0975472609571
v -0.0649815359298 -0.0955482139067 -0.057047127218
v -0.0612739324465 -0.0988706100336 -0.0590439564599
v -0.0598671337782 -0.0933735131695 -0.0630139554367
v -0.0655444571226 -0.0916278918726 -0.0583677132661
v -0.0713475620516 -0.0898435961864 -0.0536185332024
v -0.0680659792951 -0.096859753567 -0.0534485944538
v -0.0708211501716 -0.0981121816029 -0.0505256267096
v -0.0718731404612 -0.0896958986407 -0.0532268702182
v -0.0602769739405 -0.0536729830397 0.0468022769671
v -0.056995391184 -0.0606891404204 0.0469722157157
v -0.0479169067321 -0.0548511783523 0.0550879391546
v -0.0465812767522 -0.0499650158082 0.0575014600912
v -0.0427972248388 -0.0375347374426 0.092066888817
v -0.0427805865814 -0.0375514063716 0.0920567778483
v -0.0427742570629 -0.0375264502106 0.0920347656116
v -0.0428004211163 -0.0375169018751 0.0920603375559
v -0.0428233970021 -0.0375085170326 0.0920827934828
v -0.042809124958 -0.0375390312431 0.0920835325693
v -0.0427885856251 -0.0375829451722 0.0920845962111
v -0.045117672583 -0.046465102193 0.0945929559814
v -0.0519738795889 -0.0432059868984 0.0963999244508
v -0.0518350669456 -0.0363320224785 0.0950471410986
v -0.0689155181581 -0.0994829277474 -0.0978692608116
v -0.0613654639429 -0.0910373414554 -0.0878194653978
v -0.0610134099176 -0.0888389475245 -0.0863658772368
v -0.0602434809614 -0.0897822770786 -0.086326006
v -0.0594902401206 -0.0907051600807 -0.0862869989673
v -0.0587211472466 -0.0882936477659 -0.0774284757152
v -0.0597321063262 -0.0866428592651 -0.076397114456
v -0.0608793473496 -0.0856671785439 -0.0775870248355
v -0.0608438558881 -0.0848274906418 -0.0752629286604
v -0.0596705622127 -0.0862650292495 -0.0752021689375
v -0.0585226995332 -0.0876714093849 -0.0751427261741
v -0.059043444161 -0.0899027564617 -0.0700226173929
v -0.0627510476442 -0.0865803603348 -0.068025788151
v -0.0646241953882 -0.0830217906853 -0.0703893597399
v -0.069117073766 -0.0808757426144 -0.0645971941354
v -0.0643292131253 -0.0867419078068 -0.0643492518752
v -0.0596451287742 -0.0924809245911 -0.064106683733
v -0.0597561312762 -0.0929272188803 -0.0635603195849
v -0.0670189735135 -0.0876808520559 -0.0604735585314
v -0.0696188274978 -0.0807214670964 -0.0641865658857
v -0.0717615347392 -0.0893363900764 -0.0536399710285
v -0.0719689561211 -0.0894164401915 -0.0533686286107
v -0.0606909466281 -0.0531657769298 0.046780839141
v -0.0599036847515 -0.0523196287749 0.0477045048876
v -0.0555863549636 -0.0366672154352 0.0581393516273
v -0.0507984943228 -0.0425333806276 0.0583872938875
v -0.0461144099718 -0.0482723974119 0.0586298620297
v -0.0450007849959 -0.0442788234462 0.0621361112626
v -0.0448894464896 -0.0354655536449 0.0679021725243
v -0.0527870055554 -0.0356015082782 0.0611777718729
v -0.0448530063943 -0.03258104943 0.0697893526956
v -0.0436797127189 -0.0340185880377 0.0698501124185
v -0.0425318500394 -0.0354249681731 0.0699095551818
v -0.0412731335288 -0.0312049060159 0.0793305640959
v -0.0419361429178 -0.0298420051668 0.080190157357
v -0.0429299597596 -0.0292006496378 0.0792030137606
v -0.0425624297324 -0.0285545922801 0.0810021397124
v -0.0417925007763 -0.0294979218342 0.0810420109492
v -0.0410392599355 -0.0304208048363 0.0810810179819
v -0.0418410180145 -0.0337043887083 0.0861428451855
v -0.0458065678958 -0.030572364351 0.0880030720765
v -0.047452536335 -0.026769991936 0.0857815801073
v -0.0480044072816 -0.0311606584704 0.0918144917308
v -0.0521333398268 -0.0335899484171 0.0942050896512
v -0.0657385416104 -0.083632774912 -0.0866105710404
v -0.0655047710629 -0.0822535502493 -0.082273145468
v -0.0651389351117 -0.0800951518889 -0.0754853519367
v -0.0663601736005 -0.0801764744591 -0.0724829485757
v -0.0695584360568 -0.0803894475396 -0.0646200503487
v -0.0697384678355 -0.0804485866196 -0.0643472895437
v -0.0560277172543 -0.0361809203604 0.058116495414
v -0.0556402169763 -0.0357116025626 0.0587614494748
v -0.0491480856179 -0.0278487106771 0.0695669294193
v -0.0484383685459 -0.0261320260077 0.0738356729427
v -0.0472875614253 -0.0233484196676 0.0807574459087
v -0.0489738123452 -0.0237570209749 0.0838357020076
v -0.0298684272366 0.0280423477693 -0.0847530154645
v -0.0297343646686 0.0312141167499 -0.0759741630632
v -0.0296988732071 0.0320538046521 -0.0736500668881
v -0.0334792127072 0.0338595046085 -0.0687764979677
v -0.037972091085 0.0360055526794 -0.0629843323631
v -0.0384738448168 0.0361598281975 -0.0625737041134
v -0.0244413722826 0.0802140798586 0.0597522133996
v -0.0216420228744 0.0812797870156 0.0627906336452
v -0.0137080237133 0.0843002458639 0.0714022144679
v -0.0117849770786 0.0876806456561 0.0808158755329
v -0.0114174470514 0.0883267030137 0.0826150014846
v -0.016307553654 0.0901113033579 0.0873944418796
v -0.0256684179351 0.0370241301607 -0.0956296835601
v -0.042217036402 0.0244378938511 -0.096164324835
v -0.0265413025725 0.0332207762008 -0.0896840650315
v -0.0256080635241 0.0370428377032 -0.0955759854577
v -0.0273430606515 0.0299371923288 -0.0846222378279
v -0.0271091870582 0.0307212935084 -0.082871783942
v -0.0258504705476 0.0349413556656 -0.0734507750279
v -0.0233815355911 0.0437952109387 -0.0656773311086
v -0.0222679106152 0.0477887849044 -0.0621710818757
v -0.0218010438348 0.0494814033007 -0.0610426799373
v -0.0375988018961 0.0373589069442 -0.0620821044427
v -0.0274783671791 0.0512270245977 -0.0563964377666
v -0.0332814721081 0.0530113202839 -0.0516472577029
v -0.0338070505177 0.0531590178296 -0.0512555947188
v -0.022210883997 0.0891819334306 0.0487735524666
v -0.010182085303 0.0916237833984 0.059409840424
v -0.00862618931076 0.0924436063729 0.0600190997388
v -0.00851518680877 0.0928899006621 0.0594727355907
v -0.00873719181276 0.0919973120837 0.060565463887
v -0.00933887642601 0.0894191439543 0.0664813975469
v -0.00985962105382 0.0871877968774 0.0716015063281
v -0.00966117334039 0.0878100352585 0.0738872558691
v -0.00889208046638 0.0902215475732 0.0827457791212
v -0.00470816711946 0.10532846626 0.0940060411111
v -0.0047884530074 0.105266807328 0.0940005745196
v -0.00473433117285 0.105338014595 0.0940316130554
v -0.00475730705861 0.105346399438 0.0940540689823
v -0.0137689770021 0.106522893992 0.0970184165981
v -0.0287778690635 0.0438426971346 -0.09979222082
v -0.023264648004 0.0459814896856 -0.0981341758275
v -0.0225358180715 0.0487609401819 -0.0989191047352
v -0.0305906186758 0.0476817412635 -0.102164183928
v -0.0255937349619 0.0370993326648 -0.0956258160571
v -0.0256017340056 0.0370677938642 -0.0955979976943
v -0.0203540753486 0.0631808356461 -0.0528630977389
v -0.0204654138549 0.0543675658448 -0.0586291590007
v -0.0175042881459 0.0652003127473 -0.0532783215666
v -0.0188955499376 0.0656280876098 -0.0521397323381
v -0.0203176352533 0.0660653398611 -0.0509759175677
v -0.0299003922156 0.0564159206043 -0.051472166435
v -0.0333353341209 0.0539669331565 -0.0510251598554
v -0.0254322564042 0.0675026458413 -0.0471644828774
v -0.00924704714224 0.102235953008 0.0494448926018
v -0.0188298041045 0.092586533751 0.0489486437345
v -0.00710838814047 0.0983869975262 0.0555027366138
v -0.0058908352352 0.103144612392 0.0520667909472
v -0.00468262408542 0.105421601942 0.0940579364853
v -0.000859305309539 0.119583984957 0.0977075741158
v -0.011135999935 0.11199439836 0.0980987084769
v -0.0070921928113 0.120397702975 0.0997578539552
v -0.0295649789964 0.0528743002624 -0.10239867463
v -0.0202609506776 0.0573119747041 -0.099059175906
v -0.0191182191032 0.0616074062393 -0.0991295376994
v -0.0280770970319 0.0604070771628 -0.102738847201
v -0.0151702834912 0.0777722376962 -0.0515537738393
v -0.0145072741022 0.0764093368471 -0.0524133671004
v -0.0139504192126 0.0784920097298 -0.0522526557667
v -0.0148633813817 0.07877272057 -0.0515055002723
v -0.0157965703059 0.0790596505828 -0.0507417914839
v -0.0165219889965 0.0769746737069 -0.0507793577297
v -0.0239029974049 0.0725143632834 -0.0469295973205
v -0.0214233020235 0.0806408693883 -0.046548730096
v -0.00472598219477 0.115230263729 0.0496790186856
v -0.00545140088544 0.113145286854 0.0496414524398
v -0.00520019676929 0.105745742402 0.0519299340031
v -0.00252359690606 0.115826536586 0.0513995388745
v -0.00503740926991 0.127437614357 0.100007966676
v 0.000270156287008 0.123815919445 0.0978909590084
v 0.00264420298455 0.132711140076 0.0982764208072
v -0.00327272649444 0.133483609036 0.1002227677
v -0.0167329088363 0.0759743344705 -0.095166952815
v -0.0162333538391 0.0752204568724 -0.0951410830572
v -0.0156644798571 0.0743619701123 -0.0951116235739
v -0.0150782869638 0.0764872035122 -0.0936948142721
v -0.0115703888412 0.0880152125642 -0.0616343642453
v -0.0115537505838 0.0879985436351 -0.0616444752141
v -0.0115489000753 0.0880186674692 -0.0616799034849
v -0.0115770208731 0.088032099523 -0.0616436504854
v -0.0115965610044 0.0880414329742 -0.0616184595795
v -0.0115783391084 0.0880139343419 -0.0616175159476
v -0.0115575887154 0.0879826199591 -0.0616164413759
v -0.0128446703024 0.0828777077266 -0.0565797469438
v -0.0168102201836 0.0860097320839 -0.0547195200528
v -0.0178761811827 0.0899722440369 -0.0564793060879
v -0.0196748544678 0.0849123626257 -0.0509426307758
v -0.0222079529187 0.083857221888 -0.0479082291886
v -0.00860426635668 0.121082975772 0.0494781793937
v 0.00190301184924 0.132170368044 0.0610645917205
v 0.00193415779803 0.132249960153 0.0611180861832
v 0.00195237969401 0.132222461521 0.0611190298151
v 0.00197313008702 0.132191147138 0.0611201043868
v 0.00199599121914 0.132273500023 0.0611852003198
v 0.00494780657092 0.143626274337 0.0941149344082
v 0.00538600456348 0.143244601685 0.0938861200378
v 0.00552537810758 0.14380496398 0.0932001111071
v 0.00480808811566 0.1440667325 0.0939011683725
v 0.00417820204017 0.144296603747 0.0945167997274
v 0.00467775703742 0.143542726149 0.0945426694852
v 0.00524663101937 0.142684239389 0.0945721289685
v 0.00338171265188 0.135537445764 0.0972266507443
v -0.0035333326867 0.1386026534 0.0989040961277
v -0.00387674249793 0.145348195566 0.0971664368964
v -0.0241712782004 0.0795049152676 -0.0955521532731
v -0.0219278374264 0.0823882389947 -0.0912194998533
v -0.0182684550446 0.0870913647336 -0.084152303886
v -0.0128044438701 0.0844979021098 -0.0838693467614
v -0.0124335573406 0.0856900699391 -0.0801406188684
v -0.017830146931 0.0890773821531 -0.078181014516
v -0.0174510070743 0.0907953023478 -0.0730158037299
v -0.0116952232544 0.0880633514548 -0.0727177369822
v -0.0116603482998 0.0880527013857 -0.070086958014
v -0.0185165553057 0.0913118166803 -0.0682799895446
v -0.0199184221059 0.0919913582284 -0.0620494121917
v -0.0209065038291 0.0919600015897 -0.0594961634112
v -0.00638770330349 0.136199885408 0.060687133571
v -0.00444453507835 0.138897959075 0.0651627256779
v -0.00146015758053 0.14304174356 0.0720364776261
v 0.00429562623937 0.140309792667 0.0723345443737
v 0.0047311328581 0.141751626589 0.0759336371423
v -0.000576432698819 0.145373321501 0.0780506448096
v 0.000182525140584 0.147375719978 0.0832157130631
v 0.00564653631503 0.144782257354 0.0834986701878
v 0.00561220093742 0.144505299336 0.0862479898113
v -0.00130284440116 0.147570506972 0.0879254351946
v -0.00326016732387 0.147827184545 0.0941315992693
v -0.00499218808736 0.147008761442 0.0958571048544
v -0.0593202745418 -0.140829147029 -0.0863780922225
v -0.0591869429186 -0.140791351005 -0.0863470984805
v -0.059184550533 -0.140772053405 -0.0865386627808
v -0.0615657366107 -0.141340783389 -0.0881887481526
v -0.0594011708751 -0.140863176858 -0.0862823864625
v -0.059187889023 -0.140798982527 -0.0862713415327
v -0.0588190203952 -0.139577767332 -0.0832229552309
v -0.0589436216439 -0.136937482711 -0.0759227608283
v -0.0589565519622 -0.13666349091 -0.0751651934846
v -0.064460053563 -0.134781227585 -0.0701353376257
v -0.0429657024684 -0.0844170496987 0.0698870878713
v -0.0409546703399 -0.0806242895418 0.0809339342944
v -0.0407471285414 -0.080547477227 0.0809939310713
v -0.0410397836878 -0.0814881801722 0.0780517066423
v -0.04095019069 -0.0805788216139 0.0810856304867
v -0.0407369088379 -0.0805146272829 0.0810966754164
v -0.04067425355 -0.0802938940985 0.0813674141922
v -0.0473332542302 -0.0785418145643 0.0859998923363
v -0.0570897862563 -0.131861293457 -0.0973567531555
v -0.0569564546331 -0.131823497433 -0.0973257594136
v -0.0569361327029 -0.13174561915 -0.0973546856159
v -0.0571386278963 -0.131766444871 -0.0974188234353
v -0.0596959869113 -0.133823307673 -0.0973918218078
v -0.0570078420826 -0.13202042589 -0.0972526146013
v -0.0720638638325 -0.14293080708 -0.0968257259742
v -0.0580961963078 -0.136396239648 -0.0918956386911
v -0.0577026886124 -0.135822551327 -0.0751002614124
v -0.0564822037267 -0.131425986437 -0.0716249915981
v -0.0698472282867 -0.132333905658 -0.064635005629
v -0.0537343411502 -0.121527333639 -0.0638005900196
v -0.0530814797473 -0.119151422755 -0.0623893008647
v -0.0595462779407 -0.117713846629 -0.0586206225764
v -0.0417250712335 -0.0773242937363 0.0576360814067
v -0.0400167562356 -0.0765776451292 0.0582046986758
v -0.0398562170733 -0.0759409035722 0.0575764660033
v -0.0465847907511 -0.0773418208607 0.0534841018415
v -0.0563165094842 -0.088125378479 0.0581015401337
v -0.0402036223478 -0.0773188064599 0.0589359557431
v -0.0567514712024 -0.0884425273003 0.0581327950344
v -0.040923911724 -0.0803071496702 0.0641969727033
v -0.0417118391186 -0.0835761101155 0.0699520199435
v -0.0416573098581 -0.0834066995722 0.0706092126472
v -0.0387848760348 -0.0655010383961 0.0922919307346
v -0.0360967312061 -0.0636981566132 0.092431137941
v -0.0360015641176 -0.0633467071778 0.0925418507545
v -0.0458302203933 -0.06241613638 0.0947995392452
v -0.0544955753911 -0.118727783767 -0.0971225153507
v -0.0546350890067 -0.119614688392 -0.0971297401477
v -0.0559794929382 -0.128161223872 -0.0971993609187
v -0.0533848904607 -0.118462504279 -0.0963528464141
v -0.0582176036067 -0.111652607829 -0.058781932262
v -0.052692875159 -0.117687833473 -0.0624663067644
v -0.0497142414181 -0.106469498562 -0.0630565529374
v -0.0567389985091 -0.104907404466 -0.0589614445153
v -0.0408370488916 -0.0667328929525 0.0561281962642
v -0.0364880927289 -0.0633439032256 0.0585485249099
v -0.03630234814 -0.0626492065896 0.0586021318032
v -0.0389198313739 -0.063194177588 0.0570101607416
v -0.0331607212901 -0.0509643396897 0.0922159450002
v -0.0328294067773 -0.051401271511 0.0919459694405
v -0.0326316990974 -0.0506562008717 0.0918984252798
v -0.0330697114515 -0.0505409534767 0.0922031380671
v -0.0335844645146 -0.0504055144897 0.0925612371917
v -0.0337239781301 -0.051292419115 0.0925540123947
v -0.0350683820617 -0.0598389545952 0.0924843916237
v -0.0359700763796 -0.0632283474281 0.0925399119495
v -0.0450553180755 -0.0591663980132 0.0947665267916
v -0.0427591485295 -0.0495368613612 0.0946687051838
v -0.0589305220156 -0.112549311121 -0.097352181745
v -0.0520212271556 -0.113490279293 -0.0935823134641
v -0.048951005306 -0.102295555685 -0.0873445927849
v -0.0632239648987 -0.105704554311 -0.0972352947573
v -0.0518610935209 -0.0988428133978 -0.0670547064193
v -0.0484917740988 -0.101575553324 -0.0686820602301
v -0.0474557688606 -0.097410212785 -0.0737813697892
v -0.0529853859699 -0.0955190176433 -0.0687276459907
v -0.0581274827426 -0.0937603590883 -0.064028091515
v -0.0539837709062 -0.0995331027992 -0.0638135068905
v -0.0495277793371 -0.105740893862 -0.063582750671
v -0.0496387816903 -0.106174638009 -0.0632695009938
v -0.0575127166202 -0.101231733339 -0.0604099194206
v -0.0591324604325 -0.0935368823623 -0.0634422360116
v -0.0445967639402 -0.0495518319091 0.0587084542477
v -0.0404530521037 -0.0553245756199 0.0589230388723
v -0.0359970605347 -0.0615323666829 0.0591537950917
v -0.0316397134351 -0.0457348711898 0.0696853623821
v -0.0350389673117 -0.0429487467833 0.0888939131212
v -0.0313323166259 -0.045532967841 0.0873795484514
v -0.0301444769897 -0.0408495282895 0.0832485853778
v -0.0359818377023 -0.0393136341322 0.0873094718709
v -0.0380194111391 -0.0442270418437 0.0923315707974
v -0.042764733241 -0.0472690026396 0.0941784562998
v -0.053983355101 -0.095347677848 -0.0860018215946
v -0.0483435600371 -0.10010224394 -0.0857097613949
v -0.0482318985879 -0.099752126329 -0.0844236286305
v -0.0537566270356 -0.0937169006856 -0.0807392541281
v -0.0535043144375 -0.09190210276 -0.0748828460656
v -0.0473760194496 -0.0970684932444 -0.0745654886017
v -0.0474082934048 -0.0972067844368 -0.0742481619268
v -0.0552822283347 -0.0922638797674 -0.0713885803537
v -0.0590042105298 -0.0930212435421 -0.064073493394
v -0.0593201799011 -0.0931502311582 -0.0636855312632
v -0.0454734917274 -0.0488127163629 0.0586630523687
v -0.0447198256488 -0.0479457140549 0.0597524922325
v -0.0375134649437 -0.0396556615481 0.0701694352904
v -0.0313851699558 -0.0448220520326 0.0704867927542
v -0.0313071590498 -0.0445605071418 0.0710706743787
v -0.0365806722417 -0.0374933669567 0.0754414097724
v -0.0355323749158 -0.0350633226036 0.0813661953545
v -0.0298925798519 -0.0398178886958 0.0816582555543
v -0.0300089838287 -0.0402946188101 0.0823931615458
v -0.0379343989677 -0.0358803052104 0.0849048006281
v -0.0127287235214 0.0392578026986 -0.0850865107226
v -0.0110204085235 0.0400044513057 -0.0845178934535
v -0.0108849153625 0.040559360785 -0.0853733172854
v -0.0251578749553 0.0371503621589 -0.0952640192578
v -0.018618103428 0.0351004450012 -0.0841704106391
v -0.0111368125003 0.0395277211914 -0.0837829874619
v -0.014071189465 0.0408813499104 -0.0756157349321
v -0.00972223330238 0.0442703396373 -0.0731954062863
v -0.0125545202558 0.0428096292992 -0.0727622361974
v -0.00964422239636 0.0445318845281 -0.0726115246618
v -0.00938967891711 0.0454447036853 -0.0718100942897
v -0.0149192960264 0.047335898827 -0.0667563704912
v -0.0200613927992 0.049094557382 -0.0620568160156
v -0.0210663704891 0.0493180341079 -0.0614709605122
v -0.00653067399674 0.0933030845612 0.0606797297471
v 0.00557873070899 0.0965349309378 0.0718362019383
v 0.00637890105259 0.0969166169323 0.0721234300192
v 0.00642637650837 0.0971200452805 0.0716566378815
v 0.00343632923804 0.0950560705111 0.0722900451586
v 0.00634662709744 0.0967783257399 0.0724407566941
v 0.00113037703975 0.0952664340605 0.079270105184
v 0.00720250623568 0.0994619588245 0.0822988967228
v -0.000167123242818 0.0953848002456 0.08319760631
v 0.00731416768488 0.0998120764358 0.0835850294873
v 0.00792161295379 0.102005388181 0.0852198608772
v 0.00208425224118 0.103541282338 0.0892807473704
v -0.00950837818521 0.05010075388 -0.0947928261241
v -0.0255246352048 0.0371074227065 -0.095568458028
v -0.0096970757263 0.0452428003366 -0.089504280359
v -0.00839769325483 0.0503660333672 -0.0940231571875
v -0.00503233181751 0.0612421991785 -0.0612785269994
v -0.00472704421223 0.0623590390852 -0.0607268637108
v -0.0201844545078 0.0507006752362 -0.0610127780307
v -0.0117518013032 0.0639211331807 -0.0566317552886
v 0.00780921899454 0.10550278451 0.0608575410052
v 0.00860938933814 0.105884470504 0.0611447690862
v 0.00868484906594 0.106179331057 0.0609318210298
v 0.00606736583201 0.105634360059 0.0593398499683
v 0.00849838698493 0.105450726358 0.0614580187633
v 0.00746238174665 0.101285385819 0.0665573283224
v 0.0113217982588 0.117394267887 0.0942146615213
v 0.0109918348034 0.113200111788 0.0914575815565
v 0.0123554981085 0.118172336775 0.0942281145065
v 0.0119174857544 0.11828758417 0.0945328272937
v 0.0114027326913 0.118423023157 0.0948909264183
v 0.00222804867642 0.119291676286 0.0969983944105
v -0.00526685777112 0.0628613676088 -0.0947246406339
v -0.00505931597263 0.0629381799236 -0.0946646438571
v -0.00502782823455 0.0630565396733 -0.0946665826621
v -0.005230323428 0.0630357139519 -0.0947307204814
v -0.00596101029052 0.0595487870907 -0.0946091235313
v -0.00819998557491 0.0511111040065 -0.0940707013481
v -0.00981481281518 0.0701208759062 -0.0563025214239
v -0.00454129962326 0.0630537357212 -0.0606732568176
v -0.00117317527892 0.0756507360677 -0.0597011979109
v -0.00763797347239 0.0770883121939 -0.0559325196226
v 0.00559135361085 0.113202141204 0.057312783318
v 0.0116634828068 0.117397665968 0.0603415748568
v 0.0120520873951 0.118861255251 0.0602645689571
v 0.00532351371723 0.117460337962 0.0561722047953
v 0.014950100586 0.127871056368 0.0950746290111
v 0.0159067403507 0.131455451645 0.0952299537083
v 0.0031483345769 0.122421658454 0.0971153408265
v 0.00607808407509 0.132386022443 0.097487642199
v -0.0105909693417 0.0691834314783 -0.0948488887621
v -0.00493266114612 0.0634079891087 -0.0945558698487
v -0.000355138802235 0.080003726594 -0.0834921460999
v -0.0027363248799 0.079434996611 -0.0851422314716
v 0.000296602993139 0.083553463889 -0.0724639689952
v 0.000627917505909 0.0831165320677 -0.0727339445548
v 1.03913355935e-05 0.0811980126678 -0.0801764385499
v -0.000114209913148 0.0838382972887 -0.0728762441473
v -0.000127140231414 0.084112289089 -0.0721186768037
v 0.000310257452638 0.0836658367168 -0.0720960258999
v 0.000682446766361 0.083285942611 -0.0720767518511
v -0.000105480628242 0.0800169821657 -0.066321704611
v -0.00381213131403 0.0826012032235 -0.0648073399411
v -0.00563064183218 0.0859945524147 -0.0670888209448
v -0.00578591155519 0.082091461743 -0.061317551582
v -0.000825770004412 0.0770286389554 -0.0610606876507
v -0.00101263611656 0.0762874776247 -0.0603294305835
v -0.00893805125555 0.0807017912244 -0.0578177915012
v 0.00774480724726 0.126299988922 0.0614189941807
v 0.012704948798 0.121237166135 0.061675858112
v 0.0154528113745 0.131135818932 0.0695002596904
v 0.0157827748299 0.135329975031 0.0722573396553
v 0.0158637092624 0.136358730301 0.0729336045523
v 0.0163011069464 0.135912277929 0.072956255456
v 0.0166732962602 0.135532383823 0.0729755295048
v 0.017789628043 0.139287599827 0.0810982233233
v 0.0130683855072 0.138549640195 0.0911795727525
v 0.0170668039556 0.136106072143 0.0897709067835
v 0.0181551581808 0.140481885901 0.0844139308732
v 0.0114961575006 0.142233965435 0.0890464090173
v 0.0103201415348 0.137505700755 0.0948348637803
v 0.0159784497304 0.131730258386 0.0951278826937
v 0.0159270622809 0.131533329929 0.0952010275059
v 0.00588823671594 0.134737435163 0.0968219371619
v -0.00956489906168 0.0833914401706 -0.0837015849734
v -0.000292483514342 0.0802244597784 -0.083221407324
v -0.000282263810817 0.0802573097225 -0.0831186629789
v -0.00936750550678 0.0843192591374 -0.0808920481367
v -0.00878259427476 0.0870685471536 -0.0725669047282
v -0.00930740895785 0.0872488009391 -0.0705014576955
v 0.00720825521904 0.139314988365 0.0724853766277
v 0.00760931114799 0.140357365598 0.0751580189605
v 0.00888608112347 0.143675795415 0.0836664319758
v 0.0181584966708 0.140508815023 0.0841466096251
v 0.0181575505664 0.1405011835 0.0842223665729
v 0.00811872500149 0.143705288735 0.0858432762288
v -0.0584269233795 -0.140670003044 -0.0862319344665
v -0.0584908883587 -0.140491820523 -0.0857410628539
v -0.0399759431943 -0.0803856477992 0.0811360824827
v -0.0404565482694 -0.080322499238 0.0812952942038
v -0.0561964350939 -0.131702149472 -0.0972105953995
v -0.0487986501883 -0.133905530542 -0.089829083204
v -0.0433573500253 -0.1324478668 -0.0886196513212
v -0.0427204010985 -0.129886963546 -0.0917547703643
v -0.0439942989522 -0.135008770054 -0.0854845322781
v -0.0432719195489 -0.132578766055 -0.0802283290562
v -0.0559138318859 -0.135120867807 -0.0750076243845
v -0.0424586571964 -0.129843041919 -0.0743108400222
v -0.040037246341 -0.121120369416 -0.0674159934307
v -0.0432531204336 -0.120573994481 -0.0660080937274
v -0.0488707232789 -0.119619567378 -0.0635487246254
v -0.0519018706657 -0.119282569653 -0.062714103975
v -0.0353400044764 -0.0754110401989 0.0591878211373
v -0.0314233529991 -0.0774963793511 0.066482311453
v -0.0260612795554 -0.0759099929794 0.0677721465642
v -0.0255475222448 -0.0737785119083 0.0640196465077
v -0.0399229823921 -0.0828744265954 0.0700446569714
v -0.0264678077026 -0.0775966007076 0.0707414413337
v -0.0400782056769 -0.082681753356 0.0711575501567
v -0.0260284806239 -0.0762317070983 0.076036260084
v -0.025543318767 -0.0747244148098 0.0818834846711
v -0.0228643674872 -0.0650119177786 0.0883584234413
v -0.0397262716399 -0.0794804673843 0.0817395305706
v -0.0267367257417 -0.0645031136384 0.0896412330799
v -0.0352853242174 -0.0633798801947 0.0924731571429
v -0.0358927507482 -0.0633517469246 0.0925314146097
v -0.0561610441067 -0.131124498473 -0.0972087626558
v -0.0410414312633 -0.123610912483 -0.0912069899892
v -0.0391512293118 -0.116545267992 -0.0905902930646
v -0.0517145986729 -0.11823752042 -0.0956766222553
v -0.0415658230866 -0.111659005552 -0.0664736242579
v -0.0382130139228 -0.114237780818 -0.0680011174526
v -0.0367139608715 -0.108582051133 -0.0684819399299
v -0.0408504495384 -0.107879264374 -0.0666709980214
v -0.0480762145515 -0.106651611556 -0.0635075805103
v -0.0486585877654 -0.116157095699 -0.0635377390595
v -0.0516775759037 -0.11820097059 -0.0627538353825
v -0.0492553615512 -0.106520516032 -0.0631829046334
v -0.0345454957491 -0.0624430843768 0.0592289652524
v -0.0351278689629 -0.0719485685199 0.0591988067032
v -0.0239688532125 -0.0678833070214 0.0646446339333
v -0.0219497004518 -0.0603432090153 0.0654440067341
v -0.0250392925586 -0.0560401825454 0.0892811406488
v -0.0211053077767 -0.0583828189819 0.0879354099421
v -0.0195124320115 -0.0523799921563 0.0875523598687
v -0.0241820937906 -0.0517664272198 0.0890992950295
v -0.0352499332301 -0.0628022291965 0.0924749898866
v -0.0358690389854 -0.0632507065774 0.0925300620621
v -0.0444097467078 -0.101683860234 -0.0855060464915
v -0.0393450891036 -0.104861447166 -0.0852437701331
v -0.0364457561273 -0.106680500554 -0.0850936264207
v -0.0359825256372 -0.105269927246 -0.0789797783857
v -0.039335334801 -0.10269115198 -0.077452285191
v -0.0447931562921 -0.100615824459 -0.0825637351966
v -0.045845726266 -0.0976837579841 -0.0744862414433
v -0.039331199211 -0.10177099895 -0.0741488827182
v -0.0356018685057 -0.104110796314 -0.0739557570712
v -0.0361579146886 -0.106346423723 -0.0712188485006
v -0.0433565456759 -0.103561915294 -0.0697382573859
v -0.0468696243215 -0.0975097983644 -0.0740379820503
v -0.0489993294843 -0.106072445465 -0.0635553845756
v -0.0493448702523 -0.106264354462 -0.0633142826172
v -0.0354686106819 -0.0618639182858 0.0591811611871
v -0.0339633246216 -0.0603324318279 0.0606360540758
v -0.0298548767722 -0.0454373167723 0.0705660399126
v -0.0233403497172 -0.0495245577378 0.0709033986378
v -0.0196110190119 -0.0518643551021 0.0710965242847
v -0.018703958617 -0.0487955119149 0.0773697142268
v -0.0215468644927 -0.0458972750743 0.0791300725712
v -0.029254226442 -0.0448148207891 0.0723074958717
v -0.0259587665226 -0.0413995049899 0.0818619704577
v -0.0208941089184 -0.0445770919216 0.082124246816
v -0.0179947759421 -0.04639614531 0.0822743905285
v -0.0188420205596 -0.0497366795289 0.0852208625289
v -0.0261241439905 -0.0472858211012 0.0864794249563
v -0.0288395396302 -0.0410209890603 0.0828162942227
v -0.0472415343172 -0.100545320845 -0.0856526923262
v -0.0472165993326 -0.100265263446 -0.0847111572486
v -0.0469473202953 -0.0972408546431 -0.0745432881566
v -0.0471143819668 -0.0972965008897 -0.0742929435502
v -0.0309564708015 -0.0449944134313 0.0705089931993
v -0.0308768128385 -0.0448203269498 0.0709211390343
v -0.028790554132 -0.0402609656009 0.0817153246229
v -0.0293079164159 -0.0404858677326 0.0823012156739
v -0.0063436567643 0.041171056236 -0.083534770992
v -0.00672706634867 0.0422390920116 -0.0805924596971
v -0.00777963632252 0.0451711584862 -0.0725149659439
v -0.00880353437806 0.0453451181059 -0.0720667065509
v 0.00821121317128 0.097417599698 0.0725373154121
v 0.00881186350142 0.0980400956811 0.0742787713711
v 0.0121073234209 0.10145541148 0.0838332459571
v 0.00922655031329 0.10183392741 0.0847875697222
v -0.000196517001431 0.0480535706557 -0.0872189416093
v 0.00516555644223 0.0496399570274 -0.0859291064981
v 0.00583596789415 0.0522832696548 -0.0882606038379
v -0.00672740146696 0.0505910172272 -0.0933469330287
v 0.00431831182474 0.0462994228085 -0.0829826344977
v 0.00502749449959 0.0486987894134 -0.078077958196
v 0.00593455489448 0.0517676326006 -0.071804768254
v 0.00827323633438 0.0602464865138 -0.0661522507033
v -0.00719746519507 0.0472818110351 -0.0711078771205
v 0.00413674766747 0.0609492732722 -0.0643413087947
v -0.00308901734562 0.0621769260907 -0.0611778912837
v -0.00426816434534 0.0623080216151 -0.0608532154067
v 0.0104417014568 0.10638545327 0.0615586544791
v 0.0172358311272 0.104515844769 0.0691298676301
v 0.0224814505712 0.106249701222 0.0705106045313
v 0.0230374967541 0.108485328631 0.0677736959607
v 0.0219254043883 0.104014073812 0.073247513102
v 0.0223060615198 0.105173204744 0.0782715344164
v 0.0227692920099 0.106583778053 0.0843853824515
v 0.0254747651944 0.11644854549 0.0898820490953
v 0.0117554708587 0.105159978995 0.0862381490405
v 0.0208051034153 0.117062110427 0.0914289842562
v -0.00428813062557 0.0631000093514 -0.0945224924457
v -0.0066208813937 0.0518360502226 -0.0935223638386
v 0.00742884365933 0.0582860964804 -0.0886436539113
v 0.00918790336985 0.0649151952771 -0.0890666674105
v 0.0074494832194 0.0706848213606 -0.0635925195581
v 0.0102923890951 0.0677865845199 -0.0653528779025
v 0.0118710581274 0.0736817894068 -0.0647278904769
v 0.00865518403478 0.0742281643423 -0.0633199907736
v 0.0030375811895 0.075182591445 -0.0608606216716
v -0.00214450007146 0.0641819661662 -0.0611289788851
v -0.00411095341195 0.0627939159132 -0.060822792162
v 6.43380265972e-06 0.0755195891699 -0.0600260010212
v 0.0165682999919 0.119391118624 0.0618759240911
v 0.011386218731 0.108390493345 0.0616075668776
v 0.0245365498054 0.114141058316 0.0672928734834
v 0.0263607822236 0.121023646915 0.0667077494615
v 0.0237993496472 0.126139143776 0.0920463872472
v 0.0273649671459 0.123514189982 0.09049874602
v 0.0290439369811 0.129790241045 0.0910465263951
v 0.0251715787266 0.130299045185 0.0923293360337
v 0.0166229802509 0.131422278628 0.0951612600967
v 0.0160155537202 0.131450411899 0.0952195175635
v -0.00473172227034 0.0633119733201 -0.0945454641074
v -0.00403845907117 0.0640051897663 -0.0939190443578
v 0.000402488351329 0.0801057769559 -0.0831854177855
v 0.0082927230886 0.0763355403239 -0.0827768172057
v 0.0118668546496 0.0746276923083 -0.0825917286403
v 0.0123520165065 0.0761349845968 -0.0767445040533
v 0.00841803172464 0.0784776210333 -0.0753987733466
v 0.000338523372067 0.0802839594767 -0.0826945461729
v 0.00848131221751 0.079559365495 -0.0716728828851
v 0.0127913435852 0.0774998782062 -0.0714496853029
v 0.012384815438 0.0758132704779 -0.0684803905334
v 0.00510269200715 0.0782641289056 -0.067221828106
v 0.000378668607739 0.076453115067 -0.0609983150684
v -0.000311568703811 0.0760962287023 -0.0604213764554
v 0.0139093874102 0.120661642246 0.0617382306943
v 0.0162164474298 0.123095686139 0.0642808271744
v 0.0244721617113 0.131805806707 0.0733793984709
v 0.028782193079 0.129746319418 0.073602596053
v 0.0295954554315 0.132482043554 0.079520085087
v 0.0260298379327 0.135106997348 0.0810677263141
v 0.0188534685365 0.1403901322 0.0841825991637
v 0.0267437032738 0.136619895568 0.0845911997435
v 0.0303178348348 0.134912047553 0.0847762883089
v 0.0296808859079 0.132351144299 0.087911407352
v 0.0223331389418 0.134538402934 0.0889945722908
v 0.0183728634614 0.140453280761 0.0843418108848
v 0.0161793886062 0.131634242597 0.095138288435
v 0.0160062349762 0.131520695924 0.0951965032759
v -0.000186901250135 0.0802064291189 -0.0832159396826
v -0.000181226416701 0.0802349505732 -0.0831285128663
v 0.018264078935 0.140490784363 0.0841520772665
v 0.0182367232617 0.140488549496 0.0842178423429
v -0.0335864025605 -0.13237876484 -0.0881136568949
v -0.0296808859079 -0.132351144299 -0.087911407352
v -0.0290439369811 -0.129790241045 -0.0910465263951
v -0.0368549702862 -0.129845482127 -0.0914510254808
v -0.0381288681399 -0.134967288635 -0.0851807873946
v -0.0303178348348 -0.134912047553 -0.0847762883089
v -0.0368383904064 -0.132533266939 -0.079895164857
v -0.0295954554315 -0.132482043554 -0.079520085087
v -0.0353855569609 -0.129793019637 -0.073944555247
v -0.028782193079 -0.129746319418 -0.073602596053
v -0.0263607822236 -0.121023646915 -0.0667077494615
v -0.0316921256091 -0.121061351168 -0.0669838363044
v -0.0160712003964 -0.0758393412789 0.0682894888579
v -0.012384815438 -0.0758132704779 0.0684803905334
v -0.0118710581274 -0.0736817894068 0.0647278904769
v -0.0202161788593 -0.0737408076549 0.0642957333506
v -0.0193947074671 -0.0775465784254 0.071107726109
v -0.0127913435852 -0.0774998782062 0.0714496853029
v -0.0195292778785 -0.076185743526 0.0763728252305
v -0.0123520165065 -0.0761349845968 0.0767445040533
v -0.0196778879548 -0.0746829333907 0.0821872295545
v -0.0118668546496 -0.0746276923083 0.0825917286403
v -0.00918790336985 -0.0649151952771 0.0890666674105
v -0.0150533341821 -0.0649566766962 0.088762922527
v -0.0346079021208 -0.123565413367 -0.09087382579
v -0.0273649671459 -0.123514189982 -0.09049874602
v -0.0254747651944 -0.11644854549 -0.0898820490953
v -0.0320781290763 -0.11649524571 -0.0902240082893
v -0.0307056693269 -0.114184687478 -0.0676123450705
v -0.0245365498054 -0.114141058316 -0.0672928734834
v -0.0230374967541 -0.108485328631 -0.0677736959607
v -0.0298950542513 -0.108533826555 -0.0681288187248
v -0.0179678304785 -0.067840866671 0.0649554005264
v -0.0102923890951 -0.0677865845199 0.0653528779025
v -0.00827323633438 -0.0602464865138 0.0661522507033
v -0.0150921429547 -0.0602947110915 0.0657991294982
v -0.0139280464047 -0.0583320600527 0.0883070887648
v -0.00742884365933 -0.0582860964804 0.0886436539113
v -0.00583596789415 -0.0522832696548 0.0882606038379
v -0.0129090681296 -0.052333291937 0.0878943190627
v -0.0281006353954 -0.106621482306 -0.0846614692944
v -0.0227692920099 -0.106583778053 -0.0843853824515
v -0.0223060615198 -0.105173204744 -0.0782715344164
v -0.0284751810414 -0.105216833906 -0.0785910060035
v -0.0287829618854 -0.104062571736 -0.0736026358661
v -0.0219254043883 -0.104014073812 -0.073247513102
v -0.0224814505712 -0.106249701222 -0.0705106045313
v -0.0327484613785 -0.106322311435 -0.071042287898
v -0.0127921123916 -0.0518161305244 0.0714496454898
v -0.00593455489448 -0.0517676326006 0.071804768254
v -0.00502749449959 -0.0486987894134 0.078077958196
v -0.0110285172336 -0.0487412297639 0.0777671916029
v -0.00964965521022 -0.0463371270619 0.0827065476547
v -0.00431831182474 -0.0462994228085 0.0829826344977
v -0.00516555644223 -0.0496399570274 0.0859291064981
v -0.0151556356012 -0.0497106087279 0.0854117642044
v 0.0151556356012 0.0497106087279 -0.0854117642044
v 0.0188420205596 0.0497366795289 -0.0852208625289
v 0.0195124320115 0.0523799921563 -0.0875523598687
v 0.0129090681296 0.052333291937 -0.0878943190627
v 0.00964965521022 0.0463371270619 -0.0827065476547
v 0.0179947759421 0.04639614531 -0.0822743905285
v 0.0110285172336 0.0487412297639 -0.0777671916029
v 0.018703958617 0.0487955119149 -0.0773697142268
v 0.0127921123916 0.0518161305244 -0.0714496454898
v 0.0196110190119 0.0518643551021 -0.0710965242847
v 0.0219497004518 0.0603432090153 -0.0654440067341
v 0.0150921429547 0.0602947110915 -0.0657991294982
v 0.0327484613785 0.106322311435 0.071042287898
v 0.0361579146886 0.106346423723 0.0712188485006
v 0.0367139608715 0.108582051133 0.0684819399299
v 0.0298950542513 0.108533826555 0.0681288187248
v 0.0287829618854 0.104062571736 0.0736026358661
v 0.0356018685057 0.104110796314 0.0739557570712
v 0.0284751810414 0.105216833906 0.0785910060035
v 0.0359825256372 0.105269927246 0.0789797783857
v 0.0281006353954 0.106621482306 0.0846614692944
v 0.0364457561273 0.106680500554 0.0850936264207
v 0.0391512293118 0.116545267992 0.0905902930646
v 0.0320781290763 0.11649524571 0.0902240082893
v 0.0139280464047 0.0583320600527 -0.0883070887648
v 0.0211053077767 0.0583828189819 -0.0879354099421
v 0.0228643674872 0.0650119177786 -0.0883584234413
v 0.0150533341821 0.0649566766962 -0.088762922527
v 0.0179678304785 0.067840866671 -0.0649554005264
v 0.0239688532125 0.0678833070214 -0.0646446339333
v 0.0255475222448 0.0737785119082 -0.0640196465077
v 0.0202161788593 0.0737408076549 -0.0642957333506
v 0.0307056693269 0.114184687478 0.0676123450705
v 0.0382130139228 0.114237780818 0.0680011174526
v 0.040037246341 0.121120369416 0.0674159934307
v 0.0316921256091 0.121061351168 0.0669838363044
v 0.0346079021208 0.123565413367 0.09087382579
v 0.0410414312633 0.123610912483 0.0912069899892
v 0.0427204010985 0.129886963546 0.0917547703643
v 0.0368549702862 0.129845482127 0.0914510254808
v 0.0196778879548 0.0746829333907 -0.0821872295545
v 0.025543318767 0.0747244148098 -0.0818834846711
v 0.0260284806239 0.0762317070983 -0.076036260084
v 0.0195292778785 0.076185743526 -0.0763728252305
v 0.0193947074671 0.0775465784254 -0.071107726109
v 0.0264678077026 0.0775966007076 -0.0707414413337
v 0.0260612795554 0.0759099929794 -0.0677721465642
v 0.0160712003964 0.0758393412789 -0.0682894888579
v 0.0353855569609 0.129793019637 0.073944555247
v 0.0424586571964 0.129843041919 0.0743108400222
v 0.0432719195489 0.132578766055 0.0802283290562
v 0.0368383904064 0.132533266939 0.079895164857
v 0.0381288681399 0.134967288635 0.0851807873946
v 0.0439942989522 0.135008770054 0.0854845322781
v 0.0433573500253 0.1324478668 0.0886196513212
v 0.0335864025605 0.13237876484 0.0881136568949
v -0.0182367232617 -0.140488549496 -0.0842178423429
v -0.0181575505664 -0.1405011835 -0.0842223665729
v -0.0181551581808 -0.140481885901 -0.0844139308732
v -0.0183728634614 -0.140453280761 -0.0843418108848
v -0.0188534685365 -0.1403901322 -0.0841825991637
v -0.018264078935 -0.140490784363 -0.0841520772665
v -0.0181584966708 -0.140508815023 -0.0841466096251
v -0.017789628043 -0.139287599827 -0.0810982233233
v 0.000181226416701 -0.0802349505732 0.0831285128663
v 0.000282263810817 -0.0802573097225 0.0831186629789
v -1.03913355934e-05 -0.0811980126677 0.0801764385499
v -0.000338523372067 -0.0802839594767 0.0826945461729
v -0.000402488351328 -0.0801057769559 0.0831854177855
v 0.000186901250135 -0.0802064291189 0.0832159396826
v 0.000292483514342 -0.0802244597784 0.083221407324
v 0.000355138802235 -0.080003726594 0.0834921460999
v -0.0160062349762 -0.131520695924 -0.0951965032759
v -0.0159270622809 -0.131533329929 -0.0952010275059
v -0.0159067403507 -0.131455451645 -0.0952299537083
v -0.0160155537202 -0.131450411899 -0.0952195175635
v -0.0166229802509 -0.131422278628 -0.0951612600967
v -0.0161793886062 -0.131634242597 -0.095138288435
v -0.0159784497304 -0.131730258386 -0.0951278826937
v -0.0223331389418 -0.134538402934 -0.0889945722908
v -0.0170668039556 -0.136106072143 -0.0897709067835
v -0.0251715787266 -0.130299045185 -0.0923293360337
v -0.0267437032738 -0.136619895568 -0.0845911997435
v -0.0260298379327 -0.135106997348 -0.0810677263141
v -0.0244721617113 -0.131805806707 -0.0733793984709
v -0.0166732962602 -0.135532383823 -0.0729755295048
v -0.0162164474298 -0.123095686139 -0.0642808271744
v -0.0154528113745 -0.131135818932 -0.0695002596904
v -0.0165682999919 -0.119391118624 -0.0618759240911
v -0.0139093874102 -0.120661642246 -0.0617382306943
v -0.012704948798 -0.121237166135 -0.061675858112
v -0.0120520873951 -0.118861255251 -0.0602645689571
v 0.000311568703811 -0.0760962287023 0.0604213764554
v 0.00101263611656 -0.0762874776247 0.0603294305835
v 0.00117317527892 -0.0756507360677 0.0597011979109
v -6.43380265976e-06 -0.0755195891699 0.0600260010212
v -0.0030375811895 -0.075182591445 0.0608606216716
v -0.00037866860774 -0.076453115067 0.0609983150684
v 0.000825770004412 -0.0770286389554 0.0610606876507
v -0.00510269200715 -0.0782641289056 0.067221828106
v 0.000105480628242 -0.0800169821657 0.066321704611
v -0.00865518403478 -0.0742281643423 0.0633199907736
v -0.00848131221751 -0.079559365495 0.0716728828851
v -0.000682446766361 -0.083285942611 0.0720767518511
v -0.00841803172464 -0.0784776210333 0.0753987733466
v -0.000627917505909 -0.0831165320677 0.0727339445548
v -0.0082927230886 -0.0763355403239 0.0827768172057
v 0.00403845907117 -0.0640051897663 0.0939190443578
v 0.00428813062557 -0.0631000093514 0.0945224924457
v 0.00473172227034 -0.0633119733201 0.0945454641074
v 0.00493266114612 -0.0634079891087 0.0945558698487
v 0.00502782823455 -0.0630565396733 0.0946665826621
v -0.014950100586 -0.127871056368 -0.0950746290111
v -0.0237993496472 -0.126139143776 -0.0920463872472
v -0.0123554981085 -0.118172336775 -0.0942281145065
v -0.0208051034153 -0.117062110427 -0.0914289842562
v -0.0104417014568 -0.10638545327 -0.0615586544791
v -0.011386218731 -0.108390493345 -0.0616075668776
v -0.00868484906594 -0.106179331057 -0.0609318210298
v -0.0116634828068 -0.117397665968 -0.0603415748568
v 0.00411095341195 -0.0627939159132 0.060822792162
v 0.00454129962326 -0.0630537357212 0.0606732568176
v 0.00472704421223 -0.0623590390852 0.0607268637108
v 0.00426816434534 -0.0623080216151 0.0608532154067
v 0.00308901734562 -0.0621769260907 0.0611778912837
v 0.00214450007146 -0.0641819661662 0.0611289788851
v -0.0074494832194 -0.0706848213606 0.0635925195581
v -0.00413674766747 -0.0609492732722 0.0643413087947
v 0.0066208813937 -0.0518360502226 0.0935223638386
v 0.00819998557491 -0.0511111040065 0.0940707013481
v 0.00839769325483 -0.0503660333672 0.0940231571875
v 0.00672740146696 -0.0505910172272 0.0933469330287
v 0.00596101029052 -0.0595487870907 0.0946091235313
v 0.00505931597263 -0.0629381799236 0.0946646438571
v -0.0117554708587 -0.105159978995 -0.0862381490405
v -0.0109918348034 -0.113200111788 -0.0914575815565
v -0.00792161295379 -0.102005388181 -0.0852198608772
v -0.00922655031329 -0.10183392741 -0.0847875697222
v -0.0121073234209 -0.10145541148 -0.0838332459571
v -0.00881186350142 -0.0980400956811 -0.0742787713711
v -0.00821121317128 -0.097417599698 -0.0725373154121
v -0.0172358311272 -0.104515844769 -0.0691298676301
v -0.00746238174665 -0.101285385819 -0.0665573283224
v -0.00642637650837 -0.0971200452805 -0.0716566378815
v -0.00849838698493 -0.105450726358 -0.0614580187633
v -0.00860938933814 -0.105884470504 -0.0611447690862
v 0.00503233181751 -0.0612421991785 0.0612785269994
v 0.00719746519507 -0.0472818110351 0.0711078771205
v 0.00938967891711 -0.0454447036853 0.0718100942897
v 0.00880353437806 -0.0453451181059 0.0720667065509
v 0.00777963632252 -0.0451711584862 0.0725149659439
v 0.00672706634867 -0.0422390920116 0.0805924596971
v 0.0063436567643 -0.041171056236 0.083534770992
v 0.000196517001431 -0.0480535706557 0.0872189416093
v 0.0096970757263 -0.0452428003366 0.089504280359
v 0.0108849153625 -0.040559360785 0.0853733172854
v -0.00731416768488 -0.0998120764358 -0.0835850294873
v -0.00720250623568 -0.0994619588245 -0.0822988967228
v -0.00634662709744 -0.0967783257399 -0.0724407566941
v -0.00637890105259 -0.0969166169323 -0.0721234300192
v 0.00964422239636 -0.0445318845281 0.0726115246618
v 0.00972223330238 -0.0442703396373 0.0731954062863
v 0.0111368125003 -0.0395277211914 0.0837829874619
v 0.0110204085235 -0.0400044513057 0.0845178934535
v 0.0293079164159 0.0404858677326 -0.0823012156739
v 0.0300089838287 0.0402946188101 -0.0823931615458
v 0.0301444769897 0.0408495282895 -0.0832485853778
v 0.0288395396302 0.0410209890603 -0.0828162942227
v 0.0259587665226 0.0413995049899 -0.0818619704577
v 0.028790554132 0.0402609656009 -0.0817153246229
v 0.0298925798519 0.0398178886958 -0.0816582555543
v 0.0308768128385 0.0448203269498 -0.0709211390343
v 0.0313071590498 0.0445605071418 -0.0710706743787
v 0.029254226442 0.0448148207891 -0.0723074958717
v 0.0298548767722 0.0454373167723 -0.0705660399126
v 0.0309564708015 0.0449944134313 -0.0705089931993
v 0.0313851699558 0.0448220520326 -0.0704867927542
v 0.0316397134351 0.0457348711898 -0.0696853623821
v 0.0471143819668 0.0972965008897 0.0742929435502
v 0.0474082934048 0.0972067844368 0.0742481619268
v 0.0474557688606 0.097410212785 0.0737813697892
v 0.0468696243215 0.0975097983644 0.0740379820503
v 0.045845726266 0.0976837579841 0.0744862414433
v 0.0469473202953 0.0972408546431 0.0745432881566
v 0.0473760194496 0.0970684932444 0.0745654886017
v 0.0472165993326 0.100265263446 0.0847111572486
v 0.0482318985879 0.099752126329 0.0844236286305
v 0.0447931562921 0.100615824459 0.0825637351966
v 0.0444097467078 0.101683860234 0.0855060464915
v 0.0472415343172 0.100545320845 0.0856526923262
v 0.0483435600371 0.10010224394 0.0857097613949
v 0.048951005306 0.102295555685 0.0873445927849
v 0.0261241439905 0.0472858211012 -0.0864794249563
v 0.0313323166259 0.045532967841 -0.0873795484514
v 0.0326316990974 0.0506562008717 -0.0918984252798
v 0.0241820937906 0.0517664272198 -0.0890992950295
v 0.0208941089184 0.0445770919216 -0.082124246816
v 0.0215468644927 0.0458972750743 -0.0791300725712
v 0.0233403497172 0.0495245577378 -0.0709033986378
v 0.0339633246216 0.0603324318279 -0.0606360540758
v 0.0345454957491 0.0624430843768 -0.0592289652524
v 0.0354686106819 0.0618639182858 -0.0591811611871
v 0.0359970605347 0.0615323666829 -0.0591537950917
v 0.03630234814 0.0626492065896 -0.0586021318032
v 0.0493448702523 0.106264354462 0.0633142826172
v 0.0496387816903 0.106174638009 0.0632695009938
v 0.0497142414181 0.106469498562 0.0630565529374
v 0.0492553615512 0.106520516032 0.0631829046334
v 0.0480762145515 0.106651611556 0.0635075805103
v 0.0489993294843 0.106072445465 0.0635553845756
v 0.0495277793371 0.105740893862 0.063582750671
v 0.0433565456759 0.103561915294 0.0697382573859
v 0.0484917740988 0.101575553324 0.0686820602301
v 0.0408504495384 0.107879264374 0.0666709980214
v 0.039331199211 0.10177099895 0.0741488827182
v 0.039335334801 0.10269115198 0.077452285191
v 0.0393450891036 0.104861447166 0.0852437701331
v 0.0533848904607 0.118462504279 0.0963528464141
v 0.0520212271556 0.113490279293 0.0935823134641
v 0.0517145986729 0.11823752042 0.0956766222553
v 0.0358690389854 0.0632507065774 -0.0925300620621
v 0.0359700763796 0.0632283474281 -0.0925399119495
v 0.0360015641176 0.0633467071778 -0.0925418507545
v 0.0358927507482 0.0633517469246 -0.0925314146097
v 0.0352853242174 0.0633798801947 -0.0924731571429
v 0.0352499332301 0.0628022291965 -0.0924749898866
v 0.0350683820617 0.0598389545952 -0.0924843916237
v 0.0250392925586 0.0560401825454 -0.0892811406488
v 0.0328294067773 0.051401271511 -0.0919459694405
v 0.0267367257417 0.0645031136384 -0.0896412330799
v 0.0353400044764 0.0754110401989 -0.0591878211373
v 0.0351278689629 0.0719485685199 -0.0591988067032
v 0.0398562170733 0.0759409035722 -0.0575764660033
v 0.0364880927289 0.0633439032256 -0.0585485249099
v 0.0516775759037 0.11820097059 0.0627538353825
v 0.052692875159 0.117687833473 0.0624663067644
v 0.0530814797473 0.119151422755 0.0623893008647
v 0.0519018706657 0.119282569653 0.062714103975
v 0.0488707232789 0.119619567378 0.0635487246254
v 0.0486585877654 0.116157095699 0.0635377390595
v 0.0415658230866 0.111659005552 0.0664736242579
v 0.0432531204336 0.120573994481 0.0660080937274
v 0.0561964350939 0.131702149472 0.0972105953995
v 0.0561610441067 0.131124498473 0.0972087626558
v 0.0559794929382 0.128161223872 0.0971993609187
v 0.0569361327029 0.13174561915 0.0973546856159
v 0.0360967312061 0.0636981566132 -0.092431137941
v 0.0397262716399 0.0794804673843 -0.0817395305706
v 0.04067425355 0.0802938940985 -0.0813674141922
v 0.0404565482694 0.080322499238 -0.0812952942038
v 0.0399759431943 0.0803856477992 -0.0811360824827
v 0.0400782056769 0.082681753356 -0.0711575501567
v 0.0416573098581 0.0834066995722 -0.0706092126472
v 0.0410397836878 0.0814881801722 -0.0780517066423
v 0.0399229823921 0.0828744265954 -0.0700446569714
v 0.0417118391186 0.0835761101155 -0.0699520199435
v 0.040923911724 0.0803071496702 -0.0641969727033
v 0.0314233529991 0.0774963793511 -0.066482311453
v 0.0402036223478 0.0773188064599 -0.0589359557431
v 0.0400167562356 0.0765776451292 -0.0582046986758
v 0.0537343411502 0.121527333639 0.0638005900196
v 0.0564822037267 0.131425986437 0.0716249915981
v 0.0559138318859 0.135120867807 0.0750076243845
v 0.0577026886124 0.135822551327 0.0751002614124
v 0.0588190203952 0.139577767332 0.0832229552309
v 0.0584908883587 0.140491820523 0.0857410628539
v 0.0584269233795 0.140670003044 0.0862319344665
v 0.0487986501883 0.133905530542 0.089829083204
v 0.0580961963078 0.136396239648 0.0918956386911
v 0.059184550533 0.140772053405 0.0865386627808
v 0.0570078420826 0.13202042589 0.0972526146013
v 0.0569564546331 0.131823497433 0.0973257594136
v 0.0407369088379 0.0805146272829 -0.0810966754164
v 0.0407471285414 0.080547477227 -0.0809939310713
v 0.059187889023 0.140798982527 0.0862713415327
v 0.0591869429186 0.140791351005 0.0863470984805
v -0.00811872500149 -0.143705288735 -0.0858432762288
v -0.00561220093742 -0.144505299336 -0.0862479898113
v -0.00552537810758 -0.14380496398 -0.0932001111071
v -0.0114961575006 -0.142233965435 -0.0890464090173
v -0.00888608112347 -0.143675795415 -0.0836664319758
v -0.00564653631503 -0.144782257354 -0.0834986701878
v -0.00760931114799 -0.140357365598 -0.0751580189605
v -0.0047311328581 -0.141751626589 -0.0759336371423
v -0.0158637092624 -0.136358730301 -0.0729336045523
v -0.00720825521904 -0.139314988365 -0.0724853766277
v -0.00429562623937 -0.140309792667 -0.0723345443737
v -0.00199599121914 -0.132273500023 -0.0611852003198
v 0.00930740895785 -0.0872488009391 0.0705014576955
v 0.0116603482998 -0.0880527013857 0.070086958014
v 0.0115489000753 -0.0880186674692 0.0616799034849
v 0.00563064183218 -0.0859945524147 0.0670888209448
v 0.000127140231414 -0.084112289089 0.0721186768037
v 0.00878259427476 -0.0870685471536 0.0725669047282
v 0.0116952232544 -0.0880633514548 0.0727177369822
v 0.00936750550678 -0.0843192591374 0.0808920481367
v 0.0124335573406 -0.0856900699391 0.0801406188684
v 0.000114209913148 -0.0838382972887 0.0728762441473
v 0.00956489906168 -0.0833914401706 0.0837015849734
v 0.0128044438701 -0.0844979021098 0.0838693467614
v 0.0150782869638 -0.0764872035122 0.0936948142721
v 0.0027363248799 -0.079434996611 0.0851422314716
v -0.00588823671594 -0.134737435163 -0.0968219371619
v -0.00338171265188 -0.135537445764 -0.0972266507443
v -0.00264420298455 -0.132711140076 -0.0982764208072
v -0.00607808407509 -0.132386022443 -0.097487642199
v -0.0103201415348 -0.137505700755 -0.0948348637803
v -0.00524663101937 -0.142684239389 -0.0945721289685
v -0.0130683855072 -0.138549640195 -0.0911795727525
v -0.00538600456348 -0.143244601685 -0.0938861200378
v -0.0163011069464 -0.135912277929 -0.072956255456
v -0.0157827748299 -0.135329975031 -0.0722573396553
v -0.00774480724726 -0.126299988922 -0.0614189941807
v -0.00197313008702 -0.132191147138 -0.0611201043868
v 0.00252359690606 -0.115826536586 -0.0513995388745
v -0.00532351371723 -0.117460337962 -0.0561722047953
v 0.00893805125555 -0.0807017912244 0.0578177915012
v 0.0128446703024 -0.0828777077266 0.0565797469438
v 0.0139504192126 -0.0784920097298 0.0522526557667
v 0.00763797347239 -0.0770883121939 0.0559325196226
v 0.00578591155519 -0.082091461743 0.061317551582
v 0.0115575887154 -0.0879826199591 0.0616164413759
v 0.00381213131403 -0.0826012032235 0.0648073399411
v 0.0115537505838 -0.0879985436351 0.0616444752141
v -0.000310257452638 -0.0836658367168 0.0720960258999
v -0.000296602993139 -0.083553463889 0.0724639689952
v 0.0105909693417 -0.0691834314783 0.0948488887621
v 0.0156644798571 -0.0743619701123 0.0951116235739
v 0.0191182191032 -0.0616074062393 0.0991295376994
v 0.005230323428 -0.0630357139519 0.0947307204814
v -0.0031483345769 -0.122421658454 -0.0971153408265
v -0.000270156287008 -0.123815919445 -0.0978909590084
v 0.000859305309539 -0.119583984957 -0.0977075741158
v -0.00222804867642 -0.119291676286 -0.0969983944105
v -0.0114027326913 -0.118423023157 -0.0948909264183
v -0.0119174857544 -0.11828758417 -0.0945328272937
v -0.00559135361085 -0.113202141204 -0.057312783318
v 0.00520019676929 -0.105745742402 -0.0519299340031
v 0.0058908352352 -0.103144612392 -0.0520667909472
v -0.00606736583201 -0.105634360059 -0.0593398499683
v 0.00981481281518 -0.0701208759062 0.0563025214239
v 0.0145072741022 -0.0764093368471 0.0524133671004
v 0.0175042881459 -0.0652003127473 0.0532783215666
v 0.0117518013032 -0.0639211331807 0.0566317552886
v 0.00950837818521 -0.05010075388 0.0947928261241
v 0.00526685777112 -0.0628613676088 0.0947246406339
v 0.0202609506776 -0.0573119747041 0.099059175906
v 0.0225358180715 -0.0487609401819 0.0989191047352
v 0.00468262408542 -0.105421601942 -0.0940579364853
v -0.0113217982588 -0.117394267887 -0.0942146615213
v 0.00470816711946 -0.10532846626 -0.0940060411111
v -0.00208425224118 -0.103541282338 -0.0892807473704
v 0.00653067399674 -0.0933030845612 -0.0606797297471
v -0.00780921899454 -0.10550278451 -0.0608575410052
v 0.00710838814047 -0.0983869975262 -0.0555027366138
v 0.00851518680877 -0.0928899006621 -0.0594727355907
v 0.0201844545078 -0.0507006752362 0.0610127780307
v 0.0204654138549 -0.0543675658448 0.0586291590007
v 0.0218010438348 -0.0494814033007 0.0610426799373
v 0.0210663704891 -0.0493180341079 0.0614709605122
v 0.0200613927992 -0.049094557382 0.0620568160156
v 0.0149192960264 -0.047335898827 0.0667563704912
v 0.0255246352048 -0.0371074227065 0.095568458028
v 0.0256017340056 -0.0370677938642 0.0955979976943
v 0.0256080635241 -0.0370428377032 0.0955759854577
v 0.0251578749553 -0.0371503621589 0.0952640192578
v 0.0255937349619 -0.0370993326648 0.0956258160571
v 0.023264648004 -0.0459814896856 0.0981341758275
v 0.000167123242818 -0.0953848002456 -0.08319760631
v 0.00889208046638 -0.0902215475732 -0.0827457791212
v 0.00966117334039 -0.0878100352585 -0.0738872558691
v -0.00113037703975 -0.0952664340605 -0.079270105184
v -0.00343632923804 -0.0950560705111 -0.0722900451586
v 0.00985962105382 -0.0871877968774 -0.0716015063281
v 0.00933887642601 -0.0894191439543 -0.0664813975469
v -0.00557873070899 -0.0965349309378 -0.0718362019383
v 0.00873719181276 -0.0919973120837 -0.060565463887
v 0.00862618931076 -0.0924436063729 -0.0600190997388
v 0.0222679106152 -0.0477887849044 0.0621710818757
v 0.0233815355911 -0.0437952109387 0.0656773311086
v 0.0125545202558 -0.0428096292992 0.0727622361974
v 0.0258504705476 -0.0349413556656 0.0734507750279
v 0.0271091870582 -0.0307212935084 0.082871783942
v 0.014071189465 -0.0408813499104 0.0756157349321
v 0.018618103428 -0.0351004450012 0.0841704106391
v 0.0273430606515 -0.0299371923288 0.0846222378279
v 0.0265413025725 -0.0332207762008 0.0896840650315
v 0.0127287235214 -0.0392578026986 0.0850865107226
v 0.0379343989677 0.0358803052104 -0.0849048006281
v 0.0418410180145 0.0337043887083 -0.0861428451855
v 0.0427742570629 0.0375264502106 -0.0920347656116
v 0.0359818377023 0.0393136341322 -0.0873094718709
v 0.0355323749158 0.0350633226036 -0.0813661953545
v 0.0410392599355 0.0304208048363 -0.0810810179819
v 0.0365806722417 0.0374933669567 -0.0754414097724
v 0.0412731335288 0.0312049060159 -0.0793305640959
v 0.0375134649437 0.0396556615481 -0.0701694352904
v 0.0425318500394 0.0354249681731 -0.0699095551818
v 0.0447198256488 0.0479457140549 -0.0597524922325
v 0.0450007849959 0.0442788234462 -0.0621361112626
v 0.0445967639402 0.0495518319091 -0.0587084542477
v 0.0454734917274 0.0488127163629 -0.0586630523687
v 0.0461144099718 0.0482723974119 -0.0586298620297
v 0.0465812767522 0.0499650158082 -0.0575014600912
v 0.0593201799011 0.0931502311582 0.0636855312632
v 0.0597561312762 0.0929272188803 0.0635603195849
v 0.0598671337782 0.0933735131695 0.0630139554367
v 0.0591324604325 0.0935368823623 0.0634422360116
v 0.0581274827426 0.0937603590883 0.064028091515
v 0.0590042105298 0.0930212435421 0.064073493394
v 0.0596451287742 0.0924809245911 0.064106683733
v 0.0552822283347 0.0922638797674 0.0713885803537
v 0.059043444161 0.0899027564617 0.0700226173929
v 0.0529853859699 0.0955190176433 0.0687276459907
v 0.0535043144375 0.09190210276 0.0748828460656
v 0.0585226995332 0.0876714093849 0.0751427261741
v 0.0537566270356 0.0937169006856 0.0807392541281
v 0.0587211472466 0.0882936477659 0.0774284757152
v 0.053983355101 0.095347677848 0.0860018215946
v 0.0594902401206 0.0907051600807 0.0862869989673
v 0.0636741534675 0.105812078767 0.0975472609571
v 0.0632239648987 0.105704554311 0.0972352947573
v 0.042764733241 0.0472690026396 -0.0941784562998
v 0.045117672583 0.046465102193 -0.0945929559814
v 0.0458465025154 0.0492445526893 -0.0953778848891
v 0.0427591485295 0.0495368613612 -0.0946687051838
v 0.0335844645146 0.0504055144897 -0.0925612371917
v 0.0380194111391 0.0442270418437 -0.0923315707974
v 0.0427885856251 0.0375829451722 -0.0920845962111
v 0.0350389673117 0.0429487467833 -0.0888939131212
v 0.0427805865814 0.0375514063716 -0.0920567778483
v 0.0330697114515 0.0505409534767 -0.0922031380671
v 0.0404530521037 0.0553245756199 -0.0589230388723
v 0.0508780324411 0.0656839252548 -0.0497371017206
v 0.0479169067321 0.0548511783523 -0.0550879391546
v 0.0389198313739 0.063194177588 -0.0570101607416
v 0.0575127166202 0.101231733339 0.0604099194206
v 0.0612739324465 0.0988706100336 0.0590439564599
v 0.0624914853518 0.103628224899 0.0556080107933
v 0.0567389985091 0.104907404466 0.0589614445153
v 0.0539837709062 0.0995331027992 0.0638135068905
v 0.0518610935209 0.0988428133978 0.0670547064193
v 0.0544955753911 0.118727783767 0.0971225153507
v 0.0589305220156 0.112549311121 0.097352181745
v 0.0636996965016 0.105905214449 0.0975991563313
v 0.0675230152775 0.120067597465 0.101248793962
v 0.0450553180755 0.0591663980132 -0.0947665267916
v 0.0481213699094 0.0577955872115 -0.0955179560599
v 0.0492641014838 0.0620910187468 -0.0955883178533
v 0.0458302203933 0.06241613638 -0.0947995392452
v 0.0337239781301 0.051292419115 -0.0925540123947
v 0.0331607212901 0.0509643396897 -0.0922159450002
v 0.0408370488916 0.0667328929525 -0.0561281962642
v 0.0538750464848 0.0768929493546 -0.0488721472543
v 0.0544319013744 0.0789756222373 -0.0487114359207
v 0.0465847907511 0.0773418208607 -0.0534841018415
v 0.0582176036067 0.111652607829 0.058781932262
v 0.0631821238177 0.10622935491 0.0554711538491
v 0.0658587236809 0.116310149093 0.0549407587206
v 0.0595462779407 0.117713846629 0.0586206225764
v 0.0546350890067 0.119614688392 0.0971297401477
v 0.0710265235715 0.133194752584 0.101817640653
v 0.068652476874 0.124299531953 0.101432178854
v 0.0571386278963 0.131766444871 0.0974188234353
v 0.0387848760348 0.0655010383961 -0.0922919307346
v 0.0527178407299 0.0748455826198 -0.0915704037278
v 0.0533040336232 0.0769708160196 -0.0901535944261
v 0.0473332542302 0.0785418145643 -0.0859998923363
v 0.0429657024684 0.0844170496987 -0.0698870878713
v 0.0567514712024 0.0884425273003 -0.0581327950344
v 0.0568285700032 0.0884821561426 -0.058103255368
v 0.0568334205117 0.0885022799767 -0.0581386836388
v 0.0563165094842 0.088125378479 -0.0581015401337
v 0.0568247318716 0.0884662324665 -0.0580752215299
v 0.0555376502846 0.0833613202341 -0.0530385270978
v 0.0417250712335 0.0773242937363 -0.0576360814067
v 0.0698472282867 0.132333905658 0.064635005629
v 0.070355450674 0.132674759646 0.0646613242329
v 0.0703783118061 0.13275711253 0.0647264201659
v 0.064460053563 0.134781227585 0.0701353376257
v 0.0589565519622 0.13666349091 0.0751651934846
v 0.0589436216439 0.136937482711 0.0759227608283
v 0.0720638638325 0.14293080708 0.0968257259742
v 0.0737683251505 0.143728214192 0.0974273398839
v 0.0739076986946 0.144288576487 0.0967413309531
v 0.0615657366107 0.141340783389 0.0881887481526
v 0.0596959869113 0.133823307673 0.0973918218078
v 0.0736289516064 0.143167851897 0.0981133488146
v 0.0717640332389 0.136021058271 0.10076787059
v 0.0570897862563 0.131861293457 0.0973567531555
v 0.04095019069 0.0805788216139 -0.0810856304867
v 0.0555778767169 0.0849815146173 -0.0803281269153
v 0.0559487632464 0.0861736824465 -0.0765993990224
v 0.0409546703399 0.0806242895418 -0.0809339342944
v 0.0566870973326 0.0885469639622 -0.0691765171362
v 0.0567219722872 0.0885363138931 -0.0665457381679
v 0.0726779468264 0.140793405174 0.0758757642198
v 0.0731134534451 0.142235239097 0.0794748569884
v 0.0594011708751 0.140863176858 0.0862823864625
v 0.074028856902 0.145265869862 0.0870398900338
v 0.0739945215244 0.144988911843 0.0897892096574
v 0.0593202745418 0.140829147029 0.0863780922225
v 0.00499218808736 -0.147008761442 -0.0958571048544
v 0.00705708545621 -0.147619458175 -0.0961589014511
v 0.00750420731712 -0.145821769568 -0.0983596748595
v 0.00387674249793 -0.145348195566 -0.0971664368964
v -0.00417820204017 -0.144296603747 -0.0945167997274
v 0.00326016732387 -0.147827184545 -0.0941315992693
v 0.0066099635953 -0.149417146781 -0.0939581280426
v 0.00130284440116 -0.147570506972 -0.0879254351946
v 0.00655052101421 -0.149896625983 -0.0891984117952
v -0.00480808811566 -0.1440667325 -0.0939011683725
v -0.000182525140584 -0.147375719978 -0.0832157130631
v 0.00647150160926 -0.1505340169 -0.0828711302619
v 0.000576432698819 -0.145373321501 -0.0780506448096
v 0.00675652268596 -0.149590396208 -0.080515672843
v 0.00146015758053 -0.14304174356 -0.0720364776261
v 0.00782241168492 -0.146061552212 -0.0717070044478
v 0.00444453507835 -0.138897959075 -0.0651627256779
v 0.00862542090425 -0.143255360349 -0.067813766614
v -0.00193415779803 -0.132249960153 -0.0611180861832
v 0.00638770330349 -0.136199885408 -0.060687133571
v 0.0101353713642 -0.137978695284 -0.060493058313
v 0.0128861457241 -0.128237517481 -0.0495403520118
v 0.0209065038291 -0.0919600015897 0.0594961634112
v 0.0237775514145 -0.0931684297372 0.0588416789096
v 0.0240196913669 -0.0918612050077 0.0514515431153
v 0.0178761811827 -0.0899722440369 0.0564793060879
v 0.0115965610044 -0.0880414329742 0.0616184595795
v 0.0199184221059 -0.0919913582284 0.0620494121917
v 0.0236660901666 -0.0937701681048 0.0622434874498
v 0.0185165553057 -0.0913118166803 0.0682799895446
v 0.0237279058044 -0.0937890452853 0.0669065266334
v 0.0115770208731 -0.088032099523 0.0616436504854
v 0.0174510070743 -0.0907953023478 0.0730158037299
v 0.0238132611787 -0.0938151110005 0.0733452769081
v 0.017830146931 -0.0890773821531 0.078181014516
v 0.0240689238927 -0.0929933155494 0.0759155959062
v 0.0182684550446 -0.0870913647336 0.084152303886
v 0.0249224817944 -0.0902496616555 0.0844968866873
v 0.0219278374264 -0.0823882389947 0.0912194998533
v 0.0257977279665 -0.0871661888765 0.0882788991099
v 0.0167329088363 -0.0759743344705 0.095166952815
v 0.0241712782004 -0.0795049152676 0.0955521532731
v 0.0275210744718 -0.0810948775041 0.0957256244998
v 0.0294016297739 -0.0742769529206 0.100270865963
v 0.0035333326867 -0.1386026534 -0.0989040961277
v 0.00878100929976 -0.140928772411 -0.100177072728
v 0.0104783133377 -0.134424315224 -0.10259301254
v 0.00327272649444 -0.133483609036 -0.1002227677
v -0.00467775703742 -0.143542726149 -0.0945426694852
v -0.00494780657092 -0.143626274337 -0.0941149344082
v -0.00195237969401 -0.132222461521 -0.0611190298151
v -0.00190301184924 -0.132170368044 -0.0610645917205
v 0.00472598219477 -0.115230263729 -0.0496790186856
v 0.00860426635668 -0.121082975772 -0.0494781793937
v 0.0130207069218 -0.12774781873 -0.0492494713469
v 0.0173242381522 -0.112056822584 -0.0404939343943
v 0.0222079529187 -0.083857221888 0.0479082291886
v 0.0254364026826 -0.0862730374591 0.046481389757
v 0.0265027062013 -0.0820682787282 0.042763539225
v 0.0214233020235 -0.0806408693883 0.046548730096
v 0.0157965703059 -0.0790596505828 0.0507417914839
v 0.0196748544678 -0.0849123626257 0.0509426307758
v 0.0240912950329 -0.0915772055829 0.0511713388226
v 0.0168102201836 -0.0860097320839 0.0547195200528
v 0.0240527800774 -0.0917299662698 0.0513220581427
v 0.0148633813817 -0.07877272057 0.0515055002723
v 0.0115783391084 -0.0880139343419 0.0616175159476
v 0.0115703888412 -0.0880152125642 0.0616343642453
v 0.0162333538391 -0.0752204568724 0.0951410830572
v 0.0333486310157 -0.0597007860883 0.10486261737
v 0.032019220001 -0.0646102643355 0.103316044536
v 0.0280770970319 -0.0604070771628 0.102738847201
v 0.00503740926991 -0.127437614357 -0.100007966676
v 0.0112174992571 -0.131654689064 -0.102472994709
v 0.0139818216318 -0.121297160105 -0.102024165848
v 0.0070921928113 -0.120397702975 -0.0997578539552
v 0.00924704714224 -0.102235953008 -0.0494448926018
v 0.00545140088544 -0.113145286854 -0.0496414524398
v 0.0206986872092 -0.0993513389874 -0.0410957782765
v 0.0197497846802 -0.102924149041 -0.0409265384473
v 0.0239029974049 -0.0725143632834 0.0469295973205
v 0.0273832169713 -0.0787742657842 0.0430019374912
v 0.0300493644067 -0.0688001411488 0.0437237968343
v 0.0254322564042 -0.0675026458413 0.0471644828774
v 0.0203176352533 -0.0660653398611 0.0509759175677
v 0.0165219889965 -0.0769746737069 0.0507793577297
v 0.0151702834912 -0.0777722376962 0.0515537738393
v 0.0188955499376 -0.0656280876098 0.0521397323381
v 0.0295649789964 -0.0528743002624 0.10239867463
v 0.0359785123603 -0.0498152840907 0.104700686807
v 0.0367662299841 -0.0468543200309 0.104652184406
v 0.0305906186758 -0.0476817412635 0.102164183928
v 0.011135999935 -0.11199439836 -0.0980987084769
v 0.0153168857609 -0.116351799633 -0.100749749413
v 0.0178272936705 -0.107052716709 -0.0983533813067
v 0.0137689770021 -0.106522893992 -0.0970184165981
v 0.00475730705861 -0.105346399438 -0.0940540689823
v 0.00473433117285 -0.105338014595 -0.0940316130554
v 0.022210883997 -0.0891819334306 -0.0487735524666
v 0.0188298041045 -0.092586533751 -0.0489486437345
v 0.0233876543963 -0.0888855105276 -0.0479155975762
v 0.0218539291036 -0.094854979361 -0.0440257288558
v 0.0333353341209 -0.0539669331565 0.0510251598554
v 0.0334657852883 -0.0562813809187 0.049518469215
v 0.034281504482 -0.0532923484322 0.0509020298612
v 0.0338070505177 -0.0531590178296 0.0512555947188
v 0.0332814721081 -0.0530113202839 0.0516472577029
v 0.0299003922156 -0.0564159206043 0.051472166435
v 0.0203540753486 -0.0631808356461 0.0528630977389
v 0.0274783671791 -0.0512270245977 0.0563964377666
v 0.0256684179351 -0.0370241301607 0.0956296835601
v 0.0287778690635 -0.0438426971346 0.09979222082
v 0.0385500187342 -0.0400517007829 0.102731095146
v 0.0398418652078 -0.0351251422505 0.101339813592
v 0.0217510181439 -0.0925956007273 -0.0931740393718
v 0.0047884530074 -0.105266807328 -0.0940005745196
v 0.0218762186268 -0.0921435374654 -0.0928370844394
v 0.016307553654 -0.0901113033579 -0.0873944418796
v 0.0114174470514 -0.0883267030137 -0.0826150014846
v 0.0117849770786 -0.0876806456561 -0.0808158755329
v 0.0137080237133 -0.0843002458639 -0.0714022144679
v 0.0216420228744 -0.0812797870156 -0.0627906336452
v 0.0244413722826 -0.0802140798586 -0.0597522133996
v 0.010182085303 -0.0916237833984 -0.059409840424
v 0.0245971286223 -0.0840282990284 -0.0537651832881
v 0.0256255430425 -0.0798934779708 -0.0588271301682
v 0.0235687142021 -0.088163120086 -0.0487032364079
v 0.0234745459816 -0.0885388314268 -0.0482935897342
v 0.0346393023131 -0.0519925069394 0.0517175737616
v 0.0375988018961 -0.0373589069442 0.0620821044427
v 0.0389647230983 -0.0363107598126 0.0621719761804
v 0.0384738448168 -0.0361598281975 0.0625737041134
v 0.037972091085 -0.0360055526794 0.0629843323631
v 0.0334792127072 -0.0338595046085 0.0687764979677
v 0.0296988732071 -0.0320538046521 0.0736500668881
v 0.0297343646686 -0.0312141167499 0.0759741630632
v 0.0298684272366 -0.0280423477693 0.0847530154645
v 0.042217036402 -0.0244378938511 0.096164324835
v 0.0426861210323 -0.0241750726547 0.096358241771
v 0.042714047514 -0.024060700318 0.0961819304516
v 0.0426621290204 -0.0242733314503 0.0965097131706
v 0.0407308614096 -0.0317044627591 0.0998172819372
v 0.025731201965 -0.0782559633976 -0.081873755026
v 0.0264412495368 -0.0760205883256 -0.0738625212464
v 0.0267190285564 -0.0751460831225 -0.0707284317098
v 0.0263149056747 -0.0769192722171 -0.0659830507218
v 0.025778382988 -0.0792733982025 -0.0596829754913
v 0.0257050342671 -0.0795709778549 -0.0592722506672
v 0.0393091017904 -0.0350648710232 0.0630535702714
v 0.0399645806781 -0.03272009729 0.0652258478997
v 0.0427098780502 -0.0228996419107 0.0743238496461
v 0.0438166607095 -0.0191950659964 0.0827210405566
v 0.0441821821501 -0.0179716081532 0.0854942619232
v 0.0435329867126 -0.0206641478934 0.0902202492238
v 0.0489738123452 0.0237570209749 -0.0838357020076
v 0.0522022621092 0.0213412054039 -0.0852625414393
v 0.0530212013078 0.0247377578285 -0.0912242226671
v 0.047452536335 0.026769991936 -0.0857815801073
v 0.0425624297324 0.0285545922801 -0.0810021397124
v 0.0472875614253 0.0233484196676 -0.0807574459087
v 0.0515530666717 0.0186486656637 -0.0805365541387
v 0.0484383685459 0.0261320260077 -0.0738356729427
v 0.0519185881123 0.0198721235069 -0.0777633327721
v 0.0429299597596 0.0292006496378 -0.0792030137606
v 0.0448530063943 0.03258104943 -0.0697893526956
v 0.0491480856179 0.0278487106771 -0.0695669294193
v 0.0530253707715 0.0235766994212 -0.0693661418616
v 0.0556402169763 0.0357116025626 -0.0587614494748
v 0.0557706681437 0.0333971548005 -0.0602681401152
v 0.0527870055554 0.0356015082782 -0.0611777718729
v 0.0555863549636 0.0366672154352 -0.0581393516273
v 0.0560277172543 0.0361809203604 -0.058116495414
v 0.0564261470314 0.0357419285337 -0.058095862487
v 0.0567705257235 0.0369878173231 -0.057214268396
v 0.0697384678355 0.0804485866196 0.0643472895437
v 0.0700302145547 0.0802480353653 0.0642299584517
v 0.0701097057793 0.0805705354812 0.0637848379527
v 0.0696188274978 0.0807214670964 0.0641865658857
v 0.069117073766 0.0808757426144 0.0645971941354
v 0.0695584360568 0.0803894475396 0.0646200503487
v 0.0699568658338 0.0799504557129 0.0646406832757
v 0.0663601736005 0.0801764744591 0.0724829485757
v 0.0694203431471 0.0775963297276 0.0709407585063
v 0.0646241953882 0.0830217906853 0.0703893597399
v 0.0608438558881 0.0848274906418 0.0752629286604
v 0.0651389351117 0.0800951518889 0.0754853519367
v 0.0690162202653 0.075823140633 0.0756861394943
v 0.0655047710629 0.0822535502493 0.082273145468
v 0.069293999285 0.0766976458361 0.0788202290309
v 0.0608793473496 0.0856671785439 0.0775870248355
v 0.0610134099176 0.0888389475245 0.0863658772368
v 0.0657385416104 0.083632774912 0.0866105710404
v 0.0700040468568 0.0789330209081 0.0868314628104
v 0.073859030195 0.0928205949759 0.0977947922239
v 0.0521333398268 0.0335899484171 -0.0942050896512
v 0.0550043874122 0.0323815202696 -0.0948595741528
v 0.055893383614 0.0358021997609 -0.0963821058072
v 0.0518350669456 0.0363320224785 -0.0950471410986
v 0.0428233970021 0.0375085170326 -0.0920827934828
v 0.0480044072816 0.0311606584704 -0.0918144917308
v 0.0530731198014 0.0249503889607 -0.0915520053861
v 0.0458065678958 0.030572364351 -0.0880030720765
v 0.0530491277895 0.0248521301651 -0.0914005339866
v 0.0428004211163 0.0375169018751 -0.0920603375559
v 0.0417925007763 0.0294979218342 -0.0810420109492
v 0.0419361429178 0.0298420051668 -0.080190157357
v 0.0436797127189 0.0340185880377 -0.0698501124185
v 0.0448894464896 0.0354655536449 -0.0679021725243
v 0.0507984943228 0.0425333806276 -0.0583872938875
v 0.0599036847515 0.0523196287749 -0.0477045048876
v 0.0602769739405 0.0536729830397 -0.0468022769671
v 0.0606909466281 0.0531657769298 -0.046780839141
v 0.0610959465086 0.0526695644498 -0.0467598659772
v 0.0614537443398 0.0539694059427 -0.0459443220768
v 0.0719689561211 0.0894164401915 0.0533686286107
v 0.0722607028402 0.0892158889372 0.0532512975187
v 0.0723475944255 0.089562568038 0.0528733053607
v 0.0718731404612 0.0896958986407 0.0532268702182
v 0.0713475620516 0.0898435961864 0.0536185332024
v 0.0717615347392 0.0893363900764 0.0536399710285
v 0.0721665346197 0.0888401775965 0.0536609441923
v 0.0670189735135 0.0876808520559 0.0604735585314
v 0.0711381201995 0.0847053565388 0.0587228910725
v 0.0655444571226 0.0916278918726 0.0583677132661
v 0.0643292131253 0.0867419078068 0.0643492518752
v 0.0627510476442 0.0865803603348 0.068025788151
v 0.0596705622127 0.0862650292495 0.0752021689375
v 0.0597321063262 0.0866428592651 0.076397114456
v 0.0602434809614 0.0897822770786 0.086326006
v 0.0613654639429 0.0910373414554 0.0878194653978
v 0.0637345078786 0.10583078631 0.0976009590595
v 0.0689155181581 0.0994829277474 0.0978692608116
v 0.0739842306779 0.0932726582377 0.0981317471563
v 0.0779079551513 0.10772977422 0.103311089091
v 0.0519738795889 0.0432059868984 -0.0963999244508
v 0.0571852300876 0.0407287582934 -0.0977733873619
v 0.0589690188377 0.0475313775413 -0.0996944766215
v 0.0520793900172 0.0484308346717 -0.0974281647286
v 0.042809124958 0.0375390312431 -0.0920835325693
v 0.0427972248388 0.0375347374426 -0.092066888817
v 0.0542342443481 0.066592584639 -0.0471152033752
v 0.056995391184 0.0606891404204 -0.0469722157157
v 0.0656858844151 0.0694771986593 -0.0387660890498
v 0.0622694635335 0.0569584384291 -0.0445607614305
v 0.0708211501716 0.0981121816029 0.0505256267096
v 0.0738813197182 0.0955320368714 0.0489834366403
v 0.0750365616126 0.100028396498 0.046053486061
v 0.0704194536101 0.101325891805 0.0494941721041
v 0.0653048324592 0.102763197786 0.0533056067943
v 0.0680659792951 0.096859753567 0.0534485944538
v 0.0649815359298 0.0955482139067 0.057047127218
v 0.0638827471435 0.103200450037 0.0544694215647
v 0.0637202358345 0.10586130052 0.0976002199731
v 0.08175342719 0.121974217616 0.106981873633
v 0.0804183630609 0.117028857144 0.105707457198
v 0.0755778158817 0.121146796383 0.104493873154
v 0.0535179594997 0.0544082749975 -0.0974775604123
v 0.0597567364615 0.0504923416012 -0.0997429790222
v 0.0623866178061 0.0603778435988 -0.0999049095857
v 0.0551810309628 0.0613185497868 -0.0975346647462
v 0.0566342866631 0.0795718950936 -0.0469909157318
v 0.0547366270374 0.0693094454419 -0.0470891871837
v 0.0692325426205 0.0827453362386 -0.0378058314405
v 0.0683520318505 0.0794513232946 -0.0380442297067
v 0.0721962359196 0.109157110965 0.0493371626689
v 0.0759854641416 0.103601206552 0.0458842462318
v 0.0784110106696 0.112733880095 0.0454516421788
v 0.0733316064918 0.114161289435 0.0492368330498
v 0.0677048747742 0.11574250824 0.0534298944377
v 0.0658072151485 0.105480058588 0.0533316229858
v 0.0641930828973 0.104578566409 0.0544397925899
v 0.0667716858501 0.116029438253 0.0541936032261
v 0.0782418810129 0.129154421852 0.105057850378
v 0.0845177495647 0.132331746574 0.107430702494
v 0.0852569354841 0.135101372735 0.107550720324
v 0.0799854015002 0.13439508166 0.105426950155
v 0.0598461382807 0.0700652717279 -0.0954177360081
v 0.0637160288207 0.065287321846 -0.0983583367515
v 0.0663336190479 0.0749540104311 -0.0953131581785
v 0.0627061542287 0.0754275844337 -0.0941199202154
v 0.0546512096906 0.0764791762521 -0.0914702830464
v 0.0540213236151 0.0767090475 -0.0908546516915
v 0.0568952539328 0.0885258198461 -0.0580715695022
v 0.0712133841141 0.0921442025838 -0.0465582672943
v 0.0716824687444 0.0924070237802 -0.0463643503583
v 0.0717155574549 0.0925382625181 -0.0464938353308
v 0.0716439537889 0.0922542630933 -0.0462136310381
v 0.0702988461392 0.0869500949695 -0.0415236819725
v 0.0827145419 0.12842487624 0.0542071791314
v 0.0680569287996 0.117940902171 0.0548834825987
v 0.0828491030977 0.128914574992 0.0544980597963
v 0.0767055929135 0.130803535963 0.0595258227689
v 0.0704259727352 0.132734347025 0.0646649762605
v 0.0704064326039 0.132743680477 0.0646901671664
v 0.0755623205671 0.144801445529 0.098213469496
v 0.0773256969381 0.138065837728 0.102366748442
v 0.086954239522 0.141605829922 0.105134780513
v 0.0882310415047 0.146498827079 0.103317382644
v 0.06821417435 0.0817719350146 -0.0907679167153
v 0.0699375208553 0.087843246387 -0.0833211913254
v 0.0651691326403 0.0887243691558 -0.0798314379242
v 0.0708127670274 0.090926719166 -0.0795391789028
v 0.0716663249291 0.0936703730599 -0.0709578881217
v 0.0652527915652 0.0906113568882 -0.0732599002986
v 0.0653104600597 0.0919121116112 -0.0687299510798
v 0.0719219876431 0.0944921685109 -0.0683875691236
v 0.0720073430174 0.0944661027958 -0.0619488188489
v 0.0622351933467 0.0906751064441 -0.0648876931754
v 0.0720691586552 0.0944472256153 -0.0572857796653
v 0.0719576974073 0.0938454872477 -0.0538839711251
v 0.0855998774576 0.138655752794 0.0654507660974
v 0.0871098279175 0.143932417859 0.0727714743985
v 0.0813013095535 0.144158552823 0.0763223302761
v 0.0879128371369 0.146738609723 0.0766647122323
v 0.0889787261358 0.150267453718 0.0854733806275
v 0.082702857584 0.147090128996 0.0831005285122
v 0.0836201128254 0.1490087244 0.087536579025
v 0.0892637472125 0.15121107441 0.0878288380464
v 0.0891847278076 0.150573683494 0.0941561195796
v 0.0795561852237 0.1470336913 0.0913880875093
v 0.0891252852265 0.150094204292 0.0989158358271
v 0.0886781633656 0.148296515685 0.101116609236
v 0.0174309811014 -0.154955431838 -0.0835191004151
v 0.0188126676835 -0.155368115978 -0.0837236878847
v 0.0185249865404 -0.156082133251 -0.0905297093978
v 0.0145221810569 -0.154440354265 -0.0861167872839
v 0.0113490479827 -0.153138871287 -0.0826185435718
v 0.0172428207971 -0.154761648084 -0.0823133309806
v 0.0188758560858 -0.155211283972 -0.0822287632601
v 0.0185618150853 -0.151028873999 -0.072426309548
v 0.0199817699261 -0.151570179762 -0.0727131659404
v 0.0123090635467 -0.151372056971 -0.0776998118391
v 0.0135364658166 -0.149113143695 -0.0714110986974
v 0.0187331524873 -0.150543986521 -0.0711419851339
v 0.0201730404817 -0.150940441712 -0.0710674196629
v 0.0216967206037 -0.145719218051 -0.0617590514091
v 0.0348338432103 -0.0985206136009 0.0728103715947
v 0.0360864570923 -0.0989110218046 0.072614257395
v 0.0356409374597 -0.100159680611 0.0647283167238
v 0.0318839629545 -0.0981360627673 0.0702054969072
v 0.0295273153104 -0.0968667024834 0.0736411826586
v 0.0347240019811 -0.0982975453095 0.0739102962221
v 0.0361638899755 -0.0986940005006 0.0739848616931
v 0.0355711346923 -0.0949605024495 0.0836450733137
v 0.0371397576665 -0.0955329227727 0.0833448904449
v 0.0296491845926 -0.095073746015 0.0786052295667
v 0.0298000281679 -0.0928545160423 0.0847494733774
v 0.0356938009823 -0.0944772928392 0.0850546859686
v 0.0373268362709 -0.0949269287275 0.085139253689
v 0.038812671523 -0.0897967654114 0.0934989747126
v 0.0150602606119 -0.150271988977 -0.0975152805422
v 0.0195635539104 -0.151764537117 -0.0982784992338
v 0.0205670333936 -0.147729968934 -0.103217714145
v 0.012725286493 -0.146584457513 -0.10030138392
v 0.0113863017666 -0.151967950912 -0.0937107824805
v 0.0185600744273 -0.155799105299 -0.0933392843228
v 0.0103453940081 -0.151788649093 -0.0902561591711
v 0.0185501307687 -0.155879313415 -0.0925430706944
v 0.00809489071994 -0.151400988103 -0.0827870620746
v 0.00832150962103 -0.150799603948 -0.0812322644792
v 0.00972421487549 -0.147077210497 -0.0716085184189
v 0.0106912524161 -0.145719437474 -0.0693269846988
v 0.014532053972 -0.140326744303 -0.0602653734439
v 0.0220854821962 -0.144360653802 -0.0598742145931
v 0.0179798063277 -0.136059125201 -0.0541958989005
v 0.0223606078959 -0.143386365107 -0.0587787517923
v 0.0132405755404 -0.128132383848 -0.0492380853175
v 0.021025076357 -0.1322896977 -0.0488349602327
v 0.0249085008006 -0.134363641118 -0.0486338547482
v 0.0277951076372 -0.12411389049 -0.0376521755999
v 0.0331864232745 -0.0960372531541 0.0489373607599
v 0.0361403674759 -0.0973936920945 0.0481900383691
v 0.0364636576885 -0.0957913869965 0.0409798546418
v 0.03038741067 -0.0938765788488 0.0460812897469
v 0.0243111636515 -0.0919617707012 0.051182724852
v 0.0320956644681 -0.096119084553 0.0515858499368
v 0.0359790889117 -0.0981930279711 0.0517869554213
v 0.0300129606379 -0.0961186365871 0.0572073504232
v 0.0358516301672 -0.0988811309516 0.055677009175
v 0.0241712845173 -0.0919135086781 0.0513117321983
v 0.0280627727745 -0.096118217124 0.0624711723188
v 0.0356162009986 -0.100152126622 0.0628623311696
v 0.0273481908651 -0.0957263511952 0.0658109460052
v 0.0356220967354 -0.100153927055 0.0633070738405
v 0.0257150643693 -0.0948307692853 0.073443762937
v 0.0258442729641 -0.0942531398036 0.0751758399711
v 0.0265458709051 -0.0911166328584 0.0845809548746
v 0.0276072348393 -0.0897379767443 0.0866831866949
v 0.0322974126431 -0.083645681635 0.0959729700619
v 0.0394711853038 -0.0874768360217 0.0963444682196
v 0.0436917319322 -0.0721753085516 0.106545393187
v 0.040834034806 -0.0725955898769 0.1052906297
v 0.0218919576725 -0.137019724694 -0.105476422281
v 0.0232736442546 -0.137432408834 -0.105681009751
v 0.0237026018347 -0.135804973082 -0.105986433422
v 0.0219902083418 -0.135674403095 -0.105680393031
v 0.0158100245538 -0.135203164143 -0.104575865438
v 0.0182467967578 -0.139465243912 -0.104449675715
v 0.0213207066481 -0.144841720685 -0.104290491431
v 0.0125758822936 -0.142820795521 -0.101234820104
v 0.0207806190543 -0.146911459843 -0.103521731627
v 0.0122528617001 -0.134683538768 -0.10325296358
v 0.0131433516887 -0.127962332741 -0.0492431201134
v 0.0134647402966 -0.12762522151 -0.0488960054603
v 0.0207659525343 -0.111106568307 -0.0377542109982
v 0.0239326054338 -0.116645258889 -0.0375902239618
v 0.0279272363849 -0.123632139212 -0.0373833595811
v 0.0323327096327 -0.107608070854 -0.0277031111426
v 0.0346543516904 -0.0877794564028 0.0374586053612
v 0.0377673468164 -0.090613851004 0.0357527157963
v 0.0388471629556 -0.0863235854555 0.0313892039117
v 0.0338697007952 -0.0845631039031 0.0360991062686
v 0.0293764099541 -0.0829738691926 0.0403508635781
v 0.0325430628535 -0.0885125597754 0.0405148506145
v 0.0365376938046 -0.0954994400977 0.0407217149952
v 0.029490203371 -0.0897144647158 0.0444230832447
v 0.0364963957683 -0.0956622908019 0.0408657076987
v 0.0279395580777 -0.0825210739604 0.0415572014015
v 0.0242139397998 -0.0917917195941 0.0511776900561
v 0.0241479330508 -0.0918153311424 0.0512707469209
v 0.0391812661217 -0.0588429808333 0.107423622698
v 0.0416180383256 -0.0631050606023 0.107549812421
v 0.0446919482159 -0.0684815373753 0.107708996704
v 0.0474772707535 -0.0581266832276 0.109672526191
v 0.0252532799419 -0.124125313284 -0.105362292347
v 0.0266732347828 -0.124666619047 -0.105649148739
v 0.0271870131565 -0.12274021295 -0.105590814513
v 0.0256771530517 -0.122625086132 -0.105320971058
v 0.0202279306732 -0.12220958298 -0.104347081496
v 0.0177489584736 -0.129500531589 -0.104475456572
v 0.0127824861921 -0.132863896804 -0.103189586345
v 0.0160607081509 -0.121600840941 -0.102797299649
v 0.0251838586538 -0.0981129871434 -0.0375254270568
v 0.0218627635868 -0.107880718086 -0.0376974119742
v 0.0356978805533 -0.0949329014444 -0.0283891165855
v 0.0349934747991 -0.0975860987048 -0.0282455202593
v 0.0363493961766 -0.0764365977982 0.0364799734931
v 0.0394177238113 -0.0841898082193 0.0315567841601
v 0.0424030992974 -0.0730251336888 0.0324336230818
v 0.0378786551759 -0.0714248803561 0.03671485905
v 0.0337943160735 -0.0699802880293 0.0405796475195
v 0.0304732210065 -0.0797480189718 0.0404076626021
v 0.0284159594494 -0.0809502260995 0.0416283240647
v 0.0319218402401 -0.0693902145891 0.0421517221769
v 0.0435991722411 -0.0458493996699 0.107652406639
v 0.0411202000415 -0.0531403482792 0.107524031564
v 0.0509139666942 -0.0452178221836 0.109635321009
v 0.0480301185358 -0.0560500854364 0.109666541139
v 0.0302437739214 -0.111355117993 -0.103828404994
v 0.0173827172728 -0.118815876758 -0.102262967498
v 0.030890119747 -0.108960916075 -0.103211420592
v 0.0226333662691 -0.107754781074 -0.100140750239
v 0.0372232852314 -0.0850655051679 -0.036901958067
v 0.0349027591697 -0.0875803277608 -0.0370221279132
v 0.0383037059987 -0.0847387195987 -0.0359631109099
v 0.0368885786597 -0.0902748023987 -0.0318499549606
v 0.0457817328926 -0.0578891676713 0.040575536028
v 0.0455929185877 -0.0613611075367 0.0382971910466
v 0.0467183811144 -0.0572456943582 0.0403660311334
v 0.0462534492895 -0.0570812523444 0.0408059708914
v 0.0458337426511 -0.0569328060538 0.0412031165093
v 0.0435132165894 -0.0594476286468 0.0410829466631
v 0.0337051123504 -0.0662607172244 0.0430067448011
v 0.0400576235666 -0.055112577243 0.0460525731852
v 0.0530099665902 -0.0339171076858 0.107422955807
v 0.054008756038 -0.0334933740103 0.107747035878
v 0.0541319673661 -0.0330234978814 0.107614340815
v 0.0526321532505 -0.0332440754432 0.106955799372
v 0.0536150154892 -0.034994934683 0.108171083142
v 0.0513139073956 -0.0437041328326 0.109418513256
v 0.0269017594699 -0.100187710913 -0.0981105426325
v 0.0312825610381 -0.10751495082 -0.102693395524
v 0.0349168939342 -0.0941241094003 -0.0978960523618
v 0.0306718707037 -0.0935040023431 -0.0963173365846
v 0.0221625286825 -0.0922609695602 -0.0931527290495
v 0.0220359250474 -0.0922090421836 -0.0930131539481
v 0.0383969558351 -0.0761051256074 -0.0479353469431
v 0.024729293996 -0.0878426850378 -0.0477793748489
v 0.0395905755243 -0.0795975016605 -0.0416889948779
v 0.0406197226489 -0.0754914216684 -0.0461659478682
v 0.0384752436651 -0.0840474405682 -0.036837124642
v 0.0383904145303 -0.0843892931963 -0.0364049056998
v 0.0470857010849 -0.0559147414542 0.0412679499342
v 0.0489645614505 -0.0422873775297 0.0509237865004
v 0.0513234717267 -0.040519371112 0.0509272818188
v 0.0503955078364 -0.0402269417864 0.0517063725226
v 0.0494675439462 -0.0399345124608 0.0524854632264
v 0.0444271831137 -0.0381954538613 0.057134073462
v 0.0430736395591 -0.0239387002832 0.0965310234928
v 0.0478587690082 -0.0289491201824 0.101954489233
v 0.0560097108918 -0.0257983165418 0.10439843961
v 0.0570263004414 -0.0218866833801 0.102657386312
v 0.0388948791257 -0.0794863862632 -0.092286234158
v 0.0223866934388 -0.0917538072223 -0.0928106491924
v 0.0390132363754 -0.0790600043757 -0.0919496336066
v 0.0338114799004 -0.0769264671585 -0.0862149192233
v 0.0296879056765 -0.075235154019 -0.0816688547303
v 0.0302309647619 -0.0742357071324 -0.0788864394693
v 0.0318753235104 -0.0712094264276 -0.0704614098558
v 0.0397936487573 -0.0679161215231 -0.061095519731
v 0.0416842618024 -0.0671297980241 -0.0588592799331
v 0.0269597822815 -0.0788748314659 -0.058758035782
v 0.0418210638098 -0.0706296480886 -0.0526676558109
v 0.0427625607911 -0.0668099448811 -0.0579396793354
v 0.040952318868 -0.074154192412 -0.0478030159223
v 0.0407860207585 -0.0748228070402 -0.0469844818953
v 0.0520229069791 -0.0379835792653 0.0526177942471
v 0.0547675016079 -0.0242458732278 0.062990332627
v 0.0561017408469 -0.0232272267229 0.0630594270132
v 0.0556405416667 -0.0230681007343 0.0634847805348
v 0.0552149806049 -0.0229212708448 0.0638772658296
v 0.0510233890741 -0.0206635553867 0.0699880611086
v 0.0478661730042 -0.0189629852158 0.0745908715001
v 0.0479428604621 -0.0178347495256 0.0777145473885
v 0.0481388858617 -0.0149507987746 0.0856991622189
v 0.0593405904506 -0.0113668974714 0.0970429460374
v 0.0598259218618 -0.0110814495476 0.0972524192205
v 0.0598510652626 -0.0109771672283 0.0970693812844
v 0.0598059900022 -0.0111641169863 0.0973975183844
v 0.0579514618686 -0.0183179018269 0.100906749483
v 0.0431550140858 -0.064096144665 -0.0809714523731
v 0.0439154279413 -0.0617146844171 -0.0721601639914
v 0.0441167384148 -0.0610842212996 -0.0698274807784
v 0.0435800435164 -0.063371241683 -0.0647859377597
v 0.0429421894548 -0.0660893320636 -0.0587941373885
v 0.0428513911014 -0.0664535860525 -0.0583622275659
v 0.0564729082572 -0.0218808048844 0.0639424083742
v 0.0574208638989 -0.0184790720971 0.0668849530735
v 0.0601075879086 -0.00883778008774 0.0752248005776
v 0.0613655703898 -0.00461822498643 0.084604020893
v 0.061605994271 -0.0038117894206 0.0863965645761
v 0.0607854590992 -0.00716203577358 0.0913867501898
v 0.0591897228314 0.0108669328882 -0.083306664902
v 0.0623027179574 0.00803253828702 -0.0850125544669
v 0.063237111794 0.0118476697417 -0.0906951855615
v 0.0580353553189 0.0139812069589 -0.0849604711781
v 0.0539117810951 0.0156725200984 -0.0804144066852
v 0.0575034719115 0.0104583315809 -0.0802284088031
v 0.0614821827856 0.00468229193404 -0.0800223688532
v 0.058654279032 0.013241937921 -0.0733066358371
v 0.0617226066668 0.00548872749987 -0.0782298251701
v 0.0544548401805 0.016671966985 -0.0776319914242
v 0.056099198929 0.0196982476898 -0.0692069618107
v 0.0593639961041 0.0149586225904 -0.0690378923136
v 0.062980589148 0.00970828260118 -0.0688506048547
v 0.0658561274625 0.0228215144759 -0.0582324123692
v 0.0656673131576 0.0193495746105 -0.0605107573506
v 0.0640175241758 0.0229915525944 -0.0598410716859
v 0.065908137221 0.0237778760934 -0.057604831888
v 0.0662436277405 0.0232908322736 -0.0575874583084
v 0.0666152687994 0.0227513073978 -0.0575682126513
v 0.0669864362097 0.0240977292364 -0.0566852312903
v 0.0799543783217 0.0675584985329 0.0648763266493
v 0.0802367859552 0.0673240885659 0.0647364232888
v 0.0803256162655 0.0676804473945 0.0643138750583
v 0.0798644170852 0.0678395733831 0.0647392285799
v 0.0794388560235 0.0679864032726 0.0651317138748
v 0.079774346543 0.0674993594529 0.0651490874543
v 0.0801459876018 0.066959834577 0.0651683331114
v 0.0765760840867 0.0672863863724 0.0730119856813
v 0.0795081335402 0.0642417441964 0.0711601334826
v 0.0752472644927 0.0702441187308 0.0712425091538
v 0.0720900484228 0.0719446889016 0.0758453195452
v 0.0753548455979 0.0672050638022 0.0760143890423
v 0.0789714386418 0.061954723813 0.0762016765013
v 0.0757206815491 0.0693634621626 0.0828021825736
v 0.0791727491153 0.0625851869305 0.0785343597143
v 0.0721667358807 0.0730729245918 0.0789689954336
v 0.0723627612802 0.0759568753428 0.086953610264
v 0.0759544520966 0.0707426868253 0.0871396081461
v 0.0799331629708 0.0649666471784 0.087345648096
v 0.0840749406812 0.0799305068891 0.0983238293295
v 0.0621827709867 0.0205448432808 -0.0937852313694
v 0.065136715188 0.0191884043404 -0.0945325537602
v 0.0660618766152 0.0227571858935 -0.0962831905895
v 0.0618168533847 0.0233772929508 -0.0947044748123
v 0.0533075113636 0.0246203257336 -0.0915398672773
v 0.058294849209 0.0183274726167 -0.0912815949694
v 0.0632821870544 0.0120346194997 -0.0910233226615
v 0.0562560627975 0.0178997781472 -0.0873208479515
v 0.0632622551948 0.0119519520611 -0.0908782234976
v 0.0531809077284 0.0246722531103 -0.0914002921758
v 0.0527324238834 0.017160592881 -0.0804754804119
v 0.0529513305904 0.0176961631916 -0.0791369461985
v 0.0545622848503 0.0216374735555 -0.0692865518362
v 0.0560099952058 0.0234178184947 -0.0667798645292
v 0.0611671421262 0.0297599023135 -0.0578503471875
v 0.0690389560204 0.0384233046176 -0.0478841618968
v 0.0695419385161 0.0407761696864 -0.0463224851708
v 0.0703036042968 0.0398151257326 -0.0462830418475
v 0.0710652700775 0.0388540817788 -0.0462435985242
v 0.0717647053299 0.0413898736254 -0.0445530860959
v 0.0817389464078 0.0761111339801 0.053605226745
v 0.0823021562981 0.0756933095536 0.0533586776182
v 0.0824684544077 0.0763619241819 0.0525401435911
v 0.0815404905174 0.0766543535075 0.0533192342949
v 0.0806125266272 0.0769467828331 0.0540983249987
v 0.0813741924079 0.0759857388792 0.054137768322
v 0.0821358581886 0.0750246949254 0.0541772116453
v 0.0771462471564 0.0747082298658 0.0609444666999
v 0.0812671132467 0.0715001506021 0.0590418515338
v 0.0755721657948 0.0786858414325 0.0587469352343
v 0.0746978609286 0.0739684294928 0.0648861985753
v 0.0732336179443 0.0739385722534 0.0687297034562
v 0.0705531343441 0.0738839147673 0.0757657295198
v 0.0706447476607 0.074401531375 0.07738307469
v 0.0711834040685 0.0774449481254 0.0868925365372
v 0.0727176877014 0.079205330277 0.0890937082259
v 0.0742186222401 0.0929425950106 0.0981438852651
v 0.0792059600855 0.0866497418937 0.098402157573
v 0.0841932979309 0.0803568887767 0.0986604298809
v 0.0881712831224 0.0949946119138 0.104270248085
v 0.0612397966356 0.0294313134196 -0.0964939026391
v 0.0670784661648 0.0266688190552 -0.0980242438873
v 0.0689562096905 0.0338940003949 -0.101240145093
v 0.0606994562126 0.0351001353966 -0.0981694747392
v 0.0531950255784 0.024778724871 -0.0915456924217
v 0.0531442807629 0.0247667652925 -0.0914518452084
v 0.0654886610279 0.0464838745019 -0.046532386598
v 0.0748418961778 0.0564648089194 -0.0358176157702
v 0.0752893751748 0.0577894113024 -0.0349306825676
v 0.0756315961246 0.0573075059384 -0.0349129604486
v 0.0760024759717 0.0567852439676 -0.0348937542113
v 0.0763697959422 0.0581161968716 -0.0339918354105
v 0.0844153548928 0.0854942056767 0.0429190047833
v 0.0846977625263 0.0852597957098 0.0427791014227
v 0.0847844710579 0.0856092221121 0.0423373066328
v 0.0843195392329 0.0857736641259 0.0427772463908
v 0.0838998325945 0.0859221104164 0.0431743920087
v 0.0842420535444 0.0854402050525 0.0431921141277
v 0.0846129333915 0.0849179430817 0.0432113203649
v 0.079376735442 0.0836760834377 0.0499658057668
v 0.0834976015323 0.080468004174 0.0480631906008
v 0.07812371351 0.0877423392272 0.0480238486847
v 0.076559249139 0.0826544876486 0.0538884235715
v 0.0744677838003 0.0819787012429 0.0570976442095
v 0.0741061364549 0.093100994148 0.0981380601207
v 0.0921980573096 0.109831418589 0.109585616315
v 0.0918056160185 0.108385453333 0.109067591247
v 0.0906982431939 0.109610841027 0.108927074872
v 0.0705216557791 0.0449650435497 -0.102848203334
v 0.071774269661 0.0445746353461 -0.103044317533
v 0.0721742103624 0.046088324697 -0.103261125286
v 0.0706643502576 0.046203451515 -0.102991281831
v 0.0652151278791 0.0466189546672 -0.10201739227
v 0.0668564928204 0.042473744022 -0.101932393193
v 0.0694731615674 0.0358654371964 -0.101796887419
v 0.0608055151483 0.0387914523835 -0.0988689679902
v 0.0690794210186 0.0343638765237 -0.101372840155
v 0.0610479053568 0.0472276967057 -0.100467610423
v 0.0701710558597 0.0707155505033 -0.0351957378301
v 0.0723700030727 0.065162185029 -0.0350818640182
v 0.0806850777592 0.0738956362022 -0.0260594273589
v 0.0774952584689 0.0622316100502 -0.0319229953237
v 0.0832675489433 0.0941899470881 0.0400760028822
v 0.0861995983968 0.0911453049122 0.0382241506835
v 0.0873902965033 0.0958034039579 0.0347633123084
v 0.0828658523818 0.0974036572906 0.0390445482767
v 0.0787815132794 0.0988482496174 0.0429093367462
v 0.0809804604924 0.0932948841431 0.0430232105581
v 0.0776945945154 0.0918742793972 0.0467723815902
v 0.076909037446 0.0994383230576 0.0444814114036
v 0.088586369447 0.122979137977 0.109982095866
v 0.0902277343883 0.118833927332 0.110067094942
v 0.0928444031352 0.112225620506 0.110202600717
v 0.0959011639001 0.123610715463 0.111965010236
v 0.0734894355465 0.057493008273 -0.102992162548
v 0.0750580585208 0.0569205879498 -0.103292345417
v 0.0756109063031 0.0589971857411 -0.103298330468
v 0.0738985128102 0.0591277557279 -0.102992290077
v 0.0677183290222 0.0595989946803 -0.101887762484
v 0.0663337525361 0.0524194445107 -0.101959463615
v 0.0615320855329 0.0492325173471 -0.100482734957
v 0.0641611661685 0.0601186200556 -0.100564860626
v 0.0726742570027 0.0836955905164 -0.0350661080444
v 0.0708749615507 0.074365566428 -0.035159285648
v 0.084241014101 0.087194087969 -0.0250150081888
v 0.0836704532453 0.0850603107327 -0.0251825884372
v 0.0846426346913 0.10523487645 0.0388875388415
v 0.0880947022575 0.0984566012182 0.0346197159822
v 0.0907554674239 0.108478573368 0.0340773068655
v 0.0857780052635 0.11023905492 0.0387872092224
v 0.0812847144224 0.11182828963 0.0430389665319
v 0.0794854189704 0.102498265542 0.0429457889283
v 0.0773362125174 0.101305092091 0.0444470918909
v 0.079847862546 0.112281084863 0.0442453043553
v 0.09108957059 0.13595917799 0.110111725652
v 0.0897049941039 0.12877962782 0.11004002452
v 0.0993855752219 0.136675475595 0.112360629145
v 0.0964149422738 0.12553712156 0.112023344462
v 0.0783962288407 0.0693520398887 -0.101334800981
v 0.0655255356936 0.0627155339782 -0.0999540491665
v 0.0793964451244 0.073045811065 -0.100171197464
v 0.0715546982238 0.0741913224863 -0.097254867239
v 0.0720699872712 0.0926433961516 -0.0461915686365
v 0.0861064498772 0.0962473453915 -0.0347009851589
v 0.0865917812883 0.0965327933153 -0.0344915119758
v 0.086624519368 0.0966618895099 -0.0346056589189
v 0.086550483252 0.0963699426111 -0.0343475192723
v 0.0853208302402 0.0914843535175 -0.0293785200734
v 0.0951609406717 0.124502641725 0.043757555304
v 0.0816396408436 0.115076744565 0.0451790644938
v 0.0952930694193 0.124984393003 0.0440263713228
v 0.0892168224008 0.126899201151 0.0491278064279
v 0.0831405753823 0.128814009298 0.054229241533
v 0.0830006962481 0.128862271321 0.0543582488792
v 0.100591473252 0.147091638196 0.109363760217
v 0.102307558002 0.147781962357 0.10989592735
v 0.102521143663 0.148600471448 0.109591909868
v 0.0996634465368 0.148180190123 0.108337146381
v 0.101767470409 0.145712223198 0.110664687154
v 0.099814532802 0.138302911347 0.112055205474
v 0.0805367767523 0.0870324065958 -0.0901297832941
v 0.0836169917528 0.0883473385351 -0.0899702724967
v 0.0842755055336 0.0906672679249 -0.0871247789897
v 0.0802727000501 0.0923090469111 -0.0827118568758
v 0.077099566976 0.0936105298893 -0.0792136131636
v 0.07805958254 0.0953773442053 -0.074294881431
v 0.0792869848098 0.0976362574807 -0.0680061682892
v 0.0864672908734 0.100600695893 -0.057256958188
v 0.0874660803212 0.101024429568 -0.0569328781176
v 0.0874472395969 0.101030183125 -0.0583541210009
v 0.0858553771908 0.100332509296 -0.0565718519971
v 0.087471976058 0.101022629136 -0.0564881354467
v 0.0872365468894 0.099751633465 -0.0493028134521
v 0.0790856050059 0.0966008298244 -0.0517467638291
v 0.0871090881448 0.0990635304845 -0.0454127596984
v 0.0869478095807 0.0982641946079 -0.0418158426462
v 0.0981796762559 0.135234143631 0.0550080504711
v 0.100727569161 0.144256867621 0.0651529475152
v 0.0993860959932 0.144541036475 0.0661646937656
v 0.10100269486 0.145231156315 0.0662484103161
v 0.101391456453 0.146589720565 0.068133247132
v 0.0976344819478 0.148613338409 0.0736104273154
v 0.0952778343036 0.149882698692 0.0770461130668
v 0.0953997035859 0.151675655161 0.0820101599748
v 0.0955505471611 0.153894885134 0.0881544037855
v 0.102821961538 0.156059491768 0.0983850992841
v 0.104538046288 0.156749815929 0.0989172664173
v 0.104563190516 0.156952635765 0.0969039051207
v 0.101447887629 0.155354675873 0.0995539692482
v 0.104528102629 0.156669607812 0.0997134800457
v 0.103524623146 0.15263503963 0.104652694957
v 0.0926433118875 0.149455235815 0.102061016541
v 0.0857613407857 0.0957974312409 -0.0787650579661
v 0.0859484193901 0.0964034252862 -0.076970694722
v 0.0869242870811 0.0995645030141 -0.0676106659702
v 0.0870017199643 0.099781524318 -0.0662400616721
v 0.102915136575 0.151810944226 0.0774416153858
v 0.10310640713 0.152440682276 0.0790873616633
v 0.104212320971 0.156081786485 0.088602958983
v 0.104275509373 0.156238618491 0.0900978836076
v 0.0298613756588 -0.15889256866 -0.0939792199679
v 0.0312865848795 -0.159190582865 -0.0941068005688
v 0.0314467886695 -0.158451096092 -0.0966669706093
v 0.0282139125379 -0.158018753527 -0.0955750833076
v 0.0211907678381 -0.157079526576 -0.0932030522728
v 0.0291601047082 -0.159087843888 -0.0927903553412
v 0.0311976051927 -0.159601305367 -0.0926848421458
v 0.0278952820368 -0.157849711705 -0.0849174255085
v 0.031505864915 -0.158836212584 -0.0853919682401
v 0.0199588858606 -0.156618621976 -0.0919676760211
v 0.0273924810917 -0.157357520945 -0.0817877246812
v 0.0316675690858 -0.158434866948 -0.0815663366628
v 0.0284033007139 -0.154503087684 -0.0742330832109
v 0.0324352753326 -0.155907275426 -0.0749607737
v 0.0288872506232 -0.153136471241 -0.0706161490182
v 0.0329647534818 -0.154164024689 -0.0704049930656
v 0.0317353547307 -0.148526866128 -0.0616967100105
v 0.0342942679778 -0.149608152072 -0.0622828089214
v 0.0234661572423 -0.145032661303 -0.0598027155005
v 0.0324893404918 -0.147306553777 -0.0593354444965
v 0.0347962752521 -0.147887914195 -0.0592159784841
v 0.0366694504941 -0.141387243787 -0.0492924385249
v 0.0463585747372 -0.103301057601 0.0617563090778
v 0.0482647180015 -0.103805386053 0.0615165530092
v 0.0480211358041 -0.104298209872 0.053678191778
v 0.0425090059244 -0.102561171998 0.0583060110201
v 0.0369968760447 -0.100824134124 0.0629338302622
v 0.0460200592942 -0.103098026597 0.0634011012662
v 0.0483269940545 -0.103679387016 0.0635205672786
v 0.0451978537173 -0.101508278795 0.0713462750252
v 0.0487412520548 -0.102518345251 0.0708531599951
v 0.0364481384355 -0.100555235048 0.0636600447247
v 0.044878100117 -0.100890030029 0.0744361323377
v 0.0489556029756 -0.101917583477 0.0746472882903
v 0.0455257378817 -0.0983293868367 0.0819124832897
v 0.0496398001725 -0.0997012988921 0.0812097613525
v 0.0458434612768 -0.0970731657002 0.0855802922679
v 0.050118549271 -0.0981505117038 0.0858016802863
v 0.0492550369768 -0.0919832709431 0.0947093738254
v 0.0515986314365 -0.0930402121468 0.0941290328503
v 0.0421018787146 -0.0887572572989 0.0964807002695
v 0.0500712155847 -0.0907655746108 0.0968933972012
v 0.0521087160692 -0.0912790360898 0.0969989103965
v 0.0532437976286 -0.0872343575677 0.101052723862
v 0.0320918639444 -0.149924715088 -0.104957880901
v 0.0335170731651 -0.150222729293 -0.105085461502
v 0.0338742051812 -0.148839824608 -0.105859304401
v 0.0317458715216 -0.148691565054 -0.105517728661
v 0.0234212561236 -0.148111673004 -0.104181713206
v 0.029894381115 -0.15126229745 -0.103846498512
v 0.0328740735714 -0.152712584893 -0.103692193335
v 0.0251966800283 -0.153471575376 -0.0991286336479
v 0.0321604311205 -0.155581840492 -0.100179581972
v 0.0214667340368 -0.147850288696 -0.103521583414
v 0.0193893147416 -0.156202716353 -0.0932963416114
v 0.0192051275003 -0.156177020248 -0.0927067758024
v 0.0225206949824 -0.144572482253 -0.0598516768357
v 0.0228695115633 -0.144144183991 -0.0592501001659
v 0.0291526463576 -0.136429368067 -0.0484140691027
v 0.0369920116592 -0.140244974284 -0.0480081028273
v 0.0329319839396 -0.131900940458 -0.0422998506175
v 0.0373023018409 -0.139143197296 -0.0468276486086
v 0.0281741501653 -0.124016513062 -0.0373705730016
v 0.0362369724248 -0.127940881113 -0.0369530348725
v 0.0399484302903 -0.129747336248 -0.0367608347813
v 0.0427257594385 -0.119919396752 -0.0255672511821
v 0.0457993013726 -0.0998044706193 0.0385969157564
v 0.0486604377686 -0.101048831633 0.0379184762299
v 0.0488859341221 -0.0997924357309 0.0303114181625
v 0.0427689787261 -0.0978167130665 0.0355800584331
v 0.036784607585 -0.0958838139476 0.0407345015747
v 0.0448474298446 -0.0998081819994 0.0411520397038
v 0.0485588877101 -0.101614637134 0.041344239795
v 0.0424593594097 -0.100040871102 0.0467577265958
v 0.0483762935414 -0.102519618343 0.0454165483655
v 0.036617683289 -0.0958357431929 0.0408621083709
v 0.0402232344687 -0.100258754921 0.0520067410668
v 0.0480625997703 -0.104074361137 0.0524127073422
v 0.0391091317773 -0.100286849075 0.0549117919893
v 0.0480495296071 -0.104144922151 0.0528116100448
v 0.0360514137849 -0.100363955074 0.062884868927
v 0.0359789767863 -0.100327906639 0.0632101832441
v 0.0403004256181 -0.0878804470764 0.096387410931
v 0.0431230703682 -0.0850549425241 0.0989488875336
v 0.0467924976915 -0.0717514896944 0.10781777493
v 0.0532656226829 -0.07490211414 0.108152989624
v 0.0562453151393 -0.0763524015833 0.108307294801
v 0.0577374883794 -0.0708720078752 0.110603471381
v 0.0323562586079 -0.139914004561 -0.106874747375
v 0.0359668414861 -0.14090050544 -0.107349290106
v 0.0370645782126 -0.136735767299 -0.108130893688
v 0.0325989038505 -0.136424688776 -0.10741419872
v 0.0224505729532 -0.146600598058 -0.104231980621
v 0.0214356157858 -0.147209166676 -0.103685436735
v 0.0280600490437 -0.123838890382 -0.0373764817972
v 0.0283578060597 -0.123522078702 -0.0370387233249
v 0.0344951653572 -0.106999214991 -0.0259490672869
v 0.0383081634749 -0.112934958083 -0.0257516088723
v 0.0427464583022 -0.119844108585 -0.0255217690893
v 0.0453997201686 -0.10477993534 -0.0155112853851
v 0.0428741081117 -0.119383324734 -0.0251759331416
v 0.0405400006509 -0.104797462464 -0.0196632649503
v 0.0457231975749 -0.102909550491 -0.0142734487266
v 0.0462767911785 -0.103771336757 -0.0142447805469
v 0.0469211690543 -0.104774448064 -0.0142114110487
v 0.0478137555201 -0.101615290398 -0.0106255865587
v 0.0500971637907 -0.0917851667615 0.0186228811458
v 0.0506449354809 -0.0925321869895 0.0181604244606
v 0.050719045303 -0.0921229209086 0.0157281672662
v 0.0497791612842 -0.0912085272291 0.0182275057116
v 0.0494133936119 -0.0908526794424 0.0192001546632
v 0.0499669872155 -0.0917144657079 0.0192288228429
v 0.0506113650913 -0.0927175770146 0.0192621923411
v 0.0462772475707 -0.0924684947688 0.026468920019
v 0.0498189029719 -0.0959675814056 0.0243487701105
v 0.0449771697876 -0.0888550157383 0.0245836481404
v 0.0406454920856 -0.08690442991 0.0298402716961
v 0.0444584902032 -0.0928401730014 0.0300377301107
v 0.0488967850306 -0.0997493235035 0.0302675698937
v 0.0417030177271 -0.0938542011135 0.033820272398
v 0.0488910075764 -0.099772278164 0.0302909164518
v 0.0397561789252 -0.0866171895996 0.0306062526175
v 0.0366705064634 -0.0957061912676 0.0407285927791
v 0.0365943318225 -0.0957375656572 0.0408211230935
v 0.045821814521 -0.0702404147488 0.107767507514
v 0.0614682226104 -0.0570024440078 0.113233474395
v 0.058693684715 -0.0673172046312 0.111277547605
v 0.0505596597324 -0.0578789986801 0.110457049475
v 0.0350947655706 -0.127599526969 -0.10716906601
v 0.0391267401893 -0.129003714711 -0.107896756499
v 0.0405489895344 -0.123671007166 -0.107735274779
v 0.0362897087894 -0.123374306007 -0.107051703871
v 0.0389932438525 -0.0940050668342 -0.0257161315705
v 0.0351999682216 -0.104963164964 -0.0259125686441
v 0.0462877425105 -0.0941885345561 -0.0170191705276
v 0.0482049600282 -0.0906498191916 -0.0161372060502
v 0.0502212760702 -0.089915402334 -0.0140405130102
v 0.0499861819356 -0.0905945474443 -0.0140526875022
v 0.0510345242611 -0.0894119220637 -0.0126214577213
v 0.0486737075976 -0.0983569651982 -0.0111584883877
v 0.0538965484988 -0.0784828539724 0.0190242968524
v 0.053848914969 -0.0804755820464 0.0177194999021
v 0.0544193838244 -0.0783526680666 0.018082452156
v 0.0540537594322 -0.0779969596743 0.0190547200971
v 0.0539114721072 -0.0778585312852 0.0194330903797
v 0.0536763779726 -0.0785376763954 0.0194209158877
v 0.0471540091303 -0.0818875794506 0.0249536499417
v 0.0490909976184 -0.0756878367251 0.0252828838064
v 0.0451435705809 -0.0739102817527 0.0300732074126
v 0.04135029495 -0.0848683798829 0.0298767703389
v 0.0400630810347 -0.0856167067258 0.0306545261845
v 0.043788347481 -0.0734725566394 0.0312404846833
v 0.0512193005713 -0.0551135238941 0.110429137273
v 0.0628830042646 -0.051688264314 0.11321815817
v 0.0649049185511 -0.0440935829638 0.113196269213
v 0.0536317860308 -0.0449994325327 0.11032705478
v 0.0406573078728 -0.11265545184 -0.105611353743
v 0.04321622112 -0.113736737784 -0.106197452653
v 0.0442233328605 -0.109985687676 -0.105616791145
v 0.0418135533593 -0.109817822627 -0.105230046232
v 0.0323881103845 -0.109161247015 -0.103717359233
v 0.0313623124479 -0.109024063872 -0.10337090125
v 0.0517510982138 -0.0809525040036 -0.0250554583633
v 0.0477853682542 -0.0850098429573 -0.0252608260887
v 0.0532798205248 -0.080395686812 -0.0234657961462
v 0.0522428499496 -0.0845358417125 -0.0189016656519
v 0.0511277308674 -0.0889880082865 -0.0139935717001
v 0.0510937985084 -0.0891423363437 -0.0134940463345
v 0.0548179269044 -0.0769311372377 0.0194800316898
v 0.057523650823 -0.0624673787806 0.0296639065485
v 0.0590951948231 -0.0613952821418 0.0292852043081
v 0.0584055668042 -0.0610847376523 0.03012208903
v 0.0579014249421 -0.0608577189221 0.0307338806198
v 0.0539356949826 -0.0649150578758 0.0305285128944
v 0.045246872892 -0.0710253046757 0.0319638500841
v 0.0523711647226 -0.0590714936273 0.0354971901118
v 0.0557593519523 -0.0328010637058 0.108282128903
v 0.0536286113604 -0.0431055769727 0.109918928462
v 0.0660120406678 -0.0399033643829 0.112596098595
v 0.0681516824875 -0.0318052812777 0.111436199306
v 0.047567033913 -0.0975726525957 -0.102931309494
v 0.0317914647055 -0.108272769703 -0.103164743898
v 0.0480271374956 -0.0958773829857 -0.102323969759
v 0.0395216634099 -0.0947399195224 -0.0994512895911
v 0.0542780221747 -0.0719825539834 -0.0360187681955
v 0.0396675054223 -0.0836975048933 -0.0358924857316
v 0.054437883758 -0.0756965278071 -0.0299660189118
v 0.0554407237473 -0.071655186509 -0.0350756600771
v 0.053456780202 -0.0796502735303 -0.0249671285895
v 0.0533820482268 -0.0799650695776 -0.0243330997489
v 0.0596071069304 -0.0595554884488 0.0308222103935
v 0.0624915994395 -0.0452033759738 0.0411828567879
v 0.0638553988631 -0.0441621612685 0.0412534819662
v 0.0633666423603 -0.0440042972271 0.0416744564586
v 0.0628884795945 -0.0438498548693 0.0420863063808
v 0.0568735818855 -0.0421176883761 0.0466844496346
v 0.0703676401563 -0.0206281111637 0.108455114954
v 0.0711647396867 -0.0203410803389 0.108680326679
v 0.0712689851148 -0.0199399647917 0.108501791648
v 0.0698809217912 -0.0201296880592 0.107932207691
v 0.0709382754809 -0.0212124692861 0.109068178642
v 0.0687190630067 -0.0296484700096 0.110954044648
v 0.0440844253673 -0.087061672598 -0.0971931552826
v 0.0484547432686 -0.0943039294368 -0.101720953274
v 0.0521013291678 -0.08088565053 -0.0965784796411
v 0.0480745097149 -0.0803471314592 -0.0952184420622
v 0.039326591593 -0.0791772452021 -0.0922638776667
v 0.0391817872741 -0.0791230671414 -0.0921186626055
v 0.0565085104603 -0.0630147004114 -0.0469974291285
v 0.0429786329251 -0.0737234152508 -0.0461624525498
v 0.0566265659038 -0.0668802417575 -0.0410457239351
v 0.0576616898935 -0.0627184443482 -0.0461406959106
v 0.0555914419141 -0.0710420391669 -0.0359507519596
v 0.0555199353973 -0.0713329399365 -0.0355355745878
v 0.0642018993339 -0.0429093400528 0.0421543226167
v 0.0672139003796 -0.0281681077426 0.0525407087996
v 0.0685555399793 -0.0271252822528 0.0526769315268
v 0.0680869404384 -0.0269903352491 0.0530351567074
v 0.0675790985714 -0.0268440872648 0.053423381041
v 0.0618404197091 -0.0250356569939 0.0582414040271
v 0.0602377024695 -0.0108549759251 0.0974198748757
v 0.0650414349057 -0.015823081867 0.102871876583
v 0.0730684640379 -0.0129985305755 0.105096727425
v 0.0741159007051 -0.00895807607107 0.103114715257
v 0.05609976046 -0.0661481738282 -0.0913952689684
v 0.0395102474874 -0.0786828108426 -0.09193202799
v 0.0561192203653 -0.0660778669905 -0.0913436886127
v 0.0504866354241 -0.063970453818 -0.0856951266569
v 0.0456476067849 -0.0621599471319 -0.080842371952
v 0.046002914963 -0.0615290679777 -0.0790856295026
v 0.0479151969947 -0.0581336525465 -0.0696307753026
v 0.0551701718156 -0.0553186594505 -0.0616094834132
v 0.0584425630704 -0.0540489432878 -0.0579914411624
v 0.0441284819933 -0.0657617977495 -0.0578498075977
v 0.0588988603291 -0.0577608206633 -0.0519233407779
v 0.0599262400546 -0.053639301393 -0.0568103830923
v 0.0578487189178 -0.0619736525458 -0.0469280256227
v 0.0577504236829 -0.0623650863645 -0.0465142355208
v 0.0689193070289 -0.0258030393992 0.0534927845468
v 0.0715451985864 -0.0114969212953 0.063642137269
v 0.0732120970806 -0.0102308040316 0.0637050324357
v 0.0725926894767 -0.0100356100701 0.064225068518
v 0.0719732818728 -0.00984041610861 0.0647451046004
v 0.0676487942128 -0.00772127808326 0.070468250652
v 0.0639060464885 -0.00588721133471 0.0754215060534
v 0.0639455375639 -0.00506440687895 0.0776990239288
v 0.0640985869701 -0.0018755918875 0.0865256449971
v 0.076938830882 0.00214610263423 0.0982328713646
v 0.077014726574 0.00218983638934 0.0982650374728
v 0.0770191167699 0.00220776156594 0.0982383379561
v 0.0770108713365 0.00217409544876 0.098288483574
v 0.0750148080962 -0.0055014637136 0.101616138628
v 0.0587826498819 -0.0509728139084 -0.0813832509832
v 0.056257037825 -0.0655762033029 -0.0910478987397
v 0.0606264580407 -0.049671255822 -0.081670057546
v 0.0598086860673 -0.0493652891216 -0.0808499659352
v 0.0591061272882 -0.0491024290598 -0.0801454143247
v 0.0528932699753 -0.0551301716057 -0.0804671508998
v 0.0574401839382 -0.0493492666966 -0.0719124751927
v 0.0612552008561 -0.0452865706067 -0.0695197969138
v 0.0613737174979 -0.0450761344745 -0.0689338176753
v 0.0589568531475 -0.0474209873077 -0.069058976458
v 0.0621216944861 -0.0447859129217 -0.0681068345503
v 0.0611648030918 -0.0486644274248 -0.062816309384
v 0.0602749714718 -0.0522711322862 -0.0578965487846
v 0.0600735130834 -0.0530615088618 -0.057269082548
v 0.0738056902742 -0.00806260510696 0.0648399969781
v 0.0770901041122 0.00630431433078 0.0755394616776
v 0.0779377499116 0.00688942867352 0.0753598976209
v 0.077596529581 0.00705663760887 0.0758114780025
v 0.0773645669917 0.00717030673734 0.0761184636806
v 0.0749477026413 0.00482545390407 0.0759933048979
v 0.072641750443 0.00503581745351 0.0829733649234
v 0.0775348868559 0.0107189551765 0.0859411016076
v 0.0775571074733 0.0111819261846 0.0872226026244
v 0.0713442501604 0.00515418363866 0.0869008660494
v 0.079432986357 0.0117747715738 0.0889231206166
v 0.0783173194641 0.00735299320289 0.093228522881
v 0.0619083239325 -0.0449469696086 -0.080000300876
v 0.0620566373109 -0.0445498437667 -0.0770304539858
v 0.0624638003425 -0.043459618707 -0.0688773670756
v 0.0622462399361 -0.0443030684841 -0.0683873509996
v 0.0784546498363 0.00878682250482 0.0761749142803
v 0.078748284038 0.0097967009875 0.0779004712234
v 0.0803593041177 0.0153373856358 0.0873677160731
v 0.0797217752406 0.0128854523587 0.0884382075979
v 0.0701715583606 -0.0110744846143 -0.0801850672514
v 0.0707193300508 -0.0118215048423 -0.0806475239366
v 0.0710081189344 -0.0107108240573 -0.0811324369553
v 0.070190346961 -0.010404857357 -0.0803123453444
v 0.0694877881818 -0.0101419972952 -0.079607793734
v 0.0696541960767 -0.011299386746 -0.0795991762005
v 0.0700818011737 -0.0142734381193 -0.0795770324118
v 0.0717404547832 -0.00674002539708 -0.0688049906118
v 0.0716928212534 -0.00873275347108 -0.070109787562
v 0.0716368617498 -0.0063261388421 -0.0689821763231
v 0.0717553783916 -0.00611570270985 -0.0683961970845
v 0.0718201127462 -0.00656593891554 -0.0683928447768
v 0.0719864554551 -0.00772287498839 -0.068384230619
v 0.0725033553798 -0.00582548115709 -0.0675692139596
v 0.0879780239115 0.0457361485429 0.0764090919727
v 0.0881948653552 0.0453670160005 0.076178034661
v 0.0883194108053 0.0458498604381 0.0758975182117
v 0.0879781904747 0.0460170693735 0.0763490985933
v 0.0877462278854 0.046130738502 0.0766560842714
v 0.08781096224 0.0456805022963 0.0766594365791
v 0.0879773049489 0.0445235662234 0.076668050737
v 0.0880802412773 0.0487049110989 0.0868273056711
v 0.0883844679805 0.0456137912832 0.0848211376471
v 0.0879165477496 0.0496793869411 0.0864787221983
v 0.087938768367 0.0501423579492 0.0877602232152
v 0.0881051762619 0.0489849684984 0.0877688407487
v 0.0885327813588 0.0460109171251 0.0877909845374
v 0.0898146472507 0.0507352033384 0.0894607412074
v 0.0685821304262 -0.00278995904971 -0.0833176893112
v 0.0721237858273 -0.00628904568647 -0.0854378392197
v 0.0734219885214 -0.00114381404951 -0.0904476542948
v 0.0677894035802 0.000963599122996 -0.084799092339
v 0.062950374941 0.00277410580913 -0.0799463376341
v 0.0661801063743 -0.00360694165653 -0.0797790840377
v 0.0672284037003 -0.00117689730342 -0.0738542984555
v 0.0633056831191 0.00340498496338 -0.0781895951847
v 0.0652179651508 0.0068004003945 -0.0687347409846
v 0.0681611964022 0.000985397288002 -0.0685823239735
v 0.0753675571073 0.00927544979473 -0.0581653809157
v 0.0724729399717 0.00961539349055 -0.0607134490952
v 0.0757453312265 0.0108851096532 -0.0570954068444
v 0.0761212231859 0.0101424521028 -0.0570759410519
v 0.0766354150171 0.00912655262338 -0.0570493133168
v 0.0772290082108 0.0112947515481 -0.0559143487743
v 0.0899679113596 0.0544799668981 0.06527264258
v 0.090367592208 0.0541254563782 0.0650597662093
v 0.0905148652368 0.0547032489094 0.0646010667536
v 0.0898954576329 0.0548984428709 0.0651211028359
v 0.089276050029 0.0550936368324 0.0656411389183
v 0.0896519419883 0.054350979282 0.0656606047108
v 0.0901661338196 0.0533350798026 0.0656872324459
v 0.0859299597932 0.0535936155073 0.0729756916705
v 0.0892763021996 0.0497283749412 0.0706069930453
v 0.0849515623689 0.0572127748578 0.0713642849699
v 0.0812088146446 0.0590468416063 0.0763175403713
v 0.084152045896 0.0532318384998 0.0764699573824
v 0.0844043584941 0.0550466364255 0.082326365445
v 0.08124830572 0.0598696460621 0.0785950582467
v 0.0814013551262 0.0630584610535 0.0874216793151
v 0.0846310865595 0.0566774135879 0.0875889329115
v 0.0943218849261 0.067141814507 0.099134372274
v 0.0941840674664 0.0666401508193 0.098838582401
v 0.0725651607991 0.0078097722437 -0.0931470154399
v 0.0754262971951 0.00656541123002 -0.0938254549664
v 0.0763252045863 0.0100220235875 -0.095324031596
v 0.0722983851334 0.0105605426582 -0.0939639940171
v 0.0635504670116 0.0117304289153 -0.0910094296216
v 0.068436228254 0.00538048229695 -0.0907564175195
v 0.0734302339549 -0.00111014793233 -0.0904977999127
v 0.0662383888681 0.00479218817755 -0.0869449978652
v 0.0734263787174 -0.00112588887291 -0.0904743538114
v 0.0634056626927 0.0117846069761 -0.0908642145604
v 0.0622243217486 0.00371774566074 -0.0799839367379
v 0.0623679638902 0.00406182899335 -0.0791320831457
v 0.0641115336913 0.00823841186424 -0.0687920382072
v 0.0653212674619 0.00968537747147 -0.0668440983131
v 0.0712303152952 0.0167532044542 -0.0573292196762
v 0.0803355057239 0.0265394526015 -0.0466464306763
v 0.0807323858789 0.027892973706 -0.0457429810834
v 0.0811227676004 0.0273856007564 -0.0457227649298
v 0.0815217982625 0.0268669869156 -0.0457021008855
v 0.0818855653121 0.0281892297693 -0.0448862478655
v 0.0924007770934 0.0636362640181 0.0544267028219
v 0.0926906816085 0.063429033881 0.0543049191821
v 0.0927794153978 0.0637823918646 0.0539313795719
v 0.0923108158569 0.0639173388683 0.0542896047525
v 0.09180297399 0.0640635868526 0.0546778290861
v 0.0921933557115 0.063556213903 0.0546980452397
v 0.0925923863736 0.0630376000622 0.054718709284
v 0.0874507944859 0.0619006758825 0.0615316327427
v 0.0915422449623 0.0588247681797 0.0597140244392
v 0.0860642951277 0.0658720171236 0.0594958520722
v 0.0847610340976 0.0609617316334 0.0654073260865
v 0.0831828686166 0.0608001841614 0.0690838623622
v 0.080102383185 0.0604848530761 0.0762602431487
v 0.0801639272986 0.0608626830917 0.0774551886672
v 0.0806753019338 0.0640021009051 0.0873840802112
v 0.0817972849153 0.0652571652819 0.088877539609
v 0.0844615778881 0.0800526981923 0.0986743229208
v 0.0893473391305 0.0737027515739 0.0989273350229
v 0.0943413448314 0.0672121213447 0.0991859526297
v 0.0983397761236 0.0819495980464 0.104369163302
v 0.0714557071218 0.0165412253329 -0.0959648655335
v 0.0773726412535 0.0140624780919 -0.0973060437638
v 0.0791721201766 0.0210039123082 -0.100711107987
v 0.0706666460909 0.0221413757714 -0.0978384278189
v 0.0634109360646 0.0118886367843 -0.0910166553161
v 0.0633601912491 0.0118766772057 -0.0909228081028
v 0.0757045715141 0.0335937864152 -0.0460033494924
v 0.085057806664 0.0435747208327 -0.0352885786646
v 0.0854230048558 0.0448987413105 -0.0344059064232
v 0.0858475066108 0.0444174178517 -0.034383923343
v 0.0862392059575 0.0439732875693 -0.0343636389553
v 0.0865857064283 0.0452261087849 -0.0334627983048
v 0.094631265379 0.07260411759 0.0434480418889
v 0.094921169894 0.0723968874529 0.0433262582491
v 0.0950003815441 0.0727191340254 0.0428663437385
v 0.0945116250413 0.0728769980668 0.0432873182309
v 0.0940334622755 0.0730314404246 0.0436991681531
v 0.0944579640305 0.0725501169658 0.0437211512333
v 0.0948496633772 0.0721059866833 0.0437414356209
v 0.0895926459281 0.070785995351 0.0504948428725
v 0.0938145393875 0.067944189274 0.0488364075964
v 0.0880185645665 0.0747636069177 0.0482973114069
v 0.0867751596252 0.0697643995619 0.0544174606771
v 0.0846836942865 0.0690886131562 0.0576266813151
v 0.0843220469411 0.0802109060613 0.0986670972263
v 0.102413967796 0.0969413305021 0.110114653421
v 0.101986362023 0.0953678769532 0.109511636935
v 0.101025904472 0.0967516072347 0.109545069464
v 0.0798158990204 0.0312167459773 -0.102923604918
v 0.0817220422847 0.030712417526 -0.103163360986
v 0.0822894228039 0.0328692287941 -0.103645515645
v 0.0798796433028 0.0330370938434 -0.103258770732
v 0.0704542003279 0.0336936694549 -0.101746083733
v 0.0749785150692 0.0279850431287 -0.101511789357
v 0.0795028298105 0.0222764168025 -0.101277494981
v 0.070335967775 0.0252631009319 -0.098789461073
v 0.0792763656047 0.0214050278553 -0.100889643018
v 0.0694284023914 0.0338308525986 -0.101399625751
v 0.0807127404137 0.0508419926391 -0.0346498303173
v 0.0893891048708 0.06024590728 -0.0241871501952
v 0.0898171881572 0.0619024124667 -0.0230841828638
v 0.0903255932591 0.061260924216 -0.023057854798
v 0.090833998361 0.0606194359653 -0.0230315267322
v 0.0913459104683 0.0624592296582 -0.0214945206468
v 0.0966593762162 0.0813835276138 0.032336659781
v 0.0970590570646 0.081029017094 0.0321237834103
v 0.0971612847666 0.0814596343285 0.0312564798076
v 0.0964716567477 0.0817701788179 0.0320933645294
v 0.0959675148856 0.0819971975482 0.0327051561192
v 0.0964759199875 0.0813557092974 0.032731484185
v 0.0969843250894 0.0807142210467 0.0327578122508
v 0.091911771057 0.0798363830263 0.0395743108766
v 0.0960032215334 0.0767604753235 0.0377567025732
v 0.090437254666 0.083783422843 0.0374684656113
v 0.0893231978335 0.0789746917531 0.043455244259
v 0.086914182572 0.0780564667281 0.0466480203821
v 0.0938254418958 0.110053852764 0.110253404402
v 0.0983497566371 0.104345226438 0.110487698779
v 0.102874071378 0.0986366001121 0.110721993155
v 0.106217772431 0.111049635193 0.113407474806
v 0.0808856662861 0.0419773783557 -0.104312299903
v 0.0844290646236 0.0409673118994 -0.104805414933
v 0.0855361867403 0.0451575304802 -0.105405585552
v 0.0812769059953 0.0454542316398 -0.104722014645
v 0.0700571817093 0.0345725666641 -0.101766643583
v 0.0694363010695 0.0341898969394 -0.101469730751
v 0.0839804410584 0.0748234708125 -0.0233864423438
v 0.0866883664976 0.0688288196817 -0.0232462107866
v 0.0949340103966 0.0780471429061 -0.0122898257866
v 0.0931921572341 0.0781787184551 -0.0138075168235
v 0.0952084732761 0.0789131353126 -0.0117108237835
v 0.0953763011509 0.0785416075206 -0.0117021327155
v 0.095623178387 0.0779950847541 -0.0116893480285
v 0.096021721467 0.079416615583 -0.0102917684947
v 0.0991304653392 0.0905754164024 0.0215157873076
v 0.099347306783 0.0902062838601 0.0212847299958
v 0.0994065810303 0.0904758695801 0.0204121413826
v 0.0990409566381 0.0908315779724 0.0213844093238
v 0.0988986693131 0.0909700063615 0.0217627796063
v 0.0990664971879 0.0905984785695 0.0217714706743
v 0.099313374424 0.090051955803 0.0217842553614
v 0.0948519129354 0.0894650297949 0.0290610479384
v 0.0981982553417 0.0855997892289 0.0266923493132
v 0.0940781948243 0.0931407009216 0.0276125730331
v 0.0901307677868 0.094918255894 0.0324028966392
v 0.092838693226 0.0889236047632 0.0325431281965
v 0.0898743334732 0.0877037448771 0.0361478795632
v 0.0887755446869 0.0953559810072 0.0335701739099
v 0.0934284232771 0.110932749974 0.110232844553
v 0.109892115757 0.124734954683 0.11552595844
v 0.107224884171 0.114800685301 0.113988136315
v 0.0986189832367 0.123829105114 0.112656744007
v 0.083444038736 0.0541241238858 -0.104724752572
v 0.0875581010268 0.0527522118304 -0.105427474509
v 0.0889728826809 0.0580663915243 -0.105442790734
v 0.0845072083189 0.0583774700468 -0.104726095766
v 0.0864034698255 0.0878029438316 -0.0232609643331
v 0.0844774171281 0.0774856296673 -0.0233607061374
v 0.0927161450129 0.0857464996007 -0.0158345834738
v 0.0924483051193 0.0900046963588 -0.0169751619965
v 0.0976315020432 0.0918926083318 -0.0115853457728
v 0.0973518663286 0.0903946796805 -0.0115998268775
v 0.0997220599884 0.093186868425 -0.0079374836049
v 0.0965921903224 0.0815395295628 -0.00992881624082
v 0.101463170991 0.10251203253 0.0209553400729
v 0.101767397694 0.0994209127146 0.018949172049
v 0.102627349771 0.102679237915 0.01841627022
v 0.101687465753 0.103593631594 0.0209156086654
v 0.10132169808 0.103949479381 0.021888257617
v 0.101042062366 0.102451550729 0.0218737765124
v 0.0955567999219 0.0998859042851 0.0274330607799
v 0.0968854742559 0.105947143085 0.0272717510942
v 0.0925537965539 0.107897728913 0.03252837465
v 0.0906277438565 0.0975804147488 0.0324286328457
v 0.0890858804408 0.0967340973793 0.0335405449351
v 0.0916644833935 0.108184969224 0.0332943555713
v 0.0993866730553 0.126440750332 0.112754158407
v 0.111314365102 0.130067662227 0.11568744016
v 0.113376527079 0.137799714815 0.115921577349
v 0.102467964201 0.136923160143 0.113145152429
v 0.0894038261167 0.0694380933513 -0.102906522969
v 0.0917474205764 0.0683811521477 -0.103486863944
v 0.092703616912 0.0719359553916 -0.10281278772
v 0.0905752832524 0.0720842149459 -0.10247121198
v 0.0822506678544 0.0726641069955 -0.101135196525
v 0.0802961457676 0.072925491304 -0.100475066733
v 0.0870035618961 0.0967592669378 -0.0343240563206
v 0.101474202023 0.100792491925 -0.0225323988987
v 0.101550097715 0.10083622568 -0.0225002327905
v 0.101555171169 0.100856383247 -0.0225207345011
v 0.101544320261 0.10081327102 -0.0224768862324
v 0.10062220232 0.097031528922 -0.0165580864492
v 0.0998297402001 0.0937815245311 -0.0114715086798
v 0.0997961698105 0.0935961345059 -0.0103697407993
v 0.103519936237 0.10583839558 0.02200209471
v 0.10756699718 0.120447272251 0.0329666168029
v 0.107694646989 0.120908056101 0.0333124527507
v 0.092949726343 0.110096433142 0.0339842349439
v 0.107715345853 0.120983344269 0.0333579348434
v 0.101598390457 0.122959066933 0.0386265751141
v 0.0956140193158 0.124891966052 0.0437810182557
v 0.0954470950198 0.124940036807 0.0439086250518
v 0.105621909422 0.149024290305 0.110864291611
v 0.102308353386 0.138925789614 0.112579966717
v 0.114474263805 0.141964452956 0.115139973768
v 0.11656690011 0.149903772124 0.113649988062
v 0.0941957901521 0.0774163490997 -0.100516611139
v 0.0832718595081 0.0763664217703 -0.0986670092608
v 0.0971973076627 0.0882983050842 -0.0932620402012
v 0.0939644315311 0.088730647649 -0.0921701528994
v 0.0869412868313 0.0896698746 -0.0897981218647
v 0.0857094048538 0.0901307791995 -0.0885627456129
v 0.0892166762355 0.101716739873 -0.0563977850923
v 0.101594476154 0.104921838843 -0.0452461381081
v 0.102391575684 0.105208869668 -0.0450209263835
v 0.102419969487 0.105362157389 -0.0458875081167
v 0.100890378899 0.104546273025 -0.0446990872184
v 0.102378505521 0.105138308654 -0.0446220236808
v 0.10206481175 0.103583565859 -0.0376258647042
v 0.0940377826178 0.100759014568 -0.0398507155461
v 0.101882217581 0.102678584651 -0.0335535561336
v 0.101780667523 0.102112779149 -0.0301277925686
v 0.110492675001 0.130811283765 0.0445515184426
v 0.11313880345 0.140207144813 0.05461833227
v 0.11196096701 0.140716886172 0.0557217229511
v 0.113449093632 0.1413089218 0.0557987864887
v 0.113771654797 0.142451191304 0.0570831221862
v 0.108259524918 0.144188229178 0.0617109414283
v 0.102747395038 0.145925267052 0.0663387606704
v 0.102198657429 0.146194166128 0.0670649751328
v 0.107852397708 0.157992143877 0.0998856306777
v 0.112148002862 0.154978905625 0.106591470557
v 0.118280674171 0.156645788009 0.107970265633
v 0.118994316622 0.159515043608 0.104457654271
v 0.11756703172 0.153776532409 0.111482876996
v 0.116924032126 0.151286676809 0.112876145163
v 0.0983323892222 0.0923429836062 -0.0892082267352
v 0.0988424738548 0.0941041596632 -0.086338349189
v 0.0889693662165 0.0965502470244 -0.0785989284282
v 0.10032255602 0.0992144592203 -0.078010996625
v 0.100801305119 0.100765246409 -0.0734190776912
v 0.0891376014256 0.0973399868284 -0.0762080985882
v 0.0897528832148 0.10022827949 -0.0674641854079
v 0.101485502316 0.102981530993 -0.066856604629
v 0.101699853237 0.103582292768 -0.0630624763338
v 0.0893164239291 0.100380080178 -0.0657396464667
v 0.102114111237 0.104743334532 -0.0557298836173
v 0.10217638729 0.104869333569 -0.0537258693478
v 0.115644830039 0.148951861711 0.0670066621455
v 0.116146837314 0.150672099588 0.0700734925827
v 0.105743732709 0.152474720702 0.077588095948
v 0.11747635181 0.155227972205 0.0781956767269
v 0.118005829959 0.156971222943 0.0827514573613
v 0.106078137912 0.153344311048 0.0798181756081
v 0.107420346402 0.156834602269 0.088769088521
v 0.118773536206 0.159498814465 0.0893570203242
v 0.118935240376 0.1599001601 0.0931826519015
v 0.106769329957 0.156861496758 0.090622644851
v 0.119243500099 0.160665252883 0.100475525807
v 0.119154520412 0.160254530381 0.10189748423
v 0.0415957414511 -0.160604228971 -0.0945446236986
v 0.0444389150546 -0.160994099982 -0.0946653714199
v 0.0447383343794 -0.159612006398 -0.099450304318
v 0.0379248676705 -0.159016904527 -0.0980235213104
v 0.0401087420075 -0.161073724845 -0.0922233735342
v 0.0442726128855 -0.161761736343 -0.0920077449615
v 0.0389739051082 -0.160171966161 -0.0859128719395
v 0.0445139012972 -0.161162864648 -0.0862992925311
v 0.0381320521007 -0.159503016939 -0.0812315694986
v 0.0447425767787 -0.160595297924 -0.0808892394785
v 0.0388927864692 -0.157373916733 -0.0756148918451
v 0.0452803685037 -0.158824675619 -0.0762619264725
v 0.0396452827611 -0.155267872788 -0.0700590378148
v 0.0460397611746 -0.156324455665 -0.0697278958812
v 0.0419048224965 -0.151695679591 -0.0632883896748
v 0.04698398603 -0.15308886239 -0.063959498341
v 0.0434128035245 -0.149311654435 -0.0587697663541
v 0.0478712829449 -0.150048345171 -0.0585388812998
v 0.0475939625598 -0.143524659841 -0.0492062156347
v 0.0495752846802 -0.144134774776 -0.049511573586
v 0.0391087352182 -0.140911776313 -0.0478984870171
v 0.0483755025643 -0.142442957915 -0.0474186018633
v 0.0499860994079 -0.142709082677 -0.0473351961312
v 0.0511283616292 -0.138734054719 -0.0414866526145
v 0.0597266407537 -0.10636508263 0.0519111239399
v 0.0610259798115 -0.106586089421 0.051827942982
v 0.0609151529038 -0.106757953938 0.047288893806
v 0.056776760498 -0.105980531797 0.0493062492524
v 0.0501793233293 -0.104741163166 0.0525223231524
v 0.0594460906754 -0.106272344768 0.0530022083062
v 0.061056687519 -0.10653846953 0.0530856140383
v 0.057644252489 -0.10543051331 0.0608966511978
v 0.0612919289406 -0.106062521053 0.0606555730033
v 0.0488945372072 -0.104477469563 0.0532104208973
v 0.0569435223269 -0.105103127255 0.0639667794086
v 0.0614020017473 -0.105839817992 0.0641976644629
v 0.0561930620977 -0.103908204753 0.0702961243972
v 0.061723182461 -0.104939644133 0.0698827384031
v 0.0556361322549 -0.103021431576 0.0749932435411
v 0.0620306106684 -0.104078014453 0.0753243854747
v 0.0561120759537 -0.101110031952 0.0805941913833
v 0.0625165294013 -0.102504003039 0.0799850719104
v 0.0565830322858 -0.0992186616948 0.0861364474506
v 0.0631935569638 -0.10031094268 0.0864787774707
v 0.0592816393972 -0.0952851133222 0.0930240016244
v 0.0642303805462 -0.096731087982 0.0923122343678
v 0.061019852884 -0.0927514555682 0.0974603790082
v 0.065183723762 -0.0934394670659 0.0976760075809
v 0.0673051801535 -0.0858800022584 0.10525254551
v 0.0606134935094 -0.0865245278816 0.103253887812
v 0.0438262297366 -0.151636375399 -0.105523284632
v 0.0466694033401 -0.15202624641 -0.105644032353
v 0.0473368796038 -0.149441611008 -0.107090337202
v 0.0430495522626 -0.149249965931 -0.106698302126
v 0.0390119706787 -0.154646121386 -0.10337433862
v 0.0454676433552 -0.156679762303 -0.103040027704
v 0.0357411419865 -0.156291213391 -0.100474388333
v 0.0451029888673 -0.158145884351 -0.101245166011
v 0.0374965157199 -0.140403901192 -0.0479819767793
v 0.0379966968439 -0.139823041041 -0.047239280086
v 0.0452380558578 -0.131413653537 -0.0364869083208
v 0.0525420000741 -0.133714513659 -0.0361086691504
v 0.0497823955988 -0.125975217077 -0.0291589212712
v 0.0537521294777 -0.129432313773 -0.0312314349725
v 0.042809471742 -0.119902751577 -0.0255185059002
v 0.0523462070841 -0.122906976881 -0.0250246402904
v 0.0553304916129 -0.123847074595 -0.0248700973104
v 0.057544419203 -0.116090811366 -0.0144982015265
v 0.0590930040447 -0.102937738998 0.028702962386
v 0.0614655564188 -0.103670532696 0.0283358667698
v 0.0614202025924 -0.103427576115 0.0206588564453
v 0.0554162369191 -0.101683490474 0.0252903256352
v 0.0489597984704 -0.0998079664951 0.0302708330828
v 0.0584965338125 -0.1028121918 0.0307646986927
v 0.0614808183413 -0.103752289514 0.0309192416726
v 0.0558557516208 -0.103078520225 0.0369311180624
v 0.0613248546396 -0.104621270997 0.0361806346721
v 0.0489162171882 -0.0997988030674 0.0302947790032
v 0.0538485132776 -0.103280954423 0.0416181662554
v 0.0611524574939 -0.105581814545 0.0419964054259
v 0.0522409884085 -0.103570820225 0.0449116983504
v 0.0610734756333 -0.105973267898 0.0437578992892
v 0.048567103831 -0.104233288046 0.0524388333902
v 0.048425375558 -0.104250141154 0.0527605594167
v 0.0623832122466 -0.0782859380761 0.108625149516
v 0.0688388849231 -0.0803195789937 0.108959460432
v 0.0716277421916 -0.0700767764716 0.113250992121
v 0.0611000520328 -0.0706794976267 0.1112443853
v 0.0434348816793 -0.142236259017 -0.107870193806
v 0.0489748778683 -0.143227157504 -0.108256614397
v 0.0505272526351 -0.137337553699 -0.109361926489
v 0.0437207295651 -0.137033299664 -0.108739535061
v 0.0427742939446 -0.11987001362 -0.0255203276038
v 0.0428197189713 -0.119820403419 -0.0254641955848
v 0.052144991281 -0.109635959579 -0.013940892254
v 0.0578593510552 -0.114953986234 -0.0136449706757
v 0.055701438403 -0.104952020955 -0.00666505533879
v 0.0581876476742 -0.113792036305 -0.0123260911032
v 0.0539827111242 -0.0988408799081 -0.00275155670162
v 0.0577086814735 -0.102308426653 -0.0025586050727
v 0.0606569836994 -0.105052242311 -0.00240592545807
v 0.0586071922339 -0.0993727483677 0.00559174589352
v 0.0612931404876 -0.102973745591 0.00336462434649
v 0.054462213771 -0.0972742147437 0.00159799038619
v 0.0552127764698 -0.0948219228918 0.00840631109499
v 0.0589387468192 -0.0982894696367 0.00859926272391
v 0.0618870490451 -0.101033285295 0.00875194233854
v 0.0571293018515 -0.0978753014796 0.0149737089691
v 0.0617669188611 -0.101696695464 0.0126945709432
v 0.0535768098238 -0.0938393369163 0.0110718716366
v 0.055835187318 -0.0975790885298 0.0195327111358
v 0.0615495470922 -0.102897115185 0.0198286327141
v 0.0535977264009 -0.0982901412827 0.0230088446315
v 0.0614900838835 -0.103140982601 0.0202103092993
v 0.048924620673 -0.0997752285382 0.0302690113793
v 0.0489095851563 -0.0997819161086 0.0302854927631
v 0.0635479140567 -0.066036370805 0.112343706347
v 0.0734148638402 -0.063432883793 0.114510834026
v 0.0753584764227 -0.0562072126043 0.115880995135
v 0.0685235610579 -0.0565985185813 0.114578241389
v 0.0455842513258 -0.130470356017 -0.108550874644
v 0.0519718333603 -0.131921114903 -0.109197909272
v 0.054011663957 -0.124272793567 -0.10896630758
v 0.0474275928033 -0.123978483213 -0.108364257252
v 0.058969478867 -0.0858432756494 -0.00249331391683
v 0.0561708283405 -0.0931377304701 -0.00263824372766
v 0.0567105621519 -0.0913742737598 0.00225765756205
v 0.0595862496757 -0.0838281181803 0.00310138653379
v 0.0601995442127 -0.0818243186331 0.00866455387978
v 0.0574008936862 -0.0891187734538 0.00851962406895
v 0.0547825106392 -0.0902959939346 0.0113444004211
v 0.0580952461911 -0.0805604458462 0.0120931896578
v 0.070067308539 -0.0502013237755 0.11452893194
v 0.0773592032706 -0.0486921151639 0.115859335551
v 0.0787951723633 -0.0432983515602 0.115843789953
v 0.0716341748206 -0.0437083260793 0.114478884044
v 0.0508267756387 -0.115824265303 -0.107203033407
v 0.0559059391721 -0.117217448102 -0.107874142073
v 0.057686007283 -0.110587474077 -0.106847823946
v 0.0530953364194 -0.110382269434 -0.106428051007
v 0.0670471510868 -0.0768340697037 -0.013169174892
v 0.0531614667804 -0.0877880734315 -0.012511312716
v 0.0677532369061 -0.0782308860568 -0.00557604981642
v 0.0681715420097 -0.076328388974 -0.0117340068885
v 0.0675137723902 -0.0793199967057 -0.00205084250705
v 0.0681270669272 -0.0773161971585 0.00351232483894
v 0.0687438377358 -0.0753010396894 0.00910702528956
v 0.0694294590537 -0.0668929836091 0.0188597579835
v 0.071556401573 -0.0652691349769 0.0189699029888
v 0.0710355282367 -0.0649562906799 0.0198185874139
v 0.0707373471239 -0.0647771986548 0.0203044284978
v 0.0647048911133 -0.0630248368862 0.0249578751816
v 0.0717641501954 -0.0388567917376 0.113551478674
v 0.0803830384964 -0.0372886204979 0.114983008125
v 0.0820419362997 -0.0310100498741 0.114083720046
v 0.0719589036562 -0.0315873139263 0.112161866176
v 0.0587464039876 -0.0986853919811 -0.1040995203
v 0.060727726108 -0.0992955069165 -0.104404878251
v 0.0614610486538 -0.0965731467703 -0.103815912847
v 0.0598026985067 -0.0964990179208 -0.103664272589
v 0.0502611766459 -0.0960725084535 -0.102791791682
v 0.0485596027853 -0.0959238895739 -0.102435471357
v 0.0671281424559 -0.0707656642781 -0.0261444419223
v 0.0697261641573 -0.0697561899435 -0.0253620670166
v 0.0699719160505 -0.068765835265 -0.0266142149199
v 0.0592305833901 -0.0709016189114 -0.0328688425737
v 0.0584393203653 -0.076875911078 -0.0247091047325
v 0.0694857389061 -0.0707250788063 -0.0241370592648
v 0.0689005880949 -0.0731899295194 -0.0191726181499
v 0.054851364525 -0.0793235901733 -0.0238444983867
v 0.0681860202179 -0.076199928151 -0.013110197865
v 0.068181964266 -0.0762359154028 -0.0127246691872
v 0.071876216255 -0.0641430571021 0.0203634055248
v 0.072551405324 -0.0617164518839 0.0223906474931
v 0.0645896470937 -0.0567811259965 0.0310802342506
v 0.0756360656345 -0.0506302937248 0.0316522797183
v 0.0766771347946 -0.0468580675094 0.0342085247474
v 0.0708184090223 -0.0456262081529 0.0374276264855
v 0.0736324182138 -0.0197123251439 0.109207696453
v 0.0717177074751 -0.0291355171137 0.111430761904
v 0.0830447803024 -0.0271978900061 0.113231512592
v 0.0851880021914 -0.0190507560042 0.111410222675
v 0.0634447630915 -0.0892149939985 -0.102109071681
v 0.0491491382716 -0.0949837731814 -0.102132584751
v 0.0653928748777 -0.0820465608363 -0.0993618133497
v 0.0576841227065 -0.081373262934 -0.0977475519058
v 0.0684539925114 -0.0626401636427 -0.0377163737448
v 0.0717741787004 -0.0614498921437 -0.0367817610952
v 0.072109740455 -0.0601007397183 -0.0384334257781
v 0.0604464635414 -0.0622138977424 -0.0446551665881
v 0.0586458882724 -0.0694532522203 -0.0357925756069
v 0.0714386169457 -0.0627990445692 -0.0351300964123
v 0.0707427574192 -0.0656299204225 -0.0310898334778
v 0.0563773719692 -0.0710117131958 -0.0352851649718
v 0.0672563456921 -0.0413205531063 0.0423124989694
v 0.0800490743654 -0.0346663454551 0.0429749781639
v 0.0814604176526 -0.0295495418797 0.0463861493327
v 0.0759161866175 -0.0285080244163 0.0490888134538
v 0.084776387589 -0.0100850041092 0.107553338554
v 0.0877242101807 -0.00935143601738 0.10817186444
v 0.0881772832299 -0.00760372076175 0.107314536904
v 0.0832954775048 -0.00807392342434 0.10585645031
v 0.0868160046594 -0.0128548106889 0.109890416454
v 0.085541217717 -0.0177064680659 0.11108048168
v 0.0631653253121 -0.0721680956458 -0.0950308868694
v 0.067135059191 -0.0756251923418 -0.0971034005707
v 0.069407376304 -0.0672498525986 -0.0941577707846
v 0.0662576931795 -0.0669747529464 -0.0934982072241
v 0.0561924014553 -0.0660956301451 -0.0913904714984
v 0.0561515474793 -0.0660857137105 -0.0913643545481
v 0.071589119027 -0.0528299571343 -0.0481017637883
v 0.0741871407284 -0.0518204827997 -0.0473193888826
v 0.0744389062297 -0.0508104800331 -0.048516987616
v 0.0644374465172 -0.0527599731533 -0.0542324130062
v 0.06204280216 -0.0595948721761 -0.0467108324844
v 0.0739297973409 -0.052852862264 -0.0460952572467
v 0.0729732457048 -0.0566620668506 -0.0420684944108
v 0.0586078602547 -0.0620438596239 -0.0462638259048
v 0.0731133902711 -0.0234242590295 0.0537099776851
v 0.085000385452 -0.0166822491173 0.0543255529228
v 0.0860523591404 -0.0128661803885 0.0568281248978
v 0.0800951929845 -0.0116435125981 0.0600186268246
v 0.0771035123318 0.00222663913191 0.098293281044
v 0.0808071944406 -0.00401639442075 0.102860042428
v 0.0897033194601 -0.00173557934622 0.104770468124
v 0.091083889066 0.00357319217694 0.102468908066
v 0.0729895736145 -0.0539923533483 -0.090520619775
v 0.0562026486846 -0.0660132819872 -0.091336161183
v 0.0733295906346 -0.0527546713265 -0.0897908603425
v 0.0666931797671 -0.0511438236075 -0.0855483647586
v 0.075969104229 -0.040962655416 -0.0570838186241
v 0.0615428293816 -0.0524200294575 -0.0567804811857
v 0.0755920529515 -0.0462863688036 -0.052108600949
v 0.0770002396772 -0.0407616656085 -0.0564945668658
v 0.0895365028839 0.00238207981598 0.0650898378502
v 0.0896292102034 0.000198869399939 0.0636671506378
v 0.0904121329553 0.00305862636334 0.0651641178748
v 0.0900429283527 0.00313440309407 0.0653618541751
v 0.0894998230315 0.00324587176319 0.0656527271386
v 0.0837187864715 0.00506765021835 0.0705063123798
v 0.0930490821482 0.0142735631937 0.0984469583663
v 0.0939990667872 0.0147198394015 0.0987834716306
v 0.0940827819979 0.0150516320813 0.0984604113515
v 0.0895771649045 0.0140438174279 0.0955271704235
v 0.093900684491 0.0143299159287 0.0991631327673
v 0.0917931059664 0.00628153592442 0.101636575093
v 0.0713148564018 -0.0421770459513 -0.08351568187
v 0.073801065673 -0.0510170613016 -0.0891767176344
v 0.0773473412974 -0.0379473469522 -0.0845573440986
v 0.0739233103112 -0.0371162361886 -0.0823684446124
v 0.069596129123 -0.0360659049047 -0.0796021832328
v 0.0708055422829 -0.0342977120972 -0.0746716021928
v 0.0723524085803 -0.032036154218 -0.068365279515
v 0.0643139082082 -0.0429488055719 -0.0674046173812
v 0.0789056783338 -0.0333916181973 -0.0604693544815
v 0.0797846097376 -0.0299841300932 -0.0624489909639
v 0.0773703298056 -0.0393439391892 -0.0570112553098
v 0.0771039174082 -0.0403645011152 -0.0566393129193
v 0.090901048608 0.00486458799002 0.0657252904529
v 0.0887472045304 0.0142852281616 0.0728331273694
v 0.0945488701574 0.0182547120244 0.0714769557001
v 0.0914460641157 0.0192324995091 0.0740819787705
v 0.0883432580741 0.0202102869939 0.076687001841
v 0.0882096725861 0.0220182717573 0.0816843927902
v 0.0880471093081 0.0242184503397 0.0877658337164
v 0.0832668442619 0.0149293623882 0.0899414087798
v 0.0959527200952 0.0222434058366 0.0953205490537
v 0.0969861385976 0.0262179288834 0.0935853088347
v 0.0764510985183 -0.0276299197924 -0.0822375415707
v 0.079137046772 -0.0312309170153 -0.0844646631177
v 0.0808078949286 -0.024960536364 -0.084378137235
v 0.0773838639425 -0.0241294256004 -0.0821892377488
v 0.0730566827542 -0.0230790943165 -0.0794229763692
v 0.0709451181273 -0.0310034014584 -0.079532325021
v 0.0723239801507 -0.0285992987564 -0.0745929689691
v 0.0742660959141 -0.021310901509 -0.0744923953292
v 0.0758129622115 -0.0190493436297 -0.0681860726514
v 0.0740875753087 -0.0255243979958 -0.0682754228561
v 0.0832451633688 -0.016997319505 -0.0622697841003
v 0.0815099966405 -0.0235090757271 -0.0623596407592
v 0.0940439242955 0.0289817829143 0.0742165105318
v 0.0962840368857 0.0247664682465 0.0715668123589
v 0.0980094237886 0.0312415226126 0.0716561625637
v 0.094906617747 0.0322193100973 0.0742611856341
v 0.0918038117053 0.0331970975821 0.0768662087046
v 0.0900784248025 0.026722043216 0.0767768584998
v 0.0897706439584 0.0278763053861 0.0817652286372
v 0.0916702262173 0.0350050823455 0.0818635996538
v 0.0915076629394 0.0372052609279 0.08794504058
v 0.0893960983124 0.029280953786 0.0878356919282
v 0.100446692229 0.0392047394716 0.0937645156983
v 0.0986569867542 0.0324883095347 0.0936718347174
v 0.0772036964214 -0.0171646193324 -0.0838342394282
v 0.081841313431 -0.0209860133172 -0.086113377454
v 0.0837112515282 -0.0137942395619 -0.0892532397517
v 0.0770748406608 -0.0121833918429 -0.0850107441679
v 0.0719736613493 -0.019873348512 -0.0794790612879
v 0.0726264169236 -0.0185531653593 -0.0764848870431
v 0.0744199021481 -0.0149258826958 -0.0682582131096
v 0.0850428770525 -0.00411800860569 -0.0579908685476
v 0.0863507651227 -0.00200222365142 -0.0565461980333
v 0.0865481631127 -0.0025865221478 -0.056535975659
v 0.0868929849181 -0.0036071954706 -0.0565181188532
v 0.0873819005708 -0.00180123384393 -0.055956946275
v 0.100424422683 0.0418139140281 0.0659594681453
v 0.100690116118 0.0416218936346 0.065846484519
v 0.100793793849 0.042019058128 0.0657017384656
v 0.100424589246 0.0420948348587 0.0658994747659
v 0.0998814839251 0.0422063035278 0.0661903477294
v 0.100078881915 0.0416220050314 0.0662005701037
v 0.100423703721 0.0406013317086 0.0662184269096
v 0.0944360981068 0.0391114748603 0.072383442914
v 0.0988883551924 0.0346490107167 0.0696765260813
v 0.0941004473652 0.044028081983 0.0710439329705
v 0.0904107516419 0.037320558516 0.0767940682463
v 0.0904148872319 0.0382407115467 0.0800974707191
v 0.0904246415345 0.0404110067324 0.0878889556612
v 0.104464442892 0.0540120638459 0.0989980319422
v 0.103992967853 0.0522744538211 0.0983838892342
v 0.0999588257982 0.0530042491926 0.0960647910143
v 0.0836283751857 -0.00429134970727 -0.0920623078773
v 0.0860009275598 -0.00502414340501 -0.0924294034935
v 0.0867101444601 -0.00231579965752 -0.0932617364666
v 0.0835604613356 -0.0020407000054 -0.0926021729062
v 0.0734951696114 -0.00116157720405 -0.0904944371804
v 0.0788830530838 -0.00733331050315 -0.0902154223749
v 0.0838933490352 -0.0130725234093 -0.0899559611676
v 0.0759026092564 -0.00861160556359 -0.0867777646987
v 0.083794966739 -0.0134624468821 -0.0895763000309
v 0.0734543156354 -0.00115166076951 -0.0904683202302
v 0.0813166940484 0.0037642232731 -0.0568068904498
v 0.0917416743858 0.0141235729079 -0.0476209532981
v 0.0881648233228 0.00105852311947 -0.0544599790381
v 0.0817402146733 0.0121740797877 -0.0533363786882
v 0.0983763585649 0.0496713809925 0.0625260678431
v 0.102201980575 0.0475437613231 0.0613157725487
v 0.103355127296 0.0520678725525 0.0577241592158
v 0.0973979611406 0.053290540343 0.0609146611425
v 0.0948474128509 0.0479727504523 0.065929655313
v 0.0927247354656 0.0472824610509 0.0691708548418
v 0.0944062804879 0.0671606920729 0.0991893153619
v 0.0997941639603 0.0609889587738 0.0994683301675
v 0.104804459912 0.0552497458677 0.0997277913748
v 0.108386657222 0.068507245118 0.103364942384
v 0.0826216110474 0.00453572263821 -0.0948128131339
v 0.0880907140661 0.00299297186563 -0.0955632965242
v 0.0896167502962 0.00886111328117 -0.0981073653046
v 0.0819079981251 0.00953441118344 -0.0964931038607
v 0.0734568564165 -0.00113123301699 -0.0904964212524
v 0.0734449562974 -0.00113552681752 -0.0904797775001
v 0.0876431226425 0.0220188761603 -0.0453851043988
v 0.0927936480742 0.0179396416368 -0.045118381323
v 0.0963336158736 0.0308069343992 -0.037178977733
v 0.08467033896 0.0286937763751 -0.043400718543
v 0.10146888163 0.0594419173428 0.0521127380265
v 0.104820787821 0.05791945937 0.0512756660106
v 0.105684293071 0.0613581322377 0.0476405973778
v 0.100140062036 0.0623996497012 0.050343261499
v 0.0987137107536 0.0581894893069 0.0550357057707
v 0.103864236185 0.0541102547834 0.0553024288465
v 0.0956292673883 0.0568779496466 0.0586342385348
v 0.103606892798 0.0530778753191 0.0565265604823
v 0.0943679672931 0.06719103626 0.09918733129
v 0.112401158649 0.0833039533557 0.108568984949
v 0.110658974335 0.0768825848612 0.10631057217
v 0.107519352923 0.0828337506931 0.107110898355
v 0.0909534767514 0.0191848673763 -0.101790129122
v 0.0922528158092 0.0189638605853 -0.10187331008
v 0.0926060313348 0.0203081485236 -0.102203051075
v 0.0909476811877 0.0203822773731 -0.102051410817
v 0.0814061593269 0.0208087868404 -0.10117892991
v 0.0872883137928 0.0166935678486 -0.100874318982
v 0.0909780288668 0.0141122032083 -0.100683244854
v 0.0812373361206 0.0130112762101 -0.0978108937789
v 0.0900698233454 0.0106088285368 -0.0989646928401
v 0.0797045854663 0.02095740572 -0.100822609585
v 0.0928018240451 0.0393820088556 -0.034023789807
v 0.0977449591608 0.0359237379745 -0.0337678065642
v 0.101116898732 0.0481154600288 -0.0250013531476
v 0.0903755660711 0.0459796763824 -0.0312559808014
v 0.103699369916 0.0684097709147 0.0411340770935
v 0.107051276107 0.0668873129419 0.0402970050776
v 0.107822117476 0.0700232277845 0.0358213865197
v 0.101963391703 0.0712550871409 0.0390404882577
v 0.101412281465 0.0675147079696 0.0440812847693
v 0.106355416581 0.0640564370886 0.0443372680121
v 0.0981264154878 0.0660941032238 0.0478304558014
v 0.106019854826 0.0627072846631 0.045988932695
v 0.104777400895 0.0971689701499 0.110820558226
v 0.110659555361 0.0930537511582 0.111125169154
v 0.114349270435 0.0904723865179 0.111316243281
v 0.116332984872 0.0978305392897 0.113023084447
v 0.0911015767722 0.029087290269 -0.103783262798
v 0.0947492532238 0.0284552825256 -0.104024340992
v 0.0957520972265 0.0322674423935 -0.104876548447
v 0.0911614263629 0.0324726470362 -0.104456775507
v 0.0802730921955 0.0216824785774 -0.101237606477
v 0.0796522115557 0.0212998088527 -0.100940693646
v 0.0969042769838 0.055938731595 -0.0227171736809
v 0.102157967892 0.0518876862442 -0.0224451081185
v 0.105149920883 0.0651570548194 -0.0117607886809
v 0.105242628202 0.0629738444033 -0.0131834758934
v 0.10511324103 0.0660208467666 -0.0111978993925
v 0.105592211637 0.0656515194339 -0.0111730956099
v 0.105917817271 0.0654004496215 -0.0111562339251
v 0.106237631953 0.0665265274963 -0.00976273138903
v 0.109346375825 0.0776853283157 0.0220448244132
v 0.10961206926 0.0774933079223 0.0219318407869
v 0.109622491516 0.0775857814934 0.0209411784882
v 0.10910161818 0.0778986257904 0.0217898629134
v 0.108803437067 0.0780777178155 0.0222757039973
v 0.109282407674 0.0777083904828 0.02230050778
v 0.109608013308 0.0774573206704 0.0223173694647
v 0.105067823422 0.0765749417082 0.0295900850441
v 0.108893445431 0.0744473220388 0.0283797897497
v 0.102770981057 0.0798300795841 0.0269291506811
v 0.103054603712 0.0760335166765 0.0330721653021
v 0.10830829462 0.0719824713257 0.0333442308645
v 0.100090243959 0.0748136567904 0.0366769166688
v 0.108067869369 0.0710135824629 0.0345692386163
v 0.103644333763 0.098042661887 0.110761881659
v 0.120108026243 0.111844866596 0.116054995546
v 0.117066307418 0.100552899436 0.113612049851
v 0.1100249936 0.111267602544 0.114133141676
v 0.0918808746664 0.0395774523976 -0.105362450531
v 0.0974109950298 0.0385460130174 -0.105775836525
v 0.0989988611629 0.0445557440796 -0.106636618354
v 0.0924147900092 0.0448500544341 -0.106034568025
v 0.100368209709 0.0720079657603 -0.0114436237105
v 0.104360622529 0.077060203165 -0.00401749916174
v 0.103956676073 0.0829852619973 -0.000163624690196
v 0.106503435932 0.079771847103 -3.17391900061e-05
v 0.10905019579 0.0765584322088 0.000100146310184
v 0.107426854009 0.0827889043458 0.00834454493361
v 0.109666966599 0.078573589678 0.00569484676081
v 0.104573446882 0.0850004194664 0.00543107576043
v 0.105186741419 0.0870042190135 0.0109942431064
v 0.107733501277 0.0837908041193 0.0111261286066
v 0.110280261136 0.0805773892251 0.0112580141068
v 0.105588539535 0.0839507427198 0.0174901382489
v 0.11004079662 0.0794882785762 0.0147832214162
v 0.103082443397 0.0882680918005 0.0144228788844
v 0.104058405746 0.0840648368092 0.0220299796793
v 0.101646688608 0.0831538753386 0.0252562111097
v 0.112314688239 0.116076035682 0.11506182117
v 0.121888094354 0.118474840622 0.117081313673
v 0.123782369569 0.125530186086 0.11817347918
v 0.116621372026 0.125120211567 0.116808573271
v 0.094030376808 0.0513434787701 -0.106043044478
v 0.100434830256 0.0499495076833 -0.106652163951
v 0.102435557104 0.0574646051237 -0.106673823535
v 0.0956290340335 0.057768859159 -0.106051432107
v 0.105891015593 0.095961278915 -6.34537478105e-05
v 0.10482920947 0.0888384268644 -0.000118440020324
v 0.105384061957 0.0906512803895 0.00491460210605
v 0.106370518239 0.0975279440794 0.00428609334001
v 0.107121080938 0.0999802359313 0.0110944140488
v 0.106059274815 0.0928573838807 0.0110394277763
v 0.103797816945 0.0920478329782 0.014225505121
v 0.105485114292 0.100962821907 0.0137599745904
v 0.118511777719 0.131610968748 0.117035675886
v 0.125822200166 0.133178507422 0.118405080871
v 0.127266780891 0.138594946219 0.118569098089
v 0.120431865526 0.138203640242 0.117266344343
v 0.099430428537 0.0661362509723 -0.10459189517
v 0.104379169686 0.0646902763125 -0.105303662427
v 0.106166291335 0.071334168991 -0.104043820521
v 0.101878963993 0.071525814069 -0.103651785445
v 0.101638883473 0.100873028423 -0.0224719892192
v 0.115353965004 0.103952098913 -0.0113396509639
v 0.116303949643 0.104398375121 -0.0110031376996
v 0.116373830934 0.104684968634 -0.0114516848455
v 0.111196050058 0.100964245434 -0.0108828974467
v 0.116244486434 0.104154507704 -0.0106214611144
v 0.116027114665 0.102954087984 -0.00348739934348
v 0.103341238832 0.0956400445355 -0.00886653961738
v 0.115906984481 0.102290677814 0.000455229261207
v 0.116500893039 0.10423113811 0.00584254725326
v 0.117137049827 0.106309634831 0.0116130970578
v 0.119606385852 0.115049428824 0.021533262703
v 0.114886246095 0.113021116483 0.0225907059432
v 0.119934682471 0.116211378753 0.0228521422754
v 0.120249614323 0.117348203885 0.0237053731263
v 0.11424564865 0.119092289526 0.0283368423161
v 0.107789210201 0.120967813504 0.0333173497638
v 0.107745628919 0.120976976932 0.0333412956842
v 0.120230272584 0.142975663148 0.116072423014
v 0.128819155658 0.144484550023 0.117463785997
v 0.130457153922 0.150699003528 0.116297508802
v 0.119929463764 0.150096282373 0.114290901981
v 0.101931301435 0.0795969683814 -0.100116023007
v 0.108955148603 0.0815769715131 -0.0997522888319
v 0.110488853373 0.0871373947778 -0.0960453739098
v 0.103675386664 0.0877324966491 -0.0946185909022
v 0.104859254211 0.105837624863 -0.0444935566089
v 0.113772735301 0.106497092326 -0.0351692535752
v 0.116720557893 0.107230660417 -0.0345507276894
v 0.116878880622 0.108015346457 -0.0380817222063
v 0.111517448269 0.10539472959 -0.0330545898827
v 0.116641576032 0.106839207064 -0.0327892338262
v 0.116469178887 0.105878663517 -0.0269734630723
v 0.107573053867 0.103597848442 -0.0288838887687
v 0.116313215185 0.105009682033 -0.0217120700729
v 0.116328477107 0.104927925215 -0.01912869517
v 0.122463541913 0.125104467115 0.0340772689102
v 0.124041904048 0.130689706293 0.0404386065723
v 0.120127905689 0.133527428704 0.0450504846936
v 0.125252033452 0.134971906178 0.0453158407501
v 0.126665671897 0.139991447238 0.0506938242142
v 0.122527279491 0.140768869379 0.0527111796606
v 0.115929842323 0.14200823801 0.0559272535605
v 0.1146450562 0.142271931613 0.0566153513054
v 0.129898163782 0.15886884662 0.10997128604
v 0.132691044659 0.15940327687 0.110452337611
v 0.133055699147 0.160869398918 0.108657475918
v 0.126364012503 0.160224873294 0.10665881822
v 0.125302543003 0.155957151691 0.111883465128
v 0.132326390171 0.157937154823 0.112247199304
v 0.131124630186 0.15328363893 0.114851203953
v 0.118979753161 0.151575763016 0.113162060579
v 0.101788799545 0.0929128117691 -0.0890292344354
v 0.112610309764 0.0946968595853 -0.0884688359812
v 0.11356365298 0.0979884805014 -0.083105062768
v 0.103696703197 0.0953849934894 -0.0852721904471
v 0.107574803755 0.100410073924 -0.0776354345881
v 0.114600476562 0.101568335199 -0.0772716058709
v 0.115277504125 0.103761395559 -0.0707779003107
v 0.107985609393 0.102252186947 -0.0721083039213
v 0.10840256716 0.104121887023 -0.0664984002409
v 0.115763422858 0.105335406972 -0.0661172138749
v 0.116070851065 0.106197036653 -0.0606755668033
v 0.107451962764 0.104628865413 -0.062107096254
v 0.106027589138 0.105388515432 -0.0555272217963
v 0.116392031779 0.107097210511 -0.0549904928632
v 0.116502104586 0.107319913573 -0.0514484014036
v 0.105175031758 0.105382286465 -0.0532491520909
v 0.116737346007 0.10779586205 -0.0438784424385
v 0.116768053715 0.107843481941 -0.0426207713822
v 0.127807934118 0.143966475196 0.056542367731
v 0.128218748846 0.145392167295 0.0587187451858
v 0.11955830794 0.149597042611 0.0672093239664
v 0.129922750581 0.15130573769 0.0677460528995
v 0.130810047496 0.154346254909 0.0731666699408
v 0.121236641381 0.15194744997 0.0711471774376
v 0.124393416654 0.156368328235 0.078553881115
v 0.131754272352 0.157581848184 0.078935067481
v 0.132513665022 0.160082068138 0.0854690980722
v 0.125203242576 0.158514529464 0.0840996930874
v 0.126025783941 0.160694429168 0.0897325823611
v 0.133051456748 0.161852690444 0.0900964110782
v 0.133280132229 0.162420257167 0.0955064641308
v 0.124691249155 0.160911370292 0.0941151011475
v 0.122699910421 0.161235081046 0.100654518107
v 0.133521420641 0.163019128862 0.101214916561
v 0.133355118472 0.162251492501 0.10387254302
v 0.121210241446 0.160543616588 0.102183399646
v 0.0546566973136 -0.161080636334 -0.0942400362605
v 0.0580568888625 -0.161109433206 -0.0940984966408
v 0.0583718438339 -0.159655628427 -0.0991317001766
v 0.0490457048785 -0.15962578834 -0.0993496445367
v 0.0526325070301 -0.161857049092 -0.0915748227851
v 0.0578819579526 -0.161916899085 -0.0913029767929
v 0.0513880449027 -0.161250655625 -0.0860324730127
v 0.0581157727543 -0.161336576699 -0.0857713366141
v 0.0501700891841 -0.16065717803 -0.0806081724647
v 0.0583519218458 -0.160750460666 -0.0801844713099
v 0.0508027193203 -0.158922097962 -0.076065156925
v 0.058864056443 -0.159064311737 -0.075777919531
v 0.0517262109584 -0.156389287965 -0.0694334196386
v 0.0596491062418 -0.156479618406 -0.0690231277127
v 0.0538175746391 -0.153241235639 -0.0637368058348
v 0.0605503350067 -0.153391360652 -0.0635173991123
v 0.0558780806645 -0.150139632201 -0.0581242444354
v 0.061480628012 -0.150203507913 -0.0578341131312
v 0.0602191838351 -0.144406801006 -0.0491873873406
v 0.0631295228547 -0.144481180567 -0.0490987457755
v 0.0614061625693 -0.142839284997 -0.0467438012508
v 0.063595444475 -0.142864245419 -0.0466304279627
v 0.0648909303207 -0.138356005226 -0.0399973578995
v 0.058850803949 -0.138521923868 -0.0406509806704
v 0.0729103310074 -0.106727205994 0.0522962018315
v 0.0746312057314 -0.106747639919 0.0523640065273
v 0.074505512447 -0.106942558428 0.0472160870295
v 0.0669883809078 -0.106840449559 0.0472563580845
v 0.0724767506804 -0.106668671851 0.0536770089187
v 0.0746660325861 -0.106693632272 0.0537903822068
v 0.0704185354251 -0.106173855866 0.0610132356349
v 0.074895940167 -0.106228475403 0.0611887006739
v 0.0694087994669 -0.105931105021 0.0646123013273
v 0.0750113468144 -0.105994980733 0.0649024326315
v 0.0685584747254 -0.105032266467 0.0701445675559
v 0.0753221406426 -0.105123918221 0.070403653027
v 0.0677170604522 -0.104142846753 0.0756188617173
v 0.0756399557356 -0.104233177195 0.0760291536433
v 0.0680877337011 -0.102597013514 0.0801870293542
v 0.0761037477413 -0.102730839743 0.0804776117163
v 0.0686210693692 -0.100372822785 0.0867598444845
v 0.076802902031 -0.100466105422 0.0871835456393
v 0.0711233907159 -0.0968967817135 0.0925290224068
v 0.077790260525 -0.0970570394978 0.0927386982373
v 0.0735436179066 -0.0935347798152 0.0981089297573
v 0.0787930688291 -0.0935946298075 0.0983807757495
v 0.0810245989338 -0.0856429352262 0.106350429307
v 0.0768728307435 -0.0857146764114 0.106018187898
v 0.0568871855992 -0.152112782762 -0.105218697194
v 0.060287377148 -0.152141579634 -0.105077157574
v 0.0609894860306 -0.149422838051 -0.106598505278
v 0.0557233481637 -0.149430079231 -0.106788216652
v 0.0497504052693 -0.156792484997 -0.102818242287
v 0.0590232627426 -0.157036547473 -0.102338041752
v 0.0472873751128 -0.158178053236 -0.101163171366
v 0.0586975532883 -0.15834608795 -0.100734870964
v 0.0556664158968 -0.133796748576 -0.0359468693866
v 0.0660976194616 -0.134071298829 -0.0354066831986
v 0.059211196152 -0.129833702036 -0.0312363379754
v 0.0671305922245 -0.130415990699 -0.0312434506971
v 0.0643535621471 -0.124084562656 -0.0244028321434
v 0.0688861110003 -0.124203859765 -0.0241681113587
v 0.0710629186056 -0.115924400175 -0.0131126801522
v 0.0712462673835 -0.115935299288 -0.0131111571253
v 0.0675792918269 -0.11571731703 -0.0131416176618
v 0.071155786638 -0.115811450708 -0.0129564067141
v 0.0712806801076 -0.115814737916 -0.0129499390302
v 0.0713791507279 -0.115476986329 -0.0123543209741
v 0.074859619047 -0.103768357662 0.0204307699019
v 0.0749659421628 -0.103771553508 0.0204336954332
v 0.0749383993022 -0.103847956148 0.0199314638313
v 0.0743398692583 -0.103817366566 0.0199968032085
v 0.0712694878639 -0.103660445982 0.020331985728
v 0.0748459826751 -0.103754579659 0.0205171966758
v 0.0749708761447 -0.103757866867 0.0205236643596
v 0.0715994993654 -0.103930431711 0.0286439289997
v 0.0750194627957 -0.104018141415 0.0287478926362
v 0.0623462037718 -0.103449469863 0.0206281250103
v 0.0705038888755 -0.103989777574 0.0313865068396
v 0.0750364377287 -0.104109074684 0.0316212276244
v 0.0676157420179 -0.104766320212 0.0363825192064
v 0.0748883801512 -0.10493400569 0.0366159096766
v 0.0642768733165 -0.105664049461 0.0421582051897
v 0.0747080768813 -0.105938599715 0.0426983913777
v 0.0631834692793 -0.106019843348 0.0438269684889
v 0.0746406575537 -0.106272746336 0.0442020117156
v 0.0731216468371 -0.0804323016878 0.109181245849
v 0.0823945043105 -0.0806763641636 0.109661446383
v 0.0853280639996 -0.069902104426 0.114175648135
v 0.0768503520223 -0.0700101908866 0.113603474176
v 0.0558490214738 -0.143314948481 -0.107989794879
v 0.0625767493254 -0.143400869555 -0.10772865848
v 0.064179859062 -0.137318780742 -0.108870094566
v 0.0559720180065 -0.137330066898 -0.109165780102
v 0.0586480079988 -0.115015921399 -0.0136041295987
v 0.0594929844969 -0.114059629474 -0.0124394404625
v 0.0670109732503 -0.1055512367 -0.00207688026472
v 0.0740278714067 -0.106102290928 -0.00171350594814
v 0.0675955135235 -0.10364138513 0.00322545843873
v 0.0745554100394 -0.104378679173 0.00307177342025
v 0.068241038596 -0.101532279684 0.00908098753189
v 0.0752579367524 -0.102083333912 0.00944436184847
v 0.0662603609057 -0.102011028122 0.0127010303822
v 0.0751583177368 -0.102633472652 0.0127138214248
v 0.0623382040358 -0.10295905035 0.0198694737911
v 0.0619353908655 -0.103164636463 0.0202158498582
v 0.0801905104598 -0.0631777373453 0.114997169832
v 0.0872079120961 -0.0629134872743 0.115500858095
v 0.0890587982307 -0.0560325405586 0.11680565115
v 0.0836498457234 -0.0561015019168 0.116440592537
v 0.0574941841769 -0.132018537246 -0.109001139724
v 0.0655555212997 -0.132160751021 -0.10871390233
v 0.0676642703838 -0.12425402061 -0.108474475656
v 0.0597161898163 -0.124264949583 -0.108760803383
v 0.0855285626295 -0.0484426959676 0.116407659203
v 0.0911249131654 -0.0482718334567 0.116783283683
v 0.0924954941713 -0.0431236795146 0.116768445968
v 0.0868155617567 -0.043196095727 0.1163850985
v 0.0627395277813 -0.117369821352 -0.107651449567
v 0.0694722881489 -0.117519946364 -0.107432042844
v 0.0713386137098 -0.110568701119 -0.106355992022
v 0.0657182569957 -0.110576429367 -0.106558464046
v 0.0780243256811 -0.0772751511927 -0.00446691804794
v 0.0817625836605 -0.0769273026286 -0.00406323925842
v 0.0820877910173 -0.0754482242187 -0.00885068489311
v 0.0703169637317 -0.0761926969075 -0.0112894947475
v 0.0754059426341 -0.0784523716734 -0.00164214169584
v 0.0815764142316 -0.0777740214284 -0.00132260009074
v 0.0823269769304 -0.0753217295765 0.00548572061806
v 0.0760962741684 -0.0761968713675 0.00461982481106
v 0.0766360079797 -0.0744334146571 0.00951572610077
v 0.0828064795773 -0.0737550644121 0.00983526770587
v 0.0849930808002 -0.0659558547292 0.0175030689318
v 0.081405458979 -0.0657724991004 0.0178947167327
v 0.0872225849945 -0.0371007891101 0.115428357017
v 0.0941370085497 -0.0369109014073 0.11587858144
v 0.0957422581077 -0.0308353778284 0.115008376061
v 0.0876340641859 -0.0309387531242 0.11446114145
v 0.0713716252628 -0.0995675331465 -0.104080692006
v 0.0742819642825 -0.0996419127079 -0.103992050441
v 0.0751136550806 -0.0965543738129 -0.103324080923
v 0.0729174138898 -0.0965573937449 -0.103403199994
v 0.0825278447994 -0.0690643503148 -0.024306080917
v 0.0835824976279 -0.0690073538436 -0.0242190846266
v 0.0837437628785 -0.068357471585 -0.0250407586442
v 0.0815340279576 -0.0684229947858 -0.0252932245134
v 0.0812406308841 -0.0698126771577 -0.0235283250714
v 0.0834247277818 -0.0696431499843 -0.0234152202921
v 0.0827826171874 -0.072347934334 -0.0179675302713
v 0.0754369167038 -0.0727934775899 -0.0186052046742
v 0.0689145478615 -0.0761433806452 -0.0130724706202
v 0.0821250090936 -0.075117999329 -0.0123883588923
v 0.0821145827531 -0.0752105091385 -0.0113973083748
v 0.0686943773353 -0.0761982030682 -0.0126758515849
v 0.0726047438985 -0.0640865095963 0.0204011327697
v 0.0858152051306 -0.0630611282802 0.0210852444975
v 0.0875508645374 -0.0568232308273 0.0262965279049
v 0.0763031833236 -0.0604925224844 0.0233676157951
v 0.0873909576125 -0.0497178920762 0.0322610139116
v 0.0895750545101 -0.0495483649028 0.0323741186909
v 0.0902582162014 -0.0470729861864 0.0340515564101
v 0.0795199597555 -0.0469030548091 0.0341756677536
v 0.0874961602635 -0.0270815300719 0.113517511277
v 0.0967936973107 -0.026838490653 0.11411487286
v 0.0988883239994 -0.0188760839585 0.112334878689
v 0.0872081222083 -0.0190250005146 0.111546563715
v 0.0712548153064 -0.0886506206746 -0.101704623402
v 0.0773634659631 -0.0882091947558 -0.101388283232
v 0.0790263843322 -0.0820901828655 -0.0990432092084
v 0.0685352434734 -0.082056615217 -0.0992883787252
v 0.0839590558985 -0.0608407428544 -0.0358089159028
v 0.0856148144819 -0.0607579677761 -0.0356767195129
v 0.0858723091466 -0.0597226902257 -0.0369441310631
v 0.0824555463085 -0.0598165466478 -0.0373138706772
v 0.0819017943414 -0.0620429499821 -0.0345882544402
v 0.0853573198173 -0.0617932453265 -0.0344093079627
v 0.0845917861144 -0.0649075676747 -0.0299645064944
v 0.0760256191713 -0.0653543711557 -0.0306605653313
v 0.0905122517611 -0.033910250868 0.0435168201361
v 0.093967777237 -0.0336605462124 0.0436957666136
v 0.0950507771958 -0.0297341463694 0.0463133425562
v 0.0852820567773 -0.02960145307 0.0463656759063
v 0.0995925291558 -0.00892707214935 0.109008994507
v 0.101509956495 -0.00885851257624 0.109144239952
v 0.10189670201 -0.00736665372953 0.108412420701
v 0.0990021174017 -0.00741667119701 0.108180784246
v 0.0946260568743 -0.0122904373651 0.110294864734
v 0.100734707531 -0.0118490114462 0.110611204904
v 0.0992889200319 -0.0173514725653 0.111960906073
v 0.087121735406 -0.0176656556701 0.111181700509
v 0.0725941258653 -0.0760265806047 -0.0971083035736
v 0.0805135219377 -0.0766088692673 -0.0971154162952
v 0.0830408857586 -0.0672934746278 -0.0938391666432
v 0.0784822930541 -0.0672788888702 -0.0939456972851
v 0.0869888213705 -0.0511286431709 -0.0462634027831
v 0.088043474199 -0.0510716466998 -0.0461764064927
v 0.0882086856492 -0.0504088711373 -0.0469622847105
v 0.0860511021415 -0.050471799141 -0.0472058907441
v 0.0856371158652 -0.0519262071602 -0.0454889866735
v 0.087874602475 -0.0517491061116 -0.0453731170756
v 0.0868222743999 -0.0559397141028 -0.0409431674274
v 0.0782561074569 -0.0563865175838 -0.0416392262643
v 0.0967077039763 -0.0157555940136 0.054931823496
v 0.0989451905861 -0.015578492965 0.0550476930939
v 0.0996355079557 -0.0130743442813 0.0566899099307
v 0.0888383351073 -0.0129088759086 0.056799776274
v 0.0971216955918 -0.0014632665097 0.105298337732
v 0.103492722183 -0.00122939965099 0.105751681058
v 0.104803307846 0.00381025920916 0.103566791863
v 0.0955067576134 0.00364961788689 0.102822844031
v 0.0866763366045 -0.0531494251716 -0.0899633066833
v 0.0868596853823 -0.0531603242845 -0.0899617836565
v 0.086915366141 -0.0529542531071 -0.0899052487115
v 0.0867897550384 -0.0529538511995 -0.0899081841419
v 0.0831927098257 -0.0529423420271 -0.089992244193
v 0.0741298647944 -0.0527698985593 -0.0898072002334
v 0.0821283815604 -0.0458899168742 -0.0515411874733
v 0.089474082044 -0.0454443736183 -0.0509035130704
v 0.0907700190967 -0.0403600567127 -0.0549398639603
v 0.0777199235109 -0.0407406753355 -0.0564133096057
v 0.0975345479864 -0.00280865157609 0.0620741172686
v 0.101982679225 -0.00450090665368 0.0611777581644
v 0.103995281771 0.0028504624705 0.0650259029077
v 0.102427684399 0.00287448614687 0.0650418539528
v 0.104103820702 0.0153799272499 0.0996915083494
v 0.0950915289525 0.00641086567332 0.101876674777
v 0.105592127824 0.00682258964598 0.102641037165
v 0.107849934726 0.0154446588649 0.0999912876589
v 0.0871112928184 -0.0522246717783 -0.0897893180018
v 0.0751064024957 -0.0512846544711 -0.0892900669936
v 0.0909151872593 -0.0382055094166 -0.0848343705655
v 0.0837949275278 -0.0380700285301 -0.0846889900532
v 0.0891767671088 -0.0324358833331 -0.0593602227131
v 0.0929150250883 -0.032088034769 -0.0589565439235
v 0.0935983420168 -0.0294389152869 -0.0604955936319
v 0.0875370881183 -0.0296781471834 -0.061352714427
v 0.0795827838179 -0.0389387385276 -0.0568966820401
v 0.0917213828587 -0.0367156105731 -0.0562680773444
v 0.0910365358952 -0.0393390948509 -0.0553119521069
v 0.0776163304774 -0.0403267887805 -0.056590495317
v 0.0931135026204 0.00526978865167 0.0658398637226
v 0.105252101661 0.00749291660617 0.0664684684183
v 0.108088066113 0.0179029422211 0.0709400463065
v 0.100656071358 0.0180960372425 0.0712347689628
v 0.105526633537 0.0230184390826 0.0962786840922
v 0.109914249454 0.0233736280267 0.0967177865106
v 0.110771220871 0.0266695363508 0.0952788232401
v 0.104286596791 0.0264570962217 0.0944821791524
v 0.108022403695 0.0160975974987 0.0998944345406
v 0.107876136743 0.0155438553112 0.0999765734352
v 0.0854394198079 -0.0318985565543 -0.0846038290255
v 0.0923993163237 -0.0326358505981 -0.0847575140439
v 0.0943757408905 -0.0252186988284 -0.0846551637019
v 0.087255481159 -0.0250832179419 -0.0845097831896
v 0.0894792038817 -0.022389749936 -0.0612521407871
v 0.0957099066437 -0.0215146081451 -0.0603862449801
v 0.097058895648 -0.0164521046987 -0.0603163867683
v 0.0909976417495 -0.0166913365952 -0.0611735075634
v 0.10221704273 0.0239540708713 0.0713156048098
v 0.109437055117 0.0229654456675 0.0710099045183
v 0.111548619744 0.0308897528093 0.0711192531701
v 0.104116624989 0.0310828478307 0.0714139758264
v 0.106119275524 0.03333479676 0.0945770855294
v 0.112747645437 0.0340866881205 0.0953811735821
v 0.114231774502 0.039656346939 0.0954580301037
v 0.107747150422 0.0394439068099 0.0946613860159
v 0.0971645019025 -0.0140898219429 -0.0893558394283
v 0.0972708250183 -0.0140930177888 -0.089352913897
v 0.0972970270347 -0.0139938213425 -0.0893676281207
v 0.097171415932 -0.0139934194349 -0.0893705635511
v 0.0935743707194 -0.0139819102624 -0.0894546236022
v 0.0965453961472 -0.0145382993238 -0.0893007672528
v 0.097124558066 -0.0146467599763 -0.0892707750024
v 0.0863347554756 -0.0213003459749 -0.086106918015
v 0.0952327123067 -0.0219227905043 -0.0860941269724
v 0.0845115256881 -0.0138094667947 -0.0892695796426
v 0.09642333188 -0.0053919600004 -0.0560245840694
v 0.0998948600998 -0.00604207908377 -0.0558448088801
v 0.10115167999 -0.0013996249481 -0.0544022433695
v 0.0881015844046 -0.00178024357088 -0.055875689015
v 0.112973038821 0.0408604420693 0.0659280580163
v 0.114110425866 0.0407899323733 0.0659356116451
v 0.114376942664 0.0418108942351 0.0655635234985
v 0.112809345293 0.0418349179115 0.0655794745435
v 0.109954050682 0.0388165671788 0.0667119616933
v 0.113425578902 0.0381664480955 0.0668917368826
v 0.102861286004 0.0343184770319 0.0696478468917
v 0.112231936673 0.0335388722914 0.0695802034617
v 0.114485481596 0.0543403590146 0.10022912894
v 0.117456507024 0.0537839699532 0.10038298529
v 0.118035668943 0.0536755093007 0.10041297754
v 0.11823159562 0.0544050906295 0.10052890825
v 0.0961348705064 -0.00528404242038 -0.0921213412635
v 0.0995548339367 -0.00537175212358 -0.092017377627
v 0.100343653915 -0.00235942168676 -0.0929431323252
v 0.0957850612102 -0.00234483592915 -0.0930496629672
v 0.084803530561 -0.0131580213186 -0.0899088268666
v 0.0842402737209 -0.0134861007439 -0.089570759472
v 0.0919166013225 0.00228245251897 -0.0534830107361
v 0.103164282536 0.00595174417608 -0.0505540986262
v 0.105511453805 0.0145251818037 -0.0460662503926
v 0.103353870298 0.0144622538001 -0.0463098564262
v 0.109297156038 0.0472021673959 0.0614271177902
v 0.115672879717 0.0468952111407 0.0615271726085
v 0.116938276112 0.0518597086597 0.0575859442487
v 0.106141103263 0.0520251770325 0.0576958105919
v 0.105714641438 0.0551642479584 0.0997749256758
v 0.122106076002 0.0687443121502 0.104462826181
v 0.118287276379 0.0546111618069 0.100585443195
v 0.112809525769 0.0685836708279 0.103718878349
v 0.0943816014444 0.00284792265063 -0.0953614119898
v 0.101654239578 0.0026802371734 -0.0951280215196
v 0.103250259751 0.00881749125193 -0.0977887611632
v 0.0927591188919 0.00885105890044 -0.0980339306801
v 0.0956002689821 0.017749093095 -0.0449730387612
v 0.106201771175 0.0170293304874 -0.0444240335557
v 0.110096184565 0.0311849838918 -0.035689683018
v 0.106679421727 0.0310911274696 -0.0360594226321
v 0.113059877864 0.0575967586182 0.0514533110914
v 0.118324687361 0.0573905516252 0.0515668269655
v 0.119274652614 0.0611735277481 0.0475677906013
v 0.109505932196 0.0613062210474 0.0476201239514
v 0.106670857093 0.0539197062416 0.0554477714083
v 0.117272359286 0.053199943634 0.0559967766138
v 0.105056724842 0.0530182140621 0.0565559410124
v 0.117103487562 0.0525224842222 0.0568000660308
v 0.119105522958 0.0775940695052 0.107173998801
v 0.124633439823 0.0780597067897 0.107739075833
v 0.126120577429 0.0835410203879 0.109666868747
v 0.12322599282 0.0834910029204 0.109435232291
v 0.104137167005 0.0188227440129 -0.101405051231
v 0.105858041729 0.0188023100877 -0.101337246535
v 0.106258637762 0.0203269214809 -0.101711219151
v 0.104062396571 0.020323901549 -0.101790338222
v 0.0969814839946 0.0137491802506 -0.100372352298
v 0.10441225423 0.0132998489686 -0.0999875453656
v 0.0921798169914 0.0105622530869 -0.0988956236404
v 0.103637005266 0.0103093500986 -0.0985205804137
v 0.101522693009 0.0356953021678 -0.0335721743311
v 0.111179184524 0.0351113837348 -0.0330721070754
v 0.11488874556 0.0485238237088 -0.023427896872
v 0.112679010639 0.0484583005081 -0.0236803627411
v 0.11529036615 0.0665646121901 0.0404746501584
v 0.120555175647 0.0663584051971 0.0405881660325
v 0.121403198882 0.0698083091074 0.0356644181824
v 0.110664942436 0.0699782404847 0.0357885295259
v 0.110133150429 0.0638280012819 0.0445329002451
v 0.119789641944 0.0632440828489 0.0450329675009
v 0.107983943976 0.0626348278306 0.0460342032078
v 0.119532147279 0.0622088052985 0.0463003790511
v 0.120352725562 0.0901093635602 0.111627135837
v 0.127783495798 0.0896600322782 0.11201194277
v 0.13003330668 0.0980052113353 0.113947740462
v 0.118353104889 0.0978562947793 0.113159425487
v 0.103875859708 0.0283439477124 -0.10366667836
v 0.10835326445 0.0282893281754 -0.103491213321
v 0.109404703653 0.0322862153509 -0.104384716523
v 0.103784346939 0.0322784871037 -0.104587188547
v 0.1049092381 0.0517054534939 -0.0223026319261
v 0.115571907251 0.0509992024252 -0.0217504591528
v 0.113147965985 0.0599663234273 -0.0147765092626
v 0.117596097224 0.0582740683497 -0.0156728683668
v 0.117783687301 0.064614503507 -0.0105417526662
v 0.11933175663 0.0645119658026 -0.0104615849593
v 0.120153880961 0.0674066922516 -0.00687940939365
v 0.108383053675 0.0666622195627 -0.00931821924808
v 0.121894991963 0.076731856357 0.0220134142842
v 0.123032379008 0.0766613466609 0.022020967913
v 0.123059170744 0.0768990617411 0.0194743444313
v 0.119471548922 0.0770824173699 0.0198659922322
v 0.121473883338 0.0766713745559 0.0229318507236
v 0.123021952667 0.0765688368514 0.0230120184305
v 0.115988620894 0.0741057281116 0.0284911349911
v 0.122364344574 0.0737987718564 0.0285911898095
v 0.111059564829 0.0718002385754 0.0334867070569
v 0.121722233979 0.0710939875067 0.0340388798303
v 0.109517701413 0.0709539212059 0.0345986191464
v 0.121564464133 0.070458191366 0.0348427441648
v 0.119818494028 0.100660574159 0.113812232618
v 0.130864997479 0.10109275023 0.114615709979
v 0.133808348051 0.112019538642 0.11697965156
v 0.125700154129 0.111916163346 0.116432416949
v 0.104246287294 0.0384533906834 -0.105514007373
v 0.111009953211 0.0383617389297 -0.105254921901
v 0.11265146759 0.044574517037 -0.10614478643
v 0.104703387022 0.0445635880632 -0.106431114156
v 0.115045119956 0.0759483387777 0.0004105970853
v 0.122340482184 0.0752059019345 0.000788391832299
v 0.115599972443 0.0777611923028 0.00544363921168
v 0.122819984831 0.0767725670989 0.00513793892012
v 0.116275185302 0.079967295794 0.0115684648819
v 0.123570547529 0.0792248589508 0.0119462596289
v 0.114013727431 0.0791577448915 0.0147545422266
v 0.1233843781 0.078378140151 0.0146868987966
v 0.128727688205 0.118720880661 0.117564712992
v 0.135674673612 0.118970783887 0.118055702383
v 0.137482691377 0.125704858132 0.119098135195
v 0.131802758963 0.12563244192 0.118714787727
v 0.106006034555 0.049856497209 -0.106450206507
v 0.114022048596 0.0497226709791 -0.106159624145
v 0.11608816353 0.057483378081 -0.106181991612
v 0.107880322475 0.0574720919247 -0.106477677148
v 0.134045586661 0.133437155929 0.118961985353
v 0.139591440461 0.133611588543 0.119337561868
v 0.140967102699 0.138769618264 0.119493754104
v 0.135558150192 0.138700656906 0.119128695491
v 0.111272179856 0.0645245825809 -0.105086874388
v 0.117939049665 0.0643643247967 -0.104877198557
v 0.119818897761 0.0713529419484 -0.103551988597
v 0.114552759894 0.0713457007683 -0.103741699971
v 0.126408703558 0.105058462969 -0.0100951009808
v 0.125601028107 0.10372912123 -0.00252926430506
v 0.129988644024 0.104084310174 -0.00209016188663
v 0.130208562459 0.10529879367 -0.00930780429312
v 0.123311750032 0.102949221086 0.000838689525493
v 0.129889025009 0.103534171434 0.0011792976897
v 0.130591551722 0.105829516696 0.00755188611792
v 0.123963181808 0.105077625335 0.0067477980652
v 0.124541815378 0.106968178103 0.0119965573221
v 0.131119090354 0.107553128451 0.0123371654863
v 0.133767811033 0.116927823852 0.0229779805123
v 0.133169280989 0.116958413434 0.0230433198895
v 0.130098899595 0.117115334018 0.023378502409
v 0.121175615503 0.117326310137 0.0236746416913
v 0.135618281271 0.144666088575 0.117903115201
v 0.142570212436 0.144851707078 0.118352318018
v 0.14415747573 0.150873675574 0.117222164816
v 0.135679763753 0.150765589113 0.116649990857
v 0.118577118181 0.0819606911241 -0.0992540093155
v 0.12275245745 0.082127201686 -0.0990377868452
v 0.124122362827 0.0870937727486 -0.0957267697684
v 0.114796223872 0.0871236128354 -0.0959447141285
v 0.128588876868 0.107655024286 -0.0337135976222
v 0.130506304207 0.107723583859 -0.0335783521775
v 0.130641449314 0.10839339595 -0.0365924274913
v 0.124601322942 0.108227477308 -0.0372460502622
v 0.127527866675 0.107273347203 -0.0322254806785
v 0.13043888488 0.107389437237 -0.0320747318395
v 0.13025858161 0.106384843212 -0.0259922501385
v 0.123887555018 0.106150976353 -0.0264455934644
v 0.120761193945 0.10518706533 -0.0214817288015
v 0.130110524032 0.105559912206 -0.0209975680862
v 0.130127498965 0.105468978937 -0.0181242330981
v 0.119626900093 0.105057254964 -0.0188885954861
v 0.130176085616 0.10520870439 -0.00990000482148
v 0.130181019598 0.10522239103 -0.00981003589506
v 0.133866281653 0.117265575439 0.0235735985684
v 0.133900694378 0.11738613681 0.0237348166635
v 0.126911520674 0.125281850411 0.0343076101815
v 0.136260850761 0.125654697288 0.0347917708968
v 0.138016369537 0.131866828221 0.0418671102353
v 0.132488452671 0.131401190937 0.0413020332026
v 0.136138324095 0.135406046317 0.0458795938977
v 0.139049342299 0.135522136351 0.0460303427368
v 0.14025603144 0.139806842748 0.0506210174377
v 0.132738899901 0.139908951617 0.0506612884926
v 0.144404626027 0.159738421005 0.111223851166
v 0.146449408473 0.159796925473 0.111358530503
v 0.146775117927 0.16110646595 0.109755359715
v 0.142623349737 0.161034724765 0.109423118306
v 0.141948359749 0.158320874434 0.11274547882
v 0.146123699018 0.158487384996 0.11296170129
v 0.144859584613 0.153592417157 0.115700817112
v 0.134467204103 0.153358783995 0.115057968001
v 0.117849410974 0.0948297500575 -0.0881975259551
v 0.126353892932 0.0950454673299 -0.0877571162113
v 0.127356701236 0.0985078770202 -0.0821150386991
v 0.1203392996 0.0982436269492 -0.0826187269624
v 0.122918027431 0.101779310941 -0.0768408764667
v 0.12834405973 0.101916942944 -0.0765598861011
v 0.12904321402 0.104181677266 -0.0698539521782
v 0.123446863484 0.104010814755 -0.0702295766586
v 0.123809138149 0.10553948757 -0.0657005616406
v 0.129507006025 0.105684014717 -0.0654054941051
v 0.129824821118 0.106574755743 -0.0597799934889
v 0.122910397563 0.106384868041 -0.0602302179111
v 0.122001817867 0.107239503453 -0.0546999866964
v 0.130135614947 0.107445818256 -0.0542787730934
v 0.130251021594 0.107679312926 -0.0505650411357
v 0.120953484547 0.107436273507 -0.0511624027178
v 0.118763844936 0.107847264454 -0.0437734989654
v 0.130480929175 0.108144469794 -0.0431667226687
v 0.13051575603 0.108198477441 -0.0417403469892
v 0.118348571404 0.107884294337 -0.0425195525534
v 0.129834433047 0.144017877601 0.0566473112041
v 0.141551517286 0.144315082941 0.0572540875008
v 0.142017438906 0.14593201809 0.0597224053136
v 0.130970935455 0.145499842018 0.0589189279533
v 0.13553253667 0.151448030632 0.0680365590663
v 0.143666333749 0.151654345435 0.0684577726694
v 0.144596626754 0.154842198175 0.0741410586505
v 0.137649641347 0.154592294949 0.07365006926
v 0.139799987643 0.157785928782 0.0793517197154
v 0.145497855519 0.157930455929 0.0796467872508
v 0.146282905318 0.160515149259 0.0864015790691
v 0.140737051517 0.160340716645 0.0860260025544
v 0.141369007616 0.162063666185 0.0905271404825
v 0.146795039915 0.162201298188 0.0908081308481
v 0.147031189007 0.162787414222 0.0963949961522
v 0.140079257842 0.162601795719 0.0959457933345
v 0.138760521851 0.163152019334 0.101486226587
v 0.147265003808 0.163367736607 0.101926636331
v 0.147090072899 0.162560270729 0.104722156179
v 0.136697692388 0.162326637567 0.104079307068
v 0.0705326734481 -0.158935840531 -0.092089330092
v 0.0723957367447 -0.158611248462 -0.0917892924929
v 0.072534755562 -0.157969549682 -0.0940109116638
v 0.0652139751768 -0.15884108037 -0.0966578368738
v 0.0691076924729 -0.159623597575 -0.0907216453387
v 0.0723185235225 -0.158967657985 -0.0905553705101
v 0.0669271611802 -0.159419526524 -0.0841026829412
v 0.0726369745313 -0.158177270689 -0.0830213889886
v 0.0655141685749 -0.159287287703 -0.0798135700295
v 0.0727884874157 -0.157801219567 -0.0794368650271
v 0.0663566819761 -0.157077144671 -0.0741256304486
v 0.0735911806549 -0.155158437077 -0.0725302640273
v 0.0671701701267 -0.154943142808 -0.0686336448688
v 0.0740856718117 -0.153530377307 -0.0682755214298
v 0.0705528796075 -0.150296276697 -0.0610225431365
v 0.0754738173399 -0.148773592617 -0.0597951523676
v 0.0722170664106 -0.148010164542 -0.0572781201727
v 0.0759171935819 -0.147254266813 -0.0570865068484
v 0.077571594707 -0.141512830457 -0.0483219688031
v 0.0760937791786 -0.141119827892 -0.0472823641432
v 0.0743736154614 -0.140662376512 -0.0460722738568
v 0.0690840852105 -0.139375861089 -0.042683629053
v 0.0854442035725 -0.104491763365 0.0543485363127
v 0.086594233292 -0.103749974488 0.0633605023432
v 0.0893929097504 -0.103157022841 0.0638800798695
v 0.0891777762955 -0.103592288194 0.0569571858715
v 0.0857477852131 -0.103801637363 0.06545842559
v 0.0894479123843 -0.103045739634 0.0656500389143
v 0.0841744369406 -0.103129582352 0.0721247539696
v 0.0898763343196 -0.10184500058 0.0732333410099
v 0.0831610196205 -0.102696701597 0.0764186364872
v 0.0900765213055 -0.101283936095 0.0767767599261
v 0.0835697894876 -0.100819016228 0.0820793985794
v 0.090790891312 -0.0989699142889 0.083628635301
v 0.0839651487601 -0.0990029324588 0.0875544469196
v 0.0912394676009 -0.0975168643223 0.0879311519221
v 0.0881449851313 -0.0936852446532 0.0954310366164
v 0.0927870021595 -0.0921736709823 0.0966380103484
v 0.0900188033494 -0.0913013282979 0.0989621072037
v 0.093229634399 -0.0906453887083 0.0991283820323
v 0.0942146154406 -0.0871355689688 0.102646128732
v 0.0877161639378 -0.0864001788362 0.104471161902
v 0.0727631617336 -0.149967986959 -0.103067991025
v 0.0746262250303 -0.14964339489 -0.102767953426
v 0.0749361307479 -0.14844336227 -0.103439465158
v 0.0718342628084 -0.148661207106 -0.104142066068
v 0.0662915285854 -0.154508692145 -0.101961650208
v 0.0740682541918 -0.151803997837 -0.101558927767
v 0.0613557160142 -0.15771643508 -0.100197930643
v 0.0733015048769 -0.154886773759 -0.0977849197154
v 0.0781861922796 -0.139336387228 -0.0458748372595
v 0.0787774091185 -0.137237097124 -0.0436256381134
v 0.0711650050849 -0.132308895248 -0.0351442655681
v 0.0811426109107 -0.128838749192 -0.0346275692135
v 0.0836250844581 -0.120054194491 -0.0246223542379
v 0.0828890628738 -0.119853627163 -0.0240912104099
v 0.0820509098541 -0.119625228817 -0.0234863642847
v 0.0771307334871 -0.117764159712 -0.0184963459377
v 0.0716434334852 -0.115688574664 -0.012931153627
v 0.0715610406761 -0.115622609871 -0.0127513202427
v 0.0753336295222 -0.103631703615 0.0205424497628
v 0.0774147175102 -0.1029684037 0.0224444885072
v 0.0882012365825 -0.099530443736 0.0323029746983
v 0.084159831285 -0.101999411569 0.0389713807163
v 0.0898438373104 -0.10020031341 0.0404154385438
v 0.0900453938069 -0.099077302983 0.0336159850335
v 0.0797754625046 -0.104176196134 0.0429608090082
v 0.0897530683304 -0.100706050078 0.0434775053628
v 0.0773928299262 -0.105426914804 0.0448846913853
v 0.0895547070714 -0.10168917683 0.0479014596497
v 0.0892567803907 -0.103165774081 0.05454597291
v 0.0892318769259 -0.103300218747 0.0553060291696
v 0.0896627701533 -0.0781485088356 0.110037837928
v 0.0974394957596 -0.075443814527 0.110440560368
v 0.0987343475171 -0.0706881352036 0.112433095954
v 0.0896501506844 -0.0701555149371 0.113613862196
v 0.0713881377512 -0.14148381938 -0.106060004807
v 0.0770979511024 -0.140241563545 -0.104978710855
v 0.0781265037792 -0.136339304961 -0.105711054446
v 0.0710990470104 -0.136832844723 -0.107302836435
v 0.0841925457591 -0.117990162283 -0.0233754583736
v 0.0876920773299 -0.105357729549 -0.0138943332391
v 0.0883672565111 -0.102920501761 -0.012065100333
v 0.0885161684766 -0.10239345324 -0.0114668701413
v 0.0722913173056 -0.114780578017 -0.012307083876
v 0.0852808632038 -0.0998032242716 -0.00440538136669
v 0.0838153292786 -0.0986298980761 -0.00120665652039
v 0.0845178559917 -0.0963345528146 0.00516593190783
v 0.0850453946243 -0.0946109410599 0.00995121127623
v 0.0911632504732 -0.0914608313699 0.020771677566
v 0.0920630531627 -0.0908327017277 0.0212246929423
v 0.0920754170509 -0.090764423058 0.0208189146641
v 0.0920574525482 -0.0908636307123 0.0214085030569
v 0.0911534471162 -0.0945710907298 0.0272110440499
v 0.0903428724875 -0.0978953772011 0.0324138806095
v 0.0901844830345 -0.0985246813842 0.0330539287022
v 0.0920664300276 -0.0647575900075 0.114524598497
v 0.0995640986965 -0.0676034107867 0.113018033923
v 0.102465081748 -0.0568185713363 0.115063098968
v 0.0957952341983 -0.0564275080375 0.115930047469
v 0.0730481468328 -0.130173583955 -0.107061613248
v 0.0802826455115 -0.128254876361 -0.105466246826
v 0.081610915101 -0.123274544829 -0.105315435536
v 0.0749300986302 -0.12374373997 -0.106828700389
v 0.0913032664272 -0.0901866848377 -0.0122802932738
v 0.0915906654738 -0.090782831512 -0.0126564110975
v 0.0918184547002 -0.0899237451861 -0.0127232998609
v 0.0913942762657 -0.0897632986247 -0.0122931002069
v 0.0910333354418 -0.0896267718489 -0.0119270358224
v 0.0909004532568 -0.0903922709509 -0.0119339172068
v 0.0893956056555 -0.0990612997432 -0.0120118466503
v 0.0886596359825 -0.101849860402 -0.0115557752074
v 0.0869782963869 -0.0913402931786 -0.00476547379781
v 0.0878354951549 -0.087066537853 -0.00494731941705
v 0.0860682134866 -0.085651628351 -0.00108998954857
v 0.0849976186966 -0.0918190416169 -0.00114543094753
v 0.0856431437691 -0.0897099361711 0.00471009814562
v 0.0866621220441 -0.0837111680554 0.00429732844348
v 0.0872982788323 -0.0816326713347 0.010067878248
v 0.0862276840423 -0.0878000846006 0.0100124368491
v 0.0937456727958 -0.0792916918262 0.0203749970468
v 0.093852192869 -0.0780466588308 0.0201995662369
v 0.0947235314789 -0.0775699008 0.0215465675674
v 0.0945906492939 -0.0783353999021 0.021539686183
v 0.0930858016926 -0.0870044286943 0.0214617567395
v 0.0956942380896 -0.0772605099351 0.0224337581109
v 0.0973896358188 -0.0500363728195 0.115925351463
v 0.103790697829 -0.0518393139082 0.115048748037
v 0.105901777689 -0.0439097102922 0.115025893786
v 0.0990187364523 -0.0435061471236 0.115920553258
v 0.0794748327497 -0.114424862409 -0.104937186869
v 0.0843957704821 -0.112902178329 -0.1037097961
v 0.0852852584271 -0.109589225339 -0.103196951902
v 0.0817106991722 -0.109840267384 -0.104006621635
v 0.0941131616501 -0.0806793171054 -0.0228789732844
v 0.0941306581056 -0.0806928746506 -0.0228870100162
v 0.0941368126844 -0.0806687974831 -0.0229048986837
v 0.0941099653726 -0.0806614815379 -0.0228855245455
v 0.0940793926885 -0.0806531504214 -0.0228634620233
v 0.0940981261334 -0.0806860046758 -0.0228624919006
v 0.0941218008639 -0.080727524835 -0.0228612658903
v 0.0929283072512 -0.0854926054918 -0.01760821366
v 0.0894250204055 -0.0821710919313 -0.0156023251528
v 0.0884821500149 -0.0785359792802 -0.0171867664031
v 0.0836719163196 -0.0767164962676 -0.0123082513657
v 0.0871875594884 -0.0828821446842 -0.0121261916571
v 0.085893444955 -0.0825859317344 -0.00756718949032
v 0.0831780493153 -0.0763210996935 -0.0112303202239
v 0.0840839999873 -0.0821717635773 -0.00119274324518
v 0.0844155545725 -0.0810884848463 0.00181477358521
v 0.085314065333 -0.078152806561 0.00996512455143
v 0.0873213084035 -0.0755092122593 0.0140715748175
v 0.0873621123566 -0.0646596252187 0.0211653520242
v 0.0908777555255 -0.0708252736353 0.0213474117328
v 0.100203027835 -0.0606408297953 0.0328707150636
v 0.0998362675856 -0.0606837692477 0.0325662762934
v 0.100229719417 -0.0605583653399 0.0329258769597
v 0.100248452862 -0.0605912195943 0.0329268470825
v 0.100272127592 -0.0606327397536 0.0329280730927
v 0.100296987368 -0.0605418364618 0.0329737706608
v 0.0995878651271 -0.0382249741969 0.115276713284
v 0.106935743107 -0.0399963740455 0.114465381395
v 0.109148541625 -0.0316214086061 0.113265823879
v 0.100355063456 -0.0311058336166 0.114408802435
v 0.0855260568891 -0.0958231086523 -0.100965578522
v 0.0869850217993 -0.0973307303784 -0.100890025141
v 0.0882384379585 -0.0986259482555 -0.100825116227
v 0.0891151043881 -0.0953958365757 -0.0996679108137
v 0.0962125044978 -0.0718335794701 -0.0339436407203
v 0.0963146179367 -0.071893709281 -0.0339781287217
v 0.0963431786317 -0.0717797581308 -0.0341023722687
v 0.0961758775323 -0.0717390672879 -0.033995193753
v 0.0959648325674 -0.0716877370961 -0.0338599914969
v 0.0961363298569 -0.0718649538597 -0.033851110406
v 0.0962836654593 -0.0720172031383 -0.0338434805427
v 0.0952219997195 -0.0762956061186 -0.0284341121234
v 0.0911038185932 -0.0737169440138 -0.0269427900249
v 0.089457850154 -0.0699145715988 -0.0291642819941
v 0.088348346117 -0.0747309721259 -0.0231602477376
v 0.0865295887496 -0.0751026503584 -0.0195914376459
v 0.0828398491048 -0.0758566794193 -0.0123513404698
v 0.0827096725296 -0.0757859783658 -0.0117453987727
v 0.0865300451418 -0.0637998083705 0.02112226292
v 0.0874071161517 -0.0627912097874 0.0223887677582
v 0.0944986728454 -0.0546361870444 0.0326290912455
v 0.104449030261 -0.0440490664251 0.043916205698
v 0.104575289987 -0.043555037982 0.0442450830794
v 0.104746787277 -0.0437322547456 0.0442539641703
v 0.104894122879 -0.0438845040243 0.0442615940336
v 0.105011728683 -0.0434572546377 0.044529657973
v 0.111371220534 -0.0203619784516 0.110562919109
v 0.112041177072 -0.0206054487345 0.110435371369
v 0.112239802927 -0.0198411761928 0.110095196518
v 0.111292560841 -0.0197339825817 0.110361221159
v 0.108897298457 -0.0194629253427 0.111033909614
v 0.110356263367 -0.0209705470689 0.111109462994
v 0.111609679526 -0.0222657649459 0.111174371908
v 0.109649655962 -0.0297164982119 0.112839981602
v 0.100450577712 -0.0276571405665 0.113752229748
v 0.100690848933 -0.0189817687349 0.112100586035
v 0.0809728875085 -0.0915759964382 -0.101201367153
v 0.0899298505462 -0.092397829264 -0.0985189427785
v 0.0931892960602 -0.0804041041199 -0.0939224206955
v 0.0837966718739 -0.0815222854876 -0.0973184485013
v 0.0984429927833 -0.0628657258981 -0.0449223016534
v 0.0985451062222 -0.0629258557091 -0.0449567896547
v 0.0985712344672 -0.0628198520329 -0.0451030978478
v 0.0983975213397 -0.0627736556685 -0.0449808951958
v 0.098195320853 -0.0627198835241 -0.0448386524299
v 0.0983769860343 -0.0628893374464 -0.0448292447886
v 0.098520996978 -0.0630236681921 -0.0448217870947
v 0.0974320878049 -0.0674017131615 -0.0394620796817
v 0.0931007224631 -0.0649665923248 -0.0380746379773
v 0.0913214299417 -0.0610480211365 -0.0404350147507
v 0.0900478629806 -0.0661684972652 -0.034166405347
v 0.0879365741437 -0.0669016006377 -0.0311101600937
v 0.0986583204004 -0.0380357981511 0.0439386692293
v 0.109126185538 -0.0270558355306 0.0552444507278
v 0.109265908964 -0.0265492703775 0.0555821577396
v 0.109447574145 -0.0267187242998 0.0555915653809
v 0.109591585089 -0.0268530550455 0.0555990230748
v 0.10970478011 -0.0264435395592 0.0558887972793
v 0.11001504354 -0.0118602615192 0.107583265372
v 0.113948835212 -0.0132486370796 0.106861279956
v 0.115086718517 -0.00885928747212 0.104708120127
v 0.109424163413 -0.00821849063816 0.106298399117
v 0.104344129076 -0.0152158131286 0.110798120982
v 0.100698968162 -0.0176613323469 0.111824867549
v 0.0954338395674 -0.065818107386 -0.0893583298829
v 0.0961416615088 -0.0665705120814 -0.0893216748954
v 0.096763233244 -0.0672312340294 -0.089289486427
v 0.0972967283842 -0.0653037654417 -0.0878754061103
v 0.100804626507 -0.0537757563897 -0.0558149560835
v 0.100822122962 -0.0537893139348 -0.0558229928153
v 0.100826115273 -0.0537723014846 -0.055860495323
v 0.100795267169 -0.0537596224377 -0.0558264133534
v 0.100770857545 -0.0537495897056 -0.0557994448224
v 0.100796676239 -0.0537770346119 -0.0557981077857
v 0.100819348849 -0.0538011352749 -0.0557969336709
v 0.0996829762906 -0.0583598989748 -0.0503914339894
v 0.0955647951643 -0.0557812368699 -0.048900111891
v 0.0940137804522 -0.0519526478154 -0.0510460174172
v 0.0927001608802 -0.0568786063281 -0.0451232226139
v 0.0901670624293 -0.0579337470658 -0.0420888210268
v 0.103770748991 -0.0207079931815 0.0552975875556
v 0.114278027197 -0.00962060091017 0.0668839998824
v 0.114301576348 -0.0095410625264 0.0669371009403
v 0.114327395042 -0.0095685074327 0.066938437977
v 0.114350067652 -0.00959260809564 0.0669396120918
v 0.114371006567 -0.00951746893105 0.0670046084817
v 0.117322821919 0.0018353053827 0.0999343425701
v 0.11778003582 0.0015225746185 0.0997514890376
v 0.117900393456 0.00201399502603 0.0990195192689
v 0.11712267195 0.00225907845851 0.0996724709642
v 0.116344950444 0.00250416189099 0.10032542266
v 0.117052772385 0.00175175719558 0.100362077647
v 0.11767434412 0.00109103524754 0.100394266115
v 0.115890193259 -0.00576964692784 0.103368640129
v 0.108841682661 -0.00318831555378 0.10472350429
v 0.108074127588 0.00344012048266 0.102648210796
v 0.087256851484 -0.0529135996603 -0.0897817801582
v 0.0915681355201 -0.0597174493888 -0.0895585177059
v 0.101075007043 -0.0515506081179 -0.0797662988373
v 0.10180396606 -0.0488971542731 -0.0782017750436
v 0.102455707855 -0.0453474169781 -0.0671735979389
v 0.102743106902 -0.0459435636525 -0.0675497157627
v 0.102169496197 -0.0477028681994 -0.0748860674937
v 0.102184455888 -0.0450240509273 -0.0674747777683
v 0.10218577687 -0.0447875039893 -0.0668203404875
v 0.102469362314 -0.0452350441504 -0.0668056548437
v 0.102802632541 -0.0457609943127 -0.0667883962434
v 0.101850260393 -0.0496211912042 -0.0615228573921
v 0.0983469735477 -0.0462996776436 -0.0595169688849
v 0.0971747421433 -0.0427278913643 -0.0612839894157
v 0.0925938694618 -0.0408450819799 -0.0562228950978
v 0.0963731933066 -0.0468094191241 -0.0560271805258
v 0.0932210536062 -0.0481990896427 -0.052527420445
v 0.0916128370714 -0.0405841913354 -0.0555327644117
v 0.106124588264 0.0033634451993 0.0665136506649
v 0.109903912109 -0.00260089194487 0.0667093652369
v 0.117941879692 0.00642909416412 0.0775477107115
v 0.114469962448 0.00619934839833 0.0746279227687
v 0.118176626363 0.00745893722251 0.0782319408684
v 0.118460211808 0.00701139706145 0.0782466265122
v 0.118793482034 0.00648544689913 0.0782638851125
v 0.119948732905 0.0103867189601 0.0863885943795
v 0.115227490369 0.00964875932783 0.0964699438088
v 0.119041560024 0.00653683753608 0.0946157127569
v 0.120314263043 0.0115810050339 0.0897043019294
v 0.114241112702 0.0134948373253 0.0948031371568
v 0.108167962361 0.0154086696167 0.0999019723842
v 0.112479246397 0.00860481988814 0.100125234837
v 0.108047341578 0.0058365542958 0.102112308218
v 0.107940061505 0.0154344597669 0.0999659763428
v 0.0872114721052 -0.0526988194603 -0.0897841301568
v 0.0879047353044 -0.0520056030141 -0.0891577104071
v 0.0994287472774 -0.0358549230728 -0.0780572830515
v 0.100235917464 -0.0396752524565 -0.0780154832551
v 0.102017822282 -0.0481089922605 -0.077923206236
v 0.102042565696 -0.0480427389709 -0.0774277408055
v 0.1003612261 -0.0375331717471 -0.0706374393959
v 0.0994405004168 -0.0337502997801 -0.0722345742214
v 0.0994511431999 -0.0318445069196 -0.0669619551467
v 0.100424506593 -0.0364514272854 -0.0669115489345
v 0.0970458863827 -0.0377466638748 -0.0624604941554
v 0.0968657188616 -0.0307818576068 -0.0641054958348
v 0.0923218629833 -0.0395576777134 -0.0562369811178
v 0.0916316256718 -0.0399145640781 -0.0556600425048
v 0.105852581786 0.00465084946584 0.0664995646449
v 0.108159641805 0.00708489335864 0.069042161125
v 0.115441992694 0.0204019342923 0.0780903262092
v 0.116415356087 0.0157950139264 0.0781407324215
v 0.117973032308 0.0190962045678 0.0858290602648
v 0.116732995563 0.0225348617069 0.084032555325
v 0.117879727463 0.0244294321716 0.0893107338976
v 0.118686897649 0.0206091027879 0.0893525336941
v 0.120468802467 0.0121753629839 0.0894448107132
v 0.120362442263 0.0117663021059 0.0896234029315
v 0.114276333317 0.0185276101537 0.0937559062414
v 0.114325474167 0.0255494842612 0.0922947785689
v 0.108122582982 0.0156234498167 0.0998996223856
v 0.107949429352 0.0155099031437 0.0999578372265
v 0.102889300909 -0.0228681124846 -0.077878076188
v 0.101405171844 -0.028437771303 -0.0779549327095
v 0.101256561768 -0.0269349611677 -0.0721405283855
v 0.102901054048 -0.0207634891919 -0.0720553673578
v 0.102911696831 -0.0188576963313 -0.0667827482831
v 0.101121991357 -0.0255741262683 -0.066875429264
v 0.0977984842858 -0.0272813634148 -0.0640571920129
v 0.100326272493 -0.0177950470186 -0.0639262889712
v 0.118902546325 0.0333887448805 0.0782695330728
v 0.11711284085 0.0266723149435 0.078176852092
v 0.118565674296 0.0294125622452 0.084127461702
v 0.120193549194 0.0355216722951 0.0842117621885
v 0.121340281094 0.0374162427599 0.0894899407612
v 0.119856152029 0.0318465839414 0.0894130842396
v 0.11531368645 0.0292580601461 0.0923459537399
v 0.117786027798 0.0385362948494 0.0924739854324
v 0.0976385123777 -0.0139531678957 -0.0892441595674
v 0.111237645043 -0.0107501492227 -0.0780362708312
v 0.112137447733 -0.0101220195805 -0.0775832554549
v 0.112185626953 -0.00993672250847 -0.0776641544529
v 0.112031087529 -0.0105310804585 -0.0774046632366
v 0.112551157091 -0.00874243643476 -0.0743484469029
v 0.11158957908 -0.00754886325095 -0.0674542904174
v 0.112566116781 -0.0060636191627 -0.0669371571776
v 0.112567437763 -0.00582707222469 -0.0662827198968
v 0.111434355795 -0.00735619001163 -0.0663413972321
v 0.102934726402 -0.0127342372559 -0.0627790517136
v 0.107556403037 -0.00376745959972 -0.060746368825
v 0.102975530355 -0.00188465021531 -0.055685274507
v 0.101994497965 -0.00162375957078 -0.054995143821
v 0.116506249158 0.0423238769639 0.0670512712557
v 0.124851623342 0.045159780163 0.0751655433595
v 0.128558287257 0.0464193689871 0.0787695614592
v 0.127425205289 0.0448902512002 0.0787108841239
v 0.1304573243 0.0496870214963 0.0894678882821
v 0.130330393798 0.0493471507248 0.0869262149703
v 0.130482067714 0.0497532747859 0.0899633537125
v 0.130695923936 0.0505414367985 0.0902419225202
v 0.120310023592 0.0436749139348 0.0935323429434
v 0.124622773595 0.0524552690899 0.0953407577476
v 0.118549623254 0.0543691013813 0.100439592975
v 0.118321722398 0.0543948915316 0.100503596934
v 0.112736607723 -0.000884054444963 -0.0884622955649
v 0.100080338952 -0.0118394901241 -0.0891177081009
v 0.113458329972 -0.00489255501069 -0.0825755652803
v 0.11459949654 -0.000369712500639 -0.0869793717923
v 0.113706407961 -0.00484116437374 -0.0662237376359
v 0.118128883429 0.0111617514564 -0.0549644610051
v 0.118046934119 0.01110199878 -0.0549585724006
v 0.118098035325 0.0111744305033 -0.0549303790355
v 0.118073625701 0.0111844632354 -0.0549034105045
v 0.117611972401 0.0107848499587 -0.0549273174999
v 0.103020534151 -1.62347840008e-05 -0.054461858773
v 0.111316548608 0.0129814051256 -0.0501499830993
v 0.131604344504 0.0553929904146 0.0678331352582
v 0.131142691204 0.054993377138 0.0678092282628
v 0.130649629602 0.0512654737296 0.0735630048687
v 0.131673774723 0.05541658401 0.0679006427996
v 0.129697257455 0.0474052768381 0.07882854372
v 0.129756783094 0.0475878461778 0.0795898632392
v 0.13335932675 0.06559027856 0.0999999486079
v 0.131424882953 0.0531948906432 0.0918064463139
v 0.135203161612 0.0669480479671 0.0999155535869
v 0.134425440106 0.0671931313995 0.100568505282
v 0.1336477186 0.067438214832 0.101221456977
v 0.120991449828 0.0564827791529 0.100566044442
v 0.118385249173 0.054520764937 0.100530975789
v 0.125376895744 0.0683741734237 0.103544245113
v 0.110925690712 0.00561483129429 -0.09277255048
v 0.116609696737 0.00741392945323 -0.0913284926525
v 0.117413171479 0.0105035699975 -0.0926679726504
v 0.108020547292 0.00938538862988 -0.0960640004562
v 0.114825545875 0.000553247277848 -0.0883541186388
v 0.114719854176 0.000121707906888 -0.087711341561
v 0.118149822344 0.011236890621 -0.0548994646152
v 0.122795109886 0.0280878220846 -0.0438486498027
v 0.122292936545 0.0276937621502 -0.0439130817662
v 0.122621396758 0.028134018449 -0.0437264471507
v 0.122419196272 0.0281877905933 -0.0435842043848
v 0.11554530536 0.0298596529809 -0.0391805667055
v 0.133489784383 0.0643584037399 0.0568366057847
v 0.11913648123 0.0534904617375 0.0575286681268
v 0.132816913705 0.0600041815002 0.062431581466
v 0.133928655529 0.0644641345583 0.0571432453244
v 0.131680541147 0.0554454178003 0.0678370811475
v 0.131677767034 0.0554335964602 0.0678631402919
v 0.135736656752 0.0688755165548 0.101329633904
v 0.139310593936 0.0820483866453 0.105962568172
v 0.128405249369 0.0736153972949 0.10501193397
v 0.133648038832 0.0826891834793 0.107552847162
v 0.11667103957 0.0210581866416 -0.0993527167497
v 0.106389177638 0.0111551816314 -0.097837900744
v 0.118551054783 0.014892919605 -0.0948211324796
v 0.120260087069 0.0214854587182 -0.0980550490414
v 0.122908304907 0.0284973375708 -0.0435588755982
v 0.127488161313 0.0451015371631 -0.0324895104964
v 0.126970091822 0.0446869930447 -0.0325848367364
v 0.127320860213 0.045142228006 -0.0323823319807
v 0.127109815248 0.0451935581978 -0.0322471297246
v 0.120602832835 0.0469667236951 -0.0275514202218
v 0.135720272668 0.0733262573119 0.0458579448517
v 0.122503282788 0.0635163922178 0.0472952129163
v 0.135067802191 0.0690459956868 0.0515022271583
v 0.136156711364 0.0734240406562 0.0461425197453
v 0.133978893018 0.0646679507175 0.0568619345713
v 0.133954783774 0.0645701382345 0.0569969371313
v 0.141455115197 0.0955312858496 0.11147990864
v 0.14257003945 0.0940421117894 0.110559090255
v 0.143384785608 0.0970401191011 0.11170805829
v 0.142437543522 0.0971473127121 0.111974082931
v 0.140042281138 0.0974183699511 0.112646771386
v 0.131835831614 0.097899526559 0.113713447807
v 0.120051557575 0.0307678290912 -0.101319411652
v 0.122850234034 0.0313607807373 -0.100799834126
v 0.123351348371 0.0332656911315 -0.101225676403
v 0.119776789116 0.0330146490861 -0.102035346135
v 0.120890210469 0.0239100474713 -0.0991342244319
v 0.120458712924 0.0222497312599 -0.0983952238927
v 0.127605767117 0.0455287865497 -0.032221446557
v 0.132202902628 0.0621861189872 -0.0209336231843
v 0.132121933482 0.0621222276651 -0.0209452875818
v 0.132176055316 0.0621934349324 -0.020914249046
v 0.132145482632 0.0622017660489 -0.0208921865239
v 0.126548239958 0.0643189371901 -0.0152154909036
v 0.121738006263 0.0661384202027 -0.0103369758662
v 0.121244139259 0.0665338167767 -0.00925904472441
v 0.1254282023 0.0781952912516 0.0231366275236
v 0.137902357529 0.0821711472225 0.0345375517929
v 0.13829580936 0.0822965511304 0.0348971524592
v 0.123597457802 0.0714261688814 0.0355713462608
v 0.137277890276 0.077939888644 0.0404742596
v 0.138363077311 0.0823130800085 0.0349450461603
v 0.136216224537 0.0736614856637 0.0458836280193
v 0.136185272059 0.0735379918064 0.0460182761983
v 0.144261452037 0.100270230781 0.112865263704
v 0.147214631569 0.111233507864 0.115237099379
v 0.132956084845 0.100255525354 0.114167078034
v 0.1384211534 0.111749082854 0.116380077934
v 0.119862249509 0.0403560747988 -0.103533820959
v 0.125564146888 0.0416406565709 -0.102425233918
v 0.126598112307 0.0455539928176 -0.10298574631
v 0.119917295836 0.0450847976771 -0.104499011163
v 0.132227762404 0.062277022279 -0.0208879256161
v 0.136805651906 0.0789047924605 -0.0103936106343
v 0.135785785976 0.0781719227394 -0.0102815767527
v 0.136381473472 0.0790652390219 -0.00996341098028
v 0.136020532648 0.0792017657978 -0.0095973465958
v 0.13162787103 0.0751840692611 -0.00982482323542
v 0.123773059804 0.069859868362 -0.00780846540613
v 0.132822692361 0.0817619997937 -0.00261763019041
v 0.131055410693 0.0831769092957 0.00123969967806
v 0.13164931925 0.0851173695913 0.00662701767011
v 0.132285476038 0.0871958663119 0.0123975674747
v 0.138839390075 0.0907818788159 0.0225292554635
v 0.139710728685 0.0912586368467 0.023876256794
v 0.135318067067 0.0872409403099 0.0236487801544
v 0.139571582745 0.0871368880172 0.0296483611366
v 0.140681435296 0.0915680277115 0.0247634473375
v 0.138378089132 0.0823718073604 0.0349014133669
v 0.13836923189 0.082337157176 0.0349271574928
v 0.140662093556 0.117195486975 0.117130497225
v 0.148104119514 0.114546460854 0.115749943576
v 0.150888974895 0.124918827354 0.117355583013
v 0.144005933658 0.125322390523 0.118250242484
v 0.121488090342 0.0516344944942 -0.104557837282
v 0.128709192166 0.0534835964336 -0.10300860056
v 0.130034808248 0.0584628538617 -0.103022951492
v 0.123007351479 0.0579693141004 -0.104614733481
v 0.139414088303 0.0886487112197 -0.00942160926292
v 0.140424472945 0.0924087055834 -0.0087787671875
v 0.135816938593 0.0908390331431 -0.00200022719943
v 0.137189167672 0.0949989345515 -0.00171727841288
v 0.135723633747 0.0961722607469 0.00148144643343
v 0.133527660518 0.0900591329998 0.00136772663112
v 0.134179092295 0.0921875372486 0.00727683517083
v 0.13642616046 0.0984676060085 0.00785403486165
v 0.136953699093 0.100191217763 0.01263931423
v 0.134757725864 0.0940780900161 0.0125255944277
v 0.143840254013 0.103494142928 0.023595922684
v 0.143983721519 0.104037735765 0.0235070176179
v 0.14310428434 0.100705582269 0.0240519941269
v 0.140909224522 0.0924271140374 0.0246965585741
v 0.145834191757 0.131776000488 0.118432152306
v 0.152217244484 0.129899158887 0.117506394303
v 0.154373386217 0.137983587487 0.117751201922
v 0.147703538667 0.138374650786 0.118618150423
v 0.128293774271 0.0677361196412 -0.102184860178
v 0.132935791299 0.0692476933121 -0.100977886446
v 0.133765542479 0.072332417729 -0.100392948477
v 0.130663674539 0.0721145728937 -0.101095549387
v 0.14185819306 0.100481694674 -0.0208309276932
v 0.142315406961 0.10016896391 -0.0210137812257
v 0.142454496189 0.100721585508 -0.0215758375569
v 0.141718474605 0.100922152837 -0.0210446937289
v 0.140880321585 0.101150551182 -0.0204398476037
v 0.141518669547 0.100345105454 -0.0204067903683
v 0.142157017508 0.0995396597265 -0.0203737331329
v 0.14134644288 0.0962153732552 -0.0151708965734
v 0.137532373224 0.099327295047 -0.0133166655215
v 0.135960145218 0.103011620287 -0.0154498292567
v 0.130472845216 0.105087205336 -0.00988463694606
v 0.135457641332 0.0987975592867 -0.00962649626317
v 0.140442437448 0.0925079132377 -0.00936835558028
v 0.140436836833 0.0924769842531 -0.00918454546572
v 0.134350727887 0.0992382923009 -0.00505204215578
v 0.130390452407 0.105153170128 -0.00970480356176
v 0.132806329378 0.0998532160906 0.00133037206157
v 0.133157592734 0.101000888721 0.00451666627568
v 0.134036394723 0.103872173107 0.0124882398582
v 0.13592344159 0.106449888938 0.0166817164122
v 0.134163041253 0.117144076385 0.0235889664438
v 0.139147837369 0.110854430336 0.0238471071267
v 0.144132633485 0.104564784287 0.0241052478096
v 0.144807812666 0.107002012075 0.0259344807157
v 0.146742256463 0.119397399992 0.0341279830098
v 0.136244129241 0.1178073763 0.0254910051882
v 0.147030648313 0.121245336264 0.0353494913793
v 0.147668996275 0.120439890536 0.0353825486148
v 0.148307344237 0.119634444808 0.0354156058502
v 0.148874805538 0.121698477017 0.0366625017145
v 0.148033970095 0.143588841488 0.117784529997
v 0.155401938893 0.14188584607 0.117018858331
v 0.157563759248 0.150087644796 0.115479612635
v 0.148479562415 0.150620265062 0.116660378877
v 0.128996525381 0.079570760896 -0.0987144340095
v 0.135060394236 0.0770880970523 -0.0984004128919
v 0.138285274555 0.0887798514942 -0.0906059812556
v 0.13096449417 0.0879083208058 -0.0932529064657
v 0.142598056532 0.105187971555 -0.0431383339537
v 0.14326801307 0.104944501272 -0.043265881693
v 0.1433221137 0.105236570719 -0.0449170383949
v 0.141844298172 0.105629573284 -0.0438774337351
v 0.140124134455 0.106087024664 -0.0426673434487
v 0.142359214145 0.105171940307 -0.0425515984946
v 0.143243109605 0.104810056606 -0.0425058254334
v 0.142945182924 0.103333459355 -0.0358613121731
v 0.139011391253 0.104721834916 -0.0351393267577
v 0.134834604204 0.107373540087 -0.0392786986449
v 0.137462948804 0.104513651175 -0.0317109864393
v 0.142746821665 0.102350332603 -0.0314373578862
v 0.142656052685 0.101844595935 -0.0283752910672
v 0.135607542088 0.104425927309 -0.0270204269068
v 0.133162608357 0.104310330531 -0.0208395140528
v 0.132582712719 0.104482943587 -0.0186529620452
v 0.130260185184 0.105174272419 -0.00989564967446
v 0.130254312207 0.105188438863 -0.00982877210372
v 0.133950381221 0.117231143467 0.0235779537154
v 0.133998667172 0.11729573994 0.0236803492581
v 0.139312935085 0.124405115613 0.0349498249302
v 0.141788179082 0.127422518726 0.0391399683723
v 0.146073406223 0.132646350289 0.046394088137
v 0.151357279085 0.130483031718 0.0466677166901
v 0.153722480877 0.138881379649 0.05566578559
v 0.152607556625 0.140370553709 0.0565866039745
v 0.151194722566 0.142257637811 0.0577534667208
v 0.153429802256 0.141342553453 0.0578692116749
v 0.154313697716 0.140980669753 0.0579149847361
v 0.154928295289 0.143157112982 0.0603621162797
v 0.155539329861 0.157468386092 0.110265183065
v 0.159198385119 0.156531056285 0.109825067192
v 0.159965134434 0.159613832207 0.10605105914
v 0.153466682931 0.16034922234 0.10787609231
v 0.152367766948 0.155930944206 0.113285054126
v 0.158431635804 0.153448280362 0.113599075244
v 0.157873664966 0.151287677415 0.114808100903
v 0.147742414864 0.153081879856 0.115503065967
v 0.130518032756 0.0941570190439 -0.087541473711
v 0.139270255597 0.0922896712337 -0.0870882345557
v 0.139712887836 0.0938179535077 -0.0845978628718
v 0.132215219167 0.0966637742869 -0.0830912982971
v 0.134834318564 0.100532200937 -0.0762237841205
v 0.141260422395 0.0991611468477 -0.0758910044455
v 0.141708998684 0.100614196814 -0.0715884878244
v 0.135307936673 0.102417137903 -0.0707118843983
v 0.135791862148 0.104343096812 -0.0650800290282
v 0.14242336869 0.102928218621 -0.0647366124495
v 0.142623555676 0.103489283105 -0.0611931935333
v 0.135275677696 0.105260682954 -0.0603818616441
v 0.134579849376 0.106497609831 -0.0540486257244
v 0.143051977611 0.10469002216 -0.0536098914378
v 0.143106980245 0.104801305367 -0.0518399323929
v 0.133907901996 0.106860663012 -0.0509276842477
v 0.132217582418 0.107773942708 -0.0430767890297
v 0.131925804159 0.10788861766 -0.0418763855137
v 0.143288170529 0.143944555854 0.0573440211398
v 0.144108526273 0.145094793213 0.0592737733688
v 0.148110568179 0.150706137011 0.0686879200383
v 0.156582696414 0.148898549339 0.069126654325
v 0.157026072656 0.150417875142 0.0718352998442
v 0.149584046698 0.153066901262 0.0732158534927
v 0.151782711642 0.156589538024 0.0799722523278
v 0.158414218184 0.155174659833 0.0803156689064
v 0.158908709341 0.156802719603 0.0845704115039
v 0.152525656613 0.158679561204 0.0854961695071
v 0.153285298749 0.160816556182 0.0911442328287
v 0.15971140258 0.159445502092 0.0914770125037
v 0.159862915464 0.159821553214 0.0950615364652
v 0.152494946666 0.161524548632 0.0958272081307
v 0.151429143633 0.162479288321 0.102142278831
v 0.160181366473 0.160611940511 0.102595517987
v 0.160104153251 0.160255530987 0.103829439969
v 0.14997290315 0.162049733428 0.104524405034
v 0.0771927925068 -0.156683469827 -0.0903029535416
v 0.0806242849492 -0.154586307557 -0.0843906986001
v 0.0838314187188 -0.152626262461 -0.0788650001481
v 0.0843461564758 -0.149879365072 -0.0712492671098
v 0.0845838932541 -0.148610683056 -0.0677318646805
v 0.083020594912 -0.146566014371 -0.0621257665088
v 0.0815342487399 -0.144621992945 -0.0567956242484
v 0.080285151273 -0.143641930856 -0.0541245806841
v 0.0950649675423 -0.100413465765 0.0659409215143
v 0.0979526898245 -0.098291231426 0.0719050163297
v 0.100574742748 -0.096364241844 0.0773204166754
v 0.101765628287 -0.093559145441 0.0851189402429
v 0.102282398904 -0.0923419072165 0.0885030168011
v 0.10016256271 -0.090322413351 0.0940215380745
v 0.0981039033833 -0.08836120055 0.0993807990008
v 0.0961592594119 -0.0877483847594 0.101013463867
v 0.0794232807923 -0.147715616255 -0.101281614475
v 0.08431674671 -0.148974398174 -0.0934007741235
v 0.0893232784827 -0.146287167455 -0.0914081384161
v 0.0896717733106 -0.144886016592 -0.093123460831
v 0.0889747836548 -0.147688318319 -0.0896928160013
v 0.0889065662647 -0.148238577395 -0.084230478835
v 0.0888363216688 -0.148805188438 -0.0786058182206
v 0.0892451338474 -0.14745173193 -0.0752273323554
v 0.0901872317445 -0.14433272375 -0.0674416924065
v 0.0912879486453 -0.140486164163 -0.0621050753672
v 0.0925001914237 -0.136249866822 -0.0562277462717
v 0.0947086124557 -0.128429297367 -0.0474345179703
v 0.0909777232961 -0.131277704978 -0.0476277243228
v 0.0939534370365 -0.127836774511 -0.0458196668505
v 0.0936058166055 -0.127564025895 -0.0450763226842
v 0.0902484858086 -0.125180371179 -0.0385902425171
v 0.0880131560876 -0.123593320467 -0.0342717738745
v 0.0866506310319 -0.122494398611 -0.0312755657134
v 0.0966236135074 -0.0954606213526 0.0438333007018
v 0.103066028665 -0.0922067624509 0.0530425105627
v 0.104676404717 -0.0913934127483 0.0553444874853
v 0.0929086654551 -0.100743880583 0.057150392224
v 0.106120395343 -0.0915582423423 0.0637777046996
v 0.106314794044 -0.0905087551039 0.0578446367043
v 0.106030910226 -0.0920413396425 0.0665087994911
v 0.106102638937 -0.0920632440646 0.0719196276019
v 0.106178081238 -0.0920862825381 0.0776105889494
v 0.106528528361 -0.0909598145971 0.0811338281521
v 0.107287301854 -0.0885208331932 0.0887621987286
v 0.10854268724 -0.0840981384265 0.0941868247097
v 0.109885894531 -0.0793660490418 0.0999909365411
v 0.111351633189 -0.0740520358791 0.103533579565
v 0.0995696420411 -0.0830471873873 0.102923442025
v 0.107073077775 -0.0727037344123 0.107125726613
v 0.10279452236 -0.0713554329455 0.110717873661
v 0.100184175133 -0.0709264172313 0.111820615767
v 0.0882923952899 -0.134690555317 -0.100822322014
v 0.0840077081117 -0.140982988639 -0.101044207132
v 0.0911370545503 -0.139270723823 -0.0952091397681
v 0.0926458793312 -0.133488562248 -0.097356798511
v 0.0958533539634 -0.124263323096 -0.0449599326023
v 0.099164965818 -0.112188939047 -0.0382224562339
v 0.0962776483388 -0.113704582671 -0.0358910605897
v 0.0976420178639 -0.111107668748 -0.0352802491302
v 0.0968822705853 -0.110568259529 -0.033812481414
v 0.0938950157604 -0.11495530134 -0.0339671782126
v 0.08951064698 -0.117132085905 -0.0299777499207
v 0.0941757542979 -0.108385363964 -0.0278608211826
v 0.0919532752196 -0.106592860537 -0.0229735643029
v 0.0910801660957 -0.105560716043 -0.0201463228562
v 0.0885811018464 -0.10260645141 -0.0120540262229
v 0.088571236969 -0.102574092073 -0.0119648236643
v 0.0922712978834 -0.0905495803611 0.0214195771669
v 0.09235511483 -0.0904913555555 0.0215833536896
v 0.0981036019479 -0.0864980754554 0.0328157746802
v 0.102755489662 -0.0839404842516 0.0400411042365
v 0.105492728005 -0.0824355604146 0.0442925931622
v 0.10250547318 -0.0868226022261 0.0441378963637
v 0.107959016343 -0.0840110976413 0.0518519131862
v 0.108779547944 -0.0807754922482 0.0489909886951
v 0.106923942075 -0.0880927099493 0.0554608775672
v 0.106596286934 -0.0893922784877 0.0567430797528
v 0.112314762251 -0.0614150623945 0.109191561439
v 0.113391830136 -0.0665176447676 0.105907046567
v 0.115298634431 -0.0594758690468 0.108125330972
v 0.113481135644 -0.0589031205271 0.109651248547
v 0.111663636858 -0.0583303720075 0.111177166121
v 0.10737894968 -0.064622805329 0.110955281004
v 0.100907316531 -0.0691635105152 0.112061621821
v 0.105749747986 -0.0573584127096 0.113675490559
v 0.0912753581107 -0.12170712234 -0.10066784748
v 0.0903329209417 -0.1258091077 -0.100716652159
v 0.0937061104184 -0.129516024787 -0.0971846542215
v 0.0961493876253 -0.120361407129 -0.0967879518196
v 0.1002710985 -0.100221566039 -0.0353623747989
v 0.101031448993 -0.105161252166 -0.0385553495333
v 0.102539414875 -0.0994834554495 -0.0388243001161
v 0.100755278676 -0.0982167453981 -0.0353774993334
v 0.099865233406 -0.0975848265517 -0.0336580068795
v 0.0991776944623 -0.100577359926 -0.0336936114997
v 0.0958388257609 -0.101475089175 -0.0279179255165
v 0.0972773952435 -0.0954976488493 -0.0279673212002
v 0.0949362380403 -0.0936094275598 -0.0228190897684
v 0.0929506789033 -0.102251631813 -0.0229219131496
v 0.0918550684134 -0.102310977676 -0.0201793353098
v 0.0941512379595 -0.092681441024 -0.0202771569176
v 0.0886085851037 -0.102486829728 -0.0120526029858
v 0.0885949487318 -0.102473051725 -0.0119661762119
v 0.0922987811408 -0.0904299586791 0.0214210004041
v 0.0923916491732 -0.0903170092124 0.0215772738421
v 0.101086564769 -0.0735146424784 0.0329702492147
v 0.0991010056317 -0.0821568467318 0.0328674258334
v 0.104243371627 -0.0764077073512 0.0397009316654
v 0.105269011306 -0.0712151483523 0.0394664409632
v 0.108475690826 -0.0694521274376 0.0444470676967
v 0.107788151882 -0.0724446608119 0.0444114630766
v 0.110336107932 -0.0749523621703 0.0494124272681
v 0.11232620615 -0.0675073546688 0.0499512463044
v 0.116167192666 -0.048063356151 0.109627765056
v 0.117636477301 -0.0506881150252 0.107981382191
v 0.118716233399 -0.0466294029893 0.107914898008
v 0.116681416539 -0.0459881710099 0.109623269332
v 0.114646599679 -0.0453469390305 0.111331640656
v 0.11370416251 -0.0494489243901 0.111282835977
v 0.10656738218 -0.0541286266256 0.113683290883
v 0.109024422626 -0.0444229231453 0.113706731333
v 0.0904562018821 -0.108750578657 -0.100710267981
v 0.090855445046 -0.115065383225 -0.100689592932
v 0.0979794135019 -0.113582603448 -0.0950410581663
v 0.099994859664 -0.106116963733 -0.0931171672781
v 0.104813281735 -0.0891011801466 -0.0448250028324
v 0.105039011709 -0.0897506423334 -0.0452388789297
v 0.105217521489 -0.0890531114285 -0.0457426351937
v 0.104821180413 -0.0887421358058 -0.0448951078326
v 0.104638737695 -0.0885989882969 -0.0445049761902
v 0.104671553462 -0.089118033255 -0.0445032768058
v 0.104776421237 -0.0907767204036 -0.0444978461647
v 0.10340172459 -0.0961272279737 -0.0410113094867
v 0.100997668884 -0.0897805010759 -0.036976141766
v 0.10110372782 -0.086089184089 -0.037675635017
v 0.0990460771774 -0.0846282828687 -0.0337004273805
v 0.0993901440151 -0.0900703668773 -0.0336826096711
v 0.0973829056718 -0.090272801076 -0.028995561478
v 0.0975217183151 -0.0833988366561 -0.0303483448302
v 0.0947421234801 -0.0905391295011 -0.0228291421083
v 0.0941456532479 -0.0904135823024 -0.0207674058016
v 0.100892450209 -0.0704443444196 0.0329601968747
v 0.103456261694 -0.0673761042234 0.0370944778556
v 0.107656534597 -0.0564955837546 0.0444046471958
v 0.108000601435 -0.0619376677632 0.0444224649052
v 0.115241960449 -0.0535282802598 0.0551748366704
v 0.114864147109 -0.0528552480172 0.0547076802352
v 0.115709325806 -0.0524283751503 0.0559158339793
v 0.115742141573 -0.0529474201084 0.0559175333637
v 0.115847009348 -0.054606107257 0.0559229640048
v 0.116569206799 -0.0519640775134 0.0572279951092
v 0.117497515306 -0.0370601079097 0.108409944917
v 0.12029285501 -0.0406168319857 0.106216921808
v 0.121791868623 -0.0349002252089 0.104602527194
v 0.117809656037 -0.0336453102782 0.107945873674
v 0.11382744345 -0.0323903953475 0.111289220155
v 0.114226686614 -0.038705199915 0.111309895204
v 0.109412427556 -0.0417149459016 0.113458841216
v 0.110819307378 -0.0318960022522 0.112560008298
v 0.0897571241235 -0.105559119074 -0.100746470145
v 0.0998996764382 -0.0954062906899 -0.0915423680549
v 0.102527769748 -0.0916926116073 -0.0889909664163
v 0.102722321188 -0.0925807861375 -0.0889808914522
v 0.103144967422 -0.0945102687377 -0.0889590044613
v 0.104210075284 -0.0906644678026 -0.0860924552338
v 0.10704377002 -0.0801333265747 -0.0558036637654
v 0.107269499995 -0.0807827887615 -0.0562175398628
v 0.107381809347 -0.0803015526027 -0.0573217972451
v 0.106991396109 -0.079790923442 -0.0559217478258
v 0.106869225981 -0.079631134725 -0.0554836371232
v 0.106971333022 -0.0800972781401 -0.0554783494483
v 0.107193151765 -0.0811099345245 -0.0554668624304
v 0.106205336627 -0.0850815229765 -0.0506047488121
v 0.103913615029 -0.0801743841391 -0.0475052725106
v 0.103582936713 -0.0770526589786 -0.0484563057647
v 0.101803776098 -0.075656700765 -0.0446517863918
v 0.102799512338 -0.0802024782934 -0.0446002215881
v 0.100563387397 -0.080420362112 -0.0393512071171
v 0.0999863306477 -0.0743663416432 -0.0411406349439
v 0.0981753169619 -0.0806530512145 -0.0337455202251
v 0.0972234454339 -0.0806567625947 -0.0311903962776
v 0.106785774382 -0.0525203521005 0.0443595543512
v 0.110090762867 -0.0485602927564 0.0497063700963
v 0.112874364209 -0.0394860876183 0.0557690237777
v 0.113870100449 -0.0440318651467 0.0558205885814
v 0.120153235243 -0.0363170492229 0.0666566196447
v 0.119666516878 -0.0358186261184 0.0661337123817
v 0.120399944783 -0.0354226075458 0.0672529086395
v 0.120502051824 -0.0358887509609 0.0672581963144
v 0.120723870568 -0.0369014073453 0.0672696833323
v 0.121326026203 -0.0347420151627 0.0691655708878
v 0.123817619306 -0.0242842129664 0.100113295281
v 0.124260183585 -0.0253520904188 0.0994361477915
v 0.124497760266 -0.0243790999629 0.0979362288766
v 0.123738959613 -0.0236562170965 0.0999115973313
v 0.123438880624 -0.0233703423303 0.100692786126
v 0.123633432065 -0.0242585168606 0.10070286109
v 0.124056078298 -0.0261879994607 0.100724748081
v 0.12250558689 -0.0321539801361 0.103380183778
v 0.117826066778 -0.0269896578381 0.106535153127
v 0.117839341775 -0.0216057592616 0.105393991322
v 0.113128365691 -0.0291989357644 0.11125301799
v 0.110930882862 -0.0305365181262 0.11236440038
v 0.0991655975154 -0.0787540526071 -0.0891650785396
v 0.100509423677 -0.0839254634922 -0.0890954876888
v 0.105199601481 -0.077833168383 -0.0798057043217
v 0.103568231827 -0.0760633753815 -0.0815796046096
v 0.105804223727 -0.074696845241 -0.0777271251461
v 0.106260965415 -0.0764545122689 -0.0777034725015
v 0.107176524889 -0.0799778357202 -0.0776560597002
v 0.10772291385 -0.07825769145 -0.0714913323324
v 0.106962563356 -0.0733180053237 -0.068298357598
v 0.106383261456 -0.0716068111372 -0.0691600505583
v 0.106556698263 -0.0706812658359 -0.0665939896786
v 0.107091771951 -0.072740375842 -0.0665662805639
v 0.108164351481 -0.0768679554451 -0.066510736384
v 0.107862701161 -0.0781915208299 -0.0629686313528
v 0.105458645455 -0.0718447939321 -0.0589334636321
v 0.104787983451 -0.0683679289054 -0.0602512535503
v 0.103507053748 -0.0666925757249 -0.0556577492465
v 0.104744063546 -0.0714529280033 -0.0555936899457
v 0.102793875682 -0.0714525085401 -0.0503298680501
v 0.101951197671 -0.0654718258654 -0.0523307395665
v 0.100711171852 -0.0714520605743 -0.0447083675637
v 0.0996204130457 -0.0715338919732 -0.0420598783867
v 0.111781759963 -0.0352814474277 0.0557124426058
v 0.114827029993 -0.0315120199262 0.0610733812736
v 0.117037772551 -0.0224840485456 0.0670787965162
v 0.118274782348 -0.0272444008241 0.067142855817
v 0.122115583904 -0.0218517076536 0.0762044670719
v 0.12063467382 -0.0198406269687 0.0745075788276
v 0.122547547756 -0.0184348246241 0.0784582916773
v 0.123082621445 -0.0204939346302 0.078486000792
v 0.124155200975 -0.0246215142333 0.0785415449719
v 0.124981339157 -0.0218562995924 0.0848094784102
v 0.124485326699 -0.0167715411789 0.0881097468523
v 0.123894914945 -0.0152611402266 0.0872815365909
v 0.124255203913 -0.0144124899966 0.089640891803
v 0.1247119456 -0.0161701570245 0.0896645444477
v 0.125627505074 -0.0196934804758 0.089711957249
v 0.125127942461 -0.0217654176932 0.0933486534251
v 0.122461442312 -0.015782496034 0.0971336415442
v 0.121870562185 -0.012140725153 0.0958487752893
v 0.120076708392 -0.0104317833302 0.100518674003
v 0.121420534554 -0.0156031942152 0.100588264854
v 0.117746575708 -0.01729915615 0.104392762915
v 0.117581713454 -0.00964553540114 0.102613397065
v 0.0984196476337 -0.075176141773 -0.0892037080056
v 0.100663088408 -0.0722928180459 -0.0848710545858
v 0.103105716647 -0.0617535926773 -0.077866868968
v 0.10432247079 -0.067589692307 -0.0778038586185
v 0.104760778903 -0.0656036748874 -0.0718325692485
v 0.103357319137 -0.0604109163076 -0.0741443182712
v 0.103858191183 -0.0577380132722 -0.0667337335005
v 0.10513991876 -0.0638857546928 -0.0666673584624
v 0.104074370528 -0.0633692403602 -0.0619315442771
v 0.10313552024 -0.0567928177166 -0.0641421845048
v 0.102672503728 -0.0626896988121 -0.0557009669242
v 0.101684422005 -0.0627210554509 -0.0531477181437
v 0.116203222531 -0.0184811716329 0.0670355788385
v 0.118146390756 -0.0157830979652 0.0715111709454
v 0.119849040676 -0.00549157206038 0.0783185478555
v 0.121130768254 -0.0116393134809 0.0783849228936
v 0.122014493135 -0.0093077355393 0.0843990900771
v 0.120399555157 -0.00419485114271 0.0819235963758
v 0.121556696832 -0.00146923743292 0.0895011479812
v 0.122773450975 -0.00730533706256 0.0895641583306
v 0.121288081433 -0.00711055006858 0.0942738804621
v 0.12052052636 -0.000482114032141 0.0921985869681
v 0.11933075851 -0.00685387249599 0.100480044537
v 0.117598737747 -0.00767229559841 0.102205550122
v 0.10196403156 -0.0487993299785 -0.077925991821
v 0.102810116286 -0.0583995287833 -0.0778821768115
v 0.103007509841 -0.0574717098164 -0.0750726399749
v 0.101970964416 -0.0487623328019 -0.0778234176873
v 0.103592421073 -0.0547224218002 -0.0667474965664
v 0.10306760639 -0.0545421680147 -0.0646820495337
v 0.119583270567 -0.00247598058839 0.0783047847896
v 0.119984326496 -0.00143360335628 0.0809774271224
v 0.120415011745 0.0114850252659 0.0894420251281
v 0.121261096471 0.00188482646113 0.0894858401376
v 0.120493740349 0.001914319781 0.0916626843907
v 0.120386460276 0.0115122252521 0.0895163525154
v 0.101972203612 -0.0486944517483 -0.0779255686264
v 0.101977878445 -0.0486659302939 -0.0778381418101
v 0.120423183797 0.0115899034961 0.0894424483228
v 0.120395828123 0.0115876686289 0.0895082133991
v 0.112345692453 -0.00983889821389 -0.0773883712303
v 0.112352625309 -0.00980190103729 -0.0772857970965
v 0.130796672638 0.0504454570305 0.0899796457189
v 0.13076812117 0.0504726570168 0.0900539731062
v 0.120408484803 0.00318046026371 -0.0769708346501
v 0.112461564093 -0.00965179499312 -0.0773823707473
v 0.112466043743 -0.0096063270652 -0.0772306745551
v 0.120660087293 0.00452313663338 -0.0732482839532
v 0.121160959339 0.00719603966884 -0.0658376991825
v 0.120438288396 0.00814123522443 -0.0632461501869
v 0.137151808832 0.0594424808807 0.0792145821734
v 0.137702323313 0.0607392017983 0.0828196306937
v 0.138859464989 0.0634648155081 0.0903971822991
v 0.130912544278 0.0506325602513 0.0899856462019
v 0.130831647945 0.0505985304222 0.0900813519619
v 0.137823294516 0.0644519389089 0.0930946212861
v 0.123389472934 0.0121536215103 -0.0879106304945
v 0.127792107245 0.014844298736 -0.0803251565645
v 0.130028099146 0.0162108288764 -0.076472677101
v 0.126464595557 0.0113838406356 -0.0766572152904
v 0.126548254482 0.0132708283679 -0.0700856776648
v 0.130607136874 0.0193008629802 -0.0679056025132
v 0.130780573681 0.0202264082815 -0.0653395416335
v 0.126605922977 0.0145715830909 -0.0655557284461
v 0.123530656264 0.0133345779238 -0.0617134705416
v 0.129011858869 0.022539745212 -0.0589968055052
v 0.127730929167 0.0242150983926 -0.0544033012014
v 0.126175073089 0.025435848252 -0.0510762915214
v 0.141261647969 0.0684236255718 0.0683332445613
v 0.144858549239 0.0710670471487 0.0757620268727
v 0.146771423175 0.0724728494933 0.0797127397225
v 0.142596772471 0.0668180243027 0.0794965529099
v 0.143998320501 0.0697496004756 0.0862747511459
v 0.148118790364 0.0756465338908 0.088535984636
v 0.148479079331 0.0764951841208 0.0908953398481
v 0.144915575742 0.07166819588 0.0907108016587
v 0.140851648141 0.0696931627801 0.0945623101431
v 0.146094437603 0.0787669489645 0.0971032233344
v 0.14430058381 0.0804758907873 0.101773122048
v 0.141805588873 0.0812621387163 0.10386784511
v 0.133672752429 0.0251886836866 -0.087378104644
v 0.131616329183 0.0225819661622 -0.087484597766
v 0.134724875769 0.0236031452216 -0.0798920180101
v 0.135355057965 0.0262168274913 -0.0844795934615
v 0.134225313156 0.0215312080042 -0.076255321834
v 0.134871479073 0.0236940271208 -0.0713528429952
v 0.135697617256 0.0264592417617 -0.0650849095569
v 0.138526792028 0.0365797426911 -0.0557089354728
v 0.137546843304 0.0361502554594 -0.0546117726599
v 0.138136378791 0.0370903718519 -0.0543088860535
v 0.138014208662 0.0372501605688 -0.0538707753509
v 0.136934929622 0.0358820688622 -0.053926666469
v 0.130165157437 0.0321503893908 -0.049101578301
v 0.134727919394 0.0398286363152 -0.0468434439924
v 0.132948758779 0.0412245945289 -0.0430389246195
v 0.131131313329 0.0425149536507 -0.0395277731716
v 0.14401934689 0.0773952076755 0.05738188555
v 0.150811499559 0.0810626691755 0.067746574154
v 0.151544927464 0.0814586877481 0.0688657704118
v 0.150465648424 0.0800905960414 0.0688098792937
v 0.15199011707 0.0800292483583 0.0764252667678
v 0.152471008884 0.0821392801311 0.0707784326601
v 0.15168846675 0.0787056829735 0.079967371799
v 0.152129904381 0.0800954189783 0.0849479677474
v 0.152676293341 0.0818155632486 0.0911126951152
v 0.155642742947 0.0925021953309 0.0995490906488
v 0.153901513969 0.0916090513348 0.101030284812
v 0.154883942294 0.0932250781973 0.101524459104
v 0.154583863305 0.0935109529635 0.102305647898
v 0.15252744006 0.0909042354392 0.102199154776
v 0.143722864318 0.0850047953816 0.104706202069
v 0.148984324456 0.0952755360323 0.107006853094
v 0.128522291826 0.0341043378132 -0.0987389924811
v 0.124135501453 0.0248060694235 -0.0965508608383
v 0.13734723134 0.0339917076645 -0.0899235483627
v 0.138060949607 0.0367379527373 -0.0911458917787
v 0.135796739932 0.0280257269891 -0.087268112666
v 0.135592634646 0.0271898179472 -0.0859795123765
v 0.139128947663 0.0387391348737 -0.0538130479173
v 0.143283611432 0.0538018050418 -0.0437713596942
v 0.142458118099 0.0533614864963 -0.0431299896856
v 0.142887270356 0.0541127806645 -0.0429238323331
v 0.142704827639 0.0542559281733 -0.0425337006907
v 0.141754020844 0.052985920678 -0.0425829387959
v 0.134901424562 0.0491986622211 -0.0377345671236
v 0.139169817763 0.0567657323813 -0.0357043595176
v 0.137112167121 0.0582266336016 -0.031729151881
v 0.135587808259 0.0594560798142 -0.0283770693307
v 0.145722624541 0.0863593327156 0.0463759226953
v 0.152930237053 0.0899996684531 0.0566789557347
v 0.15377541575 0.09042654132 0.0578871094788
v 0.152824608955 0.0891565338247 0.0578378713736
v 0.153647481604 0.0869192505049 0.0640613842271
v 0.154635296742 0.0908908389568 0.0591992706087
v 0.152659666465 0.0829476620529 0.0689234978455
v 0.152583318236 0.0826205162898 0.0696741752778
v 0.156707850809 0.0963479962661 0.102415639876
v 0.159857958567 0.107954691261 0.106573802693
v 0.153011644806 0.103418553278 0.108707618979
v 0.15587574598 0.109209606192 0.109917149174
v 0.151893533393 0.110464521123 0.113260495655
v 0.148885397321 0.110958914218 0.114531283798
v 0.136262555317 0.0471214153067 -0.098338158253
v 0.132579032894 0.0409267041213 -0.0985289116903
v 0.139559963221 0.0424545595141 -0.0927602863934
v 0.141136584831 0.0484671305177 -0.0944582625929
v 0.144005808883 0.0564438347854 -0.0424663285898
v 0.147526612081 0.0693450821972 -0.0364946108894
v 0.14442046676 0.0678268280655 -0.0335821422584
v 0.145742475881 0.0706117922485 -0.0330478101068
v 0.144852430612 0.071243711095 -0.0313283176529
v 0.142165179728 0.0667244653296 -0.0314674785658
v 0.138220785326 0.0649275841821 -0.0272967774518
v 0.142264592449 0.0733308887974 -0.0256376319735
v 0.139923435246 0.0752191100868 -0.0204894005417
v 0.139138435165 0.0761470966227 -0.0179474676909
v 0.146073761975 0.0953138951683 0.0352999384413
v 0.150256208512 0.0976133892944 0.0417961301898
v 0.153462888032 0.0993764102091 0.0467767569234
v 0.150775637147 0.0948571644437 0.0466375960104
v 0.156451093641 0.0979649555021 0.0544679449018
v 0.157313403356 0.101321182978 0.0522809355311
v 0.155076396994 0.092614447932 0.0579544815797
v 0.154813806521 0.0915883698618 0.0586955143448
v 0.16054589524 0.120198582359 0.111558397357
v 0.161873404729 0.115420330976 0.108497693581
v 0.163703430605 0.122199134657 0.110244587235
v 0.161668613745 0.122840366637 0.111952958559
v 0.159633796884 0.123481598616 0.113661329883
v 0.155950274462 0.117286887431 0.113470576445
v 0.149627484619 0.112905498756 0.114749171896
v 0.154011619832 0.124405614501 0.116036420559
v 0.140200699758 0.060111603506 -0.0981342190603
v 0.139008939154 0.0561805149507 -0.0981959351043
v 0.142216340929 0.0525258425535 -0.0945247467763
v 0.1445541838 0.0613135965752 -0.0946686955572
v 0.14902069784 0.0818748481121 -0.0326555234109
v 0.149516710298 0.0767900896986 -0.0359557918531
v 0.151073270286 0.0826132197765 -0.0355343532801
v 0.149550322332 0.0836944900751 -0.0325921461764
v 0.148790575054 0.0842338992944 -0.0311243784602
v 0.147959687647 0.0814931710299 -0.0311674064673
v 0.144319375991 0.0803708001798 -0.0253875192532
v 0.146084058766 0.0864167948587 -0.0251727182288
v 0.143861579688 0.0882092982862 -0.0202854613491
v 0.141193014918 0.0794068891561 -0.0204236545903
v 0.140058721066 0.0792770787909 -0.0178305212748
v 0.142988470564 0.0892414427803 -0.0174582199023
v 0.140489406315 0.0921957074131 -0.00936592326908
v 0.140479541437 0.0922280667505 -0.00927672071053
v 0.144179602352 0.104252578462 0.0241076801208
v 0.144263419298 0.104310803268 0.0242714566435
v 0.150011906416 0.108304083368 0.035503877634
v 0.147343341646 0.0995016742376 0.0353656843928
v 0.152920273643 0.105621014763 0.0423601074138
v 0.154663794131 0.110861674571 0.0427292071903
v 0.157401032473 0.112366598408 0.0469806961161
v 0.156570145067 0.109625870144 0.046937668109
v 0.158821369237 0.106998979694 0.0520119849483
v 0.160687852413 0.114026666575 0.0516790916489
v 0.164836446999 0.133958244831 0.112281925377
v 0.166146707812 0.131353752315 0.110641289636
v 0.167206938899 0.135326289776 0.110813433926
v 0.165389440113 0.135899038296 0.112339351501
v 0.163571941326 0.136471786816 0.113865269075
v 0.162380180721 0.13254069826 0.113803553031
v 0.154899025075 0.127578607821 0.116116042213
v 0.157658052454 0.137443746114 0.116363593513
v 0.138252692523 0.0730601637444 -0.0982350977936
v 0.139212435867 0.0666806728093 -0.0981853969039
v 0.146460988094 0.068355372296 -0.0924504111517
v 0.148501185041 0.0758897634075 -0.09007694415
v 0.152813967018 0.0922978834684 -0.0426092968481
v 0.153256531297 0.0912300060161 -0.0432864443378
v 0.153538024186 0.0923464826323 -0.0443880012893
v 0.152782848767 0.0929390054883 -0.0427731501695
v 0.152435228336 0.0932117541046 -0.0420298060032
v 0.152575124631 0.09228185222 -0.042022561389
v 0.152928876156 0.0899304374776 -0.0420042421522
v 0.151893801888 0.0858488251697 -0.0383952777712
v 0.149227301739 0.0918317468289 -0.034610289652
v 0.149077897539 0.0955954088208 -0.0355437258362
v 0.146842567818 0.0971824595328 -0.0312252571935
v 0.14767885929 0.0916235630879 -0.0311819493337
v 0.145823452574 0.0915358392225 -0.0264913898011
v 0.145480042763 0.0982813813883 -0.0282290490324
v 0.143378518843 0.0914202424448 -0.0203104769472
v 0.142798623205 0.0915928555001 -0.0181239249395
v 0.140476095671 0.0922841843319 -0.00936661256884
v 0.140470222693 0.0922983507761 -0.00929973499809
v 0.144166291708 0.104341055381 0.024106990821
v 0.144214577658 0.104405651854 0.0242093863637
v 0.149528845571 0.111515027526 0.0354788620358
v 0.152004089568 0.11453243064 0.0396690054779
v 0.155453025238 0.125315158647 0.0468798173827
v 0.15628931671 0.119756262202 0.0469231252426
v 0.162823467111 0.127480465622 0.0571156410801
v 0.161895440395 0.128569017549 0.0560890272437
v 0.163505816447 0.129382367251 0.0583910041663
v 0.163645712742 0.128452465367 0.0583982487805
v 0.163999464267 0.126101050624 0.0584165680173
v 0.165144205775 0.130267024896 0.0608911533853
v 0.165755240347 0.144578298005 0.110794220171
v 0.16871576368 0.141108451352 0.108665775183
v 0.17018104492 0.14672374412 0.106580096246
v 0.165902489505 0.148072045587 0.110172243294
v 0.161623934091 0.149420347054 0.113764390342
v 0.162583677435 0.143040856119 0.113814091232
v 0.157958325351 0.14019179177 0.116032103072
v 0.159013586864 0.149849362768 0.114867132448
v 0.13665654338 0.0750741303984 -0.0983177553427
v 0.139718431181 0.0783741769071 -0.0946924547697
v 0.1429433115 0.0900659313489 -0.0868980231334
v 0.1464551176 0.0856348539595 -0.0867161621297
v 0.149966923699 0.0812037765701 -0.0865343011261
v 0.151310130991 0.0859358659549 -0.0807301892946
v 0.150233063105 0.091038448328 -0.0774456744223
v 0.146374803942 0.0921630936186 -0.0809857681919
v 0.149581937712 0.094123138715 -0.0754600697399
v 0.151073727044 0.0922408497183 -0.0753828165267
v 0.152565516377 0.0903585607215 -0.0753055633135
v 0.15332428987 0.0927975421254 -0.0676771927371
v 0.151855005235 0.0954223009996 -0.0660308098722
v 0.150096675469 0.0968700361037 -0.0678443367017
v 0.150334412247 0.0981387181202 -0.0643269342724
v 0.15200457462 0.0960313640933 -0.0642404439034
v 0.153674736992 0.0939240100665 -0.0641539535344
v 0.153750179293 0.093900971593 -0.0584629921869
v 0.150954839589 0.0974576956689 -0.0562699690782
v 0.148771113905 0.100183386805 -0.0587208361006
v 0.147284767733 0.102127408231 -0.0533906938403
v 0.150553337869 0.098003237701 -0.0532214289582
v 0.153821908004 0.0938790671708 -0.053052164076
v 0.153732422888 0.0933959698707 -0.0503210692846
v 0.149052902776 0.0985602921687 -0.0471660999357
v 0.146035670266 0.10310747032 -0.050719650276
v 0.147839168971 0.0990109053554 -0.0422678157183
v 0.14674292342 0.0992829402849 -0.038329829214
v 0.144794694742 0.0997663960681 -0.0313313075399
v 0.144364597173 0.0999419472645 -0.0295383810744
v 0.153405152162 0.127899095182 0.0467737670364
v 0.154875305746 0.129844063241 0.0498128974036
v 0.158909757082 0.135181518502 0.0581529944512
v 0.161933597949 0.139289967566 0.0647929752471
v 0.160815486536 0.14633593541 0.0693458519224
v 0.164084056671 0.14221176488 0.0695151168046
v 0.167352626807 0.13808759435 0.0696843816867
v 0.168564869585 0.142323891692 0.0755617107822
v 0.167237360097 0.147102143075 0.0786224145576
v 0.163703208818 0.14845816975 0.0753099467378
v 0.166325261741 0.150385159332 0.0807253470836
v 0.167995424114 0.148277805305 0.0808118374526
v 0.169665586486 0.146170451278 0.0808983278215
v 0.170607684383 0.149289459459 0.0886839677704
v 0.16929742357 0.151893951975 0.0903246035107
v 0.16751614728 0.153190255735 0.088523870651
v 0.168032917897 0.154407493959 0.0919079472093
v 0.16952470723 0.152525204963 0.0919852004224
v 0.171016496562 0.150642915966 0.0920624536356
v 0.170946251966 0.150076304924 0.0976871142501
v 0.167985728633 0.153546151577 0.0998155592378
v 0.165913081703 0.156426987825 0.0974264684827
v 0.163854422377 0.158388200626 0.102785729409
v 0.167366228476 0.153957123237 0.102967590413
v 0.170878034576 0.149526045847 0.103149451416
v 0.170529539748 0.148124894984 0.104864773831
v 0.164155701034 0.152853408369 0.107654966966
v 0.161909778405 0.159001016417 0.104418394275
v 0.160027784948 0.151434313708 0.113681732793
v 0.158860460123 0.150796333328 0.114533473004
v 0.140581848838 0.0914956070319 -0.0870203129061
v 0.141056105671 0.0922578537793 -0.0855542749738
v 0.14423191086 0.0973621496117 -0.0757371241174
v 0.144485683034 0.0983248840969 -0.0729539449779
v 0.145248283839 0.101217959738 -0.0645903225093
v 0.145100240125 0.101770711249 -0.0621997337124
v 0.144563443558 0.103774951113 -0.0535316192592
v 0.144388207145 0.103981285452 -0.0523155136157
v 0.15809416236 0.147983478292 0.0692049265035
v 0.158549437762 0.148776913044 0.0708345281637
v 0.161239133333 0.153464400949 0.0804619588466
v 0.161590489932 0.154482168537 0.0831800594136
v 0.162682891046 0.157646504856 0.0916308928317
v 0.162419301922 0.158127498913 0.0940747812063
v 0.161492959715 0.159817876309 0.102663439636
v 0.161090948409 0.1597641869 0.103554812071
v 0.0924298066752 -0.143613373916 -0.0895138955438
v 0.0933715033518 -0.14271479416 -0.086997679506
v 0.0966638711923 -0.139573172059 -0.0782004638325
v 0.0970360192248 -0.13802368752 -0.0739019050949
v 0.0976286751432 -0.13555609102 -0.0670563327577
v 0.0972634163542 -0.134281566306 -0.0635421957931
v 0.096481722796 -0.131553944716 -0.0560215602605
v 0.0961206983235 -0.130917732668 -0.0542731454311
v 0.110012441598 -0.0873454175366 0.0667149855022
v 0.11088564712 -0.0863684356859 0.0694458899907
v 0.113619524637 -0.0833096498084 0.0779959485982
v 0.114189548338 -0.081776894431 0.0822546026942
v 0.115114851377 -0.0792888168141 0.0891675531167
v 0.114542948228 -0.0779999839667 0.0927146145411
v 0.113340917552 -0.0752911046395 0.100169856999
v 0.112630573905 -0.0748486517461 0.101370991939
v 0.0988943594778 -0.130605318487 -0.0891791247655
v 0.0938675854018 -0.140720257263 -0.0894394393025
v 0.0957414036198 -0.138336340908 -0.0859083687152
v 0.101027826412 -0.128569535367 -0.083478495412
v 0.103128423995 -0.126565116629 -0.0778656930543
v 0.0999212399911 -0.133018653102 -0.0780317790184
v 0.100316599264 -0.131202569333 -0.0725567306781
v 0.103708456644 -0.124150078676 -0.0711659279176
v 0.104093227946 -0.12254803559 -0.0667215619795
v 0.100725369131 -0.129324883964 -0.0668959685859
v 0.0997119518105 -0.128892003209 -0.0626020860683
v 0.103513346314 -0.120524611396 -0.0611425491313
v 0.102946275599 -0.118545889286 -0.0556867894823
v 0.0981386035381 -0.128219948198 -0.0559357576888
v 0.0972921554592 -0.128271611073 -0.053837834442
v 0.102188773257 -0.117210987769 -0.0520182616448
v 0.100679713468 -0.11455166107 -0.0447099966551
v 0.100351069994 -0.114039038935 -0.0433024435065
v 0.111750301579 -0.0783810479238 0.0557108135144
v 0.112791653591 -0.0774901712541 0.0582089303381
v 0.116476994401 -0.0743373621067 0.0670497562804
v 0.111669322341 -0.0840114210186 0.0668007880739
v 0.113333509144 -0.0817253088642 0.0705452110377
v 0.118309156145 -0.0722874566405 0.0727797460798
v 0.12008407744 -0.0703015943786 0.0783307193765
v 0.116716218624 -0.0770784427525 0.07815631277
v 0.117529706775 -0.0749444408897 0.0836482983499
v 0.120989042039 -0.0678682054612 0.0850917210553
v 0.12157940418 -0.0662807613843 0.0895023238949
v 0.118372220176 -0.0727342978576 0.0893362379308
v 0.116959227571 -0.0726020590371 0.0936253508425
v 0.120688031742 -0.0642719770671 0.0950307998144
v 0.119805470354 -0.0622830492096 0.100504627777
v 0.114778696278 -0.072397987986 0.10024431324
v 0.113353715303 -0.07308574503 0.101611997993
v 0.118196146757 -0.0612806472244 0.103225866732
v 0.102089651714 -0.117620383876 -0.0890136546237
v 0.100126860358 -0.125596717659 -0.0891152989617
v 0.102547087549 -0.122234715761 -0.0835353916111
v 0.104117882055 -0.115685018943 -0.0835942177305
v 0.106323716231 -0.113580182018 -0.0777002229125
v 0.105049408896 -0.118758674689 -0.0777662136889
v 0.105582744564 -0.116534483961 -0.0711933985586
v 0.106885392097 -0.111241574815 -0.0712124909097
v 0.107288520182 -0.10956310098 -0.0665560918377
v 0.105953417813 -0.114988650721 -0.0666252309217
v 0.10511200354 -0.114099231007 -0.0611509367603
v 0.106727590338 -0.107605806671 -0.0611594132132
v 0.106141567835 -0.105560954676 -0.0555213193405
v 0.104261678798 -0.113200392453 -0.0556186705317
v 0.10325194284 -0.112957641608 -0.0520196048393
v 0.105419075581 -0.104287749362 -0.0520223427664
v 0.103875005705 -0.10156672646 -0.0445445265134
v 0.101193727585 -0.112462825623 -0.0446833781231
v 0.100760147258 -0.11240429148 -0.0433025710359
v 0.103585232547 -0.101114734722 -0.0433034517526
v 0.114945593816 -0.0653961133136 0.0558762836561
v 0.112264315696 -0.0762922124766 0.0557374320464
v 0.11345129443 -0.0747246964681 0.0581810181362
v 0.115863779889 -0.0646106051067 0.058078935643
v 0.119672286638 -0.0613524274965 0.0672152264222
v 0.117792397601 -0.0689918652735 0.067117875231
v 0.119852903626 -0.0658902618347 0.0727304366304
v 0.121419769907 -0.0593972641385 0.0726803887343
v 0.123279369676 -0.0573166597684 0.0784961895182
v 0.121944267307 -0.0627422095095 0.0784270504342
v 0.122867758945 -0.060209399512 0.0850587877206
v 0.124154758072 -0.0549627992714 0.0850362270183
v 0.124774696417 -0.0532958267741 0.0896677940367
v 0.123500389081 -0.0584743194446 0.0896018032603
v 0.122282433362 -0.0578808418491 0.0950261038083
v 0.123911533996 -0.0513506161532 0.0950213056029
v 0.123000762591 -0.0492981145994 0.100670097919
v 0.121037971235 -0.0572744483819 0.100568453581
v 0.119013780951 -0.0580508611404 0.103233667056
v 0.121470821398 -0.0483451576601 0.103257107505
v 0.103173187653 -0.104650384 -0.0889575430596
v 0.102434714895 -0.113489953819 -0.0889957853182
v 0.104172928382 -0.110956296065 -0.0845594079344
v 0.104258388775 -0.103614870352 -0.0860578827579
v 0.10740725217 -0.100610182142 -0.0776441113483
v 0.106871535493 -0.107022747693 -0.0776718537606
v 0.107342491825 -0.105131377435 -0.0721295976933
v 0.10780443218 -0.0989564738553 -0.0730564165191
v 0.108372056121 -0.0965931011038 -0.0664999802735
v 0.107818435524 -0.103219977811 -0.0665286498511
v 0.107261505681 -0.102333204634 -0.0618315307073
v 0.107980953985 -0.095228399273 -0.0627372057312
v 0.107225103773 -0.0925909547994 -0.0554652077764
v 0.106511045452 -0.101138282132 -0.0555021857186
v 0.10581031529 -0.100810896078 -0.0524320575079
v 0.106816338273 -0.0918706115654 -0.0534855866788
v 0.104008477103 -0.0999690646192 -0.0445376146162
v 0.103727927025 -0.0998763267569 -0.0434465302499
v 0.115079065214 -0.0637984514726 0.0558831955532
v 0.115860605219 -0.0627167495467 0.0576708093247
v 0.120755822576 -0.0483824276201 0.0672713379863
v 0.120041764254 -0.0569297549528 0.0672343600441
v 0.121549745282 -0.0545457297968 0.0717529833647
v 0.121744498743 -0.0472762519855 0.0703633708667
v 0.124362905614 -0.044346659892 0.0785523010824
v 0.123809285018 -0.0509735365992 0.0785236315048
v 0.12456178131 -0.0488674926545 0.0840794855351
v 0.124973260501 -0.0427054566686 0.0831122699675
v 0.125858232355 -0.0403258268977 0.0897239056008
v 0.125322515678 -0.0467383924482 0.0896961631886
v 0.124480662671 -0.0460694432265 0.0943774656295
v 0.125247861 -0.0389503026462 0.0935095547799
v 0.124084298529 -0.0363281147231 0.100726209483
v 0.123345825771 -0.0451676845422 0.100687967224
v 0.121858826328 -0.0456371804164 0.103009217389
v 0.12326570615 -0.035818236767 0.102110384471
v 0.103167441708 -0.10258574669 -0.0889578406168
v 0.103983620316 -0.101368050358 -0.086773817241
v 0.107371178325 -0.0876481003547 -0.0776459794542
v 0.107395196016 -0.0962781556005 -0.0776447356836
v 0.107712919411 -0.095021934464 -0.0739769267054
v 0.107526382548 -0.0870018883006 -0.0758532668441
v 0.108335982276 -0.0836310193164 -0.0665018483794
v 0.108360557176 -0.0924612912719 -0.0665005757534
v 0.108040803575 -0.0918430425058 -0.0634107184409
v 0.10819469916 -0.0831380296099 -0.0651425704218
v 0.107218597998 -0.0902532947033 -0.0554655446819
v 0.106880082555 -0.0900502636993 -0.0538207524934
v 0.120749316801 -0.0460447675241 0.0672710010809
v 0.121503302562 -0.0448244551729 0.0696322665949
v 0.12432683177 -0.0313845781046 0.0785504329765
v 0.124351406669 -0.0402148500601 0.0785517056026
v 0.124835356579 -0.0388482336163 0.0821686397953
v 0.124547318523 -0.030791704059 0.0801976922325
v 0.12582215851 -0.0273637451103 0.089722037495
v 0.125846176201 -0.0359938003561 0.0897232812656
v 0.125343375256 -0.0355016095961 0.0928529820929
v 0.125583646476 -0.0268262377645 0.0912013383799
v 0.124078552584 -0.0342634774129 0.100725911926
v 0.123377281634 -0.034458752641 0.101914776552
v 0.107328945824 -0.0859839403748 -0.0776481664898
v 0.107451612114 -0.0855007307645 -0.0762385538349
v 0.108298744825 -0.0821636879045 -0.0665037767433
v 0.108188903596 -0.0819406196131 -0.0654038521159
v 0.124289594319 -0.0299172466927 0.0785485046126
v 0.124460931721 -0.0294323592145 0.0798328290267
v 0.125779926009 -0.0256995851304 0.0897198504593
v 0.125591765705 -0.0255058013765 0.0909256198938
v 0.138516161006 0.0292331949392 -0.0760331176819
v 0.138671365229 0.0298794069933 -0.0742404050718
v 0.139480964957 0.0332502759775 -0.0648889866071
v 0.139339681841 0.033743265684 -0.0635297086495
v 0.155471814451 0.0854967171893 0.0801632947488
v 0.155692301205 0.0860895912349 0.0818105540048
v 0.156967141191 0.0895175501836 0.0913348992672
v 0.156728629157 0.0900550575294 0.0928142001522
v 0.141239277596 0.0382045324702 -0.0869862675601
v 0.142324478719 0.0392400461178 -0.0840866072585
v 0.145473342113 0.0422447343281 -0.0756728358489
v 0.140048918647 0.0320998065909 -0.0759537429001
v 0.140217153856 0.0328895463949 -0.0735629130601
v 0.145870522124 0.043898442615 -0.0710851410196
v 0.146438146064 0.0462618153664 -0.0645287047741
v 0.140832435646 0.0357778390562 -0.0648189998798
v 0.14039597636 0.0359296397443 -0.0630944609386
v 0.146047043928 0.0476265171972 -0.0607659302317
v 0.145291193717 0.0502639616709 -0.0534939322769
v 0.144882428216 0.0509843049049 -0.0515143111793
v 0.158821912519 0.0944724888501 0.0692426134858
v 0.159810588687 0.0955786644848 0.0723346463661
v 0.162428995558 0.0985082565783 0.0805235765819
v 0.156823285139 0.0880242802681 0.0802332814761
v 0.157157690343 0.0888938706143 0.0824633611362
v 0.163039350445 0.100149459802 0.085083545467
v 0.163924322298 0.102529089573 0.0916951811003
v 0.158499898833 0.0923841618353 0.0914142740491
v 0.157848882388 0.092411056324 0.0932678303791
v 0.163313950943 0.103904613824 0.0954808302793
v 0.162150388473 0.106526801747 0.102697484982
v 0.161331796093 0.107036679703 0.104081659971
v 0.14707684892 0.0512081537703 -0.0866839653971
v 0.14265244149 0.0413524594223 -0.0869130860129
v 0.144560345141 0.0438246411426 -0.0831560420246
v 0.149105079261 0.0531435187032 -0.0812645285039
v 0.151310913437 0.0552483556282 -0.0753705336859
v 0.1484384457 0.0488497215771 -0.0755192861656
v 0.148849251338 0.0506918346002 -0.0699921554989
v 0.151872589303 0.0575869628319 -0.068882801683
v 0.152275717388 0.0592654366665 -0.0642264026111
v 0.149266209105 0.0525615346763 -0.0643822518184
v 0.148315604709 0.0530685130661 -0.0599909478315
v 0.151714787544 0.0612227309758 -0.0588297239865
v 0.151128765041 0.0632675829709 -0.0531916301139
v 0.146891231083 0.0538281630853 -0.0534110733738
v 0.146038673703 0.0538219341181 -0.0511330036684
v 0.150406272786 0.0645407882849 -0.0496926535397
v 0.148862202911 0.0672618111865 -0.0422148372867
v 0.148572429752 0.0677138029245 -0.040973762526
v 0.159932791022 0.103432424333 0.0582059728828
v 0.160850977095 0.10421793254 0.0604086248697
v 0.164659483843 0.10747611015 0.0695449156488
v 0.160421949885 0.0980366902645 0.0693254723889
v 0.162100283326 0.100387097623 0.0732633258601
v 0.166406967113 0.109431273508 0.0750100779609
v 0.168266566882 0.111511877878 0.0808258787449
v 0.165257058599 0.104807975888 0.0806700295375
v 0.16606688452 0.106954177117 0.0862158415099
v 0.169141955278 0.113865738375 0.0873659162449
v 0.169761893622 0.115532710873 0.0919974832633
v 0.166889425885 0.109134076821 0.0918487307836
v 0.1655548911 0.109351017945 0.09623124957
v 0.168898731202 0.117477921493 0.0973509948295
v 0.167987959797 0.119530423047 0.102999787145
v 0.163563552366 0.109674728699 0.10277066653
v 0.162073883391 0.108983264242 0.104299548068
v 0.166458018604 0.120483379987 0.105586796732
v 0.150802663946 0.0641968403365 -0.0864910218117
v 0.148497142433 0.0561594857973 -0.0866104146382
v 0.150987031058 0.059573362689 -0.0810316156455
v 0.152936130881 0.0662326234563 -0.0807903924582
v 0.155036728463 0.0682370421944 -0.0751775901004
v 0.15356575889 0.0631090466806 -0.0752537651498
v 0.154094594942 0.0653405504948 -0.0686424653417
v 0.155616761113 0.0706520801468 -0.0684778249637
v 0.156001532414 0.0722541232327 -0.0640334590257
v 0.154456869607 0.0668692233096 -0.0641134503237
v 0.153558129022 0.0677146037804 -0.0586431065942
v 0.155421650782 0.0742775474273 -0.0584544461774
v 0.154854580067 0.0762562695371 -0.0529986865285
v 0.152649549326 0.0685692391926 -0.0531128753795
v 0.151601216005 0.0687660092466 -0.049575291401
v 0.154097077725 0.0775911710543 -0.049330158691
v 0.152588017937 0.0802504977527 -0.0420218937013
v 0.149411576394 0.069177000194 -0.0421863876485
v 0.148996302862 0.0692140300765 -0.0409324412365
v 0.152259374462 0.080763119888 -0.0406143405527
v 0.163658606048 0.116421110899 0.0583989164682
v 0.160482164505 0.105347613341 0.058234422521
v 0.161618666914 0.106829577758 0.0605060392702
v 0.164699958059 0.117311987569 0.060897033292
v 0.168385298869 0.120464796716 0.0697378592342
v 0.166180268128 0.112777766372 0.0696236703832
v 0.168297372806 0.115922030689 0.0752371805769
v 0.170217460613 0.122514702183 0.0754678490337
v 0.171992381908 0.124500564445 0.0810188223303
v 0.170447719101 0.119115664521 0.0809388310322
v 0.171384782976 0.121670452385 0.0876131138713
v 0.172897346507 0.126933953362 0.0877798240091
v 0.173487708648 0.128521397439 0.0921904268487
v 0.172016739075 0.123393401925 0.0921142517993
v 0.1707269893 0.123931531459 0.0975329046514
v 0.17259633621 0.130530181756 0.0977189027683
v 0.171713774823 0.132519109613 0.103192730731
v 0.169408253309 0.124481755074 0.103073337904
v 0.167345423847 0.123656373307 0.105666418385
v 0.170104451226 0.133521511599 0.105913969685
v 0.151259218406 0.077162406083 -0.0864673788628
v 0.150949853728 0.0683768428704 -0.0864833994998
v 0.15264704014 0.0708835981135 -0.0820332240859
v 0.152200915083 0.0780609858394 -0.083951162825
v 0.155493282923 0.081202607941 -0.0751539471515
v 0.155266139536 0.0747520247637 -0.0751657099092
v 0.155739757645 0.0766369617296 -0.069653810187
v 0.155865430956 0.0827520924796 -0.0708553884139
v 0.156458086874 0.0852196889793 -0.0640098160767
v 0.156223683121 0.0785629206383 -0.0640219548169
v 0.155707498668 0.0794805067802 -0.0593237874328
v 0.156092828085 0.0864942136937 -0.0604956791121
v 0.155311134527 0.0892218352837 -0.0529750435795
v 0.155011670349 0.0807174336579 -0.0529905515132
v 0.154339722968 0.0810804868388 -0.0498696100364
v 0.154950110054 0.0898580473316 -0.0512266287501
v 0.152649403391 0.0819937665342 -0.0420187148185
v 0.152357625132 0.0821084414865 -0.0408183113024
v 0.163719991502 0.118164379681 0.058402095351
v 0.164540347245 0.11931461704 0.06033184758
v 0.168841853329 0.133430362463 0.0697615021832
v 0.168542389151 0.124925960837 0.0697459942495
v 0.170015867671 0.127286725089 0.0742739277039
v 0.16971505885 0.134407344314 0.0724924066717
v 0.172448936368 0.137466130191 0.0810424652792
v 0.172214532615 0.13080936185 0.081030326539
v 0.172957477586 0.132899385031 0.0865542437184
v 0.173018960068 0.138998885569 0.0853011193752
v 0.173944263108 0.141486963185 0.0922140697977
v 0.173717119721 0.135036380008 0.0922023070399
v 0.172926767638 0.135744372459 0.0968852823419
v 0.173372359959 0.142775796033 0.0957611312221
v 0.172170329283 0.14548467536 0.10321637368
v 0.171860964605 0.136699112147 0.103200353043
v 0.170404724122 0.136269557255 0.105582479245
v 0.171459985636 0.145927128253 0.10441750862
v 0.150797759324 0.0786055189452 -0.0864912758005
v 0.151272016157 0.0793677656925 -0.0850252378682
v 0.154447821347 0.084472061525 -0.0752080870118
v 0.15470159352 0.0854347960102 -0.0724249078723
v 0.155464194325 0.0883278716509 -0.0640612854037
v 0.155316150611 0.0888806231623 -0.0616706966068
v 0.154779354044 0.0908848630264 -0.0530025821536
v 0.154604117631 0.0910911973658 -0.05178647651
v 0.168310072846 0.135093390206 0.0697339636091
v 0.168765348248 0.135886824957 0.0713635652693
v 0.171455043819 0.140574312863 0.0809909959522
v 0.171806400418 0.14159208045 0.0837090965192
v 0.172898801532 0.144756416769 0.0921599299374
v 0.172635212408 0.145237410827 0.0946038183119
v 0.171708870201 0.146927788222 0.103192476742
v 0.171306858895 0.146874098814 0.104083849177
f 1 3 2
f 1 4 3
f 1 5 4
f 1 6 5
f 1 7 6
f 1 2 7
f 6 9 8
f 6 7 9
f 6 8 10
f 6 10 5
f 8 11 10
f 8 12 11
f 8 13 12
f 8 9 13
f 12 15 14
f 12 13 15
f 12 14 16
f 12 16 11
f 14 17 16
f 14 18 17
f 14 19 18
f 14 15 19
f 18 21 20
f 18 19 21
f 18 20 22
f 18 22 17
f 20 23 22
f 20 24 23
f 20 25 24
f 20 21 25
f 24 25 26
f 24 26 23
f 27 29 28
f 27 30 29
f 27 31 30
f 27 32 31
f 27 33 32
f 27 28 33
f 32 35 34
f 32 33 35
f 32 34 36
f 32 36 31
f 34 37 36
f 34 38 37
f 34 39 38
f 34 35 39
f 38 41 40
f 38 39 41
f 38 40 42
f 38 42 37
f 40 43 42
f 40 44 43
f 40 45 44
f 40 41 45
f 44 47 46
f 44 45 47
f 44 46 48
f 44 48 43
f 46 49 48
f 46 50 49
f 46 51 50
f 46 47 51
f 50 51 52
f 50 52 49
f 53 55 54
f 53 56 55
f 53 57 56
f 53 58 57
f 4 58 53
f 4 5 58
f 4 53 54
f 4 54 3
f 5 59 58
f 58 59 60
f 58 60 57
f 59 61 60
f 59 62 61
f 10 62 59
f 10 11 62
f 10 59 5
f 11 63 62
f 62 63 64
f 62 64 61
f 63 65 64
f 63 66 65
f 16 66 63
f 16 17 66
f 16 63 11
f 17 67 66
f 66 67 68
f 66 68 65
f 67 69 68
f 67 70 69
f 22 70 67
f 22 23 70
f 22 67 17
f 23 71 70
f 70 71 72
f 70 72 69
f 71 73 72
f 71 74 73
f 71 75 74
f 23 75 71
f 23 26 75
f 74 75 76
f 74 76 73
f 77 79 78
f 77 80 79
f 77 81 80
f 77 82 81
f 77 83 82
f 77 78 83
f 82 85 84
f 82 83 85
f 82 84 86
f 82 86 81
f 84 87 86
f 84 88 87
f 30 88 84
f 30 31 88
f 30 84 85
f 30 85 29
f 31 89 88
f 88 89 90
f 88 90 87
f 89 91 90
f 89 92 91
f 36 92 89
f 36 37 92
f 36 89 31
f 37 93 92
f 92 93 94
f 92 94 91
f 93 95 94
f 93 96 95
f 42 96 93
f 42 43 96
f 42 93 37
f 43 97 96
f 96 97 98
f 96 98 95
f 97 99 98
f 97 100 99
f 48 100 97
f 48 49 100
f 48 97 43
f 49 101 100
f 49 102 101
f 100 101 99
f 49 52 102
f 103 105 104
f 103 106 105
f 103 107 106
f 103 108 107
f 56 108 103
f 56 57 108
f 56 103 104
f 56 104 55
f 57 109 108
f 108 109 110
f 108 110 107
f 109 111 110
f 109 112 111
f 60 112 109
f 60 61 112
f 60 109 57
f 61 113 112
f 112 113 114
f 112 114 111
f 113 115 114
f 113 116 115
f 64 116 113
f 64 65 116
f 64 113 61
f 65 117 116
f 116 117 118
f 116 118 115
f 117 119 118
f 117 120 119
f 68 120 117
f 68 69 120
f 68 117 65
f 69 121 120
f 120 121 122
f 120 122 119
f 121 123 122
f 121 124 123
f 72 124 121
f 72 73 124
f 72 121 69
f 73 125 124
f 73 126 125
f 124 125 123
f 73 76 126
f 127 129 128
f 127 130 129
f 127 131 130
f 127 132 131
f 80 132 127
f 80 81 132
f 80 127 128
f 80 128 79
f 81 133 132
f 132 133 134
f 132 134 131
f 133 135 134
f 133 136 135
f 86 136 133
f 86 87 136
f 86 133 81
f 87 137 136
f 136 137 138
f 136 138 135
f 137 139 138
f 137 140 139
f 90 140 137
f 90 91 140
f 90 137 87
f 91 141 140
f 140 141 142
f 140 142 139
f 141 143 142
f 141 144 143
f 94 144 141
f 94 95 144
f 94 141 91
f 95 145 144
f 144 145 146
f 144 146 143
f 145 147 146
f 145 148 147
f 98 148 145
f 98 99 148
f 98 145 95
f 99 149 148
f 99 150 149
f 148 149 147
f 99 101 150
f 151 153 152
f 151 154 153
f 151 155 154
f 151 156 155
f 106 156 151
f 106 107 156
f 106 151 152
f 106 152 105
f 107 157 156
f 156 157 158
f 156 158 155
f 157 159 158
f 157 160 159
f 110 160 157
f 110 111 160
f 110 157 107
f 111 161 160
f 160 161 162
f 160 162 159
f 161 163 162
f 161 164 163
f 114 164 161
f 114 115 164
f 114 161 111
f 115 165 164
f 164 165 166
f 164 166 163
f 165 167 166
f 165 168 167
f 118 168 165
f 118 119 168
f 118 165 115
f 119 169 168
f 119 170 169
f 168 169 167
f 122 123 171
f 122 170 119
f 122 171 170
f 123 172 171
f 123 125 172
f 130 131 173
f 130 173 129
f 131 174 175
f 131 175 173
f 174 176 175
f 174 177 176
f 174 178 177
f 134 178 174
f 134 135 178
f 134 174 131
f 135 179 178
f 178 179 180
f 178 180 177
f 179 181 180
f 179 182 181
f 138 182 179
f 138 139 182
f 138 179 135
f 139 183 182
f 182 183 184
f 182 184 181
f 183 185 184
f 183 186 185
f 142 186 183
f 142 143 186
f 142 183 139
f 143 187 186
f 186 187 188
f 186 188 185
f 187 189 188
f 187 190 189
f 146 190 187
f 146 147 190
f 146 187 143
f 147 191 190
f 147 192 191
f 190 191 189
f 147 149 192
f 154 155 193
f 154 193 153
f 155 194 195
f 155 195 193
f 194 196 195
f 194 197 196
f 194 198 197
f 158 198 194
f 158 159 198
f 158 194 155
f 159 199 198
f 198 199 200
f 198 200 197
f 199 201 200
f 199 202 201
f 162 202 199
f 162 163 202
f 162 199 159
f 163 203 202
f 163 204 203
f 202 203 201
f 166 167 205
f 166 204 163
f 166 205 204
f 167 206 205
f 167 169 206
f 176 177 207
f 176 207 175
f 177 208 209
f 177 209 207
f 208 210 209
f 208 211 210
f 208 212 211
f 180 212 208
f 180 181 212
f 180 208 177
f 181 213 212
f 212 213 214
f 212 214 211
f 213 215 214
f 213 216 215
f 184 216 213
f 184 185 216
f 184 213 181
f 185 217 216
f 185 218 217
f 216 217 215
f 188 189 219
f 188 218 185
f 188 219 218
f 189 220 219
f 189 191 220
f 196 197 221
f 196 221 195
f 197 222 221
f 200 201 223
f 200 222 197
f 200 223 222
f 201 224 223
f 201 203 224
f 210 211 225
f 210 225 209
f 211 226 225
f 214 215 227
f 214 226 211
f 214 227 226
f 215 228 227
f 215 217 228
f 229 231 230
f 229 232 231
f 229 233 232
f 229 234 233
f 229 235 234
f 229 230 235
f 234 237 236
f 234 235 237
f 234 236 238
f 234 238 233
f 236 239 238
f 236 240 239
f 236 241 240
f 236 237 241
f 240 241 242
f 240 242 239
f 243 245 244
f 243 246 245
f 243 247 246
f 243 248 247
f 243 249 248
f 243 244 249
f 248 251 250
f 248 249 251
f 248 250 252
f 248 252 247
f 250 253 252
f 250 254 253
f 250 255 254
f 250 251 255
f 254 255 256
f 254 256 253
f 257 259 258
f 257 260 259
f 257 261 260
f 257 262 261
f 257 263 262
f 257 258 263
f 262 265 264
f 262 263 265
f 262 264 266
f 262 266 261
f 264 267 266
f 264 268 267
f 232 268 264
f 232 233 268
f 232 264 265
f 232 265 231
f 233 269 268
f 268 269 270
f 268 270 267
f 269 271 270
f 269 272 271
f 238 272 269
f 238 239 272
f 238 269 233
f 239 273 272
f 272 273 274
f 272 274 271
f 273 275 274
f 273 276 275
f 273 277 276
f 239 277 273
f 239 242 277
f 276 277 278
f 276 278 275
f 279 281 280
f 279 282 281
f 279 283 282
f 279 284 283
f 279 285 284
f 279 280 285
f 284 287 286
f 284 285 287
f 284 286 288
f 284 288 283
f 286 289 288
f 286 290 289
f 246 290 286
f 246 247 290
f 246 286 287
f 246 287 245
f 247 291 290
f 290 291 292
f 290 292 289
f 291 293 292
f 291 294 293
f 252 294 291
f 252 253 294
f 252 291 247
f 253 295 294
f 294 295 296
f 294 296 293
f 295 297 296
f 295 298 297
f 295 299 298
f 253 299 295
f 253 256 299
f 298 299 300
f 298 300 297
f 301 303 302
f 301 304 303
f 301 305 304
f 301 306 305
f 260 306 301
f 260 261 306
f 260 301 302
f 260 302 259
f 261 307 306
f 306 307 308
f 306 308 305
f 307 309 308
f 307 310 309
f 266 310 307
f 266 267 310
f 266 307 261
f 267 311 310
f 310 311 312
f 310 312 309
f 311 313 312
f 311 314 313
f 270 314 311
f 270 271 314
f 270 311 267
f 271 315 314
f 314 315 316
f 314 316 313
f 315 317 316
f 315 318 317
f 274 318 315
f 274 275 318
f 274 315 271
f 275 319 318
f 318 319 320
f 318 320 317
f 319 321 320
f 319 322 321
f 319 323 322
f 275 323 319
f 275 278 323
f 322 323 324
f 322 324 321
f 325 327 326
f 325 328 327
f 325 329 328
f 325 330 329
f 325 331 330
f 325 326 331
f 330 333 332
f 330 331 333
f 330 332 334
f 330 334 329
f 332 335 334
f 332 336 335
f 282 336 332
f 282 283 336
f 282 332 333
f 282 333 281
f 283 337 336
f 336 337 338
f 336 338 335
f 337 339 338
f 337 340 339
f 288 340 337
f 288 289 340
f 288 337 283
f 289 341 340
f 340 341 342
f 340 342 339
f 341 343 342
f 341 344 343
f 292 344 341
f 292 293 344
f 292 341 289
f 293 345 344
f 344 345 346
f 344 346 343
f 345 347 346
f 345 348 347
f 296 348 345
f 296 297 348
f 296 345 293
f 297 349 348
f 297 350 349
f 348 349 347
f 297 300 350
f 351 353 352
f 351 354 353
f 351 355 354
f 351 356 355
f 304 356 351
f 304 305 356
f 304 351 352
f 304 352 303
f 305 357 356
f 356 357 358
f 356 358 355
f 357 359 358
f 357 360 359
f 308 360 357
f 308 309 360
f 308 357 305
f 309 361 360
f 360 361 362
f 360 362 359
f 361 363 362
f 361 364 363
f 312 364 361
f 312 313 364
f 312 361 309
f 313 365 364
f 364 365 366
f 364 366 363
f 365 367 366
f 365 368 367
f 316 368 365
f 316 317 368
f 316 365 313
f 317 369 368
f 368 369 370
f 368 370 367
f 369 371 370
f 369 372 371
f 320 372 369
f 320 321 372
f 320 369 317
f 321 373 372
f 321 374 373
f 372 373 371
f 321 324 374
f 375 377 376
f 375 378 377
f 375 379 378
f 375 380 379
f 328 380 375
f 328 329 380
f 328 375 376
f 328 376 327
f 329 381 380
f 380 381 382
f 380 382 379
f 381 383 382
f 381 384 383
f 334 384 381
f 334 335 384
f 334 381 329
f 335 385 384
f 384 385 386
f 384 386 383
f 385 387 386
f 385 388 387
f 338 388 385
f 338 339 388
f 338 385 335
f 339 389 388
f 388 389 390
f 388 390 387
f 389 391 390
f 389 392 391
f 342 392 389
f 342 343 392
f 342 389 339
f 343 393 392
f 392 393 394
f 392 394 391
f 393 395 394
f 393 396 395
f 346 396 393
f 346 347 396
f 346 393 343
f 347 397 396
f 347 398 397
f 396 397 395
f 347 349 398
f 399 401 400
f 399 402 401
f 399 403 402
f 399 404 403
f 354 404 399
f 354 355 404
f 354 399 400
f 354 400 353
f 355 405 404
f 404 405 406
f 404 406 403
f 405 407 406
f 405 408 407
f 358 408 405
f 358 359 408
f 358 405 355
f 359 409 408
f 408 409 410
f 408 410 407
f 409 411 410
f 409 412 411
f 362 412 409
f 362 363 412
f 362 409 359
f 363 413 412
f 412 413 414
f 412 414 411
f 413 415 414
f 413 416 415
f 366 416 413
f 366 367 416
f 366 413 363
f 367 417 416
f 367 418 417
f 416 417 415
f 370 371 419
f 370 418 367
f 370 419 418
f 371 420 419
f 371 373 420
f 378 379 421
f 378 421 377
f 379 422 423
f 379 423 421
f 422 424 423
f 422 425 424
f 422 426 425
f 382 426 422
f 382 383 426
f 382 422 379
f 383 427 426
f 426 427 428
f 426 428 425
f 427 429 428
f 427 430 429
f 386 430 427
f 386 387 430
f 386 427 383
f 387 431 430
f 430 431 432
f 430 432 429
f 431 433 432
f 431 434 433
f 390 434 431
f 390 391 434
f 390 431 387
f 391 435 434
f 434 435 436
f 434 436 433
f 435 437 436
f 435 438 437
f 394 438 435
f 394 395 438
f 394 435 391
f 395 439 438
f 395 440 439
f 438 439 437
f 395 397 440
f 402 403 441
f 402 441 401
f 403 442 441
f 406 407 443
f 406 442 403
f 406 443 442
f 407 444 443
f 410 411 445
f 410 444 407
f 410 445 444
f 411 446 445
f 414 415 447
f 414 446 411
f 414 447 446
f 415 448 447
f 415 417 448
f 424 425 449
f 424 449 423
f 425 450 449
f 428 429 451
f 428 450 425
f 428 451 450
f 429 452 451
f 432 433 453
f 432 452 429
f 432 453 452
f 433 454 453
f 436 437 455
f 436 454 433
f 436 455 454
f 437 456 455
f 437 439 456
f 457 459 458
f 457 460 459
f 457 461 460
f 457 462 461
f 457 463 462
f 457 458 463
f 462 465 464
f 462 463 465
f 462 464 466
f 462 466 461
f 464 467 466
f 464 468 467
f 464 469 468
f 464 465 469
f 468 471 470
f 468 469 471
f 468 470 472
f 468 472 467
f 470 473 472
f 470 474 473
f 470 475 474
f 470 471 475
f 474 477 476
f 474 475 477
f 474 476 478
f 474 478 473
f 476 479 478
f 476 480 479
f 476 481 480
f 476 477 481
f 480 481 482
f 480 482 479
f 483 485 484
f 483 486 485
f 483 487 486
f 483 488 487
f 483 489 488
f 483 484 489
f 488 491 490
f 488 489 491
f 488 490 492
f 488 492 487
f 490 493 492
f 490 494 493
f 490 495 494
f 490 491 495
f 494 497 496
f 494 495 497
f 494 496 498
f 494 498 493
f 496 499 498
f 496 500 499
f 496 501 500
f 496 497 501
f 500 503 502
f 500 501 503
f 500 502 504
f 500 504 499
f 502 505 504
f 502 506 505
f 502 507 506
f 502 503 507
f 506 507 508
f 506 508 505
f 509 511 510
f 509 512 511
f 509 513 512
f 509 514 513
f 509 515 514
f 509 510 515
f 514 517 516
f 514 515 517
f 514 516 518
f 514 518 513
f 2 518 516
f 2 3 518
f 2 516 519
f 2 519 7
f 460 519 516
f 460 461 519
f 460 516 517
f 460 517 459
f 461 520 519
f 519 520 7
f 7 520 9
f 9 520 521
f 9 521 13
f 466 521 520
f 466 467 521
f 466 520 461
f 467 522 521
f 521 522 13
f 13 522 15
f 15 522 523
f 15 523 19
f 472 523 522
f 472 473 523
f 472 522 467
f 473 524 523
f 523 524 19
f 19 524 21
f 21 524 525
f 21 525 25
f 478 525 524
f 478 479 525
f 478 524 473
f 479 526 525
f 525 526 25
f 25 526 527
f 25 527 26
f 526 528 527
f 526 529 528
f 479 529 526
f 479 482 529
f 528 531 530
f 528 529 531
f 528 530 532
f 528 532 527
f 530 533 532
f 530 534 533
f 530 535 534
f 530 531 535
f 534 535 536
f 534 536 533
f 537 539 538
f 537 540 539
f 537 541 540
f 537 542 541
f 537 543 542
f 537 538 543
f 542 545 544
f 542 543 545
f 542 544 546
f 542 546 541
f 544 547 546
f 544 548 547
f 544 549 548
f 544 545 549
f 548 551 550
f 548 549 551
f 548 550 552
f 548 552 547
f 28 552 550
f 28 29 552
f 28 550 553
f 28 553 33
f 486 553 550
f 486 487 553
f 486 550 551
f 486 551 485
f 487 554 553
f 553 554 33
f 33 554 35
f 35 554 555
f 35 555 39
f 492 555 554
f 492 493 555
f 492 554 487
f 493 556 555
f 555 556 39
f 39 556 41
f 41 556 557
f 41 557 45
f 498 557 556
f 498 499 557
f 498 556 493
f 499 558 557
f 557 558 45
f 45 558 47
f 47 558 559
f 47 559 51
f 504 559 558
f 504 505 559
f 504 558 499
f 505 560 559
f 559 560 51
f 51 560 561
f 51 561 52
f 560 562 561
f 560 563 562
f 505 563 560
f 505 508 563
f 562 563 564
f 562 564 561
f 565 567 566
f 565 568 567
f 565 569 568
f 565 570 569
f 512 570 565
f 512 513 570
f 512 565 566
f 512 566 511
f 513 571 570
f 570 571 572
f 570 572 569
f 54 572 571
f 54 55 572
f 54 571 3
f 3 571 518
f 518 571 513
f 26 573 75
f 26 527 573
f 527 574 573
f 573 574 75
f 75 574 575
f 75 575 76
f 574 576 575
f 532 576 574
f 532 533 576
f 532 574 527
f 533 577 576
f 576 577 578
f 576 578 575
f 577 579 578
f 577 580 579
f 577 581 580
f 533 581 577
f 533 536 581
f 580 583 582
f 580 581 583
f 580 582 584
f 580 584 579
f 582 585 584
f 582 586 585
f 582 587 586
f 582 583 587
f 586 587 588
f 586 588 585
f 589 591 590
f 589 592 591
f 589 593 592
f 589 594 593
f 589 595 594
f 589 590 595
f 594 597 596
f 594 595 597
f 594 596 598
f 594 598 593
f 596 599 598
f 596 600 599
f 596 601 600
f 596 597 601
f 600 603 602
f 600 601 603
f 600 602 604
f 600 604 599
f 602 605 604
f 602 606 605
f 540 606 602
f 540 541 606
f 540 602 603
f 540 603 539
f 541 607 606
f 606 607 608
f 606 608 605
f 78 608 607
f 78 79 608
f 78 607 609
f 78 609 83
f 546 609 607
f 546 547 609
f 546 607 541
f 547 610 609
f 609 610 83
f 83 610 85
f 85 610 29
f 29 610 552
f 552 610 547
f 102 611 101
f 102 612 611
f 102 52 612
f 52 561 612
f 561 613 612
f 561 614 613
f 612 613 611
f 561 564 614
f 615 617 616
f 615 618 617
f 615 619 618
f 615 620 619
f 568 620 615
f 568 569 620
f 568 615 616
f 568 616 567
f 569 621 620
f 620 621 622
f 620 622 619
f 104 622 621
f 104 105 622
f 104 621 55
f 55 621 572
f 572 621 569
f 126 623 125
f 126 624 623
f 126 76 624
f 76 575 624
f 575 625 624
f 624 625 626
f 624 626 623
f 625 627 626
f 625 628 627
f 578 628 625
f 578 579 628
f 578 625 575
f 579 629 628
f 579 630 629
f 628 629 627
f 584 585 631
f 584 630 579
f 584 631 630
f 585 632 631
f 585 588 632
f 592 593 633
f 592 633 591
f 593 634 635
f 593 635 633
f 634 636 635
f 634 637 636
f 634 638 637
f 598 638 634
f 598 599 638
f 598 634 593
f 599 639 638
f 638 639 640
f 638 640 637
f 639 641 640
f 639 642 641
f 604 642 639
f 604 605 642
f 604 639 599
f 605 643 642
f 642 643 644
f 642 644 641
f 128 644 643
f 128 129 644
f 128 643 79
f 79 643 608
f 608 643 605
f 150 645 149
f 150 646 645
f 150 101 646
f 101 611 646
f 611 647 646
f 611 648 647
f 646 647 645
f 611 613 648
f 649 651 650
f 649 652 651
f 649 653 652
f 649 654 653
f 618 654 649
f 618 619 654
f 618 649 650
f 618 650 617
f 619 655 654
f 654 655 656
f 654 656 653
f 152 656 655
f 152 153 656
f 152 655 105
f 105 655 622
f 622 655 619
f 170 657 169
f 170 171 657
f 171 658 657
f 171 659 658
f 171 172 659
f 172 660 659
f 172 125 660
f 125 623 660
f 623 661 660
f 623 662 661
f 660 661 659
f 626 627 663
f 626 662 623
f 626 663 662
f 627 664 663
f 627 629 664
f 636 637 665
f 636 665 635
f 637 666 667
f 637 667 665
f 666 668 667
f 666 669 668
f 666 670 669
f 640 670 666
f 640 641 670
f 640 666 637
f 641 671 670
f 670 671 672
f 670 672 669
f 671 673 672
f 129 673 671
f 129 173 673
f 129 671 644
f 644 671 641
f 173 674 673
f 173 175 674
f 192 675 191
f 192 676 675
f 192 149 676
f 149 645 676
f 645 677 676
f 645 678 677
f 676 677 675
f 645 647 678
f 652 653 679
f 652 679 651
f 653 680 681
f 653 681 679
f 680 682 681
f 680 683 682
f 153 683 680
f 153 193 683
f 153 680 656
f 656 680 653
f 193 684 683
f 193 195 684
f 204 685 203
f 204 205 685
f 205 686 685
f 205 687 686
f 205 206 687
f 206 688 687
f 206 169 688
f 169 657 688
f 657 689 688
f 657 690 689
f 688 689 687
f 658 659 691
f 658 690 657
f 658 691 690
f 659 692 691
f 659 661 692
f 668 669 693
f 668 693 667
f 669 694 695
f 669 695 693
f 694 696 695
f 694 697 696
f 694 698 697
f 672 698 694
f 672 673 698
f 672 694 669
f 673 699 698
f 698 699 700
f 698 700 697
f 699 701 700
f 175 701 699
f 175 207 701
f 175 699 674
f 674 699 673
f 207 702 701
f 207 209 702
f 218 703 217
f 218 219 703
f 704 705 706
f 219 706 703
f 219 704 706
f 219 220 704
f 220 191 704
f 191 675 707
f 191 707 704
f 704 707 705
f 675 708 707
f 675 677 708
f 709 711 710
f 709 712 711
f 709 713 712
f 709 714 713
f 682 714 709
f 682 683 714
f 682 709 710
f 682 710 681
f 683 715 714
f 714 715 716
f 714 716 713
f 715 717 716
f 195 717 715
f 195 221 717
f 195 715 684
f 684 715 683
f 221 718 717
f 221 719 718
f 221 222 719
f 222 223 719
f 223 720 719
f 223 721 720
f 223 224 721
f 224 722 721
f 224 203 722
f 203 685 722
f 685 723 722
f 685 724 723
f 722 723 721
f 686 687 725
f 686 724 685
f 686 725 724
f 687 726 725
f 687 689 726
f 696 697 727
f 696 727 695
f 697 728 729
f 697 729 727
f 728 730 729
f 728 731 730
f 728 732 731
f 700 732 728
f 700 701 732
f 700 728 697
f 701 733 732
f 732 733 734
f 732 734 731
f 733 735 734
f 209 735 733
f 209 225 735
f 209 733 702
f 702 733 701
f 225 736 735
f 225 737 736
f 225 226 737
f 226 227 737
f 227 738 737
f 227 739 738
f 227 228 739
f 228 740 739
f 228 217 740
f 217 703 740
f 703 741 740
f 703 742 741
f 740 741 739
f 703 706 742
f 712 713 743
f 712 743 711
f 713 744 745
f 713 745 743
f 744 746 745
f 744 747 746
f 744 748 747
f 716 748 744
f 716 717 748
f 716 744 713
f 717 749 748
f 748 749 750
f 748 750 747
f 749 751 750
f 749 752 751
f 718 752 749
f 718 719 752
f 718 749 717
f 719 753 752
f 719 754 753
f 752 753 751
f 720 721 755
f 720 754 719
f 720 755 754
f 721 756 755
f 721 723 756
f 730 731 757
f 730 757 729
f 731 758 759
f 731 759 757
f 758 760 759
f 758 761 760
f 758 762 761
f 734 762 758
f 734 735 762
f 734 758 731
f 735 763 762
f 762 763 764
f 762 764 761
f 763 765 764
f 763 766 765
f 736 766 763
f 736 737 766
f 736 763 735
f 737 767 766
f 737 768 767
f 766 767 765
f 738 739 769
f 738 768 737
f 738 769 768
f 739 770 769
f 739 741 770
f 771 773 772
f 771 774 773
f 771 775 774
f 771 776 775
f 746 776 771
f 746 747 776
f 746 771 772
f 746 772 745
f 747 777 776
f 747 778 777
f 776 777 775
f 750 751 779
f 750 778 747
f 750 779 778
f 751 780 779
f 751 753 780
f 760 761 781
f 760 781 759
f 761 782 783
f 761 783 781
f 782 784 783
f 782 785 784
f 782 786 785
f 764 786 782
f 764 765 786
f 764 782 761
f 765 787 786
f 765 788 787
f 786 787 785
f 765 767 788
f 774 775 789
f 774 789 773
f 775 790 789
f 775 777 790
f 784 785 791
f 784 791 783
f 785 792 791
f 785 787 792
f 793 795 794
f 793 796 795
f 793 797 796
f 793 798 797
f 793 799 798
f 793 794 799
f 798 799 800
f 798 800 797
f 801 803 802
f 801 804 803
f 801 805 804
f 801 806 805
f 801 807 806
f 801 802 807
f 806 807 808
f 806 808 805
f 809 811 810
f 809 812 811
f 809 813 812
f 809 814 813
f 796 814 809
f 796 797 814
f 796 809 810
f 796 810 795
f 797 815 814
f 814 815 816
f 814 816 813
f 815 817 816
f 815 818 817
f 815 819 818
f 797 819 815
f 797 800 819
f 818 819 820
f 818 820 817
f 821 823 822
f 821 824 823
f 821 825 824
f 821 826 825
f 821 827 826
f 821 822 827
f 826 829 828
f 826 827 829
f 826 828 830
f 826 830 825
f 828 831 830
f 828 832 831
f 804 832 828
f 804 805 832
f 804 828 829
f 804 829 803
f 805 833 832
f 805 834 833
f 832 833 831
f 805 808 834
f 835 837 836
f 835 838 837
f 835 839 838
f 835 840 839
f 835 841 840
f 835 836 841
f 840 843 842
f 840 841 843
f 840 842 844
f 840 844 839
f 842 845 844
f 842 846 845
f 812 846 842
f 812 813 846
f 812 842 843
f 812 843 811
f 813 847 846
f 846 847 848
f 846 848 845
f 847 849 848
f 847 850 849
f 816 850 847
f 816 817 850
f 816 847 813
f 817 851 850
f 850 851 852
f 850 852 849
f 851 853 852
f 851 854 853
f 851 855 854
f 817 855 851
f 817 820 855
f 854 855 856
f 854 856 853
f 857 859 858
f 857 860 859
f 857 861 860
f 857 862 861
f 857 863 862
f 857 858 863
f 862 865 864
f 862 863 865
f 862 864 866
f 862 866 861
f 864 867 866
f 864 868 867
f 824 868 864
f 824 825 868
f 824 864 865
f 824 865 823
f 825 869 868
f 868 869 870
f 868 870 867
f 869 871 870
f 869 872 871
f 830 872 869
f 830 831 872
f 830 869 825
f 831 873 872
f 872 873 874
f 872 874 871
f 873 875 874
f 873 876 875
f 873 877 876
f 831 877 873
f 831 833 877
f 876 877 878
f 876 878 875
f 879 881 880
f 879 882 881
f 879 883 882
f 879 884 883
f 838 884 879
f 838 839 884
f 838 879 880
f 838 880 837
f 839 885 884
f 884 885 886
f 884 886 883
f 230 886 885
f 230 231 886
f 230 885 887
f 230 887 235
f 844 887 885
f 844 845 887
f 844 885 839
f 845 888 887
f 887 888 235
f 235 888 237
f 237 888 889
f 237 889 241
f 848 889 888
f 848 849 889
f 848 888 845
f 849 890 889
f 889 890 241
f 241 890 891
f 241 891 242
f 890 892 891
f 852 892 890
f 852 853 892
f 852 890 849
f 853 893 892
f 892 893 894
f 892 894 891
f 893 895 894
f 893 896 895
f 893 897 896
f 853 897 893
f 853 856 897
f 896 897 898
f 896 898 895
f 899 901 900
f 899 902 901
f 899 903 902
f 899 904 903
f 899 905 904
f 899 900 905
f 904 907 906
f 904 905 907
f 904 906 908
f 904 908 903
f 906 909 908
f 906 910 909
f 860 910 906
f 860 861 910
f 860 906 907
f 860 907 859
f 861 911 910
f 910 911 912
f 910 912 909
f 244 912 911
f 244 245 912
f 244 911 913
f 244 913 249
f 866 913 911
f 866 867 913
f 866 911 861
f 867 914 913
f 913 914 249
f 249 914 251
f 251 914 915
f 251 915 255
f 870 915 914
f 870 871 915
f 870 914 867
f 871 916 915
f 915 916 255
f 255 916 917
f 255 917 256
f 916 918 917
f 874 918 916
f 874 875 918
f 874 916 871
f 875 919 918
f 875 920 919
f 918 919 917
f 875 878 920
f 921 923 922
f 921 924 923
f 921 925 924
f 921 926 925
f 921 927 926
f 921 922 927
f 926 929 928
f 926 927 929
f 926 928 930
f 926 930 925
f 258 930 928
f 258 259 930
f 258 928 931
f 258 931 263
f 882 931 928
f 882 883 931
f 882 928 929
f 882 929 881
f 883 932 931
f 931 932 263
f 263 932 265
f 265 932 231
f 231 932 886
f 886 932 883
f 242 933 277
f 242 891 933
f 891 934 933
f 933 934 277
f 277 934 935
f 277 935 278
f 934 936 935
f 894 936 934
f 894 895 936
f 894 934 891
f 895 937 936
f 936 937 938
f 936 938 935
f 937 939 938
f 937 940 939
f 937 941 940
f 895 941 937
f 895 898 941
f 940 941 942
f 940 942 939
f 943 945 944
f 943 946 945
f 943 947 946
f 943 948 947
f 943 949 948
f 943 944 949
f 948 951 950
f 948 949 951
f 948 950 952
f 948 952 947
f 950 953 952
f 950 954 953
f 902 954 950
f 902 903 954
f 902 950 951
f 902 951 901
f 903 955 954
f 954 955 956
f 954 956 953
f 280 956 955
f 280 281 956
f 280 955 957
f 280 957 285
f 908 957 955
f 908 909 957
f 908 955 903
f 909 958 957
f 957 958 285
f 285 958 287
f 287 958 245
f 245 958 912
f 912 958 909
f 256 959 299
f 256 917 959
f 917 960 959
f 959 960 299
f 299 960 961
f 299 961 300
f 960 962 961
f 960 963 962
f 917 963 960
f 917 919 963
f 962 963 964
f 962 964 961
f 965 967 966
f 965 968 967
f 965 969 968
f 965 970 969
f 924 970 965
f 924 925 970
f 924 965 966
f 924 966 923
f 925 971 970
f 970 971 972
f 970 972 969
f 302 972 971
f 302 303 972
f 302 971 259
f 259 971 930
f 930 971 925
f 278 973 323
f 278 935 973
f 935 974 973
f 973 974 323
f 323 974 975
f 323 975 324
f 974 976 975
f 938 976 974
f 938 939 976
f 938 974 935
f 939 977 976
f 976 977 978
f 976 978 975
f 977 979 978
f 977 980 979
f 977 981 980
f 939 981 977
f 939 942 981
f 980 981 982
f 980 982 979
f 983 985 984
f 983 986 985
f 983 987 986
f 983 988 987
f 983 989 988
f 983 984 989
f 988 991 990
f 988 989 991
f 988 990 992
f 988 992 987
f 990 993 992
f 990 994 993
f 946 994 990
f 946 947 994
f 946 990 991
f 946 991 945
f 947 995 994
f 994 995 996
f 994 996 993
f 326 996 995
f 326 327 996
f 326 995 997
f 326 997 331
f 952 997 995
f 952 953 997
f 952 995 947
f 953 998 997
f 997 998 331
f 331 998 333
f 333 998 281
f 281 998 956
f 956 998 953
f 350 999 349
f 350 1000 999
f 350 300 1000
f 300 961 1000
f 961 1001 1000
f 961 1002 1001
f 1000 1001 999
f 961 964 1002
f 1003 1005 1004
f 1003 1006 1005
f 1003 1007 1006
f 1003 1008 1007
f 968 1008 1003
f 968 969 1008
f 968 1003 1004
f 968 1004 967
f 969 1009 1008
f 1008 1009 1010
f 1008 1010 1007
f 352 1010 1009
f 352 353 1010
f 352 1009 303
f 303 1009 972
f 972 1009 969
f 374 1011 373
f 374 1012 1011
f 374 324 1012
f 324 975 1012
f 975 1013 1012
f 1012 1013 1014
f 1012 1014 1011
f 1013 1015 1014
f 1013 1016 1015
f 978 1016 1013
f 978 979 1016
f 978 1013 975
f 979 1017 1016
f 1016 1017 1018
f 1016 1018 1015
f 1017 1019 1018
f 1017 1020 1019
f 1017 1021 1020
f 979 1021 1017
f 979 982 1021
f 1020 1021 1022
f 1020 1022 1019
f 1023 1025 1024
f 1023 1026 1025
f 1023 1027 1026
f 1023 1028 1027
f 1023 1029 1028
f 1023 1024 1029
f 1028 1031 1030
f 1028 1029 1031
f 1028 1030 1032
f 1028 1032 1027
f 1030 1033 1032
f 1030 1034 1033
f 986 1034 1030
f 986 987 1034
f 986 1030 1031
f 986 1031 985
f 987 1035 1034
f 1034 1035 1036
f 1034 1036 1033
f 1035 1037 1036
f 1035 1038 1037
f 992 1038 1035
f 992 993 1038
f 992 1035 987
f 993 1039 1038
f 1038 1039 1040
f 1038 1040 1037
f 376 1040 1039
f 376 377 1040
f 376 1039 327
f 327 1039 996
f 996 1039 993
f 398 1041 397
f 398 1042 1041
f 398 349 1042
f 349 999 1042
f 999 1043 1042
f 999 1044 1043
f 1042 1043 1041
f 999 1001 1044
f 1045 1047 1046
f 1045 1048 1047
f 1045 1049 1048
f 1045 1050 1049
f 1006 1050 1045
f 1006 1007 1050
f 1006 1045 1046
f 1006 1046 1005
f 1007 1051 1050
f 1050 1051 1052
f 1050 1052 1049
f 400 1052 1051
f 400 401 1052
f 400 1051 353
f 353 1051 1010
f 1010 1051 1007
f 418 1053 417
f 418 419 1053
f 419 1054 1053
f 419 1055 1054
f 419 420 1055
f 420 1056 1055
f 420 373 1056
f 373 1011 1056
f 1011 1057 1056
f 1011 1058 1057
f 1056 1057 1055
f 1014 1015 1059
f 1014 1058 1011
f 1014 1059 1058
f 1015 1060 1059
f 1018 1019 1061
f 1018 1060 1015
f 1018 1061 1060
f 1019 1062 1061
f 1019 1022 1062
f 1026 1027 1063
f 1026 1063 1025
f 1027 1064 1063
f 1032 1033 1065
f 1032 1064 1027
f 1032 1065 1064
f 1033 1066 1067
f 1033 1067 1065
f 1066 1068 1067
f 1066 1069 1068
f 1066 1070 1069
f 1036 1070 1066
f 1036 1037 1070
f 1036 1066 1033
f 1037 1071 1070
f 1070 1071 1072
f 1070 1072 1069
f 1071 1073 1072
f 377 1073 1071
f 377 421 1073
f 377 1071 1040
f 1040 1071 1037
f 421 1074 1073
f 421 423 1074
f 440 1075 439
f 440 1076 1075
f 440 397 1076
f 397 1041 1076
f 1041 1077 1076
f 1041 1078 1077
f 1076 1077 1075
f 1041 1043 1078
f 1048 1049 1079
f 1048 1079 1047
f 1049 1080 1081
f 1049 1081 1079
f 1080 1082 1081
f 1080 1083 1082
f 401 1083 1080
f 401 441 1083
f 401 1080 1052
f 1052 1080 1049
f 441 1084 1083
f 441 1085 1084
f 441 442 1085
f 442 443 1085
f 443 1086 1085
f 443 1087 1086
f 443 444 1087
f 444 445 1087
f 445 1088 1087
f 445 1089 1088
f 445 446 1089
f 446 447 1089
f 1090 1091 1092
f 447 1092 1089
f 447 1090 1092
f 447 448 1090
f 448 417 1090
f 417 1053 1093
f 417 1093 1090
f 1090 1093 1091
f 1053 1094 1093
f 1054 1055 1095
f 1054 1094 1053
f 1054 1095 1094
f 1055 1096 1095
f 1055 1057 1096
f 1068 1069 1097
f 1068 1097 1067
f 1069 1098 1097
f 1072 1073 1099
f 1072 1098 1069
f 1072 1099 1098
f 1073 1100 1101
f 1073 1101 1099
f 1100 1102 1101
f 1100 1103 1102
f 423 1103 1100
f 423 449 1103
f 423 1100 1074
f 1074 1100 1073
f 449 1104 1103
f 449 1105 1104
f 449 450 1105
f 450 451 1105
f 451 1106 1105
f 451 1107 1106
f 451 452 1107
f 452 453 1107
f 453 1108 1107
f 453 1109 1108
f 453 454 1109
f 454 455 1109
f 1110 1111 1112
f 455 1112 1109
f 455 1110 1112
f 455 456 1110
f 456 439 1110
f 439 1075 1113
f 439 1113 1110
f 1110 1113 1111
f 1075 1114 1113
f 1075 1077 1114
f 1082 1083 1115
f 1082 1115 1081
f 1083 1116 1115
f 1084 1085 1117
f 1084 1116 1083
f 1084 1117 1116
f 1085 1118 1117
f 1086 1087 1119
f 1086 1118 1085
f 1086 1119 1118
f 1087 1120 1119
f 1088 1089 1121
f 1088 1120 1087
f 1088 1121 1120
f 1089 1122 1121
f 1089 1092 1122
f 1102 1103 1123
f 1102 1123 1101
f 1103 1124 1123
f 1104 1105 1125
f 1104 1124 1103
f 1104 1125 1124
f 1105 1126 1125
f 1106 1107 1127
f 1106 1126 1105
f 1106 1127 1126
f 1107 1128 1127
f 1108 1109 1129
f 1108 1128 1107
f 1108 1129 1128
f 1109 1130 1129
f 1109 1112 1130
f 1131 1133 1132
f 1131 1134 1133
f 458 1134 1131
f 458 459 1134
f 458 1131 1135
f 458 1135 463
f 1131 1136 1135
f 1131 1132 1136
f 1135 1138 1137
f 1135 1136 1138
f 1135 1137 463
f 463 1137 465
f 465 1137 1139
f 465 1139 469
f 1137 1140 1139
f 1137 1138 1140
f 1139 1142 1141
f 1139 1140 1142
f 1139 1141 469
f 469 1141 471
f 471 1141 1143
f 471 1143 475
f 1141 1144 1143
f 1141 1142 1144
f 1143 1146 1145
f 1143 1144 1146
f 1143 1145 475
f 475 1145 477
f 477 1145 1147
f 477 1147 481
f 1145 1148 1147
f 1145 1146 1148
f 1147 1150 1149
f 1147 1148 1150
f 1147 1149 481
f 481 1149 1151
f 481 1151 482
f 1149 1152 1151
f 1149 1153 1152
f 1149 1150 1153
f 1152 1153 1154
f 1152 1154 1151
f 1155 1157 1156
f 1155 1158 1157
f 1155 1159 1158
f 1155 1160 1159
f 1155 1161 1160
f 1155 1156 1161
f 1160 1163 1162
f 1160 1161 1163
f 1160 1162 1164
f 1160 1164 1159
f 484 1164 1162
f 484 485 1164
f 484 1162 1165
f 484 1165 489
f 1162 1166 1165
f 1162 1163 1166
f 1165 1168 1167
f 1165 1166 1168
f 1165 1167 489
f 489 1167 491
f 491 1167 1169
f 491 1169 495
f 1167 1170 1169
f 1167 1168 1170
f 1169 1172 1171
f 1169 1170 1172
f 1169 1171 495
f 495 1171 497
f 497 1171 1173
f 497 1173 501
f 1171 1174 1173
f 1171 1172 1174
f 1173 1176 1175
f 1173 1174 1176
f 1173 1175 501
f 501 1175 503
f 503 1175 1177
f 503 1177 507
f 1175 1178 1177
f 1175 1176 1178
f 1177 1178 1179
f 1177 1180 507
f 1177 1179 1180
f 507 1180 508
f 1181 1183 1182
f 1181 1184 1183
f 510 1184 1181
f 510 511 1184
f 510 1181 1185
f 510 1185 515
f 1181 1186 1185
f 1181 1182 1186
f 1185 1188 1187
f 1185 1186 1188
f 1185 1187 515
f 515 1187 517
f 517 1187 459
f 459 1187 1134
f 1134 1187 1188
f 1134 1188 1133
f 482 1189 529
f 482 1151 1189
f 1151 1190 1189
f 1189 1190 529
f 529 1190 531
f 531 1190 1191
f 531 1191 535
f 1190 1192 1191
f 1151 1192 1190
f 1151 1154 1192
f 1191 1194 1193
f 1191 1192 1194
f 1191 1193 535
f 535 1193 1195
f 535 1195 536
f 1193 1196 1195
f 1193 1197 1196
f 1193 1194 1197
f 1196 1199 1198
f 1196 1197 1199
f 1196 1198 1200
f 1196 1200 1195
f 1198 1201 1200
f 1198 1202 1201
f 1198 1203 1202
f 1198 1199 1203
f 1202 1203 1204
f 1202 1204 1201
f 1205 1207 1206
f 1205 1208 1207
f 1205 1209 1208
f 1205 1210 1209
f 1205 1211 1210
f 1205 1206 1211
f 1210 1213 1212
f 1210 1211 1213
f 1210 1212 1214
f 1210 1214 1209
f 1212 1215 1214
f 1212 1216 1215
f 1212 1217 1216
f 1212 1213 1217
f 1216 1219 1218
f 1216 1217 1219
f 1216 1218 1220
f 1216 1220 1215
f 538 1220 1218
f 538 539 1220
f 538 1218 1221
f 538 1221 543
f 1218 1222 1221
f 1218 1219 1222
f 1221 1224 1223
f 1221 1222 1224
f 1221 1223 543
f 543 1223 545
f 545 1223 1225
f 545 1225 549
f 1158 1225 1223
f 1158 1159 1225
f 1158 1223 1224
f 1158 1224 1157
f 1159 1226 1225
f 1225 1226 549
f 549 1226 551
f 551 1226 485
f 485 1226 1164
f 1164 1226 1159
f 508 1227 563
f 508 1228 1227
f 508 1180 1228
f 1180 1179 1228
f 1227 1228 1229
f 1227 1230 563
f 1227 1229 1230
f 563 1230 564
f 1231 1233 1232
f 1231 1234 1233
f 566 1234 1231
f 566 567 1234
f 566 1231 511
f 511 1231 1184
f 1184 1231 1232
f 1184 1232 1183
f 536 1235 581
f 536 1195 1235
f 1195 1236 1235
f 1235 1236 581
f 581 1236 583
f 583 1236 1237
f 583 1237 587
f 1200 1237 1236
f 1200 1201 1237
f 1200 1236 1195
f 1201 1238 1237
f 1237 1238 587
f 587 1238 1239
f 587 1239 588
f 1238 1240 1239
f 1238 1241 1240
f 1201 1241 1238
f 1201 1204 1241
f 1240 1243 1242
f 1240 1241 1243
f 1240 1242 1244
f 1240 1244 1239
f 1242 1245 1244
f 1242 1246 1245
f 1242 1247 1246
f 1242 1243 1247
f 1246 1249 1248
f 1246 1247 1249
f 1246 1248 1250
f 1246 1250 1245
f 590 1250 1248
f 590 591 1250
f 590 1248 1251
f 590 1251 595
f 1208 1251 1248
f 1208 1209 1251
f 1208 1248 1249
f 1208 1249 1207
f 1209 1252 1251
f 1251 1252 595
f 595 1252 597
f 597 1252 1253
f 597 1253 601
f 1214 1253 1252
f 1214 1215 1253
f 1214 1252 1209
f 1215 1254 1253
f 1253 1254 601
f 601 1254 603
f 603 1254 539
f 539 1254 1220
f 1220 1254 1215
f 1255 1256 1257
f 1255 1257 1258
f 614 1258 613
f 614 1255 1258
f 614 564 1255
f 564 1230 1255
f 1230 1229 1256
f 1230 1256 1255
f 1259 1261 1260
f 1259 1262 1261
f 616 1262 1259
f 616 617 1262
f 616 1259 567
f 567 1259 1234
f 1234 1259 1260
f 1234 1260 1233
f 630 1263 629
f 630 631 1263
f 631 1264 1263
f 631 1265 1264
f 631 632 1265
f 632 1266 1265
f 632 588 1266
f 588 1239 1266
f 1239 1267 1266
f 1266 1267 1268
f 1266 1268 1265
f 1267 1269 1268
f 1267 1270 1269
f 1244 1270 1267
f 1244 1245 1270
f 1244 1267 1239
f 1245 1271 1270
f 1270 1271 1272
f 1270 1272 1269
f 1271 1273 1272
f 591 1273 1271
f 591 633 1273
f 591 1271 1250
f 1250 1271 1245
f 633 1274 1273
f 633 635 1274
f 1275 1276 1277
f 1275 1277 1278
f 648 1278 647
f 648 1275 1278
f 648 613 1275
f 613 1258 1275
f 1258 1257 1276
f 1258 1276 1275
f 1279 1281 1280
f 1279 1282 1281
f 650 1282 1279
f 650 651 1282
f 650 1279 617
f 617 1279 1262
f 1262 1279 1280
f 1262 1280 1261
f 662 1283 661
f 662 663 1283
f 663 1284 1283
f 663 1285 1284
f 663 664 1285
f 664 1286 1285
f 664 629 1286
f 629 1263 1286
f 1263 1287 1286
f 1263 1288 1287
f 1286 1287 1285
f 1264 1265 1289
f 1264 1288 1263
f 1264 1289 1288
f 1265 1290 1289
f 1268 1269 1291
f 1268 1290 1265
f 1268 1291 1290
f 1269 1292 1293
f 1269 1293 1291
f 1292 1294 1293
f 1292 1295 1294
f 1292 1296 1295
f 1272 1296 1292
f 1272 1273 1296
f 1272 1292 1269
f 1273 1297 1296
f 1296 1297 1298
f 1296 1298 1295
f 1297 1299 1298
f 635 1299 1297
f 635 665 1299
f 635 1297 1274
f 1274 1297 1273
f 665 1300 1299
f 665 667 1300
f 1301 1302 1303
f 1301 1303 1304
f 678 1304 677
f 678 1301 1304
f 678 647 1301
f 647 1278 1301
f 1278 1277 1302
f 1278 1302 1301
f 1305 1307 1306
f 1305 1308 1307
f 1305 1309 1308
f 651 1309 1305
f 651 679 1309
f 651 1305 1282
f 1282 1305 1306
f 1282 1306 1281
f 679 1310 1309
f 679 681 1310
f 690 1311 689
f 690 691 1311
f 1312 1313 1314
f 691 1314 1311
f 691 1312 1314
f 691 692 1312
f 692 661 1312
f 661 1283 1315
f 661 1315 1312
f 1312 1315 1313
f 1283 1316 1315
f 1284 1285 1317
f 1284 1316 1283
f 1284 1317 1316
f 1285 1318 1317
f 1285 1287 1318
f 1294 1295 1319
f 1294 1319 1293
f 1295 1320 1319
f 1298 1299 1321
f 1298 1320 1295
f 1298 1321 1320
f 1299 1322 1323
f 1299 1323 1321
f 1322 1324 1323
f 1322 1325 1324
f 667 1325 1322
f 667 693 1325
f 667 1322 1300
f 1300 1322 1299
f 693 1326 1325
f 693 695 1326
f 705 1327 706
f 705 707 1327
f 1328 1329 1330
f 707 1330 1327
f 707 1328 1330
f 707 708 1328
f 708 677 1328
f 677 1304 1328
f 1304 1303 1329
f 1304 1329 1328
f 1308 1309 1331
f 1308 1331 1307
f 1309 1332 1333
f 1309 1333 1331
f 1332 1334 1333
f 710 1334 1332
f 710 711 1334
f 710 1332 681
f 681 1332 1310
f 1310 1332 1309
f 724 1335 723
f 724 725 1335
f 1336 1337 1338
f 725 1338 1335
f 725 1336 1338
f 725 726 1336
f 726 689 1336
f 689 1311 1339
f 689 1339 1336
f 1336 1339 1337
f 1311 1340 1339
f 1311 1314 1340
f 1324 1325 1341
f 1324 1341 1323
f 1325 1342 1343
f 1325 1343 1341
f 1342 1344 1343
f 1342 1345 1344
f 695 1345 1342
f 695 727 1345
f 695 1342 1326
f 1326 1342 1325
f 727 1346 1345
f 727 729 1346
f 1347 1348 1349
f 1347 1349 1350
f 742 1350 741
f 742 1347 1350
f 742 706 1347
f 706 1327 1351
f 706 1351 1347
f 1347 1351 1348
f 1327 1352 1351
f 1327 1330 1352
f 1353 1355 1354
f 1353 1356 1355
f 1353 1357 1356
f 711 1357 1353
f 711 743 1357
f 711 1353 1334
f 1334 1353 1354
f 1334 1354 1333
f 743 1358 1357
f 743 745 1358
f 754 1359 753
f 754 755 1359
f 1360 1361 1362
f 755 1362 1359
f 755 1360 1362
f 755 756 1360
f 756 723 1360
f 723 1335 1363
f 723 1363 1360
f 1360 1363 1361
f 1335 1364 1363
f 1335 1338 1364
f 1344 1345 1365
f 1344 1365 1343
f 1345 1366 1367
f 1345 1367 1365
f 1366 1368 1367
f 1366 1369 1368
f 729 1369 1366
f 729 757 1369
f 729 1366 1346
f 1346 1366 1345
f 757 1370 1369
f 757 759 1370
f 768 1371 767
f 768 769 1371
f 1372 1373 1374
f 769 1374 1371
f 769 1372 1374
f 769 770 1372
f 770 741 1372
f 741 1350 1372
f 1350 1349 1373
f 1350 1373 1372
f 1375 1377 1376
f 1375 1378 1377
f 1375 1379 1378
f 1375 1380 1379
f 1356 1380 1375
f 1356 1357 1380
f 1356 1375 1376
f 1356 1376 1355
f 1357 1381 1380
f 1380 1381 1382
f 1380 1382 1379
f 772 1382 1381
f 772 773 1382
f 772 1381 745
f 745 1381 1358
f 1358 1381 1357
f 778 1383 777
f 778 779 1383
f 779 1384 1383
f 779 1385 1384
f 779 780 1385
f 780 1386 1385
f 780 753 1386
f 753 1359 1386
f 1359 1387 1386
f 1359 1388 1387
f 1386 1387 1385
f 1359 1362 1388
f 1389 1391 1390
f 1389 1392 1391
f 1389 1393 1392
f 1389 1394 1393
f 1368 1394 1389
f 1368 1369 1394
f 1368 1389 1390
f 1368 1390 1367
f 1369 1395 1394
f 1394 1395 1396
f 1394 1396 1393
f 1395 1397 1396
f 759 1397 1395
f 759 781 1397
f 759 1395 1370
f 1370 1395 1369
f 781 1398 1397
f 781 783 1398
f 788 1399 787
f 788 1400 1399
f 788 767 1400
f 767 1371 1400
f 1371 1401 1400
f 1371 1402 1401
f 1400 1401 1399
f 1371 1374 1402
f 1378 1379 1403
f 1378 1403 1377
f 1379 1404 1405
f 1379 1405 1403
f 1404 1406 1405
f 1404 1407 1406
f 773 1407 1404
f 773 789 1407
f 773 1404 1382
f 1382 1404 1379
f 789 1408 1407
f 789 1409 1408
f 789 790 1409
f 790 1410 1409
f 790 777 1410
f 777 1383 1410
f 1383 1411 1410
f 1383 1412 1411
f 1410 1411 1409
f 1384 1385 1413
f 1384 1412 1383
f 1384 1413 1412
f 1385 1414 1413
f 1385 1387 1414
f 1392 1393 1415
f 1392 1415 1391
f 1393 1416 1417
f 1393 1417 1415
f 1416 1418 1417
f 1416 1419 1418
f 1416 1420 1419
f 1396 1420 1416
f 1396 1397 1420
f 1396 1416 1393
f 1397 1421 1420
f 1420 1421 1422
f 1420 1422 1419
f 1421 1423 1422
f 783 1423 1421
f 783 791 1423
f 783 1421 1398
f 1398 1421 1397
f 1424 1425 1426
f 791 1426 1423
f 791 1424 1426
f 791 792 1424
f 792 787 1424
f 787 1399 1427
f 787 1427 1424
f 1424 1427 1425
f 1399 1428 1427
f 1399 1401 1428
f 1429 1431 1430
f 1429 1432 1431
f 1429 1433 1432
f 1429 1434 1433
f 1406 1434 1429
f 1406 1407 1434
f 1406 1429 1430
f 1406 1430 1405
f 1407 1435 1434
f 1434 1435 1436
f 1434 1436 1433
f 1435 1437 1436
f 1435 1438 1437
f 1408 1438 1435
f 1408 1409 1438
f 1408 1435 1407
f 1409 1439 1438
f 1409 1440 1439
f 1438 1439 1437
f 1409 1411 1440
f 1441 1443 1442
f 1441 1444 1443
f 1441 1445 1444
f 1441 1446 1445
f 1418 1446 1441
f 1418 1419 1446
f 1418 1441 1442
f 1418 1442 1417
f 1419 1447 1446
f 1446 1447 1448
f 1446 1448 1445
f 1447 1449 1448
f 1447 1450 1449
f 1422 1450 1447
f 1422 1423 1450
f 1422 1447 1419
f 1423 1451 1450
f 1423 1452 1451
f 1450 1451 1449
f 1423 1426 1452
f 1453 1455 1454
f 1453 1456 1455
f 1453 1457 1456
f 1453 1458 1457
f 1453 1459 1458
f 1453 1454 1459
f 1458 1461 1460
f 1458 1459 1461
f 1458 1460 1462
f 1458 1462 1457
f 794 1462 1460
f 794 795 1462
f 794 1460 1463
f 794 1463 799
f 1432 1463 1460
f 1432 1433 1463
f 1432 1460 1461
f 1432 1461 1431
f 1433 1464 1463
f 1463 1464 799
f 799 1464 1465
f 799 1465 800
f 1464 1466 1465
f 1436 1466 1464
f 1436 1437 1466
f 1436 1464 1433
f 1437 1467 1466
f 1466 1467 1468
f 1466 1468 1465
f 1467 1469 1468
f 1467 1470 1469
f 1467 1471 1470
f 1437 1471 1467
f 1437 1439 1471
f 1470 1471 1472
f 1470 1472 1469
f 1473 1475 1474
f 1473 1476 1475
f 1473 1477 1476
f 1473 1478 1477
f 1473 1479 1478
f 1473 1474 1479
f 1478 1481 1480
f 1478 1479 1481
f 1478 1480 1482
f 1478 1482 1477
f 1480 1483 1482
f 1480 1484 1483
f 1444 1484 1480
f 1444 1445 1484
f 1444 1480 1481
f 1444 1481 1443
f 1445 1485 1484
f 1484 1485 1486
f 1484 1486 1483
f 802 1486 1485
f 802 803 1486
f 802 1485 1487
f 802 1487 807
f 1448 1487 1485
f 1448 1449 1487
f 1448 1485 1445
f 1449 1488 1487
f 1487 1488 807
f 807 1488 1489
f 807 1489 808
f 1488 1490 1489
f 1488 1491 1490
f 1449 1491 1488
f 1449 1451 1491
f 1490 1491 1492
f 1490 1492 1489
f 1493 1495 1494
f 1493 1496 1495
f 1493 1497 1496
f 1493 1498 1497
f 1456 1498 1493
f 1456 1457 1498
f 1456 1493 1494
f 1456 1494 1455
f 1457 1499 1498
f 1498 1499 1500
f 1498 1500 1497
f 810 1500 1499
f 810 811 1500
f 810 1499 795
f 795 1499 1462
f 1462 1499 1457
f 800 1501 819
f 800 1465 1501
f 1465 1502 1501
f 1501 1502 819
f 819 1502 1503
f 819 1503 820
f 1502 1504 1503
f 1468 1504 1502
f 1468 1469 1504
f 1468 1502 1465
f 1469 1505 1504
f 1469 1506 1505
f 1504 1505 1503
f 1469 1472 1506
f 1507 1509 1508
f 1507 1510 1509
f 1507 1511 1510
f 1507 1512 1511
f 1476 1512 1507
f 1476 1477 1512
f 1476 1507 1508
f 1476 1508 1475
f 1477 1513 1512
f 1512 1513 1514
f 1512 1514 1511
f 822 1514 1513
f 822 823 1514
f 822 1513 1515
f 822 1515 827
f 1482 1515 1513
f 1482 1483 1515
f 1482 1513 1477
f 1483 1516 1515
f 1515 1516 827
f 827 1516 829
f 829 1516 803
f 803 1516 1486
f 1486 1516 1483
f 834 1517 833
f 834 1518 1517
f 834 808 1518
f 808 1489 1518
f 1489 1519 1518
f 1489 1520 1519
f 1518 1519 1517
f 1489 1492 1520
f 1521 1523 1522
f 1521 1524 1523
f 836 1524 1521
f 836 837 1524
f 836 1521 1525
f 836 1525 841
f 1496 1525 1521
f 1496 1497 1525
f 1496 1521 1522
f 1496 1522 1495
f 1497 1526 1525
f 1525 1526 841
f 841 1526 843
f 843 1526 811
f 811 1526 1500
f 1500 1526 1497
f 820 1527 855
f 820 1503 1527
f 1503 1528 1527
f 1527 1528 855
f 855 1528 1529
f 855 1529 856
f 1528 1530 1529
f 1528 1531 1530
f 1503 1531 1528
f 1503 1505 1531
f 1530 1531 1532
f 1530 1532 1529
f 1533 1535 1534
f 1533 1536 1535
f 1533 1537 1536
f 1533 1538 1537
f 1533 1539 1538
f 1533 1534 1539
f 1538 1541 1540
f 1538 1539 1541
f 1538 1540 1542
f 1538 1542 1537
f 858 1542 1540
f 858 859 1542
f 858 1540 1543
f 858 1543 863
f 1510 1543 1540
f 1510 1511 1543
f 1510 1540 1541
f 1510 1541 1509
f 1511 1544 1543
f 1543 1544 863
f 863 1544 865
f 865 1544 823
f 823 1544 1514
f 1514 1544 1511
f 833 1545 877
f 833 1517 1545
f 1517 1546 1545
f 1517 1547 1546
f 1545 1548 877
f 1545 1546 1548
f 877 1548 878
f 1517 1519 1547
f 1549 1551 1550
f 1549 1552 1551
f 1549 1553 1552
f 1549 1554 1553
f 1549 1555 1554
f 1549 1550 1555
f 1554 1557 1556
f 1554 1555 1557
f 1554 1556 1558
f 1554 1558 1553
f 880 1558 1556
f 880 881 1558
f 880 1556 837
f 837 1556 1524
f 1524 1556 1557
f 1524 1557 1523
f 856 1559 897
f 856 1529 1559
f 1529 1560 1559
f 1559 1560 897
f 897 1560 1561
f 897 1561 898
f 1560 1562 1561
f 1560 1563 1562
f 1529 1563 1560
f 1529 1532 1563
f 1562 1563 1564
f 1562 1564 1561
f 1565 1567 1566
f 1565 1568 1567
f 1565 1569 1568
f 1565 1570 1569
f 1565 1571 1570
f 1565 1566 1571
f 1570 1573 1572
f 1570 1571 1573
f 1570 1572 1574
f 1570 1574 1569
f 900 1574 1572
f 900 901 1574
f 900 1572 1575
f 900 1575 905
f 1536 1575 1572
f 1536 1537 1575
f 1536 1572 1573
f 1536 1573 1535
f 1537 1576 1575
f 1575 1576 905
f 905 1576 907
f 907 1576 859
f 859 1576 1542
f 1542 1576 1537
f 920 1577 919
f 920 1578 1577
f 920 878 1578
f 878 1579 1578
f 878 1548 1579
f 1548 1546 1579
f 1578 1579 1580
f 1578 1580 1577
f 1581 1583 1582
f 1581 1584 1583
f 922 1584 1581
f 922 923 1584
f 922 1581 1585
f 922 1585 927
f 1552 1585 1581
f 1552 1553 1585
f 1552 1581 1582
f 1552 1582 1551
f 1553 1586 1585
f 1585 1586 927
f 927 1586 929
f 929 1586 881
f 881 1586 1558
f 1558 1586 1553
f 898 1587 941
f 898 1561 1587
f 1561 1588 1587
f 1587 1588 941
f 941 1588 1589
f 941 1589 942
f 1588 1590 1589
f 1588 1591 1590
f 1561 1591 1588
f 1561 1564 1591
f 1590 1593 1592
f 1590 1591 1593
f 1590 1592 1594
f 1590 1594 1589
f 1592 1595 1594
f 1592 1596 1595
f 1592 1597 1596
f 1592 1593 1597
f 1596 1597 1598
f 1596 1598 1595
f 1599 1601 1600
f 1599 1602 1601
f 1599 1603 1602
f 1599 1604 1603
f 1599 1605 1604
f 1599 1600 1605
f 1604 1607 1606
f 1604 1605 1607
f 1604 1606 1608
f 1604 1608 1603
f 1606 1609 1608
f 1606 1610 1609
f 1606 1611 1610
f 1606 1607 1611
f 1610 1613 1612
f 1610 1611 1613
f 1610 1612 1614
f 1610 1614 1609
f 944 1614 1612
f 944 945 1614
f 944 1612 1615
f 944 1615 949
f 1568 1615 1612
f 1568 1569 1615
f 1568 1612 1613
f 1568 1613 1567
f 1569 1616 1615
f 1615 1616 949
f 949 1616 951
f 951 1616 901
f 901 1616 1574
f 1574 1616 1569
f 919 1617 963
f 919 1577 1617
f 1577 1618 1617
f 1577 1619 1618
f 1617 1620 963
f 1617 1618 1620
f 963 1620 964
f 1577 1580 1619
f 1621 1623 1622
f 1621 1624 1623
f 966 1624 1621
f 966 967 1624
f 966 1621 923
f 923 1621 1584
f 1584 1621 1622
f 1584 1622 1583
f 942 1625 981
f 942 1589 1625
f 1589 1626 1625
f 1625 1626 981
f 981 1626 1627
f 981 1627 982
f 1626 1628 1627
f 1594 1628 1626
f 1594 1595 1628
f 1594 1626 1589
f 1595 1629 1628
f 1628 1629 1630
f 1628 1630 1627
f 1629 1631 1630
f 1629 1632 1631
f 1629 1633 1632
f 1595 1633 1629
f 1595 1598 1633
f 1632 1635 1634
f 1632 1633 1635
f 1632 1634 1636
f 1632 1636 1631
f 1634 1637 1636
f 1634 1638 1637
f 1634 1639 1638
f 1634 1635 1639
f 1638 1641 1640
f 1638 1639 1641
f 1638 1640 1642
f 1638 1642 1637
f 1640 1643 1642
f 1640 1644 1643
f 1602 1644 1640
f 1602 1603 1644
f 1602 1640 1641
f 1602 1641 1601
f 1603 1645 1644
f 1644 1645 1646
f 1644 1646 1643
f 984 1646 1645
f 984 985 1646
f 984 1645 1647
f 984 1647 989
f 1608 1647 1645
f 1608 1609 1647
f 1608 1645 1603
f 1609 1648 1647
f 1647 1648 989
f 989 1648 991
f 991 1648 945
f 945 1648 1614
f 1614 1648 1609
f 1649 1650 1651
f 1649 1651 1652
f 1002 1652 1001
f 1002 1649 1652
f 1002 964 1649
f 964 1620 1649
f 1620 1618 1650
f 1620 1650 1649
f 1653 1655 1654
f 1653 1656 1655
f 1004 1656 1653
f 1004 1005 1656
f 1004 1653 967
f 967 1653 1624
f 1624 1653 1654
f 1624 1654 1623
f 982 1657 1021
f 982 1627 1657
f 1627 1658 1657
f 1657 1658 1021
f 1021 1658 1659
f 1021 1659 1022
f 1658 1660 1659
f 1630 1660 1658
f 1630 1631 1660
f 1630 1658 1627
f 1631 1661 1660
f 1660 1661 1662
f 1660 1662 1659
f 1661 1663 1662
f 1661 1664 1663
f 1636 1664 1661
f 1636 1637 1664
f 1636 1661 1631
f 1637 1665 1664
f 1664 1665 1666
f 1664 1666 1663
f 1024 1666 1665
f 1024 1025 1666
f 1024 1665 1667
f 1024 1667 1029
f 1642 1667 1665
f 1642 1643 1667
f 1642 1665 1637
f 1643 1668 1667
f 1667 1668 1029
f 1029 1668 1031
f 1031 1668 985
f 985 1668 1646
f 1646 1668 1643
f 1669 1670 1671
f 1669 1671 1672
f 1044 1672 1043
f 1044 1669 1672
f 1044 1001 1669
f 1001 1652 1669
f 1652 1651 1670
f 1652 1670 1669
f 1673 1675 1674
f 1673 1676 1675
f 1046 1676 1673
f 1046 1047 1676
f 1046 1673 1005
f 1005 1673 1656
f 1656 1673 1674
f 1656 1674 1655
f 1058 1677 1057
f 1058 1059 1677
f 1059 1678 1677
f 1059 1679 1678
f 1059 1060 1679
f 1060 1061 1679
f 1680 1681 1682
f 1061 1682 1679
f 1061 1680 1682
f 1061 1062 1680
f 1062 1022 1680
f 1022 1659 1683
f 1022 1683 1680
f 1680 1683 1681
f 1659 1684 1683
f 1662 1663 1685
f 1662 1684 1659
f 1662 1685 1684
f 1663 1686 1687
f 1663 1687 1685
f 1686 1688 1687
f 1686 1689 1688
f 1025 1689 1686
f 1025 1063 1689
f 1025 1686 1666
f 1666 1686 1663
f 1063 1690 1689
f 1063 1691 1690
f 1063 1064 1691
f 1064 1065 1691
f 1065 1692 1691
f 1065 1067 1692
f 1693 1694 1695
f 1693 1695 1696
f 1078 1696 1077
f 1078 1693 1696
f 1078 1043 1693
f 1043 1672 1693
f 1672 1671 1694
f 1672 1694 1693
f 1047 1079 1697
f 1047 1698 1676
f 1047 1697 1698
f 1676 1698 1675
f 1697 1699 1698
f 1697 1700 1699
f 1697 1079 1700
f 1079 1081 1700
f 1091 1701 1092
f 1091 1093 1701
f 1702 1703 1704
f 1093 1704 1701
f 1093 1702 1704
f 1093 1094 1702
f 1094 1095 1705
f 1094 1705 1702
f 1702 1705 1706
f 1702 1706 1703
f 1705 1707 1706
f 1705 1708 1707
f 1705 1095 1708
f 1095 1096 1708
f 1096 1057 1708
f 1057 1677 1709
f 1057 1709 1708
f 1708 1709 1707
f 1677 1710 1709
f 1678 1679 1711
f 1678 1710 1677
f 1678 1711 1710
f 1679 1712 1711
f 1679 1682 1712
f 1688 1689 1713
f 1688 1713 1687
f 1689 1714 1713
f 1690 1691 1715
f 1690 1714 1689
f 1690 1715 1714
f 1691 1716 1715
f 1067 1097 1717
f 1067 1718 1692
f 1067 1717 1718
f 1692 1716 1691
f 1692 1718 1716
f 1717 1719 1718
f 1717 1720 1719
f 1717 1097 1720
f 1097 1721 1720
f 1097 1098 1721
f 1098 1099 1721
f 1099 1722 1721
f 1099 1101 1722
f 1723 1724 1725
f 1723 1725 1726
f 1111 1726 1112
f 1111 1723 1726
f 1111 1113 1727
f 1111 1727 1723
f 1723 1727 1728
f 1723 1728 1724
f 1727 1729 1728
f 1727 1730 1729
f 1727 1113 1730
f 1113 1114 1730
f 1114 1077 1730
f 1077 1696 1730
f 1696 1695 1729
f 1696 1729 1730
f 1081 1115 1731
f 1081 1732 1700
f 1081 1731 1732
f 1700 1732 1699
f 1731 1733 1732
f 1731 1734 1733
f 1731 1115 1734
f 1115 1116 1734
f 1116 1117 1735
f 1116 1735 1734
f 1734 1735 1736
f 1734 1736 1733
f 1735 1737 1736
f 1735 1738 1737
f 1735 1117 1738
f 1117 1118 1738
f 1118 1119 1739
f 1118 1739 1738
f 1738 1739 1740
f 1738 1740 1737
f 1739 1741 1740
f 1739 1742 1741
f 1739 1119 1742
f 1119 1120 1742
f 1120 1121 1743
f 1120 1743 1742
f 1742 1743 1744
f 1742 1744 1741
f 1743 1745 1744
f 1743 1746 1745
f 1743 1121 1746
f 1121 1122 1746
f 1122 1092 1746
f 1092 1701 1747
f 1092 1747 1746
f 1746 1747 1745
f 1701 1748 1747
f 1701 1704 1748
f 1720 1721 1749
f 1720 1749 1719
f 1721 1750 1749
f 1101 1123 1751
f 1101 1752 1722
f 1101 1751 1752
f 1722 1750 1721
f 1722 1752 1750
f 1751 1753 1752
f 1751 1754 1753
f 1751 1123 1754
f 1123 1124 1754
f 1124 1125 1755
f 1124 1755 1754
f 1754 1755 1756
f 1754 1756 1753
f 1755 1757 1756
f 1755 1758 1757
f 1755 1125 1758
f 1125 1126 1758
f 1126 1127 1759
f 1126 1759 1758
f 1758 1759 1760
f 1758 1760 1757
f 1759 1761 1760
f 1759 1762 1761
f 1759 1127 1762
f 1127 1128 1762
f 1128 1129 1763
f 1128 1763 1762
f 1762 1763 1764
f 1762 1764 1761
f 1763 1765 1764
f 1763 1766 1765
f 1763 1129 1766
f 1129 1130 1766
f 1130 1112 1766
f 1112 1726 1766
f 1726 1725 1765
f 1726 1765 1766
f 1767 1769 1768
f 1767 1770 1769
f 1132 1770 1767
f 1132 1133 1770
f 1132 1767 1771
f 1132 1771 1136
f 1767 1772 1771
f 1767 1768 1772
f 1771 1774 1773
f 1771 1772 1774
f 1771 1773 1136
f 1136 1773 1138
f 1138 1773 1775
f 1138 1775 1140
f 1773 1776 1775
f 1773 1774 1776
f 1775 1778 1777
f 1775 1776 1778
f 1775 1777 1140
f 1140 1777 1142
f 1142 1777 1779
f 1142 1779 1144
f 1777 1780 1779
f 1777 1778 1780
f 1779 1782 1781
f 1779 1780 1782
f 1779 1781 1144
f 1144 1781 1146
f 1146 1781 1783
f 1146 1783 1148
f 1781 1784 1783
f 1781 1782 1784
f 1783 1786 1785
f 1783 1784 1786
f 1783 1785 1148
f 1148 1785 1150
f 1150 1785 1787
f 1150 1787 1153
f 1785 1788 1787
f 1785 1786 1788
f 1787 1788 1789
f 1787 1790 1153
f 1787 1789 1790
f 1153 1790 1154
f 1791 1793 1792
f 1791 1794 1793
f 1156 1794 1791
f 1156 1157 1794
f 1156 1791 1795
f 1156 1795 1161
f 1791 1796 1795
f 1791 1792 1796
f 1795 1798 1797
f 1795 1796 1798
f 1795 1797 1161
f 1161 1797 1163
f 1163 1797 1799
f 1163 1799 1166
f 1797 1800 1799
f 1797 1798 1800
f 1799 1802 1801
f 1799 1800 1802
f 1799 1801 1166
f 1166 1801 1168
f 1168 1801 1803
f 1168 1803 1170
f 1801 1804 1803
f 1801 1802 1804
f 1803 1806 1805
f 1803 1804 1806
f 1803 1805 1170
f 1170 1805 1172
f 1172 1805 1807
f 1172 1807 1174
f 1805 1808 1807
f 1805 1806 1808
f 1807 1810 1809
f 1807 1808 1810
f 1807 1809 1174
f 1174 1809 1176
f 1176 1809 1811
f 1176 1811 1178
f 1809 1812 1811
f 1809 1810 1812
f 1811 1812 1813
f 1811 1814 1178
f 1811 1813 1814
f 1178 1814 1179
f 1815 1817 1816
f 1815 1818 1817
f 1182 1818 1815
f 1182 1183 1818
f 1182 1815 1819
f 1182 1819 1186
f 1815 1820 1819
f 1815 1816 1820
f 1819 1822 1821
f 1819 1820 1822
f 1819 1821 1186
f 1186 1821 1188
f 1188 1821 1133
f 1133 1821 1770
f 1770 1821 1822
f 1770 1822 1769
f 1154 1823 1192
f 1154 1824 1823
f 1154 1790 1824
f 1790 1789 1824
f 1823 1826 1825
f 1823 1824 1826
f 1823 1825 1192
f 1192 1825 1194
f 1194 1825 1827
f 1194 1827 1197
f 1825 1828 1827
f 1825 1826 1828
f 1827 1828 1829
f 1827 1830 1197
f 1827 1829 1830
f 1197 1831 1199
f 1197 1830 1831
f 1199 1831 1203
f 1203 1831 1832
f 1203 1832 1204
f 1206 1207 1833
f 1206 1833 1211
f 1834 1836 1835
f 1211 1836 1834
f 1211 1833 1836
f 1211 1834 1213
f 1213 1834 1837
f 1213 1837 1217
f 1834 1838 1837
f 1834 1835 1838
f 1837 1840 1839
f 1837 1838 1840
f 1837 1839 1217
f 1217 1839 1219
f 1219 1839 1841
f 1219 1841 1222
f 1839 1842 1841
f 1839 1840 1842
f 1841 1844 1843
f 1841 1842 1844
f 1841 1843 1222
f 1222 1843 1224
f 1224 1843 1157
f 1157 1843 1794
f 1794 1843 1844
f 1794 1844 1793
f 1179 1845 1228
f 1179 1846 1845
f 1179 1814 1846
f 1814 1813 1846
f 1845 1846 1847
f 1845 1848 1228
f 1845 1847 1848
f 1228 1848 1229
f 1849 1851 1850
f 1849 1852 1851
f 1232 1852 1849
f 1232 1233 1852
f 1232 1849 1183
f 1183 1849 1818
f 1818 1849 1850
f 1818 1850 1817
f 1830 1853 1831
f 1830 1829 1853
f 1831 1853 1854
f 1204 1855 1241
f 1204 1856 1855
f 1204 1832 1856
f 1832 1854 1856
f 1832 1831 1854
f 1855 1858 1857
f 1855 1856 1858
f 1855 1857 1241
f 1241 1857 1243
f 1243 1857 1859
f 1243 1859 1247
f 1857 1860 1859
f 1857 1858 1860
f 1859 1862 1861
f 1859 1860 1862
f 1859 1861 1247
f 1247 1861 1249
f 1249 1861 1207
f 1207 1861 1863
f 1207 1863 1833
f 1861 1862 1863
f 1833 1863 1864
f 1833 1864 1836
f 1865 1866 1867
f 1865 1867 1868
f 1256 1868 1257
f 1256 1865 1868
f 1256 1229 1865
f 1229 1848 1865
f 1848 1847 1866
f 1848 1866 1865
f 1869 1871 1870
f 1869 1872 1871
f 1260 1872 1869
f 1260 1261 1872
f 1260 1869 1233
f 1233 1869 1852
f 1852 1869 1870
f 1852 1870 1851
f 1873 1874 1875
f 1873 1875 1876
f 1276 1876 1277
f 1276 1873 1876
f 1276 1257 1873
f 1257 1868 1873
f 1868 1867 1874
f 1868 1874 1873
f 1877 1879 1878
f 1877 1880 1879
f 1280 1880 1877
f 1280 1281 1880
f 1280 1877 1261
f 1261 1877 1872
f 1872 1877 1878
f 1872 1878 1871
f 1881 1882 1883
f 1881 1883 1884
f 1288 1884 1287
f 1288 1881 1884
f 1288 1289 1885
f 1288 1885 1881
f 1881 1885 1886
f 1881 1886 1882
f 1885 1887 1886
f 1885 1888 1887
f 1885 1289 1888
f 1289 1290 1888
f 1290 1291 1889
f 1290 1889 1888
f 1888 1889 1890
f 1888 1890 1887
f 1889 1891 1890
f 1889 1892 1891
f 1889 1291 1892
f 1291 1293 1892
f 1893 1894 1895
f 1893 1895 1896
f 1302 1896 1303
f 1302 1893 1896
f 1302 1277 1893
f 1277 1876 1893
f 1876 1875 1894
f 1876 1894 1893
f 1897 1899 1898
f 1897 1900 1899
f 1306 1900 1897
f 1306 1307 1900
f 1306 1897 1281
f 1281 1897 1880
f 1880 1897 1898
f 1880 1898 1879
f 1901 1902 1903
f 1901 1903 1904
f 1313 1904 1314
f 1313 1901 1904
f 1313 1315 1905
f 1313 1905 1901
f 1901 1905 1906
f 1901 1906 1902
f 1905 1907 1906
f 1905 1908 1907
f 1905 1315 1908
f 1315 1316 1908
f 1316 1317 1909
f 1316 1909 1908
f 1908 1909 1910
f 1908 1910 1907
f 1909 1911 1910
f 1909 1912 1911
f 1909 1317 1912
f 1317 1318 1912
f 1318 1287 1912
f 1287 1884 1912
f 1884 1883 1911
f 1884 1911 1912
f 1293 1319 1913
f 1293 1914 1892
f 1293 1913 1914
f 1892 1914 1891
f 1913 1915 1914
f 1913 1916 1915
f 1913 1319 1916
f 1319 1320 1916
f 1320 1321 1917
f 1320 1917 1916
f 1916 1917 1918
f 1916 1918 1915
f 1917 1919 1918
f 1917 1920 1919
f 1917 1321 1920
f 1321 1323 1920
f 1921 1922 1923
f 1921 1923 1924
f 1329 1924 1330
f 1329 1921 1924
f 1329 1303 1921
f 1303 1896 1921
f 1896 1895 1922
f 1896 1922 1921
f 1307 1331 1925
f 1307 1926 1900
f 1307 1925 1926
f 1900 1926 1899
f 1925 1927 1926
f 1925 1928 1927
f 1925 1331 1928
f 1331 1333 1928
f 1929 1930 1931
f 1929 1931 1932
f 1337 1932 1338
f 1337 1929 1932
f 1337 1339 1933
f 1337 1933 1929
f 1929 1933 1934
f 1929 1934 1930
f 1933 1935 1934
f 1933 1936 1935
f 1933 1339 1936
f 1339 1340 1936
f 1340 1314 1936
f 1314 1904 1936
f 1904 1903 1935
f 1904 1935 1936
f 1323 1341 1937
f 1323 1938 1920
f 1323 1937 1938
f 1920 1938 1919
f 1937 1939 1938
f 1937 1940 1939
f 1937 1341 1940
f 1341 1343 1940
f 1941 1942 1943
f 1941 1943 1944
f 1348 1944 1349
f 1348 1941 1944
f 1348 1351 1945
f 1348 1945 1941
f 1941 1945 1946
f 1941 1946 1942
f 1945 1947 1946
f 1945 1948 1947
f 1945 1351 1948
f 1351 1352 1948
f 1352 1330 1948
f 1330 1924 1948
f 1924 1923 1947
f 1924 1947 1948
f 1949 1951 1950
f 1949 1952 1951
f 1354 1952 1949
f 1354 1355 1952
f 1354 1949 1333
f 1333 1949 1928
f 1928 1949 1950
f 1928 1950 1927
f 1953 1954 1955
f 1953 1955 1956
f 1361 1956 1362
f 1361 1953 1956
f 1361 1363 1957
f 1361 1957 1953
f 1953 1957 1958
f 1953 1958 1954
f 1957 1959 1958
f 1957 1960 1959
f 1957 1363 1960
f 1363 1364 1960
f 1364 1338 1960
f 1338 1932 1960
f 1932 1931 1959
f 1932 1959 1960
f 1343 1365 1961
f 1343 1962 1940
f 1343 1961 1962
f 1940 1962 1939
f 1961 1963 1962
f 1961 1964 1963
f 1961 1365 1964
f 1365 1367 1964
f 1965 1966 1967
f 1965 1967 1968
f 1373 1968 1374
f 1373 1965 1968
f 1373 1349 1965
f 1349 1944 1965
f 1944 1943 1966
f 1944 1966 1965
f 1376 1377 1969
f 1376 1970 1355
f 1376 1969 1970
f 1355 1971 1952
f 1355 1970 1971
f 1952 1971 1951
f 1970 1972 1971
f 1970 1969 1972
f 1973 1974 1975
f 1973 1975 1976
f 1388 1976 1387
f 1388 1973 1976
f 1388 1362 1973
f 1362 1956 1973
f 1956 1955 1974
f 1956 1974 1973
f 1977 1979 1978
f 1977 1980 1979
f 1390 1980 1977
f 1390 1391 1980
f 1390 1977 1367
f 1367 1977 1964
f 1964 1977 1978
f 1964 1978 1963
f 1981 1982 1983
f 1981 1983 1984
f 1981 1984 1985
f 1981 1985 1986
f 1981 1986 1987
f 1981 1987 1982
f 1986 1988 1987
f 1986 1989 1988
f 1986 1985 1990
f 1986 1990 1989
f 1402 1990 1401
f 1402 1989 1990
f 1402 1374 1989
f 1374 1968 1989
f 1968 1967 1988
f 1968 1988 1989
f 1377 1403 1991
f 1377 1991 1969
f 1969 1993 1992
f 1969 1991 1993
f 1991 1994 1993
f 1991 1403 1994
f 1403 1405 1994
f 1969 1992 1972
f 1995 1996 1997
f 1995 1997 1998
f 1412 1998 1411
f 1412 1995 1998
f 1412 1413 1999
f 1412 1999 1995
f 1995 1999 2000
f 1995 2000 1996
f 1999 2001 2000
f 1999 2002 2001
f 1999 1413 2002
f 1413 1414 2002
f 1414 1387 2002
f 1387 1976 2002
f 1976 1975 2001
f 1976 2001 2002
f 1391 1415 2003
f 1391 2004 1980
f 1391 2003 2004
f 1980 2004 1979
f 2003 2005 2004
f 2003 2006 2005
f 2003 1415 2006
f 1415 1417 2006
f 2007 2008 2009
f 2007 2009 2010
f 1425 2010 1426
f 1425 2007 2010
f 1425 1427 2011
f 1425 2011 2007
f 1984 2011 1985
f 1984 2007 2011
f 1984 1983 2008
f 1984 2008 2007
f 1985 2011 2012
f 2011 1427 2012
f 1427 1428 2012
f 1428 1401 2012
f 1401 1990 2012
f 1990 1985 2012
f 2013 2015 2014
f 2013 2016 2015
f 1430 2016 2013
f 1430 1431 2016
f 1430 2013 1405
f 1405 2013 1994
f 1994 2013 2014
f 1994 2014 1993
f 2017 2018 2019
f 2017 2019 2020
f 1440 2020 1439
f 1440 2017 2020
f 1440 1411 2017
f 1411 1998 2017
f 1998 1997 2018
f 1998 2018 2017
f 2021 2023 2022
f 2021 2024 2023
f 1442 2024 2021
f 1442 1443 2024
f 1442 2021 1417
f 1417 2021 2006
f 2006 2021 2022
f 2006 2022 2005
f 2025 2026 2027
f 2025 2027 2028
f 1452 2028 1451
f 1452 2025 2028
f 1452 1426 2025
f 1426 2010 2025
f 2010 2009 2026
f 2010 2026 2025
f 1454 1455 2029
f 1454 2029 1459
f 2030 2032 2031
f 1459 2032 2030
f 1459 2029 2032
f 1459 2030 1461
f 1461 2030 1431
f 1431 2030 2016
f 2016 2030 2031
f 2016 2031 2015
f 1439 2033 1471
f 1439 2034 2033
f 1439 2020 2034
f 2020 2019 2034
f 2033 2034 2035
f 2033 2036 1471
f 2033 2035 2036
f 1471 2036 1472
f 2037 2039 2038
f 2037 2040 2039
f 1474 2040 2037
f 1474 1475 2040
f 1474 2037 2041
f 1474 2041 1479
f 2037 2042 2041
f 2037 2038 2042
f 2041 2044 2043
f 2041 2042 2044
f 2041 2043 1479
f 1479 2043 1481
f 1481 2043 1443
f 1443 2043 2024
f 2024 2043 2044
f 2024 2044 2023
f 2045 2046 2047
f 2045 2047 2048
f 2045 2048 2049
f 1451 2049 1491
f 1451 2045 2049
f 1451 2028 2045
f 2028 2027 2046
f 2028 2046 2045
f 1491 2049 2050
f 1491 2050 1492
f 2051 2053 2052
f 2051 2054 2053
f 1494 2054 2051
f 1494 1495 2054
f 1494 2051 1455
f 1455 2051 2055
f 1455 2055 2029
f 2051 2052 2055
f 2029 2055 2056
f 2029 2056 2032
f 2057 2058 2059
f 2057 2059 2060
f 1506 2060 1505
f 1506 2057 2060
f 1506 1472 2057
f 1472 2036 2057
f 2036 2035 2058
f 2036 2058 2057
f 2061 2063 2062
f 2061 2064 2063
f 1508 2064 2061
f 1508 1509 2064
f 1508 2061 1475
f 1475 2061 2040
f 2040 2061 2062
f 2040 2062 2039
f 2048 2065 2049
f 2048 2047 2065
f 2049 2065 2066
f 2049 2066 2067
f 2067 2066 2068
f 1520 2068 1519
f 1520 2067 2068
f 1520 1492 2067
f 1492 2050 2067
f 2050 2049 2067
f 2069 2071 2070
f 2069 2072 2071
f 1522 2072 2069
f 1522 1523 2072
f 1522 2069 1495
f 1495 2069 2054
f 2054 2069 2070
f 2054 2070 2053
f 1505 2073 1531
f 1505 2074 2073
f 1505 2060 2074
f 2060 2059 2074
f 2073 2074 2075
f 2073 2076 1531
f 2073 2075 2076
f 1531 2076 1532
f 2077 2079 2078
f 2077 2080 2079
f 1534 2080 2077
f 1534 1535 2080
f 1534 2077 2081
f 1534 2081 1539
f 2077 2082 2081
f 2077 2078 2082
f 2081 2084 2083
f 2081 2082 2084
f 2081 2083 1539
f 1539 2083 1541
f 1541 2083 1509
f 1509 2083 2064
f 2064 2083 2084
f 2064 2084 2063
f 2085 2086 2087
f 2085 2087 2088
f 1547 2088 1546
f 1547 2085 2088
f 1547 1519 2085
f 1519 2068 2085
f 2068 2066 2086
f 2068 2086 2085
f 2089 2091 2090
f 2089 2092 2091
f 1550 2092 2089
f 1550 1551 2092
f 1550 2089 2093
f 1550 2093 1555
f 2089 2094 2093
f 2089 2090 2094
f 2093 2096 2095
f 2093 2094 2096
f 2093 2095 1555
f 1555 2095 1557
f 1557 2095 1523
f 1523 2095 2072
f 2072 2095 2096
f 2072 2096 2071
f 1532 2097 1563
f 1532 2098 2097
f 1532 2076 2098
f 2076 2075 2098
f 2097 2098 2099
f 2097 2100 1563
f 2097 2099 2100
f 1563 2100 1564
f 2101 2103 2102
f 2101 2104 2103
f 1566 2104 2101
f 1566 1567 2104
f 1566 2101 2105
f 1566 2105 1571
f 2101 2106 2105
f 2101 2102 2106
f 2105 2108 2107
f 2105 2106 2108
f 2105 2107 1571
f 1571 2107 1573
f 1573 2107 1535
f 1535 2107 2080
f 2080 2107 2108
f 2080 2108 2079
f 1546 2109 1579
f 1546 2110 2109
f 1546 2088 2110
f 2088 2087 2110
f 2109 2110 2111
f 2109 2112 1579
f 2109 2111 2112
f 1579 2112 1580
f 2113 2115 2114
f 2113 2116 2115
f 1582 2116 2113
f 1582 1583 2116
f 1582 2113 1551
f 1551 2113 2092
f 2092 2113 2114
f 2092 2114 2091
f 1564 2117 1591
f 1564 2118 2117
f 1564 2100 2118
f 2100 2099 2118
f 2117 2120 2119
f 2117 2118 2120
f 2117 2119 1591
f 1591 2119 1593
f 1593 2119 2121
f 1593 2121 1597
f 2119 2122 2121
f 2119 2120 2122
f 2121 2122 2123
f 2121 2124 1597
f 2121 2123 2124
f 1597 2124 1598
f 2125 2127 2126
f 2125 2128 2127
f 1600 2128 2125
f 1600 1601 2128
f 1600 2125 2129
f 1600 2129 1605
f 2125 2130 2129
f 2125 2126 2130
f 2129 2132 2131
f 2129 2130 2132
f 2129 2131 1605
f 1605 2131 1607
f 1607 2131 2133
f 1607 2133 1611
f 2131 2134 2133
f 2131 2132 2134
f 2133 2136 2135
f 2133 2134 2136
f 2133 2135 1611
f 1611 2135 1613
f 1613 2135 1567
f 1567 2135 2104
f 2104 2135 2136
f 2104 2136 2103
f 2137 2138 2139
f 2137 2139 2140
f 1619 2140 1618
f 1619 2137 2140
f 1619 1580 2137
f 1580 2112 2137
f 2112 2111 2138
f 2112 2138 2137
f 2141 2143 2142
f 2141 2144 2143
f 1622 2144 2141
f 1622 1623 2144
f 1622 2141 1583
f 1583 2141 2116
f 2116 2141 2142
f 2116 2142 2115
f 1598 2145 1633
f 1598 2146 2145
f 1598 2124 2146
f 2124 2123 2146
f 2145 2148 2147
f 2145 2146 2148
f 2145 2147 1633
f 1633 2147 1635
f 1635 2147 2149
f 1635 2149 1639
f 2147 2150 2149
f 2147 2148 2150
f 2149 2152 2151
f 2149 2150 2152
f 2149 2151 1639
f 1639 2151 1641
f 1641 2151 1601
f 1601 2151 2128
f 2128 2151 2152
f 2128 2152 2127
f 2153 2154 2155
f 2153 2155 2156
f 1650 2156 1651
f 1650 2153 2156
f 1650 1618 2153
f 1618 2140 2153
f 2140 2139 2154
f 2140 2154 2153
f 2157 2159 2158
f 2157 2160 2159
f 1654 2160 2157
f 1654 1655 2160
f 1654 2157 1623
f 1623 2157 2144
f 2144 2157 2158
f 2144 2158 2143
f 2161 2162 2163
f 2161 2163 2164
f 1670 2164 1671
f 1670 2161 2164
f 1670 1651 2161
f 1651 2156 2161
f 2156 2155 2162
f 2156 2162 2161
f 2165 2167 2166
f 2165 2168 2167
f 1674 2168 2165
f 1674 1675 2168
f 1674 2165 1655
f 1655 2165 2160
f 2160 2165 2166
f 2160 2166 2159
f 2169 2170 2171
f 2169 2171 2172
f 2169 2172 2173
f 2169 2173 2174
f 2169 2174 2175
f 2169 2175 2170
f 2174 2176 2175
f 2174 2177 2176
f 2174 2173 2178
f 2174 2178 2177
f 1681 2178 1682
f 1681 2177 2178
f 1681 1683 2179
f 1681 2179 2177
f 2177 2179 2180
f 2177 2180 2176
f 2179 2181 2180
f 2179 2182 2181
f 2179 1683 2182
f 1683 1684 2182
f 1684 1685 2183
f 1684 2183 2182
f 2182 2183 2184
f 2182 2184 2181
f 2183 2185 2184
f 2183 2186 2185
f 2183 1685 2186
f 1685 1687 2187
f 1685 2187 2186
f 2186 2187 2188
f 2186 2188 2189
f 2186 2189 2185
f 2188 2190 2189
f 2188 2187 2190
f 2191 2192 2193
f 2191 2193 2194
f 1694 2194 1695
f 1694 2191 2194
f 1694 1671 2191
f 1671 2164 2191
f 2164 2163 2192
f 2164 2192 2191
f 1675 1698 2195
f 1675 2196 2168
f 1675 2195 2196
f 2168 2196 2167
f 2195 2197 2196
f 2195 2198 2197
f 2195 1698 2198
f 1698 1699 2198
f 2199 2200 2201
f 2199 2201 2202
f 1703 2202 1704
f 1703 2199 2202
f 1703 1706 2203
f 1703 2203 2199
f 2199 2203 2204
f 2199 2204 2200
f 2203 2205 2204
f 2203 2206 2205
f 2203 1706 2206
f 1706 1707 2206
f 1707 1709 2207
f 1707 2207 2206
f 2206 2207 2208
f 2206 2208 2205
f 2207 2209 2208
f 2207 2210 2209
f 2207 1709 2210
f 1709 1710 2210
f 1710 1711 2211
f 1710 2211 2210
f 2172 2211 2173
f 2172 2210 2211
f 2172 2171 2209
f 2172 2209 2210
f 2173 2211 2212
f 2211 1711 2212
f 1711 1712 2212
f 1712 1682 2212
f 1682 2178 2212
f 2178 2173 2212
f 1687 1713 2213
f 1687 2213 2187
f 2187 2213 2214
f 2213 1713 2214
f 1713 1714 2214
f 1714 1715 2215
f 1714 2215 2214
f 2214 2215 2216
f 2187 2216 2190
f 2187 2214 2216
f 2215 2217 2216
f 2215 2218 2217
f 2215 1715 2218
f 1715 1716 2218
f 1716 1718 2219
f 1716 2219 2218
f 2218 2219 2220
f 2218 2220 2217
f 2219 2221 2220
f 2219 2222 2221
f 2219 1718 2222
f 1718 1719 2222
f 2223 2224 2225
f 2223 2225 2226
f 1724 2226 1725
f 1724 2223 2226
f 1724 1728 2227
f 1724 2227 2223
f 2223 2227 2228
f 2223 2228 2224
f 2227 2229 2228
f 2227 2230 2229
f 2227 1728 2230
f 1728 1729 2230
f 1729 1695 2230
f 1695 2194 2230
f 2194 2193 2229
f 2194 2229 2230
f 1699 1732 2231
f 1699 2232 2198
f 1699 2231 2232
f 2198 2232 2197
f 2231 2233 2232
f 2231 2234 2233
f 2231 1732 2234
f 1732 1733 2234
f 1733 1736 2235
f 1733 2235 2234
f 2234 2235 2236
f 2234 2236 2233
f 2235 2237 2236
f 2235 2238 2237
f 2235 1736 2238
f 1736 1737 2238
f 1737 1740 2239
f 1737 2239 2238
f 2238 2239 2240
f 2238 2240 2237
f 2239 2241 2240
f 2239 2242 2241
f 2239 1740 2242
f 1740 1741 2242
f 1741 1744 2243
f 1741 2243 2242
f 2242 2243 2244
f 2242 2244 2241
f 2243 2245 2244
f 2243 2246 2245
f 2243 1744 2246
f 1744 1745 2246
f 1745 1747 2247
f 1745 2247 2246
f 2246 2247 2248
f 2246 2248 2245
f 2247 2249 2248
f 2247 2250 2249
f 2247 1747 2250
f 1747 1748 2250
f 1748 1704 2250
f 1704 2202 2250
f 2202 2201 2249
f 2202 2249 2250
f 1719 1749 2251
f 1719 2252 2222
f 1719 2251 2252
f 2222 2252 2221
f 2251 2253 2252
f 2251 2254 2253
f 2251 1749 2254
f 1749 1750 2254
f 1750 1752 2255
f 1750 2255 2254
f 2254 2255 2256
f 2254 2256 2253
f 2255 2257 2256
f 2255 2258 2257
f 2255 1752 2258
f 1752 1753 2258
f 1753 1756 2259
f 1753 2259 2258
f 2258 2259 2260
f 2258 2260 2257
f 2259 2261 2260
f 2259 2262 2261
f 2259 1756 2262
f 1756 1757 2262
f 1757 1760 2263
f 1757 2263 2262
f 2262 2263 2264
f 2262 2264 2261
f 2263 2265 2264
f 2263 2266 2265
f 2263 1760 2266
f 1760 1761 2266
f 1761 1764 2267
f 1761 2267 2266
f 2266 2267 2268
f 2266 2268 2265
f 2267 2269 2268
f 2267 2270 2269
f 2267 1764 2270
f 1764 1765 2270
f 1765 1725 2270
f 1725 2226 2270
f 2226 2225 2269
f 2226 2269 2270
f 2271 2273 2272
f 2271 2274 2273
f 1768 2274 2271
f 1768 1769 2274
f 1768 2271 2275
f 1768 2275 1772
f 2271 2276 2275
f 2271 2272 2276
f 2275 2278 2277
f 2275 2276 2278
f 2275 2277 1772
f 1772 2277 1774
f 1774 2277 2279
f 1774 2279 1776
f 2277 2280 2279
f 2277 2278 2280
f 2279 2282 2281
f 2279 2280 2282
f 2279 2281 1776
f 1776 2281 1778
f 1778 2281 2283
f 1778 2283 1780
f 2281 2284 2283
f 2281 2282 2284
f 2283 2286 2285
f 2283 2284 2286
f 2283 2285 1780
f 1780 2285 1782
f 1782 2285 2287
f 1782 2287 1784
f 2285 2288 2287
f 2285 2286 2288
f 2287 2288 2289
f 2287 2290 1784
f 2287 2289 2290
f 1784 2291 1786
f 1784 2290 2291
f 1786 2291 1788
f 1788 2291 2292
f 1788 2292 1789
f 1792 1793 2293
f 1792 2293 1796
f 2294 2296 2295
f 1796 2296 2294
f 1796 2293 2296
f 1796 2294 1798
f 1798 2294 2297
f 1798 2297 1800
f 2294 2298 2297
f 2294 2295 2298
f 2297 2300 2299
f 2297 2298 2300
f 2297 2299 1800
f 1800 2299 1802
f 1802 2299 2301
f 1802 2301 1804
f 2299 2302 2301
f 2299 2300 2302
f 2301 2304 2303
f 2301 2302 2304
f 2301 2303 1804
f 1804 2303 1806
f 1806 2303 2305
f 1806 2305 1808
f 2303 2306 2305
f 2303 2304 2306
f 2305 2308 2307
f 2305 2306 2308
f 2305 2307 1808
f 1808 2307 1810
f 1810 2307 2309
f 1810 2309 1812
f 2307 2310 2309
f 2307 2308 2310
f 2309 2310 2311
f 2309 2312 1812
f 2309 2311 2312
f 1812 2312 1813
f 2313 2315 2314
f 2313 2316 2315
f 1816 2316 2313
f 1816 1817 2316
f 1816 2313 2317
f 1816 2317 1820
f 2313 2318 2317
f 2313 2314 2318
f 2317 2320 2319
f 2317 2318 2320
f 2317 2319 1820
f 1820 2319 1822
f 1822 2319 1769
f 1769 2319 2274
f 2274 2319 2320
f 2274 2320 2273
f 2290 2321 2291
f 2290 2289 2321
f 2291 2321 2322
f 1789 2323 1824
f 1789 2324 2323
f 1789 2292 2324
f 2292 2322 2324
f 2292 2291 2322
f 2323 2324 2325
f 2323 2326 1824
f 2323 2325 2326
f 1824 2327 1826
f 1824 2326 2327
f 1826 2327 1828
f 1828 2327 2328
f 1828 2328 1829
f 1835 1836 2329
f 1835 2329 1838
f 2330 2332 2331
f 1838 2332 2330
f 1838 2329 2332
f 1838 2330 1840
f 1840 2330 2333
f 1840 2333 1842
f 2330 2334 2333
f 2330 2331 2334
f 2333 2336 2335
f 2333 2334 2336
f 2333 2335 1842
f 1842 2335 1844
f 1844 2335 1793
f 1793 2335 2337
f 1793 2337 2293
f 2335 2336 2337
f 2293 2337 2338
f 2293 2338 2296
f 1813 2339 1846
f 1813 2340 2339
f 1813 2312 2340
f 2312 2311 2340
f 2339 2340 2341
f 2339 2342 1846
f 2339 2341 2342
f 1846 2342 1847
f 2343 2345 2344
f 2343 2346 2345
f 1850 2346 2343
f 1850 1851 2346
f 1850 2343 1817
f 1817 2343 2316
f 2316 2343 2344
f 2316 2344 2315
f 2326 2347 2327
f 2326 2325 2347
f 2327 2347 2348
f 1829 2349 1853
f 1829 2350 2349
f 1829 2328 2350
f 2328 2348 2350
f 2328 2327 2348
f 2349 2350 2351
f 2349 2352 1853
f 2349 2351 2352
f 1853 2353 1854
f 1853 2352 2353
f 1854 2353 1856
f 1856 2353 2354
f 1856 2355 1858
f 1856 2354 2355
f 1858 2355 1860
f 2356 2358 2357
f 1860 2358 2356
f 1860 2355 2358
f 1860 2356 1862
f 1862 2356 2359
f 1862 2359 1863
f 2356 2360 2359
f 2356 2357 2360
f 2359 2362 2361
f 2359 2360 2362
f 2359 2361 1863
f 1863 2361 1864
f 1864 2361 1836
f 1836 2361 2363
f 1836 2363 2329
f 2361 2362 2363
f 2329 2363 2364
f 2329 2364 2332
f 2365 2366 2367
f 2365 2367 2368
f 1866 2368 1867
f 1866 2365 2368
f 1866 1847 2365
f 1847 2342 2365
f 2342 2341 2366
f 2342 2366 2365
f 2369 2371 2370
f 2369 2372 2371
f 1870 2372 2369
f 1870 1871 2372
f 1870 2369 1851
f 1851 2369 2346
f 2346 2369 2370
f 2346 2370 2345
f 2373 2374 2375
f 2373 2375 2376
f 2373 2376 2377
f 2373 2377 2378
f 2352 2378 2353
f 2352 2373 2378
f 2352 2351 2374
f 2352 2374 2373
f 2353 2378 2379
f 2378 2377 2380
f 2378 2380 2379
f 2379 2380 2381
f 2379 2381 2382
f 2354 2382 2355
f 2354 2379 2382
f 2354 2353 2379
f 2355 2384 2383
f 2355 2382 2384
f 2382 2381 2384
f 2355 2383 2358
f 2385 2386 2387
f 2385 2387 2388
f 1874 2388 1875
f 1874 2385 2388
f 1874 1867 2385
f 1867 2368 2385
f 2368 2367 2386
f 2368 2386 2385
f 2389 2391 2390
f 2389 2392 2391
f 1878 2392 2389
f 1878 1879 2392
f 1878 2389 1871
f 1871 2389 2372
f 2372 2389 2390
f 2372 2390 2371
f 2393 2394 2395
f 2393 2395 2396
f 2393 2396 2397
f 2393 2397 2398
f 2393 2398 2399
f 2393 2399 2394
f 2398 2400 2399
f 2398 2401 2400
f 2398 2397 2402
f 2398 2402 2401
f 1882 2402 1883
f 1882 2401 2402
f 1882 1886 2403
f 1882 2403 2401
f 2376 2403 2377
f 2376 2401 2403
f 2376 2375 2400
f 2376 2400 2401
f 2377 2403 2404
f 2403 1886 2404
f 1886 1887 2404
f 1887 1890 2405
f 1887 2405 2404
f 2380 2405 2381
f 2380 2404 2405
f 2380 2377 2404
f 2381 2405 2406
f 2405 1890 2406
f 1890 1891 2407
f 1890 2407 2406
f 2406 2407 2408
f 2406 2408 2409
f 2381 2409 2384
f 2381 2406 2409
f 2408 2410 2409
f 2408 2407 2410
f 2411 2412 2413
f 2411 2413 2414
f 1894 2414 1895
f 1894 2411 2414
f 1894 1875 2411
f 1875 2388 2411
f 2388 2387 2412
f 2388 2412 2411
f 1898 1899 2415
f 1898 2416 1879
f 1898 2415 2416
f 1879 2417 2392
f 1879 2416 2417
f 2392 2417 2391
f 2416 2418 2417
f 2416 2415 2418
f 2419 2420 2421
f 2419 2421 2422
f 1902 2422 1903
f 1902 2419 2422
f 1902 1906 2423
f 1902 2423 2419
f 2419 2423 2424
f 2419 2424 2420
f 2423 2425 2424
f 2423 2426 2425
f 2423 1906 2426
f 1906 1907 2426
f 1907 1910 2427
f 1907 2427 2426
f 2396 2427 2397
f 2396 2426 2427
f 2396 2395 2425
f 2396 2425 2426
f 2397 2427 2428
f 2427 1910 2428
f 1910 1911 2428
f 1911 1883 2428
f 1883 2402 2428
f 2402 2397 2428
f 1891 1914 2429
f 1891 2429 2407
f 2407 2429 2430
f 2429 1914 2430
f 1914 1915 2430
f 1915 1918 2431
f 1915 2431 2430
f 2430 2431 2432
f 2407 2432 2410
f 2407 2430 2432
f 2431 2433 2432
f 2431 2434 2433
f 2431 1918 2434
f 1918 1919 2434
f 2435 2436 2437
f 2435 2437 2438
f 2435 2438 2439
f 2435 2439 2440
f 2435 2440 2441
f 2435 2441 2436
f 2440 2442 2441
f 2440 2443 2442
f 2440 2439 2444
f 2440 2444 2443
f 1922 2444 1923
f 1922 2443 2444
f 1922 1895 2443
f 1895 2414 2443
f 2414 2413 2442
f 2414 2442 2443
f 1899 1926 2445
f 1899 2445 2415
f 2415 2447 2446
f 2415 2445 2447
f 2445 2448 2447
f 2445 1926 2448
f 1926 1927 2448
f 2415 2446 2418
f 2449 2450 2451
f 2449 2451 2452
f 1930 2452 1931
f 1930 2449 2452
f 1930 1934 2453
f 1930 2453 2449
f 2449 2453 2454
f 2449 2454 2450
f 2453 2455 2454
f 2453 2456 2455
f 2453 1934 2456
f 1934 1935 2456
f 1935 1903 2456
f 1903 2422 2456
f 2422 2421 2455
f 2422 2455 2456
f 1919 1938 2457
f 1919 2458 2434
f 1919 2457 2458
f 2434 2458 2433
f 2457 2459 2458
f 2457 2460 2459
f 2457 1938 2460
f 1938 1939 2460
f 2461 2462 2463
f 2461 2463 2464
f 1942 2464 1943
f 1942 2461 2464
f 1942 1946 2465
f 1942 2465 2461
f 2438 2465 2439
f 2438 2461 2465
f 2438 2437 2462
f 2438 2462 2461
f 2439 2465 2466
f 2465 1946 2466
f 1946 1947 2466
f 1947 1923 2466
f 1923 2444 2466
f 2444 2439 2466
f 1950 1951 2467
f 1950 2468 1927
f 1950 2467 2468
f 1927 2469 2448
f 1927 2468 2469
f 2448 2469 2447
f 2468 2470 2469
f 2468 2467 2470
f 2471 2472 2473
f 2471 2473 2474
f 1954 2474 1955
f 1954 2471 2474
f 1954 1958 2475
f 1954 2475 2471
f 2471 2475 2476
f 2471 2476 2472
f 2475 2477 2476
f 2475 2478 2477
f 2475 1958 2478
f 1958 1959 2478
f 1959 1931 2478
f 1931 2452 2478
f 2452 2451 2477
f 2452 2477 2478
f 1939 1962 2479
f 1939 2480 2460
f 1939 2479 2480
f 2460 2480 2459
f 2479 2481 2480
f 2479 2482 2481
f 2479 1962 2482
f 1962 1963 2482
f 2483 2484 2485
f 2483 2485 2486
f 2483 2486 2487
f 2483 2487 2488
f 2483 2488 2489
f 2483 2489 2484
f 2488 2490 2489
f 2488 2491 2490
f 2488 2487 2492
f 2488 2492 2491
f 1966 2492 1967
f 1966 2491 2492
f 1966 1943 2491
f 1943 2464 2491
f 2464 2463 2490
f 2464 2490 2491
f 1951 1971 2493
f 1951 2493 2467
f 2467 2495 2494
f 2467 2493 2495
f 2493 2496 2495
f 2493 1971 2496
f 1971 1972 2496
f 2467 2494 2470
f 2497 2498 2499
f 2497 2499 2500
f 2497 2500 2501
f 2497 2501 2502
f 2497 2502 2503
f 2497 2503 2498
f 2502 2504 2503
f 2502 2505 2504
f 2502 2501 2506
f 2502 2506 2505
f 1974 2506 1975
f 1974 2505 2506
f 1974 1955 2505
f 1955 2474 2505
f 2474 2473 2504
f 2474 2504 2505
f 1978 1979 2507
f 1978 2508 1963
f 1978 2507 2508
f 1963 2509 2482
f 1963 2508 2509
f 2482 2509 2481
f 2508 2510 2509
f 2508 2507 2510
f 2511 2512 2513
f 2511 2513 2514
f 1982 2514 1983
f 1982 2511 2514
f 1982 1987 2515
f 1982 2515 2511
f 2486 2515 2487
f 2486 2511 2515
f 2486 2485 2512
f 2486 2512 2511
f 2487 2515 2516
f 2515 1987 2516
f 1987 1988 2516
f 1988 1967 2516
f 1967 2492 2516
f 2492 2487 2516
f 1992 1993 2517
f 1992 2518 1972
f 1992 2517 2518
f 1972 2519 2496
f 1972 2518 2519
f 2496 2519 2495
f 2518 2520 2519
f 2518 2521 2520
f 2518 2517 2522
f 2518 2522 2521
f 2521 2522 2523
f 2521 2523 2524
f 2521 2524 2525
f 2521 2525 2520
f 2524 2526 2525
f 2524 2527 2526
f 2524 2523 2528
f 2524 2528 2527
f 1996 2528 1997
f 1996 2527 2528
f 1996 2000 2529
f 1996 2529 2527
f 2500 2529 2501
f 2500 2527 2529
f 2500 2499 2526
f 2500 2526 2527
f 2501 2529 2530
f 2529 2000 2530
f 2000 2001 2530
f 2001 1975 2530
f 1975 2506 2530
f 2506 2501 2530
f 1979 2004 2531
f 1979 2531 2507
f 2507 2531 2532
f 2531 2004 2532
f 2004 2005 2533
f 2004 2533 2532
f 2532 2533 2534
f 2532 2534 2535
f 2507 2535 2510
f 2507 2532 2535
f 2534 2536 2535
f 2534 2537 2536
f 2534 2533 2538
f 2534 2538 2537
f 2537 2538 2539
f 2537 2539 2540
f 2537 2540 2541
f 2537 2541 2536
f 2540 2542 2541
f 2540 2543 2542
f 2540 2539 2544
f 2540 2544 2543
f 2008 2544 2009
f 2008 2543 2544
f 2008 1983 2543
f 1983 2514 2543
f 2514 2513 2542
f 2514 2542 2543
f 2014 2015 2545
f 2014 2546 1993
f 2014 2545 2546
f 1993 2546 2517
f 2517 2546 2547
f 2546 2545 2548
f 2546 2548 2547
f 2547 2548 2549
f 2547 2549 2550
f 2522 2550 2523
f 2522 2547 2550
f 2522 2517 2547
f 2523 2550 2551
f 2550 2549 2552
f 2550 2552 2551
f 2018 2552 2019
f 2018 2551 2552
f 2018 1997 2551
f 1997 2528 2551
f 2528 2523 2551
f 2022 2023 2553
f 2022 2554 2005
f 2022 2553 2554
f 2005 2554 2533
f 2533 2554 2555
f 2554 2553 2556
f 2554 2556 2555
f 2555 2556 2557
f 2555 2557 2558
f 2538 2558 2539
f 2538 2555 2558
f 2538 2533 2555
f 2539 2558 2559
f 2558 2557 2560
f 2558 2560 2559
f 2026 2560 2027
f 2026 2559 2560
f 2026 2009 2559
f 2009 2544 2559
f 2544 2539 2559
f 2561 2563 2562
f 2561 2564 2563
f 2031 2564 2561
f 2031 2032 2564
f 2031 2561 2015
f 2015 2561 2565
f 2015 2565 2545
f 2561 2562 2565
f 2545 2565 2566
f 2548 2567 2549
f 2548 2566 2567
f 2548 2545 2566
f 2549 2567 2568
f 2549 2568 2569
f 2569 2568 2570
f 2569 2570 2571
f 2019 2571 2034
f 2019 2569 2571
f 2019 2552 2569
f 2552 2549 2569
f 2034 2571 2572
f 2034 2572 2035
f 2038 2039 2573
f 2038 2573 2042
f 2574 2576 2575
f 2042 2576 2574
f 2042 2573 2576
f 2042 2574 2044
f 2044 2574 2023
f 2023 2574 2577
f 2023 2577 2553
f 2574 2575 2577
f 2553 2577 2578
f 2556 2579 2557
f 2556 2578 2579
f 2556 2553 2578
f 2557 2579 2580
f 2557 2580 2581
f 2581 2580 2582
f 2046 2582 2047
f 2046 2581 2582
f 2046 2027 2581
f 2027 2560 2581
f 2560 2557 2581
f 2052 2053 2583
f 2052 2583 2055
f 2584 2586 2585
f 2055 2586 2584
f 2055 2583 2586
f 2055 2584 2056
f 2056 2584 2032
f 2032 2584 2564
f 2564 2584 2585
f 2564 2585 2563
f 2570 2587 2571
f 2570 2568 2587
f 2571 2587 2588
f 2571 2588 2589
f 2589 2588 2590
f 2058 2590 2059
f 2058 2589 2590
f 2058 2035 2589
f 2035 2572 2589
f 2572 2571 2589
f 2591 2593 2592
f 2591 2594 2593
f 2062 2594 2591
f 2062 2063 2594
f 2062 2591 2039
f 2039 2591 2595
f 2039 2595 2573
f 2591 2592 2595
f 2573 2595 2596
f 2573 2596 2576
f 2597 2598 2599
f 2597 2599 2600
f 2597 2600 2601
f 2047 2601 2065
f 2047 2597 2601
f 2047 2582 2597
f 2582 2580 2598
f 2582 2598 2597
f 2065 2601 2602
f 2065 2602 2066
f 2603 2605 2604
f 2603 2606 2605
f 2070 2606 2603
f 2070 2071 2606
f 2070 2603 2053
f 2053 2603 2607
f 2053 2607 2583
f 2603 2604 2607
f 2583 2607 2608
f 2583 2608 2586
f 2059 2609 2074
f 2059 2610 2609
f 2059 2590 2610
f 2590 2588 2610
f 2609 2610 2611
f 2609 2612 2074
f 2609 2611 2612
f 2074 2612 2075
f 2613 2615 2614
f 2613 2616 2615
f 2078 2616 2613
f 2078 2079 2616
f 2078 2613 2617
f 2078 2617 2082
f 2613 2618 2617
f 2613 2614 2618
f 2617 2620 2619
f 2617 2618 2620
f 2617 2619 2082
f 2082 2619 2084
f 2084 2619 2063
f 2063 2619 2594
f 2594 2619 2620
f 2594 2620 2593
f 2600 2621 2601
f 2600 2599 2621
f 2601 2621 2622
f 2601 2622 2623
f 2623 2622 2624
f 2086 2624 2087
f 2086 2623 2624
f 2086 2066 2623
f 2066 2602 2623
f 2602 2601 2623
f 2090 2091 2625
f 2090 2625 2094
f 2626 2628 2627
f 2094 2628 2626
f 2094 2625 2628
f 2094 2626 2096
f 2096 2626 2071
f 2071 2626 2606
f 2606 2626 2627
f 2606 2627 2605
f 2075 2629 2098
f 2075 2630 2629
f 2075 2612 2630
f 2612 2611 2630
f 2629 2630 2631
f 2629 2632 2098
f 2629 2631 2632
f 2098 2632 2099
f 2633 2635 2634
f 2633 2636 2635
f 2102 2636 2633
f 2102 2103 2636
f 2102 2633 2637
f 2102 2637 2106
f 2633 2638 2637
f 2633 2634 2638
f 2637 2640 2639
f 2637 2638 2640
f 2637 2639 2106
f 2106 2639 2108
f 2108 2639 2079
f 2079 2639 2616
f 2616 2639 2640
f 2616 2640 2615
f 2641 2642 2643
f 2641 2643 2644
f 2641 2644 2645
f 2087 2645 2110
f 2087 2641 2645
f 2087 2624 2641
f 2624 2622 2642
f 2624 2642 2641
f 2110 2645 2646
f 2110 2646 2111
f 2647 2649 2648
f 2647 2650 2649
f 2114 2650 2647
f 2114 2115 2650
f 2114 2647 2091
f 2091 2647 2651
f 2091 2651 2625
f 2647 2648 2651
f 2625 2651 2652
f 2625 2652 2628
f 2099 2653 2118
f 2099 2654 2653
f 2099 2632 2654
f 2632 2631 2654
f 2653 2654 2655
f 2653 2656 2118
f 2653 2655 2656
f 2118 2657 2120
f 2118 2656 2657
f 2120 2657 2122
f 2122 2657 2658
f 2122 2658 2123
f 2126 2127 2659
f 2126 2659 2130
f 2660 2662 2661
f 2130 2662 2660
f 2130 2659 2662
f 2130 2660 2132
f 2132 2660 2663
f 2132 2663 2134
f 2660 2664 2663
f 2660 2661 2664
f 2663 2666 2665
f 2663 2664 2666
f 2663 2665 2134
f 2134 2665 2136
f 2136 2665 2103
f 2103 2665 2636
f 2636 2665 2666
f 2636 2666 2635
f 2644 2667 2645
f 2644 2643 2667
f 2645 2667 2668
f 2645 2668 2669
f 2669 2668 2670
f 2138 2670 2139
f 2138 2669 2670
f 2138 2111 2669
f 2111 2646 2669
f 2646 2645 2669
f 2671 2673 2672
f 2671 2674 2673
f 2142 2674 2671
f 2142 2143 2674
f 2142 2671 2115
f 2115 2671 2650
f 2650 2671 2672
f 2650 2672 2649
f 2656 2675 2657
f 2656 2655 2675
f 2657 2675 2676
f 2657 2676 2677
f 2677 2676 2678
f 2677 2678 2679
f 2123 2679 2146
f 2123 2677 2679
f 2123 2658 2677
f 2658 2657 2677
f 2146 2679 2680
f 2146 2681 2148
f 2146 2680 2681
f 2148 2681 2150
f 2682 2684 2683
f 2150 2684 2682
f 2150 2681 2684
f 2150 2682 2152
f 2152 2682 2127
f 2127 2682 2685
f 2127 2685 2659
f 2682 2683 2685
f 2659 2685 2686
f 2659 2686 2662
f 2687 2688 2689
f 2687 2689 2690
f 2154 2690 2155
f 2154 2687 2690
f 2154 2139 2687
f 2139 2670 2687
f 2670 2668 2688
f 2670 2688 2687
f 2691 2693 2692
f 2691 2694 2693
f 2158 2694 2691
f 2158 2159 2694
f 2158 2691 2143
f 2143 2691 2674
f 2674 2691 2692
f 2674 2692 2673
f 2695 2696 2697
f 2695 2697 2698
f 2695 2698 2699
f 2695 2699 2700
f 2678 2700 2679
f 2678 2695 2700
f 2678 2676 2696
f 2678 2696 2695
f 2679 2700 2701
f 2700 2699 2702
f 2700 2702 2701
f 2701 2702 2703
f 2701 2703 2704
f 2680 2704 2681
f 2680 2701 2704
f 2680 2679 2701
f 2681 2706 2705
f 2681 2704 2706
f 2704 2703 2706
f 2681 2705 2684
f 2707 2708 2709
f 2707 2709 2710
f 2162 2710 2163
f 2162 2707 2710
f 2162 2155 2707
f 2155 2690 2707
f 2690 2689 2708
f 2690 2708 2707
f 2711 2713 2712
f 2711 2714 2713
f 2166 2714 2711
f 2166 2167 2714
f 2166 2711 2159
f 2159 2711 2694
f 2694 2711 2712
f 2694 2712 2693
f 2715 2716 2717
f 2715 2717 2718
f 2715 2718 2719
f 2715 2719 2720
f 2715 2720 2721
f 2715 2721 2716
f 2720 2722 2721
f 2720 2723 2722
f 2720 2719 2724
f 2720 2724 2723
f 2170 2724 2171
f 2170 2723 2724
f 2170 2175 2725
f 2170 2725 2723
f 2723 2725 2726
f 2723 2726 2722
f 2725 2727 2726
f 2725 2728 2727
f 2725 2175 2728
f 2175 2176 2728
f 2176 2180 2729
f 2176 2729 2728
f 2698 2729 2699
f 2698 2728 2729
f 2698 2697 2727
f 2698 2727 2728
f 2699 2729 2730
f 2729 2180 2730
f 2180 2181 2730
f 2181 2184 2731
f 2181 2731 2730
f 2702 2731 2703
f 2702 2730 2731
f 2702 2699 2730
f 2703 2731 2732
f 2731 2184 2732
f 2184 2185 2732
f 2185 2189 2733
f 2185 2733 2732
f 2732 2733 2734
f 2703 2734 2706
f 2703 2732 2734
f 2733 2735 2734
f 2733 2736 2735
f 2733 2189 2736
f 2189 2190 2737
f 2189 2737 2736
f 2736 2737 2738
f 2736 2738 2739
f 2736 2739 2735
f 2738 2740 2739
f 2738 2737 2740
f 2741 2742 2743
f 2741 2743 2744
f 2192 2744 2193
f 2192 2741 2744
f 2192 2163 2741
f 2163 2710 2741
f 2710 2709 2742
f 2710 2742 2741
f 2167 2196 2745
f 2167 2746 2714
f 2167 2745 2746
f 2714 2746 2713
f 2745 2747 2746
f 2745 2748 2747
f 2745 2196 2748
f 2196 2197 2748
f 2749 2750 2751
f 2749 2751 2752
f 2749 2752 2753
f 2749 2753 2754
f 2749 2754 2755
f 2749 2755 2750
f 2754 2756 2755
f 2754 2757 2756
f 2754 2753 2758
f 2754 2758 2757
f 2200 2758 2201
f 2200 2757 2758
f 2200 2204 2759
f 2200 2759 2757
f 2757 2759 2760
f 2757 2760 2756
f 2759 2761 2760
f 2759 2762 2761
f 2759 2204 2762
f 2204 2205 2762
f 2205 2208 2763
f 2205 2763 2762
f 2718 2763 2719
f 2718 2762 2763
f 2718 2717 2761
f 2718 2761 2762
f 2719 2763 2764
f 2763 2208 2764
f 2208 2209 2764
f 2209 2171 2764
f 2171 2724 2764
f 2724 2719 2764
f 2190 2216 2765
f 2190 2765 2737
f 2737 2765 2766
f 2765 2216 2766
f 2216 2217 2766
f 2217 2220 2767
f 2217 2767 2766
f 2766 2767 2768
f 2737 2768 2740
f 2737 2766 2768
f 2767 2769 2768
f 2767 2770 2769
f 2767 2220 2770
f 2220 2221 2771
f 2220 2771 2770
f 2770 2771 2772
f 2770 2772 2773
f 2770 2773 2769
f 2772 2774 2773
f 2772 2771 2774
f 2775 2776 2777
f 2775 2777 2778
f 2224 2778 2225
f 2224 2775 2778
f 2224 2228 2779
f 2224 2779 2775
f 2775 2779 2780
f 2775 2780 2776
f 2779 2781 2780
f 2779 2782 2781
f 2779 2228 2782
f 2228 2229 2782
f 2229 2193 2782
f 2193 2744 2782
f 2744 2743 2781
f 2744 2781 2782
f 2197 2232 2783
f 2197 2784 2748
f 2197 2783 2784
f 2748 2784 2747
f 2783 2785 2784
f 2783 2786 2785
f 2783 2232 2786
f 2232 2233 2786
f 2233 2236 2787
f 2233 2787 2786
f 2786 2787 2788
f 2786 2788 2785
f 2787 2789 2788
f 2787 2790 2789
f 2787 2236 2790
f 2236 2237 2790
f 2237 2240 2791
f 2237 2791 2790
f 2790 2791 2792
f 2790 2792 2789
f 2791 2793 2792
f 2791 2794 2793
f 2791 2240 2794
f 2240 2241 2794
f 2241 2244 2795
f 2241 2795 2794
f 2794 2795 2796
f 2794 2796 2793
f 2795 2797 2796
f 2795 2798 2797
f 2795 2244 2798
f 2244 2245 2798
f 2245 2248 2799
f 2245 2799 2798
f 2752 2799 2753
f 2752 2798 2799
f 2752 2751 2797
f 2752 2797 2798
f 2753 2799 2800
f 2799 2248 2800
f 2248 2249 2800
f 2249 2201 2800
f 2201 2758 2800
f 2758 2753 2800
f 2221 2252 2801
f 2221 2801 2771
f 2771 2801 2802
f 2801 2252 2802
f 2252 2253 2802
f 2253 2256 2803
f 2253 2803 2802
f 2802 2803 2804
f 2771 2804 2774
f 2771 2802 2804
f 2803 2805 2804
f 2803 2806 2805
f 2803 2256 2806
f 2256 2257 2806
f 2257 2260 2807
f 2257 2807 2806
f 2806 2807 2808
f 2806 2808 2805
f 2807 2809 2808
f 2807 2810 2809
f 2807 2260 2810
f 2260 2261 2810
f 2261 2264 2811
f 2261 2811 2810
f 2810 2811 2812
f 2810 2812 2809
f 2811 2813 2812
f 2811 2814 2813
f 2811 2264 2814
f 2264 2265 2814
f 2265 2268 2815
f 2265 2815 2814
f 2814 2815 2816
f 2814 2816 2813
f 2815 2817 2816
f 2815 2818 2817
f 2815 2268 2818
f 2268 2269 2818
f 2269 2225 2818
f 2225 2778 2818
f 2778 2777 2817
f 2778 2817 2818
f 2272 2273 2819
f 2272 2819 2276
f 2820 2822 2821
f 2276 2822 2820
f 2276 2819 2822
f 2276 2820 2278
f 2278 2820 2823
f 2278 2823 2280
f 2820 2824 2823
f 2820 2821 2824
f 2823 2826 2825
f 2823 2824 2826
f 2823 2825 2280
f 2280 2825 2282
f 2282 2825 2827
f 2282 2827 2284
f 2825 2828 2827
f 2825 2826 2828
f 2827 2828 2829
f 2827 2830 2284
f 2827 2829 2830
f 2284 2831 2286
f 2284 2830 2831
f 2286 2831 2288
f 2288 2831 2832
f 2288 2832 2289
f 2295 2296 2833
f 2295 2833 2298
f 2834 2836 2835
f 2298 2836 2834
f 2298 2833 2836
f 2298 2834 2300
f 2300 2834 2837
f 2300 2837 2302
f 2834 2838 2837
f 2834 2835 2838
f 2837 2840 2839
f 2837 2838 2840
f 2837 2839 2302
f 2302 2839 2304
f 2304 2839 2841
f 2304 2841 2306
f 2839 2842 2841
f 2839 2840 2842
f 2841 2842 2843
f 2841 2844 2306
f 2841 2843 2844
f 2306 2845 2308
f 2306 2844 2845
f 2308 2845 2310
f 2310 2845 2846
f 2310 2846 2311
f 2314 2315 2847
f 2314 2847 2318
f 2848 2850 2849
f 2318 2850 2848
f 2318 2847 2850
f 2318 2848 2320
f 2320 2848 2273
f 2273 2848 2851
f 2273 2851 2819
f 2848 2849 2851
f 2819 2851 2852
f 2819 2852 2822
f 2830 2853 2831
f 2830 2829 2853
f 2831 2853 2854
f 2289 2855 2321
f 2289 2856 2855
f 2289 2832 2856
f 2832 2854 2856
f 2832 2831 2854
f 2855 2856 2857
f 2855 2858 2321
f 2855 2857 2858
f 2321 2859 2322
f 2321 2858 2859
f 2322 2859 2324
f 2324 2859 2860
f 2324 2860 2325
f 2331 2332 2861
f 2331 2861 2334
f 2862 2864 2863
f 2334 2864 2862
f 2334 2861 2864
f 2334 2862 2336
f 2336 2862 2865
f 2336 2865 2337
f 2862 2866 2865
f 2862 2863 2866
f 2865 2868 2867
f 2865 2866 2868
f 2865 2867 2337
f 2337 2867 2338
f 2338 2867 2296
f 2296 2867 2869
f 2296 2869 2833
f 2867 2868 2869
f 2833 2869 2870
f 2833 2870 2836
f 2844 2871 2845
f 2844 2843 2871
f 2845 2871 2872
f 2845 2872 2873
f 2873 2872 2874
f 2873 2874 2875
f 2311 2875 2340
f 2311 2873 2875
f 2311 2846 2873
f 2846 2845 2873
f 2340 2875 2876
f 2340 2876 2341
f 2877 2879 2878
f 2877 2880 2879
f 2344 2880 2877
f 2344 2345 2880
f 2344 2877 2315
f 2315 2877 2881
f 2315 2881 2847
f 2877 2878 2881
f 2847 2881 2882
f 2847 2882 2850
f 2858 2883 2859
f 2858 2857 2883
f 2859 2883 2884
f 2859 2884 2885
f 2885 2884 2886
f 2885 2886 2887
f 2325 2887 2347
f 2325 2885 2887
f 2325 2860 2885
f 2860 2859 2885
f 2347 2887 2888
f 2347 2889 2348
f 2347 2888 2889
f 2348 2889 2350
f 2350 2889 2890
f 2350 2890 2351
f 2357 2358 2891
f 2357 2891 2360
f 2360 2891 2892
f 2360 2893 2362
f 2360 2892 2893
f 2362 2893 2363
f 2894 2896 2895
f 2363 2896 2894
f 2363 2893 2896
f 2363 2894 2364
f 2364 2894 2332
f 2332 2894 2897
f 2332 2897 2861
f 2894 2895 2897
f 2861 2897 2898
f 2861 2898 2864
f 2874 2899 2875
f 2874 2872 2899
f 2875 2899 2900
f 2875 2900 2901
f 2901 2900 2902
f 2366 2902 2367
f 2366 2901 2902
f 2366 2341 2901
f 2341 2876 2901
f 2876 2875 2901
f 2903 2905 2904
f 2903 2906 2905
f 2370 2906 2903
f 2370 2371 2906
f 2370 2903 2345
f 2345 2903 2880
f 2880 2903 2904
f 2880 2904 2879
f 2907 2908 2909
f 2907 2909 2910
f 2907 2910 2911
f 2907 2911 2912
f 2886 2912 2887
f 2886 2907 2912
f 2886 2884 2908
f 2886 2908 2907
f 2887 2912 2913
f 2912 2911 2914
f 2912 2914 2913
f 2913 2914 2915
f 2913 2915 2916
f 2888 2916 2889
f 2888 2913 2916
f 2888 2887 2913
f 2889 2916 2917
f 2916 2915 2918
f 2916 2918 2917
f 2374 2918 2375
f 2374 2917 2918
f 2374 2351 2917
f 2351 2890 2917
f 2890 2889 2917
f 2383 2384 2919
f 2383 2920 2358
f 2383 2919 2920
f 2358 2920 2891
f 2891 2920 2921
f 2920 2919 2922
f 2920 2922 2921
f 2921 2922 2923
f 2921 2923 2924
f 2892 2924 2893
f 2892 2921 2924
f 2892 2891 2921
f 2893 2926 2925
f 2893 2924 2926
f 2924 2923 2926
f 2893 2925 2896
f 2927 2928 2929
f 2927 2929 2930
f 2386 2930 2387
f 2386 2927 2930
f 2386 2367 2927
f 2367 2902 2927
f 2902 2900 2928
f 2902 2928 2927
f 2390 2391 2931
f 2390 2932 2371
f 2390 2931 2932
f 2371 2933 2906
f 2371 2932 2933
f 2906 2933 2905
f 2932 2934 2933
f 2932 2931 2934
f 2935 2936 2937
f 2935 2937 2938
f 2935 2938 2939
f 2935 2939 2940
f 2910 2940 2911
f 2910 2935 2940
f 2910 2909 2936
f 2910 2936 2935
f 2911 2940 2941
f 2940 2939 2942
f 2940 2942 2941
f 2394 2942 2395
f 2394 2941 2942
f 2394 2399 2943
f 2394 2943 2941
f 2914 2943 2915
f 2914 2941 2943
f 2914 2911 2941
f 2915 2943 2944
f 2943 2399 2944
f 2399 2400 2944
f 2400 2375 2944
f 2375 2918 2944
f 2918 2915 2944
f 2384 2409 2945
f 2384 2945 2919
f 2919 2945 2946
f 2945 2409 2946
f 2409 2410 2947
f 2409 2947 2946
f 2946 2947 2948
f 2922 2948 2923
f 2922 2946 2948
f 2922 2919 2946
f 2923 2950 2949
f 2923 2948 2950
f 2948 2947 2950
f 2923 2949 2926
f 2951 2952 2953
f 2951 2953 2954
f 2951 2954 2955
f 2951 2955 2956
f 2951 2956 2957
f 2951 2957 2952
f 2956 2958 2957
f 2956 2959 2958
f 2956 2955 2960
f 2956 2960 2959
f 2412 2960 2413
f 2412 2959 2960
f 2412 2387 2959
f 2387 2930 2959
f 2930 2929 2958
f 2930 2958 2959
f 2391 2417 2961
f 2391 2961 2931
f 2931 2963 2962
f 2931 2961 2963
f 2961 2964 2963
f 2961 2417 2964
f 2417 2418 2964
f 2931 2962 2934
f 2965 2966 2967
f 2965 2967 2968
f 2965 2968 2969
f 2965 2969 2970
f 2965 2970 2971
f 2965 2971 2966
f 2970 2972 2971
f 2970 2973 2972
f 2970 2969 2974
f 2970 2974 2973
f 2420 2974 2421
f 2420 2973 2974
f 2420 2424 2975
f 2420 2975 2973
f 2938 2975 2939
f 2938 2973 2975
f 2938 2937 2972
f 2938 2972 2973
f 2939 2975 2976
f 2975 2424 2976
f 2424 2425 2976
f 2425 2395 2976
f 2395 2942 2976
f 2942 2939 2976
f 2410 2432 2977
f 2410 2977 2947
f 2947 2977 2978
f 2977 2432 2978
f 2432 2433 2979
f 2432 2979 2978
f 2978 2979 2980
f 2978 2980 2981
f 2947 2981 2950
f 2947 2978 2981
f 2980 2982 2981
f 2980 2979 2982
f 2983 2984 2985
f 2983 2985 2986
f 2436 2986 2437
f 2436 2983 2986
f 2436 2441 2987
f 2436 2987 2983
f 2954 2987 2955
f 2954 2983 2987
f 2954 2953 2984
f 2954 2984 2983
f 2955 2987 2988
f 2987 2441 2988
f 2441 2442 2988
f 2442 2413 2988
f 2413 2960 2988
f 2960 2955 2988
f 2446 2447 2989
f 2446 2990 2418
f 2446 2989 2990
f 2418 2991 2964
f 2418 2990 2991
f 2964 2991 2963
f 2990 2992 2991
f 2990 2989 2992
f 2993 2994 2995
f 2993 2995 2996
f 2993 2996 2997
f 2993 2997 2998
f 2993 2998 2999
f 2993 2999 2994
f 2998 3000 2999
f 2998 3001 3000
f 2998 2997 3002
f 2998 3002 3001
f 2450 3002 2451
f 2450 3001 3002
f 2450 2454 3003
f 2450 3003 3001
f 2968 3003 2969
f 2968 3001 3003
f 2968 2967 3000
f 2968 3000 3001
f 2969 3003 3004
f 3003 2454 3004
f 2454 2455 3004
f 2455 2421 3004
f 2421 2974 3004
f 2974 2969 3004
f 2433 2458 3005
f 2433 3005 2979
f 2979 3005 3006
f 3005 2458 3006
f 2458 2459 3007
f 2458 3007 3006
f 3006 3007 3008
f 3006 3008 3009
f 2979 3009 2982
f 2979 3006 3009
f 3008 3010 3009
f 3008 3007 3010
f 3011 3012 3013
f 3011 3013 3014
f 3011 3014 3015
f 3011 3015 3016
f 3011 3016 3017
f 3011 3017 3012
f 3016 3018 3017
f 3016 3019 3018
f 3016 3015 3020
f 3016 3020 3019
f 2462 3020 2463
f 2462 3019 3020
f 2462 2437 3019
f 2437 2986 3019
f 2986 2985 3018
f 2986 3018 3019
f 2447 2469 3021
f 2447 3021 2989
f 2989 3021 3022
f 3021 2469 3022
f 2469 2470 3023
f 2469 3023 3022
f 3022 3023 3024
f 3022 3024 3025
f 2989 3025 2992
f 2989 3022 3025
f 3024 3026 3025
f 3024 3027 3026
f 3024 3023 3028
f 3024 3028 3027
f 3027 3028 3029
f 3027 3029 3030
f 3027 3030 3031
f 3027 3031 3026
f 3030 3032 3031
f 3030 3033 3032
f 3030 3029 3034
f 3030 3034 3033
f 3033 3034 3035
f 3033 3035 3036
f 3033 3036 3037
f 3033 3037 3032
f 3036 3038 3037
f 3036 3039 3038
f 3036 3035 3040
f 3036 3040 3039
f 2472 3040 2473
f 2472 3039 3040
f 2472 2476 3041
f 2472 3041 3039
f 2996 3041 2997
f 2996 3039 3041
f 2996 2995 3038
f 2996 3038 3039
f 2997 3041 3042
f 3041 2476 3042
f 2476 2477 3042
f 2477 2451 3042
f 2451 3002 3042
f 3002 2997 3042
f 2459 2480 3043
f 2459 3043 3007
f 3007 3043 3044
f 3043 2480 3044
f 2480 2481 3045
f 2480 3045 3044
f 3044 3045 3046
f 3044 3046 3047
f 3007 3047 3010
f 3007 3044 3047
f 3046 3048 3047
f 3046 3049 3048
f 3046 3045 3050
f 3046 3050 3049
f 3049 3050 3051
f 3049 3051 3052
f 3049 3052 3053
f 3049 3053 3048
f 3052 3054 3053
f 3052 3055 3054
f 3052 3051 3056
f 3052 3056 3055
f 3055 3056 3057
f 3055 3057 3058
f 3055 3058 3059
f 3055 3059 3054
f 3058 3060 3059
f 3058 3061 3060
f 3058 3057 3062
f 3058 3062 3061
f 2484 3062 2485
f 2484 3061 3062
f 2484 2489 3063
f 2484 3063 3061
f 3014 3063 3015
f 3014 3061 3063
f 3014 3013 3060
f 3014 3060 3061
f 3015 3063 3064
f 3063 2489 3064
f 2489 2490 3064
f 2490 2463 3064
f 2463 3020 3064
f 3020 3015 3064
f 2494 2495 3065
f 2494 3066 2470
f 2494 3065 3066
f 2470 3066 3023
f 3023 3066 3067
f 3066 3065 3068
f 3066 3068 3067
f 3067 3068 3069
f 3067 3069 3070
f 3028 3070 3029
f 3028 3067 3070
f 3028 3023 3067
f 3029 3070 3071
f 3070 3069 3072
f 3070 3072 3071
f 2498 3072 2499
f 2498 3071 3072
f 2498 2503 3073
f 2498 3073 3071
f 3034 3073 3035
f 3034 3071 3073
f 3034 3029 3071
f 3035 3073 3074
f 3073 2503 3074
f 2503 2504 3074
f 2504 2473 3074
f 2473 3040 3074
f 3040 3035 3074
f 2481 2509 3075
f 2481 3075 3045
f 3045 3075 3076
f 3075 2509 3076
f 2509 2510 3077
f 2509 3077 3076
f 3076 3077 3078
f 3050 3078 3051
f 3050 3076 3078
f 3050 3045 3076
f 3051 3078 3079
f 3078 3077 3080
f 3078 3080 3079
f 3079 3080 3081
f 3079 3081 3082
f 3056 3082 3057
f 3056 3079 3082
f 3056 3051 3079
f 3057 3082 3083
f 3082 3081 3084
f 3082 3084 3083
f 2512 3084 2513
f 2512 3083 3084
f 2512 2485 3083
f 2485 3062 3083
f 3062 3057 3083
f 2495 2519 3085
f 2495 3085 3065
f 3065 3085 3086
f 3085 2519 3086
f 2519 2520 3086
f 2520 2525 3087
f 2520 3087 3086
f 3068 3087 3069
f 3068 3086 3087
f 3068 3065 3086
f 3069 3087 3088
f 3087 2525 3088
f 2525 2526 3088
f 2526 2499 3088
f 2499 3072 3088
f 3072 3069 3088
f 2510 2535 3089
f 2510 3089 3077
f 3077 3089 3090
f 3089 2535 3090
f 2535 2536 3090
f 2536 2541 3091
f 2536 3091 3090
f 3080 3091 3081
f 3080 3090 3091
f 3080 3077 3090
f 3081 3091 3092
f 3091 2541 3092
f 2541 2542 3092
f 2542 2513 3092
f 2513 3084 3092
f 3084 3081 3092
f 2562 2563 3093
f 2562 3093 2565
f 2565 3093 3094
f 2565 3095 2566
f 2565 3094 3095
f 2566 3095 2567
f 2567 3095 3096
f 2567 3096 2568
f 2575 2576 3097
f 2575 3097 2577
f 2577 3097 3098
f 2577 3099 2578
f 2577 3098 3099
f 2578 3099 2579
f 2579 3099 3100
f 2579 3100 2580
f 2585 2586 3101
f 2585 3102 2563
f 2585 3101 3102
f 2563 3102 3093
f 3093 3102 3103
f 3102 3101 3104
f 3102 3104 3103
f 3103 3104 3105
f 3103 3105 3106
f 3094 3106 3095
f 3094 3103 3106
f 3094 3093 3103
f 3095 3106 3107
f 3106 3105 3108
f 3106 3108 3107
f 3107 3108 3109
f 2568 3109 2587
f 2568 3107 3109
f 2568 3096 3107
f 3096 3095 3107
f 2587 3109 3110
f 2587 3110 2588
f 2592 2593 3111
f 2592 3111 2595
f 2595 3111 3112
f 2595 3113 2596
f 2595 3112 3113
f 2596 3114 2576
f 2596 3113 3114
f 2576 3114 3097
f 3097 3114 3115
f 3114 3113 3116
f 3114 3116 3115
f 3115 3116 3117
f 3115 3117 3118
f 3098 3118 3099
f 3098 3115 3118
f 3098 3097 3115
f 3099 3118 3119
f 3118 3117 3120
f 3118 3120 3119
f 2598 3120 2599
f 2598 3119 3120
f 2598 2580 3119
f 2580 3100 3119
f 3100 3099 3119
f 2604 2605 3121
f 2604 3121 2607
f 3122 3124 3123
f 2607 3124 3122
f 2607 3121 3124
f 2607 3122 2608
f 2608 3122 2586
f 2586 3122 3125
f 2586 3125 3101
f 3122 3123 3125
f 3101 3125 3126
f 3104 3127 3105
f 3104 3126 3127
f 3104 3101 3126
f 3105 3127 3128
f 3108 3129 3109
f 3108 3128 3129
f 3108 3105 3128
f 3109 3129 3130
f 3109 3130 3131
f 3131 3130 3132
f 3131 3132 3133
f 2588 3133 2610
f 2588 3131 3133
f 2588 3110 3131
f 3110 3109 3131
f 2610 3133 3134
f 2610 3134 2611
f 2614 2615 3135
f 2614 3135 2618
f 3136 3138 3137
f 2618 3138 3136
f 2618 3135 3138
f 2618 3136 2620
f 2620 3136 2593
f 2593 3136 3139
f 2593 3139 3111
f 3136 3137 3139
f 3111 3139 3140
f 3112 3141 3113
f 3112 3140 3141
f 3112 3111 3140
f 3113 3141 3142
f 3116 3143 3117
f 3116 3142 3143
f 3116 3113 3142
f 3117 3143 3144
f 3117 3144 3145
f 3145 3144 3146
f 3145 3146 3147
f 2599 3147 2621
f 2599 3145 3147
f 2599 3120 3145
f 3120 3117 3145
f 2621 3147 3148
f 2621 3148 2622
f 3149 3151 3150
f 3149 3152 3151
f 2627 3152 3149
f 2627 2628 3152
f 2627 3149 2605
f 2605 3149 3153
f 2605 3153 3121
f 3149 3150 3153
f 3121 3153 3154
f 3121 3154 3124
f 3132 3155 3133
f 3132 3130 3155
f 3133 3155 3156
f 3133 3156 3157
f 3157 3156 3158
f 3157 3158 3159
f 2611 3159 2630
f 2611 3157 3159
f 2611 3134 3157
f 3134 3133 3157
f 2630 3159 3160
f 2630 3160 2631
f 2634 2635 3161
f 2634 3161 2638
f 3162 3164 3163
f 2638 3164 3162
f 2638 3161 3164
f 2638 3162 2640
f 2640 3162 2615
f 2615 3162 3165
f 2615 3165 3135
f 3162 3163 3165
f 3135 3165 3166
f 3135 3166 3138
f 3146 3167 3147
f 3146 3144 3167
f 3147 3167 3168
f 3147 3168 3169
f 3169 3168 3170
f 2642 3170 2643
f 2642 3169 3170
f 2642 2622 3169
f 2622 3148 3169
f 3148 3147 3169
f 2648 2649 3171
f 2648 3171 2651
f 3172 3174 3173
f 2651 3174 3172
f 2651 3171 3174
f 2651 3172 2652
f 2652 3172 2628
f 2628 3172 3152
f 3152 3172 3173
f 3152 3173 3151
f 3158 3175 3159
f 3158 3156 3175
f 3159 3175 3176
f 3159 3176 3177
f 3177 3176 3178
f 3177 3178 3179
f 2631 3179 2654
f 2631 3177 3179
f 2631 3160 3177
f 3160 3159 3177
f 2654 3179 3180
f 2654 3180 2655
f 2661 2662 3181
f 2661 3181 2664
f 3182 3184 3183
f 2664 3184 3182
f 2664 3181 3184
f 2664 3182 2666
f 2666 3182 2635
f 2635 3182 3185
f 2635 3185 3161
f 3182 3183 3185
f 3161 3185 3186
f 3161 3186 3164
f 3187 3188 3189
f 3187 3189 3190
f 3187 3190 3191
f 2643 3191 2667
f 2643 3187 3191
f 2643 3170 3187
f 3170 3168 3188
f 3170 3188 3187
f 2667 3191 3192
f 2667 3192 2668
f 3193 3195 3194
f 3193 3196 3195
f 2672 3196 3193
f 2672 2673 3196
f 2672 3193 2649
f 2649 3193 3197
f 2649 3197 3171
f 3193 3194 3197
f 3171 3197 3198
f 3171 3198 3174
f 3199 3200 3201
f 3199 3201 3202
f 3199 3202 3203
f 3199 3203 3204
f 3178 3204 3179
f 3178 3199 3204
f 3178 3176 3200
f 3178 3200 3199
f 3179 3204 3205
f 3204 3203 3206
f 3204 3206 3205
f 3205 3206 3207
f 2655 3207 2675
f 2655 3205 3207
f 2655 3180 3205
f 3180 3179 3205
f 2675 3207 3208
f 2675 3208 2676
f 2683 2684 3209
f 2683 3209 2685
f 2685 3209 3210
f 2685 3211 2686
f 2685 3210 3211
f 2686 3212 2662
f 2686 3211 3212
f 2662 3212 3181
f 3181 3214 3213
f 3181 3212 3214
f 3212 3211 3214
f 3181 3213 3184
f 3190 3215 3191
f 3190 3189 3215
f 3191 3215 3216
f 3191 3216 3217
f 3217 3216 3218
f 2688 3218 2689
f 2688 3217 3218
f 2688 2668 3217
f 2668 3192 3217
f 3192 3191 3217
f 3219 3221 3220
f 3219 3222 3221
f 2692 3222 3219
f 2692 2693 3222
f 2692 3219 2673
f 2673 3219 3196
f 3196 3219 3220
f 3196 3220 3195
f 3223 3224 3225
f 3223 3225 3226
f 3223 3226 3227
f 3223 3227 3228
f 3202 3228 3203
f 3202 3223 3228
f 3202 3201 3224
f 3202 3224 3223
f 3203 3228 3229
f 3228 3227 3230
f 3228 3230 3229
f 3229 3230 3231
f 3229 3231 3232
f 3206 3232 3207
f 3206 3229 3232
f 3206 3203 3229
f 3207 3232 3233
f 3232 3231 3234
f 3232 3234 3233
f 2696 3234 2697
f 2696 3233 3234
f 2696 2676 3233
f 2676 3208 3233
f 3208 3207 3233
f 2705 2706 3235
f 2705 3236 2684
f 2705 3235 3236
f 2684 3236 3209
f 3209 3236 3237
f 3236 3235 3238
f 3236 3238 3237
f 3237 3238 3239
f 3237 3239 3240
f 3210 3240 3211
f 3210 3237 3240
f 3210 3209 3237
f 3211 3242 3241
f 3211 3240 3242
f 3240 3239 3242
f 3211 3241 3214
f 3243 3244 3245
f 3243 3245 3246
f 2708 3246 2709
f 2708 3243 3246
f 2708 2689 3243
f 2689 3218 3243
f 3218 3216 3244
f 3218 3244 3243
f 2712 2713 3247
f 2712 3248 2693
f 2712 3247 3248
f 2693 3249 3222
f 2693 3248 3249
f 3222 3249 3221
f 3248 3250 3249
f 3248 3247 3250
f 3251 3252 3253
f 3251 3253 3254
f 3251 3254 3255
f 3251 3255 3256
f 3251 3256 3257
f 3251 3257 3252
f 3256 3258 3257
f 3256 3259 3258
f 3256 3255 3260
f 3256 3260 3259
f 2716 3260 2717
f 2716 3259 3260
f 2716 2721 3261
f 2716 3261 3259
f 3226 3261 3227
f 3226 3259 3261
f 3226 3225 3258
f 3226 3258 3259
f 3227 3261 3262
f 3261 2721 3262
f 2721 2722 3262
f 2722 2726 3263
f 2722 3263 3262
f 3230 3263 3231
f 3230 3262 3263
f 3230 3227 3262
f 3231 3263 3264
f 3263 2726 3264
f 2726 2727 3264
f 2727 2697 3264
f 2697 3234 3264
f 3234 3231 3264
f 2706 2734 3265
f 2706 3265 3235
f 3235 3265 3266
f 3265 2734 3266
f 2734 2735 3266
f 2735 2739 3267
f 2735 3267 3266
f 3238 3267 3239
f 3238 3266 3267
f 3238 3235 3266
f 3239 3267 3268
f 3267 2739 3268
f 2739 2740 3269
f 2739 3269 3268
f 3268 3269 3270
f 3268 3270 3271
f 3239 3271 3242
f 3239 3268 3271
f 3270 3272 3271
f 3270 3269 3272
f 3273 3274 3275
f 3273 3275 3276
f 3273 3276 3277
f 3273 3277 3278
f 3273 3278 3279
f 3273 3279 3274
f 3278 3280 3279
f 3278 3281 3280
f 3278 3277 3282
f 3278 3282 3281
f 2742 3282 2743
f 2742 3281 3282
f 2742 2709 3281
f 2709 3246 3281
f 3246 3245 3280
f 3246 3280 3281
f 2713 2746 3283
f 2713 3283 3247
f 3247 3283 3284
f 3283 2746 3284
f 2746 2747 3285
f 2746 3285 3284
f 3284 3285 3286
f 3284 3286 3287
f 3247 3287 3250
f 3247 3284 3287
f 3286 3288 3287
f 3286 3285 3288
f 3289 3290 3291
f 3289 3291 3292
f 3289 3292 3293
f 3289 3293 3294
f 3289 3294 3295
f 3289 3295 3290
f 3294 3296 3295
f 3294 3297 3296
f 3294 3293 3298
f 3294 3298 3297
f 2750 3298 2751
f 2750 3297 3298
f 2750 2755 3299
f 2750 3299 3297
f 3297 3299 3300
f 3297 3300 3296
f 3299 3301 3300
f 3299 3302 3301
f 3299 2755 3302
f 2755 2756 3302
f 2756 2760 3303
f 2756 3303 3302
f 3254 3303 3255
f 3254 3302 3303
f 3254 3253 3301
f 3254 3301 3302
f 3255 3303 3304
f 3303 2760 3304
f 2760 2761 3304
f 2761 2717 3304
f 2717 3260 3304
f 3260 3255 3304
f 2740 2768 3305
f 2740 3305 3269
f 3269 3305 3306
f 3305 2768 3306
f 2768 2769 3306
f 2769 2773 3307
f 2769 3307 3306
f 3306 3307 3308
f 3269 3308 3272
f 3269 3306 3308
f 3307 3309 3308
f 3307 3310 3309
f 3307 2773 3310
f 2773 2774 3311
f 2773 3311 3310
f 3310 3311 3312
f 3310 3312 3313
f 3310 3313 3309
f 3312 3314 3313
f 3312 3311 3314
f 3315 3316 3317
f 3315 3317 3318
f 3315 3318 3319
f 3315 3319 3320
f 3315 3320 3321
f 3315 3321 3316
f 3320 3322 3321
f 3320 3323 3322
f 3320 3319 3324
f 3320 3324 3323
f 2776 3324 2777
f 2776 3323 3324
f 2776 2780 3325
f 2776 3325 3323
f 3276 3325 3277
f 3276 3323 3325
f 3276 3275 3322
f 3276 3322 3323
f 3277 3325 3326
f 3325 2780 3326
f 2780 2781 3326
f 2781 2743 3326
f 2743 3282 3326
f 3282 3277 3326
f 2747 2784 3327
f 2747 3327 3285
f 3285 3327 3328
f 3327 2784 3328
f 2784 2785 3328
f 2785 2788 3329
f 2785 3329 3328
f 3328 3329 3330
f 3285 3330 3288
f 3285 3328 3330
f 3329 3331 3330
f 3329 3332 3331
f 3329 2788 3332
f 2788 2789 3332
f 2789 2792 3333
f 2789 3333 3332
f 3332 3333 3334
f 3332 3334 3331
f 3333 3335 3334
f 3333 3336 3335
f 3333 2792 3336
f 2792 2793 3336
f 2793 2796 3337
f 2793 3337 3336
f 3292 3337 3293
f 3292 3336 3337
f 3292 3291 3335
f 3292 3335 3336
f 3293 3337 3338
f 3337 2796 3338
f 2796 2797 3338
f 2797 2751 3338
f 2751 3298 3338
f 3298 3293 3338
f 2774 2804 3339
f 2774 3339 3311
f 3311 3339 3340
f 3339 2804 3340
f 2804 2805 3340
f 2805 2808 3341
f 2805 3341 3340
f 3340 3341 3342
f 3311 3342 3314
f 3311 3340 3342
f 3341 3343 3342
f 3341 3344 3343
f 3341 2808 3344
f 2808 2809 3344
f 2809 2812 3345
f 2809 3345 3344
f 3344 3345 3346
f 3344 3346 3343
f 3345 3347 3346
f 3345 3348 3347
f 3345 2812 3348
f 2812 2813 3348
f 2813 2816 3349
f 2813 3349 3348
f 3318 3349 3319
f 3318 3348 3349
f 3318 3317 3347
f 3318 3347 3348
f 3319 3349 3350
f 3349 2816 3350
f 2816 2817 3350
f 2817 2777 3350
f 2777 3324 3350
f 3324 3319 3350
f 2821 2822 3351
f 2821 3351 2824
f 2824 3351 3352
f 2824 3353 2826
f 2824 3352 3353
f 2826 3353 2828
f 2828 3353 3354
f 2828 3354 2829
f 2835 2836 3355
f 2835 3355 2838
f 2838 3355 3356
f 2838 3357 2840
f 2838 3356 3357
f 2840 3357 2842
f 2842 3357 3358
f 2842 3358 2843
f 3359 3361 3360
f 3359 3362 3361
f 2849 3362 3359
f 2849 2850 3362
f 2849 3359 3363
f 2849 3363 2851
f 3359 3364 3363
f 3359 3360 3364
f 3363 3366 3365
f 3363 3364 3366
f 3363 3365 2851
f 2851 3365 2852
f 2852 3365 2822
f 2822 3365 3367
f 2822 3367 3351
f 3365 3366 3367
f 3351 3367 3368
f 3352 3369 3353
f 3352 3368 3369
f 3352 3351 3368
f 3353 3369 3370
f 2829 3371 2853
f 2829 3372 3371
f 2829 3354 3372
f 3354 3370 3372
f 3354 3353 3370
f 3371 3372 3373
f 3371 3374 2853
f 3371 3373 3374
f 2853 3375 2854
f 2853 3374 3375
f 2854 3375 2856
f 2856 3375 3376
f 2856 3376 2857
f 2863 2864 3377
f 2863 3377 2866
f 3378 3380 3379
f 2866 3380 3378
f 2866 3377 3380
f 2866 3378 2868
f 2868 3378 3381
f 2868 3381 2869
f 3378 3382 3381
f 3378 3379 3382
f 3381 3384 3383
f 3381 3382 3384
f 3381 3383 2869
f 2869 3383 2870
f 2870 3383 2836
f 2836 3383 3385
f 2836 3385 3355
f 3383 3384 3385
f 3355 3385 3386
f 3356 3387 3357
f 3356 3386 3387
f 3356 3355 3386
f 3357 3387 3388
f 2843 3389 2871
f 2843 3390 3389
f 2843 3358 3390
f 3358 3388 3390
f 3358 3357 3388
f 3389 3390 3391
f 3389 3392 2871
f 3389 3391 3392
f 2871 3392 2872
f 2878 2879 3393
f 2878 3393 2881
f 3394 3396 3395
f 2881 3396 3394
f 2881 3393 3396
f 2881 3394 2882
f 2882 3394 2850
f 2850 3394 3362
f 3362 3394 3395
f 3362 3395 3361
f 3374 3397 3375
f 3374 3373 3397
f 3375 3397 3398
f 3375 3398 3399
f 3399 3398 3400
f 3399 3400 3401
f 2857 3401 2883
f 2857 3399 3401
f 2857 3376 3399
f 3376 3375 3399
f 2883 3401 3402
f 2883 3402 2884
f 2895 2896 3403
f 2895 3403 2897
f 3404 3406 3405
f 2897 3406 3404
f 2897 3403 3406
f 2897 3404 2898
f 2898 3404 2864
f 2864 3404 3407
f 2864 3407 3377
f 3404 3405 3407
f 3377 3407 3408
f 3377 3408 3380
f 3409 3410 3411
f 3409 3411 3412
f 3409 3412 3413
f 2872 3413 2899
f 2872 3409 3413
f 2872 3392 3409
f 3392 3391 3410
f 3392 3410 3409
f 2899 3413 3414
f 2899 3414 2900
f 2904 2905 3415
f 2904 3416 2879
f 2904 3415 3416
f 2879 3416 3393
f 3393 3418 3417
f 3393 3416 3418
f 3416 3415 3418
f 3393 3417 3396
f 3419 3420 3421
f 3419 3421 3422
f 3419 3422 3423
f 3419 3423 3424
f 3400 3424 3401
f 3400 3419 3424
f 3400 3398 3420
f 3400 3420 3419
f 3401 3424 3425
f 3424 3423 3426
f 3424 3426 3425
f 2908 3426 2909
f 2908 3425 3426
f 2908 2884 3425
f 2884 3402 3425
f 3402 3401 3425
f 2925 2926 3427
f 2925 3428 2896
f 2925 3427 3428
f 2896 3428 3403
f 3403 3430 3429
f 3403 3428 3430
f 3428 3427 3430
f 3403 3429 3406
f 3431 3432 3433
f 3431 3433 3434
f 3431 3434 3435
f 3431 3435 3436
f 3412 3436 3413
f 3412 3431 3436
f 3412 3411 3432
f 3412 3432 3431
f 3413 3436 3437
f 3436 3435 3438
f 3436 3438 3437
f 2928 3438 2929
f 2928 3437 3438
f 2928 2900 3437
f 2900 3414 3437
f 3414 3413 3437
f 2905 2933 3439
f 2905 3439 3415
f 3415 3441 3440
f 3415 3439 3441
f 3439 3442 3441
f 3439 2933 3442
f 2933 2934 3442
f 3415 3440 3418
f 3443 3444 3445
f 3443 3445 3446
f 3443 3446 3447
f 3443 3447 3448
f 3422 3448 3423
f 3422 3443 3448
f 3422 3421 3444
f 3422 3444 3443
f 3423 3448 3449
f 3448 3447 3450
f 3448 3450 3449
f 2936 3450 2937
f 2936 3449 3450
f 2936 2909 3449
f 2909 3426 3449
f 3426 3423 3449
f 2949 2950 3451
f 2949 3452 2926
f 2949 3451 3452
f 2926 3452 3427
f 3427 3454 3453
f 3427 3452 3454
f 3452 3451 3454
f 3427 3453 3430
f 3455 3456 3457
f 3455 3457 3458
f 2952 3458 2953
f 2952 3455 3458
f 2952 2957 3459
f 2952 3459 3455
f 3434 3459 3435
f 3434 3455 3459
f 3434 3433 3456
f 3434 3456 3455
f 3435 3459 3460
f 3459 2957 3460
f 2957 2958 3460
f 2958 2929 3460
f 2929 3438 3460
f 3438 3435 3460
f 2962 2963 3461
f 2962 3462 2934
f 2962 3461 3462
f 2934 3463 3442
f 2934 3462 3463
f 3442 3463 3441
f 3462 3464 3463
f 3462 3461 3464
f 3465 3466 3467
f 3465 3467 3468
f 3465 3468 3469
f 3465 3469 3470
f 3465 3470 3471
f 3465 3471 3466
f 3470 3472 3471
f 3470 3473 3472
f 3470 3469 3474
f 3470 3474 3473
f 2966 3474 2967
f 2966 3473 3474
f 2966 2971 3475
f 2966 3475 3473
f 3446 3475 3447
f 3446 3473 3475
f 3446 3445 3472
f 3446 3472 3473
f 3447 3475 3476
f 3475 2971 3476
f 2971 2972 3476
f 2972 2937 3476
f 2937 3450 3476
f 3450 3447 3476
f 2950 2981 3477
f 2950 3477 3451
f 3451 3477 3478
f 3477 2981 3478
f 2981 2982 3479
f 2981 3479 3478
f 3478 3479 3480
f 3478 3480 3481
f 3451 3481 3454
f 3451 3478 3481
f 3480 3482 3481
f 3480 3479 3482
f 3483 3484 3485
f 3483 3485 3486
f 3483 3486 3487
f 3483 3487 3488
f 3483 3488 3489
f 3483 3489 3484
f 3488 3490 3489
f 3488 3491 3490
f 3488 3487 3492
f 3488 3492 3491
f 2984 3492 2985
f 2984 3491 3492
f 2984 2953 3491
f 2953 3458 3491
f 3458 3457 3490
f 3458 3490 3491
f 2963 2991 3493
f 2963 3493 3461
f 3461 3493 3494
f 3493 2991 3494
f 2991 2992 3495
f 2991 3495 3494
f 3494 3495 3496
f 3494 3496 3497
f 3461 3497 3464
f 3461 3494 3497
f 3496 3498 3497
f 3496 3499 3498
f 3496 3495 3500
f 3496 3500 3499
f 3499 3500 3501
f 3499 3501 3502
f 3499 3502 3503
f 3499 3503 3498
f 3502 3504 3503
f 3502 3505 3504
f 3502 3501 3506
f 3502 3506 3505
f 3505 3506 3507
f 3505 3507 3508
f 3505 3508 3509
f 3505 3509 3504
f 3508 3510 3509
f 3508 3511 3510
f 3508 3507 3512
f 3508 3512 3511
f 2994 3512 2995
f 2994 3511 3512
f 2994 2999 3513
f 2994 3513 3511
f 3468 3513 3469
f 3468 3511 3513
f 3468 3467 3510
f 3468 3510 3511
f 3469 3513 3514
f 3513 2999 3514
f 2999 3000 3514
f 3000 2967 3514
f 2967 3474 3514
f 3474 3469 3514
f 2982 3009 3515
f 2982 3515 3479
f 3479 3515 3516
f 3515 3009 3516
f 3009 3010 3517
f 3009 3517 3516
f 3516 3517 3518
f 3516 3518 3519
f 3479 3519 3482
f 3479 3516 3519
f 3518 3520 3519
f 3518 3521 3520
f 3518 3517 3522
f 3518 3522 3521
f 3521 3522 3523
f 3521 3523 3524
f 3521 3524 3525
f 3521 3525 3520
f 3524 3526 3525
f 3524 3527 3526
f 3524 3523 3528
f 3524 3528 3527
f 3527 3528 3529
f 3527 3529 3530
f 3527 3530 3531
f 3527 3531 3526
f 3530 3532 3531
f 3530 3533 3532
f 3530 3529 3534
f 3530 3534 3533
f 3012 3534 3013
f 3012 3533 3534
f 3012 3017 3535
f 3012 3535 3533
f 3486 3535 3487
f 3486 3533 3535
f 3486 3485 3532
f 3486 3532 3533
f 3487 3535 3536
f 3535 3017 3536
f 3017 3018 3536
f 3018 2985 3536
f 2985 3492 3536
f 3492 3487 3536
f 2992 3025 3537
f 2992 3537 3495
f 3495 3537 3538
f 3537 3025 3538
f 3025 3026 3538
f 3026 3031 3539
f 3026 3539 3538
f 3500 3539 3501
f 3500 3538 3539
f 3500 3495 3538
f 3501 3539 3540
f 3539 3031 3540
f 3031 3032 3540
f 3032 3037 3541
f 3032 3541 3540
f 3506 3541 3507
f 3506 3540 3541
f 3506 3501 3540
f 3507 3541 3542
f 3541 3037 3542
f 3037 3038 3542
f 3038 2995 3542
f 2995 3512 3542
f 3512 3507 3542
f 3010 3047 3543
f 3010 3543 3517
f 3517 3543 3544
f 3543 3047 3544
f 3047 3048 3544
f 3048 3053 3545
f 3048 3545 3544
f 3522 3545 3523
f 3522 3544 3545
f 3522 3517 3544
f 3523 3545 3546
f 3545 3053 3546
f 3053 3054 3546
f 3054 3059 3547
f 3054 3547 3546
f 3528 3547 3529
f 3528 3546 3547
f 3528 3523 3546
f 3529 3547 3548
f 3547 3059 3548
f 3059 3060 3548
f 3060 3013 3548
f 3013 3534 3548
f 3534 3529 3548
f 3123 3124 3549
f 3123 3549 3125
f 3125 3549 3550
f 3125 3551 3126
f 3125 3550 3551
f 3126 3551 3127
f 3127 3551 3552
f 3127 3553 3128
f 3127 3552 3553
f 3128 3553 3129
f 3129 3553 3554
f 3129 3554 3130
f 3137 3138 3555
f 3137 3555 3139
f 3139 3555 3556
f 3139 3557 3140
f 3139 3556 3557
f 3140 3557 3141
f 3141 3557 3558
f 3141 3559 3142
f 3141 3558 3559
f 3142 3559 3143
f 3143 3559 3560
f 3143 3560 3144
f 3150 3151 3561
f 3150 3561 3153
f 3562 3564 3563
f 3153 3564 3562
f 3153 3561 3564
f 3153 3562 3154
f 3154 3562 3124
f 3124 3562 3565
f 3124 3565 3549
f 3562 3563 3565
f 3549 3565 3566
f 3550 3567 3551
f 3550 3566 3567
f 3550 3549 3566
f 3551 3567 3568
f 3552 3569 3553
f 3552 3568 3569
f 3552 3551 3568
f 3553 3569 3570
f 3553 3570 3571
f 3571 3570 3572
f 3571 3572 3573
f 3130 3573 3155
f 3130 3571 3573
f 3130 3554 3571
f 3554 3553 3571
f 3155 3573 3574
f 3155 3574 3156
f 3163 3164 3575
f 3163 3575 3165
f 3576 3578 3577
f 3165 3578 3576
f 3165 3575 3578
f 3165 3576 3166
f 3166 3576 3138
f 3138 3576 3579
f 3138 3579 3555
f 3576 3577 3579
f 3555 3579 3580
f 3556 3581 3557
f 3556 3580 3581
f 3556 3555 3580
f 3557 3581 3582
f 3558 3583 3559
f 3558 3582 3583
f 3558 3557 3582
f 3559 3583 3584
f 3559 3584 3585
f 3585 3584 3586
f 3585 3586 3587
f 3144 3587 3167
f 3144 3585 3587
f 3144 3560 3585
f 3560 3559 3585
f 3167 3587 3588
f 3167 3588 3168
f 3589 3591 3590
f 3589 3592 3591
f 3173 3592 3589
f 3173 3174 3592
f 3173 3589 3151
f 3151 3589 3593
f 3151 3593 3561
f 3589 3590 3593
f 3561 3593 3594
f 3561 3594 3564
f 3572 3595 3573
f 3572 3570 3595
f 3573 3595 3596
f 3573 3596 3597
f 3597 3596 3598
f 3597 3598 3599
f 3156 3599 3175
f 3156 3597 3599
f 3156 3574 3597
f 3574 3573 3597
f 3175 3599 3600
f 3175 3600 3176
f 3183 3184 3601
f 3183 3601 3185
f 3602 3604 3603
f 3185 3604 3602
f 3185 3601 3604
f 3185 3602 3186
f 3186 3602 3164
f 3164 3602 3605
f 3164 3605 3575
f 3602 3603 3605
f 3575 3605 3606
f 3575 3606 3578
f 3586 3607 3587
f 3586 3584 3607
f 3587 3607 3608
f 3587 3608 3609
f 3609 3608 3610
f 3188 3610 3189
f 3188 3609 3610
f 3188 3168 3609
f 3168 3588 3609
f 3588 3587 3609
f 3194 3195 3611
f 3194 3611 3197
f 3612 3614 3613
f 3197 3614 3612
f 3197 3611 3614
f 3197 3612 3198
f 3198 3612 3174
f 3174 3612 3592
f 3592 3612 3613
f 3592 3613 3591
f 3615 3616 3617
f 3615 3617 3618
f 3615 3618 3619
f 3615 3619 3620
f 3598 3620 3599
f 3598 3615 3620
f 3598 3596 3616
f 3598 3616 3615
f 3599 3620 3621
f 3620 3619 3622
f 3620 3622 3621
f 3200 3622 3201
f 3200 3621 3622
f 3200 3176 3621
f 3176 3600 3621
f 3600 3599 3621
f 3213 3214 3623
f 3213 3624 3184
f 3213 3623 3624
f 3184 3624 3601
f 3601 3626 3625
f 3601 3624 3626
f 3624 3623 3626
f 3601 3625 3604
f 3627 3628 3629
f 3627 3629 3630
f 3627 3630 3631
f 3189 3631 3215
f 3189 3627 3631
f 3189 3610 3627
f 3610 3608 3628
f 3610 3628 3627
f 3215 3631 3632
f 3215 3632 3216
f 3220 3221 3633
f 3220 3634 3195
f 3220 3633 3634
f 3195 3634 3611
f 3611 3636 3635
f 3611 3634 3636
f 3634 3633 3636
f 3611 3635 3614
f 3637 3638 3639
f 3637 3639 3640
f 3637 3640 3641
f 3637 3641 3642
f 3618 3642 3619
f 3618 3637 3642
f 3618 3617 3638
f 3618 3638 3637
f 3619 3642 3643
f 3642 3641 3644
f 3642 3644 3643
f 3224 3644 3225
f 3224 3643 3644
f 3224 3201 3643
f 3201 3622 3643
f 3622 3619 3643
f 3241 3242 3645
f 3241 3646 3214
f 3241 3645 3646
f 3214 3646 3623
f 3623 3648 3647
f 3623 3646 3648
f 3646 3645 3648
f 3623 3647 3626
f 3649 3650 3651
f 3649 3651 3652
f 3649 3652 3653
f 3649 3653 3654
f 3630 3654 3631
f 3630 3649 3654
f 3630 3629 3650
f 3630 3650 3649
f 3631 3654 3655
f 3654 3653 3656
f 3654 3656 3655
f 3244 3656 3245
f 3244 3655 3656
f 3244 3216 3655
f 3216 3632 3655
f 3632 3631 3655
f 3221 3249 3657
f 3221 3657 3633
f 3633 3659 3658
f 3633 3657 3659
f 3657 3660 3659
f 3657 3249 3660
f 3249 3250 3660
f 3633 3658 3636
f 3661 3662 3663
f 3661 3663 3664
f 3661 3664 3665
f 3661 3665 3666
f 3661 3666 3667
f 3661 3667 3662
f 3666 3668 3667
f 3666 3669 3668
f 3666 3665 3670
f 3666 3670 3669
f 3252 3670 3253
f 3252 3669 3670
f 3252 3257 3671
f 3252 3671 3669
f 3640 3671 3641
f 3640 3669 3671
f 3640 3639 3668
f 3640 3668 3669
f 3641 3671 3672
f 3671 3257 3672
f 3257 3258 3672
f 3258 3225 3672
f 3225 3644 3672
f 3644 3641 3672
f 3242 3271 3673
f 3242 3673 3645
f 3645 3673 3674
f 3673 3271 3674
f 3271 3272 3675
f 3271 3675 3674
f 3674 3675 3676
f 3674 3676 3677
f 3645 3677 3648
f 3645 3674 3677
f 3676 3678 3677
f 3676 3675 3678
f 3679 3680 3681
f 3679 3681 3682
f 3274 3682 3275
f 3274 3679 3682
f 3274 3279 3683
f 3274 3683 3679
f 3652 3683 3653
f 3652 3679 3683
f 3652 3651 3680
f 3652 3680 3679
f 3653 3683 3684
f 3683 3279 3684
f 3279 3280 3684
f 3280 3245 3684
f 3245 3656 3684
f 3656 3653 3684
f 3250 3287 3685
f 3250 3686 3660
f 3250 3685 3686
f 3660 3686 3659
f 3685 3687 3686
f 3685 3688 3687
f 3685 3287 3688
f 3287 3288 3689
f 3287 3689 3688
f 3688 3689 3690
f 3688 3690 3691
f 3688 3691 3687
f 3690 3692 3691
f 3690 3693 3692
f 3690 3689 3694
f 3690 3694 3693
f 3693 3694 3695
f 3693 3695 3696
f 3693 3696 3697
f 3693 3697 3692
f 3696 3698 3697
f 3696 3699 3698
f 3696 3695 3700
f 3696 3700 3699
f 3290 3700 3291
f 3290 3699 3700
f 3290 3295 3701
f 3290 3701 3699
f 3699 3701 3702
f 3699 3702 3698
f 3701 3703 3702
f 3701 3704 3703
f 3701 3295 3704
f 3295 3296 3704
f 3296 3300 3705
f 3296 3705 3704
f 3664 3705 3665
f 3664 3704 3705
f 3664 3663 3703
f 3664 3703 3704
f 3665 3705 3706
f 3705 3300 3706
f 3300 3301 3706
f 3301 3253 3706
f 3253 3670 3706
f 3670 3665 3706
f 3272 3308 3707
f 3272 3707 3675
f 3675 3707 3708
f 3707 3308 3708
f 3308 3309 3708
f 3309 3313 3709
f 3309 3709 3708
f 3708 3709 3710
f 3675 3710 3678
f 3675 3708 3710
f 3709 3711 3710
f 3709 3712 3711
f 3709 3313 3712
f 3313 3314 3713
f 3313 3713 3712
f 3712 3713 3714
f 3712 3714 3715
f 3712 3715 3711
f 3714 3716 3715
f 3714 3717 3716
f 3714 3713 3718
f 3714 3718 3717
f 3717 3718 3719
f 3717 3719 3720
f 3717 3720 3721
f 3717 3721 3716
f 3720 3722 3721
f 3720 3723 3722
f 3720 3719 3724
f 3720 3724 3723
f 3316 3724 3317
f 3316 3723 3724
f 3316 3321 3725
f 3316 3725 3723
f 3723 3725 3726
f 3723 3726 3722
f 3725 3727 3726
f 3725 3728 3727
f 3725 3321 3728
f 3321 3322 3728
f 3322 3275 3728
f 3275 3682 3728
f 3682 3681 3727
f 3682 3727 3728
f 3288 3330 3729
f 3288 3729 3689
f 3689 3729 3730
f 3729 3330 3730
f 3330 3331 3730
f 3331 3334 3731
f 3331 3731 3730
f 3694 3731 3695
f 3694 3730 3731
f 3694 3689 3730
f 3695 3731 3732
f 3731 3334 3732
f 3334 3335 3732
f 3335 3291 3732
f 3291 3700 3732
f 3700 3695 3732
f 3314 3342 3733
f 3314 3733 3713
f 3713 3733 3734
f 3733 3342 3734
f 3342 3343 3734
f 3343 3346 3735
f 3343 3735 3734
f 3718 3735 3719
f 3718 3734 3735
f 3718 3713 3734
f 3719 3735 3736
f 3735 3346 3736
f 3346 3347 3736
f 3347 3317 3736
f 3317 3724 3736
f 3724 3719 3736
f 3360 3361 3737
f 3360 3737 3364
f 3738 3740 3739
f 3364 3740 3738
f 3364 3737 3740
f 3364 3738 3366
f 3366 3738 3741
f 3366 3741 3367
f 3738 3742 3741
f 3738 3739 3742
f 3741 3744 3743
f 3741 3742 3744
f 3741 3743 3367
f 3367 3743 3368
f 3368 3743 3745
f 3368 3745 3369
f 3743 3746 3745
f 3743 3744 3746
f 3745 3746 3747
f 3745 3748 3369
f 3745 3747 3748
f 3369 3749 3370
f 3369 3748 3749
f 3370 3749 3372
f 3372 3749 3750
f 3372 3750 3373
f 3379 3380 3751
f 3379 3751 3382
f 3752 3754 3753
f 3382 3754 3752
f 3382 3751 3754
f 3382 3752 3384
f 3384 3752 3755
f 3384 3755 3385
f 3752 3756 3755
f 3752 3753 3756
f 3755 3758 3757
f 3755 3756 3758
f 3755 3757 3385
f 3385 3757 3386
f 3386 3757 3759
f 3386 3759 3387
f 3757 3760 3759
f 3757 3758 3760
f 3759 3760 3761
f 3759 3762 3387
f 3759 3761 3762
f 3387 3763 3388
f 3387 3762 3763
f 3388 3763 3390
f 3390 3763 3764
f 3390 3764 3391
f 3765 3767 3766
f 3765 3768 3767
f 3395 3768 3765
f 3395 3396 3768
f 3395 3765 3361
f 3361 3765 3769
f 3361 3769 3737
f 3765 3766 3769
f 3737 3769 3770
f 3737 3770 3740
f 3748 3771 3749
f 3748 3747 3771
f 3749 3771 3772
f 3749 3772 3773
f 3773 3772 3774
f 3773 3774 3775
f 3373 3775 3397
f 3373 3773 3775
f 3373 3750 3773
f 3750 3749 3773
f 3397 3775 3776
f 3397 3776 3398
f 3405 3406 3777
f 3405 3777 3407
f 3778 3780 3779
f 3407 3780 3778
f 3407 3777 3780
f 3407 3778 3408
f 3408 3778 3380
f 3380 3778 3781
f 3380 3781 3751
f 3778 3779 3781
f 3751 3781 3782
f 3751 3782 3754
f 3762 3783 3763
f 3762 3761 3783
f 3763 3783 3784
f 3763 3784 3785
f 3785 3784 3786
f 3410 3786 3411
f 3410 3785 3786
f 3410 3391 3785
f 3391 3764 3785
f 3764 3763 3785
f 3787 3789 3788
f 3787 3790 3789
f 3417 3790 3787
f 3417 3418 3790
f 3417 3787 3396
f 3396 3787 3768
f 3768 3787 3788
f 3768 3788 3767
f 3791 3792 3793
f 3791 3793 3794
f 3791 3794 3795
f 3791 3795 3796
f 3774 3796 3775
f 3774 3791 3796
f 3774 3772 3792
f 3774 3792 3791
f 3775 3796 3797
f 3796 3795 3798
f 3796 3798 3797
f 3420 3798 3421
f 3420 3797 3798
f 3420 3398 3797
f 3398 3776 3797
f 3776 3775 3797
f 3429 3430 3799
f 3429 3800 3406
f 3429 3799 3800
f 3406 3800 3777
f 3777 3802 3801
f 3777 3800 3802
f 3800 3799 3802
f 3777 3801 3780
f 3803 3804 3805
f 3803 3805 3806
f 3432 3806 3433
f 3432 3803 3806
f 3432 3411 3803
f 3411 3786 3803
f 3786 3784 3804
f 3786 3804 3803
f 3440 3441 3807
f 3440 3808 3418
f 3440 3807 3808
f 3418 3809 3790
f 3418 3808 3809
f 3790 3809 3789
f 3808 3810 3809
f 3808 3807 3810
f 3811 3812 3813
f 3811 3813 3814
f 3811 3814 3815
f 3811 3815 3816
f 3794 3816 3795
f 3794 3811 3816
f 3794 3793 3812
f 3794 3812 3811
f 3795 3816 3817
f 3816 3815 3818
f 3816 3818 3817
f 3444 3818 3445
f 3444 3817 3818
f 3444 3421 3817
f 3421 3798 3817
f 3798 3795 3817
f 3453 3454 3819
f 3453 3820 3430
f 3453 3819 3820
f 3430 3820 3799
f 3799 3822 3821
f 3799 3820 3822
f 3820 3819 3822
f 3799 3821 3802
f 3823 3824 3825
f 3823 3825 3826
f 3823 3826 3827
f 3823 3827 3828
f 3823 3828 3829
f 3823 3829 3824
f 3828 3830 3829
f 3828 3831 3830
f 3828 3827 3832
f 3828 3832 3831
f 3456 3832 3457
f 3456 3831 3832
f 3456 3433 3831
f 3433 3806 3831
f 3806 3805 3830
f 3806 3830 3831
f 3441 3463 3833
f 3441 3833 3807
f 3807 3833 3834
f 3833 3463 3834
f 3463 3464 3835
f 3463 3835 3834
f 3834 3835 3836
f 3834 3836 3837
f 3807 3837 3810
f 3807 3834 3837
f 3836 3838 3837
f 3836 3839 3838
f 3836 3835 3840
f 3836 3840 3839
f 3839 3840 3841
f 3839 3841 3842
f 3839 3842 3843
f 3839 3843 3838
f 3842 3844 3843
f 3842 3845 3844
f 3842 3841 3846
f 3842 3846 3845
f 3845 3846 3847
f 3845 3847 3848
f 3845 3848 3849
f 3845 3849 3844
f 3848 3850 3849
f 3848 3851 3850
f 3848 3847 3852
f 3848 3852 3851
f 3466 3852 3467
f 3466 3851 3852
f 3466 3471 3853
f 3466 3853 3851
f 3814 3853 3815
f 3814 3851 3853
f 3814 3813 3850
f 3814 3850 3851
f 3815 3853 3854
f 3853 3471 3854
f 3471 3472 3854
f 3472 3445 3854
f 3445 3818 3854
f 3818 3815 3854
f 3454 3481 3855
f 3454 3855 3819
f 3819 3855 3856
f 3855 3481 3856
f 3481 3482 3857
f 3481 3857 3856
f 3856 3857 3858
f 3856 3858 3859
f 3819 3859 3822
f 3819 3856 3859
f 3858 3860 3859
f 3858 3861 3860
f 3858 3857 3862
f 3858 3862 3861
f 3861 3862 3863
f 3861 3863 3864
f 3861 3864 3865
f 3861 3865 3860
f 3864 3866 3865
f 3864 3867 3866
f 3864 3863 3868
f 3864 3868 3867
f 3867 3868 3869
f 3867 3869 3870
f 3867 3870 3871
f 3867 3871 3866
f 3870 3872 3871
f 3870 3873 3872
f 3870 3869 3874
f 3870 3874 3873
f 3484 3874 3485
f 3484 3873 3874
f 3484 3489 3875
f 3484 3875 3873
f 3826 3875 3827
f 3826 3873 3875
f 3826 3825 3872
f 3826 3872 3873
f 3827 3875 3876
f 3875 3489 3876
f 3489 3490 3876
f 3490 3457 3876
f 3457 3832 3876
f 3832 3827 3876
f 3464 3497 3877
f 3464 3877 3835
f 3835 3877 3878
f 3877 3497 3878
f 3497 3498 3878
f 3498 3503 3879
f 3498 3879 3878
f 3840 3879 3841
f 3840 3878 3879
f 3840 3835 3878
f 3841 3879 3880
f 3879 3503 3880
f 3503 3504 3880
f 3504 3509 3881
f 3504 3881 3880
f 3846 3881 3847
f 3846 3880 3881
f 3846 3841 3880
f 3847 3881 3882
f 3881 3509 3882
f 3509 3510 3882
f 3510 3467 3882
f 3467 3852 3882
f 3852 3847 3882
f 3482 3519 3883
f 3482 3883 3857
f 3857 3883 3884
f 3883 3519 3884
f 3519 3520 3884
f 3520 3525 3885
f 3520 3885 3884
f 3862 3885 3863
f 3862 3884 3885
f 3862 3857 3884
f 3863 3885 3886
f 3885 3525 3886
f 3525 3526 3886
f 3526 3531 3887
f 3526 3887 3886
f 3868 3887 3869
f 3868 3886 3887
f 3868 3863 3886
f 3869 3887 3888
f 3887 3531 3888
f 3531 3532 3888
f 3532 3485 3888
f 3485 3874 3888
f 3874 3869 3888
f 3563 3564 3889
f 3563 3889 3565
f 3565 3889 3890
f 3565 3891 3566
f 3565 3890 3891
f 3566 3891 3567
f 3567 3891 3892
f 3567 3893 3568
f 3567 3892 3893
f 3568 3893 3569
f 3569 3893 3894
f 3569 3894 3570
f 3577 3578 3895
f 3577 3895 3579
f 3579 3895 3896
f 3579 3897 3580
f 3579 3896 3897
f 3580 3897 3581
f 3581 3897 3898
f 3581 3899 3582
f 3581 3898 3899
f 3582 3899 3583
f 3583 3899 3900
f 3583 3900 3584
f 3590 3591 3901
f 3590 3901 3593
f 3902 3904 3903
f 3593 3904 3902
f 3593 3901 3904
f 3593 3902 3594
f 3594 3902 3564
f 3564 3902 3905
f 3564 3905 3889
f 3902 3903 3905
f 3889 3905 3906
f 3890 3907 3891
f 3890 3906 3907
f 3890 3889 3906
f 3891 3907 3908
f 3892 3909 3893
f 3892 3908 3909
f 3892 3891 3908
f 3893 3909 3910
f 3893 3910 3911
f 3911 3910 3912
f 3911 3912 3913
f 3570 3913 3595
f 3570 3911 3913
f 3570 3894 3911
f 3894 3893 3911
f 3595 3913 3914
f 3595 3914 3596
f 3603 3604 3915
f 3603 3915 3605
f 3916 3918 3917
f 3605 3918 3916
f 3605 3915 3918
f 3605 3916 3606
f 3606 3916 3578
f 3578 3916 3919
f 3578 3919 3895
f 3916 3917 3919
f 3895 3919 3920
f 3896 3921 3897
f 3896 3920 3921
f 3896 3895 3920
f 3897 3921 3922
f 3898 3923 3899
f 3898 3922 3923
f 3898 3897 3922
f 3899 3923 3924
f 3899 3924 3925
f 3925 3924 3926
f 3925 3926 3927
f 3584 3927 3607
f 3584 3925 3927
f 3584 3900 3925
f 3900 3899 3925
f 3607 3927 3928
f 3607 3928 3608
f 3929 3931 3930
f 3929 3932 3931
f 3613 3932 3929
f 3613 3614 3932
f 3613 3929 3591
f 3591 3929 3933
f 3591 3933 3901
f 3929 3930 3933
f 3901 3933 3934
f 3901 3934 3904
f 3935 3936 3937
f 3935 3937 3938
f 3935 3938 3939
f 3935 3939 3940
f 3912 3940 3913
f 3912 3935 3940
f 3912 3910 3936
f 3912 3936 3935
f 3913 3940 3941
f 3940 3939 3942
f 3940 3942 3941
f 3616 3942 3617
f 3616 3941 3942
f 3616 3596 3941
f 3596 3914 3941
f 3914 3913 3941
f 3625 3626 3943
f 3625 3944 3604
f 3625 3943 3944
f 3604 3944 3915
f 3915 3946 3945
f 3915 3944 3946
f 3944 3943 3946
f 3915 3945 3918
f 3926 3947 3927
f 3926 3924 3947
f 3927 3947 3948
f 3927 3948 3949
f 3949 3948 3950
f 3628 3950 3629
f 3628 3949 3950
f 3628 3608 3949
f 3608 3928 3949
f 3928 3927 3949
f 3951 3953 3952
f 3951 3954 3953
f 3635 3954 3951
f 3635 3636 3954
f 3635 3951 3614
f 3614 3951 3932
f 3932 3951 3952
f 3932 3952 3931
f 3955 3956 3957
f 3955 3957 3958
f 3955 3958 3959
f 3955 3959 3960
f 3938 3960 3939
f 3938 3955 3960
f 3938 3937 3956
f 3938 3956 3955
f 3939 3960 3961
f 3960 3959 3962
f 3960 3962 3961
f 3638 3962 3639
f 3638 3961 3962
f 3638 3617 3961
f 3617 3942 3961
f 3942 3939 3961
f 3647 3648 3963
f 3647 3964 3626
f 3647 3963 3964
f 3626 3964 3943
f 3943 3966 3965
f 3943 3964 3966
f 3964 3963 3966
f 3943 3965 3946
f 3967 3968 3969
f 3967 3969 3970
f 3650 3970 3651
f 3650 3967 3970
f 3650 3629 3967
f 3629 3950 3967
f 3950 3948 3968
f 3950 3968 3967
f 3658 3659 3971
f 3658 3972 3636
f 3658 3971 3972
f 3636 3973 3954
f 3636 3972 3973
f 3954 3973 3953
f 3972 3974 3973
f 3972 3971 3974
f 3975 3976 3977
f 3975 3977 3978
f 3975 3978 3979
f 3975 3979 3980
f 3975 3980 3981
f 3975 3981 3976
f 3980 3982 3981
f 3980 3983 3982
f 3980 3979 3984
f 3980 3984 3983
f 3662 3984 3663
f 3662 3983 3984
f 3662 3667 3985
f 3662 3985 3983
f 3958 3985 3959
f 3958 3983 3985
f 3958 3957 3982
f 3958 3982 3983
f 3959 3985 3986
f 3985 3667 3986
f 3667 3668 3986
f 3668 3639 3986
f 3639 3962 3986
f 3962 3959 3986
f 3648 3677 3987
f 3648 3987 3963
f 3963 3987 3988
f 3987 3677 3988
f 3677 3678 3989
f 3677 3989 3988
f 3988 3989 3990
f 3988 3990 3991
f 3963 3991 3966
f 3963 3988 3991
f 3990 3992 3991
f 3990 3989 3992
f 3993 3994 3995
f 3993 3995 3996
f 3993 3996 3997
f 3993 3997 3998
f 3993 3998 3999
f 3993 3999 3994
f 3998 4000 3999
f 3998 4001 4000
f 3998 3997 4002
f 3998 4002 4001
f 3680 4002 3681
f 3680 4001 4002
f 3680 3651 4001
f 3651 3970 4001
f 3970 3969 4000
f 3970 4000 4001
f 3659 3686 4003
f 3659 4003 3971
f 3971 4003 4004
f 4003 3686 4004
f 3686 3687 4004
f 3687 3691 4005
f 3687 4005 4004
f 4004 4005 4006
f 3971 4006 3974
f 3971 4004 4006
f 4005 4007 4006
f 4005 4008 4007
f 4005 3691 4008
f 3691 3692 4008
f 3692 3697 4009
f 3692 4009 4008
f 4008 4009 4010
f 4008 4010 4007
f 4009 4011 4010
f 4009 4012 4011
f 4009 3697 4012
f 3697 3698 4012
f 3698 3702 4013
f 3698 4013 4012
f 3978 4013 3979
f 3978 4012 4013
f 3978 3977 4011
f 3978 4011 4012
f 3979 4013 4014
f 4013 3702 4014
f 3702 3703 4014
f 3703 3663 4014
f 3663 3984 4014
f 3984 3979 4014
f 3678 3710 4015
f 3678 4015 3989
f 3989 4015 4016
f 4015 3710 4016
f 3710 3711 4016
f 3711 3715 4017
f 3711 4017 4016
f 4016 4017 4018
f 3989 4018 3992
f 3989 4016 4018
f 4017 4019 4018
f 4017 4020 4019
f 4017 3715 4020
f 3715 3716 4020
f 3716 3721 4021
f 3716 4021 4020
f 4020 4021 4022
f 4020 4022 4019
f 4021 4023 4022
f 4021 4024 4023
f 4021 3721 4024
f 3721 3722 4024
f 3722 3726 4025
f 3722 4025 4024
f 3996 4025 3997
f 3996 4024 4025
f 3996 3995 4023
f 3996 4023 4024
f 3997 4025 4026
f 4025 3726 4026
f 3726 3727 4026
f 3727 3681 4026
f 3681 4002 4026
f 4002 3997 4026
f 4027 4029 4028
f 4027 4030 4029
f 3739 4030 4027
f 3739 3740 4030
f 3739 4027 4031
f 3739 4031 3742
f 4027 4032 4031
f 4027 4028 4032
f 4031 4032 4033
f 4031 4034 3742
f 4031 4033 4034
f 3742 4035 3744
f 3742 4034 4035
f 3744 4035 3746
f 3746 4035 4036
f 3746 4036 3747
f 3753 3754 4037
f 3753 4037 3756
f 4038 4040 4039
f 3756 4040 4038
f 3756 4037 4040
f 3756 4038 3758
f 3758 4038 4041
f 3758 4041 3760
f 4038 4042 4041
f 4038 4039 4042
f 4041 4042 4043
f 4041 4044 3760
f 4041 4043 4044
f 3760 4044 3761
f 4045 4047 4046
f 4045 4048 4047
f 3766 4048 4045
f 3766 3767 4048
f 3766 4045 4049
f 3766 4049 3769
f 4045 4050 4049
f 4045 4046 4050
f 4049 4052 4051
f 4049 4050 4052
f 4049 4051 3769
f 3769 4051 3770
f 3770 4051 3740
f 3740 4051 4030
f 4030 4051 4052
f 4030 4052 4029
f 4034 4053 4035
f 4034 4033 4053
f 4035 4053 4054
f 3747 4055 3771
f 3747 4056 4055
f 3747 4036 4056
f 4036 4054 4056
f 4036 4035 4054
f 4055 4056 4057
f 4055 4058 3771
f 4055 4057 4058
f 3771 4058 3772
f 4059 4061 4060
f 4059 4062 4061
f 3779 4062 4059
f 3779 3780 4062
f 3779 4059 4063
f 3779 4063 3781
f 4059 4064 4063
f 4059 4060 4064
f 4063 4066 4065
f 4063 4064 4066
f 4063 4065 3781
f 3781 4065 3782
f 3782 4065 3754
f 3754 4065 4067
f 3754 4067 4037
f 4065 4066 4067
f 4037 4067 4068
f 4037 4068 4040
f 3761 4069 3783
f 3761 4070 4069
f 3761 4044 4070
f 4044 4043 4070
f 4069 4070 4071
f 4069 4072 3783
f 4069 4071 4072
f 3783 4072 3784
f 3788 3789 4073
f 3788 4074 3767
f 3788 4073 4074
f 3767 4075 4048
f 3767 4074 4075
f 4048 4075 4047
f 4074 4076 4075
f 4074 4073 4076
f 4077 4078 4079
f 4077 4079 4080
f 3792 4080 3793
f 3792 4077 4080
f 3792 3772 4077
f 3772 4058 4077
f 4058 4057 4078
f 4058 4078 4077
f 4081 4083 4082
f 4081 4084 4083
f 3801 4084 4081
f 3801 3802 4084
f 3801 4081 3780
f 3780 4081 4062
f 4062 4081 4082
f 4062 4082 4061
f 4085 4086 4087
f 4085 4087 4088
f 4085 4088 4089
f 4085 4089 4090
f 4085 4090 4091
f 4085 4091 4086
f 4090 4092 4091
f 4090 4093 4092
f 4090 4089 4094
f 4090 4094 4093
f 3804 4094 3805
f 3804 4093 4094
f 3804 3784 4093
f 3784 4072 4093
f 4072 4071 4092
f 4072 4092 4093
f 3789 3809 4095
f 3789 4095 4073
f 4073 4097 4096
f 4073 4095 4097
f 4095 4098 4097
f 4095 3809 4098
f 3809 3810 4098
f 4073 4096 4076
f 4099 4100 4101
f 4099 4101 4102
f 4099 4102 4103
f 4099 4103 4104
f 4099 4104 4105
f 4099 4105 4100
f 4104 4106 4105
f 4104 4107 4106
f 4104 4103 4108
f 4104 4108 4107
f 3812 4108 3813
f 3812 4107 4108
f 3812 3793 4107
f 3793 4080 4107
f 4080 4079 4106
f 4080 4106 4107
f 3821 3822 4109
f 3821 4110 3802
f 3821 4109 4110
f 3802 4111 4084
f 3802 4110 4111
f 4084 4111 4083
f 4110 4112 4111
f 4110 4109 4112
f 4113 4114 4115
f 4113 4115 4116
f 3824 4116 3825
f 3824 4113 4116
f 3824 3829 4117
f 3824 4117 4113
f 4088 4117 4089
f 4088 4113 4117
f 4088 4087 4114
f 4088 4114 4113
f 4089 4117 4118
f 4117 3829 4118
f 3829 3830 4118
f 3830 3805 4118
f 3805 4094 4118
f 4094 4089 4118
f 3810 3837 4119
f 3810 4120 4098
f 3810 4119 4120
f 4098 4120 4097
f 4119 4121 4120
f 4119 4122 4121
f 4119 3837 4122
f 3837 3838 4122
f 3838 3843 4123
f 3838 4123 4122
f 4122 4123 4124
f 4122 4124 4121
f 4123 4125 4124
f 4123 4126 4125
f 4123 3843 4126
f 3843 3844 4126
f 3844 3849 4127
f 3844 4127 4126
f 4102 4127 4103
f 4102 4126 4127
f 4102 4101 4125
f 4102 4125 4126
f 4103 4127 4128
f 4127 3849 4128
f 3849 3850 4128
f 3850 3813 4128
f 3813 4108 4128
f 4108 4103 4128
f 3822 3859 4129
f 3822 4129 4109
f 4109 4129 4130
f 4129 3859 4130
f 3859 3860 4130
f 3860 3865 4131
f 3860 4131 4130
f 4130 4131 4132
f 4109 4132 4112
f 4109 4130 4132
f 4131 4133 4132
f 4131 4134 4133
f 4131 3865 4134
f 3865 3866 4134
f 3866 3871 4135
f 3866 4135 4134
f 4134 4135 4136
f 4134 4136 4133
f 4135 4137 4136
f 4135 4138 4137
f 4135 3871 4138
f 3871 3872 4138
f 3872 3825 4138
f 3825 4116 4138
f 4116 4115 4137
f 4116 4137 4138
f 4139 4141 4140
f 4139 4142 4141
f 3903 4142 4139
f 3903 3904 4142
f 3903 4139 4143
f 3903 4143 3905
f 4139 4144 4143
f 4139 4140 4144
f 4143 4146 4145
f 4143 4144 4146
f 4143 4145 3905
f 3905 4145 3906
f 3906 4145 4147
f 3906 4147 3907
f 4145 4148 4147
f 4145 4146 4148
f 4147 4148 4149
f 4147 4150 3907
f 4147 4149 4150
f 3907 4151 3908
f 3907 4150 4151
f 3908 4151 3909
f 3909 4151 4152
f 3909 4152 3910
f 3917 3918 4153
f 3917 4153 3919
f 4154 4156 4155
f 3919 4156 4154
f 3919 4153 4156
f 3919 4154 3920
f 3920 4154 4157
f 3920 4157 3921
f 4154 4158 4157
f 4154 4155 4158
f 4157 4160 4159
f 4157 4158 4160
f 4157 4159 3921
f 3921 4159 3922
f 3922 4159 4161
f 3922 4161 3923
f 4159 4162 4161
f 4159 4160 4162
f 4161 4162 4163
f 4161 4164 3923
f 4161 4163 4164
f 3923 4164 3924
f 3930 3931 4165
f 3930 4165 3933
f 4166 4168 4167
f 3933 4168 4166
f 3933 4165 4168
f 3933 4166 3934
f 3934 4166 3904
f 3904 4166 4142
f 4142 4166 4167
f 4142 4167 4141
f 4150 4169 4151
f 4150 4149 4169
f 4151 4169 4170
f 4151 4170 4171
f 4171 4170 4172
f 3936 4172 3937
f 3936 4171 4172
f 3936 3910 4171
f 3910 4152 4171
f 4152 4151 4171
f 4173 4175 4174
f 4173 4176 4175
f 3945 4176 4173
f 3945 3946 4176
f 3945 4173 3918
f 3918 4173 4177
f 3918 4177 4153
f 4173 4174 4177
f 4153 4177 4178
f 4153 4178 4156
f 4179 4180 4181
f 4179 4181 4182
f 4179 4182 4183
f 3924 4183 3947
f 3924 4179 4183
f 3924 4164 4179
f 4164 4163 4180
f 4164 4180 4179
f 3947 4183 4184
f 3947 4184 3948
f 4185 4187 4186
f 4185 4188 4187
f 3952 4188 4185
f 3952 3953 4188
f 3952 4185 3931
f 3931 4185 4189
f 3931 4189 4165
f 4185 4186 4189
f 4165 4189 4190
f 4165 4190 4168
f 4191 4192 4193
f 4191 4193 4194
f 3956 4194 3957
f 3956 4191 4194
f 3956 3937 4191
f 3937 4172 4191
f 4172 4170 4192
f 4172 4192 4191
f 4195 4197 4196
f 4195 4198 4197
f 3965 4198 4195
f 3965 3966 4198
f 3965 4195 3946
f 3946 4195 4176
f 4176 4195 4196
f 4176 4196 4175
f 4182 4199 4183
f 4182 4181 4199
f 4183 4199 4200
f 4183 4200 4201
f 4201 4200 4202
f 3968 4202 3969
f 3968 4201 4202
f 3968 3948 4201
f 3948 4184 4201
f 4184 4183 4201
f 3953 3973 4203
f 3953 4204 4188
f 3953 4203 4204
f 4188 4204 4187
f 4203 4205 4204
f 4203 4206 4205
f 4203 3973 4206
f 3973 3974 4206
f 4207 4208 4209
f 4207 4209 4210
f 4207 4210 4211
f 4207 4211 4212
f 4207 4212 4213
f 4207 4213 4208
f 4212 4214 4213
f 4212 4215 4214
f 4212 4211 4216
f 4212 4216 4215
f 3976 4216 3977
f 3976 4215 4216
f 3976 3981 4217
f 3976 4217 4215
f 4215 4217 4218
f 4215 4218 4214
f 4217 4219 4218
f 4217 4220 4219
f 4217 3981 4220
f 3981 3982 4220
f 3982 3957 4220
f 3957 4194 4220
f 4194 4193 4219
f 4194 4219 4220
f 3966 3991 4221
f 3966 4222 4198
f 3966 4221 4222
f 4198 4222 4197
f 4221 4223 4222
f 4221 4224 4223
f 4221 3991 4224
f 3991 3992 4225
f 3991 4225 4224
f 4224 4225 4226
f 4224 4226 4227
f 4224 4227 4223
f 4226 4228 4227
f 4226 4225 4228
f 4229 4230 4231
f 4229 4231 4232
f 3994 4232 3995
f 3994 4229 4232
f 3994 3999 4233
f 3994 4233 4229
f 4229 4233 4234
f 4229 4234 4230
f 4233 4235 4234
f 4233 4236 4235
f 4233 3999 4236
f 3999 4000 4236
f 4000 3969 4236
f 3969 4202 4236
f 4202 4200 4235
f 4202 4235 4236
f 3974 4006 4237
f 3974 4238 4206
f 3974 4237 4238
f 4206 4238 4205
f 4237 4239 4238
f 4237 4240 4239
f 4237 4006 4240
f 4006 4007 4240
f 4007 4010 4241
f 4007 4241 4240
f 4210 4241 4211
f 4210 4240 4241
f 4210 4209 4239
f 4210 4239 4240
f 4211 4241 4242
f 4241 4010 4242
f 4010 4011 4242
f 4011 3977 4242
f 3977 4216 4242
f 4216 4211 4242
f 3992 4018 4243
f 3992 4243 4225
f 4225 4243 4244
f 4243 4018 4244
f 4018 4019 4244
f 4019 4022 4245
f 4019 4245 4244
f 4244 4245 4246
f 4225 4246 4228
f 4225 4244 4246
f 4245 4247 4246
f 4245 4248 4247
f 4245 4022 4248
f 4022 4023 4248
f 4023 3995 4248
f 3995 4232 4248
f 4232 4231 4247
f 4232 4247 4248
f 4028 4029 4249
f 4028 4249 4032
f 4032 4249 4250
f 4032 4250 4033
f 4039 4040 4251
f 4039 4251 4042
f 4042 4251 4252
f 4042 4252 4043
f 4046 4047 4253
f 4046 4253 4050
f 4254 4256 4255
f 4050 4256 4254
f 4050 4253 4256
f 4050 4254 4052
f 4052 4254 4029
f 4029 4254 4257
f 4029 4257 4249
f 4254 4255 4257
f 4249 4257 4258
f 4033 4259 4053
f 4033 4260 4259
f 4033 4250 4260
f 4250 4258 4260
f 4250 4249 4258
f 4259 4260 4261
f 4259 4262 4053
f 4259 4261 4262
f 4053 4263 4054
f 4053 4262 4263
f 4054 4263 4056
f 4056 4263 4264
f 4056 4264 4057
f 4060 4061 4265
f 4060 4265 4064
f 4266 4268 4267
f 4064 4268 4266
f 4064 4265 4268
f 4064 4266 4066
f 4066 4266 4269
f 4066 4269 4067
f 4266 4270 4269
f 4266 4267 4270
f 4269 4272 4271
f 4269 4270 4272
f 4269 4271 4067
f 4067 4271 4068
f 4068 4271 4040
f 4040 4271 4273
f 4040 4273 4251
f 4271 4272 4273
f 4251 4273 4274
f 4251 4274 4275
f 4275 4274 4276
f 4275 4276 4277
f 4043 4277 4070
f 4043 4275 4277
f 4043 4252 4275
f 4252 4251 4275
f 4070 4277 4278
f 4070 4278 4071
f 4047 4075 4279
f 4047 4279 4253
f 4253 4281 4280
f 4253 4279 4281
f 4279 4282 4281
f 4279 4075 4282
f 4075 4076 4282
f 4253 4280 4256
f 4283 4284 4285
f 4283 4285 4286
f 4283 4286 4287
f 4283 4287 4288
f 4262 4288 4263
f 4262 4283 4288
f 4262 4261 4284
f 4262 4284 4283
f 4263 4288 4289
f 4288 4287 4290
f 4288 4290 4289
f 4078 4290 4079
f 4078 4289 4290
f 4078 4057 4289
f 4057 4264 4289
f 4264 4263 4289
f 4082 4083 4291
f 4082 4292 4061
f 4082 4291 4292
f 4061 4292 4265
f 4265 4294 4293
f 4265 4292 4294
f 4292 4291 4294
f 4265 4293 4268
f 4295 4296 4297
f 4295 4297 4298
f 4086 4298 4087
f 4086 4295 4298
f 4086 4091 4299
f 4086 4299 4295
f 4276 4299 4277
f 4276 4295 4299
f 4276 4274 4296
f 4276 4296 4295
f 4277 4299 4300
f 4299 4091 4300
f 4091 4092 4300
f 4092 4071 4300
f 4071 4278 4300
f 4278 4277 4300
f 4096 4097 4301
f 4096 4302 4076
f 4096 4301 4302
f 4076 4303 4282
f 4076 4302 4303
f 4282 4303 4281
f 4302 4304 4303
f 4302 4305 4304
f 4302 4301 4306
f 4302 4306 4305
f 4305 4306 4307
f 4305 4307 4308
f 4305 4308 4309
f 4305 4309 4304
f 4308 4310 4309
f 4308 4311 4310
f 4308 4307 4312
f 4308 4312 4311
f 4100 4312 4101
f 4100 4311 4312
f 4100 4105 4313
f 4100 4313 4311
f 4286 4313 4287
f 4286 4311 4313
f 4286 4285 4310
f 4286 4310 4311
f 4287 4313 4314
f 4313 4105 4314
f 4105 4106 4314
f 4106 4079 4314
f 4079 4290 4314
f 4290 4287 4314
f 4083 4111 4315
f 4083 4315 4291
f 4291 4315 4316
f 4315 4111 4316
f 4111 4112 4317
f 4111 4317 4316
f 4316 4317 4318
f 4316 4318 4319
f 4291 4319 4294
f 4291 4316 4319
f 4318 4320 4319
f 4318 4321 4320
f 4318 4317 4322
f 4318 4322 4321
f 4321 4322 4323
f 4321 4323 4324
f 4321 4324 4325
f 4321 4325 4320
f 4324 4326 4325
f 4324 4327 4326
f 4324 4323 4328
f 4324 4328 4327
f 4114 4328 4115
f 4114 4327 4328
f 4114 4087 4327
f 4087 4298 4327
f 4298 4297 4326
f 4298 4326 4327
f 4097 4120 4329
f 4097 4329 4301
f 4301 4329 4330
f 4329 4120 4330
f 4120 4121 4330
f 4121 4124 4331
f 4121 4331 4330
f 4306 4331 4307
f 4306 4330 4331
f 4306 4301 4330
f 4307 4331 4332
f 4331 4124 4332
f 4124 4125 4332
f 4125 4101 4332
f 4101 4312 4332
f 4312 4307 4332
f 4112 4132 4333
f 4112 4333 4317
f 4317 4333 4334
f 4333 4132 4334
f 4132 4133 4334
f 4133 4136 4335
f 4133 4335 4334
f 4322 4335 4323
f 4322 4334 4335
f 4322 4317 4334
f 4323 4335 4336
f 4335 4136 4336
f 4136 4137 4336
f 4137 4115 4336
f 4115 4328 4336
f 4328 4323 4336
f 4140 4141 4337
f 4140 4337 4144
f 4144 4337 4338
f 4144 4339 4146
f 4144 4338 4339
f 4146 4339 4148
f 4148 4339 4340
f 4148 4340 4149
f 4155 4156 4341
f 4155 4341 4158
f 4158 4341 4342
f 4158 4343 4160
f 4158 4342 4343
f 4160 4343 4162
f 4162 4343 4344
f 4162 4344 4163
f 4345 4347 4346
f 4345 4348 4347
f 4167 4348 4345
f 4167 4168 4348
f 4167 4345 4141
f 4141 4345 4349
f 4141 4349 4337
f 4345 4346 4349
f 4337 4349 4350
f 4338 4351 4339
f 4338 4350 4351
f 4338 4337 4350
f 4339 4351 4352
f 4339 4352 4353
f 4353 4352 4354
f 4353 4354 4355
f 4149 4355 4169
f 4149 4353 4355
f 4149 4340 4353
f 4340 4339 4353
f 4169 4355 4356
f 4169 4356 4170
f 4174 4175 4357
f 4174 4357 4177
f 4358 4360 4359
f 4177 4360 4358
f 4177 4357 4360
f 4177 4358 4178
f 4178 4358 4156
f 4156 4358 4361
f 4156 4361 4341
f 4358 4359 4361
f 4341 4361 4362
f 4342 4363 4343
f 4342 4362 4363
f 4342 4341 4362
f 4343 4363 4364
f 4343 4364 4365
f 4365 4364 4366
f 4180 4366 4181
f 4180 4365 4366
f 4180 4163 4365
f 4163 4344 4365
f 4344 4343 4365
f 4186 4187 4367
f 4186 4367 4189
f 4368 4370 4369
f 4189 4370 4368
f 4189 4367 4370
f 4189 4368 4190
f 4190 4368 4168
f 4168 4368 4348
f 4348 4368 4369
f 4348 4369 4347
f 4371 4372 4373
f 4371 4373 4374
f 4371 4374 4375
f 4371 4375 4376
f 4354 4376 4355
f 4354 4371 4376
f 4354 4352 4372
f 4354 4372 4371
f 4355 4376 4377
f 4376 4375 4378
f 4376 4378 4377
f 4192 4378 4193
f 4192 4377 4378
f 4192 4170 4377
f 4170 4356 4377
f 4356 4355 4377
f 4196 4197 4379
f 4196 4380 4175
f 4196 4379 4380
f 4175 4380 4357
f 4357 4382 4381
f 4357 4380 4382
f 4380 4379 4382
f 4357 4381 4360
f 4383 4384 4385
f 4383 4385 4386
f 4383 4386 4387
f 4181 4387 4199
f 4181 4383 4387
f 4181 4366 4383
f 4366 4364 4384
f 4366 4384 4383
f 4199 4387 4388
f 4199 4388 4200
f 4187 4204 4389
f 4187 4389 4367
f 4367 4389 4390
f 4389 4204 4390
f 4204 4205 4391
f 4204 4391 4390
f 4390 4391 4392
f 4390 4392 4393
f 4367 4393 4370
f 4367 4390 4393
f 4392 4394 4393
f 4392 4395 4394
f 4392 4391 4396
f 4392 4396 4395
f 4208 4396 4209
f 4208 4395 4396
f 4208 4213 4397
f 4208 4397 4395
f 4395 4397 4398
f 4395 4398 4394
f 4397 4399 4398
f 4397 4400 4399
f 4397 4213 4400
f 4213 4214 4400
f 4214 4218 4401
f 4214 4401 4400
f 4374 4401 4375
f 4374 4400 4401
f 4374 4373 4399
f 4374 4399 4400
f 4375 4401 4402
f 4401 4218 4402
f 4218 4219 4402
f 4219 4193 4402
f 4193 4378 4402
f 4378 4375 4402
f 4197 4222 4403
f 4197 4403 4379
f 4379 4403 4404
f 4403 4222 4404
f 4222 4223 4404
f 4223 4227 4405
f 4223 4405 4404
f 4404 4405 4406
f 4379 4406 4382
f 4379 4404 4406
f 4405 4407 4406
f 4405 4408 4407
f 4405 4227 4408
f 4227 4228 4409
f 4227 4409 4408
f 4408 4409 4410
f 4408 4410 4411
f 4408 4411 4407
f 4410 4412 4411
f 4410 4413 4412
f 4410 4409 4414
f 4410 4414 4413
f 4230 4414 4231
f 4230 4413 4414
f 4230 4234 4415
f 4230 4415 4413
f 4386 4415 4387
f 4386 4413 4415
f 4386 4385 4412
f 4386 4412 4413
f 4387 4415 4416
f 4415 4234 4416
f 4234 4235 4416
f 4235 4200 4416
f 4200 4388 4416
f 4388 4387 4416
f 4205 4238 4417
f 4205 4417 4391
f 4391 4417 4418
f 4417 4238 4418
f 4238 4239 4418
f 4239 4209 4418
f 4209 4396 4418
f 4396 4391 4418
f 4228 4246 4419
f 4228 4419 4409
f 4409 4419 4420
f 4419 4246 4420
f 4246 4247 4420
f 4247 4231 4420
f 4231 4414 4420
f 4414 4409 4420
f 4421 4423 4422
f 4421 4424 4423
f 4255 4424 4421
f 4255 4256 4424
f 4255 4421 4425
f 4255 4425 4257
f 4421 4426 4425
f 4421 4422 4426
f 4425 4428 4427
f 4425 4426 4428
f 4425 4427 4257
f 4257 4427 4258
f 4258 4427 4429
f 4258 4429 4260
f 4427 4430 4429
f 4427 4428 4430
f 4429 4430 4431
f 4429 4432 4260
f 4429 4431 4432
f 4260 4432 4261
f 4433 4435 4434
f 4433 4436 4435
f 4267 4436 4433
f 4267 4268 4436
f 4267 4433 4437
f 4267 4437 4270
f 4433 4438 4437
f 4433 4434 4438
f 4437 4440 4439
f 4437 4438 4440
f 4437 4439 4270
f 4270 4439 4272
f 4272 4439 4441
f 4272 4441 4273
f 4439 4442 4441
f 4439 4440 4442
f 4441 4442 4443
f 4441 4444 4273
f 4441 4443 4444
f 4273 4444 4274
f 4445 4447 4446
f 4445 4448 4447
f 4280 4448 4445
f 4280 4281 4448
f 4280 4445 4256
f 4256 4445 4424
f 4424 4445 4446
f 4424 4446 4423
f 4449 4450 4451
f 4449 4451 4452
f 4284 4452 4285
f 4284 4449 4452
f 4284 4261 4449
f 4261 4432 4449
f 4432 4431 4450
f 4432 4450 4449
f 4453 4455 4454
f 4453 4456 4455
f 4293 4456 4453
f 4293 4294 4456
f 4293 4453 4268
f 4268 4453 4436
f 4436 4453 4454
f 4436 4454 4435
f 4457 4458 4459
f 4457 4459 4460
f 4296 4460 4297
f 4296 4457 4460
f 4296 4274 4457
f 4274 4444 4457
f 4444 4443 4458
f 4444 4458 4457
f 4281 4303 4461
f 4281 4462 4448
f 4281 4461 4462
f 4448 4462 4447
f 4461 4463 4462
f 4461 4464 4463
f 4461 4303 4464
f 4303 4304 4464
f 4304 4309 4465
f 4304 4465 4464
f 4464 4465 4466
f 4464 4466 4463
f 4465 4467 4466
f 4465 4468 4467
f 4465 4309 4468
f 4309 4310 4468
f 4310 4285 4468
f 4285 4452 4468
f 4452 4451 4467
f 4452 4467 4468
f 4294 4319 4469
f 4294 4470 4456
f 4294 4469 4470
f 4456 4470 4455
f 4469 4471 4470
f 4469 4472 4471
f 4469 4319 4472
f 4319 4320 4472
f 4320 4325 4473
f 4320 4473 4472
f 4472 4473 4474
f 4472 4474 4471
f 4473 4475 4474
f 4473 4476 4475
f 4473 4325 4476
f 4325 4326 4476
f 4326 4297 4476
f 4297 4460 4476
f 4460 4459 4475
f 4460 4475 4476
f 4477 4479 4478
f 4477 4480 4479
f 4346 4480 4477
f 4346 4347 4480
f 4346 4477 4481
f 4346 4481 4349
f 4477 4482 4481
f 4477 4478 4482
f 4481 4484 4483
f 4481 4482 4484
f 4481 4483 4349
f 4349 4483 4350
f 4350 4483 4485
f 4350 4485 4351
f 4483 4486 4485
f 4483 4484 4486
f 4485 4486 4487
f 4485 4488 4351
f 4485 4487 4488
f 4351 4488 4352
f 4489 4491 4490
f 4489 4492 4491
f 4359 4492 4489
f 4359 4360 4492
f 4359 4489 4493
f 4359 4493 4361
f 4489 4494 4493
f 4489 4490 4494
f 4493 4496 4495
f 4493 4494 4496
f 4493 4495 4361
f 4361 4495 4362
f 4362 4495 4497
f 4362 4497 4363
f 4495 4498 4497
f 4495 4496 4498
f 4497 4498 4499
f 4497 4500 4363
f 4497 4499 4500
f 4363 4500 4364
f 4501 4503 4502
f 4501 4504 4503
f 4369 4504 4501
f 4369 4370 4504
f 4369 4501 4347
f 4347 4501 4480
f 4480 4501 4502
f 4480 4502 4479
f 4505 4506 4507
f 4505 4507 4508
f 4372 4508 4373
f 4372 4505 4508
f 4372 4352 4505
f 4352 4488 4505
f 4488 4487 4506
f 4488 4506 4505
f 4509 4511 4510
f 4509 4512 4511
f 4381 4512 4509
f 4381 4382 4512
f 4381 4509 4360
f 4360 4509 4492
f 4492 4509 4510
f 4492 4510 4491
f 4513 4514 4515
f 4513 4515 4516
f 4384 4516 4385
f 4384 4513 4516
f 4384 4364 4513
f 4364 4500 4513
f 4500 4499 4514
f 4500 4514 4513
f 4370 4393 4517
f 4370 4518 4504
f 4370 4517 4518
f 4504 4518 4503
f 4517 4519 4518
f 4517 4520 4519
f 4517 4393 4520
f 4393 4394 4520
f 4394 4398 4521
f 4394 4521 4520
f 4520 4521 4522
f 4520 4522 4519
f 4521 4523 4522
f 4521 4524 4523
f 4521 4398 4524
f 4398 4399 4524
f 4399 4373 4524
f 4373 4508 4524
f 4508 4507 4523
f 4508 4523 4524
f 4382 4406 4525
f 4382 4526 4512
f 4382 4525 4526
f 4512 4526 4511
f 4525 4527 4526
f 4525 4528 4527
f 4525 4406 4528
f 4406 4407 4528
f 4407 4411 4529
f 4407 4529 4528
f 4528 4529 4530
f 4528 4530 4527
f 4529 4531 4530
f 4529 4532 4531
f 4529 4411 4532
f 4411 4412 4532
f 4412 4385 4532
f 4385 4516 4532
f 4516 4515 4531
f 4516 4531 4532
f 4533 4535 4534
f 4533 4536 4535
f 4533 4537 4536
f 4533 4538 4537
f 4533 4539 4538
f 4533 4534 4539
f 4538 4539 4540
f 4538 4540 4537
f 4541 4543 4542
f 4541 4544 4543
f 4541 4545 4544
f 4541 4546 4545
f 4541 4547 4546
f 4541 4542 4547
f 4546 4547 4548
f 4546 4548 4545
f 4549 4551 4550
f 4549 4552 4551
f 4549 4553 4552
f 4549 4554 4553
f 4549 4555 4554
f 4549 4550 4555
f 4554 4557 4556
f 4554 4555 4557
f 4554 4556 4558
f 4554 4558 4553
f 4422 4558 4556
f 4422 4423 4558
f 4422 4556 4559
f 4422 4559 4426
f 4536 4559 4556
f 4536 4537 4559
f 4536 4556 4557
f 4536 4557 4535
f 4537 4560 4559
f 4559 4560 4426
f 4426 4560 4428
f 4428 4560 4561
f 4428 4561 4430
f 4560 4562 4561
f 4537 4562 4560
f 4537 4540 4562
f 4561 4564 4563
f 4561 4562 4564
f 4561 4563 4430
f 4430 4563 4565
f 4430 4565 4431
f 4563 4566 4565
f 4563 4567 4566
f 4563 4564 4567
f 4566 4567 4568
f 4566 4568 4565
f 4569 4571 4570
f 4569 4572 4571
f 4569 4573 4572
f 4569 4574 4573
f 4569 4575 4574
f 4569 4570 4575
f 4574 4577 4576
f 4574 4575 4577
f 4574 4576 4578
f 4574 4578 4573
f 4434 4578 4576
f 4434 4435 4578
f 4434 4576 4579
f 4434 4579 4438
f 4576 4580 4579
f 4576 4577 4580
f 4579 4582 4581
f 4579 4580 4582
f 4579 4581 4438
f 4438 4581 4440
f 4440 4581 4583
f 4440 4583 4442
f 4544 4583 4581
f 4544 4545 4583
f 4544 4581 4582
f 4544 4582 4543
f 4545 4584 4583
f 4583 4584 4442
f 4442 4584 4585
f 4442 4585 4443
f 4584 4586 4585
f 4584 4587 4586
f 4545 4587 4584
f 4545 4548 4587
f 4586 4587 4588
f 4586 4588 4585
f 4552 4553 4589
f 4552 4589 4551
f 4553 4590 4591
f 4553 4591 4589
f 4590 4592 4591
f 4446 4592 4590
f 4446 4447 4592
f 4446 4590 4423
f 4423 4590 4558
f 4558 4590 4553
f 4450 4593 4451
f 4450 4594 4593
f 4450 4431 4594
f 4431 4565 4594
f 4565 4595 4594
f 4565 4596 4595
f 4594 4595 4593
f 4565 4568 4596
f 4597 4599 4598
f 4597 4600 4599
f 4597 4601 4600
f 4597 4602 4601
f 4572 4602 4597
f 4572 4573 4602
f 4572 4597 4598
f 4572 4598 4571
f 4573 4603 4602
f 4602 4603 4604
f 4602 4604 4601
f 4454 4604 4603
f 4454 4455 4604
f 4454 4603 4435
f 4435 4603 4578
f 4578 4603 4573
f 4605 4606 4607
f 4605 4607 4608
f 4458 4608 4459
f 4458 4605 4608
f 4458 4443 4605
f 4443 4585 4609
f 4443 4609 4605
f 4605 4609 4606
f 4585 4610 4609
f 4585 4588 4610
f 4611 4613 4612
f 4611 4614 4613
f 4611 4615 4614
f 4447 4615 4611
f 4447 4462 4615
f 4447 4611 4592
f 4592 4611 4612
f 4592 4612 4591
f 4462 4616 4615
f 4462 4617 4616
f 4462 4463 4617
f 4463 4466 4617
f 4618 4619 4620
f 4466 4620 4617
f 4466 4618 4620
f 4466 4467 4618
f 4467 4451 4618
f 4451 4593 4621
f 4451 4621 4618
f 4618 4621 4619
f 4593 4622 4621
f 4593 4595 4622
f 4600 4601 4623
f 4600 4623 4599
f 4601 4624 4625
f 4601 4625 4623
f 4624 4626 4625
f 4624 4627 4626
f 4455 4627 4624
f 4455 4470 4627
f 4455 4624 4604
f 4604 4624 4601
f 4470 4628 4627
f 4470 4629 4628
f 4470 4471 4629
f 4471 4474 4629
f 4630 4631 4632
f 4474 4632 4629
f 4474 4630 4632
f 4474 4475 4630
f 4475 4459 4630
f 4459 4608 4630
f 4608 4607 4631
f 4608 4631 4630
f 4614 4615 4633
f 4614 4633 4613
f 4615 4634 4633
f 4616 4617 4635
f 4616 4634 4615
f 4616 4635 4634
f 4617 4636 4635
f 4617 4620 4636
f 4626 4627 4637
f 4626 4637 4625
f 4627 4638 4637
f 4628 4629 4639
f 4628 4638 4627
f 4628 4639 4638
f 4629 4640 4639
f 4629 4632 4640
f 4641 4643 4642
f 4641 4644 4643
f 4641 4645 4644
f 4641 4646 4645
f 4641 4647 4646
f 4641 4642 4647
f 4646 4649 4648
f 4646 4647 4649
f 4646 4648 4650
f 4646 4650 4645
f 4648 4651 4650
f 4648 4652 4651
f 4648 4653 4652
f 4648 4649 4653
f 4652 4653 4654
f 4652 4654 4651
f 4655 4657 4656
f 4655 4658 4657
f 4655 4659 4658
f 4655 4660 4659
f 4655 4661 4660
f 4655 4656 4661
f 4660 4663 4662
f 4660 4661 4663
f 4660 4662 4664
f 4660 4664 4659
f 4662 4665 4664
f 4662 4666 4665
f 4662 4667 4666
f 4662 4663 4667
f 4666 4667 4668
f 4666 4668 4665
f 4669 4671 4670
f 4669 4672 4671
f 4478 4672 4669
f 4478 4479 4672
f 4478 4669 4673
f 4478 4673 4482
f 4644 4673 4669
f 4644 4645 4673
f 4644 4669 4670
f 4644 4670 4643
f 4645 4674 4673
f 4673 4674 4482
f 4482 4674 4484
f 4484 4674 4675
f 4484 4675 4486
f 4650 4675 4674
f 4650 4651 4675
f 4650 4674 4645
f 4651 4676 4675
f 4675 4676 4486
f 4486 4676 4677
f 4486 4677 4487
f 4676 4678 4677
f 4676 4679 4678
f 4651 4679 4676
f 4651 4654 4679
f 4678 4679 4680
f 4678 4680 4677
f 4681 4683 4682
f 4681 4684 4683
f 4681 4685 4684
f 4681 4686 4685
f 4681 4687 4686
f 4681 4682 4687
f 4686 4689 4688
f 4686 4687 4689
f 4686 4688 4690
f 4686 4690 4685
f 4490 4690 4688
f 4490 4491 4690
f 4490 4688 4691
f 4490 4691 4494
f 4658 4691 4688
f 4658 4659 4691
f 4658 4688 4689
f 4658 4689 4657
f 4659 4692 4691
f 4691 4692 4494
f 4494 4692 4496
f 4496 4692 4693
f 4496 4693 4498
f 4664 4693 4692
f 4664 4665 4693
f 4664 4692 4659
f 4665 4694 4693
f 4665 4695 4694
f 4693 4696 4498
f 4693 4694 4696
f 4498 4696 4499
f 4665 4668 4695
f 4697 4699 4698
f 4697 4700 4699
f 4697 4701 4700
f 4697 4702 4701
f 4697 4703 4702
f 4697 4698 4703
f 4702 4705 4704
f 4702 4703 4705
f 4702 4704 4706
f 4702 4706 4701
f 4502 4706 4704
f 4502 4503 4706
f 4502 4704 4479
f 4479 4704 4672
f 4672 4704 4705
f 4672 4705 4671
f 4506 4707 4507
f 4506 4708 4707
f 4506 4487 4708
f 4487 4677 4708
f 4677 4709 4708
f 4677 4710 4709
f 4708 4709 4707
f 4677 4680 4710
f 4711 4713 4712
f 4711 4714 4713
f 4711 4715 4714
f 4711 4716 4715
f 4684 4716 4711
f 4684 4685 4716
f 4684 4711 4712
f 4684 4712 4683
f 4685 4717 4716
f 4716 4717 4718
f 4716 4718 4715
f 4510 4718 4717
f 4510 4511 4718
f 4510 4717 4491
f 4491 4717 4690
f 4690 4717 4685
f 4514 4719 4515
f 4514 4720 4719
f 4514 4499 4720
f 4499 4721 4720
f 4499 4696 4721
f 4696 4694 4721
f 4720 4721 4722
f 4720 4722 4719
f 4700 4701 4723
f 4700 4723 4699
f 4701 4724 4725
f 4701 4725 4723
f 4724 4726 4725
f 4724 4727 4726
f 4503 4727 4724
f 4503 4518 4727
f 4503 4724 4706
f 4706 4724 4701
f 4728 4729 4730
f 4518 4730 4727
f 4518 4728 4730
f 4518 4519 4728
f 4519 4522 4731
f 4519 4731 4728
f 4728 4731 4732
f 4728 4732 4729
f 4731 4733 4732
f 4731 4734 4733
f 4731 4522 4734
f 4522 4523 4734
f 4523 4507 4734
f 4507 4707 4735
f 4507 4735 4734
f 4734 4735 4733
f 4707 4736 4735
f 4707 4709 4736
f 4714 4715 4737
f 4714 4737 4713
f 4715 4738 4737
f 4511 4526 4739
f 4511 4740 4718
f 4511 4739 4740
f 4718 4738 4715
f 4718 4740 4738
f 4739 4741 4740
f 4739 4742 4741
f 4739 4526 4742
f 4526 4743 4742
f 4526 4527 4743
f 4527 4530 4743
f 4744 4745 4746
f 4530 4746 4743
f 4530 4744 4746
f 4530 4531 4744
f 4531 4515 4744
f 4515 4719 4747
f 4515 4747 4744
f 4744 4747 4745
f 4719 4748 4747
f 4719 4722 4748
f 4726 4727 4749
f 4726 4749 4725
f 4727 4750 4749
f 4727 4730 4750
f 4742 4743 4751
f 4742 4751 4741
f 4743 4752 4751
f 4743 4746 4752
f 4753 4755 4754
f 4753 4756 4755
f 4534 4756 4753
f 4534 4535 4756
f 4534 4753 4757
f 4534 4757 4539
f 4753 4758 4757
f 4753 4754 4758
f 4757 4760 4759
f 4757 4758 4760
f 4757 4759 4539
f 4539 4759 4761
f 4539 4761 4540
f 4759 4762 4761
f 4759 4763 4762
f 4759 4760 4763
f 4762 4763 4764
f 4762 4764 4761
f 4765 4767 4766
f 4765 4768 4767
f 4765 4769 4768
f 4765 4770 4769
f 4765 4771 4770
f 4765 4766 4771
f 4770 4773 4772
f 4770 4771 4773
f 4770 4772 4774
f 4770 4774 4769
f 4542 4774 4772
f 4542 4543 4774
f 4542 4772 4775
f 4542 4775 4547
f 4772 4776 4775
f 4772 4773 4776
f 4775 4776 4777
f 4775 4778 4547
f 4775 4777 4778
f 4547 4778 4548
f 4779 4781 4780
f 4779 4782 4781
f 4550 4782 4779
f 4550 4551 4782
f 4550 4779 4783
f 4550 4783 4555
f 4779 4784 4783
f 4779 4780 4784
f 4783 4786 4785
f 4783 4784 4786
f 4783 4785 4555
f 4555 4785 4557
f 4557 4785 4535
f 4535 4785 4756
f 4756 4785 4786
f 4756 4786 4755
f 4540 4787 4562
f 4540 4761 4787
f 4761 4788 4787
f 4787 4788 4562
f 4562 4788 4564
f 4564 4788 4789
f 4564 4789 4567
f 4788 4790 4789
f 4761 4790 4788
f 4761 4764 4790
f 4789 4790 4791
f 4789 4792 4567
f 4789 4791 4792
f 4567 4792 4568
f 4793 4795 4794
f 4793 4796 4795
f 4570 4796 4793
f 4570 4571 4796
f 4570 4793 4797
f 4570 4797 4575
f 4793 4798 4797
f 4793 4794 4798
f 4797 4800 4799
f 4797 4798 4800
f 4797 4799 4575
f 4575 4799 4577
f 4577 4799 4801
f 4577 4801 4580
f 4768 4801 4799
f 4768 4769 4801
f 4768 4799 4800
f 4768 4800 4767
f 4769 4802 4801
f 4801 4802 4580
f 4580 4802 4582
f 4582 4802 4543
f 4543 4802 4774
f 4774 4802 4769
f 4548 4803 4587
f 4548 4804 4803
f 4548 4778 4804
f 4778 4777 4804
f 4803 4804 4805
f 4803 4806 4587
f 4803 4805 4806
f 4587 4806 4588
f 4807 4809 4808
f 4807 4810 4809
f 4807 4811 4810
f 4551 4811 4807
f 4551 4589 4811
f 4551 4807 4782
f 4782 4807 4808
f 4782 4808 4781
f 4589 4812 4811
f 4589 4591 4812
f 4813 4814 4815
f 4813 4815 4816
f 4596 4816 4595
f 4596 4813 4816
f 4596 4568 4813
f 4568 4792 4813
f 4792 4791 4814
f 4792 4814 4813
f 4817 4819 4818
f 4817 4820 4819
f 4598 4820 4817
f 4598 4599 4820
f 4598 4817 4571
f 4571 4817 4796
f 4796 4817 4818
f 4796 4818 4795
f 4606 4821 4607
f 4606 4609 4821
f 4822 4823 4824
f 4609 4824 4821
f 4609 4822 4824
f 4609 4610 4822
f 4610 4588 4822
f 4588 4806 4822
f 4806 4805 4823
f 4806 4823 4822
f 4810 4811 4825
f 4810 4825 4809
f 4811 4826 4827
f 4811 4827 4825
f 4826 4828 4827
f 4612 4828 4826
f 4612 4613 4828
f 4612 4826 4591
f 4591 4826 4812
f 4812 4826 4811
f 4619 4829 4620
f 4619 4621 4829
f 4830 4831 4832
f 4621 4832 4829
f 4621 4830 4832
f 4621 4622 4830
f 4622 4595 4830
f 4595 4816 4830
f 4816 4815 4831
f 4816 4831 4830
f 4833 4835 4834
f 4833 4836 4835
f 4833 4837 4836
f 4599 4837 4833
f 4599 4623 4837
f 4599 4833 4820
f 4820 4833 4834
f 4820 4834 4819
f 4623 4838 4837
f 4623 4625 4838
f 4839 4840 4841
f 4839 4841 4842
f 4631 4842 4632
f 4631 4839 4842
f 4631 4607 4839
f 4607 4821 4843
f 4607 4843 4839
f 4839 4843 4840
f 4821 4844 4843
f 4821 4824 4844
f 4613 4633 4845
f 4613 4846 4828
f 4613 4845 4846
f 4828 4846 4827
f 4845 4847 4846
f 4845 4848 4847
f 4845 4633 4848
f 4633 4634 4848
f 4634 4635 4849
f 4634 4849 4848
f 4848 4849 4850
f 4848 4850 4847
f 4849 4851 4850
f 4849 4852 4851
f 4849 4635 4852
f 4635 4636 4852
f 4636 4620 4852
f 4620 4829 4853
f 4620 4853 4852
f 4852 4853 4851
f 4829 4854 4853
f 4829 4832 4854
f 4836 4837 4855
f 4836 4855 4835
f 4837 4856 4855
f 4625 4637 4857
f 4625 4858 4838
f 4625 4857 4858
f 4838 4856 4837
f 4838 4858 4856
f 4857 4859 4858
f 4857 4860 4859
f 4857 4637 4860
f 4637 4638 4860
f 4638 4639 4861
f 4638 4861 4860
f 4860 4861 4862
f 4860 4862 4859
f 4861 4863 4862
f 4861 4864 4863
f 4861 4639 4864
f 4639 4640 4864
f 4640 4632 4864
f 4632 4842 4864
f 4842 4841 4863
f 4842 4863 4864
f 4865 4867 4866
f 4865 4868 4867
f 4642 4868 4865
f 4642 4643 4868
f 4642 4865 4869
f 4642 4869 4647
f 4865 4870 4869
f 4865 4866 4870
f 4869 4872 4871
f 4869 4870 4872
f 4869 4871 4647
f 4647 4871 4649
f 4649 4871 4873
f 4649 4873 4653
f 4871 4874 4873
f 4871 4872 4874
f 4873 4876 4875
f 4873 4874 4876
f 4873 4875 4653
f 4653 4875 4877
f 4653 4877 4654
f 4875 4878 4877
f 4875 4879 4878
f 4875 4876 4879
f 4878 4879 4880
f 4878 4880 4877
f 4881 4883 4882
f 4881 4884 4883
f 4881 4885 4884
f 4881 4886 4885
f 4881 4887 4886
f 4881 4882 4887
f 4886 4889 4888
f 4886 4887 4889
f 4886 4888 4890
f 4886 4890 4885
f 4656 4890 4888
f 4656 4657 4890
f 4656 4888 4891
f 4656 4891 4661
f 4888 4892 4891
f 4888 4889 4892
f 4891 4894 4893
f 4891 4892 4894
f 4891 4893 4661
f 4661 4893 4663
f 4663 4893 4895
f 4663 4895 4667
f 4893 4896 4895
f 4893 4894 4896
f 4895 4896 4897
f 4895 4898 4667
f 4895 4897 4898
f 4667 4898 4668
f 4899 4901 4900
f 4899 4902 4901
f 4899 4903 4902
f 4899 4904 4903
f 4899 4905 4904
f 4899 4900 4905
f 4904 4907 4906
f 4904 4905 4907
f 4904 4906 4908
f 4904 4908 4903
f 4670 4908 4906
f 4670 4671 4908
f 4670 4906 4643
f 4643 4906 4868
f 4868 4906 4907
f 4868 4907 4867
f 4654 4909 4679
f 4654 4877 4909
f 4877 4910 4909
f 4877 4911 4910
f 4909 4912 4679
f 4909 4910 4912
f 4679 4912 4680
f 4877 4880 4911
f 4913 4915 4914
f 4913 4916 4915
f 4682 4916 4913
f 4682 4683 4916
f 4682 4913 4917
f 4682 4917 4687
f 4884 4917 4913
f 4884 4885 4917
f 4884 4913 4914
f 4884 4914 4883
f 4885 4918 4917
f 4917 4918 4687
f 4687 4918 4689
f 4689 4918 4657
f 4657 4918 4890
f 4890 4918 4885
f 4695 4919 4694
f 4695 4920 4919
f 4695 4668 4920
f 4668 4921 4920
f 4668 4898 4921
f 4898 4897 4921
f 4920 4921 4922
f 4920 4922 4919
f 4923 4925 4924
f 4923 4926 4925
f 4698 4926 4923
f 4698 4699 4926
f 4698 4923 4927
f 4698 4927 4703
f 4902 4927 4923
f 4902 4903 4927
f 4902 4923 4924
f 4902 4924 4901
f 4903 4928 4927
f 4927 4928 4703
f 4703 4928 4705
f 4705 4928 4671
f 4671 4928 4908
f 4908 4928 4903
f 4929 4930 4931
f 4929 4931 4932
f 4710 4932 4709
f 4710 4929 4932
f 4710 4680 4929
f 4680 4912 4929
f 4912 4910 4930
f 4912 4930 4929
f 4933 4935 4934
f 4933 4936 4935
f 4712 4936 4933
f 4712 4713 4936
f 4712 4933 4683
f 4683 4933 4916
f 4916 4933 4934
f 4916 4934 4915
f 4694 4937 4721
f 4694 4919 4937
f 4919 4938 4937
f 4919 4939 4938
f 4937 4940 4721
f 4937 4938 4940
f 4721 4940 4722
f 4919 4922 4939
f 4699 4723 4941
f 4699 4942 4926
f 4699 4941 4942
f 4926 4942 4925
f 4941 4943 4942
f 4941 4944 4943
f 4941 4723 4944
f 4723 4725 4944
f 4729 4945 4730
f 4729 4732 4945
f 4946 4947 4948
f 4732 4948 4945
f 4732 4946 4948
f 4732 4733 4946
f 4733 4735 4949
f 4733 4949 4946
f 4946 4949 4950
f 4946 4950 4947
f 4949 4951 4950
f 4949 4952 4951
f 4949 4735 4952
f 4735 4736 4952
f 4736 4709 4952
f 4709 4932 4952
f 4932 4931 4951
f 4932 4951 4952
f 4713 4737 4953
f 4713 4954 4936
f 4713 4953 4954
f 4936 4954 4935
f 4953 4955 4954
f 4953 4956 4955
f 4953 4737 4956
f 4737 4957 4956
f 4737 4738 4957
f 4738 4740 4957
f 4740 4958 4957
f 4740 4741 4958
f 4959 4960 4961
f 4959 4961 4962
f 4745 4962 4746
f 4745 4959 4962
f 4745 4747 4963
f 4745 4963 4959
f 4959 4963 4964
f 4959 4964 4960
f 4963 4965 4964
f 4963 4966 4965
f 4963 4747 4966
f 4747 4748 4966
f 4748 4722 4966
f 4722 4940 4966
f 4940 4938 4965
f 4940 4965 4966
f 4725 4749 4967
f 4725 4968 4944
f 4725 4967 4968
f 4944 4968 4943
f 4967 4969 4968
f 4967 4970 4969
f 4967 4749 4970
f 4749 4750 4970
f 4750 4730 4970
f 4730 4945 4971
f 4730 4971 4970
f 4970 4971 4969
f 4945 4972 4971
f 4945 4948 4972
f 4956 4957 4973
f 4956 4973 4955
f 4957 4974 4973
f 4741 4751 4975
f 4741 4976 4958
f 4741 4975 4976
f 4958 4974 4957
f 4958 4976 4974
f 4975 4977 4976
f 4975 4978 4977
f 4975 4751 4978
f 4751 4752 4978
f 4752 4746 4978
f 4746 4962 4978
f 4962 4961 4977
f 4962 4977 4978
f 4979 4981 4980
f 4979 4982 4981
f 4979 4983 4982
f 4979 4984 4983
f 4979 4985 4984
f 4979 4980 4985
f 4984 4987 4986
f 4984 4985 4987
f 4984 4986 4988
f 4984 4988 4983
f 4754 4988 4986
f 4754 4755 4988
f 4754 4986 4989
f 4754 4989 4758
f 4986 4990 4989
f 4986 4987 4990
f 4989 4992 4991
f 4989 4990 4992
f 4989 4991 4758
f 4758 4991 4760
f 4760 4991 4993
f 4760 4993 4763
f 4991 4994 4993
f 4991 4992 4994
f 4993 4996 4995
f 4993 4994 4996
f 4993 4995 4763
f 4763 4995 4997
f 4763 4997 4764
f 4995 4998 4997
f 4995 4999 4998
f 4995 4996 4999
f 4998 4999 5000
f 4998 5000 4997
f 5001 5003 5002
f 5001 5004 5003
f 5001 5005 5004
f 5001 5006 5005
f 5001 5007 5006
f 5001 5002 5007
f 5006 5009 5008
f 5006 5007 5009
f 5006 5008 5010
f 5006 5010 5005
f 4766 5010 5008
f 4766 4767 5010
f 4766 5008 5011
f 4766 5011 4771
f 5008 5012 5011
f 5008 5009 5012
f 5011 5014 5013
f 5011 5012 5014
f 5011 5013 4771
f 4771 5013 4773
f 4773 5013 5015
f 4773 5015 4776
f 5013 5016 5015
f 5013 5014 5016
f 5015 5018 5017
f 5015 5016 5018
f 5015 5017 4776
f 4776 5017 5019
f 4776 5019 4777
f 5017 5020 5019
f 5017 5021 5020
f 5017 5018 5021
f 5020 5021 5022
f 5020 5022 5019
f 5023 5025 5024
f 5023 5026 5025
f 4780 5026 5023
f 4780 4781 5026
f 4780 5023 5027
f 4780 5027 4784
f 4982 5027 5023
f 4982 4983 5027
f 4982 5023 5024
f 4982 5024 4981
f 4983 5028 5027
f 5027 5028 4784
f 4784 5028 4786
f 4786 5028 4755
f 4755 5028 4988
f 4988 5028 4983
f 4764 5029 4790
f 4764 4997 5029
f 4997 5030 5029
f 5029 5030 4790
f 4790 5030 5031
f 4790 5031 4791
f 5030 5032 5031
f 5030 5033 5032
f 4997 5033 5030
f 4997 5000 5033
f 5032 5033 5034
f 5032 5034 5031
f 5035 5037 5036
f 5035 5038 5037
f 5035 5039 5038
f 5035 5040 5039
f 5035 5041 5040
f 5035 5036 5041
f 5040 5043 5042
f 5040 5041 5043
f 5040 5042 5044
f 5040 5044 5039
f 4794 5044 5042
f 4794 4795 5044
f 4794 5042 5045
f 4794 5045 4798
f 5004 5045 5042
f 5004 5005 5045
f 5004 5042 5043
f 5004 5043 5003
f 5005 5046 5045
f 5045 5046 4798
f 4798 5046 4800
f 4800 5046 4767
f 4767 5046 5010
f 5010 5046 5005
f 4777 5047 4804
f 4777 5019 5047
f 5019 5048 5047
f 5019 5049 5048
f 5047 5050 4804
f 5047 5048 5050
f 4804 5050 4805
f 5019 5022 5049
f 5051 5053 5052
f 5051 5054 5053
f 4808 5054 5051
f 4808 4809 5054
f 4808 5051 4781
f 4781 5051 5026
f 5026 5051 5052
f 5026 5052 5025
f 4814 5055 4815
f 4814 5056 5055
f 4814 4791 5056
f 4791 5031 5056
f 5031 5057 5056
f 5031 5058 5057
f 5056 5057 5055
f 5031 5034 5058
f 5059 5061 5060
f 5059 5062 5061
f 5059 5063 5062
f 5059 5064 5063
f 5038 5064 5059
f 5038 5039 5064
f 5038 5059 5060
f 5038 5060 5037
f 5039 5065 5064
f 5064 5065 5066
f 5064 5066 5063
f 4818 5066 5065
f 4818 4819 5066
f 4818 5065 4795
f 4795 5065 5044
f 5044 5065 5039
f 5067 5068 5069
f 5067 5069 5070
f 4823 5070 4824
f 4823 5067 5070
f 4823 4805 5067
f 4805 5050 5067
f 5050 5048 5068
f 5050 5068 5067
f 5071 5073 5072
f 5071 5074 5073
f 5071 5075 5074
f 4809 5075 5071
f 4809 4825 5075
f 4809 5071 5054
f 5054 5071 5072
f 5054 5072 5053
f 4825 5076 5075
f 4825 4827 5076
f 4831 5077 4832
f 4831 5078 5077
f 4831 4815 5078
f 4815 5055 5078
f 5055 5079 5078
f 5055 5080 5079
f 5078 5079 5077
f 5055 5057 5080
f 5081 5083 5082
f 5081 5084 5083
f 5081 5085 5084
f 5081 5086 5085
f 5062 5086 5081
f 5062 5063 5086
f 5062 5081 5082
f 5062 5082 5061
f 5063 5087 5086
f 5086 5087 5088
f 5086 5088 5085
f 4834 5088 5087
f 4834 4835 5088
f 4834 5087 4819
f 4819 5087 5066
f 5066 5087 5063
f 4840 5089 4841
f 4840 4843 5089
f 5090 5091 5092
f 4843 5092 5089
f 4843 5090 5092
f 4843 4844 5090
f 4844 4824 5090
f 4824 5070 5090
f 5070 5069 5091
f 5070 5091 5090
f 5074 5075 5093
f 5074 5093 5073
f 5075 5094 5095
f 5075 5095 5093
f 5094 5096 5095
f 5094 5097 5096
f 4827 5097 5094
f 4827 4846 5097
f 4827 5094 5076
f 5076 5094 5075
f 4846 5098 5097
f 4846 5099 5098
f 4846 4847 5099
f 4847 4850 5099
f 4850 5100 5099
f 4850 5101 5100
f 4850 4851 5101
f 4851 4853 5101
f 5102 5103 5104
f 4853 5104 5101
f 4853 5102 5104
f 4853 4854 5102
f 4854 4832 5102
f 4832 5077 5105
f 4832 5105 5102
f 5102 5105 5103
f 5077 5106 5105
f 5077 5079 5106
f 5084 5085 5107
f 5084 5107 5083
f 5085 5108 5109
f 5085 5109 5107
f 5108 5110 5109
f 5108 5111 5110
f 4835 5111 5108
f 4835 4855 5111
f 4835 5108 5088
f 5088 5108 5085
f 4855 5112 5111
f 4855 5113 5112
f 4855 4856 5113
f 4856 4858 5113
f 4858 5114 5113
f 4858 5115 5114
f 4858 4859 5115
f 4859 4862 5115
f 5116 5117 5118
f 4862 5118 5115
f 4862 5116 5118
f 4862 4863 5116
f 4863 4841 5116
f 4841 5089 5119
f 4841 5119 5116
f 5116 5119 5117
f 5089 5120 5119
f 5089 5092 5120
f 5096 5097 5121
f 5096 5121 5095
f 5097 5122 5121
f 5098 5099 5123
f 5098 5122 5097
f 5098 5123 5122
f 5099 5124 5123
f 5100 5101 5125
f 5100 5124 5099
f 5100 5125 5124
f 5101 5126 5125
f 5101 5104 5126
f 5110 5111 5127
f 5110 5127 5109
f 5111 5128 5127
f 5112 5113 5129
f 5112 5128 5111
f 5112 5129 5128
f 5113 5130 5129
f 5114 5115 5131
f 5114 5130 5113
f 5114 5131 5130
f 5115 5132 5131
f 5115 5118 5132
f 5133 5135 5134
f 5133 5136 5135
f 5133 5137 5136
f 5133 5138 5137
f 5133 5139 5138
f 5133 5134 5139
f 5138 5141 5140
f 5138 5139 5141
f 5138 5140 5142
f 5138 5142 5137
f 5140 5143 5142
f 5140 5144 5143
f 5140 5145 5144
f 5140 5141 5145
f 5144 5147 5146
f 5144 5145 5147
f 5144 5146 5148
f 5144 5148 5143
f 5146 5149 5148
f 5146 5150 5149
f 5146 5151 5150
f 5146 5147 5151
f 5150 5151 5152
f 5150 5152 5149
f 5153 5155 5154
f 5153 5156 5155
f 5153 5157 5156
f 5153 5158 5157
f 5153 5159 5158
f 5153 5154 5159
f 5158 5161 5160
f 5158 5159 5161
f 5158 5160 5162
f 5158 5162 5157
f 5160 5163 5162
f 5160 5164 5163
f 5160 5165 5164
f 5160 5161 5165
f 5164 5167 5166
f 5164 5165 5167
f 5164 5166 5168
f 5164 5168 5163
f 5166 5169 5168
f 5166 5170 5169
f 5166 5171 5170
f 5166 5167 5171
f 5170 5171 5172
f 5170 5172 5169
f 5173 5175 5174
f 5173 5176 5175
f 5173 5177 5176
f 5173 5178 5177
f 5173 5179 5178
f 5173 5174 5179
f 5178 5181 5180
f 5178 5179 5181
f 5178 5180 5182
f 5178 5182 5177
f 4866 5182 5180
f 4866 4867 5182
f 4866 5180 5183
f 4866 5183 4870
f 5136 5183 5180
f 5136 5137 5183
f 5136 5180 5181
f 5136 5181 5135
f 5137 5184 5183
f 5183 5184 4870
f 4870 5184 4872
f 4872 5184 5185
f 4872 5185 4874
f 5142 5185 5184
f 5142 5143 5185
f 5142 5184 5137
f 5143 5186 5185
f 5185 5186 4874
f 4874 5186 4876
f 4876 5186 5187
f 4876 5187 4879
f 5148 5187 5186
f 5148 5149 5187
f 5148 5186 5143
f 5149 5188 5187
f 5187 5188 4879
f 4879 5188 5189
f 4879 5189 4880
f 5188 5190 5189
f 5188 5191 5190
f 5149 5191 5188
f 5149 5152 5191
f 5190 5191 5192
f 5190 5192 5189
f 5193 5195 5194
f 5193 5196 5195
f 5193 5197 5196
f 5193 5198 5197
f 5193 5199 5198
f 5193 5194 5199
f 5198 5201 5200
f 5198 5199 5201
f 5198 5200 5202
f 5198 5202 5197
f 4882 5202 5200
f 4882 4883 5202
f 4882 5200 5203
f 4882 5203 4887
f 5156 5203 5200
f 5156 5157 5203
f 5156 5200 5201
f 5156 5201 5155
f 5157 5204 5203
f 5203 5204 4887
f 4887 5204 4889
f 4889 5204 5205
f 4889 5205 4892
f 5162 5205 5204
f 5162 5163 5205
f 5162 5204 5157
f 5163 5206 5205
f 5205 5206 4892
f 4892 5206 4894
f 4894 5206 5207
f 4894 5207 4896
f 5168 5207 5206
f 5168 5169 5207
f 5168 5206 5163
f 5169 5208 5207
f 5207 5208 4896
f 4896 5208 5209
f 4896 5209 4897
f 5208 5210 5209
f 5208 5211 5210
f 5169 5211 5208
f 5169 5172 5211
f 5210 5211 5212
f 5210 5212 5209
f 5213 5215 5214
f 5213 5216 5215
f 4900 5216 5213
f 4900 4901 5216
f 4900 5213 5217
f 4900 5217 4905
f 5176 5217 5213
f 5176 5177 5217
f 5176 5213 5214
f 5176 5214 5175
f 5177 5218 5217
f 5217 5218 4905
f 4905 5218 4907
f 4907 5218 4867
f 4867 5218 5182
f 5182 5218 5177
f 4911 5219 4910
f 4911 5220 5219
f 4911 4880 5220
f 4880 5189 5220
f 5189 5221 5220
f 5189 5222 5221
f 5220 5221 5219
f 5189 5192 5222
f 5223 5225 5224
f 5223 5226 5225
f 5223 5227 5226
f 5223 5228 5227
f 5196 5228 5223
f 5196 5197 5228
f 5196 5223 5224
f 5196 5224 5195
f 5197 5229 5228
f 5228 5229 5230
f 5228 5230 5227
f 4914 5230 5229
f 4914 4915 5230
f 4914 5229 4883
f 4883 5229 5202
f 5202 5229 5197
f 4897 5231 4921
f 4897 5209 5231
f 5209 5232 5231
f 5209 5233 5232
f 5231 5234 4921
f 5231 5232 5234
f 4921 5234 4922
f 5209 5212 5233
f 5235 5237 5236
f 5235 5238 5237
f 4924 5238 5235
f 4924 4925 5238
f 4924 5235 4901
f 4901 5235 5216
f 5216 5235 5236
f 5216 5236 5215
f 4930 5239 4931
f 4930 5240 5239
f 4930 4910 5240
f 4910 5219 5240
f 5219 5241 5240
f 5219 5242 5241
f 5240 5241 5239
f 5219 5221 5242
f 5243 5245 5244
f 5243 5246 5245
f 5243 5247 5246
f 5243 5248 5247
f 5226 5248 5243
f 5226 5227 5248
f 5226 5243 5244
f 5226 5244 5225
f 5227 5249 5248
f 5248 5249 5250
f 5248 5250 5247
f 4934 5250 5249
f 4934 4935 5250
f 4934 5249 4915
f 4915 5249 5230
f 5230 5249 5227
f 5251 5252 5253
f 5251 5253 5254
f 4939 5254 4938
f 4939 5251 5254
f 4939 4922 5251
f 4922 5234 5251
f 5234 5232 5252
f 5234 5252 5251
f 5255 5257 5256
f 5255 5258 5257
f 5255 5259 5258
f 4925 5259 5255
f 4925 4942 5259
f 4925 5255 5238
f 5238 5255 5256
f 5238 5256 5237
f 4942 5260 5259
f 4942 4943 5260
f 4947 5261 4948
f 4947 4950 5261
f 5262 5263 5264
f 4950 5264 5261
f 4950 5262 5264
f 4950 4951 5262
f 4951 4931 5262
f 4931 5239 5265
f 4931 5265 5262
f 5262 5265 5263
f 5239 5266 5265
f 5239 5241 5266
f 5246 5247 5267
f 5246 5267 5245
f 5247 5268 5269
f 5247 5269 5267
f 5268 5270 5269
f 5268 5271 5270
f 4935 5271 5268
f 4935 4954 5271
f 4935 5268 5250
f 5250 5268 5247
f 4954 5272 5271
f 4954 4955 5272
f 4960 5273 4961
f 4960 4964 5273
f 5274 5275 5276
f 4964 5276 5273
f 4964 5274 5276
f 4964 4965 5274
f 4965 4938 5274
f 4938 5254 5274
f 5254 5253 5275
f 5254 5275 5274
f 5258 5259 5277
f 5258 5277 5257
f 5259 5278 5277
f 4943 4968 5279
f 4943 5280 5260
f 4943 5279 5280
f 5260 5278 5259
f 5260 5280 5278
f 5279 5281 5280
f 5279 5282 5281
f 5279 4968 5282
f 4968 4969 5282
f 4969 4971 5283
f 4969 5283 5282
f 5282 5283 5284
f 5282 5284 5281
f 5283 5285 5284
f 5283 5286 5285
f 5283 4971 5286
f 4971 4972 5286
f 4972 4948 5286
f 4948 5261 5287
f 4948 5287 5286
f 5286 5287 5285
f 5261 5288 5287
f 5261 5264 5288
f 5270 5271 5289
f 5270 5289 5269
f 5271 5290 5289
f 4955 4973 5291
f 4955 5292 5272
f 4955 5291 5292
f 5272 5290 5271
f 5272 5292 5290
f 5291 5293 5292
f 5291 5294 5293
f 5291 4973 5294
f 4973 4974 5294
f 4974 4976 5295
f 4974 5295 5294
f 5294 5295 5296
f 5294 5296 5293
f 5295 5297 5296
f 5295 5298 5297
f 5295 4976 5298
f 4976 4977 5298
f 4977 4961 5298
f 4961 5273 5299
f 4961 5299 5298
f 5298 5299 5297
f 5273 5300 5299
f 5273 5276 5300
f 5301 5303 5302
f 5301 5304 5303
f 5301 5305 5304
f 5301 5306 5305
f 5301 5307 5306
f 5301 5302 5307
f 5306 5309 5308
f 5306 5307 5309
f 5306 5308 5310
f 5306 5310 5305
f 5308 5311 5310
f 5308 5312 5311
f 5308 5313 5312
f 5308 5309 5313
f 5312 5313 5314
f 5312 5314 5311
f 5315 5317 5316
f 5315 5318 5317
f 5315 5319 5318
f 5315 5320 5319
f 5315 5321 5320
f 5315 5316 5321
f 5320 5323 5322
f 5320 5321 5323
f 5320 5322 5324
f 5320 5324 5319
f 5322 5325 5324
f 5322 5326 5325
f 5322 5327 5326
f 5322 5323 5327
f 5326 5327 5328
f 5326 5328 5325
f 5329 5331 5330
f 5329 5332 5331
f 4980 5332 5329
f 4980 4981 5332
f 4980 5329 5333
f 4980 5333 4985
f 5329 5334 5333
f 5329 5330 5334
f 5333 5336 5335
f 5333 5334 5336
f 5333 5335 4985
f 4985 5335 4987
f 4987 5335 5337
f 4987 5337 4990
f 5304 5337 5335
f 5304 5305 5337
f 5304 5335 5336
f 5304 5336 5303
f 5305 5338 5337
f 5337 5338 4990
f 4990 5338 4992
f 4992 5338 5339
f 4992 5339 4994
f 5310 5339 5338
f 5310 5311 5339
f 5310 5338 5305
f 5311 5340 5339
f 5339 5340 4994
f 4994 5340 4996
f 4996 5340 5341
f 4996 5341 4999
f 5340 5342 5341
f 5311 5342 5340
f 5311 5314 5342
f 5341 5344 5343
f 5341 5342 5344
f 5341 5343 4999
f 4999 5343 5345
f 4999 5345 5000
f 5343 5346 5345
f 5343 5347 5346
f 5343 5344 5347
f 5346 5347 5348
f 5346 5348 5345
f 5349 5351 5350
f 5349 5352 5351
f 5349 5353 5352
f 5349 5354 5353
f 5349 5355 5354
f 5349 5350 5355
f 5354 5357 5356
f 5354 5355 5357
f 5354 5356 5358
f 5354 5358 5353
f 5002 5358 5356
f 5002 5003 5358
f 5002 5356 5359
f 5002 5359 5007
f 5356 5360 5359
f 5356 5357 5360
f 5359 5362 5361
f 5359 5360 5362
f 5359 5361 5007
f 5007 5361 5009
f 5009 5361 5363
f 5009 5363 5012
f 5318 5363 5361
f 5318 5319 5363
f 5318 5361 5362
f 5318 5362 5317
f 5319 5364 5363
f 5363 5364 5012
f 5012 5364 5014
f 5014 5364 5365
f 5014 5365 5016
f 5324 5365 5364
f 5324 5325 5365
f 5324 5364 5319
f 5325 5366 5365
f 5365 5366 5016
f 5016 5366 5018
f 5018 5366 5367
f 5018 5367 5021
f 5366 5368 5367
f 5325 5368 5366
f 5325 5328 5368
f 5367 5368 5369
f 5367 5370 5021
f 5367 5369 5370
f 5021 5370 5022
f 5371 5373 5372
f 5371 5374 5373
f 5371 5375 5374
f 5371 5376 5375
f 5371 5377 5376
f 5371 5372 5377
f 5376 5379 5378
f 5376 5377 5379
f 5376 5378 5380
f 5376 5380 5375
f 5024 5380 5378
f 5024 5025 5380
f 5024 5378 4981
f 4981 5378 5332
f 5332 5378 5379
f 5332 5379 5331
f 5000 5381 5033
f 5000 5345 5381
f 5345 5382 5381
f 5381 5382 5033
f 5033 5382 5383
f 5033 5383 5034
f 5382 5384 5383
f 5382 5385 5384
f 5345 5385 5382
f 5345 5348 5385
f 5384 5385 5386
f 5384 5386 5383
f 5387 5389 5388
f 5387 5390 5389
f 5387 5391 5390
f 5387 5392 5391
f 5387 5393 5392
f 5387 5388 5393
f 5392 5395 5394
f 5392 5393 5395
f 5392 5394 5396
f 5392 5396 5391
f 5036 5396 5394
f 5036 5037 5396
f 5036 5394 5397
f 5036 5397 5041
f 5352 5397 5394
f 5352 5353 5397
f 5352 5394 5395
f 5352 5395 5351
f 5353 5398 5397
f 5397 5398 5041
f 5041 5398 5043
f 5043 5398 5003
f 5003 5398 5358
f 5358 5398 5353
f 5049 5399 5048
f 5049 5400 5399
f 5049 5022 5400
f 5022 5401 5400
f 5022 5370 5401
f 5370 5369 5401
f 5400 5401 5402
f 5400 5402 5399
f 5403 5405 5404
f 5403 5406 5405
f 5403 5407 5406
f 5403 5408 5407
f 5374 5408 5403
f 5374 5375 5408
f 5374 5403 5404
f 5374 5404 5373
f 5375 5409 5408
f 5408 5409 5410
f 5408 5410 5407
f 5052 5410 5409
f 5052 5053 5410
f 5052 5409 5025
f 5025 5409 5380
f 5380 5409 5375
f 5058 5411 5057
f 5058 5412 5411
f 5058 5034 5412
f 5034 5383 5412
f 5383 5413 5412
f 5383 5414 5413
f 5412 5413 5411
f 5383 5386 5414
f 5415 5417 5416
f 5415 5418 5417
f 5415 5419 5418
f 5415 5420 5419
f 5390 5420 5415
f 5390 5391 5420
f 5390 5415 5416
f 5390 5416 5389
f 5391 5421 5420
f 5420 5421 5422
f 5420 5422 5419
f 5060 5422 5421
f 5060 5061 5422
f 5060 5421 5037
f 5037 5421 5396
f 5396 5421 5391
f 5068 5423 5069
f 5068 5424 5423
f 5068 5048 5424
f 5048 5399 5424
f 5399 5425 5424
f 5399 5426 5425
f 5424 5425 5423
f 5399 5402 5426
f 5406 5407 5427
f 5406 5427 5405
f 5407 5428 5429
f 5407 5429 5427
f 5428 5430 5429
f 5072 5430 5428
f 5072 5073 5430
f 5072 5428 5053
f 5053 5428 5410
f 5410 5428 5407
f 5080 5431 5079
f 5080 5432 5431
f 5080 5057 5432
f 5057 5411 5432
f 5411 5433 5432
f 5411 5434 5433
f 5432 5433 5431
f 5411 5413 5434
f 5435 5437 5436
f 5435 5438 5437
f 5435 5439 5438
f 5435 5440 5439
f 5418 5440 5435
f 5418 5419 5440
f 5418 5435 5436
f 5418 5436 5417
f 5419 5441 5440
f 5440 5441 5442
f 5440 5442 5439
f 5082 5442 5441
f 5082 5083 5442
f 5082 5441 5061
f 5061 5441 5422
f 5422 5441 5419
f 5443 5444 5445
f 5443 5445 5446
f 5091 5446 5092
f 5091 5443 5446
f 5091 5069 5443
f 5069 5423 5447
f 5069 5447 5443
f 5443 5447 5444
f 5423 5448 5447
f 5423 5425 5448
f 5449 5451 5450
f 5449 5452 5451
f 5449 5453 5452
f 5073 5453 5449
f 5073 5093 5453
f 5073 5449 5430
f 5430 5449 5450
f 5430 5450 5429
f 5093 5454 5453
f 5093 5095 5454
f 5103 5455 5104
f 5103 5105 5455
f 5456 5457 5458
f 5105 5458 5455
f 5105 5456 5458
f 5105 5106 5456
f 5106 5079 5456
f 5079 5431 5459
f 5079 5459 5456
f 5456 5459 5457
f 5431 5460 5459
f 5431 5433 5460
f 5438 5439 5461
f 5438 5461 5437
f 5439 5462 5463
f 5439 5463 5461
f 5462 5464 5463
f 5462 5465 5464
f 5083 5465 5462
f 5083 5107 5465
f 5083 5462 5442
f 5442 5462 5439
f 5107 5466 5465
f 5107 5109 5466
f 5117 5467 5118
f 5117 5119 5467
f 5468 5469 5470
f 5119 5470 5467
f 5119 5468 5470
f 5119 5120 5468
f 5120 5092 5468
f 5092 5446 5468
f 5446 5445 5469
f 5446 5469 5468
f 5452 5453 5471
f 5452 5471 5451
f 5453 5472 5473
f 5453 5473 5471
f 5472 5474 5473
f 5472 5475 5474
f 5095 5475 5472
f 5095 5121 5475
f 5095 5472 5454
f 5454 5472 5453
f 5121 5476 5475
f 5121 5477 5476
f 5121 5122 5477
f 5122 5123 5477
f 5123 5478 5477
f 5123 5479 5478
f 5123 5124 5479
f 5124 5125 5479
f 5480 5481 5482
f 5125 5482 5479
f 5125 5480 5482
f 5125 5126 5480
f 5126 5104 5480
f 5104 5455 5483
f 5104 5483 5480
f 5480 5483 5481
f 5455 5484 5483
f 5455 5458 5484
f 5464 5465 5485
f 5464 5485 5463
f 5465 5486 5487
f 5465 5487 5485
f 5486 5488 5487
f 5486 5489 5488
f 5109 5489 5486
f 5109 5127 5489
f 5109 5486 5466
f 5466 5486 5465
f 5127 5490 5489
f 5127 5491 5490
f 5127 5128 5491
f 5128 5129 5491
f 5129 5492 5491
f 5129 5493 5492
f 5129 5130 5493
f 5130 5131 5493
f 5494 5495 5496
f 5131 5496 5493
f 5131 5494 5496
f 5131 5132 5494
f 5132 5118 5494
f 5118 5467 5497
f 5118 5497 5494
f 5494 5497 5495
f 5467 5498 5497
f 5467 5470 5498
f 5474 5475 5499
f 5474 5499 5473
f 5475 5500 5499
f 5476 5477 5501
f 5476 5500 5475
f 5476 5501 5500
f 5477 5502 5501
f 5478 5479 5503
f 5478 5502 5477
f 5478 5503 5502
f 5479 5504 5503
f 5479 5482 5504
f 5488 5489 5505
f 5488 5505 5487
f 5489 5506 5505
f 5490 5491 5507
f 5490 5506 5489
f 5490 5507 5506
f 5491 5508 5507
f 5492 5493 5509
f 5492 5508 5491
f 5492 5509 5508
f 5493 5510 5509
f 5493 5496 5510
f 5511 5513 5512
f 5511 5514 5513
f 5511 5515 5514
f 5511 5516 5515
f 5511 5517 5516
f 5511 5512 5517
f 5516 5519 5518
f 5516 5517 5519
f 5516 5518 5520
f 5516 5520 5515
f 5518 5521 5520
f 5518 5522 5521
f 5518 5523 5522
f 5518 5519 5523
f 5522 5525 5524
f 5522 5523 5525
f 5522 5524 5526
f 5522 5526 5521
f 5524 5527 5526
f 5524 5528 5527
f 5524 5529 5528
f 5524 5525 5529
f 5528 5529 5530
f 5528 5530 5527
f 5531 5533 5532
f 5531 5534 5533
f 5531 5535 5534
f 5531 5536 5535
f 5531 5537 5536
f 5531 5532 5537
f 5536 5539 5538
f 5536 5537 5539
f 5536 5538 5540
f 5536 5540 5535
f 5538 5541 5540
f 5538 5542 5541
f 5538 5543 5542
f 5538 5539 5543
f 5542 5545 5544
f 5542 5543 5545
f 5542 5544 5546
f 5542 5546 5541
f 5544 5547 5546
f 5544 5548 5547
f 5544 5549 5548
f 5544 5545 5549
f 5548 5549 5550
f 5548 5550 5547
f 5551 5553 5552
f 5551 5554 5553
f 5551 5555 5554
f 5551 5556 5555
f 5551 5557 5556
f 5551 5552 5557
f 5556 5559 5558
f 5556 5557 5559
f 5556 5558 5560
f 5556 5560 5555
f 5134 5560 5558
f 5134 5135 5560
f 5134 5558 5561
f 5134 5561 5139
f 5514 5561 5558
f 5514 5515 5561
f 5514 5558 5559
f 5514 5559 5513
f 5515 5562 5561
f 5561 5562 5139
f 5139 5562 5141
f 5141 5562 5563
f 5141 5563 5145
f 5520 5563 5562
f 5520 5521 5563
f 5520 5562 5515
f 5521 5564 5563
f 5563 5564 5145
f 5145 5564 5147
f 5147 5564 5565
f 5147 5565 5151
f 5526 5565 5564
f 5526 5527 5565
f 5526 5564 5521
f 5527 5566 5565
f 5565 5566 5151
f 5151 5566 5567
f 5151 5567 5152
f 5566 5568 5567
f 5566 5569 5568
f 5527 5569 5566
f 5527 5530 5569
f 5568 5569 5570
f 5568 5570 5567
f 5571 5573 5572
f 5571 5574 5573
f 5571 5575 5574
f 5571 5576 5575
f 5571 5577 5576
f 5571 5572 5577
f 5576 5579 5578
f 5576 5577 5579
f 5576 5578 5580
f 5576 5580 5575
f 5154 5580 5578
f 5154 5155 5580
f 5154 5578 5581
f 5154 5581 5159
f 5534 5581 5578
f 5534 5535 5581
f 5534 5578 5579
f 5534 5579 5533
f 5535 5582 5581
f 5581 5582 5159
f 5159 5582 5161
f 5161 5582 5583
f 5161 5583 5165
f 5540 5583 5582
f 5540 5541 5583
f 5540 5582 5535
f 5541 5584 5583
f 5583 5584 5165
f 5165 5584 5167
f 5167 5584 5585
f 5167 5585 5171
f 5546 5585 5584
f 5546 5547 5585
f 5546 5584 5541
f 5547 5586 5585
f 5585 5586 5171
f 5171 5586 5587
f 5171 5587 5172
f 5586 5588 5587
f 5586 5589 5588
f 5547 5589 5586
f 5547 5550 5589
f 5588 5589 5590
f 5588 5590 5587
f 5591 5593 5592
f 5591 5594 5593
f 5174 5594 5591
f 5174 5175 5594
f 5174 5591 5595
f 5174 5595 5179
f 5554 5595 5591
f 5554 5555 5595
f 5554 5591 5592
f 5554 5592 5553
f 5555 5596 5595
f 5595 5596 5179
f 5179 5596 5181
f 5181 5596 5135
f 5135 5596 5560
f 5560 5596 5555
f 5152 5597 5191
f 5152 5567 5597
f 5567 5598 5597
f 5597 5598 5191
f 5191 5598 5599
f 5191 5599 5192
f 5598 5600 5599
f 5598 5601 5600
f 5567 5601 5598
f 5567 5570 5601
f 5600 5601 5602
f 5600 5602 5599
f 5603 5605 5604
f 5603 5606 5605
f 5603 5607 5606
f 5603 5608 5607
f 5603 5609 5608
f 5603 5604 5609
f 5608 5611 5610
f 5608 5609 5611
f 5608 5610 5612
f 5608 5612 5607
f 5194 5612 5610
f 5194 5195 5612
f 5194 5610 5613
f 5194 5613 5199
f 5574 5613 5610
f 5574 5575 5613
f 5574 5610 5611
f 5574 5611 5573
f 5575 5614 5613
f 5613 5614 5199
f 5199 5614 5201
f 5201 5614 5155
f 5155 5614 5580
f 5580 5614 5575
f 5172 5615 5211
f 5172 5587 5615
f 5587 5616 5615
f 5587 5617 5616
f 5615 5618 5211
f 5615 5616 5618
f 5211 5618 5212
f 5587 5590 5617
f 5619 5621 5620
f 5619 5622 5621
f 5619 5623 5622
f 5619 5624 5623
f 5619 5625 5624
f 5619 5620 5625
f 5624 5627 5626
f 5624 5625 5627
f 5624 5626 5628
f 5624 5628 5623
f 5214 5628 5626
f 5214 5215 5628
f 5214 5626 5175
f 5175 5626 5594
f 5594 5626 5627
f 5594 5627 5593
f 5222 5629 5221
f 5222 5630 5629
f 5222 5192 5630
f 5192 5599 5630
f 5599 5631 5630
f 5599 5632 5631
f 5630 5631 5629
f 5599 5602 5632
f 5633 5635 5634
f 5633 5636 5635
f 5633 5637 5636
f 5633 5638 5637
f 5606 5638 5633
f 5606 5607 5638
f 5606 5633 5634
f 5606 5634 5605
f 5607 5639 5638
f 5638 5639 5640
f 5638 5640 5637
f 5224 5640 5639
f 5224 5225 5640
f 5224 5639 5195
f 5195 5639 5612
f 5612 5639 5607
f 5233 5641 5232
f 5233 5642 5641
f 5233 5212 5642
f 5212 5643 5642
f 5212 5618 5643
f 5618 5616 5643
f 5642 5643 5644
f 5642 5644 5641
f 5645 5647 5646
f 5645 5648 5647
f 5645 5649 5648
f 5645 5650 5649
f 5622 5650 5645
f 5622 5623 5650
f 5622 5645 5646
f 5622 5646 5621
f 5623 5651 5650
f 5650 5651 5652
f 5650 5652 5649
f 5236 5652 5651
f 5236 5237 5652
f 5236 5651 5215
f 5215 5651 5628
f 5628 5651 5623
f 5242 5653 5241
f 5242 5654 5653
f 5242 5221 5654
f 5221 5629 5654
f 5629 5655 5654
f 5629 5656 5655
f 5654 5655 5653
f 5629 5631 5656
f 5657 5659 5658
f 5657 5660 5659
f 5657 5661 5660
f 5657 5662 5661
f 5636 5662 5657
f 5636 5637 5662
f 5636 5657 5658
f 5636 5658 5635
f 5637 5663 5662
f 5662 5663 5664
f 5662 5664 5661
f 5244 5664 5663
f 5244 5245 5664
f 5244 5663 5225
f 5225 5663 5640
f 5640 5663 5637
f 5252 5665 5253
f 5252 5666 5665
f 5252 5232 5666
f 5232 5641 5666
f 5641 5667 5666
f 5641 5668 5667
f 5666 5667 5665
f 5641 5644 5668
f 5648 5649 5669
f 5648 5669 5647
f 5649 5670 5671
f 5649 5671 5669
f 5670 5672 5671
f 5256 5672 5670
f 5256 5257 5672
f 5256 5670 5237
f 5237 5670 5652
f 5652 5670 5649
f 5263 5673 5264
f 5263 5265 5673
f 5674 5675 5676
f 5265 5676 5673
f 5265 5674 5676
f 5265 5266 5674
f 5266 5241 5674
f 5241 5653 5677
f 5241 5677 5674
f 5674 5677 5675
f 5653 5678 5677
f 5653 5655 5678
f 5660 5661 5679
f 5660 5679 5659
f 5661 5680 5681
f 5661 5681 5679
f 5680 5682 5681
f 5680 5683 5682
f 5245 5683 5680
f 5245 5267 5683
f 5245 5680 5664
f 5664 5680 5661
f 5267 5684 5683
f 5267 5269 5684
f 5685 5686 5687
f 5685 5687 5688
f 5275 5688 5276
f 5275 5685 5688
f 5275 5253 5685
f 5253 5665 5689
f 5253 5689 5685
f 5685 5689 5686
f 5665 5690 5689
f 5665 5667 5690
f 5257 5277 5691
f 5257 5692 5672
f 5257 5691 5692
f 5672 5692 5671
f 5691 5693 5692
f 5691 5694 5693
f 5691 5277 5694
f 5277 5695 5694
f 5277 5278 5695
f 5278 5280 5695
f 5280 5696 5695
f 5280 5697 5696
f 5280 5281 5697
f 5281 5284 5697
f 5698 5699 5700
f 5284 5700 5697
f 5284 5698 5700
f 5284 5285 5698
f 5285 5287 5701
f 5285 5701 5698
f 5698 5701 5702
f 5698 5702 5699
f 5701 5703 5702
f 5701 5704 5703
f 5701 5287 5704
f 5287 5288 5704
f 5288 5264 5704
f 5264 5673 5705
f 5264 5705 5704
f 5704 5705 5703
f 5673 5706 5705
f 5673 5676 5706
f 5682 5683 5707
f 5682 5707 5681
f 5683 5708 5707
f 5269 5289 5709
f 5269 5710 5684
f 5269 5709 5710
f 5684 5708 5683
f 5684 5710 5708
f 5709 5711 5710
f 5709 5712 5711
f 5709 5289 5712
f 5289 5713 5712
f 5289 5290 5713
f 5290 5292 5713
f 5292 5714 5713
f 5292 5715 5714
f 5292 5293 5715
f 5293 5296 5715
f 5716 5717 5718
f 5296 5718 5715
f 5296 5716 5718
f 5296 5297 5716
f 5297 5299 5719
f 5297 5719 5716
f 5716 5719 5720
f 5716 5720 5717
f 5719 5721 5720
f 5719 5722 5721
f 5719 5299 5722
f 5299 5300 5722
f 5300 5276 5722
f 5276 5688 5722
f 5688 5687 5721
f 5688 5721 5722
f 5694 5695 5723
f 5694 5723 5693
f 5695 5724 5723
f 5696 5697 5725
f 5696 5724 5695
f 5696 5725 5724
f 5697 5726 5725
f 5697 5700 5726
f 5712 5713 5727
f 5712 5727 5711
f 5713 5728 5727
f 5714 5715 5729
f 5714 5728 5713
f 5714 5729 5728
f 5715 5730 5729
f 5715 5718 5730
f 5731 5733 5732
f 5731 5734 5733
f 5731 5735 5734
f 5731 5736 5735
f 5731 5737 5736
f 5731 5732 5737
f 5736 5739 5738
f 5736 5737 5739
f 5736 5738 5740
f 5736 5740 5735
f 5302 5740 5738
f 5302 5303 5740
f 5302 5738 5741
f 5302 5741 5307
f 5738 5742 5741
f 5738 5739 5742
f 5741 5744 5743
f 5741 5742 5744
f 5741 5743 5307
f 5307 5743 5309
f 5309 5743 5745
f 5309 5745 5313
f 5743 5746 5745
f 5743 5744 5746
f 5745 5748 5747
f 5745 5746 5748
f 5745 5747 5313
f 5313 5747 5749
f 5313 5749 5314
f 5747 5750 5749
f 5747 5751 5750
f 5747 5748 5751
f 5750 5751 5752
f 5750 5752 5749
f 5753 5755 5754
f 5753 5756 5755
f 5753 5757 5756
f 5753 5758 5757
f 5753 5759 5758
f 5753 5754 5759
f 5758 5761 5760
f 5758 5759 5761
f 5758 5760 5762
f 5758 5762 5757
f 5316 5762 5760
f 5316 5317 5762
f 5316 5760 5763
f 5316 5763 5321
f 5760 5764 5763
f 5760 5761 5764
f 5763 5766 5765
f 5763 5764 5766
f 5763 5765 5321
f 5321 5765 5323
f 5323 5765 5767
f 5323 5767 5327
f 5765 5768 5767
f 5765 5766 5768
f 5767 5770 5769
f 5767 5768 5770
f 5767 5769 5327
f 5327 5769 5771
f 5327 5771 5328
f 5769 5772 5771
f 5769 5773 5772
f 5769 5770 5773
f 5772 5773 5774
f 5772 5774 5771
f 5775 5777 5776
f 5775 5778 5777
f 5775 5779 5778
f 5775 5780 5779
f 5775 5781 5780
f 5775 5776 5781
f 5780 5783 5782
f 5780 5781 5783
f 5780 5782 5784
f 5780 5784 5779
f 5330 5784 5782
f 5330 5331 5784
f 5330 5782 5785
f 5330 5785 5334
f 5734 5785 5782
f 5734 5735 5785
f 5734 5782 5783
f 5734 5783 5733
f 5735 5786 5785
f 5785 5786 5334
f 5334 5786 5336
f 5336 5786 5303
f 5303 5786 5740
f 5740 5786 5735
f 5314 5787 5342
f 5314 5749 5787
f 5749 5788 5787
f 5787 5788 5342
f 5342 5788 5344
f 5344 5788 5789
f 5344 5789 5347
f 5788 5790 5789
f 5749 5790 5788
f 5749 5752 5790
f 5789 5792 5791
f 5789 5790 5792
f 5789 5791 5347
f 5347 5791 5793
f 5347 5793 5348
f 5791 5794 5793
f 5791 5795 5794
f 5791 5792 5795
f 5794 5795 5796
f 5794 5796 5793
f 5797 5799 5798
f 5797 5800 5799
f 5797 5801 5800
f 5797 5802 5801
f 5797 5803 5802
f 5797 5798 5803
f 5802 5805 5804
f 5802 5803 5805
f 5802 5804 5806
f 5802 5806 5801
f 5350 5806 5804
f 5350 5351 5806
f 5350 5804 5807
f 5350 5807 5355
f 5804 5808 5807
f 5804 5805 5808
f 5807 5810 5809
f 5807 5808 5810
f 5807 5809 5355
f 5355 5809 5357
f 5357 5809 5811
f 5357 5811 5360
f 5756 5811 5809
f 5756 5757 5811
f 5756 5809 5810
f 5756 5810 5755
f 5757 5812 5811
f 5811 5812 5360
f 5360 5812 5362
f 5362 5812 5317
f 5317 5812 5762
f 5762 5812 5757
f 5328 5813 5368
f 5328 5771 5813
f 5771 5814 5813
f 5813 5814 5368
f 5368 5814 5815
f 5368 5815 5369
f 5814 5816 5815
f 5814 5817 5816
f 5771 5817 5814
f 5771 5774 5817
f 5816 5817 5818
f 5816 5818 5815
f 5819 5821 5820
f 5819 5822 5821
f 5372 5822 5819
f 5372 5373 5822
f 5372 5819 5823
f 5372 5823 5377
f 5778 5823 5819
f 5778 5779 5823
f 5778 5819 5820
f 5778 5820 5777
f 5779 5824 5823
f 5823 5824 5377
f 5377 5824 5379
f 5379 5824 5331
f 5331 5824 5784
f 5784 5824 5779
f 5348 5825 5385
f 5348 5793 5825
f 5793 5826 5825
f 5825 5826 5385
f 5385 5826 5827
f 5385 5827 5386
f 5826 5828 5827
f 5826 5829 5828
f 5793 5829 5826
f 5793 5796 5829
f 5828 5831 5830
f 5828 5829 5831
f 5828 5830 5832
f 5828 5832 5827
f 5830 5833 5832
f 5830 5834 5833
f 5830 5835 5834
f 5830 5831 5835
f 5834 5835 5836
f 5834 5836 5833
f 5837 5839 5838
f 5837 5840 5839
f 5837 5841 5840
f 5837 5842 5841
f 5837 5843 5842
f 5837 5838 5843
f 5842 5845 5844
f 5842 5843 5845
f 5842 5844 5846
f 5842 5846 5841
f 5844 5847 5846
f 5844 5848 5847
f 5844 5849 5848
f 5844 5845 5849
f 5848 5851 5850
f 5848 5849 5851
f 5848 5850 5852
f 5848 5852 5847
f 5388 5852 5850
f 5388 5389 5852
f 5388 5850 5853
f 5388 5853 5393
f 5800 5853 5850
f 5800 5801 5853
f 5800 5850 5851
f 5800 5851 5799
f 5801 5854 5853
f 5853 5854 5393
f 5393 5854 5395
f 5395 5854 5351
f 5351 5854 5806
f 5806 5854 5801
f 5369 5855 5401
f 5369 5815 5855
f 5815 5856 5855
f 5815 5857 5856
f 5855 5858 5401
f 5855 5856 5858
f 5401 5858 5402
f 5815 5818 5857
f 5859 5861 5860
f 5859 5862 5861
f 5404 5862 5859
f 5404 5405 5862
f 5404 5859 5373
f 5373 5859 5822
f 5822 5859 5860
f 5822 5860 5821
f 5414 5863 5413
f 5414 5864 5863
f 5414 5386 5864
f 5386 5827 5864
f 5827 5865 5864
f 5864 5865 5866
f 5864 5866 5863
f 5865 5867 5866
f 5865 5868 5867
f 5832 5868 5865
f 5832 5833 5868
f 5832 5865 5827
f 5833 5869 5868
f 5833 5870 5869
f 5868 5869 5867
f 5833 5836 5870
f 5871 5873 5872
f 5871 5874 5873
f 5871 5875 5874
f 5871 5876 5875
f 5840 5876 5871
f 5840 5841 5876
f 5840 5871 5872
f 5840 5872 5839
f 5841 5877 5876
f 5876 5877 5878
f 5876 5878 5875
f 5877 5879 5878
f 5877 5880 5879
f 5846 5880 5877
f 5846 5847 5880
f 5846 5877 5841
f 5847 5881 5880
f 5880 5881 5882
f 5880 5882 5879
f 5416 5882 5881
f 5416 5417 5882
f 5416 5881 5389
f 5389 5881 5852
f 5852 5881 5847
f 5883 5884 5885
f 5883 5885 5886
f 5426 5886 5425
f 5426 5883 5886
f 5426 5402 5883
f 5402 5858 5883
f 5858 5856 5884
f 5858 5884 5883
f 5887 5889 5888
f 5887 5890 5889
f 5887 5891 5890
f 5405 5891 5887
f 5405 5427 5891
f 5405 5887 5862
f 5862 5887 5888
f 5862 5888 5861
f 5427 5892 5891
f 5427 5429 5892
f 5434 5893 5433
f 5434 5894 5893
f 5434 5413 5894
f 5413 5863 5894
f 5863 5895 5894
f 5863 5896 5895
f 5894 5895 5893
f 5866 5867 5897
f 5866 5896 5863
f 5866 5897 5896
f 5867 5898 5897
f 5867 5869 5898
f 5874 5875 5899
f 5874 5899 5873
f 5875 5900 5901
f 5875 5901 5899
f 5900 5902 5901
f 5900 5903 5902
f 5900 5904 5903
f 5878 5904 5900
f 5878 5879 5904
f 5878 5900 5875
f 5879 5905 5904
f 5904 5905 5906
f 5904 5906 5903
f 5436 5906 5905
f 5436 5437 5906
f 5436 5905 5417
f 5417 5905 5882
f 5882 5905 5879
f 5444 5907 5445
f 5444 5447 5907
f 5908 5909 5910
f 5447 5910 5907
f 5447 5908 5910
f 5447 5448 5908
f 5448 5425 5908
f 5425 5886 5908
f 5886 5885 5909
f 5886 5909 5908
f 5890 5891 5911
f 5890 5911 5889
f 5891 5912 5913
f 5891 5913 5911
f 5912 5914 5913
f 5450 5914 5912
f 5450 5451 5914
f 5450 5912 5429
f 5429 5912 5892
f 5892 5912 5891
f 5457 5915 5458
f 5457 5459 5915
f 5916 5917 5918
f 5459 5918 5915
f 5459 5916 5918
f 5459 5460 5916
f 5460 5433 5916
f 5433 5893 5919
f 5433 5919 5916
f 5916 5919 5917
f 5893 5920 5919
f 5893 5895 5920
f 5902 5903 5921
f 5902 5921 5901
f 5903 5922 5923
f 5903 5923 5921
f 5922 5924 5923
f 5922 5925 5924
f 5437 5925 5922
f 5437 5461 5925
f 5437 5922 5906
f 5906 5922 5903
f 5461 5926 5925
f 5461 5463 5926
f 5927 5928 5929
f 5927 5929 5930
f 5469 5930 5470
f 5469 5927 5930
f 5469 5445 5927
f 5445 5907 5931
f 5445 5931 5927
f 5927 5931 5928
f 5907 5932 5931
f 5907 5910 5932
f 5933 5935 5934
f 5933 5936 5935
f 5933 5937 5936
f 5451 5937 5933
f 5451 5471 5937
f 5451 5933 5914
f 5914 5933 5934
f 5914 5934 5913
f 5471 5938 5937
f 5471 5473 5938
f 5481 5939 5482
f 5481 5483 5939
f 5940 5941 5942
f 5483 5942 5939
f 5483 5940 5942
f 5483 5484 5940
f 5484 5458 5940
f 5458 5915 5943
f 5458 5943 5940
f 5940 5943 5941
f 5915 5944 5943
f 5915 5918 5944
f 5924 5925 5945
f 5924 5945 5923
f 5925 5946 5947
f 5925 5947 5945
f 5946 5948 5947
f 5946 5949 5948
f 5463 5949 5946
f 5463 5485 5949
f 5463 5946 5926
f 5926 5946 5925
f 5485 5950 5949
f 5485 5487 5950
f 5495 5951 5496
f 5495 5497 5951
f 5952 5953 5954
f 5497 5954 5951
f 5497 5952 5954
f 5497 5498 5952
f 5498 5470 5952
f 5470 5930 5952
f 5930 5929 5953
f 5930 5953 5952
f 5936 5937 5955
f 5936 5955 5935
f 5937 5956 5957
f 5937 5957 5955
f 5956 5958 5957
f 5956 5959 5958
f 5473 5959 5956
f 5473 5499 5959
f 5473 5956 5938
f 5938 5956 5937
f 5499 5960 5959
f 5499 5961 5960
f 5499 5500 5961
f 5500 5501 5961
f 5501 5962 5961
f 5501 5963 5962
f 5501 5502 5963
f 5502 5503 5963
f 5964 5965 5966
f 5503 5966 5963
f 5503 5964 5966
f 5503 5504 5964
f 5504 5482 5964
f 5482 5939 5967
f 5482 5967 5964
f 5964 5967 5965
f 5939 5968 5967
f 5939 5942 5968
f 5948 5949 5969
f 5948 5969 5947
f 5949 5970 5971
f 5949 5971 5969
f 5970 5972 5971
f 5970 5973 5972
f 5487 5973 5970
f 5487 5505 5973
f 5487 5970 5950
f 5950 5970 5949
f 5505 5974 5973
f 5505 5975 5974
f 5505 5506 5975
f 5506 5507 5975
f 5507 5976 5975
f 5507 5977 5976
f 5507 5508 5977
f 5508 5509 5977
f 5978 5979 5980
f 5509 5980 5977
f 5509 5978 5980
f 5509 5510 5978
f 5510 5496 5978
f 5496 5951 5981
f 5496 5981 5978
f 5978 5981 5979
f 5951 5982 5981
f 5951 5954 5982
f 5983 5985 5984
f 5983 5986 5985
f 5983 5987 5986
f 5983 5988 5987
f 5958 5988 5983
f 5958 5959 5988
f 5958 5983 5984
f 5958 5984 5957
f 5959 5989 5988
f 5988 5989 5990
f 5988 5990 5987
f 5989 5991 5990
f 5989 5992 5991
f 5960 5992 5989
f 5960 5961 5992
f 5960 5989 5959
f 5961 5993 5992
f 5961 5994 5993
f 5992 5993 5991
f 5962 5963 5995
f 5962 5994 5961
f 5962 5995 5994
f 5963 5996 5995
f 5963 5966 5996
f 5972 5973 5997
f 5972 5997 5971
f 5973 5998 5999
f 5973 5999 5997
f 5998 6000 5999
f 5998 6001 6000
f 5998 6002 6001
f 5974 6002 5998
f 5974 5975 6002
f 5974 5998 5973
f 5975 6003 6002
f 6002 6003 6004
f 6002 6004 6001
f 6003 6005 6004
f 6003 6006 6005
f 5976 6006 6003
f 5976 5977 6006
f 5976 6003 5975
f 5977 6007 6006
f 5977 6008 6007
f 6006 6007 6005
f 5977 5980 6008
f 5986 5987 6009
f 5986 6009 5985
f 5987 6010 6009
f 5990 5991 6011
f 5990 6010 5987
f 5990 6011 6010
f 5991 6012 6011
f 5991 5993 6012
f 6000 6001 6013
f 6000 6013 5999
f 6001 6014 6013
f 6004 6005 6015
f 6004 6014 6001
f 6004 6015 6014
f 6005 6016 6015
f 6005 6007 6016
f 6017 6019 6018
f 6017 6020 6019
f 6017 6021 6020
f 6017 6022 6021
f 6017 6023 6022
f 6017 6018 6023
f 6022 6025 6024
f 6022 6023 6025
f 6022 6024 6026
f 6022 6026 6021
f 6024 6027 6026
f 6024 6028 6027
f 6024 6029 6028
f 6024 6025 6029
f 6028 6029 6030
f 6028 6030 6027
f 6031 6033 6032
f 6031 6034 6033
f 6031 6035 6034
f 6031 6036 6035
f 6031 6037 6036
f 6031 6032 6037
f 6036 6039 6038
f 6036 6037 6039
f 6036 6038 6040
f 6036 6040 6035
f 6038 6041 6040
f 6038 6042 6041
f 6038 6043 6042
f 6038 6039 6043
f 6042 6043 6044
f 6042 6044 6041
f 6045 6047 6046
f 6045 6048 6047
f 6045 6049 6048
f 6045 6050 6049
f 6020 6050 6045
f 6020 6021 6050
f 6020 6045 6046
f 6020 6046 6019
f 6021 6051 6050
f 6050 6051 6052
f 6050 6052 6049
f 6051 6053 6052
f 6051 6054 6053
f 6026 6054 6051
f 6026 6027 6054
f 6026 6051 6021
f 6027 6055 6054
f 6054 6055 6056
f 6054 6056 6053
f 6055 6057 6056
f 6055 6058 6057
f 6055 6059 6058
f 6027 6059 6055
f 6027 6030 6059
f 6058 6059 6060
f 6058 6060 6057
f 6061 6063 6062
f 6061 6064 6063
f 6061 6065 6064
f 6061 6066 6065
f 6061 6067 6066
f 6061 6062 6067
f 6066 6069 6068
f 6066 6067 6069
f 6066 6068 6070
f 6066 6070 6065
f 6068 6071 6070
f 6068 6072 6071
f 6034 6072 6068
f 6034 6035 6072
f 6034 6068 6069
f 6034 6069 6033
f 6035 6073 6072
f 6072 6073 6074
f 6072 6074 6071
f 6073 6075 6074
f 6073 6076 6075
f 6040 6076 6073
f 6040 6041 6076
f 6040 6073 6035
f 6041 6077 6076
f 6041 6078 6077
f 6076 6077 6075
f 6041 6044 6078
f 6079 6081 6080
f 6079 6082 6081
f 6079 6083 6082
f 6079 6084 6083
f 6079 6085 6084
f 6079 6080 6085
f 6084 6087 6086
f 6084 6085 6087
f 6084 6086 6088
f 6084 6088 6083
f 5512 6088 6086
f 5512 5513 6088
f 5512 6086 6089
f 5512 6089 5517
f 6048 6089 6086
f 6048 6049 6089
f 6048 6086 6087
f 6048 6087 6047
f 6049 6090 6089
f 6089 6090 5517
f 5517 6090 5519
f 5519 6090 6091
f 5519 6091 5523
f 6052 6091 6090
f 6052 6053 6091
f 6052 6090 6049
f 6053 6092 6091
f 6091 6092 5523
f 5523 6092 5525
f 5525 6092 6093
f 5525 6093 5529
f 6056 6093 6092
f 6056 6057 6093
f 6056 6092 6053
f 6057 6094 6093
f 6093 6094 5529
f 5529 6094 6095
f 5529 6095 5530
f 6094 6096 6095
f 6094 6097 6096
f 6057 6097 6094
f 6057 6060 6097
f 6096 6097 6098
f 6096 6098 6095
f 6099 6101 6100
f 6099 6102 6101
f 6099 6103 6102
f 6099 6104 6103
f 6099 6105 6104
f 6099 6100 6105
f 6104 6107 6106
f 6104 6105 6107
f 6104 6106 6108
f 6104 6108 6103
f 5532 6108 6106
f 5532 5533 6108
f 5532 6106 6109
f 5532 6109 5537
f 6064 6109 6106
f 6064 6065 6109
f 6064 6106 6107
f 6064 6107 6063
f 6065 6110 6109
f 6109 6110 5537
f 5537 6110 5539
f 5539 6110 6111
f 5539 6111 5543
f 6070 6111 6110
f 6070 6071 6111
f 6070 6110 6065
f 6071 6112 6111
f 6111 6112 5543
f 5543 6112 5545
f 5545 6112 6113
f 5545 6113 5549
f 6074 6113 6112
f 6074 6075 6113
f 6074 6112 6071
f 6075 6114 6113
f 6113 6114 5549
f 5549 6114 6115
f 5549 6115 5550
f 6114 6116 6115
f 6114 6117 6116
f 6075 6117 6114
f 6075 6077 6117
f 6116 6117 6118
f 6116 6118 6115
f 6119 6121 6120
f 6119 6122 6121
f 5552 6122 6119
f 5552 5553 6122
f 5552 6119 6123
f 5552 6123 5557
f 6082 6123 6119
f 6082 6083 6123
f 6082 6119 6120
f 6082 6120 6081
f 6083 6124 6123
f 6123 6124 5557
f 5557 6124 5559
f 5559 6124 5513
f 5513 6124 6088
f 6088 6124 6083
f 5530 6125 5569
f 5530 6095 6125
f 6095 6126 6125
f 6125 6126 5569
f 5569 6126 6127
f 5569 6127 5570
f 6126 6128 6127
f 6126 6129 6128
f 6095 6129 6126
f 6095 6098 6129
f 6128 6129 6130
f 6128 6130 6127
f 6131 6133 6132
f 6131 6134 6133
f 6131 6135 6134
f 6131 6136 6135
f 6131 6137 6136
f 6131 6132 6137
f 6136 6139 6138
f 6136 6137 6139
f 6136 6138 6140
f 6136 6140 6135
f 5572 6140 6138
f 5572 5573 6140
f 5572 6138 6141
f 5572 6141 5577
f 6102 6141 6138
f 6102 6103 6141
f 6102 6138 6139
f 6102 6139 6101
f 6103 6142 6141
f 6141 6142 5577
f 5577 6142 5579
f 5579 6142 5533
f 5533 6142 6108
f 6108 6142 6103
f 5550 6143 5589
f 5550 6115 6143
f 6115 6144 6143
f 6115 6145 6144
f 6143 6146 5589
f 6143 6144 6146
f 5589 6146 5590
f 6115 6118 6145
f 6147 6149 6148
f 6147 6150 6149
f 6147 6151 6150
f 6147 6152 6151
f 6147 6153 6152
f 6147 6148 6153
f 6152 6155 6154
f 6152 6153 6155
f 6152 6154 6156
f 6152 6156 6151
f 5592 6156 6154
f 5592 5593 6156
f 5592 6154 5553
f 5553 6154 6122
f 6122 6154 6155
f 6122 6155 6121
f 5570 6157 5601
f 5570 6127 6157
f 6127 6158 6157
f 6157 6158 5601
f 5601 6158 6159
f 5601 6159 5602
f 6158 6160 6159
f 6158 6161 6160
f 6127 6161 6158
f 6127 6130 6161
f 6160 6161 6162
f 6160 6162 6159
f 6163 6165 6164
f 6163 6166 6165
f 6163 6167 6166
f 6163 6168 6167
f 6163 6169 6168
f 6163 6164 6169
f 6168 6171 6170
f 6168 6169 6171
f 6168 6170 6172
f 6168 6172 6167
f 5604 6172 6170
f 5604 5605 6172
f 5604 6170 6173
f 5604 6173 5609
f 6134 6173 6170
f 6134 6135 6173
f 6134 6170 6171
f 6134 6171 6133
f 6135 6174 6173
f 6173 6174 5609
f 5609 6174 5611
f 5611 6174 5573
f 5573 6174 6140
f 6140 6174 6135
f 5617 6175 5616
f 5617 6176 6175
f 5617 5590 6176
f 5590 6177 6176
f 5590 6146 6177
f 6146 6144 6177
f 6176 6177 6178
f 6176 6178 6175
f 6179 6181 6180
f 6179 6182 6181
f 5620 6182 6179
f 5620 5621 6182
f 5620 6179 6183
f 5620 6183 5625
f 6150 6183 6179
f 6150 6151 6183
f 6150 6179 6180
f 6150 6180 6149
f 6151 6184 6183
f 6183 6184 5625
f 5625 6184 5627
f 5627 6184 5593
f 5593 6184 6156
f 6156 6184 6151
f 5632 6185 5631
f 5632 6186 6185
f 5632 5602 6186
f 5602 6159 6186
f 6159 6187 6186
f 6186 6187 6188
f 6186 6188 6185
f 6187 6189 6188
f 6187 6190 6189
f 6187 6191 6190
f 6159 6191 6187
f 6159 6162 6191
f 6190 6191 6192
f 6190 6192 6189
f 6193 6195 6194
f 6193 6196 6195
f 6193 6197 6196
f 6193 6198 6197
f 6193 6199 6198
f 6193 6194 6199
f 6198 6201 6200
f 6198 6199 6201
f 6198 6200 6202
f 6198 6202 6197
f 6200 6203 6202
f 6200 6204 6203
f 6166 6204 6200
f 6166 6167 6204
f 6166 6200 6201
f 6166 6201 6165
f 6167 6205 6204
f 6204 6205 6206
f 6204 6206 6203
f 5634 6206 6205
f 5634 5635 6206
f 5634 6205 5605
f 5605 6205 6172
f 6172 6205 6167
f 5616 6207 5643
f 5616 6175 6207
f 6175 6208 6207
f 6175 6209 6208
f 6207 6210 5643
f 6207 6208 6210
f 5643 6210 5644
f 6175 6178 6209
f 6211 6213 6212
f 6211 6214 6213
f 5646 6214 6211
f 5646 5647 6214
f 5646 6211 5621
f 5621 6211 6182
f 6182 6211 6212
f 6182 6212 6181
f 5656 6215 5655
f 5656 6216 6215
f 5656 5631 6216
f 5631 6185 6216
f 6185 6217 6216
f 6216 6217 6218
f 6216 6218 6215
f 6217 6219 6218
f 6217 6220 6219
f 6188 6220 6217
f 6188 6189 6220
f 6188 6217 6185
f 6189 6221 6220
f 6189 6222 6221
f 6220 6221 6219
f 6189 6192 6222
f 6223 6225 6224
f 6223 6226 6225
f 6223 6227 6226
f 6223 6228 6227
f 6196 6228 6223
f 6196 6197 6228
f 6196 6223 6224
f 6196 6224 6195
f 6197 6229 6228
f 6228 6229 6230
f 6228 6230 6227
f 6229 6231 6230
f 6229 6232 6231
f 6202 6232 6229
f 6202 6203 6232
f 6202 6229 6197
f 6203 6233 6232
f 6232 6233 6234
f 6232 6234 6231
f 5658 6234 6233
f 5658 5659 6234
f 5658 6233 5635
f 5635 6233 6206
f 6206 6233 6203
f 6235 6236 6237
f 6235 6237 6238
f 5668 6238 5667
f 5668 6235 6238
f 5668 5644 6235
f 5644 6210 6235
f 6210 6208 6236
f 6210 6236 6235
f 6239 6241 6240
f 6239 6242 6241
f 6239 6243 6242
f 5647 6243 6239
f 5647 5669 6243
f 5647 6239 6214
f 6214 6239 6240
f 6214 6240 6213
f 5669 6244 6243
f 5669 5671 6244
f 5675 6245 5676
f 5675 5677 6245
f 6246 6247 6248
f 5677 6248 6245
f 5677 6246 6248
f 5677 5678 6246
f 5678 5655 6246
f 5655 6215 6249
f 5655 6249 6246
f 6246 6249 6247
f 6215 6250 6249
f 6218 6219 6251
f 6218 6250 6215
f 6218 6251 6250
f 6219 6252 6251
f 6219 6221 6252
f 6226 6227 6253
f 6226 6253 6225
f 6227 6254 6253
f 6230 6231 6255
f 6230 6254 6227
f 6230 6255 6254
f 6231 6256 6257
f 6231 6257 6255
f 6256 6258 6257
f 6256 6259 6258
f 5659 6259 6256
f 5659 5679 6259
f 5659 6256 6234
f 6234 6256 6231
f 5679 6260 6259
f 5679 5681 6260
f 5686 6261 5687
f 5686 5689 6261
f 6262 6263 6264
f 5689 6264 6261
f 5689 6262 6264
f 5689 5690 6262
f 5690 5667 6262
f 5667 6238 6262
f 6238 6237 6263
f 6238 6263 6262
f 6242 6243 6265
f 6242 6265 6241
f 6243 6266 6267
f 6243 6267 6265
f 6266 6268 6267
f 6266 6269 6268
f 5671 6269 6266
f 5671 5692 6269
f 5671 6266 6244
f 6244 6266 6243
f 5692 6270 6269
f 5692 5693 6270
f 5699 6271 5700
f 5699 5702 6271
f 6272 6273 6274
f 5702 6274 6271
f 5702 6272 6274
f 5702 5703 6272
f 5703 5705 6275
f 5703 6275 6272
f 6272 6275 6276
f 6272 6276 6273
f 6275 6277 6276
f 6275 6278 6277
f 6275 5705 6278
f 5705 5706 6278
f 5706 5676 6278
f 5676 6245 6279
f 5676 6279 6278
f 6278 6279 6277
f 6245 6280 6279
f 6245 6248 6280
f 6258 6259 6281
f 6258 6281 6257
f 6259 6282 6281
f 5681 5707 6283
f 5681 6284 6260
f 5681 6283 6284
f 6260 6282 6259
f 6260 6284 6282
f 6283 6285 6284
f 6283 6286 6285
f 6283 5707 6286
f 5707 6287 6286
f 5707 5708 6287
f 5708 5710 6287
f 5710 6288 6287
f 5710 5711 6288
f 5717 6289 5718
f 5717 5720 6289
f 6290 6291 6292
f 5720 6292 6289
f 5720 6290 6292
f 5720 5721 6290
f 5721 5687 6290
f 5687 6261 6293
f 5687 6293 6290
f 6290 6293 6291
f 6261 6294 6293
f 6261 6264 6294
f 6268 6269 6295
f 6268 6295 6267
f 6269 6296 6295
f 5693 5723 6297
f 5693 6298 6270
f 5693 6297 6298
f 6270 6296 6269
f 6270 6298 6296
f 6297 6299 6298
f 6297 6300 6299
f 6297 5723 6300
f 5723 5724 6300
f 5724 5725 6301
f 5724 6301 6300
f 6300 6301 6302
f 6300 6302 6299
f 6301 6303 6302
f 6301 6304 6303
f 6301 5725 6304
f 5725 5726 6304
f 5726 5700 6304
f 5700 6271 6305
f 5700 6305 6304
f 6304 6305 6303
f 6271 6306 6305
f 6271 6274 6306
f 6286 6287 6307
f 6286 6307 6285
f 6287 6308 6307
f 5711 5727 6309
f 5711 6310 6288
f 5711 6309 6310
f 6288 6308 6287
f 6288 6310 6308
f 6309 6311 6310
f 6309 6312 6311
f 6309 5727 6312
f 5727 5728 6312
f 5728 5729 6313
f 5728 6313 6312
f 6312 6313 6314
f 6312 6314 6311
f 6313 6315 6314
f 6313 6316 6315
f 6313 5729 6316
f 5729 5730 6316
f 5730 5718 6316
f 5718 6289 6317
f 5718 6317 6316
f 6316 6317 6315
f 6289 6318 6317
f 6289 6292 6318
f 6319 6321 6320
f 6319 6322 6321
f 5732 6322 6319
f 5732 5733 6322
f 5732 6319 6323
f 5732 6323 5737
f 6319 6324 6323
f 6319 6320 6324
f 6323 6326 6325
f 6323 6324 6326
f 6323 6325 5737
f 5737 6325 5739
f 5739 6325 6327
f 5739 6327 5742
f 6325 6328 6327
f 6325 6326 6328
f 6327 6330 6329
f 6327 6328 6330
f 6327 6329 5742
f 5742 6329 5744
f 5744 6329 6331
f 5744 6331 5746
f 6329 6332 6331
f 6329 6330 6332
f 6331 6334 6333
f 6331 6332 6334
f 6331 6333 5746
f 5746 6333 5748
f 5748 6333 6335
f 5748 6335 5751
f 6333 6336 6335
f 6333 6334 6336
f 6335 6338 6337
f 6335 6336 6338
f 6335 6337 5751
f 5751 6337 6339
f 5751 6339 5752
f 6337 6340 6339
f 6337 6341 6340
f 6337 6338 6341
f 6340 6341 6342
f 6340 6342 6339
f 6343 6345 6344
f 6343 6346 6345
f 6343 6347 6346
f 6343 6348 6347
f 6343 6349 6348
f 6343 6344 6349
f 6348 6351 6350
f 6348 6349 6351
f 6348 6350 6352
f 6348 6352 6347
f 5754 6352 6350
f 5754 5755 6352
f 5754 6350 6353
f 5754 6353 5759
f 6350 6354 6353
f 6350 6351 6354
f 6353 6356 6355
f 6353 6354 6356
f 6353 6355 5759
f 5759 6355 5761
f 5761 6355 6357
f 5761 6357 5764
f 6355 6358 6357
f 6355 6356 6358
f 6357 6360 6359
f 6357 6358 6360
f 6357 6359 5764
f 5764 6359 5766
f 5766 6359 6361
f 5766 6361 5768
f 6359 6362 6361
f 6359 6360 6362
f 6361 6364 6363
f 6361 6362 6364
f 6361 6363 5768
f 5768 6363 5770
f 5770 6363 6365
f 5770 6365 5773
f 6363 6366 6365
f 6363 6364 6366
f 6365 6366 6367
f 6365 6368 5773
f 6365 6367 6368
f 5773 6368 5774
f 6369 6371 6370
f 6369 6372 6371
f 5776 6372 6369
f 5776 5777 6372
f 5776 6369 6373
f 5776 6373 5781
f 6369 6374 6373
f 6369 6370 6374
f 6373 6376 6375
f 6373 6374 6376
f 6373 6375 5781
f 5781 6375 5783
f 5783 6375 5733
f 5733 6375 6322
f 6322 6375 6376
f 6322 6376 6321
f 5752 6377 5790
f 5752 6339 6377
f 6339 6378 6377
f 6377 6378 5790
f 5790 6378 5792
f 5792 6378 6379
f 5792 6379 5795
f 6378 6380 6379
f 6339 6380 6378
f 6339 6342 6380
f 6379 6382 6381
f 6379 6380 6382
f 6379 6381 5795
f 5795 6381 6383
f 5795 6383 5796
f 6381 6384 6383
f 6381 6385 6384
f 6381 6382 6385
f 6384 6385 6386
f 6384 6386 6383
f 6387 6389 6388
f 6387 6390 6389
f 6387 6391 6390
f 6387 6392 6391
f 6387 6393 6392
f 6387 6388 6393
f 6392 6395 6394
f 6392 6393 6395
f 6392 6394 6396
f 6392 6396 6391
f 5798 6396 6394
f 5798 5799 6396
f 5798 6394 6397
f 5798 6397 5803
f 6394 6398 6397
f 6394 6395 6398
f 6397 6400 6399
f 6397 6398 6400
f 6397 6399 5803
f 5803 6399 5805
f 5805 6399 6401
f 5805 6401 5808
f 6346 6401 6399
f 6346 6347 6401
f 6346 6399 6400
f 6346 6400 6345
f 6347 6402 6401
f 6401 6402 5808
f 5808 6402 5810
f 5810 6402 5755
f 5755 6402 6352
f 6352 6402 6347
f 5774 6403 5817
f 5774 6404 6403
f 5774 6368 6404
f 6368 6367 6404
f 6403 6404 6405
f 6403 6406 5817
f 6403 6405 6406
f 5817 6406 5818
f 6407 6409 6408
f 6407 6410 6409
f 5820 6410 6407
f 5820 5821 6410
f 5820 6407 5777
f 5777 6407 6372
f 6372 6407 6408
f 6372 6408 6371
f 5796 6411 5829
f 5796 6383 6411
f 6383 6412 6411
f 6411 6412 5829
f 5829 6412 5831
f 5831 6412 6413
f 5831 6413 5835
f 6412 6414 6413
f 6383 6414 6412
f 6383 6386 6414
f 6413 6416 6415
f 6413 6414 6416
f 6413 6415 5835
f 5835 6415 6417
f 5835 6417 5836
f 6415 6418 6417
f 6415 6419 6418
f 6415 6416 6419
f 6418 6421 6420
f 6418 6419 6421
f 6418 6420 6422
f 6418 6422 6417
f 6420 6423 6422
f 6420 6424 6423
f 6420 6425 6424
f 6420 6421 6425
f 6424 6427 6426
f 6424 6425 6427
f 6424 6426 6428
f 6424 6428 6423
f 5838 6428 6426
f 5838 5839 6428
f 5838 6426 6429
f 5838 6429 5843
f 6426 6430 6429
f 6426 6427 6430
f 6429 6432 6431
f 6429 6430 6432
f 6429 6431 5843
f 5843 6431 5845
f 5845 6431 6433
f 5845 6433 5849
f 6390 6433 6431
f 6390 6391 6433
f 6390 6431 6432
f 6390 6432 6389
f 6391 6434 6433
f 6433 6434 5849
f 5849 6434 5851
f 5851 6434 5799
f 5799 6434 6396
f 6396 6434 6391
f 6435 6436 6437
f 6435 6437 6438
f 5857 6438 5856
f 5857 6435 6438
f 5857 5818 6435
f 5818 6406 6435
f 6406 6405 6436
f 6406 6436 6435
f 6439 6441 6440
f 6439 6442 6441
f 5860 6442 6439
f 5860 5861 6442
f 5860 6439 5821
f 5821 6439 6410
f 6410 6439 6440
f 6410 6440 6409
f 5870 6443 5869
f 5870 6444 6443
f 5870 5836 6444
f 5836 6417 6444
f 6417 6445 6444
f 6444 6445 6446
f 6444 6446 6443
f 6445 6447 6446
f 6445 6448 6447
f 6422 6448 6445
f 6422 6423 6448
f 6422 6445 6417
f 6423 6449 6448
f 6448 6449 6450
f 6448 6450 6447
f 5872 6450 6449
f 5872 5873 6450
f 5872 6449 5839
f 5839 6449 6428
f 6428 6449 6423
f 6451 6452 6453
f 6451 6453 6454
f 5884 6454 5885
f 5884 6451 6454
f 5884 5856 6451
f 5856 6438 6451
f 6438 6437 6452
f 6438 6452 6451
f 6455 6457 6456
f 6455 6458 6457
f 5888 6458 6455
f 5888 5889 6458
f 5888 6455 5861
f 5861 6455 6442
f 6442 6455 6456
f 6442 6456 6441
f 5896 6459 5895
f 5896 5897 6459
f 6460 6461 6462
f 5897 6462 6459
f 5897 6460 6462
f 5897 5898 6460
f 5898 5869 6460
f 5869 6443 6463
f 5869 6463 6460
f 6460 6463 6461
f 6443 6464 6463
f 6446 6447 6465
f 6446 6464 6443
f 6446 6465 6464
f 6447 6466 6467
f 6447 6467 6465
f 6466 6468 6467
f 6466 6469 6468
f 5873 6469 6466
f 5873 5899 6469
f 5873 6466 6450
f 6450 6466 6447
f 5899 6470 6469
f 5899 5901 6470
f 6471 6472 6473
f 6471 6473 6474
f 5909 6474 5910
f 5909 6471 6474
f 5909 5885 6471
f 5885 6454 6471
f 6454 6453 6472
f 6454 6472 6471
f 6475 6477 6476
f 6475 6478 6477
f 6475 6479 6478
f 5889 6479 6475
f 5889 5911 6479
f 5889 6475 6458
f 6458 6475 6476
f 6458 6476 6457
f 5911 6480 6479
f 5911 5913 6480
f 6481 6482 6483
f 6481 6483 6484
f 5917 6484 5918
f 5917 6481 6484
f 5917 5919 6485
f 5917 6485 6481
f 6481 6485 6486
f 6481 6486 6482
f 6485 6487 6486
f 6485 6488 6487
f 6485 5919 6488
f 5919 5920 6488
f 5920 5895 6488
f 5895 6459 6489
f 5895 6489 6488
f 6488 6489 6487
f 6459 6490 6489
f 6459 6462 6490
f 6468 6469 6491
f 6468 6491 6467
f 6469 6492 6491
f 5901 5921 6493
f 5901 6494 6470
f 5901 6493 6494
f 6470 6492 6469
f 6470 6494 6492
f 6493 6495 6494
f 6493 6496 6495
f 6493 5921 6496
f 5921 5923 6496
f 5928 6497 5929
f 5928 5931 6497
f 6498 6499 6500
f 5931 6500 6497
f 5931 6498 6500
f 5931 5932 6498
f 5932 5910 6498
f 5910 6474 6498
f 6474 6473 6499
f 6474 6499 6498
f 6478 6479 6501
f 6478 6501 6477
f 6479 6502 6503
f 6479 6503 6501
f 6502 6504 6503
f 5934 6504 6502
f 5934 5935 6504
f 5934 6502 5913
f 5913 6502 6480
f 6480 6502 6479
f 6505 6506 6507
f 6505 6507 6508
f 5941 6508 5942
f 5941 6505 6508
f 5941 5943 6509
f 5941 6509 6505
f 6505 6509 6510
f 6505 6510 6506
f 6509 6511 6510
f 6509 6512 6511
f 6509 5943 6512
f 5943 5944 6512
f 5944 5918 6512
f 5918 6484 6512
f 6484 6483 6511
f 6484 6511 6512
f 5923 5945 6513
f 5923 6514 6496
f 5923 6513 6514
f 6496 6514 6495
f 6513 6515 6514
f 6513 6516 6515
f 6513 5945 6516
f 5945 5947 6516
f 6517 6518 6519
f 6517 6519 6520
f 5953 6520 5954
f 5953 6517 6520
f 5953 5929 6517
f 5929 6497 6521
f 5929 6521 6517
f 6517 6521 6518
f 6497 6522 6521
f 6497 6500 6522
f 6523 6525 6524
f 6523 6526 6525
f 6523 6527 6526
f 5935 6527 6523
f 5935 5955 6527
f 5935 6523 6504
f 6504 6523 6524
f 6504 6524 6503
f 5955 6528 6527
f 5955 5957 6528
f 6529 6530 6531
f 6529 6531 6532
f 5965 6532 5966
f 5965 6529 6532
f 5965 5967 6533
f 5965 6533 6529
f 6529 6533 6534
f 6529 6534 6530
f 6533 6535 6534
f 6533 6536 6535
f 6533 5967 6536
f 5967 5968 6536
f 5968 5942 6536
f 5942 6508 6536
f 6508 6507 6535
f 6508 6535 6536
f 5947 5969 6537
f 5947 6538 6516
f 5947 6537 6538
f 6516 6538 6515
f 6537 6539 6538
f 6537 6540 6539
f 6537 5969 6540
f 5969 5971 6540
f 5979 6541 5980
f 5979 5981 6541
f 6542 6543 6544
f 5981 6544 6541
f 5981 6542 6544
f 5981 5982 6542
f 5982 5954 6542
f 5954 6520 6542
f 6520 6519 6543
f 6520 6543 6542
f 6526 6527 6545
f 6526 6545 6525
f 6527 6546 6547
f 6527 6547 6545
f 6546 6548 6547
f 5984 6548 6546
f 5984 5985 6548
f 5984 6546 5957
f 5957 6546 6528
f 6528 6546 6527
f 5994 6549 5993
f 5994 5995 6549
f 6550 6551 6552
f 5995 6552 6549
f 5995 6550 6552
f 5995 5996 6550
f 5996 5966 6550
f 5966 6532 6550
f 6532 6531 6551
f 6532 6551 6550
f 6553 6555 6554
f 6553 6556 6555
f 6553 6557 6556
f 5971 6557 6553
f 5971 5997 6557
f 5971 6553 6540
f 6540 6553 6554
f 6540 6554 6539
f 5997 6558 6557
f 5997 5999 6558
f 6559 6560 6561
f 6559 6561 6562
f 6008 6562 6007
f 6008 6559 6562
f 6008 5980 6559
f 5980 6541 6563
f 5980 6563 6559
f 6559 6563 6560
f 6541 6564 6563
f 6541 6544 6564
f 6565 6567 6566
f 6565 6568 6567
f 6565 6569 6568
f 5985 6569 6565
f 5985 6009 6569
f 5985 6565 6548
f 6548 6565 6566
f 6548 6566 6547
f 6009 6570 6569
f 6009 6571 6570
f 6009 6010 6571
f 6010 6011 6571
f 6572 6573 6574
f 6011 6574 6571
f 6011 6572 6574
f 6011 6012 6572
f 6012 5993 6572
f 5993 6549 6575
f 5993 6575 6572
f 6572 6575 6573
f 6549 6576 6575
f 6549 6552 6576
f 6556 6557 6577
f 6556 6577 6555
f 6557 6578 6579
f 6557 6579 6577
f 6578 6580 6579
f 6578 6581 6580
f 5999 6581 6578
f 5999 6013 6581
f 5999 6578 6558
f 6558 6578 6557
f 6013 6582 6581
f 6013 6583 6582
f 6013 6014 6583
f 6014 6015 6583
f 6584 6585 6586
f 6015 6586 6583
f 6015 6584 6586
f 6015 6016 6584
f 6016 6007 6584
f 6007 6562 6584
f 6562 6561 6585
f 6562 6585 6584
f 6587 6589 6588
f 6587 6590 6589
f 6587 6591 6590
f 6587 6592 6591
f 6568 6592 6587
f 6568 6569 6592
f 6568 6587 6588
f 6568 6588 6567
f 6569 6593 6592
f 6592 6593 6594
f 6592 6594 6591
f 6593 6595 6594
f 6593 6596 6595
f 6570 6596 6593
f 6570 6571 6596
f 6570 6593 6569
f 6571 6597 6596
f 6571 6598 6597
f 6596 6597 6595
f 6571 6574 6598
f 6599 6601 6600
f 6599 6602 6601
f 6599 6603 6602
f 6599 6604 6603
f 6580 6604 6599
f 6580 6581 6604
f 6580 6599 6600
f 6580 6600 6579
f 6581 6605 6604
f 6604 6605 6606
f 6604 6606 6603
f 6605 6607 6606
f 6605 6608 6607
f 6582 6608 6605
f 6582 6583 6608
f 6582 6605 6581
f 6583 6609 6608
f 6583 6610 6609
f 6608 6609 6607
f 6583 6586 6610
f 6611 6613 6612
f 6611 6614 6613
f 6018 6614 6611
f 6018 6019 6614
f 6018 6611 6615
f 6018 6615 6023
f 6590 6615 6611
f 6590 6591 6615
f 6590 6611 6612
f 6590 6612 6589
f 6591 6616 6615
f 6615 6616 6023
f 6023 6616 6025
f 6025 6616 6617
f 6025 6617 6029
f 6594 6617 6616
f 6594 6595 6617
f 6594 6616 6591
f 6595 6618 6617
f 6617 6618 6029
f 6029 6618 6619
f 6029 6619 6030
f 6618 6620 6619
f 6618 6621 6620
f 6595 6621 6618
f 6595 6597 6621
f 6620 6621 6622
f 6620 6622 6619
f 6623 6625 6624
f 6623 6626 6625
f 6623 6627 6626
f 6623 6628 6627
f 6623 6629 6628
f 6623 6624 6629
f 6628 6631 6630
f 6628 6629 6631
f 6628 6630 6632
f 6628 6632 6627
f 6032 6632 6630
f 6032 6033 6632
f 6032 6630 6633
f 6032 6633 6037
f 6602 6633 6630
f 6602 6603 6633
f 6602 6630 6631
f 6602 6631 6601
f 6603 6634 6633
f 6633 6634 6037
f 6037 6634 6039
f 6039 6634 6635
f 6039 6635 6043
f 6606 6635 6634
f 6606 6607 6635
f 6606 6634 6603
f 6607 6636 6635
f 6607 6637 6636
f 6635 6638 6043
f 6635 6636 6638
f 6043 6638 6044
f 6607 6609 6637
f 6639 6641 6640
f 6639 6642 6641
f 6639 6643 6642
f 6639 6644 6643
f 6639 6645 6644
f 6639 6640 6645
f 6644 6647 6646
f 6644 6645 6647
f 6644 6646 6648
f 6644 6648 6643
f 6046 6648 6646
f 6046 6047 6648
f 6046 6646 6019
f 6019 6646 6614
f 6614 6646 6647
f 6614 6647 6613
f 6030 6649 6059
f 6030 6619 6649
f 6619 6650 6649
f 6619 6651 6650
f 6649 6652 6059
f 6649 6650 6652
f 6059 6652 6060
f 6619 6622 6651
f 6653 6655 6654
f 6653 6656 6655
f 6062 6656 6653
f 6062 6063 6656
f 6062 6653 6657
f 6062 6657 6067
f 6626 6657 6653
f 6626 6627 6657
f 6626 6653 6654
f 6626 6654 6625
f 6627 6658 6657
f 6657 6658 6067
f 6067 6658 6069
f 6069 6658 6033
f 6033 6658 6632
f 6632 6658 6627
f 6078 6659 6077
f 6078 6660 6659
f 6078 6044 6660
f 6044 6661 6660
f 6044 6638 6661
f 6638 6636 6661
f 6660 6661 6662
f 6660 6662 6659
f 6663 6665 6664
f 6663 6666 6665
f 6080 6666 6663
f 6080 6081 6666
f 6080 6663 6667
f 6080 6667 6085
f 6642 6667 6663
f 6642 6643 6667
f 6642 6663 6664
f 6642 6664 6641
f 6643 6668 6667
f 6667 6668 6085
f 6085 6668 6087
f 6087 6668 6047
f 6047 6668 6648
f 6648 6668 6643
f 6060 6669 6097
f 6060 6670 6669
f 6060 6652 6670
f 6652 6650 6670
f 6669 6670 6671
f 6669 6672 6097
f 6669 6671 6672
f 6097 6672 6098
f 6673 6675 6674
f 6673 6676 6675
f 6100 6676 6673
f 6100 6101 6676
f 6100 6673 6677
f 6100 6677 6105
f 6673 6678 6677
f 6673 6674 6678
f 6677 6680 6679
f 6677 6678 6680
f 6677 6679 6105
f 6105 6679 6107
f 6107 6679 6063
f 6063 6679 6656
f 6656 6679 6680
f 6656 6680 6655
f 6077 6681 6117
f 6077 6659 6681
f 6659 6682 6681
f 6659 6683 6682
f 6681 6684 6117
f 6681 6682 6684
f 6117 6684 6118
f 6659 6662 6683
f 6685 6687 6686
f 6685 6688 6687
f 6685 6689 6688
f 6685 6690 6689
f 6685 6691 6690
f 6685 6686 6691
f 6690 6693 6692
f 6690 6691 6693
f 6690 6692 6694
f 6690 6694 6689
f 6120 6694 6692
f 6120 6121 6694
f 6120 6692 6081
f 6081 6692 6666
f 6666 6692 6693
f 6666 6693 6665
f 6098 6695 6129
f 6098 6696 6695
f 6098 6672 6696
f 6672 6671 6696
f 6695 6696 6697
f 6695 6698 6129
f 6695 6697 6698
f 6129 6698 6130
f 6699 6701 6700
f 6699 6702 6701
f 6132 6702 6699
f 6132 6133 6702
f 6132 6699 6703
f 6132 6703 6137
f 6699 6704 6703
f 6699 6700 6704
f 6703 6706 6705
f 6703 6704 6706
f 6703 6705 6137
f 6137 6705 6139
f 6139 6705 6101
f 6101 6705 6676
f 6676 6705 6706
f 6676 6706 6675
f 6145 6707 6144
f 6145 6708 6707
f 6145 6118 6708
f 6118 6709 6708
f 6118 6684 6709
f 6684 6682 6709
f 6708 6709 6710
f 6708 6710 6707
f 6711 6713 6712
f 6711 6714 6713
f 6148 6714 6711
f 6148 6149 6714
f 6148 6711 6715
f 6148 6715 6153
f 6688 6715 6711
f 6688 6689 6715
f 6688 6711 6712
f 6688 6712 6687
f 6689 6716 6715
f 6715 6716 6153
f 6153 6716 6155
f 6155 6716 6121
f 6121 6716 6694
f 6694 6716 6689
f 6130 6717 6161
f 6130 6718 6717
f 6130 6698 6718
f 6698 6697 6718
f 6717 6720 6719
f 6717 6718 6720
f 6717 6719 6161
f 6161 6719 6721
f 6161 6721 6162
f 6719 6722 6721
f 6719 6723 6722
f 6719 6720 6723
f 6722 6723 6724
f 6722 6724 6721
f 6725 6727 6726
f 6725 6728 6727
f 6725 6729 6728
f 6725 6730 6729
f 6725 6731 6730
f 6725 6726 6731
f 6730 6733 6732
f 6730 6731 6733
f 6730 6732 6734
f 6730 6734 6729
f 6164 6734 6732
f 6164 6165 6734
f 6164 6732 6735
f 6164 6735 6169
f 6732 6736 6735
f 6732 6733 6736
f 6735 6738 6737
f 6735 6736 6738
f 6735 6737 6169
f 6169 6737 6171
f 6171 6737 6133
f 6133 6737 6702
f 6702 6737 6738
f 6702 6738 6701
f 6144 6739 6177
f 6144 6707 6739
f 6707 6740 6739
f 6707 6741 6740
f 6739 6742 6177
f 6739 6740 6742
f 6177 6742 6178
f 6707 6710 6741
f 6743 6745 6744
f 6743 6746 6745
f 6180 6746 6743
f 6180 6181 6746
f 6180 6743 6149
f 6149 6743 6714
f 6714 6743 6744
f 6714 6744 6713
f 6162 6747 6191
f 6162 6721 6747
f 6721 6748 6747
f 6747 6748 6191
f 6191 6748 6749
f 6191 6749 6192
f 6748 6750 6749
f 6748 6751 6750
f 6721 6751 6748
f 6721 6724 6751
f 6750 6753 6752
f 6750 6751 6753
f 6750 6752 6754
f 6750 6754 6749
f 6752 6755 6754
f 6752 6756 6755
f 6752 6757 6756
f 6752 6753 6757
f 6756 6759 6758
f 6756 6757 6759
f 6756 6758 6760
f 6756 6760 6755
f 6194 6760 6758
f 6194 6195 6760
f 6194 6758 6761
f 6194 6761 6199
f 6728 6761 6758
f 6728 6729 6761
f 6728 6758 6759
f 6728 6759 6727
f 6729 6762 6761
f 6761 6762 6199
f 6199 6762 6201
f 6201 6762 6165
f 6165 6762 6734
f 6734 6762 6729
f 6763 6764 6765
f 6763 6765 6766
f 6209 6766 6208
f 6209 6763 6766
f 6209 6178 6763
f 6178 6742 6763
f 6742 6740 6764
f 6742 6764 6763
f 6767 6769 6768
f 6767 6770 6769
f 6212 6770 6767
f 6212 6213 6770
f 6212 6767 6181
f 6181 6767 6746
f 6746 6767 6768
f 6746 6768 6745
f 6222 6771 6221
f 6222 6772 6771
f 6222 6192 6772
f 6192 6749 6772
f 6749 6773 6772
f 6772 6773 6774
f 6772 6774 6771
f 6773 6775 6774
f 6773 6776 6775
f 6754 6776 6773
f 6754 6755 6776
f 6754 6773 6749
f 6755 6777 6776
f 6776 6777 6778
f 6776 6778 6775
f 6224 6778 6777
f 6224 6225 6778
f 6224 6777 6195
f 6195 6777 6760
f 6760 6777 6755
f 6779 6780 6781
f 6779 6781 6782
f 6236 6782 6237
f 6236 6779 6782
f 6236 6208 6779
f 6208 6766 6779
f 6766 6765 6780
f 6766 6780 6779
f 6783 6785 6784
f 6783 6786 6785
f 6240 6786 6783
f 6240 6241 6786
f 6240 6783 6213
f 6213 6783 6770
f 6770 6783 6784
f 6770 6784 6769
f 6247 6787 6248
f 6247 6249 6787
f 6788 6789 6790
f 6249 6790 6787
f 6249 6788 6790
f 6249 6250 6788
f 6250 6251 6791
f 6250 6791 6788
f 6788 6791 6792
f 6788 6792 6789
f 6791 6793 6792
f 6791 6794 6793
f 6791 6251 6794
f 6251 6252 6794
f 6252 6221 6794
f 6221 6771 6795
f 6221 6795 6794
f 6794 6795 6793
f 6771 6796 6795
f 6774 6775 6797
f 6774 6796 6771
f 6774 6797 6796
f 6775 6798 6797
f 6225 6253 6799
f 6225 6800 6778
f 6225 6799 6800
f 6778 6798 6775
f 6778 6800 6798
f 6799 6801 6800
f 6799 6802 6801
f 6799 6253 6802
f 6253 6803 6802
f 6253 6254 6803
f 6254 6255 6803
f 6255 6804 6803
f 6255 6257 6804
f 6805 6806 6807
f 6805 6807 6808
f 6263 6808 6264
f 6263 6805 6808
f 6263 6237 6805
f 6237 6782 6805
f 6782 6781 6806
f 6782 6806 6805
f 6241 6265 6809
f 6241 6810 6786
f 6241 6809 6810
f 6786 6810 6785
f 6809 6811 6810
f 6809 6812 6811
f 6809 6265 6812
f 6265 6267 6812
f 6273 6813 6274
f 6273 6276 6813
f 6814 6815 6816
f 6276 6816 6813
f 6276 6814 6816
f 6276 6277 6814
f 6277 6279 6817
f 6277 6817 6814
f 6814 6817 6818
f 6814 6818 6815
f 6817 6819 6818
f 6817 6820 6819
f 6817 6279 6820
f 6279 6280 6820
f 6280 6248 6820
f 6248 6787 6821
f 6248 6821 6820
f 6820 6821 6819
f 6787 6822 6821
f 6787 6790 6822
f 6802 6803 6823
f 6802 6823 6801
f 6803 6824 6823
f 6257 6281 6825
f 6257 6826 6804
f 6257 6825 6826
f 6804 6824 6803
f 6804 6826 6824
f 6825 6827 6826
f 6825 6828 6827
f 6825 6281 6828
f 6281 6829 6828
f 6281 6282 6829
f 6282 6284 6829
f 6284 6830 6829
f 6284 6285 6830
f 6831 6832 6833
f 6831 6833 6834
f 6291 6834 6292
f 6291 6831 6834
f 6291 6293 6835
f 6291 6835 6831
f 6831 6835 6836
f 6831 6836 6832
f 6835 6837 6836
f 6835 6838 6837
f 6835 6293 6838
f 6293 6294 6838
f 6294 6264 6838
f 6264 6808 6838
f 6808 6807 6837
f 6808 6837 6838
f 6267 6295 6839
f 6267 6840 6812
f 6267 6839 6840
f 6812 6840 6811
f 6839 6841 6840
f 6839 6842 6841
f 6839 6295 6842
f 6295 6296 6842
f 6296 6298 6843
f 6296 6843 6842
f 6842 6843 6844
f 6842 6844 6841
f 6843 6845 6844
f 6843 6846 6845
f 6843 6298 6846
f 6298 6299 6846
f 6299 6302 6847
f 6299 6847 6846
f 6846 6847 6848
f 6846 6848 6845
f 6847 6849 6848
f 6847 6850 6849
f 6847 6302 6850
f 6302 6303 6850
f 6303 6305 6851
f 6303 6851 6850
f 6850 6851 6852
f 6850 6852 6849
f 6851 6853 6852
f 6851 6854 6853
f 6851 6305 6854
f 6305 6306 6854
f 6306 6274 6854
f 6274 6813 6855
f 6274 6855 6854
f 6854 6855 6853
f 6813 6856 6855
f 6813 6816 6856
f 6828 6829 6857
f 6828 6857 6827
f 6829 6858 6857
f 6285 6307 6859
f 6285 6860 6830
f 6285 6859 6860
f 6830 6858 6829
f 6830 6860 6858
f 6859 6861 6860
f 6859 6862 6861
f 6859 6307 6862
f 6307 6308 6862
f 6308 6310 6863
f 6308 6863 6862
f 6862 6863 6864
f 6862 6864 6861
f 6863 6865 6864
f 6863 6866 6865
f 6863 6310 6866
f 6310 6311 6866
f 6311 6314 6867
f 6311 6867 6866
f 6866 6867 6868
f 6866 6868 6865
f 6867 6869 6868
f 6867 6870 6869
f 6867 6314 6870
f 6314 6315 6870
f 6315 6317 6871
f 6315 6871 6870
f 6870 6871 6872
f 6870 6872 6869
f 6871 6873 6872
f 6871 6874 6873
f 6871 6317 6874
f 6317 6318 6874
f 6318 6292 6874
f 6292 6834 6874
f 6834 6833 6873
f 6834 6873 6874
f 6875 6877 6876
f 6875 6878 6877
f 6320 6878 6875
f 6320 6321 6878
f 6320 6875 6879
f 6320 6879 6324
f 6875 6880 6879
f 6875 6876 6880
f 6879 6882 6881
f 6879 6880 6882
f 6879 6881 6324
f 6324 6881 6326
f 6326 6881 6883
f 6326 6883 6328
f 6881 6884 6883
f 6881 6882 6884
f 6883 6886 6885
f 6883 6884 6886
f 6883 6885 6328
f 6328 6885 6330
f 6330 6885 6887
f 6330 6887 6332
f 6885 6888 6887
f 6885 6886 6888
f 6887 6890 6889
f 6887 6888 6890
f 6887 6889 6332
f 6332 6889 6334
f 6334 6889 6891
f 6334 6891 6336
f 6889 6892 6891
f 6889 6890 6892
f 6891 6894 6893
f 6891 6892 6894
f 6891 6893 6336
f 6336 6893 6338
f 6338 6893 6895
f 6338 6895 6341
f 6893 6896 6895
f 6893 6894 6896
f 6895 6896 6897
f 6895 6898 6341
f 6895 6897 6898
f 6341 6898 6342
f 6899 6901 6900
f 6899 6902 6901
f 6344 6902 6899
f 6344 6345 6902
f 6344 6899 6903
f 6344 6903 6349
f 6899 6904 6903
f 6899 6900 6904
f 6903 6906 6905
f 6903 6904 6906
f 6903 6905 6349
f 6349 6905 6351
f 6351 6905 6907
f 6351 6907 6354
f 6905 6908 6907
f 6905 6906 6908
f 6907 6910 6909
f 6907 6908 6910
f 6907 6909 6354
f 6354 6909 6356
f 6356 6909 6911
f 6356 6911 6358
f 6909 6912 6911
f 6909 6910 6912
f 6911 6914 6913
f 6911 6912 6914
f 6911 6913 6358
f 6358 6913 6360
f 6360 6913 6915
f 6360 6915 6362
f 6913 6916 6915
f 6913 6914 6916
f 6915 6918 6917
f 6915 6916 6918
f 6915 6917 6362
f 6362 6917 6364
f 6364 6917 6919
f 6364 6919 6366
f 6917 6920 6919
f 6917 6918 6920
f 6919 6920 6921
f 6919 6922 6366
f 6919 6921 6922
f 6366 6922 6367
f 6923 6925 6924
f 6923 6926 6925
f 6370 6926 6923
f 6370 6371 6926
f 6370 6923 6927
f 6370 6927 6374
f 6923 6928 6927
f 6923 6924 6928
f 6927 6930 6929
f 6927 6928 6930
f 6927 6929 6374
f 6374 6929 6376
f 6376 6929 6321
f 6321 6929 6878
f 6878 6929 6930
f 6878 6930 6877
f 6342 6931 6380
f 6342 6932 6931
f 6342 6898 6932
f 6898 6897 6932
f 6931 6934 6933
f 6931 6932 6934
f 6931 6933 6380
f 6380 6933 6382
f 6382 6933 6935
f 6382 6935 6385
f 6933 6936 6935
f 6933 6934 6936
f 6935 6938 6937
f 6935 6936 6938
f 6935 6937 6385
f 6385 6937 6939
f 6385 6939 6386
f 6937 6940 6939
f 6937 6941 6940
f 6937 6938 6941
f 6940 6941 6942
f 6940 6942 6939
f 6943 6945 6944
f 6943 6946 6945
f 6943 6947 6946
f 6943 6948 6947
f 6943 6949 6948
f 6943 6944 6949
f 6948 6951 6950
f 6948 6949 6951
f 6948 6950 6952
f 6948 6952 6947
f 6388 6952 6950
f 6388 6389 6952
f 6388 6950 6953
f 6388 6953 6393
f 6950 6954 6953
f 6950 6951 6954
f 6953 6956 6955
f 6953 6954 6956
f 6953 6955 6393
f 6393 6955 6395
f 6395 6955 6957
f 6395 6957 6398
f 6955 6958 6957
f 6955 6956 6958
f 6957 6960 6959
f 6957 6958 6960
f 6957 6959 6398
f 6398 6959 6400
f 6400 6959 6345
f 6345 6959 6902
f 6902 6959 6960
f 6902 6960 6901
f 6367 6961 6404
f 6367 6962 6961
f 6367 6922 6962
f 6922 6921 6962
f 6961 6962 6963
f 6961 6964 6404
f 6961 6963 6964
f 6404 6964 6405
f 6965 6967 6966
f 6965 6968 6967
f 6408 6968 6965
f 6408 6409 6968
f 6408 6965 6371
f 6371 6965 6926
f 6926 6965 6966
f 6926 6966 6925
f 6386 6969 6414
f 6386 6939 6969
f 6939 6970 6969
f 6969 6970 6414
f 6414 6970 6416
f 6416 6970 6971
f 6416 6971 6419
f 6970 6972 6971
f 6939 6972 6970
f 6939 6942 6972
f 6971 6974 6973
f 6971 6972 6974
f 6971 6973 6419
f 6419 6973 6421
f 6421 6973 6975
f 6421 6975 6425
f 6973 6976 6975
f 6973 6974 6976
f 6975 6978 6977
f 6975 6976 6978
f 6975 6977 6425
f 6425 6977 6427
f 6427 6977 6979
f 6427 6979 6430
f 6946 6979 6977
f 6946 6947 6979
f 6946 6977 6978
f 6946 6978 6945
f 6947 6980 6979
f 6979 6980 6430
f 6430 6980 6432
f 6432 6980 6389
f 6389 6980 6952
f 6952 6980 6947
f 6981 6982 6983
f 6981 6983 6984
f 6436 6984 6437
f 6436 6981 6984
f 6436 6405 6981
f 6405 6964 6981
f 6964 6963 6982
f 6964 6982 6981
f 6985 6987 6986
f 6985 6988 6987
f 6440 6988 6985
f 6440 6441 6988
f 6440 6985 6409
f 6409 6985 6968
f 6968 6985 6986
f 6968 6986 6967
f 6989 6990 6991
f 6989 6991 6992
f 6452 6992 6453
f 6452 6989 6992
f 6452 6437 6989
f 6437 6984 6989
f 6984 6983 6990
f 6984 6990 6989
f 6993 6995 6994
f 6993 6996 6995
f 6456 6996 6993
f 6456 6457 6996
f 6456 6993 6441
f 6441 6993 6988
f 6988 6993 6994
f 6988 6994 6987
f 6997 6998 6999
f 6997 6999 7000
f 6461 7000 6462
f 6461 6997 7000
f 6461 6463 7001
f 6461 7001 6997
f 6997 7001 7002
f 6997 7002 6998
f 7001 7003 7002
f 7001 7004 7003
f 7001 6463 7004
f 6463 6464 7004
f 6464 6465 7005
f 6464 7005 7004
f 7004 7005 7006
f 7004 7006 7003
f 7005 7007 7006
f 7005 7008 7007
f 7005 6465 7008
f 6465 6467 7008
f 7009 7010 7011
f 7009 7011 7012
f 6472 7012 6473
f 6472 7009 7012
f 6472 6453 7009
f 6453 6992 7009
f 6992 6991 7010
f 6992 7010 7009
f 7013 7015 7014
f 7013 7016 7015
f 6476 7016 7013
f 6476 6477 7016
f 6476 7013 6457
f 6457 7013 6996
f 6996 7013 7014
f 6996 7014 6995
f 7017 7018 7019
f 7017 7019 7020
f 6482 7020 6483
f 6482 7017 7020
f 6482 6486 7021
f 6482 7021 7017
f 7017 7021 7022
f 7017 7022 7018
f 7021 7023 7022
f 7021 7024 7023
f 7021 6486 7024
f 6486 6487 7024
f 6487 6489 7025
f 6487 7025 7024
f 7024 7025 7026
f 7024 7026 7023
f 7025 7027 7026
f 7025 7028 7027
f 7025 6489 7028
f 6489 6490 7028
f 6490 6462 7028
f 6462 7000 7028
f 7000 6999 7027
f 7000 7027 7028
f 6467 6491 7029
f 6467 7030 7008
f 6467 7029 7030
f 7008 7030 7007
f 7029 7031 7030
f 7029 7032 7031
f 7029 6491 7032
f 6491 6492 7032
f 6492 6494 7033
f 6492 7033 7032
f 7032 7033 7034
f 7032 7034 7031
f 7033 7035 7034
f 7033 7036 7035
f 7033 6494 7036
f 6494 6495 7036
f 7037 7038 7039
f 7037 7039 7040
f 6499 7040 6500
f 6499 7037 7040
f 6499 6473 7037
f 6473 7012 7037
f 7012 7011 7038
f 7012 7038 7037
f 6477 6501 7041
f 6477 7042 7016
f 6477 7041 7042
f 7016 7042 7015
f 7041 7043 7042
f 7041 7044 7043
f 7041 6501 7044
f 6501 6503 7044
f 7045 7046 7047
f 7045 7047 7048
f 6506 7048 6507
f 6506 7045 7048
f 6506 6510 7049
f 6506 7049 7045
f 7045 7049 7050
f 7045 7050 7046
f 7049 7051 7050
f 7049 7052 7051
f 7049 6510 7052
f 6510 6511 7052
f 6511 6483 7052
f 6483 7020 7052
f 7020 7019 7051
f 7020 7051 7052
f 6495 6514 7053
f 6495 7054 7036
f 6495 7053 7054
f 7036 7054 7035
f 7053 7055 7054
f 7053 7056 7055
f 7053 6514 7056
f 6514 6515 7056
f 7057 7058 7059
f 7057 7059 7060
f 6518 7060 6519
f 6518 7057 7060
f 6518 6521 7061
f 6518 7061 7057
f 7057 7061 7062
f 7057 7062 7058
f 7061 7063 7062
f 7061 7064 7063
f 7061 6521 7064
f 6521 6522 7064
f 6522 6500 7064
f 6500 7040 7064
f 7040 7039 7063
f 7040 7063 7064
f 7065 7067 7066
f 7065 7068 7067
f 6524 7068 7065
f 6524 6525 7068
f 6524 7065 6503
f 6503 7065 7044
f 7044 7065 7066
f 7044 7066 7043
f 7069 7070 7071
f 7069 7071 7072
f 6530 7072 6531
f 6530 7069 7072
f 6530 6534 7073
f 6530 7073 7069
f 7069 7073 7074
f 7069 7074 7070
f 7073 7075 7074
f 7073 7076 7075
f 7073 6534 7076
f 6534 6535 7076
f 6535 6507 7076
f 6507 7048 7076
f 7048 7047 7075
f 7048 7075 7076
f 6515 6538 7077
f 6515 7078 7056
f 6515 7077 7078
f 7056 7078 7055
f 7077 7079 7078
f 7077 7080 7079
f 7077 6538 7080
f 6538 6539 7080
f 7081 7082 7083
f 7081 7083 7084
f 6543 7084 6544
f 6543 7081 7084
f 6543 6519 7081
f 6519 7060 7081
f 7060 7059 7082
f 7060 7082 7081
f 7085 7087 7086
f 7085 7088 7087
f 7085 7089 7088
f 6525 7089 7085
f 6525 6545 7089
f 6525 7085 7068
f 7068 7085 7086
f 7068 7086 7067
f 6545 7090 7089
f 6545 6547 7090
f 7091 7092 7093
f 7091 7093 7094
f 6551 7094 6552
f 6551 7091 7094
f 6551 6531 7091
f 6531 7072 7091
f 7072 7071 7092
f 7072 7092 7091
f 7095 7097 7096
f 7095 7098 7097
f 6554 7098 7095
f 6554 6555 7098
f 6554 7095 6539
f 6539 7095 7080
f 7080 7095 7096
f 7080 7096 7079
f 6560 7099 6561
f 6560 6563 7099
f 7100 7101 7102
f 6563 7102 7099
f 6563 7100 7102
f 6563 6564 7100
f 6564 6544 7100
f 6544 7084 7100
f 7084 7083 7101
f 7084 7101 7100
f 7088 7089 7103
f 7088 7103 7087
f 7089 7104 7105
f 7089 7105 7103
f 7104 7106 7105
f 6566 7106 7104
f 6566 6567 7106
f 6566 7104 6547
f 6547 7104 7090
f 7090 7104 7089
f 7107 7108 7109
f 7107 7109 7110
f 6573 7110 6574
f 6573 7107 7110
f 6573 6575 7111
f 6573 7111 7107
f 7107 7111 7112
f 7107 7112 7108
f 7111 7113 7112
f 7111 7114 7113
f 7111 6575 7114
f 6575 6576 7114
f 6576 6552 7114
f 6552 7094 7114
f 7094 7093 7113
f 7094 7113 7114
f 6555 6577 7115
f 6555 7116 7098
f 6555 7115 7116
f 7098 7116 7097
f 7115 7117 7116
f 7115 7118 7117
f 7115 6577 7118
f 6577 6579 7118
f 7119 7120 7121
f 7119 7121 7122
f 6585 7122 6586
f 6585 7119 7122
f 6585 6561 7119
f 6561 7099 7123
f 6561 7123 7119
f 7119 7123 7120
f 7099 7124 7123
f 7099 7102 7124
f 7125 7127 7126
f 7125 7128 7127
f 6588 7128 7125
f 6588 6589 7128
f 6588 7125 6567
f 6567 7125 7106
f 7106 7125 7126
f 7106 7126 7105
f 7129 7130 7131
f 7129 7131 7132
f 6598 7132 6597
f 6598 7129 7132
f 6598 6574 7129
f 6574 7110 7129
f 7110 7109 7130
f 7110 7130 7129
f 7133 7135 7134
f 7133 7136 7135
f 6600 7136 7133
f 6600 6601 7136
f 6600 7133 6579
f 6579 7133 7118
f 7118 7133 7134
f 7118 7134 7117
f 7137 7138 7139
f 7137 7139 7140
f 6610 7140 6609
f 6610 7137 7140
f 6610 6586 7137
f 6586 7122 7137
f 7122 7121 7138
f 7122 7138 7137
f 7141 7143 7142
f 7141 7144 7143
f 7141 7145 7144
f 7141 7146 7145
f 7141 7147 7146
f 7141 7142 7147
f 7146 7149 7148
f 7146 7147 7149
f 7146 7148 7150
f 7146 7150 7145
f 6612 7150 7148
f 6612 6613 7150
f 6612 7148 6589
f 6589 7148 7128
f 7128 7148 7149
f 7128 7149 7127
f 6597 7151 6621
f 6597 7152 7151
f 6597 7132 7152
f 7132 7131 7152
f 7151 7152 7153
f 7151 7154 6621
f 7151 7153 7154
f 6621 7154 6622
f 7155 7157 7156
f 7155 7158 7157
f 6624 7158 7155
f 6624 6625 7158
f 6624 7155 7159
f 6624 7159 6629
f 7155 7160 7159
f 7155 7156 7160
f 7159 7162 7161
f 7159 7160 7162
f 7159 7161 6629
f 6629 7161 6631
f 6631 7161 6601
f 6601 7161 7136
f 7136 7161 7162
f 7136 7162 7135
f 6637 7163 6636
f 6637 7164 7163
f 6637 6609 7164
f 6609 7165 7164
f 6609 7140 7165
f 7140 7139 7165
f 7164 7165 7166
f 7164 7166 7163
f 7167 7169 7168
f 7167 7170 7169
f 6640 7170 7167
f 6640 6641 7170
f 6640 7167 7171
f 6640 7171 6645
f 7144 7171 7167
f 7144 7145 7171
f 7144 7167 7168
f 7144 7168 7143
f 7145 7172 7171
f 7171 7172 6645
f 6645 7172 6647
f 6647 7172 6613
f 6613 7172 7150
f 7150 7172 7145
f 7173 7174 7175
f 7173 7175 7176
f 6651 7176 6650
f 6651 7173 7176
f 6651 6622 7173
f 6622 7154 7173
f 7154 7153 7174
f 7154 7174 7173
f 7177 7179 7178
f 7177 7180 7179
f 6654 7180 7177
f 6654 6655 7180
f 6654 7177 6625
f 6625 7177 7158
f 7158 7177 7178
f 7158 7178 7157
f 6636 7181 6661
f 6636 7163 7181
f 7163 7182 7181
f 7163 7183 7182
f 7181 7184 6661
f 7181 7182 7184
f 6661 7184 6662
f 7163 7166 7183
f 7185 7187 7186
f 7185 7188 7187
f 6664 7188 7185
f 6664 6665 7188
f 6664 7185 6641
f 6641 7185 7170
f 7170 7185 7186
f 7170 7186 7169
f 6650 7189 6670
f 6650 7190 7189
f 6650 7176 7190
f 7176 7175 7190
f 7189 7190 7191
f 7189 7192 6670
f 7189 7191 7192
f 6670 7192 6671
f 7193 7195 7194
f 7193 7196 7195
f 6674 7196 7193
f 6674 6675 7196
f 6674 7193 7197
f 6674 7197 6678
f 7193 7198 7197
f 7193 7194 7198
f 7197 7200 7199
f 7197 7198 7200
f 7197 7199 6678
f 6678 7199 6680
f 6680 7199 6655
f 6655 7199 7180
f 7180 7199 7200
f 7180 7200 7179
f 7201 7202 7203
f 7201 7203 7204
f 6683 7204 6682
f 6683 7201 7204
f 6683 6662 7201
f 6662 7184 7201
f 7184 7182 7202
f 7184 7202 7201
f 7205 7207 7206
f 7205 7208 7207
f 6686 7208 7205
f 6686 6687 7208
f 6686 7205 7209
f 6686 7209 6691
f 7205 7210 7209
f 7205 7206 7210
f 7209 7212 7211
f 7209 7210 7212
f 7209 7211 6691
f 6691 7211 6693
f 6693 7211 6665
f 6665 7211 7188
f 7188 7211 7212
f 7188 7212 7187
f 6671 7213 6696
f 6671 7214 7213
f 6671 7192 7214
f 7192 7191 7214
f 7213 7214 7215
f 7213 7216 6696
f 7213 7215 7216
f 6696 7216 6697
f 7217 7219 7218
f 7217 7220 7219
f 6700 7220 7217
f 6700 6701 7220
f 6700 7217 7221
f 6700 7221 6704
f 7217 7222 7221
f 7217 7218 7222
f 7221 7224 7223
f 7221 7222 7224
f 7221 7223 6704
f 6704 7223 6706
f 6706 7223 6675
f 6675 7223 7196
f 7196 7223 7224
f 7196 7224 7195
f 6682 7225 6709
f 6682 7226 7225
f 6682 7204 7226
f 7204 7203 7226
f 7225 7226 7227
f 7225 7228 6709
f 7225 7227 7228
f 6709 7228 6710
f 7229 7231 7230
f 7229 7232 7231
f 6712 7232 7229
f 6712 6713 7232
f 6712 7229 6687
f 6687 7229 7208
f 7208 7229 7230
f 7208 7230 7207
f 6697 7233 6718
f 6697 7234 7233
f 6697 7216 7234
f 7216 7215 7234
f 7233 7236 7235
f 7233 7234 7236
f 7233 7235 6718
f 6718 7235 6720
f 6720 7235 7237
f 6720 7237 6723
f 7235 7238 7237
f 7235 7236 7238
f 7237 7238 7239
f 7237 7240 6723
f 7237 7239 7240
f 6723 7240 6724
f 7241 7243 7242
f 7241 7244 7243
f 6726 7244 7241
f 6726 6727 7244
f 6726 7241 7245
f 6726 7245 6731
f 7241 7246 7245
f 7241 7242 7246
f 7245 7248 7247
f 7245 7246 7248
f 7245 7247 6731
f 6731 7247 6733
f 6733 7247 7249
f 6733 7249 6736
f 7247 7250 7249
f 7247 7248 7250
f 7249 7252 7251
f 7249 7250 7252
f 7249 7251 6736
f 6736 7251 6738
f 6738 7251 6701
f 6701 7251 7220
f 7220 7251 7252
f 7220 7252 7219
f 7253 7254 7255
f 7253 7255 7256
f 6741 7256 6740
f 6741 7253 7256
f 6741 6710 7253
f 6710 7228 7253
f 7228 7227 7254
f 7228 7254 7253
f 7257 7259 7258
f 7257 7260 7259
f 6744 7260 7257
f 6744 6745 7260
f 6744 7257 6713
f 6713 7257 7232
f 7232 7257 7258
f 7232 7258 7231
f 6724 7261 6751
f 6724 7262 7261
f 6724 7240 7262
f 7240 7239 7262
f 7261 7264 7263
f 7261 7262 7264
f 7261 7263 6751
f 6751 7263 6753
f 6753 7263 7265
f 6753 7265 6757
f 7263 7266 7265
f 7263 7264 7266
f 7265 7268 7267
f 7265 7266 7268
f 7265 7267 6757
f 6757 7267 6759
f 6759 7267 6727
f 6727 7267 7244
f 7244 7267 7268
f 7244 7268 7243
f 7269 7270 7271
f 7269 7271 7272
f 6764 7272 6765
f 6764 7269 7272
f 6764 6740 7269
f 6740 7256 7269
f 7256 7255 7270
f 7256 7270 7269
f 7273 7275 7274
f 7273 7276 7275
f 6768 7276 7273
f 6768 6769 7276
f 6768 7273 6745
f 6745 7273 7260
f 7260 7273 7274
f 7260 7274 7259
f 7277 7278 7279
f 7277 7279 7280
f 6780 7280 6781
f 6780 7277 7280
f 6780 6765 7277
f 6765 7272 7277
f 7272 7271 7278
f 7272 7278 7277
f 7281 7283 7282
f 7281 7284 7283
f 6784 7284 7281
f 6784 6785 7284
f 6784 7281 6769
f 6769 7281 7276
f 7276 7281 7282
f 7276 7282 7275
f 6789 7285 6790
f 6789 6792 7285
f 7286 7287 7288
f 6792 7288 7285
f 6792 7286 7288
f 6792 6793 7286
f 6793 6795 7289
f 6793 7289 7286
f 7286 7289 7290
f 7286 7290 7287
f 7289 7291 7290
f 7289 7292 7291
f 7289 6795 7292
f 6795 6796 7292
f 6796 6797 7293
f 6796 7293 7292
f 7292 7293 7294
f 7292 7294 7291
f 7293 7295 7294
f 7293 7296 7295
f 7293 6797 7296
f 6797 7297 7296
f 6797 6798 7297
f 6798 6800 7297
f 6800 7298 7297
f 6800 6801 7298
f 7299 7300 7301
f 7299 7301 7302
f 6806 7302 6807
f 6806 7299 7302
f 6806 6781 7299
f 6781 7280 7299
f 7280 7279 7300
f 7280 7300 7299
f 6785 6810 7303
f 6785 7304 7284
f 6785 7303 7304
f 7284 7304 7283
f 7303 7305 7304
f 7303 7306 7305
f 7303 6810 7306
f 6810 6811 7306
f 7307 7308 7309
f 7307 7309 7310
f 6815 7310 6816
f 6815 7307 7310
f 6815 6818 7311
f 6815 7311 7307
f 7307 7311 7312
f 7307 7312 7308
f 7311 7313 7312
f 7311 7314 7313
f 7311 6818 7314
f 6818 6819 7314
f 6819 6821 7315
f 6819 7315 7314
f 7314 7315 7316
f 7314 7316 7313
f 7315 7317 7316
f 7315 7318 7317
f 7315 6821 7318
f 6821 6822 7318
f 6822 6790 7318
f 6790 7285 7319
f 6790 7319 7318
f 7318 7319 7317
f 7285 7320 7319
f 7285 7288 7320
f 7296 7297 7321
f 7296 7321 7295
f 7297 7322 7321
f 6801 6823 7323
f 6801 7324 7298
f 6801 7323 7324
f 7298 7322 7297
f 7298 7324 7322
f 7323 7325 7324
f 7323 7326 7325
f 7323 6823 7326
f 6823 6824 7326
f 6824 6826 7327
f 6824 7327 7326
f 7326 7327 7328
f 7326 7328 7325
f 7327 7329 7328
f 7327 7330 7329
f 7327 6826 7330
f 6826 6827 7330
f 7331 7332 7333
f 7331 7333 7334
f 6832 7334 6833
f 6832 7331 7334
f 6832 6836 7335
f 6832 7335 7331
f 7331 7335 7336
f 7331 7336 7332
f 7335 7337 7336
f 7335 7338 7337
f 7335 6836 7338
f 6836 6837 7338
f 6837 6807 7338
f 6807 7302 7338
f 7302 7301 7337
f 7302 7337 7338
f 6811 6840 7339
f 6811 7340 7306
f 6811 7339 7340
f 7306 7340 7305
f 7339 7341 7340
f 7339 7342 7341
f 7339 6840 7342
f 6840 6841 7342
f 6841 6844 7343
f 6841 7343 7342
f 7342 7343 7344
f 7342 7344 7341
f 7343 7345 7344
f 7343 7346 7345
f 7343 6844 7346
f 6844 6845 7346
f 6845 6848 7347
f 6845 7347 7346
f 7346 7347 7348
f 7346 7348 7345
f 7347 7349 7348
f 7347 7350 7349
f 7347 6848 7350
f 6848 6849 7350
f 6849 6852 7351
f 6849 7351 7350
f 7350 7351 7352
f 7350 7352 7349
f 7351 7353 7352
f 7351 7354 7353
f 7351 6852 7354
f 6852 6853 7354
f 6853 6855 7355
f 6853 7355 7354
f 7354 7355 7356
f 7354 7356 7353
f 7355 7357 7356
f 7355 7358 7357
f 7355 6855 7358
f 6855 6856 7358
f 6856 6816 7358
f 6816 7310 7358
f 7310 7309 7357
f 7310 7357 7358
f 6827 6857 7359
f 6827 7360 7330
f 6827 7359 7360
f 7330 7360 7329
f 7359 7361 7360
f 7359 7362 7361
f 7359 6857 7362
f 6857 6858 7362
f 6858 6860 7363
f 6858 7363 7362
f 7362 7363 7364
f 7362 7364 7361
f 7363 7365 7364
f 7363 7366 7365
f 7363 6860 7366
f 6860 6861 7366
f 6861 6864 7367
f 6861 7367 7366
f 7366 7367 7368
f 7366 7368 7365
f 7367 7369 7368
f 7367 7370 7369
f 7367 6864 7370
f 6864 6865 7370
f 6865 6868 7371
f 6865 7371 7370
f 7370 7371 7372
f 7370 7372 7369
f 7371 7373 7372
f 7371 7374 7373
f 7371 6868 7374
f 6868 6869 7374
f 6869 6872 7375
f 6869 7375 7374
f 7374 7375 7376
f 7374 7376 7373
f 7375 7377 7376
f 7375 7378 7377
f 7375 6872 7378
f 6872 6873 7378
f 6873 6833 7378
f 6833 7334 7378
f 7334 7333 7377
f 7334 7377 7378
f 7379 7381 7380
f 7379 7382 7381
f 6876 7382 7379
f 6876 6877 7382
f 6876 7379 7383
f 6876 7383 6880
f 7379 7384 7383
f 7379 7380 7384
f 7383 7386 7385
f 7383 7384 7386
f 7383 7385 6880
f 6880 7385 6882
f 6882 7385 7387
f 6882 7387 6884
f 7385 7388 7387
f 7385 7386 7388
f 7387 7390 7389
f 7387 7388 7390
f 7387 7389 6884
f 6884 7389 6886
f 6886 7389 7391
f 6886 7391 6888
f 7389 7392 7391
f 7389 7390 7392
f 7391 7394 7393
f 7391 7392 7394
f 7391 7393 6888
f 6888 7393 6890
f 6890 7393 7395
f 6890 7395 6892
f 7393 7396 7395
f 7393 7394 7396
f 7395 7396 7397
f 7395 7398 6892
f 7395 7397 7398
f 6892 7399 6894
f 6892 7398 7399
f 6894 7399 6896
f 6896 7399 7400
f 6896 7400 6897
f 6900 6901 7401
f 6900 7401 6904
f 7402 7404 7403
f 6904 7404 7402
f 6904 7401 7404
f 6904 7402 6906
f 6906 7402 7405
f 6906 7405 6908
f 7402 7406 7405
f 7402 7403 7406
f 7405 7408 7407
f 7405 7406 7408
f 7405 7407 6908
f 6908 7407 6910
f 6910 7407 7409
f 6910 7409 6912
f 7407 7410 7409
f 7407 7408 7410
f 7409 7412 7411
f 7409 7410 7412
f 7409 7411 6912
f 6912 7411 6914
f 6914 7411 7413
f 6914 7413 6916
f 7411 7414 7413
f 7411 7412 7414
f 7413 7416 7415
f 7413 7414 7416
f 7413 7415 6916
f 6916 7415 6918
f 6918 7415 7417
f 6918 7417 6920
f 7415 7418 7417
f 7415 7416 7418
f 7417 7418 7419
f 7417 7420 6920
f 7417 7419 7420
f 6920 7420 6921
f 7421 7423 7422
f 7421 7424 7423
f 6924 7424 7421
f 6924 6925 7424
f 6924 7421 7425
f 6924 7425 6928
f 7421 7426 7425
f 7421 7422 7426
f 7425 7428 7427
f 7425 7426 7428
f 7425 7427 6928
f 6928 7427 6930
f 6930 7427 6877
f 6877 7427 7382
f 7382 7427 7428
f 7382 7428 7381
f 7398 7429 7399
f 7398 7397 7429
f 7399 7429 7430
f 6897 7431 6932
f 6897 7432 7431
f 6897 7400 7432
f 7400 7430 7432
f 7400 7399 7430
f 7431 7432 7433
f 7431 7434 6932
f 7431 7433 7434
f 6932 7435 6934
f 6932 7434 7435
f 6934 7435 6936
f 6936 7435 7436
f 6936 7437 6938
f 6936 7436 7437
f 6938 7437 6941
f 6941 7437 7438
f 6941 7438 6942
f 6944 6945 7439
f 6944 7439 6949
f 6949 7439 7440
f 6949 7441 6951
f 6949 7440 7441
f 6951 7441 6954
f 7442 7444 7443
f 6954 7444 7442
f 6954 7441 7444
f 6954 7442 6956
f 6956 7442 7445
f 6956 7445 6958
f 7442 7446 7445
f 7442 7443 7446
f 7445 7448 7447
f 7445 7446 7448
f 7445 7447 6958
f 6958 7447 6960
f 6960 7447 6901
f 6901 7447 7449
f 6901 7449 7401
f 7447 7448 7449
f 7401 7449 7450
f 7401 7450 7404
f 6921 7451 6962
f 6921 7452 7451
f 6921 7420 7452
f 7420 7419 7452
f 7451 7452 7453
f 7451 7454 6962
f 7451 7453 7454
f 6962 7454 6963
f 7455 7457 7456
f 7455 7458 7457
f 6966 7458 7455
f 6966 6967 7458
f 6966 7455 6925
f 6925 7455 7424
f 7424 7455 7456
f 7424 7456 7423
f 7434 7459 7435
f 7434 7433 7459
f 7435 7459 7460
f 7436 7461 7437
f 7436 7460 7461
f 7436 7435 7460
f 7437 7461 7462
f 7437 7462 7463
f 7463 7462 7464
f 7463 7464 7465
f 6942 7465 6972
f 6942 7463 7465
f 6942 7438 7463
f 7438 7437 7463
f 6972 7465 7466
f 6972 7467 6974
f 6972 7466 7467
f 6974 7467 6976
f 7468 7470 7469
f 6976 7470 7468
f 6976 7467 7470
f 6976 7468 6978
f 6978 7468 6945
f 6945 7468 7471
f 6945 7471 7439
f 7468 7469 7471
f 7439 7471 7472
f 7440 7473 7441
f 7440 7472 7473
f 7440 7439 7472
f 7441 7473 7474
f 7441 7474 7444
f 7475 7476 7477
f 7475 7477 7478
f 6982 7478 6983
f 6982 7475 7478
f 6982 6963 7475
f 6963 7454 7475
f 7454 7453 7476
f 7454 7476 7475
f 7479 7481 7480
f 7479 7482 7481
f 6986 7482 7479
f 6986 6987 7482
f 6986 7479 6967
f 6967 7479 7458
f 7458 7479 7480
f 7458 7480 7457
f 7483 7484 7485
f 7483 7485 7486
f 7483 7486 7487
f 7483 7487 7488
f 7483 7488 7489
f 7483 7489 7484
f 7488 7490 7489
f 7488 7491 7490
f 7488 7487 7492
f 7488 7492 7491
f 7491 7492 7493
f 7491 7493 7494
f 7464 7494 7465
f 7464 7491 7494
f 7464 7462 7490
f 7464 7490 7491
f 7465 7494 7495
f 7494 7493 7496
f 7494 7496 7495
f 7495 7496 7497
f 7495 7497 7498
f 7466 7498 7467
f 7466 7495 7498
f 7466 7465 7495
f 7467 7498 7499
f 7498 7497 7500
f 7498 7500 7499
f 7499 7500 7501
f 7499 7501 7502
f 7499 7502 7503
f 7467 7503 7470
f 7467 7499 7503
f 7502 7504 7503
f 7502 7501 7504
f 7505 7506 7507
f 7505 7507 7508
f 6990 7508 6991
f 6990 7505 7508
f 6990 6983 7505
f 6983 7478 7505
f 7478 7477 7506
f 7478 7506 7505
f 7509 7511 7510
f 7509 7512 7511
f 6994 7512 7509
f 6994 6995 7512
f 6994 7509 6987
f 6987 7509 7482
f 7482 7509 7510
f 7482 7510 7481
f 7513 7514 7515
f 7513 7515 7516
f 7513 7516 7517
f 7513 7517 7518
f 7513 7518 7519
f 7513 7519 7514
f 7518 7520 7519
f 7518 7521 7520
f 7518 7517 7522
f 7518 7522 7521
f 7521 7522 7523
f 7521 7523 7524
f 7486 7524 7487
f 7486 7521 7524
f 7486 7485 7520
f 7486 7520 7521
f 7487 7524 7525
f 7524 7523 7526
f 7524 7526 7525
f 6998 7526 6999
f 6998 7525 7526
f 6998 7002 7527
f 6998 7527 7525
f 7492 7527 7493
f 7492 7525 7527
f 7492 7487 7525
f 7493 7527 7528
f 7527 7002 7528
f 7002 7003 7528
f 7003 7006 7529
f 7003 7529 7528
f 7496 7529 7497
f 7496 7528 7529
f 7496 7493 7528
f 7497 7529 7530
f 7529 7006 7530
f 7006 7007 7531
f 7006 7531 7530
f 7530 7531 7532
f 7500 7532 7501
f 7500 7530 7532
f 7500 7497 7530
f 7501 7532 7533
f 7532 7531 7534
f 7532 7534 7533
f 7533 7534 7535
f 7533 7535 7536
f 7533 7536 7537
f 7501 7537 7504
f 7501 7533 7537
f 7536 7538 7537
f 7536 7535 7538
f 7539 7540 7541
f 7539 7541 7542
f 7010 7542 7011
f 7010 7539 7542
f 7010 6991 7539
f 6991 7508 7539
f 7508 7507 7540
f 7508 7540 7539
f 7014 7015 7543
f 7014 7544 6995
f 7014 7543 7544
f 6995 7545 7512
f 6995 7544 7545
f 7512 7545 7511
f 7544 7546 7545
f 7544 7543 7546
f 7547 7548 7549
f 7547 7549 7550
f 7547 7550 7551
f 7547 7551 7552
f 7547 7552 7553
f 7547 7553 7548
f 7552 7554 7553
f 7552 7555 7554
f 7552 7551 7556
f 7552 7556 7555
f 7018 7556 7019
f 7018 7555 7556
f 7018 7022 7557
f 7018 7557 7555
f 7516 7557 7517
f 7516 7555 7557
f 7516 7515 7554
f 7516 7554 7555
f 7517 7557 7558
f 7557 7022 7558
f 7022 7023 7558
f 7023 7026 7559
f 7023 7559 7558
f 7522 7559 7523
f 7522 7558 7559
f 7522 7517 7558
f 7523 7559 7560
f 7559 7026 7560
f 7026 7027 7560
f 7027 6999 7560
f 6999 7526 7560
f 7526 7523 7560
f 7007 7030 7561
f 7007 7561 7531
f 7531 7561 7562
f 7561 7030 7562
f 7030 7031 7562
f 7031 7034 7563
f 7031 7563 7562
f 7534 7563 7535
f 7534 7562 7563
f 7534 7531 7562
f 7535 7563 7564
f 7563 7034 7564
f 7034 7035 7565
f 7034 7565 7564
f 7564 7565 7566
f 7564 7566 7567
f 7535 7567 7538
f 7535 7564 7567
f 7566 7568 7567
f 7566 7565 7568
f 7569 7570 7571
f 7569 7571 7572
f 7569 7572 7573
f 7569 7573 7574
f 7569 7574 7575
f 7569 7575 7570
f 7574 7576 7575
f 7574 7577 7576
f 7574 7573 7578
f 7574 7578 7577
f 7038 7578 7039
f 7038 7577 7578
f 7038 7011 7577
f 7011 7542 7577
f 7542 7541 7576
f 7542 7576 7577
f 7015 7042 7579
f 7015 7579 7543
f 7543 7581 7580
f 7543 7579 7581
f 7579 7582 7581
f 7579 7042 7582
f 7042 7043 7582
f 7543 7580 7546
f 7583 7584 7585
f 7583 7585 7586
f 7583 7586 7587
f 7583 7587 7588
f 7583 7588 7589
f 7583 7589 7584
f 7588 7590 7589
f 7588 7591 7590
f 7588 7587 7592
f 7588 7592 7591
f 7046 7592 7047
f 7046 7591 7592
f 7046 7050 7593
f 7046 7593 7591
f 7550 7593 7551
f 7550 7591 7593
f 7550 7549 7590
f 7550 7590 7591
f 7551 7593 7594
f 7593 7050 7594
f 7050 7051 7594
f 7051 7019 7594
f 7019 7556 7594
f 7556 7551 7594
f 7035 7054 7595
f 7035 7595 7565
f 7565 7595 7596
f 7595 7054 7596
f 7054 7055 7597
f 7054 7597 7596
f 7596 7597 7598
f 7596 7598 7599
f 7565 7599 7568
f 7565 7596 7599
f 7598 7600 7599
f 7598 7597 7600
f 7601 7602 7603
f 7601 7603 7604
f 7058 7604 7059
f 7058 7601 7604
f 7058 7062 7605
f 7058 7605 7601
f 7572 7605 7573
f 7572 7601 7605
f 7572 7571 7602
f 7572 7602 7601
f 7573 7605 7606
f 7605 7062 7606
f 7062 7063 7606
f 7063 7039 7606
f 7039 7578 7606
f 7578 7573 7606
f 7066 7067 7607
f 7066 7608 7043
f 7066 7607 7608
f 7043 7609 7582
f 7043 7608 7609
f 7582 7609 7581
f 7608 7610 7609
f 7608 7607 7610
f 7611 7612 7613
f 7611 7613 7614
f 7611 7614 7615
f 7611 7615 7616
f 7611 7616 7617
f 7611 7617 7612
f 7616 7618 7617
f 7616 7619 7618
f 7616 7615 7620
f 7616 7620 7619
f 7070 7620 7071
f 7070 7619 7620
f 7070 7074 7621
f 7070 7621 7619
f 7586 7621 7587
f 7586 7619 7621
f 7586 7585 7618
f 7586 7618 7619
f 7587 7621 7622
f 7621 7074 7622
f 7074 7075 7622
f 7075 7047 7622
f 7047 7592 7622
f 7592 7587 7622
f 7055 7078 7623
f 7055 7623 7597
f 7597 7623 7624
f 7623 7078 7624
f 7078 7079 7625
f 7078 7625 7624
f 7624 7625 7626
f 7624 7626 7627
f 7597 7627 7600
f 7597 7624 7627
f 7626 7628 7627
f 7626 7625 7628
f 7629 7630 7631
f 7629 7631 7632
f 7629 7632 7633
f 7629 7633 7634
f 7629 7634 7635
f 7629 7635 7630
f 7634 7636 7635
f 7634 7637 7636
f 7634 7633 7638
f 7634 7638 7637
f 7082 7638 7083
f 7082 7637 7638
f 7082 7059 7637
f 7059 7604 7637
f 7604 7603 7636
f 7604 7636 7637
f 7086 7087 7639
f 7086 7640 7067
f 7086 7639 7640
f 7067 7640 7607
f 7607 7642 7641
f 7607 7640 7642
f 7640 7639 7642
f 7607 7641 7610
f 7643 7644 7645
f 7643 7645 7646
f 7643 7646 7647
f 7643 7647 7648
f 7643 7648 7649
f 7643 7649 7644
f 7648 7650 7649
f 7648 7651 7650
f 7648 7647 7652
f 7648 7652 7651
f 7651 7652 7653
f 7651 7653 7654
f 7614 7654 7615
f 7614 7651 7654
f 7614 7613 7650
f 7614 7650 7651
f 7615 7654 7655
f 7654 7653 7656
f 7654 7656 7655
f 7092 7656 7093
f 7092 7655 7656
f 7092 7071 7655
f 7071 7620 7655
f 7620 7615 7655
f 7096 7097 7657
f 7096 7658 7079
f 7096 7657 7658
f 7079 7658 7625
f 7625 7658 7659
f 7658 7657 7660
f 7658 7660 7659
f 7659 7660 7661
f 7659 7661 7662
f 7659 7662 7663
f 7625 7663 7628
f 7625 7659 7663
f 7662 7664 7663
f 7662 7661 7664
f 7665 7666 7667
f 7665 7667 7668
f 7665 7668 7669
f 7665 7669 7670
f 7632 7670 7633
f 7632 7665 7670
f 7632 7631 7666
f 7632 7666 7665
f 7633 7670 7671
f 7670 7669 7672
f 7670 7672 7671
f 7101 7672 7102
f 7101 7671 7672
f 7101 7083 7671
f 7083 7638 7671
f 7638 7633 7671
f 7087 7103 7673
f 7087 7673 7639
f 7639 7673 7674
f 7673 7103 7674
f 7103 7105 7675
f 7103 7675 7674
f 7674 7675 7676
f 7674 7676 7677
f 7639 7677 7642
f 7639 7674 7677
f 7676 7678 7677
f 7676 7679 7678
f 7676 7675 7680
f 7676 7680 7679
f 7679 7680 7681
f 7679 7681 7682
f 7646 7682 7647
f 7646 7679 7682
f 7646 7645 7678
f 7646 7678 7679
f 7647 7682 7683
f 7682 7681 7684
f 7682 7684 7683
f 7108 7684 7109
f 7108 7683 7684
f 7108 7112 7685
f 7108 7685 7683
f 7652 7685 7653
f 7652 7683 7685
f 7652 7647 7683
f 7653 7685 7686
f 7685 7112 7686
f 7112 7113 7686
f 7113 7093 7686
f 7093 7656 7686
f 7656 7653 7686
f 7097 7116 7687
f 7097 7687 7657
f 7657 7687 7688
f 7687 7116 7688
f 7116 7117 7689
f 7116 7689 7688
f 7688 7689 7690
f 7660 7690 7661
f 7660 7688 7690
f 7660 7657 7688
f 7661 7690 7691
f 7690 7689 7692
f 7690 7692 7691
f 7691 7692 7693
f 7691 7693 7694
f 7691 7694 7695
f 7661 7695 7664
f 7661 7691 7695
f 7694 7696 7695
f 7694 7697 7696
f 7694 7693 7698
f 7694 7698 7697
f 7120 7698 7121
f 7120 7697 7698
f 7120 7123 7699
f 7120 7699 7697
f 7668 7699 7669
f 7668 7697 7699
f 7668 7667 7696
f 7668 7696 7697
f 7669 7699 7700
f 7699 7123 7700
f 7123 7124 7700
f 7124 7102 7700
f 7102 7672 7700
f 7672 7669 7700
f 7126 7127 7701
f 7126 7702 7105
f 7126 7701 7702
f 7105 7702 7675
f 7675 7702 7703
f 7702 7701 7704
f 7702 7704 7703
f 7703 7704 7705
f 7703 7705 7706
f 7680 7706 7681
f 7680 7703 7706
f 7680 7675 7703
f 7681 7706 7707
f 7706 7705 7708
f 7706 7708 7707
f 7130 7708 7131
f 7130 7707 7708
f 7130 7109 7707
f 7109 7684 7707
f 7684 7681 7707
f 7134 7135 7709
f 7134 7710 7117
f 7134 7709 7710
f 7117 7710 7689
f 7689 7710 7711
f 7710 7709 7712
f 7710 7712 7711
f 7711 7712 7713
f 7711 7713 7714
f 7692 7714 7693
f 7692 7711 7714
f 7692 7689 7711
f 7693 7714 7715
f 7714 7713 7716
f 7714 7716 7715
f 7138 7716 7139
f 7138 7715 7716
f 7138 7121 7715
f 7121 7698 7715
f 7698 7693 7715
f 7142 7143 7717
f 7142 7717 7147
f 7718 7720 7719
f 7147 7720 7718
f 7147 7717 7720
f 7147 7718 7149
f 7149 7718 7127
f 7127 7718 7721
f 7127 7721 7701
f 7718 7719 7721
f 7701 7721 7722
f 7701 7722 7723
f 7723 7722 7724
f 7723 7724 7725
f 7723 7725 7726
f 7704 7726 7705
f 7704 7723 7726
f 7704 7701 7723
f 7705 7726 7727
f 7726 7725 7728
f 7726 7728 7727
f 7727 7728 7729
f 7131 7729 7152
f 7131 7727 7729
f 7131 7708 7727
f 7708 7705 7727
f 7152 7729 7730
f 7152 7730 7153
f 7156 7157 7731
f 7156 7731 7160
f 7160 7731 7732
f 7160 7733 7162
f 7160 7732 7733
f 7162 7734 7135
f 7162 7733 7734
f 7135 7734 7709
f 7709 7736 7735
f 7709 7734 7736
f 7734 7733 7736
f 7712 7737 7713
f 7712 7735 7737
f 7712 7709 7735
f 7713 7737 7738
f 7713 7738 7739
f 7739 7738 7740
f 7739 7740 7741
f 7139 7741 7165
f 7139 7739 7741
f 7139 7716 7739
f 7716 7713 7739
f 7165 7741 7742
f 7165 7742 7166
f 7168 7169 7743
f 7168 7744 7143
f 7168 7743 7744
f 7143 7744 7717
f 7717 7746 7745
f 7717 7744 7746
f 7744 7743 7746
f 7717 7745 7720
f 7724 7747 7725
f 7724 7722 7747
f 7725 7747 7748
f 7725 7748 7749
f 7749 7748 7750
f 7749 7750 7751
f 7749 7751 7752
f 7728 7752 7729
f 7728 7749 7752
f 7728 7725 7749
f 7729 7752 7753
f 7752 7751 7754
f 7752 7754 7753
f 7174 7754 7175
f 7174 7753 7754
f 7174 7153 7753
f 7153 7730 7753
f 7730 7729 7753
f 7178 7179 7755
f 7178 7756 7157
f 7178 7755 7756
f 7157 7756 7731
f 7731 7758 7757
f 7731 7756 7758
f 7756 7755 7758
f 7732 7759 7733
f 7732 7757 7759
f 7732 7731 7757
f 7733 7759 7760
f 7733 7760 7736
f 7761 7762 7763
f 7761 7763 7764
f 7761 7764 7765
f 7761 7765 7766
f 7740 7766 7741
f 7740 7761 7766
f 7740 7738 7762
f 7740 7762 7761
f 7741 7766 7767
f 7766 7765 7768
f 7766 7768 7767
f 7183 7768 7182
f 7183 7767 7768
f 7183 7166 7767
f 7166 7742 7767
f 7742 7741 7767
f 7769 7771 7770
f 7769 7772 7771
f 7186 7772 7769
f 7186 7187 7772
f 7186 7769 7169
f 7169 7769 7773
f 7169 7773 7743
f 7769 7770 7773
f 7743 7773 7774
f 7743 7774 7746
f 7750 7775 7751
f 7750 7748 7775
f 7751 7775 7776
f 7751 7776 7777
f 7777 7776 7778
f 7777 7778 7779
f 7175 7779 7190
f 7175 7777 7779
f 7175 7754 7777
f 7754 7751 7777
f 7190 7779 7780
f 7190 7780 7191
f 7194 7195 7781
f 7194 7781 7198
f 7782 7784 7783
f 7198 7784 7782
f 7198 7781 7784
f 7198 7782 7200
f 7200 7782 7179
f 7179 7782 7785
f 7179 7785 7755
f 7782 7783 7785
f 7755 7785 7786
f 7755 7786 7758
f 7764 7787 7765
f 7764 7763 7787
f 7765 7787 7788
f 7765 7788 7789
f 7789 7788 7790
f 7202 7790 7203
f 7202 7789 7790
f 7202 7182 7789
f 7182 7768 7789
f 7768 7765 7789
f 7206 7207 7791
f 7206 7791 7210
f 7792 7794 7793
f 7210 7794 7792
f 7210 7791 7794
f 7210 7792 7212
f 7212 7792 7187
f 7187 7792 7772
f 7772 7792 7793
f 7772 7793 7771
f 7778 7795 7779
f 7778 7776 7795
f 7779 7795 7796
f 7779 7796 7797
f 7797 7796 7798
f 7797 7798 7799
f 7191 7799 7214
f 7191 7797 7799
f 7191 7780 7797
f 7780 7779 7797
f 7214 7799 7800
f 7214 7800 7215
f 7218 7219 7801
f 7218 7801 7222
f 7802 7804 7803
f 7222 7804 7802
f 7222 7801 7804
f 7222 7802 7224
f 7224 7802 7195
f 7195 7802 7805
f 7195 7805 7781
f 7802 7803 7805
f 7781 7805 7806
f 7781 7806 7784
f 7807 7808 7809
f 7807 7809 7810
f 7807 7810 7811
f 7203 7811 7226
f 7203 7807 7811
f 7203 7790 7807
f 7790 7788 7808
f 7790 7808 7807
f 7226 7811 7812
f 7226 7812 7227
f 7813 7815 7814
f 7813 7816 7815
f 7230 7816 7813
f 7230 7231 7816
f 7230 7813 7207
f 7207 7813 7817
f 7207 7817 7791
f 7813 7814 7817
f 7791 7817 7818
f 7791 7818 7794
f 7798 7819 7799
f 7798 7796 7819
f 7799 7819 7820
f 7799 7820 7821
f 7821 7820 7822
f 7821 7822 7823
f 7215 7823 7234
f 7215 7821 7823
f 7215 7800 7821
f 7800 7799 7821
f 7234 7823 7824
f 7234 7825 7236
f 7234 7824 7825
f 7236 7825 7238
f 7238 7825 7826
f 7238 7826 7239
f 7242 7243 7827
f 7242 7827 7246
f 7246 7827 7828
f 7246 7829 7248
f 7246 7828 7829
f 7248 7829 7250
f 7830 7832 7831
f 7250 7832 7830
f 7250 7829 7832
f 7250 7830 7252
f 7252 7830 7219
f 7219 7830 7833
f 7219 7833 7801
f 7830 7831 7833
f 7801 7833 7834
f 7801 7834 7804
f 7810 7835 7811
f 7810 7809 7835
f 7811 7835 7836
f 7811 7836 7837
f 7837 7836 7838
f 7254 7838 7255
f 7254 7837 7838
f 7254 7227 7837
f 7227 7812 7837
f 7812 7811 7837
f 7839 7841 7840
f 7839 7842 7841
f 7258 7842 7839
f 7258 7259 7842
f 7258 7839 7231
f 7231 7839 7816
f 7816 7839 7840
f 7816 7840 7815
f 7822 7843 7823
f 7822 7820 7843
f 7823 7843 7844
f 7823 7844 7845
f 7845 7844 7846
f 7845 7846 7847
f 7845 7847 7848
f 7824 7848 7825
f 7824 7845 7848
f 7824 7823 7845
f 7825 7848 7849
f 7848 7847 7850
f 7848 7850 7849
f 7849 7850 7851
f 7239 7851 7262
f 7239 7849 7851
f 7239 7826 7849
f 7826 7825 7849
f 7262 7851 7852
f 7262 7853 7264
f 7262 7852 7853
f 7264 7853 7266
f 7266 7853 7854
f 7266 7855 7268
f 7266 7854 7855
f 7268 7856 7243
f 7268 7855 7856
f 7243 7856 7827
f 7827 7858 7857
f 7827 7856 7858
f 7856 7855 7858
f 7828 7859 7829
f 7828 7857 7859
f 7828 7827 7857
f 7829 7859 7860
f 7829 7860 7832
f 7861 7862 7863
f 7861 7863 7864
f 7270 7864 7271
f 7270 7861 7864
f 7270 7255 7861
f 7255 7838 7861
f 7838 7836 7862
f 7838 7862 7861
f 7865 7867 7866
f 7865 7868 7867
f 7274 7868 7865
f 7274 7275 7868
f 7274 7865 7259
f 7259 7865 7842
f 7842 7865 7866
f 7842 7866 7841
f 7846 7869 7847
f 7846 7844 7869
f 7847 7869 7870
f 7847 7870 7871
f 7871 7870 7872
f 7871 7872 7873
f 7871 7873 7874
f 7850 7874 7851
f 7850 7871 7874
f 7850 7847 7871
f 7851 7874 7875
f 7874 7873 7876
f 7874 7876 7875
f 7875 7876 7877
f 7875 7877 7878
f 7852 7878 7853
f 7852 7875 7878
f 7852 7851 7875
f 7853 7880 7879
f 7853 7878 7880
f 7878 7877 7880
f 7854 7881 7855
f 7854 7879 7881
f 7854 7853 7879
f 7855 7881 7882
f 7855 7882 7858
f 7883 7884 7885
f 7883 7885 7886
f 7278 7886 7279
f 7278 7883 7886
f 7278 7271 7883
f 7271 7864 7883
f 7864 7863 7884
f 7864 7884 7883
f 7887 7889 7888
f 7887 7890 7889
f 7282 7890 7887
f 7282 7283 7890
f 7282 7887 7275
f 7275 7887 7868
f 7868 7887 7888
f 7868 7888 7867
f 7891 7892 7893
f 7891 7893 7894
f 7891 7894 7895
f 7891 7895 7896
f 7891 7896 7897
f 7891 7897 7892
f 7896 7898 7897
f 7896 7899 7898
f 7896 7895 7900
f 7896 7900 7899
f 7899 7900 7901
f 7899 7901 7902
f 7899 7902 7903
f 7899 7903 7898
f 7902 7904 7903
f 7902 7905 7904
f 7902 7901 7906
f 7902 7906 7905
f 7287 7906 7288
f 7287 7905 7906
f 7287 7290 7907
f 7287 7907 7905
f 7872 7907 7873
f 7872 7905 7907
f 7872 7870 7904
f 7872 7904 7905
f 7873 7907 7908
f 7907 7290 7908
f 7290 7291 7908
f 7291 7294 7909
f 7291 7909 7908
f 7876 7909 7877
f 7876 7908 7909
f 7876 7873 7908
f 7877 7909 7910
f 7909 7294 7910
f 7294 7295 7911
f 7294 7911 7910
f 7910 7911 7912
f 7910 7912 7913
f 7877 7913 7880
f 7877 7910 7913
f 7912 7914 7913
f 7912 7915 7914
f 7912 7911 7916
f 7912 7916 7915
f 7915 7916 7917
f 7915 7917 7918
f 7915 7918 7919
f 7915 7919 7914
f 7918 7920 7919
f 7918 7917 7920
f 7921 7922 7923
f 7921 7923 7924
f 7300 7924 7301
f 7300 7921 7924
f 7300 7279 7921
f 7279 7886 7921
f 7886 7885 7922
f 7886 7922 7921
f 7283 7304 7925
f 7283 7926 7890
f 7283 7925 7926
f 7890 7926 7889
f 7925 7927 7926
f 7925 7928 7927
f 7925 7304 7928
f 7304 7305 7928
f 7929 7930 7931
f 7929 7931 7932
f 7929 7932 7933
f 7929 7933 7934
f 7929 7934 7935
f 7929 7935 7930
f 7934 7936 7935
f 7934 7937 7936
f 7934 7933 7938
f 7934 7938 7937
f 7308 7938 7309
f 7308 7937 7938
f 7308 7312 7939
f 7308 7939 7937
f 7937 7939 7940
f 7937 7940 7936
f 7939 7941 7940
f 7939 7942 7941
f 7939 7312 7942
f 7312 7313 7942
f 7313 7316 7943
f 7313 7943 7942
f 7894 7943 7895
f 7894 7942 7943
f 7894 7893 7941
f 7894 7941 7942
f 7895 7943 7944
f 7943 7316 7944
f 7316 7317 7944
f 7317 7319 7945
f 7317 7945 7944
f 7900 7945 7901
f 7900 7944 7945
f 7900 7895 7944
f 7901 7945 7946
f 7945 7319 7946
f 7319 7320 7946
f 7320 7288 7946
f 7288 7906 7946
f 7906 7901 7946
f 7295 7321 7947
f 7295 7947 7911
f 7911 7947 7948
f 7947 7321 7948
f 7321 7322 7948
f 7322 7324 7949
f 7322 7949 7948
f 7916 7949 7917
f 7916 7948 7949
f 7916 7911 7948
f 7917 7949 7950
f 7949 7324 7950
f 7324 7325 7950
f 7325 7328 7951
f 7325 7951 7950
f 7950 7951 7952
f 7917 7952 7920
f 7917 7950 7952
f 7951 7953 7952
f 7951 7954 7953
f 7951 7328 7954
f 7328 7329 7955
f 7328 7955 7954
f 7954 7955 7956
f 7954 7956 7957
f 7954 7957 7953
f 7956 7958 7957
f 7956 7955 7958
f 7959 7960 7961
f 7959 7961 7962
f 7332 7962 7333
f 7332 7959 7962
f 7332 7336 7963
f 7332 7963 7959
f 7959 7963 7964
f 7959 7964 7960
f 7963 7965 7964
f 7963 7966 7965
f 7963 7336 7966
f 7336 7337 7966
f 7337 7301 7966
f 7301 7924 7966
f 7924 7923 7965
f 7924 7965 7966
f 7305 7340 7967
f 7305 7968 7928
f 7305 7967 7968
f 7928 7968 7927
f 7967 7969 7968
f 7967 7970 7969
f 7967 7340 7970
f 7340 7341 7970
f 7341 7344 7971
f 7341 7971 7970
f 7970 7971 7972
f 7970 7972 7969
f 7971 7973 7972
f 7971 7974 7973
f 7971 7344 7974
f 7344 7345 7974
f 7345 7348 7975
f 7345 7975 7974
f 7974 7975 7976
f 7974 7976 7973
f 7975 7977 7976
f 7975 7978 7977
f 7975 7348 7978
f 7348 7349 7978
f 7349 7352 7979
f 7349 7979 7978
f 7978 7979 7980
f 7978 7980 7977
f 7979 7981 7980
f 7979 7982 7981
f 7979 7352 7982
f 7352 7353 7982
f 7353 7356 7983
f 7353 7983 7982
f 7932 7983 7933
f 7932 7982 7983
f 7932 7931 7981
f 7932 7981 7982
f 7933 7983 7984
f 7983 7356 7984
f 7356 7357 7984
f 7357 7309 7984
f 7309 7938 7984
f 7938 7933 7984
f 7329 7360 7985
f 7329 7985 7955
f 7955 7985 7986
f 7985 7360 7986
f 7360 7361 7986
f 7361 7364 7987
f 7361 7987 7986
f 7986 7987 7988
f 7955 7988 7958
f 7955 7986 7988
f 7987 7989 7988
f 7987 7990 7989
f 7987 7364 7990
f 7364 7365 7990
f 7365 7368 7991
f 7365 7991 7990
f 7990 7991 7992
f 7990 7992 7989
f 7991 7993 7992
f 7991 7994 7993
f 7991 7368 7994
f 7368 7369 7994
f 7369 7372 7995
f 7369 7995 7994
f 7994 7995 7996
f 7994 7996 7993
f 7995 7997 7996
f 7995 7998 7997
f 7995 7372 7998
f 7372 7373 7998
f 7373 7376 7999
f 7373 7999 7998
f 7998 7999 8000
f 7998 8000 7997
f 7999 8001 8000
f 7999 8002 8001
f 7999 7376 8002
f 7376 7377 8002
f 7377 7333 8002
f 7333 7962 8002
f 7962 7961 8001
f 7962 8001 8002
f 7380 7381 8003
f 7380 8003 7384
f 7384 8003 8004
f 7384 8005 7386
f 7384 8004 8005
f 7386 8005 7388
f 7388 8005 8006
f 7388 8007 7390
f 7388 8006 8007
f 7390 8007 7392
f 7392 8007 8008
f 7392 8009 7394
f 7392 8008 8009
f 7394 8009 7396
f 7396 8009 8010
f 7396 8010 7397
f 7403 7404 8011
f 7403 8011 7406
f 7406 8011 8012
f 7406 8013 7408
f 7406 8012 8013
f 7408 8013 7410
f 7410 8013 8014
f 7410 8015 7412
f 7410 8014 8015
f 7412 8015 7414
f 7414 8015 8016
f 7414 8017 7416
f 7414 8016 8017
f 7416 8017 7418
f 7418 8017 8018
f 7418 8018 7419
f 7422 7423 8019
f 7422 8019 7426
f 8020 8022 8021
f 7426 8022 8020
f 7426 8019 8022
f 7426 8020 7428
f 7428 8020 7381
f 7381 8020 8023
f 7381 8023 8003
f 8020 8021 8023
f 8003 8023 8024
f 8004 8025 8005
f 8004 8024 8025
f 8004 8003 8024
f 8005 8025 8026
f 8006 8027 8007
f 8006 8026 8027
f 8006 8005 8026
f 8007 8027 8028
f 8008 8029 8009
f 8008 8028 8029
f 8008 8007 8028
f 8009 8029 8030
f 8009 8030 8031
f 8031 8030 8032
f 8031 8032 8033
f 7397 8033 7429
f 7397 8031 8033
f 7397 8010 8031
f 8010 8009 8031
f 7429 8033 8034
f 7429 8035 7430
f 7429 8034 8035
f 7430 8035 7432
f 7432 8035 8036
f 7432 8036 7433
f 7443 7444 8037
f 7443 8037 7446
f 7446 8037 8038
f 7446 8039 7448
f 7446 8038 8039
f 7448 8039 7449
f 8040 8042 8041
f 7449 8042 8040
f 7449 8039 8042
f 7449 8040 7450
f 7450 8040 7404
f 7404 8040 8043
f 7404 8043 8011
f 8040 8041 8043
f 8011 8043 8044
f 8012 8045 8013
f 8012 8044 8045
f 8012 8011 8044
f 8013 8045 8046
f 8014 8047 8015
f 8014 8046 8047
f 8014 8013 8046
f 8015 8047 8048
f 8016 8049 8017
f 8016 8048 8049
f 8016 8015 8048
f 8017 8049 8050
f 8017 8050 8051
f 8051 8050 8052
f 8051 8052 8053
f 7419 8053 7452
f 7419 8051 8053
f 7419 8018 8051
f 8018 8017 8051
f 7452 8053 8054
f 7452 8054 7453
f 7456 7457 8055
f 7456 8056 7423
f 7456 8055 8056
f 7423 8056 8019
f 8019 8058 8057
f 8019 8056 8058
f 8056 8055 8058
f 8019 8057 8022
f 8032 8059 8033
f 8032 8030 8059
f 8033 8059 8060
f 8033 8060 8061
f 8061 8060 8062
f 8061 8062 8063
f 8061 8063 8064
f 8034 8064 8035
f 8034 8061 8064
f 8034 8033 8061
f 8035 8064 8065
f 8064 8063 8066
f 8064 8066 8065
f 8065 8066 8067
f 7433 8067 7459
f 7433 8065 8067
f 7433 8036 8065
f 8036 8035 8065
f 7459 8067 8068
f 7459 8069 7460
f 7459 8068 8069
f 7460 8069 7461
f 7461 8069 8070
f 7461 8070 7462
f 7469 7470 8071
f 7469 8071 7471
f 7471 8071 8072
f 7471 8073 7472
f 7471 8072 8073
f 7472 8073 7473
f 7473 8073 8074
f 7473 8075 7474
f 7473 8074 8075
f 7474 8076 7444
f 7474 8075 8076
f 7444 8076 8037
f 8037 8078 8077
f 8037 8076 8078
f 8076 8075 8078
f 8038 8079 8039
f 8038 8077 8079
f 8038 8037 8077
f 8039 8079 8080
f 8039 8080 8042
f 8081 8082 8083
f 8081 8083 8084
f 8081 8084 8085
f 8081 8085 8086
f 8052 8086 8053
f 8052 8081 8086
f 8052 8050 8082
f 8052 8082 8081
f 8053 8086 8087
f 8086 8085 8088
f 8086 8088 8087
f 7476 8088 7477
f 7476 8087 8088
f 7476 7453 8087
f 7453 8054 8087
f 8054 8053 8087
f 7480 7481 8089
f 7480 8090 7457
f 7480 8089 8090
f 7457 8090 8055
f 8055 8092 8091
f 8055 8090 8092
f 8090 8089 8092
f 8055 8091 8058
f 8093 8094 8095
f 8093 8095 8096
f 8093 8096 8097
f 8093 8097 8098
f 8062 8098 8063
f 8062 8093 8098
f 8062 8060 8094
f 8062 8094 8093
f 8063 8098 8099
f 8098 8097 8100
f 8098 8100 8099
f 8099 8100 8101
f 8099 8101 8102
f 8066 8102 8067
f 8066 8099 8102
f 8066 8063 8099
f 8067 8102 8103
f 8102 8101 8104
f 8102 8104 8103
f 7484 8104 7485
f 7484 8103 8104
f 7484 7489 8105
f 7484 8105 8103
f 8068 8105 8069
f 8068 8103 8105
f 8068 8067 8103
f 8069 8105 8106
f 8105 7489 8106
f 7489 7490 8106
f 7490 7462 8106
f 7462 8070 8106
f 8070 8069 8106
f 7470 7503 8107
f 7470 8107 8071
f 8071 8107 8108
f 8107 7503 8108
f 7503 7504 8109
f 7503 8109 8108
f 8108 8109 8110
f 8072 8110 8073
f 8072 8108 8110
f 8072 8071 8108
f 8073 8110 8111
f 8110 8109 8112
f 8110 8112 8111
f 8111 8112 8113
f 8111 8113 8114
f 8074 8114 8075
f 8074 8111 8114
f 8074 8073 8111
f 8075 8116 8115
f 8075 8114 8116
f 8114 8113 8116
f 8075 8115 8078
f 8117 8118 8119
f 8117 8119 8120
f 8117 8120 8121
f 8117 8121 8122
f 8084 8122 8085
f 8084 8117 8122
f 8084 8083 8118
f 8084 8118 8117
f 8085 8122 8123
f 8122 8121 8124
f 8122 8124 8123
f 7506 8124 7507
f 7506 8123 8124
f 7506 7477 8123
f 7477 8088 8123
f 8088 8085 8123
f 7510 7511 8125
f 7510 8126 7481
f 7510 8125 8126
f 7481 8126 8089
f 8089 8128 8127
f 8089 8126 8128
f 8126 8125 8128
f 8089 8127 8092
f 8129 8130 8131
f 8129 8131 8132
f 8129 8132 8133
f 8129 8133 8134
f 8129 8134 8135
f 8129 8135 8130
f 8134 8136 8135
f 8134 8137 8136
f 8134 8133 8138
f 8134 8138 8137
f 8137 8138 8139
f 8137 8139 8140
f 8096 8140 8097
f 8096 8137 8140
f 8096 8095 8136
f 8096 8136 8137
f 8097 8140 8141
f 8140 8139 8142
f 8140 8142 8141
f 7514 8142 7515
f 7514 8141 8142
f 7514 7519 8143
f 7514 8143 8141
f 8100 8143 8101
f 8100 8141 8143
f 8100 8097 8141
f 8101 8143 8144
f 8143 7519 8144
f 7519 7520 8144
f 7520 7485 8144
f 7485 8104 8144
f 8104 8101 8144
f 7504 7537 8145
f 7504 8145 8109
f 8109 8145 8146
f 8145 7537 8146
f 7537 7538 8147
f 7537 8147 8146
f 8146 8147 8148
f 8112 8148 8113
f 8112 8146 8148
f 8112 8109 8146
f 8113 8148 8149
f 8148 8147 8150
f 8148 8150 8149
f 8149 8150 8151
f 8149 8151 8152
f 8149 8152 8153
f 8113 8153 8116
f 8113 8149 8153
f 8152 8154 8153
f 8152 8151 8154
f 8155 8156 8157
f 8155 8157 8158
f 8155 8158 8159
f 8155 8159 8160
f 8120 8160 8121
f 8120 8155 8160
f 8120 8119 8156
f 8120 8156 8155
f 8121 8160 8161
f 8160 8159 8162
f 8160 8162 8161
f 7540 8162 7541
f 7540 8161 8162
f 7540 7507 8161
f 7507 8124 8161
f 8124 8121 8161
f 7511 7545 8163
f 7511 8163 8125
f 8125 8163 8164
f 8163 7545 8164
f 7545 7546 8165
f 7545 8165 8164
f 8164 8165 8166
f 8164 8166 8167
f 8125 8167 8128
f 8125 8164 8167
f 8166 8168 8167
f 8166 8165 8168
f 8169 8170 8171
f 8169 8171 8172
f 8169 8172 8173
f 8169 8173 8174
f 8169 8174 8175
f 8169 8175 8170
f 8174 8176 8175
f 8174 8177 8176
f 8174 8173 8178
f 8174 8178 8177
f 8177 8178 8179
f 8177 8179 8180
f 8132 8180 8133
f 8132 8177 8180
f 8132 8131 8176
f 8132 8176 8177
f 8133 8180 8181
f 8180 8179 8182
f 8180 8182 8181
f 7548 8182 7549
f 7548 8181 8182
f 7548 7553 8183
f 7548 8183 8181
f 8138 8183 8139
f 8138 8181 8183
f 8138 8133 8181
f 8139 8183 8184
f 8183 7553 8184
f 7553 7554 8184
f 7554 7515 8184
f 7515 8142 8184
f 8142 8139 8184
f 7538 7567 8185
f 7538 8185 8147
f 8147 8185 8186
f 8185 7567 8186
f 7567 7568 8187
f 7567 8187 8186
f 8186 8187 8188
f 8150 8188 8151
f 8150 8186 8188
f 8150 8147 8186
f 8151 8188 8189
f 8188 8187 8190
f 8188 8190 8189
f 8189 8190 8191
f 8189 8191 8192
f 8189 8192 8193
f 8151 8193 8154
f 8151 8189 8193
f 8192 8194 8193
f 8192 8191 8194
f 8195 8196 8197
f 8195 8197 8198
f 8195 8198 8199
f 8195 8199 8200
f 8195 8200 8201
f 8195 8201 8196
f 8200 8202 8201
f 8200 8203 8202
f 8200 8199 8204
f 8200 8204 8203
f 7570 8204 7571
f 7570 8203 8204
f 7570 7575 8205
f 7570 8205 8203
f 8158 8205 8159
f 8158 8203 8205
f 8158 8157 8202
f 8158 8202 8203
f 8159 8205 8206
f 8205 7575 8206
f 7575 7576 8206
f 7576 7541 8206
f 7541 8162 8206
f 8162 8159 8206
f 7580 7581 8207
f 7580 8208 7546
f 7580 8207 8208
f 7546 8208 8165
f 8165 8208 8209
f 8208 8207 8210
f 8208 8210 8209
f 8209 8210 8211
f 8209 8211 8212
f 8209 8212 8213
f 8165 8213 8168
f 8165 8209 8213
f 8212 8214 8213
f 8212 8215 8214
f 8212 8211 8216
f 8212 8216 8215
f 8215 8216 8217
f 8215 8217 8218
f 8215 8218 8219
f 8215 8219 8214
f 8218 8220 8219
f 8218 8221 8220
f 8218 8217 8222
f 8218 8222 8221
f 8221 8222 8223
f 8221 8223 8224
f 8172 8224 8173
f 8172 8221 8224
f 8172 8171 8220
f 8172 8220 8221
f 8173 8224 8225
f 8224 8223 8226
f 8224 8226 8225
f 7584 8226 7585
f 7584 8225 8226
f 7584 7589 8227
f 7584 8227 8225
f 8178 8227 8179
f 8178 8225 8227
f 8178 8173 8225
f 8179 8227 8228
f 8227 7589 8228
f 7589 7590 8228
f 7590 7549 8228
f 7549 8182 8228
f 8182 8179 8228
f 7568 7599 8229
f 7568 8229 8187
f 8187 8229 8230
f 8229 7599 8230
f 7599 7600 8231
f 7599 8231 8230
f 8230 8231 8232
f 8190 8232 8191
f 8190 8230 8232
f 8190 8187 8230
f 8191 8232 8233
f 8232 8231 8234
f 8232 8234 8233
f 8233 8234 8235
f 8233 8235 8236
f 8233 8236 8237
f 8191 8237 8194
f 8191 8233 8237
f 8236 8238 8237
f 8236 8239 8238
f 8236 8235 8240
f 8236 8240 8239
f 8239 8240 8241
f 8239 8241 8242
f 8239 8242 8243
f 8239 8243 8238
f 8242 8244 8243
f 8242 8245 8244
f 8242 8241 8246
f 8242 8246 8245
f 8245 8246 8247
f 8245 8247 8248
f 8198 8248 8199
f 8198 8245 8248
f 8198 8197 8244
f 8198 8244 8245
f 8199 8248 8249
f 8248 8247 8250
f 8248 8250 8249
f 7602 8250 7603
f 7602 8249 8250
f 7602 7571 8249
f 7571 8204 8249
f 8204 8199 8249
f 7581 7609 8251
f 7581 8251 8207
f 8207 8251 8252
f 8251 7609 8252
f 7609 7610 8253
f 7609 8253 8252
f 8252 8253 8254
f 8210 8254 8211
f 8210 8252 8254
f 8210 8207 8252
f 8211 8254 8255
f 8254 8253 8256
f 8254 8256 8255
f 8255 8256 8257
f 8255 8257 8258
f 8216 8258 8217
f 8216 8255 8258
f 8216 8211 8255
f 8217 8258 8259
f 8258 8257 8260
f 8258 8260 8259
f 7612 8260 7613
f 7612 8259 8260
f 7612 7617 8261
f 7612 8261 8259
f 8222 8261 8223
f 8222 8259 8261
f 8222 8217 8259
f 8223 8261 8262
f 8261 7617 8262
f 7617 7618 8262
f 7618 7585 8262
f 7585 8226 8262
f 8226 8223 8262
f 7600 7627 8263
f 7600 8263 8231
f 8231 8263 8264
f 8263 7627 8264
f 7627 7628 8265
f 7627 8265 8264
f 8264 8265 8266
f 8234 8266 8235
f 8234 8264 8266
f 8234 8231 8264
f 8235 8266 8267
f 8266 8265 8268
f 8266 8268 8267
f 8267 8268 8269
f 8267 8269 8270
f 8240 8270 8241
f 8240 8267 8270
f 8240 8235 8267
f 8241 8270 8271
f 8270 8269 8272
f 8270 8272 8271
f 7630 8272 7631
f 7630 8271 8272
f 7630 7635 8273
f 7630 8273 8271
f 8246 8273 8247
f 8246 8271 8273
f 8246 8241 8271
f 8247 8273 8274
f 8273 7635 8274
f 7635 7636 8274
f 7636 7603 8274
f 7603 8250 8274
f 8250 8247 8274
f 7641 7642 8275
f 7641 8276 7610
f 7641 8275 8276
f 7610 8276 8253
f 8253 8276 8277
f 8276 8275 8278
f 8276 8278 8277
f 7644 8278 7645
f 7644 8277 8278
f 7644 7649 8279
f 7644 8279 8277
f 8256 8279 8257
f 8256 8277 8279
f 8256 8253 8277
f 8257 8279 8280
f 8279 7649 8280
f 7649 7650 8280
f 7650 7613 8280
f 7613 8260 8280
f 8260 8257 8280
f 7628 7663 8281
f 7628 8281 8265
f 8265 8281 8282
f 8281 7663 8282
f 7663 7664 8283
f 7663 8283 8282
f 8282 8283 8284
f 8268 8284 8269
f 8268 8282 8284
f 8268 8265 8282
f 8269 8284 8285
f 8284 8283 8286
f 8284 8286 8285
f 7666 8286 7667
f 7666 8285 8286
f 7666 7631 8285
f 7631 8272 8285
f 8272 8269 8285
f 7642 7677 8287
f 7642 8287 8275
f 8275 8287 8288
f 8287 7677 8288
f 7677 7678 8288
f 7678 7645 8288
f 7645 8278 8288
f 8278 8275 8288
f 7664 7695 8289
f 7664 8289 8283
f 8283 8289 8290
f 8289 7695 8290
f 7695 7696 8290
f 7696 7667 8290
f 7667 8286 8290
f 8286 8283 8290
f 7719 7720 8291
f 7719 8291 7721
f 7721 8291 8292
f 7721 8292 7722
f 7735 7736 8293
f 7735 8293 7737
f 7737 8293 8294
f 7737 8294 7738
f 7745 7746 8295
f 7745 8296 7720
f 7745 8295 8296
f 7720 8296 8291
f 8291 8296 8297
f 8296 8295 8298
f 8296 8298 8297
f 8297 8298 8299
f 7722 8299 7747
f 7722 8297 8299
f 7722 8292 8297
f 8292 8291 8297
f 7747 8299 8300
f 7747 8300 7748
f 7757 7758 8301
f 7757 8301 7759
f 7759 8301 8302
f 7759 8303 7760
f 7759 8302 8303
f 7760 8304 7736
f 7760 8303 8304
f 7736 8304 8293
f 8293 8304 8305
f 8304 8303 8306
f 8304 8306 8305
f 7762 8306 7763
f 7762 8305 8306
f 7762 7738 8305
f 7738 8294 8305
f 8294 8293 8305
f 7770 7771 8307
f 7770 8307 7773
f 7773 8307 8308
f 7773 8309 7774
f 7773 8308 8309
f 7774 8310 7746
f 7774 8309 8310
f 7746 8310 8295
f 8295 8310 8311
f 8310 8309 8312
f 8310 8312 8311
f 8311 8312 8313
f 8311 8313 8314
f 8298 8314 8299
f 8298 8311 8314
f 8298 8295 8311
f 8299 8314 8315
f 8314 8313 8316
f 8314 8316 8315
f 8315 8316 8317
f 7748 8317 7775
f 7748 8315 8317
f 7748 8300 8315
f 8300 8299 8315
f 7775 8317 8318
f 7775 8318 7776
f 7783 7784 8319
f 7783 8319 7785
f 7785 8319 8320
f 7785 8321 7786
f 7785 8320 8321
f 7786 8322 7758
f 7786 8321 8322
f 7758 8322 8301
f 8301 8322 8323
f 8322 8321 8324
f 8322 8324 8323
f 8323 8324 8325
f 8323 8325 8326
f 8302 8326 8303
f 8302 8323 8326
f 8302 8301 8323
f 8303 8326 8327
f 8326 8325 8328
f 8326 8328 8327
f 8327 8328 8329
f 7763 8329 7787
f 7763 8327 8329
f 7763 8306 8327
f 8306 8303 8327
f 7787 8329 8330
f 7787 8330 7788
f 7793 7794 8331
f 7793 8332 7771
f 7793 8331 8332
f 7771 8332 8307
f 8307 8334 8333
f 8307 8332 8334
f 8332 8331 8334
f 8308 8335 8309
f 8308 8333 8335
f 8308 8307 8333
f 8309 8335 8336
f 8312 8337 8313
f 8312 8336 8337
f 8312 8309 8336
f 8313 8337 8338
f 8313 8338 8339
f 8339 8338 8340
f 8339 8340 8341
f 8339 8341 8342
f 8316 8342 8317
f 8316 8339 8342
f 8316 8313 8339
f 8317 8342 8343
f 8342 8341 8344
f 8342 8344 8343
f 8343 8344 8345
f 7776 8345 7795
f 7776 8343 8345
f 7776 8318 8343
f 8318 8317 8343
f 7795 8345 8346
f 7795 8346 7796
f 7803 7804 8347
f 7803 8347 7805
f 7805 8347 8348
f 7805 8349 7806
f 7805 8348 8349
f 7806 8350 7784
f 7806 8349 8350
f 7784 8350 8319
f 8319 8352 8351
f 8319 8350 8352
f 8350 8349 8352
f 8320 8353 8321
f 8320 8351 8353
f 8320 8319 8351
f 8321 8353 8354
f 8324 8355 8325
f 8324 8354 8355
f 8324 8321 8354
f 8325 8355 8356
f 8325 8356 8357
f 8357 8356 8358
f 8357 8358 8359
f 8357 8359 8360
f 8328 8360 8329
f 8328 8357 8360
f 8328 8325 8357
f 8329 8360 8361
f 8360 8359 8362
f 8360 8362 8361
f 7808 8362 7809
f 7808 8361 8362
f 7808 7788 8361
f 7788 8330 8361
f 8330 8329 8361
f 7814 7815 8363
f 7814 8363 7817
f 8364 8366 8365
f 7817 8366 8364
f 7817 8363 8366
f 7817 8364 7818
f 7818 8364 7794
f 7794 8364 8367
f 7794 8367 8331
f 8364 8365 8367
f 8331 8367 8368
f 8331 8368 8334
f 8340 8369 8341
f 8340 8338 8369
f 8341 8369 8370
f 8341 8370 8371
f 8371 8370 8372
f 8371 8372 8373
f 8371 8373 8374
f 8344 8374 8345
f 8344 8371 8374
f 8344 8341 8371
f 8345 8374 8375
f 8374 8373 8376
f 8374 8376 8375
f 8375 8376 8377
f 7796 8377 7819
f 7796 8375 8377
f 7796 8346 8375
f 8346 8345 8375
f 7819 8377 8378
f 7819 8378 7820
f 7831 7832 8379
f 7831 8379 7833
f 7833 8379 8380
f 7833 8381 7834
f 7833 8380 8381
f 7834 8382 7804
f 7834 8381 8382
f 7804 8382 8347
f 8347 8384 8383
f 8347 8382 8384
f 8382 8381 8384
f 8348 8385 8349
f 8348 8383 8385
f 8348 8347 8383
f 8349 8385 8386
f 8349 8386 8352
f 8358 8387 8359
f 8358 8356 8387
f 8359 8387 8388
f 8359 8388 8389
f 8389 8388 8390
f 8389 8390 8391
f 7809 8391 7835
f 7809 8389 8391
f 7809 8362 8389
f 8362 8359 8389
f 7835 8391 8392
f 7835 8392 7836
f 7840 7841 8393
f 7840 8394 7815
f 7840 8393 8394
f 7815 8394 8363
f 8363 8396 8395
f 8363 8394 8396
f 8394 8393 8396
f 8363 8395 8366
f 8372 8397 8373
f 8372 8370 8397
f 8373 8397 8398
f 8373 8398 8399
f 8399 8398 8400
f 8399 8400 8401
f 8399 8401 8402
f 8376 8402 8377
f 8376 8399 8402
f 8376 8373 8399
f 8377 8402 8403
f 8402 8401 8404
f 8402 8404 8403
f 8403 8404 8405
f 7820 8405 7843
f 7820 8403 8405
f 7820 8378 8403
f 8378 8377 8403
f 7843 8405 8406
f 7843 8406 7844
f 7857 7858 8407
f 7857 8407 7859
f 7859 8407 8408
f 7859 8409 7860
f 7859 8408 8409
f 7860 8410 7832
f 7860 8409 8410
f 7832 8410 8379
f 8379 8412 8411
f 8379 8410 8412
f 8410 8409 8412
f 8380 8413 8381
f 8380 8411 8413
f 8380 8379 8411
f 8381 8413 8414
f 8381 8414 8384
f 8415 8416 8417
f 8415 8417 8418
f 8415 8418 8419
f 8415 8419 8420
f 8390 8420 8391
f 8390 8415 8420
f 8390 8388 8416
f 8390 8416 8415
f 8391 8420 8421
f 8420 8419 8422
f 8420 8422 8421
f 7862 8422 7863
f 7862 8421 8422
f 7862 7836 8421
f 7836 8392 8421
f 8392 8391 8421
f 7866 7867 8423
f 7866 8424 7841
f 7866 8423 8424
f 7841 8424 8393
f 8393 8426 8425
f 8393 8424 8426
f 8424 8423 8426
f 8393 8425 8396
f 8427 8428 8429
f 8427 8429 8430
f 8427 8430 8431
f 8427 8431 8432
f 8400 8432 8401
f 8400 8427 8432
f 8400 8398 8428
f 8400 8428 8427
f 8401 8432 8433
f 8432 8431 8434
f 8432 8434 8433
f 8433 8434 8435
f 8433 8435 8436
f 8404 8436 8405
f 8404 8433 8436
f 8404 8401 8433
f 8405 8436 8437
f 8436 8435 8438
f 8436 8438 8437
f 8437 8438 8439
f 7844 8439 7869
f 7844 8437 8439
f 7844 8406 8437
f 8406 8405 8437
f 7869 8439 8440
f 7869 8440 7870
f 7879 7880 8441
f 7879 8441 7881
f 7881 8441 8442
f 7881 8443 7882
f 7881 8442 8443
f 7882 8444 7858
f 7882 8443 8444
f 7858 8444 8407
f 8407 8444 8445
f 8444 8443 8446
f 8444 8446 8445
f 8445 8446 8447
f 8445 8447 8448
f 8408 8448 8409
f 8408 8445 8448
f 8408 8407 8445
f 8409 8450 8449
f 8409 8448 8450
f 8448 8447 8450
f 8409 8449 8412
f 8451 8452 8453
f 8451 8453 8454
f 8451 8454 8455
f 8451 8455 8456
f 8418 8456 8419
f 8418 8451 8456
f 8418 8417 8452
f 8418 8452 8451
f 8419 8456 8457
f 8456 8455 8458
f 8456 8458 8457
f 7884 8458 7885
f 7884 8457 8458
f 7884 7863 8457
f 7863 8422 8457
f 8422 8419 8457
f 7888 7889 8459
f 7888 8460 7867
f 7888 8459 8460
f 7867 8460 8423
f 8423 8462 8461
f 8423 8460 8462
f 8460 8459 8462
f 8423 8461 8426
f 8463 8464 8465
f 8463 8465 8466
f 8463 8466 8467
f 8463 8467 8468
f 8463 8468 8469
f 8463 8469 8464
f 8468 8470 8469
f 8468 8471 8470
f 8468 8467 8472
f 8468 8472 8471
f 8471 8472 8473
f 8471 8473 8474
f 8430 8474 8431
f 8430 8471 8474
f 8430 8429 8470
f 8430 8470 8471
f 8431 8474 8475
f 8474 8473 8476
f 8474 8476 8475
f 7892 8476 7893
f 7892 8475 8476
f 7892 7897 8477
f 7892 8477 8475
f 8434 8477 8435
f 8434 8475 8477
f 8434 8431 8475
f 8435 8477 8478
f 8477 7897 8478
f 7897 7898 8478
f 7898 7903 8479
f 7898 8479 8478
f 8438 8479 8439
f 8438 8478 8479
f 8438 8435 8478
f 8439 8479 8480
f 8479 7903 8480
f 7903 7904 8480
f 7904 7870 8480
f 7870 8440 8480
f 8440 8439 8480
f 7880 7913 8481
f 7880 8481 8441
f 8441 8481 8482
f 8481 7913 8482
f 7913 7914 8482
f 7914 7919 8483
f 7914 8483 8482
f 8442 8483 8443
f 8442 8482 8483
f 8442 8441 8482
f 8443 8483 8484
f 8483 7919 8484
f 7919 7920 8485
f 7919 8485 8484
f 8484 8485 8486
f 8446 8486 8447
f 8446 8484 8486
f 8446 8443 8484
f 8447 8486 8487
f 8486 8485 8488
f 8486 8488 8487
f 8487 8488 8489
f 8487 8489 8490
f 8487 8490 8491
f 8447 8491 8450
f 8447 8487 8491
f 8490 8492 8491
f 8490 8489 8492
f 8493 8494 8495
f 8493 8495 8496
f 8493 8496 8497
f 8493 8497 8498
f 8454 8498 8455
f 8454 8493 8498
f 8454 8453 8494
f 8454 8494 8493
f 8455 8498 8499
f 8498 8497 8500
f 8498 8500 8499
f 7922 8500 7923
f 7922 8499 8500
f 7922 7885 8499
f 7885 8458 8499
f 8458 8455 8499
f 7889 7926 8501
f 7889 8501 8459
f 8459 8501 8502
f 8501 7926 8502
f 7926 7927 8503
f 7926 8503 8502
f 8502 8503 8504
f 8502 8504 8505
f 8459 8505 8462
f 8459 8502 8505
f 8504 8506 8505
f 8504 8507 8506
f 8504 8503 8508
f 8504 8508 8507
f 8507 8508 8509
f 8507 8509 8510
f 8507 8510 8511
f 8507 8511 8506
f 8510 8512 8511
f 8510 8513 8512
f 8510 8509 8514
f 8510 8514 8513
f 8513 8514 8515
f 8513 8515 8516
f 8513 8516 8517
f 8513 8517 8512
f 8516 8518 8517
f 8516 8519 8518
f 8516 8515 8520
f 8516 8520 8519
f 8519 8520 8521
f 8519 8521 8522
f 8519 8522 8523
f 8519 8523 8518
f 8522 8524 8523
f 8522 8525 8524
f 8522 8521 8526
f 8522 8526 8525
f 7930 8526 7931
f 7930 8525 8526
f 7930 7935 8527
f 7930 8527 8525
f 8466 8527 8467
f 8466 8525 8527
f 8466 8465 8524
f 8466 8524 8525
f 8467 8527 8528
f 8527 7935 8528
f 7935 7936 8528
f 7936 7940 8529
f 7936 8529 8528
f 8472 8529 8473
f 8472 8528 8529
f 8472 8467 8528
f 8473 8529 8530
f 8529 7940 8530
f 7940 7941 8530
f 7941 7893 8530
f 7893 8476 8530
f 8476 8473 8530
f 7920 7952 8531
f 7920 8531 8485
f 8485 8531 8532
f 8531 7952 8532
f 7952 7953 8532
f 7953 7957 8533
f 7953 8533 8532
f 8488 8533 8489
f 8488 8532 8533
f 8488 8485 8532
f 8489 8533 8534
f 8533 7957 8534
f 7957 7958 8535
f 7957 8535 8534
f 8534 8535 8536
f 8534 8536 8537
f 8489 8537 8492
f 8489 8534 8537
f 8536 8538 8537
f 8536 8539 8538
f 8536 8535 8540
f 8536 8540 8539
f 8539 8540 8541
f 8539 8541 8542
f 8539 8542 8543
f 8539 8543 8538
f 8542 8544 8543
f 8542 8545 8544
f 8542 8541 8546
f 8542 8546 8545
f 8545 8546 8547
f 8545 8547 8548
f 8545 8548 8549
f 8545 8549 8544
f 8548 8550 8549
f 8548 8551 8550
f 8548 8547 8552
f 8548 8552 8551
f 8551 8552 8553
f 8551 8553 8554
f 8551 8554 8555
f 8551 8555 8550
f 8554 8556 8555
f 8554 8557 8556
f 8554 8553 8558
f 8554 8558 8557
f 7960 8558 7961
f 7960 8557 8558
f 7960 7964 8559
f 7960 8559 8557
f 8496 8559 8497
f 8496 8557 8559
f 8496 8495 8556
f 8496 8556 8557
f 8497 8559 8560
f 8559 7964 8560
f 7964 7965 8560
f 7965 7923 8560
f 7923 8500 8560
f 8500 8497 8560
f 7927 7968 8561
f 7927 8561 8503
f 8503 8561 8562
f 8561 7968 8562
f 7968 7969 8562
f 7969 7972 8563
f 7969 8563 8562
f 8508 8563 8509
f 8508 8562 8563
f 8508 8503 8562
f 8509 8563 8564
f 8563 7972 8564
f 7972 7973 8564
f 7973 7976 8565
f 7973 8565 8564
f 8514 8565 8515
f 8514 8564 8565
f 8514 8509 8564
f 8515 8565 8566
f 8565 7976 8566
f 7976 7977 8566
f 7977 7980 8567
f 7977 8567 8566
f 8520 8567 8521
f 8520 8566 8567
f 8520 8515 8566
f 8521 8567 8568
f 8567 7980 8568
f 7980 7981 8568
f 7981 7931 8568
f 7931 8526 8568
f 8526 8521 8568
f 7958 7988 8569
f 7958 8569 8535
f 8535 8569 8570
f 8569 7988 8570
f 7988 7989 8570
f 7989 7992 8571
f 7989 8571 8570
f 8540 8571 8541
f 8540 8570 8571
f 8540 8535 8570
f 8541 8571 8572
f 8571 7992 8572
f 7992 7993 8572
f 7993 7996 8573
f 7993 8573 8572
f 8546 8573 8547
f 8546 8572 8573
f 8546 8541 8572
f 8547 8573 8574
f 8573 7996 8574
f 7996 7997 8574
f 7997 8000 8575
f 7997 8575 8574
f 8552 8575 8553
f 8552 8574 8575
f 8552 8547 8574
f 8553 8575 8576
f 8575 8000 8576
f 8000 8001 8576
f 8001 7961 8576
f 7961 8558 8576
f 8558 8553 8576
f 8021 8022 8577
f 8021 8577 8023
f 8023 8577 8578
f 8023 8579 8024
f 8023 8578 8579
f 8024 8579 8025
f 8025 8579 8580
f 8025 8581 8026
f 8025 8580 8581
f 8026 8581 8027
f 8027 8581 8582
f 8027 8583 8028
f 8027 8582 8583
f 8028 8583 8029
f 8029 8583 8584
f 8029 8584 8030
f 8041 8042 8585
f 8041 8585 8043
f 8043 8585 8586
f 8043 8587 8044
f 8043 8586 8587
f 8044 8587 8045
f 8045 8587 8588
f 8045 8589 8046
f 8045 8588 8589
f 8046 8589 8047
f 8047 8589 8590
f 8047 8591 8048
f 8047 8590 8591
f 8048 8591 8049
f 8049 8591 8592
f 8049 8592 8050
f 8057 8058 8593
f 8057 8594 8022
f 8057 8593 8594
f 8022 8594 8577
f 8577 8594 8595
f 8594 8593 8596
f 8594 8596 8595
f 8595 8596 8597
f 8595 8597 8598
f 8578 8598 8579
f 8578 8595 8598
f 8578 8577 8595
f 8579 8598 8599
f 8598 8597 8600
f 8598 8600 8599
f 8599 8600 8601
f 8599 8601 8602
f 8580 8602 8581
f 8580 8599 8602
f 8580 8579 8599
f 8581 8602 8603
f 8602 8601 8604
f 8602 8604 8603
f 8603 8604 8605
f 8603 8605 8606
f 8582 8606 8583
f 8582 8603 8606
f 8582 8581 8603
f 8583 8606 8607
f 8606 8605 8608
f 8606 8608 8607
f 8607 8608 8609
f 8030 8609 8059
f 8030 8607 8609
f 8030 8584 8607
f 8584 8583 8607
f 8059 8609 8610
f 8059 8610 8060
f 8077 8078 8611
f 8077 8611 8079
f 8079 8611 8612
f 8079 8613 8080
f 8079 8612 8613
f 8080 8614 8042
f 8080 8613 8614
f 8042 8614 8585
f 8585 8614 8615
f 8614 8613 8616
f 8614 8616 8615
f 8615 8616 8617
f 8615 8617 8618
f 8586 8618 8587
f 8586 8615 8618
f 8586 8585 8615
f 8587 8618 8619
f 8618 8617 8620
f 8618 8620 8619
f 8619 8620 8621
f 8619 8621 8622
f 8588 8622 8589
f 8588 8619 8622
f 8588 8587 8619
f 8589 8622 8623
f 8622 8621 8624
f 8622 8624 8623
f 8623 8624 8625
f 8623 8625 8626
f 8590 8626 8591
f 8590 8623 8626
f 8590 8589 8623
f 8591 8626 8627
f 8626 8625 8628
f 8626 8628 8627
f 8082 8628 8083
f 8082 8627 8628
f 8082 8050 8627
f 8050 8592 8627
f 8592 8591 8627
f 8091 8092 8629
f 8091 8630 8058
f 8091 8629 8630
f 8058 8630 8593
f 8593 8630 8631
f 8630 8629 8632
f 8630 8632 8631
f 8631 8632 8633
f 8631 8633 8634
f 8596 8634 8597
f 8596 8631 8634
f 8596 8593 8631
f 8597 8634 8635
f 8634 8633 8636
f 8634 8636 8635
f 8635 8636 8637
f 8635 8637 8638
f 8600 8638 8601
f 8600 8635 8638
f 8600 8597 8635
f 8601 8638 8639
f 8638 8637 8640
f 8638 8640 8639
f 8639 8640 8641
f 8639 8641 8642
f 8604 8642 8605
f 8604 8639 8642
f 8604 8601 8639
f 8605 8642 8643
f 8642 8641 8644
f 8642 8644 8643
f 8643 8644 8645
f 8643 8645 8646
f 8608 8646 8609
f 8608 8643 8646
f 8608 8605 8643
f 8609 8646 8647
f 8646 8645 8648
f 8646 8648 8647
f 8094 8648 8095
f 8094 8647 8648
f 8094 8060 8647
f 8060 8610 8647
f 8610 8609 8647
f 8115 8116 8649
f 8115 8650 8078
f 8115 8649 8650
f 8078 8650 8611
f 8611 8650 8651
f 8650 8649 8652
f 8650 8652 8651
f 8651 8652 8653
f 8651 8653 8654
f 8612 8654 8613
f 8612 8651 8654
f 8612 8611 8651
f 8613 8654 8655
f 8654 8653 8656
f 8654 8656 8655
f 8655 8656 8657
f 8655 8657 8658
f 8616 8658 8617
f 8616 8655 8658
f 8616 8613 8655
f 8617 8658 8659
f 8658 8657 8660
f 8658 8660 8659
f 8659 8660 8661
f 8659 8661 8662
f 8620 8662 8621
f 8620 8659 8662
f 8620 8617 8659
f 8621 8662 8663
f 8662 8661 8664
f 8662 8664 8663
f 8663 8664 8665
f 8663 8665 8666
f 8624 8666 8625
f 8624 8663 8666
f 8624 8621 8663
f 8625 8666 8667
f 8666 8665 8668
f 8666 8668 8667
f 8118 8668 8119
f 8118 8667 8668
f 8118 8083 8667
f 8083 8628 8667
f 8628 8625 8667
f 8127 8128 8669
f 8127 8670 8092
f 8127 8669 8670
f 8092 8670 8629
f 8629 8670 8671
f 8670 8669 8672
f 8670 8672 8671
f 8671 8672 8673
f 8671 8673 8674
f 8632 8674 8633
f 8632 8671 8674
f 8632 8629 8671
f 8633 8674 8675
f 8674 8673 8676
f 8674 8676 8675
f 8675 8676 8677
f 8675 8677 8678
f 8636 8678 8637
f 8636 8675 8678
f 8636 8633 8675
f 8637 8678 8679
f 8678 8677 8680
f 8678 8680 8679
f 8679 8680 8681
f 8679 8681 8682
f 8640 8682 8641
f 8640 8679 8682
f 8640 8637 8679
f 8641 8682 8683
f 8682 8681 8684
f 8682 8684 8683
f 8130 8684 8131
f 8130 8683 8684
f 8130 8135 8685
f 8130 8685 8683
f 8644 8685 8645
f 8644 8683 8685
f 8644 8641 8683
f 8645 8685 8686
f 8685 8135 8686
f 8135 8136 8686
f 8136 8095 8686
f 8095 8648 8686
f 8648 8645 8686
f 8116 8153 8687
f 8116 8687 8649
f 8649 8687 8688
f 8687 8153 8688
f 8153 8154 8689
f 8153 8689 8688
f 8688 8689 8690
f 8652 8690 8653
f 8652 8688 8690
f 8652 8649 8688
f 8653 8690 8691
f 8690 8689 8692
f 8690 8692 8691
f 8691 8692 8693
f 8691 8693 8694
f 8656 8694 8657
f 8656 8691 8694
f 8656 8653 8691
f 8657 8694 8695
f 8694 8693 8696
f 8694 8696 8695
f 8695 8696 8697
f 8695 8697 8698
f 8660 8698 8661
f 8660 8695 8698
f 8660 8657 8695
f 8661 8698 8699
f 8698 8697 8700
f 8698 8700 8699
f 8699 8700 8701
f 8699 8701 8702
f 8664 8702 8665
f 8664 8699 8702
f 8664 8661 8699
f 8665 8702 8703
f 8702 8701 8704
f 8702 8704 8703
f 8156 8704 8157
f 8156 8703 8704
f 8156 8119 8703
f 8119 8668 8703
f 8668 8665 8703
f 8128 8167 8705
f 8128 8705 8669
f 8669 8705 8706
f 8705 8167 8706
f 8167 8168 8707
f 8167 8707 8706
f 8706 8707 8708
f 8672 8708 8673
f 8672 8706 8708
f 8672 8669 8706
f 8673 8708 8709
f 8708 8707 8710
f 8708 8710 8709
f 8709 8710 8711
f 8709 8711 8712
f 8676 8712 8677
f 8676 8709 8712
f 8676 8673 8709
f 8677 8712 8713
f 8712 8711 8714
f 8712 8714 8713
f 8170 8714 8171
f 8170 8713 8714
f 8170 8175 8715
f 8170 8715 8713
f 8680 8715 8681
f 8680 8713 8715
f 8680 8677 8713
f 8681 8715 8716
f 8715 8175 8716
f 8175 8176 8716
f 8176 8131 8716
f 8131 8684 8716
f 8684 8681 8716
f 8154 8193 8717
f 8154 8717 8689
f 8689 8717 8718
f 8717 8193 8718
f 8193 8194 8719
f 8193 8719 8718
f 8718 8719 8720
f 8692 8720 8693
f 8692 8718 8720
f 8692 8689 8718
f 8693 8720 8721
f 8720 8719 8722
f 8720 8722 8721
f 8721 8722 8723
f 8721 8723 8724
f 8696 8724 8697
f 8696 8721 8724
f 8696 8693 8721
f 8697 8724 8725
f 8724 8723 8726
f 8724 8726 8725
f 8196 8726 8197
f 8196 8725 8726
f 8196 8201 8727
f 8196 8727 8725
f 8700 8727 8701
f 8700 8725 8727
f 8700 8697 8725
f 8701 8727 8728
f 8727 8201 8728
f 8201 8202 8728
f 8202 8157 8728
f 8157 8704 8728
f 8704 8701 8728
f 8168 8213 8729
f 8168 8729 8707
f 8707 8729 8730
f 8729 8213 8730
f 8213 8214 8730
f 8214 8219 8731
f 8214 8731 8730
f 8710 8731 8711
f 8710 8730 8731
f 8710 8707 8730
f 8711 8731 8732
f 8731 8219 8732
f 8219 8220 8732
f 8220 8171 8732
f 8171 8714 8732
f 8714 8711 8732
f 8194 8237 8733
f 8194 8733 8719
f 8719 8733 8734
f 8733 8237 8734
f 8237 8238 8734
f 8238 8243 8735
f 8238 8735 8734
f 8722 8735 8723
f 8722 8734 8735
f 8722 8719 8734
f 8723 8735 8736
f 8735 8243 8736
f 8243 8244 8736
f 8244 8197 8736
f 8197 8726 8736
f 8726 8723 8736
f 8333 8334 8737
f 8333 8737 8335
f 8335 8737 8738
f 8335 8739 8336
f 8335 8738 8739
f 8336 8739 8337
f 8337 8739 8740
f 8337 8740 8338
f 8351 8352 8741
f 8351 8741 8353
f 8353 8741 8742
f 8353 8743 8354
f 8353 8742 8743
f 8354 8743 8355
f 8355 8743 8744
f 8355 8744 8356
f 8365 8366 8745
f 8365 8745 8367
f 8367 8745 8746
f 8367 8747 8368
f 8367 8746 8747
f 8368 8748 8334
f 8368 8747 8748
f 8334 8748 8737
f 8737 8748 8749
f 8748 8747 8750
f 8748 8750 8749
f 8749 8750 8751
f 8749 8751 8752
f 8738 8752 8739
f 8738 8749 8752
f 8738 8737 8749
f 8739 8752 8753
f 8752 8751 8754
f 8752 8754 8753
f 8753 8754 8755
f 8338 8755 8369
f 8338 8753 8755
f 8338 8740 8753
f 8740 8739 8753
f 8369 8755 8756
f 8369 8756 8370
f 8383 8384 8757
f 8383 8757 8385
f 8385 8757 8758
f 8385 8759 8386
f 8385 8758 8759
f 8386 8760 8352
f 8386 8759 8760
f 8352 8760 8741
f 8741 8760 8761
f 8760 8759 8762
f 8760 8762 8761
f 8761 8762 8763
f 8761 8763 8764
f 8742 8764 8743
f 8742 8761 8764
f 8742 8741 8761
f 8743 8764 8765
f 8764 8763 8766
f 8764 8766 8765
f 8765 8766 8767
f 8356 8767 8387
f 8356 8765 8767
f 8356 8744 8765
f 8744 8743 8765
f 8387 8767 8768
f 8387 8768 8388
f 8395 8396 8769
f 8395 8770 8366
f 8395 8769 8770
f 8366 8770 8745
f 8745 8770 8771
f 8770 8769 8772
f 8770 8772 8771
f 8771 8772 8773
f 8771 8773 8774
f 8746 8774 8747
f 8746 8771 8774
f 8746 8745 8771
f 8747 8774 8775
f 8774 8773 8776
f 8774 8776 8775
f 8775 8776 8777
f 8775 8777 8778
f 8750 8778 8751
f 8750 8775 8778
f 8750 8747 8775
f 8751 8778 8779
f 8778 8777 8780
f 8778 8780 8779
f 8779 8780 8781
f 8779 8781 8782
f 8754 8782 8755
f 8754 8779 8782
f 8754 8751 8779
f 8755 8782 8783
f 8782 8781 8784
f 8782 8784 8783
f 8783 8784 8785
f 8370 8785 8397
f 8370 8783 8785
f 8370 8756 8783
f 8756 8755 8783
f 8397 8785 8786
f 8397 8786 8398
f 8411 8412 8787
f 8411 8787 8413
f 8413 8787 8788
f 8413 8789 8414
f 8413 8788 8789
f 8414 8790 8384
f 8414 8789 8790
f 8384 8790 8757
f 8757 8790 8791
f 8790 8789 8792
f 8790 8792 8791
f 8791 8792 8793
f 8791 8793 8794
f 8758 8794 8759
f 8758 8791 8794
f 8758 8757 8791
f 8759 8794 8795
f 8794 8793 8796
f 8794 8796 8795
f 8795 8796 8797
f 8795 8797 8798
f 8762 8798 8763
f 8762 8795 8798
f 8762 8759 8795
f 8763 8798 8799
f 8798 8797 8800
f 8798 8800 8799
f 8799 8800 8801
f 8799 8801 8802
f 8766 8802 8767
f 8766 8799 8802
f 8766 8763 8799
f 8767 8802 8803
f 8802 8801 8804
f 8802 8804 8803
f 8416 8804 8417
f 8416 8803 8804
f 8416 8388 8803
f 8388 8768 8803
f 8768 8767 8803
f 8425 8426 8805
f 8425 8806 8396
f 8425 8805 8806
f 8396 8806 8769
f 8769 8806 8807
f 8806 8805 8808
f 8806 8808 8807
f 8807 8808 8809
f 8807 8809 8810
f 8772 8810 8773
f 8772 8807 8810
f 8772 8769 8807
f 8773 8810 8811
f 8810 8809 8812
f 8810 8812 8811
f 8811 8812 8813
f 8811 8813 8814
f 8776 8814 8777
f 8776 8811 8814
f 8776 8773 8811
f 8777 8814 8815
f 8814 8813 8816
f 8814 8816 8815
f 8815 8816 8817
f 8815 8817 8818
f 8780 8818 8781
f 8780 8815 8818
f 8780 8777 8815
f 8781 8818 8819
f 8818 8817 8820
f 8818 8820 8819
f 8819 8820 8821
f 8819 8821 8822
f 8784 8822 8785
f 8784 8819 8822
f 8784 8781 8819
f 8785 8822 8823
f 8822 8821 8824
f 8822 8824 8823
f 8428 8824 8429
f 8428 8823 8824
f 8428 8398 8823
f 8398 8786 8823
f 8786 8785 8823
f 8449 8450 8825
f 8449 8826 8412
f 8449 8825 8826
f 8412 8826 8787
f 8787 8826 8827
f 8826 8825 8828
f 8826 8828 8827
f 8827 8828 8829
f 8827 8829 8830
f 8788 8830 8789
f 8788 8827 8830
f 8788 8787 8827
f 8789 8830 8831
f 8830 8829 8832
f 8830 8832 8831
f 8831 8832 8833
f 8831 8833 8834
f 8792 8834 8793
f 8792 8831 8834
f 8792 8789 8831
f 8793 8834 8835
f 8834 8833 8836
f 8834 8836 8835
f 8835 8836 8837
f 8835 8837 8838
f 8796 8838 8797
f 8796 8835 8838
f 8796 8793 8835
f 8797 8838 8839
f 8838 8837 8840
f 8838 8840 8839
f 8839 8840 8841
f 8839 8841 8842
f 8800 8842 8801
f 8800 8839 8842
f 8800 8797 8839
f 8801 8842 8843
f 8842 8841 8844
f 8842 8844 8843
f 8452 8844 8453
f 8452 8843 8844
f 8452 8417 8843
f 8417 8804 8843
f 8804 8801 8843
f 8461 8462 8845
f 8461 8846 8426
f 8461 8845 8846
f 8426 8846 8805
f 8805 8846 8847
f 8846 8845 8848
f 8846 8848 8847
f 8847 8848 8849
f 8847 8849 8850
f 8808 8850 8809
f 8808 8847 8850
f 8808 8805 8847
f 8809 8850 8851
f 8850 8849 8852
f 8850 8852 8851
f 8851 8852 8853
f 8851 8853 8854
f 8812 8854 8813
f 8812 8851 8854
f 8812 8809 8851
f 8813 8854 8855
f 8854 8853 8856
f 8854 8856 8855
f 8855 8856 8857
f 8855 8857 8858
f 8816 8858 8817
f 8816 8855 8858
f 8816 8813 8855
f 8817 8858 8859
f 8858 8857 8860
f 8858 8860 8859
f 8464 8860 8465
f 8464 8859 8860
f 8464 8469 8861
f 8464 8861 8859
f 8820 8861 8821
f 8820 8859 8861
f 8820 8817 8859
f 8821 8861 8862
f 8861 8469 8862
f 8469 8470 8862
f 8470 8429 8862
f 8429 8824 8862
f 8824 8821 8862
f 8450 8491 8863
f 8450 8863 8825
f 8825 8863 8864
f 8863 8491 8864
f 8491 8492 8865
f 8491 8865 8864
f 8864 8865 8866
f 8828 8866 8829
f 8828 8864 8866
f 8828 8825 8864
f 8829 8866 8867
f 8866 8865 8868
f 8866 8868 8867
f 8867 8868 8869
f 8867 8869 8870
f 8832 8870 8833
f 8832 8867 8870
f 8832 8829 8867
f 8833 8870 8871
f 8870 8869 8872
f 8870 8872 8871
f 8871 8872 8873
f 8871 8873 8874
f 8836 8874 8837
f 8836 8871 8874
f 8836 8833 8871
f 8837 8874 8875
f 8874 8873 8876
f 8874 8876 8875
f 8875 8876 8877
f 8875 8877 8878
f 8840 8878 8841
f 8840 8875 8878
f 8840 8837 8875
f 8841 8878 8879
f 8878 8877 8880
f 8878 8880 8879
f 8494 8880 8495
f 8494 8879 8880
f 8494 8453 8879
f 8453 8844 8879
f 8844 8841 8879
f 8462 8505 8881
f 8462 8881 8845
f 8845 8881 8882
f 8881 8505 8882
f 8505 8506 8882
f 8506 8511 8883
f 8506 8883 8882
f 8848 8883 8849
f 8848 8882 8883
f 8848 8845 8882
f 8849 8883 8884
f 8883 8511 8884
f 8511 8512 8884
f 8512 8517 8885
f 8512 8885 8884
f 8852 8885 8853
f 8852 8884 8885
f 8852 8849 8884
f 8853 8885 8886
f 8885 8517 8886
f 8517 8518 8886
f 8518 8523 8887
f 8518 8887 8886
f 8856 8887 8857
f 8856 8886 8887
f 8856 8853 8886
f 8857 8887 8888
f 8887 8523 8888
f 8523 8524 8888
f 8524 8465 8888
f 8465 8860 8888
f 8860 8857 8888
f 8492 8537 8889
f 8492 8889 8865
f 8865 8889 8890
f 8889 8537 8890
f 8537 8538 8890
f 8538 8543 8891
f 8538 8891 8890
f 8868 8891 8869
f 8868 8890 8891
f 8868 8865 8890
f 8869 8891 8892
f 8891 8543 8892
f 8543 8544 8892
f 8544 8549 8893
f 8544 8893 8892
f 8872 8893 8873
f 8872 8892 8893
f 8872 8869 8892
f 8873 8893 8894
f 8893 8549 8894
f 8549 8550 8894
f 8550 8555 8895
f 8550 8895 8894
f 8876 8895 8877
f 8876 8894 8895
f 8876 8873 8894
f 8877 8895 8896
f 8895 8555 8896
f 8555 8556 8896
f 8556 8495 8896
f 8495 8880 8896
f 8880 8877 8896
