# QMW procedural algebraic surface
# units: meters
v -0.169305354523 -0.130397675113 -0.128777779672
v -0.168218690837 -0.131513147087 -0.129919437674
v -0.168301125623 -0.129046470083 -0.132369708292
v -0.169722822075 -0.129118543372 -0.129245065634
v -0.170512454487 -0.129158574003 -0.127509590304
v -0.16966394962 -0.130880170188 -0.127495155768
v -0.168136256051 -0.133979824091 -0.127469167055
v -0.170299057168 -0.132841062126 -0.11542213704
v -0.167585659034 -0.137153492033 -0.119812302907
v -0.171792900112 -0.129389017016 -0.117013378412
v -0.17240211159 -0.129498657384 -0.112019482034
v -0.170479775957 -0.133399030643 -0.111986779777
v -0.167018700009 -0.140421471386 -0.111927900884
v -0.169187229526 -0.133500723172 -0.100301603345
v -0.166553405623 -0.140357318322 -0.107255251864
v -0.171286359901 -0.129700875532 -0.102462061267
v -0.170599012212 -0.129825450004 -0.0965743076152
v -0.168771498791 -0.133533431251 -0.0965432184482
v -0.165481145829 -0.14020947912 -0.0964872438481
v -0.165916115222 -0.132331117876 -0.0833711190841
v -0.16462033067 -0.138063274639 -0.0891700998588
v -0.167424535872 -0.130066625614 -0.0848901116484
v -0.166410602274 -0.130143657549 -0.0811581579069
v -0.16543279439 -0.132127606478 -0.081141523702
v -0.16367229675 -0.135699614301 -0.0811115745894
v -0.162144730288 -0.130389027635 -0.0691102864061
v -0.148762455821 -0.135416338721 0.0870817588423
v -0.14739403066 -0.137470505615 0.0849893639905
v -0.147958801349 -0.133482627867 0.0766558015
v -0.149482740621 -0.133695750172 0.0863104779437
v -0.149872362375 -0.13375023862 0.0887788649941
v -0.148894554491 -0.135734187549 0.088795499199
v -0.14713405685 -0.139306195372 0.0888254483116
v -0.149154590552 -0.137350100053 0.100941645863
v -0.146550121006 -0.141823826495 0.0963905997489
v -0.15067757238 -0.13398028176 0.0993301155959
v -0.151053819604 -0.134087773088 0.104260355813
v -0.149226306183 -0.137795754335 0.10429144498
v -0.14593595322 -0.144471802204 0.10434741958
v -0.148251889275 -0.13818692508 0.115886886306
v -0.145471711501 -0.144745954142 0.109230898403
v -0.150314321387 -0.134289838808 0.113752434991
v -0.149849966273 -0.134416722481 0.119712821922
v -0.14792763064 -0.13831709574 0.119745524179
v -0.144466554692 -0.145339536484 0.119804403072
v -0.144601549752 -0.136696054459 0.133135243553
v -0.143553783335 -0.142544353922 0.127223098628
v -0.146042409585 -0.134662175597 0.131693570798
v -0.144953356461 -0.134732381113 0.135120354179
v -0.144104851595 -0.136453977298 0.135134788716
v -0.142577158025 -0.139553631201 0.135160777428
v -0.141802406014 -0.13482518542 0.139915223386
v -0.170826668511 -0.117053470112 -0.131104722472
v -0.168113270378 -0.12136590002 -0.135494888339
v -0.167919832667 -0.113457087617 -0.138712938889
v -0.171140766166 -0.113620373719 -0.131633884711
v -0.172929722934 -0.11371106537 -0.127702067466
v -0.172150413459 -0.11869122794 -0.127640014252
v -0.172985488273 -0.12048390047 -0.118725700696
v -0.173869858563 -0.113880262471 -0.119995482673
v -0.174819380036 -0.114051148751 -0.112211959196
v -0.17360474258 -0.121813266614 -0.112115242603
v -0.172712608533 -0.121854286585 -0.104308387307
v -0.174107507787 -0.114180168039 -0.106114130542
v -0.173016280659 -0.114377941371 -0.0967667847773
v -0.171840083862 -0.121894404925 -0.0966731290553
v -0.169538556174 -0.120766908513 -0.0874592620087
v -0.170955308424 -0.114534520342 -0.0891810286109
v -0.16882787072 -0.114696148917 -0.0813506350689
v -0.167996142165 -0.120011294635 -0.0812844079388
v -0.163891246518 -0.117584279999 -0.0685370106523
v -0.164576196679 -0.114940702347 -0.0693428620557
v -0.163374818151 -0.115009804831 -0.0659498736656
v -0.163049807373 -0.117086780112 -0.0659239943917
v -0.161570113805 -0.126542734083 -0.0658061724679
v -0.15995172559 -0.11519473469 -0.0568374549788
v -0.149274446037 -0.119615513076 0.0714122673036
v -0.14812877304 -0.122947070212 0.0680356707645
v -0.148200076025 -0.117757478799 0.0639154397362
v -0.149486962829 -0.117916564679 0.0710990795424
v -0.149843530961 -0.11796064389 0.0730895087079
v -0.149518520182 -0.12003761917 0.0731153879819
v -0.148038826614 -0.129493573141 0.0732332099056
v -0.150906244585 -0.122599470909 0.0842330471664
v -0.147995781758 -0.131639249107 0.0750741905459
v -0.151472125601 -0.118188402206 0.0834072126981
v -0.152289630821 -0.118302729988 0.0885863878321
v -0.151457902266 -0.123617875706 0.0886526149622
v -0.151938425784 -0.125075455504 0.0975564364239
v -0.152873761276 -0.118469612171 0.0962406727698
v -0.153471088051 -0.118640264456 0.104067878651
v -0.152294891254 -0.126156728009 0.104161534373
v -0.151667057994 -0.126447122487 0.111972482469
v -0.152990982002 -0.118771452026 0.110230442028
v -0.152267234719 -0.118969213848 0.119520344759
v -0.151052597263 -0.126731331711 0.119617061353
v -0.148345515047 -0.125234795943 0.128945236871
v -0.149837936183 -0.119125817924 0.12716430599
v -0.147370624908 -0.119284872481 0.134927877017
v -0.146591315433 -0.12426503505 0.134989930231
v -0.140231968948 -0.119495125873 0.145790923646
v -0.140990650275 -0.126901108691 0.142952360949
v -0.170242452213 -0.101925539146 -0.131666774209
v -0.16760862831 -0.108782134296 -0.138620422728
v -0.166891465307 -0.0980088160738 -0.138407221445
v -0.169953521223 -0.0981640478336 -0.131677352688
v -0.1716542349 -0.0982502659773 -0.127939478479
v -0.172140455329 -0.104143975923 -0.127848976584
v -0.173240219876 -0.106066694572 -0.119990972739
v -0.172624420839 -0.0984248712608 -0.119986561935
v -0.173543892002 -0.0985903493581 -0.112449370209
v -0.174315811266 -0.107947151282 -0.112305690199
v -0.173579413609 -0.107955606283 -0.106086709678
v -0.172796356087 -0.0987258323068 -0.106046050049
v -0.171740792625 -0.0989171419783 -0.0970041957901
v -0.172487483895 -0.107968143349 -0.0968652115534
v -0.170263050958 -0.106747668291 -0.0891182974884
v -0.169581494913 -0.0990811910648 -0.0890565361093
v -0.167552382686 -0.0992353495235 -0.0815880460818
v -0.168073004924 -0.105546060224 -0.0814911408584
v -0.16344135601 -0.102570144783 -0.0692116565366
v -0.163158615566 -0.099488076052 -0.0691789672722
v -0.162099330117 -0.0995490054383 -0.0661872846785
v -0.162287401532 -0.101828708847 -0.0661522782935
v -0.159081103924 -0.0997120627129 -0.0581526375655
v -0.159470165293 -0.10663092286 -0.0575649118552
v -0.148395437126 -0.10423784491 0.0710973157157
v -0.147725598386 -0.110982577698 0.0642874579855
v -0.147118967669 -0.102320708763 0.0647630919864
v -0.148253647901 -0.102460978756 0.0710970865946
v -0.148568042927 -0.102499844497 0.0728520976951
v -0.148756114342 -0.104779547906 0.07288710408
v -0.150635142898 -0.107736798849 0.0834085374721
v -0.150234420855 -0.102732886791 0.0834091717339
v -0.151014142787 -0.102841930595 0.0883489768192
v -0.151534765025 -0.109152641295 0.0884458820426
v -0.152242359465 -0.110699931754 0.0962499223666
v -0.151617795175 -0.103014390065 0.0962590717984
v -0.152195600017 -0.103179465063 0.103830467638
v -0.152942291287 -0.112230466433 0.103969451875
v -0.152463129617 -0.112488519467 0.110253450074
v -0.151692588925 -0.103316911368 0.110287036424
v -0.150991746685 -0.103508414455 0.119282933747
v -0.151763665949 -0.112865216379 0.119426613757
v -0.149127095664 -0.111263916688 0.127238351082
v -0.148440744161 -0.103672864146 0.127309845262
v -0.146095136874 -0.103824073088 0.134690466004
v -0.146581357303 -0.109717783033 0.134780967899
v -0.139308606286 -0.104023955402 0.145017675866
v -0.139600333453 -0.108911916458 0.145261975742
v -0.167498949253 -0.0849683418359 -0.13041887538
v -0.166203164701 -0.0907004985995 -0.136217856155
v -0.165445124702 -0.0826516941575 -0.133806661905
v -0.167083472405 -0.0827347506411 -0.130205857309
v -0.167993436305 -0.0827808815092 -0.128205914203
v -0.168879645331 -0.0865257223636 -0.128141415232
v -0.170593778861 -0.0891917244863 -0.118824432873
v -0.169232904235 -0.083003949728 -0.118045609244
v -0.169883093407 -0.08312096489 -0.112715805933
v -0.171742539133 -0.0909783982005 -0.11258047405
v -0.170790662302 -0.0909600762774 -0.10480088292
v -0.168815973991 -0.0833143689556 -0.103574964491
v -0.16807999403 -0.0834477575102 -0.0972706315137
v -0.169853500276 -0.0909420375878 -0.0971415543717
v -0.166616153474 -0.0890251491609 -0.0871131581047
v -0.165039597885 -0.0836787465986 -0.0860799403394
v -0.163891584091 -0.0837659650554 -0.0818544818054
v -0.164894983316 -0.0880060148638 -0.0817814536418
v -0.159061603219 -0.0840437823055 -0.0682134280905
v -0.159058460489 -0.0851105216265 -0.0674831652236
v -0.159053837489 -0.0866797106277 -0.0664089379629
v -0.159070593399 -0.094688418613 -0.0613352338081
v -0.145522550299 -0.0896305496861 0.0726304444106
v -0.147607603687 -0.0905389767244 0.0848945202858
v -0.145186738353 -0.0870695471569 0.0743563521748
v -0.146912199773 -0.0873108522542 0.0852877403424
v -0.147353344192 -0.0873725461267 0.0880825410956
v -0.148356743417 -0.0916125959351 0.0881555692591
v -0.1495271781 -0.0937667274325 0.0974740815562
v -0.14813193338 -0.0875949838761 0.0982849598227
v -0.148534801422 -0.0877100805945 0.103564031915
v -0.150308307668 -0.0952043606721 0.103693109057
v -0.149745196445 -0.0955529839183 0.111479915875
v -0.147826537353 -0.0879036116744 0.112655194626
v -0.14733094809 -0.0880390299873 0.119016498023
v -0.149190393816 -0.0958964632978 0.119151829906
v -0.145256097502 -0.0933515479038 0.12943133544
v -0.143689351386 -0.0882737845376 0.130475041965
v -0.142434338279 -0.0883546886194 0.134424030281
v -0.143320547305 -0.0920995294738 0.134488529252
v -0.138803216869 -0.0884616353048 0.139949585989
v -0.139049535292 -0.0960464520921 0.142419688964
v -0.164140309735 -0.0706757661294 -0.128426382503
v -0.165474080549 -0.070221503959 -0.115584766948
v -0.163546856293 -0.0673931265175 -0.124562363604
v -0.164703580721 -0.0676013033098 -0.115080332922
v -0.164957652182 -0.0676470287916 -0.112997629962
v -0.166042791057 -0.0710561385204 -0.112935540456
v -0.164496578697 -0.0709949607569 -0.100576827401
v -0.163420420804 -0.0679256356595 -0.0998298550405
v -0.163154552805 -0.0679738214118 -0.0975524555424
v -0.164111346848 -0.0709797185925 -0.0974977096751
v -0.159670129594 -0.068238544725 -0.0847274478086
v -0.159586071833 -0.0693229296133 -0.0831657506556
v -0.159528929118 -0.0700600976654 -0.0821041043151
v -0.159295266168 -0.0770519399854 -0.0751587662028
v -0.142990689219 -0.0736666787367 0.0878329185859
v -0.144198973479 -0.0746198682124 0.100888520992
v -0.142626481956 -0.0719553427238 0.0904028415564
v -0.143463826723 -0.0721945665513 0.101375177249
v -0.143609360197 -0.0722361444961 0.103282207886
v -0.14456615424 -0.0752420416768 0.103336953753
v -0.143721576782 -0.0758169952642 0.115477263948
v -0.142599166024 -0.0725121770916 0.116248896443
v -0.142405506865 -0.0725650938888 0.118734673994
v -0.14349064574 -0.0759742036176 0.1187967635
v -0.138749755257 -0.0728007609313 0.130237757352
v -0.138659097227 -0.0746558454532 0.132370927303
v -0.138581211709 -0.0762495732396 0.134203561981
v -0.138733236982 -0.0846121809582 0.138138339291
v -0.161846821598 -0.0584882158409 -0.113166806894
v -0.161052999324 -0.0592681468203 -0.104612668151
v -0.160411655795 -0.0598982673178 -0.0977016230682
v -0.160125816086 -0.0631132345865 -0.0927004046721
v -0.140866463187 -0.0641605904021 0.10313304036
v -0.139984503286 -0.063737332836 0.111792489
v -0.139294676281 -0.0634062809381 0.118565497062
v -0.139053717289 -0.0675604323347 0.123726861653
v -0.155605782161 0.0698355910824 -0.11677875788
v -0.154460109164 0.0665040339467 -0.120155354419
v -0.154764071196 0.0717443625433 -0.126666250119
v -0.155920795624 0.0715361857511 -0.117184219437
v -0.156174867085 0.0714904602692 -0.115101516476
v -0.155750549806 0.0695072974505 -0.115078187223
v -0.154219150172 0.0623498825501 -0.114993989829
v -0.154199161907 0.0694256672355 -0.101411124036
v -0.153529323167 0.0626809344481 -0.108220981766
v -0.154637635707 0.0712118534014 -0.101933741555
v -0.154371767708 0.071163667649 -0.0996563420567
v -0.153997636567 0.0694150634679 -0.0996357720719
v -0.152647363266 0.0631041920141 -0.0995615331267
v -0.150887344497 0.0708989443358 -0.0868313343229
v -0.134379521129 0.0653958463051 0.0996535864855
v -0.133388010367 0.0620568361985 0.0962719119055
v -0.133843696859 0.067182146337 0.0882989550421
v -0.134681041626 0.0669429225096 0.0992712907349
v -0.1348265751 0.0669013445647 0.101178321372
v -0.134452443958 0.0651527403836 0.101198891357
v -0.133102170658 0.0588418689298 0.101273130302
v -0.133357023305 0.0646605084006 0.114699242418
v -0.132460827129 0.0582117484323 0.108184175385
v -0.133816380927 0.0666253119692 0.114145009929
v -0.133622721768 0.066572395172 0.11663078748
v -0.133198404489 0.0645892323533 0.116654116733
v -0.131667004855 0.0574318174529 0.116738314127
v -0.12996697016 0.0663367281296 0.128133870838
v -0.156149014632 0.0856099494645 -0.132474437205
v -0.154780589471 0.0835557825702 -0.134566832057
v -0.154710609584 0.0874052369169 -0.136378078756
v -0.156348957286 0.0873221804332 -0.13277727416
v -0.157258921186 0.0872760495651 -0.130777331054
v -0.156785259995 0.0848158453858 -0.130747751224
v -0.154932614744 0.0751931748516 -0.130632054747
v -0.157765192053 0.0826392252628 -0.119640563449
v -0.154854729226 0.0735994470653 -0.12879942007
v -0.158498389116 0.0870529813464 -0.120617026094
v -0.159148578289 0.0869359661843 -0.115287222784
v -0.158154741336 0.0817739603685 -0.11522515832
v -0.156966479022 0.0817143053096 -0.104782487712
v -0.158081458872 0.0867425621188 -0.106146381342
v -0.157345478911 0.0866091735641 -0.0998420483646
v -0.15639757491 0.0816857442689 -0.0997828523835
v -0.153411328467 0.0831245354213 -0.087613919466
v -0.154305082767 0.0863781844758 -0.0886513571902
v -0.153157068973 0.086290966019 -0.0844258986562
v -0.152620771939 0.0835054302205 -0.0843924072593
v -0.150523137234 0.0726102803487 -0.0842614113524
v -0.1483270881 0.0860131487689 -0.0707848449413
v -0.135806738133 0.0804213262808 0.0832169363879
v -0.134218560285 0.0759955415974 0.0787302734363
v -0.134452223234 0.0829873839175 0.071784935324
v -0.136177684655 0.0827460788201 0.0827163234916
v -0.136618829073 0.0826843849477 0.0855111242448
v -0.136082532039 0.0798988491492 0.0855446156416
v -0.133984897335 0.0690036992774 0.0856756115486
v -0.136636820837 0.0781165519197 0.0967097280184
v -0.13392775462 0.0682665312253 0.0867372578891
v -0.137397418261 0.0824619471982 0.0957135429718
v -0.137800286303 0.0823468504798 0.100992615064
v -0.136852382302 0.0774234211846 0.101051811045
v -0.13601393051 0.0770426815928 0.111420426195
v -0.137092022235 0.0821533193999 0.110083777775
v -0.136596432972 0.0820179010871 0.116445081172
v -0.135602596019 0.0768558952712 0.116507145636
v -0.132071043575 0.078781387364 0.128914001626
v -0.132954836267 0.0817831465367 0.127903625114
v -0.13169982316 0.0817022424549 0.13185261343
v -0.131226161969 0.0792420382755 0.131882193259
v -0.129373516718 0.0696193677414 0.131997889736
v -0.128068701751 0.0815952957695 0.137378169138
v -0.157068760708 0.099463780146 -0.134297135616
v -0.154464291162 0.0949900537041 -0.138848181731
v -0.154205220167 0.102967557014 -0.141446168632
v -0.157267276083 0.102812325254 -0.134716299875
v -0.15896798976 0.102726107111 -0.130978425667
v -0.158423719268 0.097805877143 -0.130914385016
v -0.159324984595 0.0959508326811 -0.121999759624
v -0.159938175698 0.102551501827 -0.123025509122
v -0.160857646862 0.10238602373 -0.115488317397
v -0.159993567831 0.0945747100327 -0.115386647024
v -0.159101306933 0.0945387644183 -0.107623688249
v -0.160110110947 0.102250540781 -0.109084997237
v -0.159054547485 0.10205923111 -0.100043142977
v -0.158218708428 0.0945032080629 -0.099944795413
v -0.155858514224 0.0956843767264 -0.0907169436276
v -0.156895249772 0.101895182023 -0.0920954832966
v -0.154866137546 0.101741023564 -0.0846269932691
v -0.154283357999 0.0964726699826 -0.0845584215165
v -0.150002698259 0.0990436439333 -0.07161991876
v -0.150472370426 0.101488297036 -0.0722179144595
v -0.149413084977 0.10142736765 -0.0692262318658
v -0.149202559636 0.0995242090053 -0.0692014607638
v -0.147991276154 0.0885741512981 -0.0690589371772
v -0.146394858784 0.101264310375 -0.0611915847529
v -0.135434743816 0.0969710303316 0.0682884156215
v -0.134443233054 0.093632020225 0.0649067410416
v -0.134432722529 0.0986556643249 0.061724144799
v -0.135567402761 0.0985153943323 0.0680581394072
v -0.135881797787 0.0984765285912 0.0698131505077
v -0.135671272446 0.0965733699469 0.0698379216097
v -0.134459988964 0.0856233122398 0.0699804451964
v -0.137164432181 0.0939041439329 0.0810271425864
v -0.134455365964 0.0840541232385 0.0710546724571
v -0.137548175715 0.0982434862969 0.0803702245466
v -0.138327897647 0.0981344424931 0.0853100296319
v -0.1377451181 0.0928660889113 0.0853786013845
v -0.138278031406 0.091359185052 0.0942822858783
v -0.138931550035 0.0979619830232 0.0932201246111
v -0.139509354877 0.0977969080253 0.100791520451
v -0.13867351582 0.0902408849786 0.100889868015
v -0.13805422442 0.0899472263472 0.108658465654
v -0.139006343785 0.0976594617195 0.107248089237
v -0.138305501545 0.0974679586325 0.116243986559
v -0.137441422514 0.0896566449354 0.116345656932
v -0.134657674967 0.0912230955792 0.125694091777
v -0.135754499021 0.0973035089421 0.124270898075
v -0.133408891734 0.0971523000004 0.131651518817
v -0.132864621242 0.0922320700328 0.131715559468
v -0.126622361146 0.0969524176858 0.141978728678
v -0.127310661752 0.0896441002115 0.139789363388
v -0.156693670774 0.114414547132 -0.135034480606
v -0.153913493 0.10785551807 -0.141690468509
v -0.153281857505 0.118438727485 -0.142219416413
v -0.156502791005 0.118275441382 -0.135140362235
v -0.158291747772 0.118184749731 -0.13120854499
v -0.158552590532 0.112221980372 -0.131119782446
v -0.15958122815 0.110366757711 -0.123266299011
v -0.159231883402 0.11801555263 -0.123501960197
v -0.160181404875 0.11784466635 -0.11571843672
v -0.160587956311 0.108551050348 -0.115580090768
v -0.159849688429 0.108537768718 -0.109302745974
v -0.159469532625 0.117715647062 -0.109620608066
v -0.158378305497 0.11751787373 -0.100273262301
v -0.158771990456 0.108518380654 -0.100139294701
v -0.156604143913 0.109685712254 -0.092393694741
v -0.156317333262 0.11736129476 -0.0926875061348
v -0.154189895558 0.117199666185 -0.0848571125928
v -0.154468283514 0.110835820108 -0.0847623795692
v -0.150052912907 0.113634108895 -0.0727137612356
v -0.149938221517 0.116955112755 -0.0728493395795
v -0.14873684299 0.11688601027 -0.0694563511895
v -0.148845627383 0.114399239128 -0.0694193327974
v -0.145313750428 0.116701080411 -0.0603439325027
v -0.145788228067 0.10992617931 -0.060715950752
v -0.134939857336 0.11202328444 0.0676514861216
v -0.13404366116 0.105574524472 0.0611364190887
v -0.133562100863 0.114138336302 0.0604089622123
v -0.134848987667 0.113979250423 0.0675926020186
v -0.135205555799 0.113935171212 0.069583031184
v -0.135314340193 0.11144840007 0.0696200495761
v -0.137069153197 0.108617865619 0.0800552553306
v -0.13683415044 0.113707412895 0.0799007351742
v -0.137651655659 0.113593085114 0.0850799103082
v -0.137930043615 0.107229239037 0.0851746433317
v -0.138581835764 0.10573481836 0.0929758802222
v -0.138235786114 0.11342620293 0.0927341952459
v -0.138833112889 0.113255550646 0.100561401127
v -0.139226797848 0.104256057569 0.100695368728
v -0.13873845425 0.104000577522 0.107033180939
v -0.13835300684 0.113124363076 0.106723964504
v -0.137629259558 0.112926601253 0.116013867236
v -0.138035810994 0.103632985251 0.116152213188
v -0.13547260596 0.105165721651 0.123959251139
v -0.135199961021 0.112769997177 0.123657828466
v -0.132732649746 0.112610942621 0.131421399493
v -0.132993492506 0.106648173262 0.131510162038
v -0.125593993786 0.112400689229 0.142284446122
v -0.125905198143 0.107725735908 0.142191929961
v -0.153570942595 0.131693009766 -0.133468708791
v -0.152523176178 0.125844710303 -0.139380853716
v -0.151711420439 0.133768787032 -0.136343716152
v -0.153133116892 0.133696713743 -0.133219073495
v -0.153922749304 0.133656683112 -0.131483598165
v -0.154894456589 0.130215576302 -0.131422423693
v -0.156787296546 0.127366676269 -0.121976130041
v -0.155203194928 0.133426240099 -0.120987386273
v -0.155812406407 0.133316599731 -0.115993489895
v -0.158013864068 0.125520578167 -0.115854895679
v -0.157041265819 0.12554996351 -0.108000430398
v -0.154696654718 0.133114381583 -0.106436069128
v -0.154009307029 0.132989807111 -0.100548315476
v -0.156102174347 0.125578336506 -0.100416557636
v -0.152642656314 0.127674740282 -0.0901248606075
v -0.150834830689 0.132748631501 -0.0888641195087
v -0.149820897091 0.132671599566 -0.0851321657672
v -0.150940682116 0.128706105085 -0.0850616689639
v -0.145555025104 0.132426229479 -0.0730842942665
v -0.145518044695 0.130582850719 -0.0715026833125
v -0.145474999839 0.128437174753 -0.0696617026722
v -0.145385053413 0.121890671824 -0.064464163531
v -0.131943712648 0.125486335695 0.0693776797014
v -0.133653877606 0.126144163404 0.0818662453298
v -0.131369096165 0.129332629247 0.0726817936396
v -0.132893035438 0.129119506943 0.0823364700833
v -0.133282657191 0.129065018495 0.0848048571337
v -0.134402442217 0.125099524013 0.0848753539371
v -0.135712897654 0.122798279606 0.0943289209133
v -0.134087867197 0.128834975355 0.0953561077355
v -0.134464114421 0.128727484027 0.100286347953
v -0.136556981739 0.121316013421 0.100418105792
v -0.136000217304 0.120953313664 0.108276665707
v -0.133724616204 0.128525418307 0.109778427131
v -0.13326026109 0.128398534634 0.115738814061
v -0.135461718751 0.12060251307 0.115877408277
v -0.131231681712 0.123391477885 0.126462313794
v -0.129452704401 0.128153081518 0.127719562938
v -0.128363651278 0.128082876002 0.131146346319
v -0.129335358563 0.124641769192 0.13120752079
v -0.12521270083 0.127990071695 0.135941215526
v -0.125400556075 0.120309501632 0.139066395572
v -0.150936668428 0.138497232813 -0.131589270195
v -0.149960043118 0.141487955534 -0.123651591394
v -0.149047271761 0.144283138096 -0.116232895839
v -0.148042114952 0.143689555754 -0.105659391169
v -0.147577873233 0.143415403816 -0.100775912347
v -0.146963705447 0.140767428107 -0.0928190925154
v -0.146379769603 0.138249796984 -0.0852539410781
v -0.146119795793 0.136414107227 -0.081417856757
v -0.129841529703 0.134643215913 0.0846830818229
v -0.128893495783 0.137006876251 0.0927416070923
v -0.128032680624 0.139153080732 0.100058751082
v -0.12696042083 0.139300919934 0.110826759097
v -0.126495126444 0.139365072998 0.115499408117
v -0.125928167419 0.136097093645 0.12338381014
v -0.125377570402 0.132923425703 0.131040674289
v -0.125295135616 0.130456748699 0.133490944907
v -0.154833123405 -0.145801796204 -0.128731988568
v -0.15363573605 -0.146241502445 -0.129194165023
v -0.153828894504 -0.144450591174 -0.132323917189
v -0.156007622767 -0.144510505245 -0.129880801041
v -0.15818635103 -0.144570419316 -0.127437684893
v -0.155191718502 -0.14628429128 -0.127449364664
v -0.153528452828 -0.147236202534 -0.127455851792
v -0.155826826049 -0.148245183217 -0.115376345937
v -0.152654928683 -0.149759312855 -0.116952824596
v -0.160455486603 -0.144742787604 -0.119789742566
v -0.162792053735 -0.144920278135 -0.111914527493
v -0.156007544838 -0.148803151734 -0.111940988674
v -0.152239322643 -0.150959760371 -0.111955685627
v -0.154714998407 -0.148904844264 -0.100255812242
v -0.151297264466 -0.150977100606 -0.102398814438
v -0.16217382149 -0.145018910841 -0.107241394568
v -0.160749120055 -0.145246207557 -0.0964722714033
v -0.154299267673 -0.148937552342 -0.0964974273448
v -0.150716918931 -0.150987782885 -0.0965113993476
v -0.151443884104 -0.147735238967 -0.0833253279808
v -0.149448855572 -0.14919978855 -0.0848332353984
v -0.157733124842 -0.145393958602 -0.0891483082807
v -0.154411545592 -0.14555667995 -0.0810822729558
v -0.150960563272 -0.14753172757 -0.0810957325987
v -0.149043833797 -0.148628699862 -0.0811032082945
v -0.147672499169 -0.145793148727 -0.0690644953028
v -0.134290224702 -0.150820459813 0.0871275499456
v -0.132705331305 -0.151553483551 0.0863635627844
v -0.13348657023 -0.148886748959 0.0767015926033
v -0.136490530384 -0.149076099611 0.0850238633917
v -0.137873305693 -0.149163261022 0.0888547499452
v -0.134422323373 -0.151138308641 0.0888412903023
v -0.132505593898 -0.152235280933 0.0888338146065
v -0.134682359434 -0.152754221144 0.100987436967
v -0.131596510192 -0.154290003882 0.0993904893477
v -0.139496595513 -0.149331539709 0.0964129175734
v -0.141203927447 -0.149508530641 0.104362392025
v -0.134754075065 -0.153199875427 0.104337236084
v -0.131171726323 -0.155250105969 0.104323264081
v -0.133779658157 -0.153591046172 0.115932677409
v -0.130259803493 -0.155635698996 0.113815888822
v -0.140899355309 -0.149612731619 0.109245365642
v -0.140239908418 -0.149838343232 0.119817776463
v -0.133455399521 -0.153721216832 0.119791315282
v -0.129687177326 -0.155877825468 0.119776618329
v -0.130129318634 -0.152100175551 0.133181034656
v -0.128351415055 -0.153492321393 0.131749546283
v -0.136562219168 -0.149986116023 0.127245220403
v -0.132627253004 -0.150144226426 0.13519225959
v -0.129632620476 -0.15185809839 0.135180579819
v -0.127969354802 -0.152810009644 0.135174092692
v -0.127330174895 -0.150229306512 0.139961014489
v -0.155360734749 -0.130014204191 -0.144414574
v -0.154163347394 -0.130453910432 -0.144876750454
v -0.154147635307 -0.12870854866 -0.145860274359
v -0.1557782023 -0.128735072451 -0.144881859963
v -0.158713962374 -0.128782827303 -0.143120270325
v -0.156452799325 -0.131189590236 -0.143113115854
v -0.154191636276 -0.133596353169 -0.143105961384
v -0.160226370976 -0.135737747523 -0.134304451523
v -0.15401026539 -0.139023472172 -0.137714939286
v -0.163507543998 -0.128914648693 -0.137744989309
v -0.163161303541 -0.139275121703 -0.127453425974
v -0.163661866124 -0.140249729189 -0.122995560627
v -0.164905376872 -0.14267087476 -0.111921214189
v -0.164639308943 -0.14267934149 -0.109626288735
v -0.163115132942 -0.142727843338 -0.0964797576257
v -0.162325701798 -0.142320900199 -0.0934984031533
v -0.159041921171 -0.140628147126 -0.0810969237726
v -0.156846039109 -0.139280295883 -0.0747166763179
v -0.160269271979 -0.130454836253 -0.0657657715396
v -0.153758326776 -0.137385031571 -0.0657451704752
v -0.147247381573 -0.144315226888 -0.0657245694109
v -0.149653843857 -0.134788898471 -0.0544994757516
v -0.146849366116 -0.142838501663 -0.0626584757494
v -0.158427478436 -0.130514856281 -0.0626951096681
v -0.151059262408 -0.130754970341 -0.0504107251858
v -0.148158170772 -0.13384286788 -0.0504015459386
v -0.145257079137 -0.136930765419 -0.0503923666914
v -0.143527356885 -0.131024568706 -0.0367326701866
v -0.137274743783 -0.135512707955 0.0551969619549
v -0.135026868224 -0.137210682455 0.0534497478757
v -0.135679982493 -0.132735886967 0.0439022371506
v -0.139027435489 -0.132952512303 0.0534370898144
v -0.140534927927 -0.133050067386 0.0577310166603
v -0.137633836291 -0.136137964925 0.0577401959075
v -0.134732744655 -0.139225862465 0.0577493751546
v -0.13929328638 -0.138824300781 0.0676935664217
v -0.134326399846 -0.142439450299 0.0639707228728
v -0.14301422688 -0.13319220027 0.0639432340093
v -0.146737984789 -0.133405675312 0.0732736108339
v -0.140227039586 -0.140335870629 0.0732942118983
v -0.133716094383 -0.147266065946 0.0733148129626
v -0.141245118077 -0.142079378645 0.0802460890915
v -0.133643744379 -0.147776933418 0.0743823848059
v -0.1471228074 -0.133429932096 0.0743397361526
v -0.142503681272 -0.144234728197 0.0888400991284
v -0.142798674385 -0.144997052599 0.093132452922
v -0.143569940334 -0.146990166422 0.104354905803
v -0.143374438526 -0.14708637785 0.10683841867
v -0.142353231555 -0.147588939858 0.119811089767
v -0.141488465587 -0.147090212155 0.122607854034
v -0.137602205515 -0.144848928813 0.135176518509
v -0.13092266365 -0.139740822206 0.145652868728
v -0.130147911639 -0.135012376426 0.150407314686
v -0.12788674859 -0.137419139359 0.150414469156
v -0.125625585541 -0.139825902292 0.150421623627
v -0.125059704071 -0.135051907013 0.153029841323
v -0.156882048737 -0.116669999191 -0.146741516801
v -0.15371015137 -0.118184128829 -0.14831799546
v -0.153502004901 -0.113176811654 -0.149487332039
v -0.157196146392 -0.113236902797 -0.14727067904
v -0.163847276422 -0.113345094108 -0.143279698357
v -0.16124304127 -0.121176971736 -0.143198817257
v -0.164189477468 -0.124462137176 -0.138678146059
v -0.165883554544 -0.113401090862 -0.140996318623
v -0.160637921336 -0.129346174215 -0.0657772208764
v -0.159813607946 -0.128762863081 -0.0640673133916
v -0.156192576456 -0.115317237146 -0.0505701532182
v -0.15326302566 -0.124127456657 -0.0504791686194
v -0.148950354967 -0.12116148381 -0.040772970207
v -0.15305850348 -0.115429418711 -0.0448786290212
v -0.147732202389 -0.115620069279 -0.0352059852204
v -0.146459258954 -0.119448270895 -0.0351664507471
v -0.143240405427 -0.12912852842 -0.0350664811213
v -0.141044442924 -0.116065452412 -0.0199575201669
v -0.141284004996 -0.11837598606 -0.0222829546463
v -0.141126632888 -0.11592478747 -0.0200415280704
v -0.141030319083 -0.115929230473 -0.0198204197214
v -0.140995243384 -0.116034715797 -0.019819330357
v -0.140906548524 -0.116301453341 -0.0198165757141
v -0.140802992399 -0.115946152188 -0.0189999046235
v -0.136481151314 -0.117004282272 0.0264332509044
v -0.136413733124 -0.117163416059 0.0262717652576
v -0.136452616958 -0.116894861471 0.025701941251
v -0.136509669689 -0.116910111609 0.0264008412896
v -0.13651989002 -0.116912843493 0.0265260410698
v -0.13648481432 -0.117018328816 0.0265271304342
v -0.136396119461 -0.11728506636 0.0265298850771
v -0.138450963228 -0.120274592299 0.0389707022532
v -0.136041232407 -0.124393827373 0.0347800904017
v -0.139258144533 -0.117169689046 0.0380217940593
v -0.140214820617 -0.117259424312 0.0420381160982
v -0.138941877181 -0.121087625927 0.0420776505715
v -0.135723023654 -0.130767883453 0.0421776201973
v -0.141100533857 -0.12412076831 0.0509383683605
v -0.135700106832 -0.131815726611 0.0430958746931
v -0.142673762851 -0.117418551024 0.0490421433186
v -0.145668241975 -0.117612334192 0.0575715886279
v -0.142738691178 -0.126422553702 0.0576625732267
v -0.144120051835 -0.128280349783 0.0625959383489
v -0.146510909889 -0.117660642533 0.0596830065459
v -0.147106634146 -0.132297013273 0.0732621614971
v -0.147318009931 -0.132591099005 0.0741039368155
v -0.135281225687 -0.119574643231 0.150247886653
v -0.132676990535 -0.127406520859 0.150328767753
v -0.123753604455 -0.119664202005 0.156189368666
v -0.124769214953 -0.131629533403 0.153732550596
v -0.156297832439 -0.101542068224 -0.147303568538
v -0.152880098497 -0.103614324566 -0.149446570734
v -0.152496979266 -0.0977234498581 -0.149421460139
v -0.156008901449 -0.097780576912 -0.147314147017
v -0.162331954086 -0.097883431517 -0.143520027699
v -0.163388709833 -0.10866608839 -0.143352426782
v -0.16569453163 -0.111104157464 -0.140991459599
v -0.164611709697 -0.0979461237954 -0.140963624572
v -0.15467725412 -0.0998555745552 -0.0508104825601
v -0.155872866942 -0.112055066112 -0.0506208589824
v -0.152246463423 -0.109320817847 -0.04458757572
v -0.151005682132 -0.0999869954556 -0.0441428519804
v -0.146216880053 -0.100158406688 -0.0354463145624
v -0.146705389924 -0.10514294009 -0.0353688371485
v -0.140020573456 -0.100444245378 -0.0212214054364
v -0.140076606132 -0.101503173823 -0.0210958584576
v -0.140616557368 -0.111707393383 -0.0198860421164
v -0.14077257821 -0.115254659756 -0.0191444651891
v -0.136106128304 -0.112691006402 0.0264604186748
v -0.138178499759 -0.105410766589 0.0381473340264
v -0.135283305878 -0.101477326267 0.0274559117274
v -0.137839364327 -0.10171708201 0.0381867683404
v -0.138699498281 -0.101797761721 0.0417977867562
v -0.139188008152 -0.106782295123 0.0418752641701
v -0.142034314477 -0.110278827166 0.0491039059566
v -0.141289745532 -0.101965385637 0.0491758219144
v -0.144152919639 -0.102150671601 0.0573312592859
v -0.145348532461 -0.114350163157 0.0575208828636
v -0.14632024805 -0.11551126824 0.0596999449949
v -0.145140106578 -0.102207264907 0.0598047890803
v -0.133765903351 -0.10411298064 0.150007557312
v -0.134822659098 -0.114895637514 0.150175158229
v -0.122806900069 -0.104198121787 0.15565596643
v -0.123388437859 -0.113698563786 0.155983622626
v -0.153554329478 -0.0845848709142 -0.146055669709
v -0.151559300947 -0.0860494204973 -0.147563577126
v -0.151259804763 -0.0823207139885 -0.146970165866
v -0.15313885263 -0.0823512797195 -0.145842651638
v -0.156521990967 -0.0824063118973 -0.143812614684
v -0.15956704441 -0.0905180082049 -0.143659267238
v -0.163908535829 -0.0949581241595 -0.140546159449
v -0.160983557835 -0.0825290030274 -0.138809638294
v -0.158077300572 -0.0840783208482 -0.0664581158984
v -0.15711066631 -0.0841098213466 -0.0648465308298
v -0.148867291001 -0.0843784549355 -0.0511030695446
v -0.152660161479 -0.0944822557486 -0.050912062388
v -0.14044078399 -0.0846800748252 -0.0358004046363
v -0.140440621385 -0.0847171265177 -0.0357744984183
v -0.140440387374 -0.084770448736 -0.0357372159914
v -0.140222858095 -0.0928919271638 -0.0282157554944
v -0.132923005602 -0.0864098037685 0.0415068853272
v -0.138483558081 -0.092637755146 0.0510284582558
v -0.132911365323 -0.0863220548068 0.0415673805908
v -0.136656411786 -0.0865644098002 0.0522347346314
v -0.13834295652 -0.0866735519809 0.0570386723014
v -0.142135826998 -0.096777352794 0.0572296794581
v -0.144231985598 -0.0991091660123 0.0603986101583
v -0.140625184074 -0.0868043871844 0.0627571007282
v -0.144546013382 -0.0870291599065 0.0725812664751
v -0.144747981036 -0.0870418906702 0.0731408043587
v -0.127955940232 -0.0886358610205 0.149714970327
v -0.131000993675 -0.0967475573281 0.149868317773
v -0.122092344551 -0.0886814156436 0.15273714182
v -0.122579342504 -0.0992566668872 0.154726436668
v -0.15019568996 -0.0702922952077 -0.144063176831
v -0.158956484484 -0.0761299278295 -0.137447018046
v -0.1498325635 -0.0669594269781 -0.142565859693
v -0.156106140427 -0.0671319475893 -0.13553098648
v -0.162379717354 -0.0673044682005 -0.128496113268
v -0.16271047626 -0.0673295933394 -0.127381316483
v -0.158604911916 -0.0682907288349 -0.0821407013304
v -0.157765359658 -0.0683201881802 -0.0806435232842
v -0.149990407184 -0.0685930062297 -0.0667784088109
v -0.157289168252 -0.0825691533164 -0.0664893309997
v -0.14099787943 -0.0688860530598 -0.051785950938
v -0.140992826481 -0.0690796344373 -0.0516080091335
v -0.140987350378 -0.0692894270631 -0.0514151657985
v -0.140717061323 -0.0769004396267 -0.0436933242477
v -0.130463015897 -0.0715845241085 0.0567265760475
v -0.137342651664 -0.0786397768299 0.0651216145618
v -0.130402539861 -0.0711966345587 0.057085396556
v -0.134443314201 -0.0714282834719 0.0672101007314
v -0.136459119994 -0.071543845288 0.0722609735627
v -0.143757881062 -0.0855199923747 0.0725500513738
v -0.144415609021 -0.0862332794967 0.0733815231711
v -0.138428685568 -0.0716679942466 0.0777175233183
v -0.142066672017 -0.0718973099063 0.0877963215706
v -0.14220009822 -0.0719111415623 0.088417564676
v -0.136820619328 -0.0728782753107 0.134133831216
v -0.125320155215 -0.076462568366 0.146141979126
v -0.121587331005 -0.0741945533254 0.148369370346
v -0.121567855792 -0.0731232606404 0.147865305311
v -0.121629639225 -0.0765218443309 0.149464408179
v -0.121998132734 -0.0862055952058 0.152070777799
v -0.152291900576 -0.0558509384049 -0.132912402912
v -0.149487422834 -0.0639005415972 -0.141071402909
v -0.148106664933 -0.0516632697388 -0.135092730399
v -0.15090199203 -0.0517401400067 -0.131958191372
v -0.153697319127 -0.0518170102746 -0.128823652346
v -0.160643434143 -0.0642073270103 -0.128561613673
v -0.161924053321 -0.0656124950276 -0.12679765512
v -0.155674575588 -0.0519672068144 -0.122159465525
v -0.158303021831 -0.0521668690933 -0.113300494946
v -0.157871994506 -0.0522356351471 -0.110042418382
v -0.156260088151 -0.0524927985155 -0.0978582388561
v -0.154059820344 -0.0526005877678 -0.0925151666228
v -0.149922513689 -0.0528032709091 -0.0824682404086
v -0.157693652971 -0.0666652465427 -0.0821750781128
v -0.141528463894 -0.0530978126828 -0.0674990863602
v -0.141520437825 -0.053292042424 -0.0672905945655
v -0.141513031952 -0.0534712635035 -0.0670982135004
v -0.141255455691 -0.0611786582817 -0.0594420822192
v -0.127981744762 -0.0564221025618 0.0719411688732
v -0.134818754812 -0.0634701810988 0.0803740168194
v -0.127920225377 -0.0560654329222 0.0723310016416
v -0.131661910703 -0.0563012851033 0.0826970907025
v -0.133384273789 -0.0564098519804 0.0874687824924
v -0.141155413071 -0.070271827614 0.0877619447881
v -0.14172089359 -0.070918972698 0.0887771084484
v -0.134783221212 -0.0565548741653 0.0939823939183
v -0.136714895543 -0.0567551215998 0.102976424572
v -0.136492700141 -0.0568311396442 0.106538714594
v -0.135750876514 -0.0570849341906 0.11843180901
v -0.133186816526 -0.0571879603775 0.123610172522
v -0.128138221101 -0.0573908173848 0.133806292138
v -0.135084336117 -0.0697811341205 0.134068330811
v -0.121342024337 -0.0574999758662 0.13992464568
v -0.12143228688 -0.0637444444304 0.143098446847
v -0.146635123189 -0.0380315975324 -0.129107125631
v -0.151588411685 -0.0422235237441 -0.119185897367
v -0.146340137197 -0.0363759727165 -0.12720212015
v -0.149228151111 -0.036595352299 -0.117468297228
v -0.150370259108 -0.0366821092132 -0.11361891238
v -0.15536439795 -0.0464306726683 -0.113418449952
v -0.154356908798 -0.0461704497939 -0.107317917448
v -0.148985926733 -0.0369029654531 -0.103154933421
v -0.148327325428 -0.0370080386354 -0.0981766562903
v -0.152817485121 -0.0457728343423 -0.0979964233528
v -0.142026260905 -0.037316722438 -0.0828753176165
v -0.142023455416 -0.037354350478 -0.0828222547142
v -0.142021505982 -0.0373804968502 -0.0827853832111
v -0.14177228401 -0.0453252556002 -0.0750584951117
v -0.125483266083 -0.0409870779215 0.0871516396899
v -0.130442061189 -0.0467309657187 0.0971794646367
v -0.125470698344 -0.0409270811535 0.0872397025614
v -0.127992879007 -0.0411885435536 0.098983178068
v -0.12878213282 -0.0412703617196 0.102658007138
v -0.133272292513 -0.0500351574265 0.102838240076
v -0.133084573757 -0.0505711624062 0.10915304693
v -0.128140449733 -0.0414898959353 0.112945624393
v -0.127818113791 -0.0416001743105 0.118113391576
v -0.132812252633 -0.0513487377655 0.118313854004
v -0.121156822051 -0.041867830875 0.131566505095
v -0.121113802582 -0.0427929840928 0.132608124162
v -0.121076025163 -0.0436054046426 0.133522818852
v -0.121259429847 -0.0531856202611 0.137936836412
v -0.144210110987 -0.0213399003322 -0.114053032759
v -0.144449673058 -0.0236504339808 -0.116378467238
v -0.144084937949 -0.0211952428643 -0.114290214864
v -0.14416451659 -0.0212012878245 -0.114022001336
v -0.144195987146 -0.0212036783937 -0.113915932313
v -0.144284718566 -0.0214261213247 -0.113911663794
v -0.143638160125 -0.0212926740574 -0.109699394206
v -0.14271466285 -0.0225652137569 -0.0995087856175
v -0.142618828228 -0.0226972697635 -0.098451269632
v -0.14233330347 -0.0297415591108 -0.0909460972223
v -0.123073635619 -0.0269595928478 0.102383393796
v -0.121741298042 -0.0263285614769 0.117609420595
v -0.121907069103 -0.0260316875206 0.113596248814
v -0.12165272373 -0.0261187047926 0.11767397486
v -0.121643841829 -0.026121743491 0.117816371643
v -0.121732573249 -0.0263441864219 0.117820640162
v -0.121460291278 -0.0261291187136 0.118187069473
v -0.12130028835 -0.0344272913168 0.125241323022
v -0.143996744078 -0.0203802605589 -0.113930167491
v -0.143938246272 -0.0205291076763 -0.113239977781
v -0.121444598761 -0.0252983256562 0.117802136465
v -0.121455398978 -0.0258701106176 0.118067062734
v -0.141229653407 0.0250840458472 -0.114710017983
v -0.141162235217 0.0249249120599 -0.11487150363
v -0.141157342917 0.025183920156 -0.114991510369
v -0.141236921558 0.0251778751958 -0.114723296841
v -0.141268392113 0.0251754846265 -0.114617227818
v -0.141253905233 0.0250505495405 -0.114615609768
v -0.141173035434 0.0243531270985 -0.114606577362
v -0.140710565092 0.0250864889629 -0.11040068971
v -0.118709747959 0.0201386683474 0.11699526197
v -0.118679387923 0.0195839091186 0.116435536885
v -0.11897947407 0.0203474754997 0.112894953309
v -0.118725128698 0.0202604582277 0.116972679355
v -0.118716246796 0.0202574195293 0.117115076138
v -0.118701759916 0.0201324844433 0.117116694188
v -0.118620890117 0.0194350620012 0.117125726594
v -0.118532696246 0.0202500443066 0.117485773968
v -0.143727076664 0.0376013278339 -0.117855152067
v -0.141317345844 0.0334820927591 -0.122045763918
v -0.141460812143 0.0409226323173 -0.128370945991
v -0.144348826057 0.0407032527348 -0.118637123069
v -0.145490934054 0.0406164958206 -0.114787738222
v -0.144397651032 0.0366185733346 -0.114743590376
v -0.142927001853 0.0366775615299 -0.102995934861
v -0.14410660168 0.0403956395807 -0.104323759262
v -0.143448000374 0.0402905663984 -0.0993454821316
v -0.142465045052 0.0366960907607 -0.0993057894273
v -0.139543998575 0.0260143942901 -0.0991878346928
v -0.137146935851 0.0399818825958 -0.0840441434578
v -0.122478100831 0.0331808261809 0.0985962322294
v -0.120284330725 0.0287963605532 0.0941416563259
v -0.12059137329 0.0363715238803 0.0860708767201
v -0.123113553953 0.0361100614802 0.0978143522267
v -0.123902807766 0.0360282433142 0.101489181297
v -0.122919852444 0.0324337676764 0.101528874001
v -0.119998805967 0.0217520712058 0.101646828736
v -0.122116588193 0.0318855265189 0.11308783921
v -0.119902971344 0.0216200151993 0.102704344721
v -0.123261124679 0.0358087090985 0.111776798552
v -0.122938788737 0.0356984307233 0.116944565734
v -0.121845505715 0.0317005082373 0.11698871358
v -0.116277496998 0.0354307741588 0.130397679253
v -0.118167961137 0.0227052354231 0.119574026342
v -0.143606079907 0.0539383962042 -0.132994063229
v -0.141358204348 0.0522404217035 -0.134741277308
v -0.141275609858 0.0565547773086 -0.136729086576
v -0.144070936955 0.0564779070406 -0.13359454755
v -0.146866264051 0.0564010367727 -0.130460008524
v -0.145212923703 0.0521344186136 -0.130418789157
v -0.141541609032 0.0426602060849 -0.130327259749
v -0.146904258637 0.0495427438358 -0.121570071391
v -0.141503831613 0.0418477855351 -0.129412565059
v -0.148843520512 0.0562508402329 -0.123795821703
v -0.151471966756 0.056051177954 -0.114936851124
v -0.148187775714 0.0475759785502 -0.11485497308
v -0.147310427914 0.047597092966 -0.107721948363
v -0.15104093943 0.0559824119003 -0.11167877456
v -0.149429033076 0.0557252485318 -0.0994945950339
v -0.14628885064 0.0476216784352 -0.0994163072632
v -0.143232060174 0.0494505729732 -0.090114810632
v -0.147228765269 0.0556174592796 -0.0941515228006
v -0.143091458613 0.0554147761383 -0.0841045965864
v -0.141241742895 0.0506413907421 -0.0840584813931
v -0.137134368112 0.0400418793639 -0.0839560805862
v -0.134697408818 0.0551202343645 -0.069135442538
v -0.123832734497 0.0482677960276 0.0822204227125
v -0.120845350185 0.0443800570426 0.0782540542153
v -0.121089170301 0.0521526141251 0.0706946454638
v -0.124830855627 0.051916761944 0.0810607345247
v -0.126553218714 0.051808195067 0.0858324263146
v -0.124703502995 0.0470348096708 0.0858785415079
v -0.120596128213 0.0364352982925 0.0859809423148
v -0.125862621172 0.0449465929254 0.094707518381
v -0.120594178779 0.0364091519203 0.0860178138179
v -0.127952166136 0.051663172882 0.0923460377405
v -0.129883840468 0.0514629254476 0.101340068395
v -0.126743658031 0.0433593553509 0.101418356165
v -0.126229744665 0.0430340201732 0.108588370245
v -0.129661645065 0.0513869074031 0.104902358416
v -0.128919821439 0.0511331128567 0.116795452832
v -0.125635630397 0.042657913453 0.116877330876
v -0.121927284369 0.0450773429548 0.126383346143
v -0.126355761451 0.0510300866698 0.121973816345
v -0.121307166025 0.0508272296625 0.13216993596
v -0.119653825677 0.0465606115034 0.132211155326
v -0.115982511006 0.0370863989747 0.132302684735
v -0.114510969261 0.0507180711811 0.138288289502
v -0.146152233848 0.0664143953914 -0.136180044194
v -0.141185347314 0.0627992458727 -0.139902887743
v -0.141049778403 0.0721780620827 -0.144669746207
v -0.14732335533 0.0720055414715 -0.137634872995
v -0.153596932257 0.0718330208604 -0.130599999782
v -0.14955644391 0.0625690443915 -0.130515961611
v -0.150451387959 0.0611707543756 -0.125595086835
v -0.153927691163 0.0718078957214 -0.129485202997
v -0.152386309194 0.0581475698014 -0.114955868545
v -0.15212397283 0.0581522439061 -0.112808494757
v -0.150500186846 0.0581811752582 -0.0995168739755
v -0.149508099034 0.0587667541201 -0.0964272441615
v -0.149822126819 0.0708467602259 -0.0842445878447
v -0.145567804837 0.0610925089222 -0.0841561021447
v -0.142091153758 0.0634485512893 -0.0760216543261
v -0.148982574561 0.0708173008806 -0.0827474097985
v -0.141207622087 0.0705444828312 -0.0688822953252
v -0.139020358572 0.0655295549311 -0.068836802402
v -0.134635889433 0.0554769040041 -0.0687456097695
v -0.132215094333 0.070251436001 -0.0538898374523
v -0.124522840217 0.0639177289244 0.0664016317484
v -0.121362178504 0.060233459724 0.0626376413228
v -0.121619754764 0.0679408545022 0.0549815100417
v -0.125660529104 0.0677092055889 0.0651062142171
v -0.127676334897 0.0675936437728 0.0701570870484
v -0.125489071381 0.0625787158727 0.0702025799716
v -0.121104602243 0.0525260649458 0.070293772604
v -0.127317486338 0.0599486504197 0.0782476931271
v -0.12109719637 0.0523468438664 0.0704861536691
v -0.129645900471 0.0674694948142 0.075613636804
v -0.13328388692 0.0672401791546 0.0856924350563
v -0.129029564938 0.0574859278509 0.0857809207562
v -0.129615615975 0.056400201982 0.0905099430124
v -0.133417313123 0.0672263474986 0.0863136781617
v -0.130954994238 0.0539188521739 0.101317789453
v -0.130780680592 0.053811643559 0.103721947143
v -0.129834163877 0.0532295047042 0.116776435411
v -0.128757063442 0.053924416247 0.119606758211
v -0.128037834231 0.0662592137501 0.132029944701
v -0.123997345884 0.0569952372813 0.132113982873
v -0.112785070695 0.0660142284205 0.145761418797
v -0.113130211361 0.0629553430395 0.144266962013
v -0.142204394858 0.0859934203861 -0.148111231534
v -0.140619501461 0.0852603966481 -0.148875218695
v -0.140525289644 0.0877362170859 -0.149541582716
v -0.142404337511 0.0877056513549 -0.148414068489
v -0.145787475848 0.087650619177 -0.146384031535
v -0.144274596006 0.083844692778 -0.14634772402
v -0.14098799497 0.0755766457732 -0.146268849076
v -0.148631676889 0.0789469095402 -0.139310106956
v -0.14103030319 0.0732493547678 -0.145173811242
v -0.150249042716 0.0875279280469 -0.141381055145
v -0.154017962606 0.0728921998359 -0.130610104064
v -0.154176957399 0.0726475971675 -0.1297696738
v -0.150043097493 0.0714026524385 -0.0842498909069
v -0.149691722458 0.0716426406358 -0.0834443311487
v -0.147342785453 0.0859786102262 -0.0690295327493
v -0.143362502953 0.0759654804183 -0.0689340101841
v -0.139567256905 0.0786181470204 -0.0607692520684
v -0.146376151191 0.0859471097277 -0.0674179476806
v -0.138132775883 0.0856784761388 -0.0536744863955
v -0.136248356644 0.080937874323 -0.0536292623292
v -0.132154618298 0.0706393255508 -0.0535310169439
v -0.129706268872 0.0853768562491 -0.0383718214871
v -0.124887957184 0.079842980054 0.0508552518486
v -0.121900572872 0.0759552410691 0.0468888833513
v -0.122176850204 0.0837348762676 0.0389959637399
v -0.125921896668 0.0834925212741 0.0496633177806
v -0.127608441401 0.0833833790934 0.0544672554506
v -0.125724022163 0.0786427772776 0.0545124795169
v -0.121630283817 0.0683442285054 0.0546107249022
v -0.127845097682 0.075736242433 0.0625651076952
v -0.121624807714 0.0681344358796 0.0548035682371
v -0.129890668956 0.08325254389 0.0601856838773
v -0.133811498263 0.0830277711678 0.0700098496243
v -0.129831215763 0.0730146413599 0.0701053721894
v -0.130812277645 0.0716209997549 0.0742665482922
v -0.134013465917 0.0830150404041 0.0705693875079
v -0.133504857594 0.0677960713672 0.0856871319941
v -0.133564652758 0.067687731656 0.0861480419437
v -0.12845886458 0.0673183927256 0.132019840419
v -0.125683000729 0.0695600917765 0.135320318789
v -0.117221425114 0.0814210700538 0.147143553476
v -0.115708545271 0.0776151436548 0.14717986099
v -0.112421944235 0.0693470966501 0.147258735935
v -0.111357829432 0.0813755154308 0.150165724969
v -0.143124140933 0.0998472510677 -0.149933929945
v -0.140038291691 0.0983114683296 -0.151530877564
v -0.139810734126 0.10325292323 -0.152460407326
v -0.143322656309 0.103195796176 -0.150353094204
v -0.149645708946 0.103092941571 -0.146558974887
v -0.147667914689 0.0951769510733 -0.146469296024
v -0.150712844541 0.0918168275998 -0.142106328558
v -0.151925464556 0.103030249292 -0.144002571759
v -0.147497348004 0.0865972365957 -0.0690365410585
v -0.146997007026 0.0869569474344 -0.0680487458715
v -0.14199100898 0.101120798533 -0.0538494297475
v -0.139753333738 0.0921646516044 -0.0537479671355
v -0.135190563283 0.0953573624005 -0.0439638042511
v -0.138319436992 0.100989377632 -0.0471817991678
v -0.133530634913 0.1008179664 -0.0384852617497
v -0.132616353614 0.0971586160644 -0.038443805614
v -0.129694628593 0.0854646052108 -0.0383113262235
v -0.127334328316 0.10053212771 -0.0242603526238
v -0.124588546206 0.0963311942339 0.0358658905014
v -0.122394776099 0.0919467286061 0.031411314598
v -0.122597060738 0.0994990468206 0.0244169645401
v -0.125153119187 0.0992592910775 0.0351478211531
v -0.126013253141 0.0991786113671 0.0387588395689
v -0.125098971842 0.095519261032 0.0388002957047
v -0.122177246821 0.0838252501784 0.0389327750951
v -0.127445455203 0.0923093689651 0.0476597620851
v -0.12217701281 0.0837719279601 0.0389700575219
v -0.128603500392 0.0990109874507 0.046136874727
v -0.131466674499 0.0988257014873 0.0542923120986
v -0.129228999257 0.089869554559 0.0543937747105
v -0.130670838663 0.0879753860085 0.0591447721484
v -0.132453861438 0.0987691081806 0.056765841893
v -0.133966060814 0.0836463975373 0.070002841315
v -0.134092264102 0.0834753236692 0.0704654565117
v -0.121079658211 0.0968633924477 0.146968610124
v -0.119101863955 0.0889474019501 0.147058288987
v -0.110120654929 0.0967782513004 0.152617019242
v -0.111058333248 0.0851042219396 0.15075913623
v -0.142749051 0.114798018054 -0.150671274935
v -0.139229196336 0.112753365229 -0.152788063522
v -0.13886402974 0.118719003448 -0.152993809562
v -0.14255817123 0.118658912304 -0.150777156564
v -0.14920930126 0.118550720993 -0.146786175881
v -0.149507830317 0.10797667186 -0.146630756761
v -0.151816220025 0.105515094361 -0.144082948242
v -0.151245579383 0.118494724239 -0.144502796147
v -0.141554601295 0.116578577955 -0.0540766307421
v -0.141890421981 0.104683640571 -0.0539017969881
v -0.138360687194 0.107304757726 -0.0476728073895
v -0.138420528319 0.11646639639 -0.048385106545
v -0.133094227228 0.116275745822 -0.0387124627443
v -0.133240147462 0.111107177836 -0.0386364942785
v -0.126489800135 0.115759766642 -0.0235338482931
v -0.126488657727 0.115971027632 -0.0235480055943
v -0.126392343922 0.115966584628 -0.0233268972453
v -0.126396364724 0.11582416578 -0.0233248039495
v -0.126511505891 0.111745807844 -0.0232648595711
v -0.126165017237 0.115949662913 -0.0225063821474
v -0.121875416021 0.114864220427 0.022899749378
v -0.121845055985 0.114309461198 0.0223400242927
v -0.121814641796 0.11500095363 0.0221954637271
v -0.121871694528 0.114985703493 0.0228943637657
v -0.121881914858 0.114982971609 0.0230195635459
v -0.121885935661 0.11484055276 0.0230216568417
v -0.122001076827 0.110762194825 0.0230816012201
v -0.124754644912 0.110823486585 0.03467491205
v -0.122541028063 0.100557975265 0.0242914175613
v -0.124620169372 0.114726126056 0.0345153165354
v -0.125576845455 0.11463639079 0.0385316385743
v -0.125722765689 0.109467822804 0.0386076070401
v -0.12834019004 0.106184388226 0.045858028517
v -0.128035787689 0.114477264078 0.0455356657948
v -0.131030266813 0.11428348091 0.054065111104
v -0.1313660875 0.102388543526 0.054239944858
v -0.132363514623 0.101174419599 0.0566741908471
v -0.131872934727 0.114235172568 0.0561765290221
v -0.120643250526 0.11232117187 0.14674140913
v -0.120941779582 0.101747122737 0.14689682825
v -0.109115629294 0.112231613096 0.152682891142
v -0.109737535697 0.102669126009 0.152642129837
v -0.139626322821 0.132076480688 -0.149105503119
v -0.137848419242 0.130684334845 -0.150536991492
v -0.137557930124 0.134106708455 -0.149834282219
v -0.139188497117 0.134080184664 -0.148855867823
v -0.142124257191 0.134032429812 -0.147094278185
v -0.14578650212 0.126029965882 -0.146935020728
v -0.15045785843 0.12129885207 -0.14399609831
v -0.146917838815 0.133900608422 -0.141718997169
v -0.143679566796 0.132360420861 -0.0697397794
v -0.141837773253 0.132300400834 -0.0666691175285
v -0.134469557225 0.132060286774 -0.0543847330462
v -0.139168248961 0.121793056738 -0.0541804043595
v -0.126937651702 0.131790688409 -0.040706678047
v -0.126917527363 0.130870528053 -0.0399003155894
v -0.126894610541 0.129822684895 -0.0389820610936
v -0.126576401787 0.123448628816 -0.031584531298
v -0.126221514734 0.116339867802 -0.0233343259734
v -0.126203901071 0.116218217502 -0.0230762061539
v -0.121711085671 0.115356254783 0.0230121348178
v -0.121333629199 0.117430787503 0.02547851375
v -0.119377228768 0.128183329863 0.038262040225
v -0.124565341088 0.124015303021 0.0479704189832
v -0.11909027731 0.130079370148 0.0399282292903
v -0.122437730306 0.129862744812 0.049463081954
v -0.123945222744 0.129765189729 0.0537570087999
v -0.128643914479 0.119497959692 0.0539613374866
v -0.130867508816 0.1170747843 0.056876416483
v -0.126424521696 0.129623056845 0.0599692261489
v -0.130148279606 0.129409581803 0.0692996029735
v -0.130533102217 0.129385325019 0.0703657282922
v -0.113558206456 0.127802880689 0.146433306825
v -0.117220451385 0.119800416759 0.146592564282
v -0.108469998888 0.127763350102 0.149055833463
v -0.108907482824 0.117238930271 0.151513554563
v -0.136992048654 0.138880703734 -0.147226064523
v -0.140419667837 0.144435834032 -0.136633669048
v -0.135287459299 0.149284107954 -0.136765455386
v -0.137466187563 0.149224193883 -0.134322339238
v -0.139644915826 0.149164279813 -0.13187922309
v -0.141914051398 0.148991911524 -0.124231280763
v -0.14425061853 0.148814420994 -0.11635606569
v -0.143632386285 0.148715788287 -0.111682932765
v -0.14220768485 0.148488491572 -0.1009138096
v -0.139191689637 0.148340740526 -0.0935898464776
v -0.135870110387 0.148178019178 -0.0855238111527
v -0.132706714026 0.144563719819 -0.0734142169213
v -0.128973889816 0.14683173486 -0.0711868257022
v -0.129131063964 0.147941550401 -0.0735060334997
v -0.128901539812 0.146320867388 -0.070119253859
v -0.128291234348 0.141494251742 -0.0607751637691
v -0.12788488954 0.138280663907 -0.054553816051
v -0.127590765971 0.136265483898 -0.0502541887721
v -0.117360555058 0.135985566862 0.0535879257951
v -0.115768268079 0.141893303106 0.0658540348531
v -0.115370252621 0.14337002833 0.0689201285145
v -0.127793446104 0.132710459829 0.0725899770612
v -0.114945135026 0.144847950169 0.0722600544064
v -0.117949095179 0.144658599518 0.0805823251949
v -0.119331870488 0.144571438107 0.0844132117483
v -0.120955160308 0.144403159419 0.0919713793765
v -0.122662492242 0.144226168487 0.0999208538282
v -0.122357920104 0.144121967509 0.104803827446
v -0.121698473213 0.143896355897 0.115376238266
v -0.118020783963 0.143748583106 0.122803682206
v -0.1140858178 0.143590472702 0.130750721393
v -0.120080492293 0.132838345617 0.135809429188
v -0.108607368805 0.138078273614 0.14091049839
v -0.108788739691 0.143505392617 0.135519476292
v -0.108425997919 0.132651154611 0.146301520488
v -0.108454286801 0.129508711874 0.148072309558
v -0.134648279392 0.151864811087 -0.131978533588
v -0.134266219139 0.152547122835 -0.12855398718
v -0.132930456869 0.154932626911 -0.116581059225
v -0.132357830702 0.154690500439 -0.110620329718
v -0.131445907871 0.154304907411 -0.101127704977
v -0.131021124003 0.153344805325 -0.0961949302441
v -0.130112040297 0.151290082376 -0.0856382555028
v -0.129912302889 0.150608284993 -0.0831680036807
v -0.113573800398 0.147683501304 0.0842987673981
v -0.113168778622 0.148254589993 0.0880287945021
v -0.111900715263 0.150042584327 0.0997069584513
v -0.111320369728 0.150031902048 0.105594373541
v -0.110378311552 0.150014561813 0.115151244731
v -0.109962705512 0.148814114297 0.120148383699
v -0.109089181366 0.146291003976 0.130651410895
v -0.108981898145 0.145296303888 0.132389724126
v -0.141882206275 -0.147861712295 -0.131013140265
v -0.138537759058 -0.148322740295 -0.131530726625
v -0.13897537043 -0.1442653298 -0.138621356682
v -0.146510866828 -0.144359316682 -0.135426536895
v -0.143205951222 -0.149499470123 -0.127548432046
v -0.138294702868 -0.15057628945 -0.127592479956
v -0.144041026037 -0.151292142653 -0.118634118489
v -0.137653339301 -0.152428820995 -0.119880891193
v -0.144660280344 -0.152621508797 -0.112023660396
v -0.137005572682 -0.154299847287 -0.112092313791
v -0.143768146296 -0.152662528768 -0.104216805101
v -0.136404520423 -0.154310910709 -0.105994835778
v -0.142895621625 -0.152702647108 -0.0965815468486
v -0.135483168971 -0.1543278698 -0.0966480275116
v -0.140594093937 -0.151575150696 -0.087367679802
v -0.134659901416 -0.153167046318 -0.0890661875253
v -0.139051679928 -0.150819536818 -0.0811928257321
v -0.133810083836 -0.151968786778 -0.0812398364585
v -0.134946784281 -0.148392522182 -0.0684454284457
v -0.132443313371 -0.149142673103 -0.0692411914723
v -0.143430450036 -0.145850439645 -0.0657487773633
v -0.134105345136 -0.147895022295 -0.065832412185
v -0.132057110508 -0.148344109466 -0.0658507823524
v -0.131007263353 -0.146002976873 -0.0567458727721
v -0.1203299838 -0.15042375526 0.0715038495103
v -0.118684160501 -0.150702808427 0.071196541661
v -0.119255613788 -0.148565720983 0.0640070219428
v -0.12396209187 -0.148669882409 0.0681121357536
v -0.129899162845 -0.148801278703 0.0732906050102
v -0.120574057946 -0.150845861353 0.0732069701885
v -0.118525823318 -0.151294948525 0.0731886000211
v -0.121961782349 -0.153407713093 0.0843246293731
v -0.117690933405 -0.154144819082 0.0835140986406
v -0.131828796388 -0.14884725237 0.0751253439646
v -0.122513440029 -0.15442611789 0.0887441971688
v -0.117271843937 -0.155575367849 0.0886971864425
v -0.122993963547 -0.155883697688 0.0976480186305
v -0.116612359486 -0.157065943281 0.0963554062607
v -0.123350429017 -0.156964970192 0.10425311658
v -0.115937976363 -0.158590192884 0.104186635917
v -0.122722595758 -0.15725536467 0.112064064676
v -0.115345926704 -0.158840532291 0.110349553491
v -0.122108135027 -0.157539573894 0.11970864356
v -0.114453427365 -0.159217912384 0.119639990165
v -0.119401052811 -0.156043038126 0.129036819077
v -0.113601183894 -0.157695912311 0.127278961488
v -0.117646853196 -0.155073277234 0.135081512438
v -0.112735604842 -0.15615009656 0.135037464528
v -0.111287506711 -0.150303368056 0.145882505853
v -0.119037752206 -0.150267588774 0.143021821381
v -0.142409817618 -0.132074120282 -0.146695725697
v -0.139065370402 -0.132535148282 -0.147213312057
v -0.139029773783 -0.128580932745 -0.149441540935
v -0.143903660562 -0.128622075173 -0.14828696707
v -0.146770810152 -0.136581092827 -0.143153026154
v -0.13912946046 -0.139654529543 -0.143201489541
v -0.14971724635 -0.139866258268 -0.138632354956
v -0.139052415445 -0.141959929672 -0.140911423112
v -0.146165690218 -0.144750295307 -0.0657314297731
v -0.145341376828 -0.144166984172 -0.0640215222883
v -0.138790794541 -0.139531577748 -0.050433377516
v -0.13019490332 -0.142988941793 -0.0504878948485
v -0.134478123848 -0.136565604902 -0.0407271791037
v -0.129475155077 -0.140531336417 -0.0448040097358
v -0.141431791452 -0.131053601925 -0.0350607585463
v -0.131987027835 -0.134852391986 -0.0351206596438
v -0.128251955784 -0.136354679938 -0.0351443484225
v -0.126572211806 -0.131469573503 -0.0199117290636
v -0.126446419091 -0.131550283576 -0.0199950788961
v -0.129152378949 -0.131288786798 -0.0222445693733
v -0.126783260822 -0.131334161994 -0.019771888691
v -0.126523012265 -0.131438836888 -0.0197735392536
v -0.126420093108 -0.13148023213 -0.0197741919932
v -0.126330761281 -0.13135027328 -0.0189541135202
v -0.122008920196 -0.132408403364 0.0264790420078
v -0.121920408318 -0.132438798718 0.0264470026845
v -0.121980385839 -0.132298982563 0.0257477323543
v -0.1221816588 -0.132311916278 0.0263167964888
v -0.122272831759 -0.132317775014 0.0265745721002
v -0.122012583202 -0.132422449908 0.0265729215375
v -0.121909664045 -0.132463845149 0.026572268798
v -0.123978732109 -0.13567871339 0.0390164933565
v -0.121038823442 -0.136562181191 0.0380794412049
v -0.128410806834 -0.132515588182 0.0348042335765
v -0.133914409679 -0.132692956957 0.0421833427724
v -0.124469646063 -0.136491747019 0.0421234416748
v -0.120734574012 -0.137994034971 0.0420997528961
v -0.126628302738 -0.139524889402 0.0509841594638
v -0.120254815144 -0.14128109042 0.0491130783626
v -0.1348544707 -0.132715814598 0.0430985503421
v -0.12826646006 -0.141826674793 0.05770836433
v -0.119670568839 -0.145284038839 0.0576538469975
v -0.129647820716 -0.143684470875 0.0626417294522
v -0.119532459745 -0.146376277979 0.0597683681594
v -0.132634403028 -0.147701134365 0.0733079526004
v -0.132845778812 -0.147995220096 0.0741497279188
v -0.118204759417 -0.14281064195 0.150374558857
v -0.110563409725 -0.145884078666 0.15032609547
v -0.109281373337 -0.135068323097 0.156235159769
v -0.121550451542 -0.135055558108 0.153742734978
v -0.145096248724 -0.119716958627 -0.149999289353
v -0.138708561989 -0.120853636968 -0.151246062057
v -0.138384143377 -0.113049195739 -0.153068598615
v -0.145980619014 -0.113113320628 -0.15126907133
v -0.142336098439 -0.130091065172 -0.0350636198338
v -0.14141261756 -0.129408801463 -0.0334029596371
v -0.133844904673 -0.123817807667 -0.0197942322025
v -0.130549913782 -0.121807887456 -0.0101090768024
v -0.132754311491 -0.116232726168 -0.00445400833293
v -0.128621551799 -0.120631600828 -0.00444093200596
v -0.124488792107 -0.125030475487 -0.00442785567899
v -0.127547415359 -0.120865843418 0.00659624908813
v -0.123843995582 -0.125171089661 0.00219768624547
v -0.132109514966 -0.116373340342 0.00217153359152
v -0.131250835136 -0.116560597174 0.0109948119308
v -0.127118075445 -0.120959471834 0.0110078882578
v -0.122985315753 -0.125358346494 0.0110209645847
v -0.128409136312 -0.123197420512 0.0200625210038
v -0.122672018739 -0.127522159633 0.0156121826345
v -0.132872542965 -0.116664807433 0.0155799074963
v -0.12933447561 -0.124801420687 0.0265522285886
v -0.131211769268 -0.127173265162 0.0319018876829
v -0.134818716667 -0.131730420205 0.0421804814848
v -0.135131189069 -0.132095209571 0.0428051447571
v -0.119771474232 -0.130293954474 0.154999984122
v -0.108623253856 -0.127314742655 0.157827187262
v -0.107975273721 -0.119680618089 0.159394687112
v -0.115803194922 -0.119672473767 0.15780446945
v -0.145350980327 -0.105299752728 -0.151264561396
v -0.137987354454 -0.106948134669 -0.153042592074
v -0.137379117742 -0.0975958339435 -0.153002726715
v -0.144735181289 -0.0976579294175 -0.151260150592
v -0.138915517524 -0.10046541027 -0.0200680435899
v -0.137917920929 -0.100500929783 -0.0182651473424
v -0.130414337074 -0.100768095535 -0.00470437212848
v -0.131653566922 -0.108958027752 -0.00457178166682
v -0.130946318406 -0.10911226116 0.00269547941258
v -0.129636779449 -0.100937661622 0.00328534314495
v -0.12891086072 -0.101095966542 0.0107444481352
v -0.130150090567 -0.109285898758 0.0108770385969
v -0.13224210563 -0.111811562852 0.015797909646
v -0.130866471892 -0.101221633288 0.0162735970694
v -0.13440508846 -0.10144902329 0.0262784172013
v -0.134808829058 -0.101462034944 0.0268197436811
v -0.115530549983 -0.11206819824 0.157503046777
v -0.10740612239 -0.110382530661 0.159074009827
v -0.107028569335 -0.104214537872 0.158861284876
v -0.115248656923 -0.104205985532 0.157191399841
v -0.142704539312 -0.0884247826431 -0.15009802153
v -0.136770346791 -0.0900166782651 -0.151796529253
v -0.136141943238 -0.0821930980739 -0.150551432442
v -0.141343664685 -0.0822370078847 -0.149319197901
v -0.140364345609 -0.0846811338484 -0.0357394195593
v -0.139916438615 -0.084689712512 -0.0352719329618
v -0.12571581498 -0.0849616939179 -0.020450549704
v -0.134855883733 -0.0956971656394 -0.0201856852368
v -0.123003507977 -0.0850582658433 -0.0155487606004
v -0.122594353427 -0.0890327638251 -0.00880075745853
v -0.122360127272 -0.0913080199162 -0.00493777015269
v -0.121442734327 -0.091508080627 0.00448880890751
v -0.120856650917 -0.0916358909226 0.010511050111
v -0.122888371119 -0.0892544263076 0.0225866162544
v -0.119452449078 -0.0858326639585 0.020939788425
v -0.120658890217 -0.0859101893551 0.0243507899731
v -0.121205385916 -0.0859453069373 0.0258959110872
v -0.13034545467 -0.0966807786589 0.0261607755544
v -0.134310698822 -0.100532551738 0.0272008091479
v -0.126586009268 -0.0861187123588 0.0331101320923
v -0.132846963837 -0.0863204888808 0.0415046817594
v -0.132881253743 -0.0863213226419 0.041538065105
v -0.116345480977 -0.0981255721688 0.155768206138
v -0.106667300952 -0.0963695276587 0.157385571625
v -0.106314013817 -0.0886978317278 0.155942460267
v -0.118048319676 -0.0886856231262 0.153558672801
v -0.137584840999 -0.0694545621157 -0.146858355606
v -0.13508137009 -0.0702047130369 -0.147654118632
v -0.134781688177 -0.0668172030297 -0.146835436258
v -0.136814341172 -0.0668343614665 -0.14635392158
v -0.146068506754 -0.0669124795788 -0.144161704523
v -0.148765856486 -0.0669461224178 -0.143018110812
v -0.140502211408 -0.068892139085 -0.0514267474562
v -0.126330245535 -0.0711310095569 -0.0381044966639
v -0.124192279103 -0.0702736379186 -0.0372739636297
v -0.124233335558 -0.0691175378369 -0.0384468984492
v -0.124152112541 -0.0714046796734 -0.036126452028
v -0.123761780234 -0.0771500764589 -0.0284097193314
v -0.12336202716 -0.0830341398297 -0.0205067413654
v -0.123261590935 -0.0836011822236 -0.0191178034915
v -0.118851598096 -0.0840177528491 0.0258397194258
v -0.117828225551 -0.0789519549407 0.032892470749
v -0.116634730769 -0.0730440347058 0.0411176492907
v -0.132833546636 -0.0862497186694 0.041575812339
v -0.116270891475 -0.0708539499513 0.0433703959374
v -0.122679734003 -0.0710097813444 0.049609800683
v -0.129977876927 -0.0711872361303 0.0567149943899
v -0.130214757874 -0.0711924786614 0.0569216081742
v -0.117502456019 -0.073142028702 0.149365880488
v -0.118932112368 -0.0856838639536 0.15254829629
v -0.106116338376 -0.0835030598443 0.154544293813
v -0.105722538856 -0.0731542847585 0.151758933746
v -0.133957582049 -0.0577212739976 -0.144440395551
v -0.147979433546 -0.065229024106 -0.142434449448
v -0.133253140859 -0.0514780083644 -0.141390169892
v -0.141729955813 -0.0515837358928 -0.137796259854
v -0.141029822752 -0.0531045470717 -0.0671093328882
v -0.12796697067 -0.0562830169793 -0.0547167600165
v -0.124824638803 -0.0551253432755 -0.053599361719
v -0.124885547935 -0.0533027734202 -0.0554098092804
v -0.12476372967 -0.0569479131307 -0.0517889141576
v -0.124512090228 -0.0627216528982 -0.0454589468387
v -0.114239395189 -0.0592430101761 0.0563528276885
v -0.129904022693 -0.0707364909426 0.0571682180781
v -0.113666949077 -0.0557492723545 0.059865776432
v -0.119783147563 -0.0558846330098 0.0652004854089
v -0.127498535562 -0.0560553861301 0.0719300494854
v -0.127725358647 -0.0560607902075 0.0721457179743
v -0.108301472727 -0.0604434219149 0.146218745376
v -0.105330034724 -0.0596964169206 0.14692485343
v -0.105299356153 -0.0575740374103 0.145846137044
v -0.110702774718 -0.0575490923377 0.143851687242
v -0.105391531314 -0.0639508231208 0.14908718946
v -0.105650722624 -0.071157478486 0.151179265361
v -0.13764379191 -0.0418400528225 -0.134822691696
v -0.13264082314 -0.0458057843374 -0.138899522328
v -0.131600200102 -0.0361659408313 -0.134666711241
v -0.135283531336 -0.0362118813773 -0.133105091556
v -0.144597459514 -0.0363280498453 -0.129156271138
v -0.145468798356 -0.0363520112809 -0.128179195644
v -0.14194717964 -0.0373183578086 -0.0827871758552
v -0.127385468222 -0.0395558255304 -0.0694696675279
v -0.12524750179 -0.0386984538921 -0.0686391344937
v -0.12528373491 -0.0375434056606 -0.0697625076149
v -0.125210465922 -0.0398790923161 -0.0674908729448
v -0.125039701571 -0.0469340608849 -0.0611415322707
v -0.111679178732 -0.0428299313745 0.0715485094288
v -0.127437822753 -0.0556157738624 0.0723722578093
v -0.11131703208 -0.0405891981006 0.07375094443
v -0.117829031805 -0.0407443469928 0.0799427001698
v -0.125408939741 -0.0409249388799 0.0871498470458
v -0.12543622107 -0.0409258852108 0.0871895399432
v -0.119038361488 -0.0419018569555 0.133473673345
v -0.1151312518 -0.0515963486227 0.139442157444
v -0.105135290668 -0.049004012466 0.141897557795
v -0.105000566888 -0.0419666629299 0.138655148056
v -0.130265491212 -0.0209564294106 -0.129689827087
v -0.130139698497 -0.0210371394829 -0.12977317692
v -0.130118403366 -0.0208165510203 -0.129701825781
v -0.130219896815 -0.0208178169028 -0.129658795665
v -0.130476540228 -0.0208210179015 -0.129549986715
v -0.132760327366 -0.0233289821063 -0.129486310792
v -0.144578285622 -0.0346832493838 -0.127498472229
v -0.137280739089 -0.0210081303829 -0.121920100789
v -0.141553574242 -0.0215274502041 -0.0984809707498
v -0.137331670974 -0.0216147575674 -0.0937753556958
v -0.127826260355 -0.0218113258649 -0.0831808914319
v -0.141515405378 -0.0368442004857 -0.0827992144661
v -0.125406962959 -0.0218439996422 -0.0812898931139
v -0.125344614265 -0.0297873004192 -0.0754574756273
v -0.111028590946 -0.0270814857113 0.0850750014698
v -0.11019993698 -0.0323951878794 0.0797052382487
v -0.10924207401 -0.0253691621054 0.0848107995925
v -0.11018752462 -0.0253916875386 0.0857097552874
v -0.111288020455 -0.0254179069362 0.0867561314691
v -0.124977165478 -0.0404507815571 0.0871378084349
v -0.125392455328 -0.0408515702419 0.0872235486145
v -0.116407816506 -0.0255955016879 0.0942051652228
v -0.122008381634 -0.0257897732884 0.102353692679
v -0.122000161334 -0.0258094017351 0.103265891649
v -0.104917442202 -0.0263948250117 0.133079957768
v -0.10720122934 -0.0289027892165 0.133143633692
v -0.104530633603 -0.0263966107273 0.133222732259
v -0.104878893714 -0.0379353296819 0.137248609521
v -0.130052124303 -0.0199967896373 -0.129566961819
v -0.134243193188 -0.011294743363 -0.119887174826
v -0.128483405962 -0.00550057048586 -0.123162742246
v -0.132465498429 -0.00561007628044 -0.118697424301
v -0.136447590897 -0.00571958207503 -0.114232106357
v -0.135098653306 -0.00587150595231 -0.106972653418
v -0.133580005136 -0.00604254345597 -0.0987998847204
v -0.140617891788 -0.0197103272372 -0.0985183946691
v -0.125203856833 -0.0062157590358 -0.089464064583
v -0.125232410146 -0.0100948037589 -0.0872136846184
v -0.125282288085 -0.0168708565663 -0.0832826411361
v -0.12537203631 -0.0204508141706 -0.0818481452194
v -0.108744048186 -0.0204774376376 0.0866543817649
v -0.113043837265 -0.0157572811355 0.0965226172224
v -0.107493450115 -0.0100779606983 0.092517440725
v -0.111145222218 -0.0102046328457 0.0978305769102
v -0.114034812528 -0.0103048665403 0.102034778708
v -0.12107269918 -0.0239726503215 0.102316268759
v -0.121188667563 -0.0242588341921 0.103884063821
v -0.113968583856 -0.0104630074734 0.10938411199
v -0.11389544558 -0.0106376471723 0.117500197599
v -0.120542303035 -0.0253128180605 0.118614438469
v -0.104300921104 -0.0154001672137 0.128350697227
v -0.104213900986 -0.0107931492483 0.126216118388
v -0.104493026277 -0.0255705967475 0.133062982664
v -0.104524920182 -0.0262711201419 0.133198462609
v -0.131768306109 0.00543489268825 -0.118864434368
v -0.128064886332 0.00112964644476 -0.12326299721
v -0.127507540951 0.0099591505209 -0.123396507414
v -0.131489633419 0.00984964472632 -0.11893118947
v -0.135471725886 0.00974013893173 -0.114465871525
v -0.136029071267 0.000910634855597 -0.114332361321
v -0.134639597812 0.0014008829326 -0.107082618611
v -0.134122788295 0.00958821505445 -0.107206418586
v -0.132604140126 0.00941717755079 -0.0990336498886
v -0.13307531394 0.00195280938924 -0.0989207817923
v -0.124227991822 0.00924396197096 -0.0896978297512
v -0.124608402389 0.00321747145242 -0.0896067036844
v -0.110432394061 0.00108804012212 0.0976598213322
v -0.107113039548 -0.00405147017978 0.0924263146582
v -0.106517585104 0.00538176030844 0.0922836755568
v -0.110169357207 0.00525508816109 0.0975968117419
v -0.113058947518 0.00515485446651 0.10180101354
v -0.113530121332 -0.00230951369504 0.101913881636
v -0.113504842315 -0.00311638188746 0.109273024269
v -0.112992718846 0.0049967135334 0.109150346822
v -0.112919580569 0.00482207383449 0.117266432431
v -0.11347692595 -0.00400743024165 0.117399942635
v -0.103238035975 0.00466657175851 0.12598235322
v -0.103656555605 -0.00196364517212 0.126082608184
v -0.127285033633 0.0254675167688 -0.130346812312
v -0.127196521754 0.0254371214145 -0.130378851635
v -0.127190808334 0.0255626119999 -0.130403121285
v -0.127292301783 0.0255613461175 -0.13036009117
v -0.127548945196 0.0255581451188 -0.13025128222
v -0.127449016887 0.0253020195434 -0.130248816032
v -0.12722841566 0.0247365980201 -0.13024337169
v -0.133157638405 0.0188909076073 -0.121080747884
v -0.127420520833 0.0145661684863 -0.125531086253
v -0.134353144056 0.0253710326374 -0.122621396294
v -0.137249166511 0.0142958850453 -0.114509737986
v -0.136462996379 0.0144891732539 -0.10966277381
v -0.13862597921 0.0248517128162 -0.0991822662545
v -0.134747548872 0.0149109340948 -0.099086548283
v -0.126581650525 0.0212587177851 -0.0871914817695
v -0.134404075942 0.0247644054529 -0.0944766512006
v -0.124898665322 0.0245678371554 -0.0838821869367
v -0.124299689576 0.0230326064476 -0.0838674044761
v -0.122977393751 0.0196434389103 -0.0838347707911
v -0.122479367926 0.0245351633781 -0.0819911886187
v -0.107117858415 0.0201305543735 0.0851977884283
v -0.106349405627 0.0196168154432 0.0846677561932
v -0.106314478978 0.0210100009148 0.0841095040877
v -0.107259929587 0.0209874754817 0.0850084597827
v -0.108360425423 0.0209612560841 0.0860548359643
v -0.107761449677 0.0194260253762 0.0860696184248
v -0.106439153852 0.016036857839 0.0861022521099
v -0.112099665514 0.014308595455 0.0952105345188
v -0.106489031791 0.00926080503153 0.0900332955923
v -0.113480221473 0.0207836613324 0.093503869718
v -0.119080786602 0.0205893897319 0.101652397174
v -0.115202356263 0.0106486110106 0.101748115145
v -0.11503279266 0.0102222010407 0.106940518762
v -0.119072566302 0.0205697612852 0.102564596144
v -0.114697021194 0.00937781994804 0.11722256597
v -0.102571613359 0.0191772833142 0.13157427079
v -0.10198984717 0.0199843380085 0.132378662264
v -0.101889918861 0.0197282124332 0.132381128451
v -0.101669317634 0.0191627909099 0.132386572793
v -0.101603038571 0.019982552293 0.132521436754
v -0.12978245689 0.0379847987555 -0.133491946395
v -0.126842548223 0.0371013309545 -0.134428998547
v -0.126720875049 0.0411326642025 -0.135835537082
v -0.130404206283 0.0410867236565 -0.134273917397
v -0.13971813446 0.0409705551885 -0.130325096979
v -0.133965101227 0.0336842762582 -0.130290200754
v -0.136487882705 0.0307026549706 -0.124923966637
v -0.140589473302 0.0409465937529 -0.129348021485
v -0.139048017853 0.0253862293302 -0.0991848262181
v -0.138531589572 0.0257681843676 -0.098259874308
v -0.137067854586 0.0399802472252 -0.0839560016965
v -0.130523145472 0.0316913022123 -0.0839163033961
v -0.120404409856 0.0397551993732 -0.0709313334562
v -0.121521504956 0.031561189152 -0.0768856272749
v -0.11107109556 0.0314145256595 0.0808323665456
v -0.106376827671 0.0289533016918 0.0782770866011
v -0.106437707026 0.0367094069332 0.0725821185887
v -0.112949706751 0.036554258041 0.0787738743285
v -0.120529614687 0.0363736661539 0.0859810212045
v -0.113984905573 0.028084721141 0.0860207195049
v -0.115771463788 0.0258309911534 0.0910810194529
v -0.120556896016 0.036372719823 0.0860207141019
v -0.119502825244 0.0211239062459 0.10164983721
v -0.119478994351 0.0210885513273 0.102161885667
v -0.114159036434 0.0353967480783 0.132304847504
v -0.108406003201 0.028110469148 0.132339743729
v -0.100121241834 0.0353319421039 0.137486322215
v -0.10158174344 0.0202031407556 0.132592787894
v -0.132959638863 0.0499262147574 -0.13720686572
v -0.126586151268 0.0481700137386 -0.139077946821
v -0.126422085784 0.056740038683 -0.14302652607
v -0.134898900738 0.0566343111545 -0.139432616032
v -0.140689024674 0.0418701923682 -0.130326248524
v -0.14093491385 0.0415683025749 -0.129703294995
v -0.137103269026 0.0400130626213 -0.0839560437005
v -0.137054437386 0.0400510174366 -0.0838848711168
v -0.134198767677 0.0551134999756 -0.068745689066
v -0.12666128299 0.0481291866474 -0.0687367490784
v -0.120042263205 0.0419959326471 -0.0687288984549
v -0.11805449286 0.0549152736271 -0.0570461654582
v -0.110794915875 0.0478830591621 0.0658235323356
v -0.106681740365 0.0461000621576 0.0639611432445
v -0.106835894002 0.0524687746929 0.0582294202542
v -0.112952092488 0.0523334140375 0.0635641292311
v -0.120667480486 0.0521626609173 0.0702936933076
v -0.1131299958 0.045178347589 0.0703026332951
v -0.106510976014 0.0390450935888 0.0703104839186
v -0.115760590621 0.042074766965 0.0758498008364
v -0.106473940146 0.0378644551648 0.0714587454675
v -0.120894303572 0.0521572568399 0.0705093617965
v -0.120565029127 0.03640648155 0.0859809792005
v -0.120572143598 0.0363970409268 0.0860052568085
v -0.115129926649 0.036296385258 0.13230369596
v -0.0984683010773 0.050644009637 0.144209780866
v -0.099080618797 0.04497178561 0.141719133302
v -0.103871719643 0.0506689547096 0.142215331065
v -0.127716542612 0.0706025329257 -0.148052346537
v -0.126070719312 0.0703234797586 -0.148359654387
v -0.12599890308 0.0723202860311 -0.148939322772
v -0.128031556075 0.0723031275943 -0.148457808094
v -0.137285721657 0.072225009482 -0.146265591038
v -0.131174468037 0.0671443788545 -0.146266699655
v -0.126329910622 0.0631168243934 -0.146267578486
v -0.136506768184 0.0615542252972 -0.141231881164
v -0.126391407213 0.0588624181932 -0.144105242456
v -0.139983071389 0.0721913666431 -0.145121997326
v -0.134442598271 0.0553162101335 -0.0687456448337
v -0.134124913443 0.0555642451634 -0.0682924653778
v -0.131719426311 0.0702453499759 -0.0535306339705
v -0.123777683147 0.063642929905 -0.0535320746493
v -0.117482046747 0.0584090114488 -0.0535332167147
v -0.115450550461 0.0700199512239 -0.0405507849636
v -0.111322527218 0.0636706511754 0.0501409469036
v -0.107209351709 0.0618876541708 0.0482785578125
v -0.107488106378 0.0682835391096 0.0412665094231
v -0.113896948906 0.0681277077165 0.0475059141687
v -0.12119509183 0.0679502529305 0.0546111078756
v -0.113253348666 0.0613478328596 0.0546096671968
v -0.106957712266 0.0561139144034 0.0546085251314
v -0.116060208767 0.0580555062295 0.0603583231553
v -0.106896803134 0.0542913445481 0.0564189726928
v -0.121431972777 0.0679450103995 0.0548177216599
v -0.120911311081 0.0523653710752 0.0702937375399
v -0.12097174868 0.0522930750242 0.0704299683878
v -0.108719670922 0.0659954603589 0.147261993973
v -0.102608417302 0.0609148297313 0.147260885356
v -0.0977638598875 0.0568872752702 0.147260006525
v -0.0969397537592 0.0659832043024 0.149655047232
v -0.129875952504 0.083406167106 -0.150914152107
v -0.12560510356 0.0826690611169 -0.151724682839
v -0.12540742812 0.0878638330005 -0.153122849293
v -0.130609149567 0.0878199231896 -0.151890614752
v -0.13927714053 0.0740278239153 -0.146267343506
v -0.140232337624 0.0730310680891 -0.145406468129
v -0.131953512091 0.0704572658257 -0.0535308399684
v -0.131658713502 0.0706849622436 -0.0530884256465
v -0.129629830491 0.085375797226 -0.0383108364101
v -0.121807219938 0.0782940549546 -0.0383039524331
v -0.115086711168 0.0722100359785 -0.0382980383169
v -0.114721870351 0.0834316583814 -0.0247030965541
v -0.113893216386 0.0781179562133 -0.0300728597751
v -0.129181923496 0.0853672185623 -0.0378433498126
v -0.114981299861 0.0850952371565 -0.0230219665548
v -0.113845567025 0.0840670679566 -0.0230209670983
v -0.11286984384 0.0831837541218 -0.023020108452
v -0.112268992858 0.0849986652311 -0.0181201774512
v -0.10922830379 0.0832809224264 0.0224674467003
v -0.108459851002 0.0827671834962 0.0219374144653
v -0.10871793396 0.0842242671159 0.0183683715742
v -0.109924375099 0.0841467417193 0.0217793731223
v -0.110470870798 0.0841116241371 0.0233244942364
v -0.109335137962 0.0830834549371 0.0233254936928
v -0.108359414777 0.0822001411023 0.0233263523392
v -0.112653929591 0.0787773016992 0.0337846102497
v -0.107959661702 0.0763160777316 0.0312293303052
v -0.115851494149 0.0839382187156 0.0305387152414
v -0.122112448718 0.0837364421936 0.0389332649085
v -0.114289838166 0.0766546999221 0.0389401488855
v -0.107569329396 0.0705706809461 0.0389460630018
v -0.116815813308 0.0736499509915 0.0444846299724
v -0.107529162834 0.0694396391913 0.0400935746035
v -0.122146738625 0.0837356084324 0.0389666482542
v -0.12142917761 0.0681621687803 0.0546109018777
v -0.121499360024 0.0680806670374 0.0547473829558
v -0.110711089795 0.0677982747921 0.147260241504
v -0.0955794986981 0.0813590993465 0.153371043416
v -0.0966400718468 0.0693707143095 0.150473729606
v -0.107313804558 0.0813713079481 0.15098725595
v -0.131435745046 0.0967177745244 -0.153273348281
v -0.125054140985 0.0955355289314 -0.154565960651
v -0.124692872601 0.103380539144 -0.156041673902
v -0.132048936149 0.10331844367 -0.15429909778
v -0.129658454492 0.0854150273857 -0.038311052781
v -0.129613346078 0.0854491658641 -0.0382371348413
v -0.126229272384 0.100510962818 -0.0231069907772
v -0.120353070862 0.0924574304664 -0.023062572153
v -0.116737116671 0.0947558629572 -0.0132554808015
v -0.125231675789 0.100475443305 -0.0213040945297
v -0.117728091934 0.100208277552 -0.00774331931583
v -0.114696288073 0.0960530881181 -0.00772040169532
v -0.110864791019 0.0908018921953 -0.00769143913723
v -0.113598062123 0.0958135922016 0.00356430874028
v -0.11027870761 0.0906740818997 -0.0016691979337
v -0.116950534309 0.100038711466 0.000246395957604
v -0.11622461558 0.099880406546 0.0077055009479
v -0.113192811718 0.0957252171116 0.0077284185684
v -0.109361314665 0.0904740211888 0.00775738112649
v -0.114737722232 0.0932465555212 0.0167976073588
v -0.109127088509 0.0881987650978 0.0116203684323
v -0.118180226752 0.0997547398002 0.013234649882
v -0.12171884332 0.0995273497981 0.023239470014
v -0.115842641798 0.0914738174469 0.0232838886382
v -0.117881909162 0.0889813592064 0.028350677725
v -0.122122583918 0.0995143381443 0.0237807964938
v -0.12214107272 0.0837756723533 0.0389330485377
v -0.122154977629 0.0837598169666 0.0389575005126
v -0.105747058441 0.0864490713143 0.152030962475
v -0.0949510951458 0.0891826795377 0.154616140227
v -0.094342324195 0.0967618352161 0.155822337689
v -0.102562411783 0.0967703875562 0.154152452653
v -0.1316919886 0.111133699555 -0.154539887668
v -0.124315319547 0.109548531934 -0.156254398853
v -0.123746168215 0.118846619362 -0.156575076139
v -0.131342643852 0.118782494474 -0.154775548854
v -0.126252172257 0.101422536123 -0.0231197999417
v -0.125409558312 0.102041901914 -0.0215766196348
v -0.118116336329 0.115663088934 -0.00796048585679
v -0.117912589844 0.107552570032 -0.00784651919023
v -0.11719812172 0.107396762205 -0.000505073754583
v -0.117471539804 0.11552247476 -0.00133494393234
v -0.116612859975 0.115335217927 0.00748833440693
v -0.116409113489 0.107224699025 0.00760230107349
v -0.118198460722 0.10494775312 0.0128450061702
v -0.118234567804 0.115231007669 0.0120734299724
v -0.121741743194 0.100438923104 0.0232266608494
v -0.12211705107 0.100026511393 0.0237489585067
v -0.10187606028 0.104361440099 0.154223946834
v -0.0937340874824 0.106114135942 0.155862203048
v -0.0933372985597 0.112215197012 0.155888209589
v -0.10116521976 0.112223341334 0.154297991926
v -0.128898056997 0.128133618112 -0.153249718698
v -0.123098188081 0.126480743928 -0.155007576288
v -0.1224400686 0.134234324369 -0.153415548796
v -0.127313955379 0.134193181942 -0.15226097493
v -0.124842086269 0.13176165519 -0.0390347664066
v -0.112562673766 0.131526470317 -0.0262185772337
v -0.110193555639 0.131481095121 -0.0237458965514
v -0.125290805128 0.116775510059 -0.0225288304192
v -0.109049423197 0.126688160906 -0.0127925716606
v -0.109741056097 0.131464983835 -0.0229281213805
v -0.108736126184 0.124524347766 -0.00820135361093
v -0.107877446354 0.124337090934 0.000621924728342
v -0.10723264983 0.12419647676 0.0072474666528
v -0.106264892765 0.129690427407 0.0217961727658
v -0.105390680656 0.130516274552 0.021773724494
v -0.105591953617 0.130503340837 0.0223427886284
v -0.105683126576 0.130497482101 0.0226005642398
v -0.111821101651 0.130299668933 0.0308302257161
v -0.117324704496 0.130122300158 0.038209334912
v -0.118264765517 0.130099442517 0.0391245424818
v -0.102657640896 0.118332319354 0.152517061045
v -0.0930128799479 0.120019638241 0.154065673031
v -0.0926916681538 0.127746934018 0.152261151909
v -0.104960746359 0.127759699007 0.149768727117
v -0.128807477627 0.142069641798 -0.147371013039
v -0.121158032212 0.145050079939 -0.147506484496
v -0.120433935225 0.149469369328 -0.143062894879
v -0.127969431624 0.149375382446 -0.139868075092
v -0.124889014831 0.147884259483 -0.0701903155602
v -0.115160420195 0.144795274257 -0.0576548652398
v -0.112188982192 0.145542279252 -0.0569487571856
v -0.112465828149 0.147731722255 -0.061187410969
v -0.117384014532 0.142372098865 -0.0547397862433
v -0.112050873098 0.144450040111 -0.0548342360237
v -0.111466626793 0.140447091693 -0.0462934673888
v -0.121462587924 0.137854755536 -0.0487488677399
v -0.110986867925 0.137160036243 -0.0392801419223
v -0.110682618494 0.135728182464 -0.0352598302311
v -0.109811777892 0.131629846422 -0.0237526578242
v -0.109801033619 0.131604799991 -0.0236273917106
v -0.105301348828 0.130646233403 0.022593802967
v -0.105275022846 0.130716284848 0.0228146898699
v -0.103469486153 0.135520681211 0.0379639593963
v -0.102246286859 0.13969733769 0.0476236207096
v -0.106859680051 0.14007700182 0.0534019556027
v -0.101526538617 0.142154943066 0.0533075058223
v -0.100714178583 0.145168978146 0.059565483746
v -0.105420656665 0.14506481672 0.0636705975567
v -0.111357727641 0.144933420425 0.0688490668133
v -0.113287361184 0.144887446758 0.0706838057677
v -0.095570070582 0.140571206487 0.143217649553
v -0.0926690264918 0.141125930944 0.143731034085
v -0.0927460715066 0.143431331073 0.141440967656
v -0.100496317001 0.143467110355 0.138580283184
v -0.100241426892 0.135840092675 0.146156571972
v -0.0925919814771 0.138820530816 0.146021100515
v -0.0926560715348 0.131701149555 0.150032923031
v -0.106401606191 0.12979357787 0.148327054363
v -0.131164801567 0.152632410457 -0.13203176065
v -0.118985837095 0.155316097832 -0.132217853554
v -0.118120258042 0.156861913584 -0.124459350514
v -0.129268478418 0.153882701764 -0.127286553654
v -0.125038441379 0.156671666579 -0.116701648137
v -0.117268014572 0.158383913657 -0.116820379191
v -0.116375515232 0.158006533564 -0.107529942517
v -0.124499942826 0.156320865985 -0.109100905567
v -0.123943178391 0.155958166228 -0.101242345653
v -0.115783465574 0.157756194157 -0.101367024943
v -0.115109082451 0.156231944553 -0.0935357952868
v -0.124787262476 0.154475900043 -0.0951531607734
v -0.126097717913 0.152174655635 -0.0856995937972
v -0.114449597999 0.154741369122 -0.0858775754687
v -0.114030508532 0.153310820354 -0.0806944876668
v -0.126846282524 0.151130016245 -0.0826904851898
v -0.113195618619 0.150460949797 -0.0703689890473
v -0.113037281436 0.149868809699 -0.0683769306872
v -0.0996643314286 0.147510110739 0.0686703933262
v -0.0992781285653 0.148308674376 0.0720608024461
v -0.109559478014 0.148568074564 0.0842374291038
v -0.0979113581003 0.15113478805 0.0840594474323
v -0.0970615405206 0.152333047591 0.0918857984991
v -0.107857503816 0.149599439367 0.0893006207474
v -0.104397985783 0.151695843143 0.0995923177759
v -0.0962382729657 0.153493871073 0.0994676384854
v -0.0953169215135 0.153476911982 0.108814446752
v -0.103458894311 0.151724216138 0.107176190538
v -0.102486296062 0.151753601482 0.115030655819
v -0.0947158692546 0.153465848559 0.114911924765
v -0.0940681026353 0.151594822267 0.122700502167
v -0.103712863583 0.14990750338 0.121151890181
v -0.105605703541 0.147058603347 0.130598183833
v -0.0934267390687 0.149742290722 0.130412090929
v -0.0931836828785 0.147488741568 0.134350337599
v -0.106929217535 0.145581169883 0.132644468931
v -0.126825758858 -0.148137902421 -0.131529400899
v -0.123058746446 -0.148078451724 -0.131528974497
v -0.123474771952 -0.144221179349 -0.138269848135
v -0.134284581941 -0.144251968998 -0.138514983225
v -0.128723761974 -0.150356339198 -0.127711603274
v -0.122827679382 -0.150220841041 -0.127784988005
v -0.129823526521 -0.152279057846 -0.119853599429
v -0.122165815397 -0.152132586538 -0.119826907546
v -0.130899117911 -0.154159514557 -0.112168316889
v -0.121538549196 -0.153944398878 -0.11228482184
v -0.130162720254 -0.154167969557 -0.105949336368
v -0.120907385176 -0.15395601656 -0.105881869889
v -0.12907079054 -0.154180506624 -0.0967278382434
v -0.120016145485 -0.153972421392 -0.0968405355609
v -0.126846357603 -0.152960031565 -0.0889809241784
v -0.119153601237 -0.152756216997 -0.0888969788944
v -0.124656311569 -0.151758423498 -0.0813537675483
v -0.118343060351 -0.151613338369 -0.0814323445078
v -0.120024662655 -0.148782508058 -0.0690742832266
v -0.116930611731 -0.148692774558 -0.0690326987886
v -0.118870708177 -0.148041072122 -0.0660149049835
v -0.116590087022 -0.147988661058 -0.0660432904017
v -0.115664410569 -0.145924425988 -0.0580152642555
v -0.122520788643 -0.145959528623 -0.0574480015661
v -0.104978743771 -0.150450208185 0.0712346890257
v -0.10319840968 -0.150417395405 0.0712396443697
v -0.103702274314 -0.148533072038 0.0649004652964
v -0.112429552605 -0.148551391989 0.0643991370256
v -0.105339420987 -0.150991911181 0.07302447739
v -0.103058799832 -0.150939500116 0.0729960919719
v -0.107218449543 -0.153949162124 0.0835459107821
v -0.102204540529 -0.153855487482 0.0835611414748
v -0.10811807167 -0.15536500457 0.0885832553526
v -0.101804820451 -0.155219919441 0.0885046783932
v -0.10882566611 -0.156912295029 0.0963872956766
v -0.101123295699 -0.156760310651 0.0964188397585
v -0.109525597932 -0.158442829708 0.104106825185
v -0.100470952877 -0.158234744476 0.103994127868
v -0.109046436262 -0.158700882742 0.110390823384
v -0.099850657537 -0.15849702715 0.110451067749
v -0.108346972594 -0.159077579654 0.119563987067
v -0.0989864038793 -0.158862463976 0.119447482116
v -0.105710402309 -0.157476279963 0.127375724392
v -0.0980914643678 -0.157264214123 0.127469153738
v -0.103164663948 -0.155930146308 0.134918341209
v -0.0972685813562 -0.155794648151 0.134844956478
v -0.0958919129311 -0.150236318677 0.145155049176
v -0.10075599629 -0.150257502255 0.145384881813
v -0.127353370202 -0.132350310407 -0.147211986331
v -0.123586357789 -0.132290859711 -0.147211559929
v -0.123552517029 -0.128531692041 -0.149329877932
v -0.129452500578 -0.128550462767 -0.149372444253
v -0.134444247596 -0.139474330574 -0.143260844575
v -0.123647286505 -0.139059066355 -0.143397626834
v -0.136750069394 -0.141912399647 -0.140899877392
v -0.123561029228 -0.141640122852 -0.140833737484
v -0.126928404706 -0.142863308295 -0.0505292767758
v -0.114712729365 -0.142393478605 -0.0506840321416
v -0.123302001187 -0.14012906003 -0.0444959935133
v -0.113869543037 -0.139514389596 -0.0440253507625
v -0.117760927688 -0.135951182273 -0.0352772549418
v -0.112769781829 -0.13575921675 -0.0353404857155
v -0.11107611122 -0.131252487562 -0.0211298232298
v -0.112121256394 -0.131258612981 -0.0210074058688
v -0.12219265535 -0.131317639746 -0.0198277476631
v -0.125655688915 -0.131344949589 -0.0190966343443
v -0.117682226286 -0.132301252766 0.0265187131281
v -0.109234037523 -0.136219008772 0.0382389162331
v -0.105525946423 -0.136111212274 0.0382890101473
v -0.106338843642 -0.13228556845 0.0275474939341
v -0.110243545915 -0.137590537306 0.0419668463768
v -0.105252400057 -0.137398571782 0.0419036156031
v -0.11308985224 -0.14108706935 0.0491954881633
v -0.104747022553 -0.140861152653 0.0492914455242
v -0.116404070224 -0.14515840534 0.0576124650703
v -0.104188394884 -0.14468857565 0.0574577097045
v -0.117375785813 -0.146319510423 0.0597915272016
v -0.104026599838 -0.145968135719 0.0599348749545
v -0.105878196862 -0.145703879697 0.150266740435
v -0.0950812357698 -0.145288615478 0.150129958177
v -0.0938624378324 -0.135006363971 0.155747548636
v -0.103333919965 -0.135044423975 0.156047076456
v -0.130878749209 -0.12070387382 -0.151218770293
v -0.123221038085 -0.120557402511 -0.15119207841
v -0.122906886623 -0.112999955035 -0.152956935612
v -0.132273648463 -0.113029755274 -0.153024513528
v -0.11090004971 -0.130284838603 -0.0199794007834
v -0.110671746191 -0.129501529036 -0.0181789386305
v -0.117181335803 -0.124362148843 -0.00452599056349
v -0.108954524412 -0.123609739658 -0.00463647185166
v -0.116474087288 -0.124516382252 0.00274127051592
v -0.108176966787 -0.123779305744 0.00335324342177
v -0.115677859449 -0.12469001985 0.0109228297002
v -0.107451048057 -0.123937610664 0.0108123484121
v -0.117769874511 -0.127215683944 0.0158437007493
v -0.107073244406 -0.126546944524 0.0163488804262
v -0.106389620647 -0.131268451622 0.0263670600077
v -0.106366277067 -0.131736048082 0.0269097378103
v -0.101058318865 -0.127472319332 0.15754883788
v -0.0932367811242 -0.127635241013 0.157261046882
v -0.0925563382168 -0.119618658963 0.158907075979
v -0.098705529329 -0.119643368744 0.159101539083
v -0.131745554285 -0.106805193518 -0.152997092664
v -0.122490219207 -0.106593240521 -0.152929626185
v -0.121901860988 -0.0975465932393 -0.152891063712
v -0.130962496763 -0.0975754195419 -0.152956433035
v -0.0983200819184 -0.11051958319 0.158792322648
v -0.0920051992987 -0.110614835972 0.158596547439
v -0.0916096338305 -0.104152578746 0.158373673743
v -0.0980521923838 -0.104178467387 0.15857741435
v -0.128956802978 -0.0898096635124 -0.151711265906
v -0.121264046611 -0.0896058489444 -0.151627320622
v -0.120664686485 -0.0821438573697 -0.150439769439
v -0.126982114667 -0.0821639561906 -0.150485347477
v -0.111869353095 -0.0897478554588 -0.00969104787443
v -0.107322210556 -0.0900510371358 -0.010068509627
v -0.10784849458 -0.0849387518332 -0.0187482768433
v -0.118957087292 -0.0850263553494 -0.0164030382159
v -0.113940069018 -0.0922245124759 -0.00502663399868
v -0.107020932021 -0.0929776352438 -0.00509965737999
v -0.106271318321 -0.093141107451 0.00260292289715
v -0.113114774191 -0.0924044888651 0.0034536000972
v -0.112436592664 -0.0925523834824 0.010422186265
v -0.105517455666 -0.0933055062503 0.0103491628837
v -0.103711270217 -0.0858409781382 0.0237633565381
v -0.106138035291 -0.0858396963688 0.023328056454
v -0.0990043117486 -0.0964662320151 0.157167037933
v -0.0912601724807 -0.0965639604582 0.156946189997
v -0.0908950783121 -0.0886358726017 0.155454849134
v -0.0999665139343 -0.0886723250678 0.155741725812
v -0.122662719374 -0.069844547992 -0.147487210387
v -0.11956866845 -0.0697548144923 -0.147445625948
v -0.119304431424 -0.0667679623255 -0.146723773255
v -0.12158656148 -0.0667752228946 -0.146740238026
v -0.110488510582 -0.0707419336545 -0.0379625160156
v -0.108839257319 -0.0707982932077 -0.0380453835325
v -0.108901823195 -0.069036513886 -0.0398328172879
v -0.112111052617 -0.0690534740163 -0.0395427133889
v -0.111931349937 -0.0722927411912 -0.0362617750234
v -0.108778047551 -0.0725218861795 -0.0362966921836
v -0.1084223405 -0.0777576253486 -0.0292644886395
v -0.116501683628 -0.0774376269633 -0.0288142782892
v -0.121587744614 -0.0831630738498 -0.0205263883577
v -0.107987962169 -0.0841513463357 -0.020676981521
v -0.107948891462 -0.0843719315637 -0.0201366706361
v -0.121963821633 -0.0836665041372 -0.0192041536811
v -0.11707731555 -0.0841466868692 0.0258200724335
v -0.103477533106 -0.0851349593552 0.0256694792702
v -0.103079430832 -0.0831643127179 0.0284130708879
v -0.112517605967 -0.0804687046232 0.0312795668418
v -0.104413968165 -0.0739320962236 0.0409823262952
v -0.101260665778 -0.0741612412119 0.0409474091351
v -0.100706211581 -0.0708237740719 0.0443803666462
v -0.113773491009 -0.0708491081392 0.0435324488248
v -0.101044605659 -0.0835616872607 0.154405077392
v -0.0907065389943 -0.0836811916142 0.154121302849
v -0.0903036033516 -0.0730923256323 0.151271322613
v -0.103242155242 -0.0731443176371 0.151680493658
v -0.125450678985 -0.0582890986416 -0.144535317155
v -0.118577796471 -0.0587478545529 -0.144612006054
v -0.117752542381 -0.0514338579129 -0.141038661345
v -0.129982754956 -0.0514686933038 -0.141316007039
v -0.111696175404 -0.0555304573374 -0.0542151337635
v -0.109463319621 -0.0555993581103 -0.0543198627123
v -0.109542695151 -0.0532242225346 -0.0566792007638
v -0.113857139246 -0.0532463112172 -0.0563222450746
v -0.113708773771 -0.0576858169662 -0.0519122674082
v -0.109383944092 -0.057974493686 -0.0519605246607
v -0.109155207326 -0.0632227431168 -0.0462066720944
v -0.118524852045 -0.0629170145812 -0.0457504649306
v -0.103184439289 -0.0599809140116 0.0562294744379
v -0.0988596096108 -0.0602695907314 0.0561812171853
v -0.0981136096032 -0.0557166234098 0.0607592197855
v -0.109805600697 -0.0557411667672 0.0600875870632
v -0.0923332358019 -0.0599471783053 0.146466762115
v -0.0899397023724 -0.0599933593504 0.146382398505
v -0.0899037623725 -0.0575069880314 0.145118680366
v -0.0934522713289 -0.0575224421493 0.145286350842
v -0.0968846282504 -0.0645186477648 0.148992267856
v -0.0900117457359 -0.0649774036761 0.148915578957
v -0.0902402811865 -0.0713316916773 0.150760214522
v -0.103701512864 -0.0711795140684 0.151126261169
v -0.126467669249 -0.0454035079506 -0.138591506105
v -0.117035211099 -0.0447888375163 -0.138120863354
v -0.116099601625 -0.0361217903798 -0.134315202693
v -0.121096687184 -0.0361360236098 -0.134428522078
v -0.11154373327 -0.039166749628 -0.0693276868795
v -0.109894480006 -0.0392231091812 -0.0694105543964
v -0.109949695608 -0.0374629327725 -0.0711224611481
v -0.113094788513 -0.0374794381893 -0.0708435274553
v -0.113055834416 -0.0407829871124 -0.0676251673631
v -0.109838041098 -0.0410222824488 -0.0676607202041
v -0.10968281867 -0.0474351511036 -0.0618892575264
v -0.119052463389 -0.047129422568 -0.0614330503626
v -0.0995245472255 -0.0437338261708 0.0714142150105
v -0.0963067539078 -0.0439731215072 0.0713786621694
v -0.0957548791242 -0.0405584711583 0.0747349498334
v -0.108878601984 -0.0405843835032 0.0739051280059
v -0.0968841717294 -0.0491695549195 0.141600339013
v -0.0897468910013 -0.0493127504026 0.141343242504
v -0.0896049731078 -0.041899613551 0.137927691379
v -0.0998527917153 -0.0419442438447 0.138411910707
v -0.125885934756 -0.0208044956536 -0.129605845687
v -0.115778475916 -0.0218244804421 -0.12971366907
v -0.114729588678 -0.0219303279202 -0.129724858289
v -0.114559460945 -0.0207851239398 -0.128750809909
v -0.118084517659 -0.0300748509235 -0.0758620345852
v -0.110005174531 -0.0303948493088 -0.0763122449355
v -0.110072923656 -0.0217635267541 -0.0826498466471
v -0.123637299677 -0.0218347124666 -0.0814468419638
v -0.0980914484423 -0.0291530711479 0.0827823036477
v -0.0940525394403 -0.0280716302718 0.08380868998
v -0.0936799210543 -0.0253384351632 0.0857948049959
v -0.0944932841126 -0.0253400411209 0.0857433755024
v -0.0896903022683 -0.0268406151519 0.132390029263
v -0.0891828591744 -0.0268626709473 0.132359779353
v -0.0891933837655 -0.0263168379775 0.131895768257
v -0.0900967303179 -0.0263218251098 0.131987318786
v -0.10032683673 -0.0263783027638 0.133024098796
v -0.0902193778904 -0.0273982875524 0.132916275413
v -0.0891704906523 -0.0275041350304 0.132905086194
v -0.0894955784753 -0.0382750987691 0.136663092449
v -0.100997328201 -0.0380210612651 0.137100870048
v -0.104388787696 -0.0263959929739 0.133216029903
v -0.1293724705 -0.0201285552374 -0.129573305162
v -0.114365025597 -0.0189883849428 -0.127957036654
v -0.112902548733 -0.00547392248298 -0.121986542962
v -0.121154033531 -0.00548803503067 -0.122609447746
v -0.114507409813 -0.0108098953926 -0.0881039750343
v -0.109960267275 -0.0111130770696 -0.0884814367869
v -0.109923539949 -0.00612357061702 -0.091376037431
v -0.11681611835 -0.00616515456511 -0.0905135930945
v -0.121208406013 -0.0176606667806 -0.08332066348
v -0.110024423869 -0.0198289237841 -0.0834250457885
v -0.110059336837 -0.0212215635108 -0.082867012364
v -0.124074267008 -0.0205161360842 -0.081934495409
v -0.104670166114 -0.0212672478519 0.086616359421
v -0.09348618397 -0.0234355048554 0.0865119771125
v -0.0918775747403 -0.0100589492868 0.0940534654432
v -0.100641443461 -0.0100696187825 0.0931914248173
v -0.0941365039596 -0.0159742648653 0.127611396168
v -0.0890035031794 -0.0162641824919 0.127238051306
v -0.0888985659566 -0.0107085974208 0.124663970974
v -0.0961765777739 -0.010748777358 0.125401568108
v -0.103813372474 -0.0257023623476 0.133056639321
v -0.104404168436 -0.0262742030937 0.133193447288
v -0.120694978038 0.00178435385424 -0.12271941294
v -0.112397857536 0.00252143036223 -0.122107440034
v -0.111926683722 0.00998579852378 -0.12222030813
v -0.12017816852 0.00997168597609 -0.122843212915
v -0.116280442254 0.00232106321438 -0.0906419124947
v -0.109436986383 0.00158444462842 -0.0914925896947
v -0.108947674938 0.00933615038974 -0.0916098025992
v -0.115840253339 0.00929456644165 -0.0907473582627
v -0.100213248858 -0.00328613027057 0.0930888522461
v -0.0913882632952 -0.00230724352546 0.0939362525387
v -0.0909017097295 0.00540077171997 0.0938197002749
v -0.0996655784501 0.00539010222429 0.0929576596491
v -0.095664454305 -0.00263568193714 0.12527889066
v -0.0884273921422 -0.00324422925928 0.124551102878
v -0.0879227009458 0.00475112358593 0.124430205806
v -0.0952007127632 0.00471094364876 0.12516780294
v -0.122958339723 0.0255746673667 -0.130307141192
v -0.122518376605 0.0148726441756 -0.125299568139
v -0.111821746499 0.0155413835949 -0.124794388462
v -0.111631865913 0.0255940390805 -0.129452105414
v -0.109749974615 0.0222395272885 -0.0840323096491
v -0.107339065708 0.0227127059584 -0.0840683142685
v -0.107145328624 0.0246156362661 -0.0833511421519
v -0.120709704645 0.0245444505537 -0.0821481374685
v -0.0913390416744 0.0204663283361 0.0852870299682
v -0.0907659128418 0.0204987646137 0.085310675208
v -0.090752326022 0.0210407278571 0.0850935094911
v -0.0915656890803 0.0210391218994 0.0850420799976
v -0.0932117347159 0.0186329462172 0.0859047132519
v -0.0908008258093 0.0191061248871 0.0858687086324
v -0.102319906113 0.00956219395822 0.0902712648296
v -0.0908649824037 0.0103902781725 0.0909250996309
v -0.0879806290569 0.0185067703675 0.130667851109
v -0.0864602240814 0.0182655860458 0.130400699498
v -0.0862657887332 0.0200623250427 0.131194472753
v -0.0871691352856 0.0200573379105 0.131286023281
v -0.0973992416974 0.0200008602565 0.132322803292
v -0.101461192664 0.0199831700464 0.132514734398
v -0.115037762303 0.0374445033732 -0.134269523519
v -0.111329671203 0.0375522998721 -0.134219429605
v -0.111220276571 0.041176814654 -0.135484028535
v -0.11621736213 0.041162581424 -0.13559734792
v -0.111654759026 0.0267813361334 -0.13046142335
v -0.111642390504 0.0261398720503 -0.12991611651
v -0.116210885372 0.0300444394695 -0.078498531182
v -0.106772710238 0.0273488313748 -0.081365027136
v -0.105070370554 0.0398356722613 -0.0722912869894
v -0.10821546346 0.0398191668445 -0.0720123532966
v -0.0981449442936 0.0293336288605 0.0785304556827
v -0.0908200751478 0.0296720504118 0.0787559077794
v -0.0908755540704 0.0367401338755 0.0735661239921
v -0.10399927693 0.0367142215306 0.0727363021646
v -0.0860956610001 0.0212075290232 0.132168521133
v -0.0847256480539 0.0353989914828 0.136758865537
v -0.101372618353 0.0201930267306 0.132579288664
v -0.0949734666614 0.0353543611891 0.137243084865
v -0.119421188365 0.0483640348093 -0.138995537021
v -0.111078358677 0.0485899515056 -0.13889957966
v -0.110921487306 0.0567841891344 -0.142675017522
v -0.123151699881 0.0567493537436 -0.142952363217
v -0.117551427267 0.0421972033511 -0.0687619679696
v -0.104518495771 0.0432503226101 -0.0689349993255
v -0.102711640075 0.0549938245127 -0.0583155569416
v -0.107026084171 0.0549717358302 -0.0579586012524
v -0.0970700685968 0.0464787875464 0.0641911019655
v -0.0911424310085 0.0467123522065 0.0643329203704
v -0.0912825545277 0.0525014236376 0.0591228636077
v -0.102974545622 0.0524768802801 0.0584512308854
v -0.104020140077 0.0392463642927 0.0702774144039
v -0.0909872085804 0.0402994835518 0.0701043830481
v -0.105290896397 0.0379128522679 0.0714888461738
v -0.0909307696722 0.0385003102841 0.0718542172404
v -0.090029342637 0.04443562766 0.141035662328
v -0.0837900385797 0.0440660386192 0.140564526198
v -0.0830727072971 0.0507110590159 0.143482324188
v -0.0866212162535 0.050695604898 0.143649994664
v -0.112365302583 0.0705760800004 -0.148321507022
v -0.110584968492 0.0706088927803 -0.148316551678
v -0.110521646327 0.0723695267353 -0.148827659769
v -0.112803776383 0.0723622661663 -0.148844124541
v -0.119520058531 0.0636161742943 -0.146357258335
v -0.110813503943 0.064254604779 -0.146471916113
v -0.124234733281 0.0589191857494 -0.144082083414
v -0.110885547306 0.0592705604533 -0.143938735661
v -0.113629867484 0.0586914823905 -0.0535839465766
v -0.101965640068 0.0595467918344 -0.0537375543414
v -0.100119038098 0.0701009751748 -0.0419367038022
v -0.10332826752 0.0700840150445 -0.0416465999032
v -0.0975976799405 0.0622663795596 0.0485085165335
v -0.0916700423522 0.0624999442198 0.0486503349384
v -0.0919234264836 0.068313714989 0.0422764801319
v -0.104990705912 0.0682883809217 0.0414285623105
v -0.103105533003 0.0563963853452 0.0545577952695
v -0.0914413055863 0.057251694789 0.0544041875047
v -0.105038362536 0.0543613539191 0.0564601916346
v -0.091361930057 0.0548765592133 0.0567635255562
v -0.0909540077965 0.0573866251711 0.147170326675
v -0.0822474532076 0.0580250556559 0.147055668898
v -0.0815208182546 0.0660451634285 0.149167436099
v -0.094459370145 0.0659931714237 0.149576607143
v -0.115132619698 0.0828647180745 -0.151692870698
v -0.110118710684 0.0829583927171 -0.151677640005
v -0.109930171366 0.0879130737047 -0.15301118629
v -0.116247599548 0.0878929748837 -0.153056764328
v -0.112654552687 0.0724025146792 -0.0383302706511
v -0.0995645839002 0.0734384423148 -0.0385037462911
v -0.101784727848 0.0813600729448 -0.0269957943762
v -0.0977458188462 0.0824415138209 -0.0259694080439
v -0.0981589876697 0.0843479572378 -0.0232150650047
v -0.0973477165724 0.0844121604581 -0.0232258164262
v -0.0971139794616 0.0851181792412 -0.0213196936941
v -0.108222572173 0.085030575725 -0.0189744550667
v -0.0934494870492 0.0836166963891 0.0225566882402
v -0.0928763582166 0.0836491326667 0.0225803334801
v -0.0929767550983 0.0842159529361 0.0211919396873
v -0.0954035201728 0.0842172347055 0.0207566396032
v -0.0936485586063 0.0833643442184 0.0231313957865
v -0.092837287509 0.0834285474387 0.0231206443649
v -0.0997277783247 0.0766964049002 0.0314826993867
v -0.0924029091789 0.0770348264515 0.0317081514835
v -0.105137170915 0.0707631596468 0.0389138306675
v -0.0920472021279 0.0717990872824 0.0387403550275
v -0.106346119084 0.0694880362944 0.0401236753098
v -0.0919859923596 0.0700754943106 0.0404890463764
v -0.0933369593865 0.0692979895963 0.150348239639
v -0.0812565812288 0.0690320155952 0.149889288792
v -0.0801605631935 0.0814210584726 0.152883432283
v -0.0892319988158 0.0813846060065 0.153170308961
v -0.117267447609 0.0956891771832 -0.154534071235
v -0.109565077198 0.0958411615611 -0.154502527153
v -0.109215615848 0.103429779849 -0.155930010899
v -0.118276251623 0.103400953546 -0.155995380222
v -0.10403861929 0.0915832865788 -0.00778536577876
v -0.0953077940121 0.0925827073532 -0.00790550003977
v -0.103378916921 0.0914394218089 -0.00100666034575
v -0.0945539313574 0.092418308554 -0.000159260053186
v -0.102535142936 0.0912554155723 0.00766345448496
v -0.0938043176576 0.0922548363467 0.00754332022396
v -0.104957962831 0.0885001540244 0.0118583376697
v -0.0935030391222 0.0893282382387 0.012512172471
v -0.0873133397242 0.0890339782504 0.154345587712
v -0.0795612030671 0.0888830500474 0.154070983466
v -0.0789233886904 0.0968237943423 0.155334726556
v -0.0853659472437 0.0967979057005 0.155538467163
v -0.118015829105 0.109688181483 -0.15621312896
v -0.10882005038 0.109892037075 -0.156152884595
v -0.108268911462 0.118895860066 -0.156463413135
v -0.117635673302 0.118866059827 -0.156530991051
v -0.0845954065516 0.105969513799 0.155572053513
v -0.0783350304709 0.105870441624 0.155373289029
v -0.0779183630551 0.112277156138 0.155400598456
v -0.0840675541673 0.112252446358 0.155595061559
v -0.115207406495 0.126700376275 -0.154910813384
v -0.107588468554 0.126912442116 -0.154817384038
v -0.106962811846 0.134283565074 -0.153303885792
v -0.112862795394 0.134264794348 -0.153346452114
v -0.0949664157052 0.131035304981 -0.0244358250568
v -0.0944589726113 0.131013249185 -0.0244660749663
v -0.0944864060366 0.131562769553 -0.0251038310901
v -0.0955315512113 0.131556644134 -0.0249814137292
v -0.105602950167 0.131497617369 -0.0238017555235
v -0.095341723581 0.13062289327 -0.0239135273995
v -0.0944356290316 0.130545652725 -0.0239233971638
v -0.0937520052727 0.125824145627 -0.0139052175822
v -0.0988850060528 0.126114063254 -0.0135318727202
v -0.109065983732 0.131470307526 -0.0230706422047
v -0.100674353286 0.123837117349 -0.00828916762354
v -0.0933742016212 0.123214811767 -0.0083686855681
v -0.0926482828917 0.123056506847 -0.000909580577807
v -0.0998853450546 0.123665054169 -0.000181792795467
v -0.0991708769313 0.123509246343 0.00715965264018
v -0.0918707252667 0.12288694076 0.00708013469563
v -0.0901535034872 0.128778730138 0.0206226014745
v -0.0916739084627 0.12901991446 0.0208897530847
v -0.101092521103 0.130514004349 0.0225447052677
v -0.0908312945176 0.129639280251 0.0224329333917
v -0.0899251999682 0.129562039705 0.0224230636274
v -0.0897491384586 0.130529688664 0.0235734860737
v -0.0853914781746 0.119928116819 0.153853021118
v -0.0776042115935 0.119834603614 0.153635741254
v -0.0772727326492 0.127808893144 0.151773540776
v -0.0867442147819 0.12777083314 0.152073068596
v -0.110613918311 0.144718814729 -0.147629485903
v -0.105744013909 0.144565816581 -0.147686295333
v -0.104933336747 0.14951351978 -0.142711386332
v -0.115743146736 0.149482730131 -0.142956521422
v -0.0991921832699 0.145291517867 -0.0574068485005
v -0.0967986498404 0.145245336822 -0.0574912121105
v -0.0971229753643 0.147810273141 -0.0624568024524
v -0.103979353438 0.147775170505 -0.061889539763
v -0.100189610394 0.14407739394 -0.0549726025113
v -0.0966368547945 0.143965776753 -0.0550140468606
v -0.0960782271256 0.140138353756 -0.0468477826802
v -0.103215507854 0.140281549239 -0.0465906861704
v -0.105832932204 0.136998114662 -0.0393402646935
v -0.0955728496217 0.136675772885 -0.0394599527591
v -0.0952993032559 0.135388413377 -0.0358453473033
v -0.106801052982 0.135642450881 -0.0354075697033
v -0.109669762232 0.131625384705 -0.023754314495
v -0.109680281872 0.131601717039 -0.0236324070314
v -0.105159333169 0.130641771686 0.0225921462961
v -0.105065897758 0.130706170823 0.0228011906398
v -0.0983155504315 0.13535875963 0.0379038366251
v -0.0880554678494 0.135036417853 0.0377841485595
v -0.0869557066419 0.138791590699 0.0464690136064
v -0.0931950106991 0.139161179739 0.0469401497361
v -0.0896652759123 0.141782296895 0.0531691393347
v -0.0861125203132 0.141670679708 0.0531276949855
v -0.0851608391093 0.145201627091 0.0604589270995
v -0.0938881174002 0.145183307139 0.0599575988287
v -0.0797394778684 0.140950843104 0.143350290589
v -0.0772642204501 0.140917323955 0.143277400328
v -0.0773504777264 0.143498380452 0.140713510979
v -0.0822145610856 0.143477196873 0.140943343616
v -0.0820478675761 0.138489265606 0.145898099107
v -0.0771779631737 0.138336267458 0.145841289678
v -0.0772388918891 0.131568060814 0.149655222773
v -0.0888066468937 0.131667919412 0.149938617281
v -0.113034436506 0.155221885296 -0.132288610794
v -0.103556668322 0.155071849254 -0.132401293634
v -0.102733785311 0.156541415226 -0.125025490894
v -0.110555323051 0.156704336907 -0.124737699895
v -0.107992118018 0.158237073307 -0.116930661944
v -0.101838845799 0.158139665079 -0.117003819272
v -0.100974592141 0.157774228253 -0.108007404905
v -0.107289474761 0.157869481035 -0.107811629696
v -0.106801131164 0.157614000988 -0.101473817485
v -0.100354296801 0.157511945579 -0.101550465024
v -0.0997019539797 0.156037511754 -0.0939751769145
v -0.107446093248 0.156135240197 -0.0937543289789
v -0.108097885397 0.15464081952 -0.0859530920885
v -0.099020429227 0.154497120544 -0.0860610155492
v -0.0986207091497 0.153132688584 -0.0811174786308
v -0.108958775814 0.153252192938 -0.0808337040873
v -0.110713588819 0.150421658488 -0.0703984983328
v -0.0977664498463 0.150216701219 -0.0705524291279
v -0.0976268399982 0.149694596508 -0.0687959815257
v -0.111088071675 0.149846774117 -0.0684299348784
v -0.0971823016287 0.147470819429 0.0686408840407
v -0.0842351626561 0.147265862161 0.0684869532456
v -0.0838946379472 0.147969975661 0.0714763616325
v -0.095975016105 0.148235949663 0.0719353124789
v -0.0915596454974 0.151034238449 0.0839839308125
v -0.0824821893279 0.150890539472 0.0838760073517
v -0.0816716484418 0.1520334181 0.0913406417384
v -0.0894237850989 0.152184346303 0.0916152459843
v -0.0872559385557 0.153351677904 0.0993608459438
v -0.0808091041932 0.153249622495 0.0992841984049
v -0.079917864502 0.153233217663 0.108325532733
v -0.0861782405826 0.153332289839 0.108524297217
v -0.0854399727009 0.153319008209 0.114801642012
v -0.0792867004821 0.153221599981 0.114728484684
v -0.0786594342809 0.151409787641 0.12227057039
v -0.086446700862 0.151503300846 0.122487850254
v -0.0874753384799 0.149648078185 0.130341333689
v -0.0779975702962 0.149498042144 0.130228650849
v -0.0777665032328 0.147355652827 0.133972637341
v -0.0893342582374 0.147455511425 0.134256031849
v -0.10961002478 -0.146584826202 -0.130235710967
v -0.107333606504 -0.146332005412 -0.130016804753
v -0.107556200229 -0.144268178524 -0.133623497491
v -0.115899265518 -0.144243545837 -0.136058691267
v -0.110990720857 -0.14814220673 -0.127958250818
v -0.107209974473 -0.147478287097 -0.12801359128
v -0.112704854388 -0.150808208853 -0.118641268459
v -0.106364405443 -0.149920651121 -0.117846689125
v -0.113853614659 -0.152594882567 -0.112397309636
v -0.105920844287 -0.151201844934 -0.112513425116
v -0.112901737829 -0.152576560644 -0.104617718507
v -0.105019847603 -0.15121842936 -0.103373109298
v -0.111964575803 -0.152558521954 -0.0969583899584
v -0.104398440576 -0.151229867448 -0.0970691388364
v -0.108727229001 -0.150641633527 -0.0869299936913
v -0.103183936345 -0.14951739254 -0.0858842249057
v -0.107006058842 -0.14962249923 -0.0815982892285
v -0.102725355441 -0.148870784425 -0.0816609477833
v -0.101172678745 -0.145660266672 -0.0680302636772
v -0.102153944816 -0.145679209545 -0.0673031155453
v -0.103597401427 -0.145707074786 -0.0662334701049
v -0.111012881905 -0.145840642564 -0.0611831760075
v -0.090066114237 -0.148657913844 0.0728059122686
v -0.0897186792135 -0.152155461091 0.0850776846991
v -0.0864132657552 -0.15170540883 0.0854791629998
v -0.0872978138797 -0.148686031523 0.0745395165882
v -0.0904678189433 -0.153229080301 0.0883387336725
v -0.0861871155421 -0.152477365497 0.0882760751177
v -0.0916382536267 -0.155383211799 0.0976572459696
v -0.0853080867923 -0.154464157839 0.0984837386583
v -0.0924193831945 -0.156820845038 0.10387627347
v -0.0848532479678 -0.155492190532 0.103765524592
v -0.0918562719714 -0.157169468285 0.111663080288
v -0.0839798419757 -0.155861497287 0.112857209823
v -0.0913014693424 -0.157512947664 0.119334994319
v -0.08336869897 -0.156119910032 0.11921887884
v -0.0873671730289 -0.15496803227 0.129614499854
v -0.0820911585737 -0.153838382929 0.130669942751
v -0.0854316228312 -0.15371601384 0.134671693665
v -0.0816508764469 -0.153052094207 0.134616353203
v -0.0809142923959 -0.150078119671 0.140132750402
v -0.0882141363112 -0.150155223244 0.142580535553
v -0.110137636123 -0.130797234189 -0.145918296399
v -0.107861217848 -0.130544413399 -0.145699390185
v -0.107843111408 -0.128533077263 -0.146832792556
v -0.111646056773 -0.128532741928 -0.147437288963
v -0.116150351055 -0.13673037148 -0.143521893928
v -0.107893817651 -0.134165730614 -0.143658751904
v -0.120491842474 -0.141170487434 -0.140408786139
v -0.10772500894 -0.139216954569 -0.138641124698
v -0.100949562949 -0.144884604333 -0.066277359931
v -0.100740671252 -0.144109570017 -0.0646681724103
v -0.109243468124 -0.140694619023 -0.050774689078
v -0.0989592605116 -0.137500142865 -0.0509451572115
v -0.0970240906355 -0.1308924381 -0.0356630313263
v -0.0970581093243 -0.13089310751 -0.0356372332601
v -0.0971070666547 -0.130894070878 -0.035600106478
v -0.104345216841 -0.131079786785 -0.0281022362474
v -0.0895896848824 -0.132533425911 0.0416439948406
v -0.0950668647261 -0.138850118421 0.0511658315659
v -0.0887639841029 -0.137540707053 0.052386269463
v -0.0894946719679 -0.132534418082 0.0417047539008
v -0.0987191336428 -0.142989716069 0.0573670527681
v -0.0884349260303 -0.13979523991 0.0571965846346
v -0.100815292243 -0.145321529287 0.0605359834683
v -0.0880608802468 -0.142753390115 0.0629234176871
v -0.0874182757583 -0.147835443391 0.0727620224425
v -0.0873803040792 -0.148103563563 0.0733223195102
v -0.0875843003198 -0.142959920603 0.150005691083
v -0.0793277669162 -0.140395279737 0.149868833107
v -0.0786756511956 -0.134893778918 0.15287451513
v -0.0890260491975 -0.134970510101 0.154832601523
v -0.113760077075 -0.119233024826 -0.150006439323
v -0.10741962813 -0.118345467094 -0.149211859989
v -0.107197481002 -0.113001340257 -0.150459850235
v -0.115176829325 -0.113000636655 -0.151728205926
v -0.0970136237206 -0.130823277649 -0.0356022549874
v -0.0969422615577 -0.130431065161 -0.0351359598028
v -0.105911421497 -0.126505407823 -0.0200941030301
v -0.094679766818 -0.11799620257 -0.0203523495801
v -0.0940590457402 -0.115866508026 -0.0154571783937
v -0.0972376039693 -0.116022274699 -0.00872052701409
v -0.0990572133904 -0.116111445475 -0.00486403818082
v -0.0981398204452 -0.116311506186 0.00456254087937
v -0.0975537370359 -0.116439316482 0.0105847820829
v -0.0939439088827 -0.120062668491 0.0226781984611
v -0.0902749150154 -0.118250637032 0.0244469268947
v -0.0905079868417 -0.116640906142 0.0210313706317
v -0.101400992433 -0.127489020842 0.0262523577611
v -0.0901693377546 -0.118979815589 0.0259941112111
v -0.105366236586 -0.131340793922 0.0272923913546
v -0.0898582394621 -0.125211441661 0.0332263412026
v -0.0894962419483 -0.132462632682 0.0416418463313
v -0.0894954060284 -0.132500854077 0.0416753408173
v -0.0874010187403 -0.128933814352 0.155859788345
v -0.07834089466 -0.130949872376 0.153684309739
v -0.07736955158 -0.119506073911 0.156034042473
v -0.0848781302799 -0.119561737676 0.157454514012
v -0.11448457186 -0.105213784604 -0.151665474803
v -0.106602681634 -0.103855653321 -0.150420865593
v -0.106192455367 -0.0975479784613 -0.150393978335
v -0.113803015814 -0.0975473073783 -0.151603713424
v -0.0973971219764 -0.10515197655 -0.0096452567711
v -0.0938767414253 -0.111721664565 -0.0163236823308
v -0.0933762634618 -0.100342872925 -0.01870248574
v -0.09746475378 -0.100543231228 -0.0100373199771
v -0.0998052663534 -0.100657929097 -0.00507682653314
v -0.0994678378998 -0.107628633567 -0.00498084289534
v -0.0986425430731 -0.107808609957 0.00349939120053
v -0.0990556526536 -0.100821401304 0.002625753744
v -0.0983017899989 -0.100985800103 0.0103719937306
v -0.0979643615454 -0.107956504574 0.0104679773684
v -0.0894346685422 -0.103618619462 0.0233809070191
v -0.0892390390985 -0.10124509923 0.0238091476414
v -0.0845320806302 -0.111870353107 0.157212829036
v -0.0769798226017 -0.113139166005 0.155814457235
v -0.0764228471938 -0.104039993693 0.155500640237
v -0.0841823663595 -0.104097517769 0.156968584647
v -0.110837674376 -0.0874912654743 -0.149660335419
v -0.105294381719 -0.0863670244866 -0.148614566634
v -0.104955280863 -0.0821452425917 -0.147942684062
v -0.109261118787 -0.082144862912 -0.148627117654
v -0.0980021936606 -0.0894300060206 -0.0253927707694
v -0.0936967744265 -0.0916155993108 -0.0276640486493
v -0.0938857754052 -0.0845592279431 -0.0341990926031
v -0.100174664329 -0.0847205877768 -0.0276845451245
v -0.106937498506 -0.0848941080617 -0.0206790462417
v -0.100215514201 -0.0920489316245 -0.0206577774356
v -0.0934935298957 -0.0992037551874 -0.0206365086295
v -0.093450838429 -0.0996184570365 -0.0199324173471
v -0.101546835465 -0.0940344526243 -0.0141753684455
v -0.107269151455 -0.0849103608633 -0.01997613941
v -0.103413099187 -0.0968177821703 -0.00508824195656
v -0.103038292337 -0.0968995182739 -0.00123695181799
v -0.101909622833 -0.0971456531767 0.0103605783072
v -0.099742601431 -0.0957090926052 0.0157141329663
v -0.102427069443 -0.0858777210812 0.0256674145495
v -0.0957050851374 -0.093032544644 0.0256886833556
v -0.0889831008323 -0.100187368207 0.0257099521617
v -0.0867777971335 -0.086109302198 0.038838224168
v -0.0848358849884 -0.0974947197983 0.15590642338
v -0.0761791891288 -0.09874891344 0.154505342968
v -0.0757082916753 -0.0885232875494 0.152581815627
v -0.0857164981328 -0.0885974819445 0.154475166286
v -0.106235458146 -0.0667691147198 -0.144646397265
v -0.104756113132 -0.0678151298212 -0.144649304966
v -0.10375045002 -0.0685262139788 -0.14465128163
v -0.103559869225 -0.0667770143276 -0.143865439995
v -0.0991877143256 -0.0741997700081 -0.0416268269112
v -0.0942431261011 -0.0759423827846 -0.0434616384818
v -0.0944984387319 -0.068753088196 -0.0507556211433
v -0.10232038366 -0.0689070061966 -0.0448238507014
v -0.101918770434 -0.0773719430517 -0.0363101743174
v -0.0939933473401 -0.0829758502985 -0.0363257519962
v -0.0939479185548 -0.0836445277101 -0.035427640858
v -0.103743292842 -0.0796606441228 -0.0312568088208
v -0.107562847842 -0.0844519361251 -0.0206778170971
v -0.107616576633 -0.0845435038416 -0.0203148797637
v -0.103052418779 -0.0854355491446 0.0256686436941
v -0.102612006784 -0.0851084993956 0.0264457781843
v -0.0944013886615 -0.0790112980842 0.0409339270012
v -0.0864759655677 -0.0846152053309 0.0409183493225
v -0.0842134037852 -0.0709959999316 0.0549272223718
v -0.0885148695807 -0.0709510819495 0.0521765118975
v -0.0756046438613 -0.0734397954806 0.148403872986
v -0.0751621945293 -0.0735343236887 0.148301591252
v -0.0751519732926 -0.0729720738 0.148037041224
v -0.0757519834969 -0.0729784113232 0.148238236768
v -0.0776694074108 -0.072998663843 0.148881187746
v -0.0761900623974 -0.0740446789444 0.148878280045
v -0.0751843992849 -0.074755763102 0.148876303381
v -0.0756016215096 -0.0857200704352 0.151827333194
v -0.0864770955571 -0.0842520866659 0.15347898124
v -0.0884328747681 -0.0730784572558 0.150917418523
v -0.113820135329 -0.0618398486955 -0.144625263001
v -0.10337872797 -0.0651716099513 -0.14308109957
v -0.101833970658 -0.0514808570882 -0.136392310701
v -0.11222596102 -0.0514501750028 -0.139425549609
v -0.0999756025527 -0.0586326747687 -0.0575275808249
v -0.0947928351023 -0.0602896566044 -0.0592798313298
v -0.0950376887348 -0.052962958079 -0.0665577984487
v -0.103311012157 -0.0531119773402 -0.0609232725988
v -0.103010074731 -0.0621168582093 -0.0519782850784
v -0.0945479814697 -0.0676163551297 -0.052001864211
v -0.0945244764823 -0.0681556651798 -0.0514105983886
v -0.10511230478 -0.0645858550067 -0.0476446704482
v -0.0924857402501 -0.0644119552547 0.0561634567677
v -0.0840236469884 -0.0699114521751 0.0561398776351
v -0.0817224237608 -0.055866688035 0.0702618693406
v -0.0848817248857 -0.0558377639935 0.0684302915818
v -0.0795536806444 -0.0621522658066 0.144041971917
v -0.0750092297054 -0.0630969051236 0.143017907643
v -0.0749261418373 -0.0573487890258 0.140096381593
v -0.0812171304834 -0.0574152367066 0.142205877189
v -0.0852540845938 -0.0680693978186 0.148902322009
v -0.0887343952654 -0.0715313810513 0.150535122773
v -0.100272734717 -0.036168518799 -0.12969561907
v -0.100222531246 -0.0362048434153 -0.129695705878
v -0.100187646658 -0.0362300840853 -0.129695766197
v -0.100176886674 -0.0361696930906 -0.129626278729
v -0.100242937013 -0.0426245859816 -0.0729919977752
v -0.0952983487885 -0.0443671987581 -0.0748268093457
v -0.0955236671485 -0.0371844451781 -0.0818125888899
v -0.103256822199 -0.0373337300456 -0.0760820847827
v -0.103089080158 -0.0459054789796 -0.0676723899431
v -0.0950680384809 -0.0517090868586 -0.0676862592578
v -0.095052087826 -0.0523680731665 -0.0670931838206
v -0.105639916123 -0.0487982629934 -0.0633272558801
v -0.0895577929674 -0.0488563180379 0.0713669924304
v -0.0815367512907 -0.054659925917 0.0713531231157
v -0.0792847153256 -0.0407257589224 0.0850491294453
v -0.0844044023956 -0.0406737581644 0.0818430063829
v -0.0746525332472 -0.0417656338298 0.132909863793
v -0.0746299266111 -0.0417742571355 0.132900813649
v -0.0746314958003 -0.0417405110099 0.132862819285
v -0.0746677808288 -0.041741312726 0.132894406499
v -0.0747136366909 -0.0417423259092 0.132934325413
v -0.0746634332196 -0.0417786505256 0.132934238606
v -0.0746285486323 -0.0418038911955 0.132934178286
v -0.074833737193 -0.0525219961723 0.137872470435
v -0.0833066754475 -0.05069865675 0.139844396549
v -0.0860557426664 -0.0418621253048 0.136737562703
v -0.107763646476 -0.0287909087208 -0.129710769559
v -0.10010792962 -0.0357055130817 -0.129231472395
v -0.0979216874256 -0.0209889632385 -0.116714373444
v -0.109442431425 -0.0208478157241 -0.125048944353
v -0.100112639035 -0.0262796379676 -0.0881231124973
v -0.0958072198012 -0.0284652312578 -0.0903943903772
v -0.0960940994458 -0.021387514974 -0.0979351767302
v -0.102571021663 -0.0215656274914 -0.0906722823499
v -0.109047943881 -0.0217437400087 -0.0834093879696
v -0.102048946519 -0.0286368760022 -0.083395232385
v -0.0955404449296 -0.0350469350797 -0.083382068836
v -0.0955307525859 -0.0362817516704 -0.082475397154
v -0.105326126873 -0.0322978680831 -0.0783045651168
v -0.109658122457 -0.0217555192149 -0.0829572270064
v -0.0925097039815 -0.0253503210801 0.0865276349313
v -0.08551070662 -0.0322434570735 0.0865417905159
v -0.0790022050304 -0.038653516151 0.086554954065
v -0.0767625530067 -0.025603247113 0.100704186949
v -0.0794532130574 -0.0311995840564 0.127834101148
v -0.0747947045212 -0.0332760775379 0.125667227831
v -0.074934965027 -0.0260017988485 0.119483383663
v -0.0817444553717 -0.0261522542354 0.125411250883
v -0.0822045484502 -0.034364715831 0.132919174924
v -0.0866911957887 -0.0389328900055 0.1359556827
v -0.102750492796 -0.00559830138259 -0.114642136205
v -0.100800086821 -0.00942292559409 -0.11461086152
v -0.0973930485354 -0.016103914723 -0.114556229793
v -0.0970424094874 -0.0169961124858 -0.110419194923
v -0.100562790039 -0.0104264244709 -0.103740769363
v -0.102871498576 -0.00578168364347 -0.106150387423
v -0.102970934416 -0.00593237701728 -0.099172339125
v -0.100462181902 -0.0108518838918 -0.0991321113756
v -0.0960798040945 -0.0194454528625 -0.0990618401171
v -0.0960888951474 -0.0206804969702 -0.098345344507
v -0.104184892184 -0.0150964925581 -0.0925882956054
v -0.106447237182 -0.00602797381715 -0.095274188278
v -0.109403436595 -0.0210466410145 -0.0834150882816
v -0.109727022008 -0.0213931357887 -0.0830452214916
v -0.0928651966962 -0.0246532220858 0.0865219346194
v -0.0913822577902 -0.023469297489 0.0884060606186
v -0.0834257418075 -0.0101947001016 0.101662324303
v -0.0809169892943 -0.0151142069761 0.101702552053
v -0.0765346114864 -0.0237077759468 0.101772823311
v -0.0762734981284 -0.0232937157106 0.104147491151
v -0.0789601509578 -0.0145473159395 0.113007061443
v -0.0816144786202 -0.0103752242056 0.110320666623
v -0.0801983474792 -0.0105163664798 0.117090167751
v -0.0782479415041 -0.0143409906913 0.117121442435
v -0.0748409032184 -0.0210219798203 0.117176074162
v -0.0749056403116 -0.0244492901539 0.118764056707
v -0.0831250113313 -0.019677188358 0.123704586082
v -0.0850553196381 -0.010623681064 0.121318308859
v -0.101774627785 0.00986141962418 -0.114875901373
v -0.102155038352 0.00383492910563 -0.114784775306
v -0.102335822479 0.00270453413602 -0.106278706823
v -0.101895633565 0.00967803736329 -0.106384152591
v -0.101995069405 0.00952734398948 -0.0994061042933
v -0.10248438085 0.00177563822815 -0.0992888913888
v -0.106203960399 -0.00217396619443 -0.0953324644099
v -0.105471372171 0.00943174718961 -0.0955079534463
v -0.0824498767967 0.0052650209052 0.101428559135
v -0.0829391882418 -0.00248668485612 0.10154577204
v -0.0810668082118 -0.00169899171075 0.110189474026
v -0.0806386136094 0.00508449680115 0.110086901455
v -0.0792224824684 0.00494335452693 0.116856402583
v -0.0796028930355 -0.00108313599161 0.11694752865
v -0.084792282784 -0.00645663302508 0.121255299269
v -0.0840794546273 0.00483603994271 0.121084543691
v -0.0986924109759 0.0220256596284 -0.118465070427
v -0.0950234171086 0.0238376910871 -0.116696341993
v -0.0949940923932 0.0253901997818 -0.117415668949
v -0.106514836392 0.0255313472962 -0.125750239858
v -0.0950881542018 0.0204103807536 -0.115108359448
v -0.0936555592918 0.0226821166439 -0.102079776437
v -0.0933944459338 0.02309617688 -0.0997051085972
v -0.0931665044135 0.0249916480463 -0.098636472235
v -0.103435880837 0.0148040514875 -0.0940639650575
v -0.0996434266309 0.0248135355289 -0.0913735778547
v -0.106120348848 0.0246354230115 -0.0841106834744
v -0.106730527425 0.0246236438053 -0.0836585225112
v -0.0895821089492 0.0210288419402 0.0858263394266
v -0.0759531795055 0.0188676464293 0.0992354713252
v -0.0738401622728 0.0200688979035 0.100413059221
v -0.0738349579743 0.0207759159072 0.100002891444
v -0.0738492533257 0.0188338537958 0.101129554831
v -0.0728866479328 0.0163845134191 0.112486909637
v -0.0725360088847 0.0154923156563 0.116623944507
v -0.0720073699946 0.0203773641717 0.118782088158
v -0.0821808395801 0.0103886882326 0.122392503379
v -0.0788168603394 0.0202269087849 0.124709955378
v -0.095393409663 0.0411300862348 -0.130864444911
v -0.110642350022 0.0265351262109 -0.129533462965
v -0.095134352899 0.0326644784711 -0.123599513117
v -0.0952975616199 0.0411289119432 -0.130795104571
v -0.0909268523898 0.0380419170843 -0.0844872393508
v -0.0906443420946 0.0401141598557 -0.0829814147312
v -0.106305286189 0.0254046446971 -0.0833323198395
v -0.0983774971452 0.0399648749882 -0.077250910624
v -0.07595314021 0.0351022441932 0.0839951715747
v -0.0743983048343 0.0356701526037 0.0845431118681
v -0.0744053902717 0.0365728461114 0.083880303604
v -0.0795250773417 0.0366248468694 0.0806741805416
v -0.0743886124906 0.034435336013 0.0854497835501
v -0.0741218376189 0.0278536321911 0.0924621050913
v -0.0698322215166 0.0354829773389 0.131691571986
v -0.0698211278004 0.035093914015 0.131299187109
v -0.0697521707464 0.0355580940239 0.131693993444
v -0.0697884557749 0.0355572923078 0.131725580658
v -0.069834311637 0.0355562791246 0.131765499572
v -0.0811764176126 0.035436479729 0.135568736862
v -0.10139820085 0.0506009857381 -0.137025193618
v -0.0950953202272 0.0519103971056 -0.135804755721
v -0.0950029155828 0.0567371899591 -0.138028666879
v -0.105394905945 0.0567678720445 -0.141061905787
v -0.0953005087879 0.0411922921288 -0.130866463572
v -0.095299130809 0.0411626580688 -0.130833098934
v -0.0925981547644 0.0512321146883 -0.0691940187077
v -0.0883923061295 0.0540483268502 -0.0692854084016
v -0.0882066336594 0.0552550889683 -0.0681941546265
v -0.0964799570814 0.0551060697071 -0.0625596287766
v -0.0757931335915 0.051472360249 0.0688889591374
v -0.0748769695942 0.0517564740998 0.0691608985348
v -0.0748913686854 0.0523513590123 0.0686255131628
v -0.0780506698102 0.0523802830538 0.066793935404
v -0.0790668675742 0.0482812756299 0.0698453636658
v -0.0748610189393 0.0510974877919 0.069753973972
v -0.0881608105132 0.0393933705611 0.072710744342
v -0.0746307086317 0.0437555996914 0.0768945240599
v -0.0697414107619 0.0356184850186 0.131763480911
v -0.0680950867619 0.0508692580215 0.138460025415
v -0.0787272354302 0.0409789018941 0.137372450293
v -0.0743860754079 0.0508028103407 0.140569521011
v -0.0974526730487 0.072368374341 -0.146750283779
v -0.107674239711 0.059917166885 -0.143337627147
v -0.0949198277148 0.0624853060569 -0.140950192929
v -0.0947770841276 0.0723604747333 -0.14596932651
v -0.0890009217658 0.0674200100177 -0.0540076691575
v -0.0859054104318 0.0692998531083 -0.0540721629209
v -0.085715653635 0.0703844008649 -0.0528595076576
v -0.0935375985633 0.0702304828642 -0.0469277372157
v -0.0763207449352 0.0672599522623 0.0532063737055
v -0.0754045809379 0.067544066113 0.0534783131028
v -0.0754306186882 0.0681414891292 0.0528233358574
v -0.0797320844837 0.0681864071113 0.0500726253831
v -0.0784765872846 0.0651249129723 0.0541340726886
v -0.0753810759505 0.067004756063 0.0540695789251
v -0.0878054375942 0.0559289935894 0.057768291239
v -0.0751362223179 0.0596780575376 0.061347546044
v -0.06744840303 0.0651669088734 0.145774806481
v -0.0665503294501 0.0645600108845 0.145148814284
v -0.0663691881956 0.0661654152609 0.14593315471
v -0.0669691983999 0.0661590777377 0.146134350254
v -0.0688866223138 0.0661388252178 0.146777301232
v -0.0796500896711 0.066059031805 0.148813532009
v -0.0976328493689 0.0846584191078 -0.150161096781
v -0.0943274359106 0.0851084713685 -0.14975961848
v -0.0942207657449 0.0879116884827 -0.150514100913
v -0.0985266036683 0.0879120681623 -0.151198534505
v -0.0947446581353 0.0741441640353 -0.146808588667
v -0.0947668628909 0.0729227246219 -0.146233876538
v -0.0884612871882 0.0807194656858 -0.0387428057091
v -0.0834530918525 0.0840036062642 -0.0388506346083
v -0.0831512602867 0.0854977031313 -0.0367705094539
v -0.0894401492109 0.0853363432976 -0.0302559619753
v -0.0962029833874 0.0851628230126 -0.0232504630925
v -0.096534636336 0.0851465702111 -0.0225475562609
v -0.091692554324 0.0841792099932 0.0230959976986
v -0.0775359742411 0.082465020233 0.0369474152788
v -0.0759811388653 0.0830329286434 0.0374953555722
v -0.0760432820149 0.0839476288763 0.0362668073172
v -0.0809439054159 0.0790801106533 0.0385012956095
v -0.0759357100801 0.0823642512317 0.0383934667103
v -0.0892160332006 0.0709685545876 0.041345573478
v -0.0756859313191 0.0753307837179 0.0455293531959
v -0.0661786074004 0.0679146149121 0.146718996344
v -0.0649737765568 0.081533643525 0.150010398776
v -0.0789149429157 0.0684843334662 0.149300188267
v -0.0749819830143 0.0814594491299 0.151903749436
v -0.100080035126 0.097218260413 -0.153264120942
v -0.0937498682914 0.0981373143733 -0.152437628253
v -0.0935062102264 0.103428394627 -0.153432925523
v -0.101116770674 0.10342906571 -0.154642660611
v -0.0809459565879 0.0995757691401 -0.0236422374476
v -0.0806900183217 0.100633500163 -0.0217414329273
v -0.095075537196 0.0870438466037 -0.0213720374053
v -0.0847785086399 0.10043314186 -0.0130762671644
v -0.0871190212133 0.100318443991 -0.00811577372048
v -0.0863694075135 0.100154971784 -0.000413193443343
v -0.0856155448588 0.0999905729847 0.00733304654324
v -0.0785912362239 0.0978056064955 0.0208225441652
v -0.0764782189912 0.0990068579697 0.0220001320612
v -0.0765527939584 0.0997312738581 0.0207702004541
v -0.0764355275245 0.0985921561206 0.0227042233436
v -0.0762322829937 0.091004000244 0.0297317633634
v -0.0735867382942 0.0876311926862 0.152714627702
v -0.0646346757008 0.0857554254198 0.150682281348
v -0.0637366020537 0.0969363793946 0.15246169305
v -0.0714961212194 0.0968788553184 0.15392963746
v -0.100825664814 0.11121959594 -0.154940872056
v -0.0929492348184 0.112527566939 -0.15374674252
v -0.0925595058402 0.118894474844 -0.153966327759
v -0.100538854163 0.118895178446 -0.155234683449
v -0.0831810417073 0.111753420166 -0.0124536220131
v -0.0804943888779 0.103007020395 -0.021313192305
v -0.0794210705785 0.116029307075 -0.0189636559176
v -0.0825996288077 0.115873540402 -0.0122270045379
v -0.0844192382287 0.115784369626 -0.00837051570468
v -0.0856038616027 0.108998158619 -0.00825873882834
v -0.0847600876177 0.108814152382 0.000411376002377
v -0.0835018452836 0.115584308915 0.00105606335551
v -0.0829157618742 0.11545649862 0.00707830455904
v -0.0841003852483 0.108670287612 0.00719008143539
v -0.0760523159949 0.111110065499 0.0183913970449
v -0.07587001168 0.11525490896 0.0175248931078
v -0.0708715569289 0.104564397008 0.153938786892
v -0.063326375786 0.103244054254 0.152488580308
v -0.0627315764184 0.11238974119 0.152527564949
v -0.0702401551183 0.112334077425 0.153948036489
v -0.0968641772154 0.129208623968 -0.152672037922
v -0.0915881627602 0.130338273309 -0.151616595025
v -0.0912534062246 0.134282179852 -0.150806800416
v -0.09505635159 0.134282515187 -0.151411296823
v -0.0804562580278 0.131897878316 -0.0395985759593
v -0.0804336513918 0.13188925501 -0.0396076261032
v -0.0804343854523 0.131922819015 -0.0396370391867
v -0.0804684041411 0.131922149605 -0.0396112411205
v -0.0805173614715 0.131921186236 -0.0395741143384
v -0.0804701629365 0.131882022929 -0.0395741239844
v -0.0804328154719 0.131851033615 -0.0395741316171
v -0.0800708179581 0.124599842595 -0.0311586264884
v -0.0847293264943 0.126676336076 -0.0289917531717
v -0.0877555116582 0.131735470329 -0.0320762441078
v -0.0867685938585 0.124183877836 -0.0239249640849
v -0.0797597196656 0.118368216522 -0.0239263964969
v -0.0796541424048 0.117639037965 -0.0223792121806
v -0.0878735134246 0.122411139761 -0.0174386828056
v -0.0894184239382 0.119932478171 -0.00836949401512
v -0.0890131735335 0.119844103081 -0.00420538418699
v -0.0879149475838 0.119604607164 0.00707932624861
v -0.085874118986 0.120901832325 0.0126144053548
v -0.0822581647951 0.123200264816 0.0224214967062
v -0.0752492906022 0.117384603503 0.0224200642942
v -0.0729867958625 0.129819466094 0.0372036745169
v -0.0729978895787 0.130208529418 0.0375960593946
v -0.0729999796992 0.130281831204 0.0376699869803
v -0.0729527811642 0.130242667897 0.0376699773342
v -0.0729154336995 0.130211678582 0.0376699697015
v -0.0729049667847 0.130280839033 0.0377307460404
v -0.0711754906106 0.118939920758 0.152632272834
v -0.0625094292897 0.117733868028 0.151279574703
v -0.0620859460124 0.127921478197 0.14890050727
v -0.0724363440143 0.127844747014 0.150858593662
v -0.0979816028204 0.142114414424 -0.147745155537
v -0.090601290504 0.139783680671 -0.147801118393
v -0.0890147650243 0.149466520605 -0.138065035688
v -0.097357830313 0.149491153291 -0.140500229464
v -0.082991202673 0.147586492705 -0.0711523230618
v -0.082548753341 0.147491964497 -0.0712546047961
v -0.0826312435405 0.148074432457 -0.072471801874
v -0.0836125096112 0.148055489583 -0.0717446537422
v -0.0850559662225 0.148027624342 -0.0706750083018
v -0.0831174059613 0.147415418837 -0.0706897078651
v -0.0825107816618 0.147223844325 -0.0706943077284
v -0.0818681771733 0.142141791049 -0.060855702973
v -0.0864126281124 0.143086430366 -0.0598316386985
v -0.0924714467007 0.147894056565 -0.0656247142044
v -0.0878544675183 0.141192261815 -0.0550806412606
v -0.0814941313898 0.139183640843 -0.0551288699204
v -0.0811650733173 0.136929107987 -0.0503185547489
v -0.0896380115718 0.138752447409 -0.0483466286351
v -0.0919844949331 0.135542555342 -0.0394871622547
v -0.0924949205693 0.13473062214 -0.0365527570515
v -0.0844671131607 0.13390320031 0.0377569390639
v -0.0818929034923 0.135704453974 0.043276937701
v -0.077330133037 0.13889716477 0.0530611005855
v -0.0709697969086 0.136888543798 0.0530128719256
v -0.0691883861686 0.143497970951 0.0667358871244
v -0.0700864597485 0.14410486894 0.0673618793214
v -0.0715246790323 0.145076785284 0.0683643740717
v -0.0695861187711 0.144464579778 0.0683496745084
v -0.0689794944716 0.144273005266 0.0683450746451
v -0.068756378675 0.145048667605 0.0700979783913
v -0.0663706222341 0.139244988774 0.141419462008
v -0.0622040484801 0.138605355502 0.140708839412
v -0.0623728571912 0.143656579457 0.135691212205
v -0.0696727011064 0.143579475885 0.138138997356
v -0.0694155520855 0.135884865301 0.145782429474
v -0.0620352397691 0.133554131547 0.145726466618
v -0.0620678395725 0.129932814332 0.147767104899
v -0.0739593258419 0.131214565306 0.149247063395
v -0.098691076651 0.154233867433 -0.132448217121
v -0.0882781809733 0.152440495141 -0.132548638489
v -0.0878378988465 0.153226783862 -0.128602228037
v -0.0968980229268 0.155242841886 -0.126426749431
v -0.0941142753793 0.15680929253 -0.117078314585
v -0.0865603584502 0.155508310965 -0.117151164126
v -0.0859492154445 0.15524989822 -0.110789495109
v -0.093501473473 0.156518711118 -0.109391123308
v -0.0928821820737 0.156225052487 -0.101622525669
v -0.0850758094524 0.154880591465 -0.101697809878
v -0.0846209706279 0.153852558772 -0.0964160239442
v -0.0932776664875 0.155106752414 -0.0950149435317
v -0.0938105797936 0.153599848554 -0.0861112590379
v -0.0837419418781 0.15186576643 -0.0862083604036
v -0.0835157916649 0.151093809763 -0.0834114482857
v -0.0943912657125 0.152561793533 -0.0817598002398
v -0.0958844254471 0.149892567519 -0.0705705792631
v -0.0961209540771 0.149494907134 -0.0690210732749
v -0.0823531382569 0.14694172846 0.0684688031104
v -0.0815529996341 0.147422293532 0.0708872611066
v -0.0772723398945 0.149993267483 0.0838257638631
v -0.067203701979 0.148259185359 0.0837286624974
v -0.0667451210756 0.148905793473 0.0879519396198
v -0.075697183669 0.150781560739 0.0899842859742
v -0.0733369894656 0.151962729403 0.0992121377597
v -0.0655306168443 0.150618268381 0.0991368535505
v -0.0649092098171 0.150606830294 0.105440824012
v -0.0724543909599 0.151927173047 0.106891030596
v -0.0715621300623 0.151891227433 0.114653989371
v -0.0640082131332 0.150590245868 0.11458113983
v -0.0635646519771 0.149309052054 0.119914403839
v -0.072230713298 0.150515104785 0.12126710197
v -0.073131978625 0.148660060323 0.130181727362
v -0.0627190829473 0.146866688031 0.130081305995
v -0.0625954509162 0.145720406346 0.132084519467
v -0.0744869371856 0.14700215732 0.133564477963
v -0.0949298943117 -0.144342750249 -0.128207396138
v -0.093112924957 -0.147242109417 -0.115355811432
v -0.0903965795565 -0.146693050431 -0.114845220621
v -0.0911857007016 -0.144413731976 -0.124333408088
v -0.0936816354649 -0.148076743978 -0.11270658494
v -0.0902232511841 -0.147193696701 -0.112761165338
v -0.0921354231058 -0.148015566215 -0.100347871884
v -0.088925326741 -0.14721758728 -0.0995941476003
v -0.0917501912567 -0.148000324051 -0.0972687541584
v -0.088700847473 -0.147221719215 -0.097316879059
v -0.0873089740028 -0.145259150183 -0.0844984922919
v -0.0882093250413 -0.145295738623 -0.0829399098739
v -0.0888213863384 -0.145320611553 -0.0818803809395
v -0.0949970325418 -0.145490439113 -0.0749553223083
v -0.0722831464393 -0.148927192625 0.0880566419614
v -0.0718378178869 -0.15164047367 0.101117476508
v -0.0693199624474 -0.15111267214 0.101609773375
v -0.0702653263639 -0.148975948182 0.0906317970731
v -0.0722049986486 -0.152262647135 0.10356590927
v -0.0691556548649 -0.151484042299 0.103517784369
v -0.0713604211907 -0.152837600722 0.115706219465
v -0.0679099194355 -0.152010783027 0.116485218195
v -0.0711294901479 -0.152994809076 0.119025719016
v -0.0676711058671 -0.152111761799 0.118971138618
v -0.0663885996651 -0.149821366389 0.130466712869
v -0.0679926958866 -0.149872568739 0.132594520505
v -0.0693707962858 -0.149916557359 0.134422548346
v -0.0772755816656 -0.150027192421 0.138332795406
v -0.0954575056554 -0.128555158236 -0.14388998157
v -0.10106756001 -0.137746412196 -0.137263853632
v -0.0917062707507 -0.135678627273 -0.135327221003
v -0.0919436390265 -0.128575911345 -0.14238269528
v -0.0914689024749 -0.142781343201 -0.128271746725
v -0.0913886450988 -0.143243950615 -0.127155649458
v -0.0870049431739 -0.144501133412 -0.0819141542596
v -0.0868146385238 -0.143839539064 -0.0804190304761
v -0.0994002437788 -0.144185637683 -0.0663061665864
v -0.0850522591161 -0.137712624907 -0.0665729401845
v -0.0831089549571 -0.130502537426 -0.0516027865247
v -0.0832816401651 -0.130506935804 -0.0514254070955
v -0.0834687866959 -0.130511702518 -0.0512331732314
v -0.0901721815226 -0.130699984606 -0.0435333968809
v -0.0729444522147 -0.132806799563 0.0569085686147
v -0.079453727191 -0.140256261196 0.0653047789751
v -0.0718513525033 -0.138050641108 0.0674081458678
v -0.072513615388 -0.132813118925 0.0572685609693
v -0.0858689565886 -0.147136476741 0.0727332157872
v -0.0715209719259 -0.140663463965 0.0724664421891
v -0.086526684548 -0.147849763863 0.0735646875845
v -0.0711506764328 -0.143278141366 0.077930395421
v -0.0704667032748 -0.148107714483 0.0880228686413
v -0.0704187067053 -0.148314651012 0.0886446857805
v -0.065909804449 -0.148355150311 0.134358197758
v -0.0636789313187 -0.134739745007 0.148048469724
v -0.0674312307414 -0.138079052732 0.14632514354
v -0.064691574628 -0.134753917922 0.148549392309
v -0.0668914549205 -0.134784707359 0.149637603441
v -0.0762762611817 -0.134871570767 0.152215444846
v -0.0941681476444 -0.11566692539 -0.146720982296
v -0.0914518022439 -0.115117866405 -0.146210391485
v -0.0913649948224 -0.113029566305 -0.146698062948
v -0.0948530978054 -0.113023347739 -0.147526833699
v -0.0918470149314 -0.124625379475 -0.143990144111
v -0.0919162564425 -0.127456358601 -0.14283823489
v -0.0830443834985 -0.130049767895 -0.0512449470611
v -0.0808166422033 -0.115329901112 -0.0383095251392
v -0.0829135521798 -0.117343372832 -0.0379671233539
v -0.0818348766684 -0.115358500846 -0.0371399419867
v -0.0828310410269 -0.115386480685 -0.0359957094051
v -0.0876674839528 -0.11556854187 -0.0282955145735
v -0.0926206556357 -0.115754997146 -0.020409473618
v -0.0930236088919 -0.11578623601 -0.019022128502
v -0.0881102265723 -0.116738610166 0.0259369871732
v -0.0822029467327 -0.116871202108 0.0330051915043
v -0.0753136592545 -0.117025835717 0.0412483919136
v -0.0894168532814 -0.132462081944 0.041713185649
v -0.0726979632582 -0.124209957781 0.0497679463352
v -0.0728541981204 -0.117066313226 0.0435077692474
v -0.0725200490172 -0.13234486494 0.056896794785
v -0.0725164602788 -0.132606061382 0.0571041694314
v -0.0632809641965 -0.130854928598 0.1495374409
v -0.0623058455012 -0.119366648033 0.151896307056
v -0.0755154190132 -0.131896227228 0.1526856696
v -0.0723351461798 -0.11945947672 0.154651179755
v -0.0937182571369 -0.100652790175 -0.14739562818
v -0.0905081607721 -0.09985481124 -0.146641903896
v -0.0903599691871 -0.0975762045087 -0.146632191048
v -0.0934355166927 -0.0975707214438 -0.147362938915
v -0.0815440483455 -0.101550175838 -0.0378709338089
v -0.0801372277963 -0.103086144257 -0.0394415460772
v -0.0799573609581 -0.0998447560692 -0.0397412350812
v -0.0815090470566 -0.099888339165 -0.0379589089266
v -0.08302710055 -0.0999309776026 -0.0362152144718
v -0.0829868877005 -0.103100983374 -0.0361701928168
v -0.0875572213914 -0.108245869146 -0.0287226960826
v -0.0874345165409 -0.100096888664 -0.0291980817664
v -0.0928167151589 -0.100299494064 -0.0206289786848
v -0.092643282377 -0.113971316033 -0.020434806151
v -0.0930193593968 -0.11447474632 -0.0191125714744
v -0.0929734680523 -0.100311646298 -0.0200892873988
v -0.0883062860955 -0.101283107084 0.0257174821064
v -0.0881328533136 -0.114954929052 0.0259116546402
v -0.08357314373 -0.111276946806 0.0313711490485
v -0.0860082944737 -0.101334686691 0.0284670851005
v -0.0755097187777 -0.101570332635 0.0410288868468
v -0.0754695059281 -0.104740338407 0.0410739085019
v -0.0726789113748 -0.114589833098 0.0436624748124
v -0.0717617493439 -0.101632016255 0.0444719488528
v -0.0721001434222 -0.114369929444 0.154496659599
v -0.0621535528837 -0.116878680434 0.151810500733
v -0.061359141115 -0.103900567816 0.15136290482
v -0.0716211209045 -0.103995550122 0.154181690383
v -0.0909318317132 -0.0821702435004 -0.144610722667
v -0.090283882014 -0.0832192509128 -0.144603513863
v -0.0893307386159 -0.0847623560195 -0.144592909606
v -0.0890876381062 -0.0821811354192 -0.143819648892
v -0.0847154832073 -0.0896038910997 -0.0415810358079
v -0.0799888195435 -0.0926765352351 -0.0447531921449
v -0.0800262076136 -0.0841572092876 -0.05070983004
v -0.0863581745825 -0.0843350588689 -0.0434366899699
v -0.0925528969472 -0.0845090535825 -0.0363211943152
v -0.0874465393155 -0.0927760641434 -0.0362643832141
v -0.0892710617233 -0.0950647652144 -0.0312110177175
v -0.0931157858578 -0.0845302427547 -0.0354250079348
v -0.0930906167239 -0.0998560572167 -0.0206320259938
v -0.0931443455151 -0.0999476249332 -0.0202690886603
v -0.0885801876605 -0.100839670236 0.0257144347974
v -0.0881397756652 -0.100512620487 0.0264915692877
v -0.0850355151749 -0.0861484086149 0.0409229070035
v -0.0799291575431 -0.0944154191758 0.0409797181045
v -0.0702681564025 -0.0903727300024 0.0522342457135
v -0.0697411726669 -0.0864001210232 0.0549730134751
v -0.061132412743 -0.0888439165722 0.148449664089
v -0.0606999883012 -0.0889996284229 0.148285862283
v -0.0606797421743 -0.0883761948916 0.148082832327
v -0.0612112109277 -0.0883836333071 0.148345733093
v -0.0623657809783 -0.0883997926235 0.148916862343
v -0.0617178312791 -0.089448800036 0.148924071148
v -0.060764687881 -0.0909919051427 0.148934675405
v -0.0612711212155 -0.101989199308 0.151003360121
v -0.0720048644388 -0.0996562077575 0.153524772343
v -0.0729916119647 -0.0884981426447 0.151835591438
v -0.0973411408665 -0.0753482287396 -0.144631002149
v -0.0889250838986 -0.0806891710108 -0.143149372204
v -0.0874196966783 -0.0668723391614 -0.136942052352
v -0.10198688056 -0.0667863044936 -0.143190700599
v -0.0845308975806 -0.0732129526338 -0.0566666457052
v -0.0802672034975 -0.0753678652732 -0.0589063357179
v -0.0804492798982 -0.0683924146575 -0.0653182348704
v -0.0866717645003 -0.0685509044039 -0.0589266001756
v -0.093415343872 -0.0687226666906 -0.0519997054324
v -0.0867426115957 -0.0758250668082 -0.051978592463
v -0.0800698793193 -0.0829274669257 -0.0519574794936
v -0.0800482827039 -0.0835356014702 -0.0513404894998
v -0.0891060061713 -0.0786903718923 -0.0463129980534
v -0.0939509580134 -0.0687377107916 -0.0513844784907
v -0.0932731221436 -0.0837424519405 -0.0363234731557
v -0.0934371151884 -0.0839610839008 -0.035754825836
v -0.0857557403713 -0.0853818069729 0.040920628163
v -0.0848265964701 -0.084674374479 0.0424055613416
v -0.0828910093908 -0.0710177637359 0.0561420364136
v -0.0762182771144 -0.0781201638535 0.0561631493831
v -0.0695455448381 -0.0852225639711 0.0561842623525
v -0.0673663703608 -0.0712454736398 0.069113887969
v -0.0644123992001 -0.0769895926578 0.144648572309
v -0.0604956299175 -0.0782485460562 0.143317567211
v -0.0603959535806 -0.0727655491358 0.14073770545
v -0.0655787763737 -0.0728380877172 0.143301483797
v -0.0687750901316 -0.0815777778628 0.148896582862
v -0.0733625584864 -0.0861733901054 0.151334978542
v -0.0861068434144 -0.0515737424516 -0.129646100391
v -0.0859132171178 -0.0517628682681 -0.129645731345
v -0.0857345528532 -0.0519373798169 -0.129645390815
v -0.0856667238125 -0.0515820861572 -0.129190723812
v -0.0850585089243 -0.0574253606206 -0.0723492311372
v -0.0807948148412 -0.05958027326 -0.0745889211499
v -0.081084023695 -0.052581459706 -0.0821016490632
v -0.0875134894553 -0.0527582671917 -0.0748919699638
v -0.0939429552157 -0.0529350746773 -0.0676822908644
v -0.0869658859965 -0.0597499750074 -0.0676689927472
v -0.0805279539442 -0.066038269403 -0.0676567222118
v -0.0804886169212 -0.0672153420302 -0.0664874785411
v -0.0895471023368 -0.0628294874781 -0.0619230650011
v -0.0945123201665 -0.0529495766829 -0.0670974484733
v -0.094004422528 -0.0681472800632 -0.0520008282014
v -0.0941622597515 -0.0683408345921 -0.0516029869502
v -0.0834800880468 -0.0704423771085 0.0561409136446
v -0.0826979749559 -0.0698396411288 0.0573266371318
v -0.0804116680255 -0.0558859137357 0.0713570915091
v -0.0734345988063 -0.0627008140658 0.0713703896263
v -0.066996666754 -0.0689891084613 0.0713826601618
v -0.0647798965424 -0.0561369865777 0.0854297718253
v -0.0603083083903 -0.0572781970055 0.132848357885
v -0.0601850687588 -0.0573454420133 0.132778622337
v -0.0601971964249 -0.0571363601266 0.132518846574
v -0.0603857534985 -0.0571423788212 0.132768964476
v -0.0605477453884 -0.0571475495618 0.132983844092
v -0.0603541190918 -0.0573366753783 0.132984213139
v -0.0601754548272 -0.0575111869271 0.132984553668
v -0.0603225651907 -0.0676884543008 0.138157231332
v -0.0679071905068 -0.0653172433227 0.140667427474
v -0.0703938212176 -0.0572853548469 0.137854386076
v -0.093070109162 -0.0439859671738 -0.129670661221
v -0.0855516088982 -0.0384054127655 -0.116380050514
v -0.0854690977453 -0.0364485206185 -0.114408636565
v -0.0844343150217 -0.0375761091744 -0.11440498668
v -0.0833766065982 -0.0387286795512 -0.114401255931
v -0.0822476731711 -0.039935776204 -0.102171887805
v -0.0836544937203 -0.0383998077847 -0.100601275537
v -0.0852055489642 -0.036712496346 -0.102117116113
v -0.0851375459248 -0.0367806095496 -0.0989455561998
v -0.0835606419579 -0.0384989401963 -0.0989399941445
v -0.0819488015487 -0.0402553406055 -0.0989343088614
v -0.0815716535746 -0.0453137591954 -0.0918009484408
v -0.0862983172383 -0.04224111506 -0.0886287921039
v -0.0893122024245 -0.036950259124 -0.0917188791113
v -0.0941357309783 -0.0371462775428 -0.0833689506111
v -0.0877008574294 -0.0441582710813 -0.0833462535267
v -0.0811234187063 -0.051325615937 -0.0833230535865
v -0.0811035053913 -0.0519604174437 -0.0827056603638
v -0.0901612288587 -0.0471151878658 -0.0776781689174
v -0.0948296990634 -0.0371653613604 -0.0825907697505
v -0.0944993335436 -0.0523287968367 -0.0676842533219
v -0.0946898710952 -0.0525532425788 -0.0672855723822
v -0.0809680463534 -0.055279635895 0.0713551290516
v -0.080187709986 -0.0546815938152 0.0725676129151
v -0.0775974910791 -0.0407528586141 0.0865680722899
v -0.0711626175303 -0.0477648521526 0.0865907693742
v -0.0645851788071 -0.0549321970083 0.0866139693145
v -0.0640162066662 -0.0522159973532 0.0906007897587
v -0.0652300070078 -0.0436115506991 0.0992939932731
v -0.0738657401793 -0.0408430270075 0.0913305570735
v -0.0655923533167 -0.0410429326339 0.101889107229
v -0.0640154493499 -0.0427612632806 0.101894669284
v -0.0624036089406 -0.0445176636898 0.101900354567
v -0.0610778403502 -0.0437864862708 0.114855146092
v -0.0620445408988 -0.0425145033276 0.11615268577
v -0.063336160366 -0.0413158725903 0.114905229779
v -0.0629169524283 -0.0413665857158 0.117323667391
v -0.0618821697047 -0.0424941742716 0.117327317276
v -0.0608244612812 -0.0436467446485 0.117331048025
v -0.0605311771232 -0.0499539536012 0.124432260001
v -0.0655194664494 -0.0470598889463 0.127428525436
v -0.0683303503194 -0.0415393800223 0.124504451944
v -0.067511011136 -0.049559774284 0.132959283263
v -0.0713919423481 -0.0536363889305 0.136694697888
v -0.0957863236979 -0.021029445067 -0.11450498621
v -0.0905662007945 -0.0288309093177 -0.114456236964
v -0.0901952781098 -0.0293079090802 -0.107135623242
v -0.0957480601281 -0.0210677706233 -0.112720430621
v -0.0954547718774 -0.0213615339981 -0.0990419058447
v -0.0897824996295 -0.0298387346275 -0.0989889341041
v -0.0913815070981 -0.0319143971614 -0.0939413594454
v -0.0957135026822 -0.0213720482933 -0.098594021335
v -0.0947289567904 -0.036259702638 -0.0833744905786
v -0.0950199492195 -0.036598307861 -0.082802582132
v -0.0781907168912 -0.0398662837093 0.0865625323224
v -0.077437677311 -0.0393204243313 0.0880095660404
v -0.0759095792693 -0.0256238570824 0.101792757584
v -0.0702373070214 -0.0341010577118 0.101845729324
v -0.0691904930021 -0.0339352799202 0.109111076261
v -0.0757697482154 -0.025640772959 0.102599451946
v -0.0732341783809 -0.0259475101642 0.117227317746
v -0.0680140554775 -0.0337489744149 0.117276066992
v -0.0702089615108 -0.0363996476408 0.122445959727
v -0.0740201274828 -0.025972597463 0.11826986649
v -0.0962364345566 -0.0196495979139 -0.114519341682
v -0.0961850274589 -0.019749194241 -0.113208084066
v -0.0956298695552 -0.0208247594956 -0.0990474902685
v -0.0957824022336 -0.021009664867 -0.0986820158202
v -0.0760846769471 -0.0250870825798 0.10178717316
v -0.0759963956213 -0.0250679793958 0.102354501976
v -0.0736842892396 -0.0245676630111 0.117212962274
v -0.0741621986553 -0.0251156763548 0.118080537844
v -0.0928587286656 0.0253497179533 -0.115206281715
v -0.0928204650958 0.0253113923969 -0.113421726126
v -0.092527176845 0.0250176290222 -0.0997432013495
v -0.0927859076499 0.025007114727 -0.0992953168398
v -0.0729819842369 0.0207553059379 0.101091462079
v -0.0728421531831 0.0207383900612 0.101898156441
v -0.0703065833485 0.020431652856 0.116526022241
v -0.0710925324505 0.0204065655573 0.117568570985
v -0.0805897726914 0.0408500844153 -0.115577462406
v -0.0871950100698 0.0325051526909 -0.115377629871
v -0.0883216458232 0.0308113813128 -0.109772119839
v -0.0803262239103 0.0405861086878 -0.103285941954
v -0.0802582208709 0.0405179954842 -0.100114382041
v -0.0903239330112 0.027801165527 -0.0998098575158
v -0.0923606664147 0.0257881156187 -0.0989691141682
v -0.0844328773706 0.0403483459098 -0.0928877049526
v -0.0892564059244 0.040152327491 -0.0845377764524
v -0.0899503740095 0.0401332436734 -0.0837595955918
v -0.0727181660253 0.0365457464197 0.0853992464486
v -0.0689864151254 0.0364555780263 0.0901617312322
v -0.0607130282628 0.0362556723999 0.100720281387
v -0.0707787404031 0.0235388424427 0.101024805913
v -0.0692439888533 0.0245514200882 0.104859228296
v -0.0584568353121 0.0359827324435 0.113736403938
v -0.0580376273744 0.035932019318 0.11615484155
v -0.0646428647528 0.0275870875937 0.116354674085
v -0.0702514661247 0.02209636373 0.118203324803
v -0.0634510252655 0.0357592250115 0.123335626103
v -0.079275788339 0.0566443045957 -0.131282456569
v -0.095220578062 0.0412014302015 -0.130795254103
v -0.0785016880388 0.0494535543648 -0.122740493417
v -0.0788356687371 0.0566359608902 -0.13082707999
v -0.0782084038808 0.043146345412 -0.115639281441
v -0.0779550248117 0.0432860870344 -0.113163379507
v -0.0766292562213 0.0440172644534 -0.100208587983
v -0.0750166584958 0.0517155981168 -0.0889090231744
v -0.0744476863549 0.0544317977719 -0.0849222027302
v -0.0742529686195 0.0556365873413 -0.083738005241
v -0.0890474872196 0.0416263616269 -0.0830551221142
v -0.0806824343799 0.0554597798557 -0.0765283261416
v -0.0871119001403 0.05528297237 -0.0693186470422
v -0.0876812650911 0.0552684703644 -0.0687338046511
v -0.0735806129501 0.0523321333117 0.0697207353313
v -0.0592584877603 0.0508468845988 0.0838003303713
v -0.0579293597707 0.0514600182073 0.0843974269481
v -0.057948841467 0.0520810604696 0.0837934156475
v -0.0579094464557 0.0508252167006 0.0850148201708
v -0.0574612115874 0.044813359959 0.0934927150251
v -0.0570840636133 0.0397549413691 0.100626075446
v -0.0567851919909 0.0394353769676 0.103863654389
v -0.0556562585637 0.0382282803148 0.116093022515
v -0.0533661413494 0.0510816869208 0.130882490396
v -0.0538422343177 0.0506306518811 0.130906068463
v -0.0535546984231 0.0510756682261 0.131132608298
v -0.053716690313 0.0510704974855 0.131347487914
v -0.0635627661421 0.0509326922004 0.136218029899
v -0.0863126746589 0.0649824349759 -0.138568831641
v -0.0787102999713 0.0671880550644 -0.136465464748
v -0.0786369115813 0.0722651498994 -0.139045938866
v -0.0932040954628 0.0723511845672 -0.145294587113
v -0.0788574103347 0.0570107876907 -0.131292787084
v -0.0788477964031 0.0568450427769 -0.131086855752
v -0.072036198408 0.0684887092249 -0.0696908935775
v -0.0716664948012 0.0707450744034 -0.0674221213847
v -0.0869188657054 0.0564610949772 -0.0681340463241
v -0.0778889794033 0.070586584657 -0.0610304866899
v -0.084632558775 0.0704148223703 -0.0541035919468
v -0.0851681729164 0.0703997782693 -0.053488365005
v -0.0741082242938 0.0681197253249 0.0540381498993
v -0.060840871488 0.0657409131701 0.0672336169044
v -0.0585442482408 0.0667149427938 0.0681792451254
v -0.0585835852638 0.0678920154211 0.0670100014547
v -0.0585049112177 0.0655378701666 0.069348488796
v -0.0582380503208 0.0590798740236 0.0762806877342
v -0.0532983123088 0.0514369805805 0.131337157399
v -0.0516131684836 0.066371939925 0.138633818936
v -0.060405922033 0.0581015881959 0.138541103782
v -0.0567959912767 0.0662994013436 0.141197597283
v -0.0801973165947 0.087886687574 -0.147182139518
v -0.0939132433597 0.0731765243223 -0.145991508463
v -0.0785372352445 0.0777481468198 -0.141625800627
v -0.0783531229877 0.0878757956552 -0.146391065743
v -0.0694873203239 0.0847221647347 -0.0544924957682
v -0.0692916924951 0.0858997217868 -0.0532812468908
v -0.0844086007356 0.0716191422907 -0.0528930705407
v -0.075623659464 0.0857218722054 -0.0460081068207
v -0.0818183818287 0.0855478774919 -0.038892611166
v -0.0823812707392 0.0855266883197 -0.0379964247856
v -0.0743010000563 0.0839085224595 0.0383514901526
v -0.0603137104477 0.0824220686253 0.0524351595073
v -0.0589845824581 0.0830352022338 0.0530322560841
v -0.0590066575484 0.0836568100512 0.0524015966243
v -0.0589629858426 0.0824270676893 0.0536492460779
v -0.0587656616645 0.0748674660368 0.0605981023022
v -0.0508090678236 0.0808646865937 0.14553359743
v -0.0501077812634 0.0801887717744 0.144841138788
v -0.0499452270557 0.0816807361828 0.145511415476
v -0.0504766958092 0.0816732977673 0.145774316242
v -0.0516312658598 0.0816571384508 0.146345445492
v -0.0622570968462 0.0815587884296 0.149264174587
v -0.080279599386 0.100960998541 -0.149803890403
v -0.0777617439464 0.101488800072 -0.149311593537
v -0.077673724047 0.103400168579 -0.149671138236
v -0.0807492715526 0.103405651644 -0.150401886103
v -0.078268177281 0.0904915059063 -0.14724290882
v -0.0783328768607 0.0884992291865 -0.146594095699
v -0.069978509101 0.0984767774201 -0.0418492756147
v -0.0687647087594 0.089872330766 -0.0505424791292
v -0.067271115818 0.101131617019 -0.0427801822686
v -0.0688228019165 0.101088033923 -0.0409978561139
v -0.0703408554099 0.101045395485 -0.0392541616592
v -0.0782506368857 0.0903652213543 -0.0390049977462
v -0.0816585680605 0.0869803117747 -0.0374511174155
v -0.0747482714008 0.100879484424 -0.0322370289537
v -0.0801304700188 0.100676879024 -0.0236679258721
v -0.0802872229122 0.10066472679 -0.0231282345862
v -0.0756200409554 0.0996932660041 0.022678534919
v -0.0733220493336 0.0996416863974 0.0254281379132
v -0.0628234736376 0.0994060404529 0.0379899396594
v -0.0707332551134 0.0887258663219 0.0382391035724
v -0.0590440456184 0.0921761359987 0.0464449587292
v -0.0590755042038 0.0993443568328 0.0414330016655
v -0.0497021265461 0.0842619567831 0.14628467619
v -0.0486728959749 0.0970758052723 0.148323957633
v -0.0615616929328 0.0847869128998 0.149657394644
v -0.0589348757644 0.0969808229664 0.151142743196
v -0.0803298140334 0.115551463503 -0.150897732879
v -0.0768793122782 0.116378281198 -0.150118734149
v -0.0767270196607 0.118866248797 -0.150204540472
v -0.0802151226438 0.118872467363 -0.151033311223
v -0.0673206543357 0.115361416805 -0.0406731685498
v -0.0663539537872 0.114089433862 -0.0419707082281
v -0.0661786670416 0.11656591399 -0.0418160026631
v -0.0671969015067 0.116537314255 -0.0406464195106
v -0.0681930658652 0.116509334417 -0.0395021869289
v -0.0685296025052 0.114086293452 -0.0394633239076
v -0.0739389950953 0.108153048199 -0.0320321926268
v -0.0730295087912 0.116327273232 -0.0318019920973
v -0.0779826804741 0.116140817955 -0.0239159511419
v -0.0800182148137 0.101485108881 -0.0236808890266
v -0.0802172863708 0.10123275671 -0.0231061814803
v -0.0783856337303 0.116109579091 -0.0225286060258
v -0.0734722514107 0.115157204936 0.0224305096493
v -0.0755077857503 0.100501495861 0.0226655717646
v -0.0718820455718 0.103489380154 0.0264463011361
v -0.067564971571 0.115024612994 0.0294987139805
v -0.0606756840929 0.114869979384 0.0377419143897
v -0.0610122207329 0.11244693842 0.0377807774111
v -0.0588956373656 0.102585745021 0.0411333126615
v -0.0582162229587 0.114829501875 0.0400012917235
v -0.058534153722 0.101984735025 0.151143377458
v -0.0485247043899 0.0993544120036 0.148333670481
v -0.0476678703396 0.112529167068 0.148389829532
v -0.0576971710182 0.112436338382 0.151144702232
v -0.0788678004722 0.134260098879 -0.14786398943
v -0.0774279147436 0.132455299399 -0.147855525848
v -0.0757519009655 0.130354529362 -0.147845674315
v -0.0753539338433 0.13423934577 -0.14635670314
v -0.0666396445146 0.132172907153 -0.0553426672992
v -0.0665164048831 0.132105662146 -0.0554124028471
v -0.0665192497739 0.132312719689 -0.055576794385
v -0.0666919349819 0.132308321311 -0.0553994149559
v -0.0668790815127 0.132303554597 -0.0552071810918
v -0.0667098269283 0.132091405411 -0.0552061862211
v -0.0665128161448 0.131844465704 -0.0552050282007
v -0.0663349019038 0.123709558544 -0.0480761797509
v -0.07132319123 0.126603623199 -0.0450799143158
v -0.0735824763394 0.132115272509 -0.0475074047413
v -0.0738491663724 0.123598874269 -0.0395354332289
v -0.0754850749477 0.121476272492 -0.0343798945931
v -0.0788038665764 0.117170119254 -0.0239207780362
v -0.0789107007485 0.116972651764 -0.0230627310437
v -0.074293437513 0.116186506234 0.022425682755
v -0.0734171341869 0.116821915809 0.0241078122107
v -0.0663317846 0.121959519236 0.0377086680897
v -0.0564802910361 0.129568611947 0.0524931413031
v -0.0563547470315 0.130008457552 0.0529345607543
v -0.056185492447 0.129796308365 0.052935555625
v -0.0559884816635 0.129549368658 0.0529367136454
v -0.0559239102048 0.13000213819 0.0532945531089
v -0.0479066669143 0.127222506102 0.144811183786
v -0.0471166087195 0.126955959365 0.144530001474
v -0.0470892261355 0.128075512108 0.144074461864
v -0.0481018694448 0.128061339193 0.144575384448
v -0.0503017497373 0.128030549756 0.145663595581
v -0.0488618640087 0.126225750276 0.145672059163
v -0.0471858502306 0.124124980238 0.145681910695
v -0.0475810629181 0.114617467168 0.147902158069
v -0.0582630520344 0.116847407085 0.150318867763
v -0.0596865559985 0.127943686348 0.148241436986
v -0.0869026903853 0.138042551628 -0.147820936437
v -0.0769282349279 0.146097603506 -0.135961394236
v -0.076388459107 0.149391948879 -0.132648934335
v -0.0741523710763 0.148339302557 -0.132660915866
v -0.073123060713 0.147854751075 -0.132666431174
v -0.0726442654968 0.149320967153 -0.128774946284
v -0.0690465828984 0.147969963626 -0.0867891173904
v -0.0686141584566 0.147814251776 -0.0869529191962
v -0.068767538798 0.148475548945 -0.0889400304888
v -0.0696678898366 0.148438960505 -0.0873814480708
v -0.0702799511337 0.148414087575 -0.0863219191364
v -0.0691063780627 0.147861623915 -0.0863282074408
v -0.0685661618872 0.147607315246 -0.0863311020571
v -0.0678821887292 0.142777742129 -0.0762386288367
v -0.0717989580118 0.144036695528 -0.0749076237389
v -0.0764555973371 0.148244260016 -0.0793968605052
v -0.0727800198936 0.142643053922 -0.0707464476362
v -0.0675118932361 0.140163064729 -0.0707746756048
v -0.0671815126587 0.137550241871 -0.0657163792835
v -0.0747661379748 0.139921452849 -0.0632061831419
v -0.0768872134938 0.137014918005 -0.0551535549636
v -0.0777232784724 0.135814715228 -0.0514963272953
v -0.0663628790125 0.134719820959 0.0529881868825
v -0.0630439787515 0.137039548262 0.0601281766217
v -0.0592487327034 0.139692214864 0.0682929347374
v -0.0539806060459 0.137212225671 0.0682647067687
v -0.0522182266381 0.143339139827 0.0821107970604
v -0.0529195131984 0.144015054647 0.082803255702
v -0.0537417112345 0.144807506504 0.0836151037646
v -0.0525681381636 0.144255042844 0.0836088154602
v -0.052027921988 0.144000734175 0.0836059208439
v -0.0517238911592 0.144758750947 0.0861902588762
v -0.048434278258 0.143010098115 0.129128598354
v -0.0476442200632 0.142743551378 0.128847416042
v -0.0478471644604 0.143913332739 0.126025174672
v -0.0494512606819 0.143862130389 0.128152982308
v -0.050829361081 0.143818141769 0.129981010149
v -0.0485932730504 0.142765495447 0.129969028618
v -0.0475639626871 0.142280943965 0.12996351331
v -0.0473265944113 0.135178228036 0.137018987587
v -0.0539795587679 0.136710785742 0.13866903151
v -0.0587341464608 0.143707506708 0.133891257209
v -0.0583366396504 0.131813002504 0.145706648574
v -0.0604068407988 0.129664274896 0.147470156087
v -0.0858573048059 0.151819778099 -0.132569059809
v -0.0850124231996 0.15228042901 -0.129600868176
v -0.0814808707556 0.154205921103 -0.117194012186
v -0.0713617592949 0.151611362562 -0.117279372033
v -0.0711229457265 0.151510383791 -0.114793451611
v -0.0810695362649 0.154019134781 -0.112107292745
v -0.0802310844729 0.153638395189 -0.101738677595
v -0.0698772102971 0.150983643063 -0.101826017785
v -0.0697129027146 0.150612272904 -0.0999180067906
v -0.0804466459378 0.152945264454 -0.0973965945684
v -0.0810009347356 0.151162967225 -0.0862314821917
v -0.0812767286417 0.150640490093 -0.083903802938
v -0.0644626948364 0.147556386154 0.0837055407093
v -0.0636721383075 0.147937280953 0.086927052916
v -0.0606858918648 0.149376072105 0.0990959858334
v -0.050332017689 0.146721319978 0.0990086456432
v -0.050107538421 0.146717188043 0.101285914185
v -0.060116987753 0.149347511064 0.104095621162
v -0.0589287254386 0.149287856006 0.11453829177
v -0.0488096139779 0.146693297465 0.114452931923
v -0.0486362856055 0.146192651195 0.116536987205
v -0.0593182747218 0.148422591111 0.118953696899
v -0.06029820678 0.146245970988 0.130060884674
v -0.0609344521425 0.14545186691 0.131787570655
v -0.0809204075851 -0.144625610329 -0.112910750329
v -0.0806869293193 -0.144809115858 -0.104358384552
v -0.0804982979597 -0.14495737333 -0.0974487718805
v -0.0831236423562 -0.14507370072 -0.0924567646648
v -0.0609531053516 -0.149219696414 0.103385891548
v -0.0595027001209 -0.149401487277 0.112047138786
v -0.0583682622681 -0.149543675427 0.118821553627
v -0.0619147806303 -0.149666467779 0.123970934387
v -0.0799307449842 -0.132871543863 -0.132683447395
v -0.0756397448026 -0.131848643004 -0.131720056608
v -0.0757455093418 -0.128683875197 -0.134863774882
v -0.0887043795631 -0.128597501672 -0.140879081311
v -0.0882822785512 -0.141227932468 -0.128332658156
v -0.0755339802633 -0.135013410811 -0.128576338335
v -0.0895628977293 -0.142633100486 -0.126568699603
v -0.0750542065902 -0.137778849562 -0.121904377307
v -0.0744164242215 -0.141455058107 -0.113035072163
v -0.0740920241331 -0.141410331026 -0.109777332975
v -0.0728788700413 -0.14124306584 -0.0975944151275
v -0.0722508770417 -0.13967733901 -0.0922563176764
v -0.0853324973789 -0.143685852001 -0.0819461225962
v -0.0710700209623 -0.136733201021 -0.0822187458688
v -0.0691673083019 -0.130118418141 -0.0672701308435
v -0.0693370203905 -0.130123464882 -0.0670622014242
v -0.0694936183631 -0.130128121648 -0.0668703392781
v -0.0763012866601 -0.130315329537 -0.0592365629014
v -0.0559623311729 -0.133078960706 0.0721690430954
v -0.0624575992202 -0.140490786557 0.0806029723361
v -0.0548556003342 -0.138053275922 0.082940110985
v -0.055559069785 -0.13308603838 0.0725599571583
v -0.0687942574798 -0.147292433072 0.0879909003048
v -0.0545317810632 -0.140339782093 0.0877182770322
v -0.0693597379979 -0.147939578156 0.089006063965
v -0.0540285464996 -0.142509470786 0.0942379070887
v -0.0533336774332 -0.145505388924 0.103240248301
v -0.0529949978139 -0.145705391789 0.106802906886
v -0.0518642789045 -0.146373123204 0.118697231793
v -0.0512279009085 -0.14442434089 0.123869495991
v -0.0627231805252 -0.146801739579 0.134297286327
v -0.0499748822374 -0.140587217921 0.134053606149
v -0.0489808687451 -0.134520581324 0.140153601197
v -0.0548555353739 -0.134608178827 0.143309100123
v -0.0819756302725 -0.113050426303 -0.144275921193
v -0.090090509073 -0.126845508472 -0.142251285035
v -0.0755818179339 -0.121991257549 -0.137586962739
v -0.075364216386 -0.113094492731 -0.141207005479
v -0.0690997637238 -0.129666296973 -0.0668817413897
v -0.0669966234616 -0.114919257787 -0.055226644867
v -0.0700780461963 -0.117899501346 -0.0545335956031
v -0.0686064347377 -0.11496352689 -0.0534214835763
v -0.0702162460137 -0.115007795993 -0.0516163222856
v -0.075245483193 -0.115160615096 -0.0453030640121
v -0.0596919115324 -0.117302893039 0.0565254195605
v -0.0720150982199 -0.132352975309 0.0573513824914
v -0.0556853644024 -0.124109774347 0.0654032950648
v -0.0557780246038 -0.117365756721 0.0600489408454
v -0.0555684765336 -0.132617136031 0.0721576409838
v -0.0555634167298 -0.132869354306 0.0723740431656
v -0.0504125482538 -0.122059906281 0.146401909789
v -0.0479393791525 -0.124353922741 0.144050274807
v -0.0474104316794 -0.119190521777 0.146029301457
v -0.0494071223433 -0.11922029455 0.14710179725
v -0.0534095795376 -0.119279975426 0.149251663818
v -0.0603756891778 -0.119347843326 0.151322518582
v -0.0820811319907 -0.0975945972903 -0.144496528176
v -0.0820339856303 -0.104501461916 -0.144397943845
v -0.0751472468205 -0.109835147 -0.141142503839
v -0.0743358490263 -0.0976462211877 -0.140901288035
v -0.0682794820485 -0.101742820612 -0.0540777604535
v -0.0663708225313 -0.103790347371 -0.0561719952051
v -0.0661260017957 -0.0994365858094 -0.0565418274538
v -0.0682238747638 -0.099494276395 -0.0541893783615
v -0.070321747732 -0.0995519669806 -0.0518369292693
v -0.0702920804157 -0.103898180241 -0.0517748940981
v -0.0751081586899 -0.109129377856 -0.0456130916206
v -0.0748932546281 -0.0996908774273 -0.0460982649937
v -0.0597974132507 -0.101847064026 0.0563048125768
v -0.0597677459344 -0.106193277286 0.0563668477479
v -0.0555096233383 -0.113533348441 0.0602593831525
v -0.0546969162482 -0.101928986685 0.0608965930956
v -0.0489165424469 -0.10615954158 0.146604135425
v -0.0466998935908 -0.107285279829 0.14543427848
v -0.0464870690175 -0.103719351306 0.145256053676
v -0.0488261956324 -0.103754230162 0.146512484379
v -0.0535150812558 -0.103824146413 0.149031056834
v -0.0534679348954 -0.11073101104 0.149129641166
v -0.0602848195088 -0.117391877343 0.151263634479
v -0.0596572740844 -0.103883987235 0.150856981194
v -0.084875673092 -0.0926480908787 -0.144533680795
v -0.0738337110728 -0.09231456297 -0.139304073972
v -0.0728895084216 -0.0822890992714 -0.136300728494
v -0.0873875674364 -0.0821924667384 -0.143030502473
v -0.0710311403161 -0.0894409169519 -0.0574359986182
v -0.0661119207771 -0.0927063773623 -0.0608055721956
v -0.0660932264982 -0.0837712002622 -0.066466216242
v -0.0725646393047 -0.0839491612732 -0.0592094998376
v -0.0790360521113 -0.0841271222842 -0.0519527834332
v -0.0740656124947 -0.0929251003925 -0.0518867028717
v -0.0761678425429 -0.0953940971899 -0.0475530882415
v -0.0795058201064 -0.0841413967201 -0.0513630783594
v -0.06851171763 -0.0864222193296 0.0561889584129
v -0.0635412780134 -0.0952201974379 0.0562550389743
v -0.0531478283463 -0.0896150565896 0.0685306997445
v -0.0527779615241 -0.0866749302182 0.0703534515473
v -0.0506092184077 -0.0929605079898 0.144133554124
v -0.0461939562487 -0.0946936088188 0.142316692846
v -0.0459816796007 -0.088157031209 0.1401879638
v -0.0513893881144 -0.0882376658713 0.143092642395
v -0.0563096223571 -0.0988776400018 0.148993904216
v -0.0597899330288 -0.102339623235 0.150626704979
v -0.0716040637379 -0.0669777535945 -0.129600681006
v -0.0714409859995 -0.0671669893597 -0.129599940241
v -0.0712642515046 -0.0673720724549 -0.129599137442
v -0.0711944926942 -0.0669862072488 -0.129144932709
v -0.0705862778059 -0.0728294817122 -0.0723034400339
v -0.0663685260607 -0.0752647884009 -0.074825065891
v -0.0666117925766 -0.0679855807976 -0.0820558579599
v -0.0727271447256 -0.0681674334822 -0.0745633945042
v -0.0783699469359 -0.0683352339139 -0.0676498941338
v -0.0724936548782 -0.075154096099 -0.0676232016439
v -0.0661252595447 -0.0825439960041 -0.0675942738222
v -0.0661085993314 -0.083182258266 -0.0670075772084
v -0.0750748712185 -0.0782336085697 -0.0618772738978
v -0.079409613417 -0.0683638242857 -0.0664840645021
v -0.0795321914097 -0.0835514011548 -0.0519550370981
v -0.0796900286331 -0.0837449556837 -0.0515571958469
v -0.0690078569284 -0.0858464982001 0.056186704748
v -0.0682257438376 -0.0852437622204 0.0573724282351
v -0.0648386597457 -0.0712860729723 0.0713894882397
v -0.058962367688 -0.0781049351574 0.0714161807297
v -0.0525939723545 -0.0854948350625 0.0714451085513
v -0.0503076654241 -0.0715411076693 0.0854755629286
v -0.0458360772719 -0.0726823180971 0.132894148988
v -0.045714308706 -0.0727585412723 0.132815385905
v -0.0457249653066 -0.0725404812182 0.132564637677
v -0.0459034645185 -0.0725466614592 0.132823810284
v -0.0460449657119 -0.0725515607048 0.133029263477
v -0.0458818879735 -0.0727407964699 0.133030004242
v -0.0457051534787 -0.0729458795651 0.133030807042
v -0.0458945137579 -0.0833622116691 0.137931903517
v -0.0534349593885 -0.0807213644143 0.140713218577
v -0.0556195279662 -0.0726943275703 0.138172112055
v -0.0786693082955 -0.0594575667057 -0.129623035911
v -0.072188491571 -0.0547491332928 -0.117263937331
v -0.0723266913885 -0.0518574279403 -0.114346664014
v -0.0706559709802 -0.0536357286922 -0.114341377743
v -0.0689852505718 -0.0554140294442 -0.114336091472
v -0.0679536565624 -0.056427571331 -0.103219751501
v -0.0698623160796 -0.0543800445725 -0.101125516749
v -0.0720232799221 -0.0520958984522 -0.10323262806
v -0.071904581763 -0.0521891909409 -0.0988846855652
v -0.0697273332656 -0.054506635931 -0.098877796606
v -0.0675500847681 -0.0568240809211 -0.0988709076467
v -0.0671671434645 -0.0611311933358 -0.0921707430596
v -0.0720863630035 -0.0578657329255 -0.0888011694822
v -0.0754217726076 -0.0523450354969 -0.0921968612561
v -0.0800912747986 -0.0525519382578 -0.0833179542972
v -0.0733750083595 -0.0597006757721 -0.0832967035827
v -0.0666587419204 -0.0668494132864 -0.0832754528683
v -0.0666362106751 -0.0673946662528 -0.0826901626404
v -0.0756024825622 -0.0624460165565 -0.0775598593298
v -0.0805677003919 -0.0525661057613 -0.0827342428019
v -0.0794489504401 -0.0671867516584 -0.0676533081728
v -0.0797823935928 -0.0675886393248 -0.0668749504053
v -0.0659176632498 -0.0701375907168 0.0713860742007
v -0.0646607064837 -0.0691921514648 0.0734975320534
v -0.0635530348995 -0.0561585193291 0.0866190686038
v -0.0568367684604 -0.0633072568434 0.0866403193182
v -0.0501205020213 -0.0704559943577 0.0866615700327
v -0.0497127311206 -0.068650062949 0.0896109730298
v -0.0516407601522 -0.0597637028058 0.0985996520475
v -0.0613955279362 -0.0562149922702 0.0895740078824
v -0.0523593891549 -0.0564515140251 0.101949977863
v -0.0501821406575 -0.0587689590153 0.101956866822
v -0.04800489216 -0.0610864040054 0.101963755782
v -0.0468233247849 -0.0605193631104 0.113564875054
v -0.0483524549852 -0.0585795340571 0.11554454598
v -0.0504162718995 -0.0566950604181 0.11355350673
v -0.0497745460714 -0.0567754930376 0.117385639942
v -0.0481038256631 -0.0585537937895 0.117390926213
v -0.0464331052548 -0.0603320945414 0.117396212484
v -0.0461199723771 -0.065730529218 0.124103548573
v -0.0512752285289 -0.0626571572892 0.127283208788
v -0.0543833448078 -0.0569350650972 0.124077402713
v -0.0531102102696 -0.0650313738159 0.133006908573
v -0.0567572168532 -0.0689028509057 0.136876694524
v -0.0775691977445 -0.0456286428709 -0.114372564527
v -0.0772186040647 -0.0459790098031 -0.108343433349
v -0.0766699473852 -0.046527311637 -0.0989082287726
v -0.077750676574 -0.0480313211501 -0.0946008445374
v -0.0805809637142 -0.0519701236068 -0.0833203735969
v -0.0807452513205 -0.0521697716572 -0.0829223667109
v -0.0640427238151 -0.0555767046781 0.0866166493041
v -0.0636530641549 -0.0553070694654 0.087478984149
v -0.0571247547771 -0.0507896347213 0.101926434656
v -0.0563207489242 -0.0506969676844 0.10781363565
v -0.0550170524275 -0.0505467079681 0.117359739429
v -0.056540521421 -0.0524847102218 0.121817999608
v -0.065495636313 0.056360619107 -0.115983020191
v -0.0651922248467 0.0561221485951 -0.104868984238
v -0.0650735266876 0.0560288561065 -0.100521041743
v -0.0685907175321 0.0558730115504 -0.0938332174339
v -0.0732602197232 0.0556661087896 -0.084954310475
v -0.0737366453165 0.055651941286 -0.0843705989797
v -0.0567219798241 0.0520595277182 0.084982712426
v -0.0545644728607 0.0520030547771 0.0879376517046
v -0.0455283340795 0.0517665330222 0.100313621685
v -0.0435852168241 0.0515229866292 0.111917150552
v -0.042943490996 0.0514425540098 0.115749283765
v -0.0475522897324 0.0512829819501 0.122441046535
v -0.0628212786409 0.0721597354663 -0.13170456752
v -0.0783464343442 0.05709812885 -0.130839642692
v -0.0620167005267 0.0653413298119 -0.122787730119
v -0.0624117075972 0.0721512818121 -0.131248819223
v -0.0617035676489 0.0599428951353 -0.116080394029
v -0.0613133481189 0.0601301637043 -0.112249056599
v -0.0601317807437 0.0606972045993 -0.100647937327
v -0.0584239417832 0.0682608635429 -0.0882951545753
v -0.0580161708825 0.0700667949516 -0.0853457515782
v -0.0578290074796 0.0711519082632 -0.0841597444742
v -0.0729742459308 0.0568445658988 -0.0837708406527
v -0.0639443596287 0.0709700555786 -0.0766672810186
v -0.0695871618389 0.0708022551469 -0.0697537806481
v -0.07062682832 0.0707736647751 -0.0685879510164
v -0.0560558746487 0.0678514160886 0.0692856017254
v -0.0428036030159 0.066388402834 0.083404511826
v -0.0415004622287 0.0670054668467 0.0840059810948
v -0.0415248803271 0.0675963813915 0.0833716764143
v -0.0414779309833 0.0664602138803 0.0845912713228
v -0.0409695294392 0.0607419939297 0.093486561514
v -0.0405865881356 0.056434881515 0.100186726101
v -0.0401830163413 0.0560383719249 0.104535569956
v -0.0391514223319 0.0550248300381 0.115651909927
v -0.0369421802096 0.0665970078427 0.130460751163
v -0.0374314146025 0.0661348398829 0.130473313866
v -0.0371206794215 0.0665908276017 0.13071992377
v -0.0372621806149 0.0665859283561 0.130925376963
v -0.0468367428692 0.0664431614906 0.136068225541
v -0.0698441580319 0.0805355016286 -0.138953223712
v -0.0622421591459 0.082973012263 -0.136616085063
v -0.0621549933031 0.0877678318029 -0.138872145345
v -0.0766530523179 0.0878644643359 -0.145601919324
v -0.0624315194251 0.072556680159 -0.131714988587
v -0.0624223641978 0.0723693418662 -0.13149956745
v -0.0555427005493 0.0851056356564 -0.0701292900969
v -0.0553587113796 0.0862857308121 -0.0690376330928
v -0.069409208577 0.0728961766544 -0.0676457368344
v -0.0618301241862 0.0861077698011 -0.0617809166884
v -0.0683015369927 0.0859298087901 -0.054524200284
v -0.0687713049879 0.0859155343542 -0.0539344952102
v -0.0577772025114 0.0836347117447 0.0536175415621
v -0.0433312143596 0.0821759948473 0.067721926394
v -0.0420280735724 0.0827930588599 0.0683233956628
v -0.0420434464056 0.0833820008561 0.0677820346964
v -0.0420114133591 0.082154796598 0.0689100922767
v -0.0417681468431 0.0748755889948 0.0761408843455
v -0.0368724213991 0.0669828730488 0.130914955896
v -0.0352471644821 0.0818998998653 0.137616546949
v -0.043937405406 0.0736546548486 0.138156711711
v -0.0406548729959 0.081819265203 0.140521225544
v -0.0693948868506 0.103381775798 -0.147535475364
v -0.0772739081533 0.0888743020426 -0.146232717515
v -0.061942716655 0.0943044094127 -0.141000874391
v -0.0616496038862 0.1033301519 -0.143940235222
v -0.0569168735892 0.0981122173267 -0.0582262022723
v -0.0549888445575 0.0892258571835 -0.06721488129
v -0.0534397566556 0.101539787278 -0.0595807746411
v -0.0555376296237 0.101482096693 -0.0572283255489
v -0.0576355025919 0.101424406107 -0.0548758764566
v -0.0662457238987 0.0889162979438 -0.0545919837219
v -0.0684015662481 0.0867812586538 -0.0536642847388
v -0.062207009488 0.101285495661 -0.0491372121811
v -0.0471111681106 0.0991293090619 0.0532658653894
v -0.0557213894175 0.0866212008984 0.0535497581241
v -0.0420247521266 0.0923171779562 0.06212139065
v -0.0420106711081 0.0990473864033 0.0578576459082
v -0.0370480714727 0.094124044031 0.142879716114
v -0.0343029618309 0.0919253635639 0.140619892427
v -0.0338008238774 0.0972570217816 0.142217106489
v -0.0361399504923 0.097222142926 0.143473537192
v -0.0408288361158 0.0971522266744 0.145992109647
v -0.0469710289443 0.0970923858527 0.147818034006
v -0.0673376551108 0.118845388798 -0.147782398717
v -0.0682405345051 0.112058706836 -0.147674028812
v -0.061436779313 0.106896080423 -0.144118460025
v -0.0607262412243 0.118801322371 -0.144713483002
v -0.0541561797658 0.115083978089 -0.0569638937713
v -0.0526270495655 0.113144149035 -0.0589435646981
v -0.0523586483 0.116976557315 -0.0587331223909
v -0.053968459576 0.116932288211 -0.0569279611002
v -0.055578270852 0.116888019108 -0.0551227998094
v -0.0560890092989 0.113048946662 -0.0550614974062
v -0.0615968623612 0.107178952448 -0.0490122186702
v -0.0606075080313 0.116735200005 -0.048809541536
v -0.0450539363708 0.114592922063 0.0530189420366
v -0.0455646748176 0.110753849617 0.0530802444399
v -0.0417658503724 0.103401147965 0.0574878136596
v -0.0411400494421 0.114530058381 0.0565424633215
v -0.0349598090207 0.110526146258 0.143578381277
v -0.0329894260832 0.109445947593 0.142458322293
v -0.0327724565178 0.112705293325 0.142522823933
v -0.0347691471816 0.112675520552 0.143595319726
v -0.0387716043759 0.112615839675 0.145745186294
v -0.0396744837703 0.105829157713 0.145853556199
v -0.0468292397191 0.0988692520072 0.147817804885
v -0.0457377140161 0.112547971776 0.147816041059
v -0.0710583561176 0.123934623368 -0.147810378596
v -0.0601972937513 0.123964723335 -0.142734456353
v -0.0591558041586 0.134131381918 -0.138837782742
v -0.0721146743799 0.134217755443 -0.144853089172
v -0.0526950247399 0.132556378075 -0.0709794616278
v -0.052573256174 0.1324801549 -0.0710582247112
v -0.0525776031187 0.132696838974 -0.0712441387039
v -0.0527473152073 0.132691792233 -0.0710362092845
v -0.0529039131799 0.132687135467 -0.0708443471385
v -0.0527554623391 0.132484082024 -0.0708432307799
v -0.0525681963701 0.132227936625 -0.0708418225294
v -0.0524513085014 0.123720574941 -0.0640874766103
v -0.0576065646532 0.12679394687 -0.0609078163953
v -0.0597115814769 0.132499927578 -0.0632105707618
v -0.0604134247543 0.12350162024 -0.0551591604368
v -0.0623442462016 0.121178801924 -0.0506904401436
v -0.049889090273 0.121206523194 0.0529825814093
v -0.0395418599772 0.129285207936 0.0677429721377
v -0.0393726259897 0.129736296409 0.068195035235
v -0.0392241751488 0.129533242966 0.0681961515936
v -0.0390369091799 0.129277097567 0.0681975598442
v -0.0389693646018 0.129729218735 0.0685859492979
v -0.0371600052355 0.123295227802 0.140682387923
v -0.0325548549699 0.121602058143 0.138902781194
v -0.0323911635619 0.128294675791 0.136179593336
v -0.0382658301907 0.128207078288 0.139335092263
v -0.0424923053827 0.117705074245 0.145717206415
v -0.0459502308083 0.114246920174 0.147502853297
v -0.0641416586542 0.14325833691 -0.132709267216
v -0.0581617906664 0.140198018515 -0.132737787694
v -0.0569087719952 0.144035141484 -0.122553677537
v -0.0593819410966 0.146329157944 -0.120202042554
v -0.0623789723803 0.149109088799 -0.117352288526
v -0.0583048406616 0.147024069487 -0.117371719755
v -0.0562723939993 0.145983923798 -0.117381413338
v -0.0551416750898 0.145316192383 -0.105487088432
v -0.057358323946 0.146441930632 -0.104317231486
v -0.0621454941145 0.14892558327 -0.108799922749
v -0.0619568627549 0.148777325798 -0.101890310077
v -0.0571840103005 0.146334722017 -0.101913073796
v -0.0548029954706 0.145116189518 -0.101924429846
v -0.0541081264041 0.14212027138 -0.0929220886342
v -0.0585233885631 0.143853372209 -0.0911052273558
v -0.0645822071514 0.148660998408 -0.0968983028617
v -0.0591094396 0.14276764634 -0.0863762050996
v -0.0536048918406 0.139950582687 -0.0864024585777
v -0.0532810725696 0.137664076516 -0.0816242925305
v -0.0608215182002 0.140304923771 -0.0788429774705
v -0.0626499331569 0.137674858318 -0.0707978643149
v -0.0636161643212 0.136335845266 -0.0669969160918
v -0.0491186459667 0.13472401926 0.0682415180586
v -0.0460478507808 0.136805022902 0.0754263699827
v -0.0425711997009 0.139161065269 0.0835608178014
v -0.0370666519414 0.136344001615 0.0835345643232
v -0.035885795862 0.139288139604 0.0935721361309
v -0.0386309055038 0.141486820071 0.0958319598181
v -0.0424116701468 0.144515002714 0.098944353351
v -0.0376388176924 0.142072398933 0.0989215896321
v -0.0352578028625 0.140853866434 0.0989102335819
v -0.0340446487706 0.14102113162 0.111093151429
v -0.036015031708 0.142101330285 0.112213210414
v -0.0409612649161 0.144333211851 0.10760560059
v -0.0398268270633 0.144191023702 0.11438001543
v -0.0357526953446 0.142106004389 0.114360584201
v -0.0337202486822 0.141065858701 0.114350890618
v -0.0330824663136 0.137389650156 0.123220195762
v -0.0376876165792 0.139082819815 0.124999802491
v -0.0433733454255 0.144068231349 0.11952939619
v -0.0385825606283 0.137684529799 0.129920677267
v -0.0326026926404 0.134624211405 0.129892156789
v -0.0324969281012 0.131459443598 0.133035875063
v -0.0419867706906 0.133839178799 0.135584759851
v -0.0694128311675 0.151068462929 -0.11729519218
v -0.0692542123516 0.150997186882 -0.115340317864
v -0.0681587916982 0.150504954899 -0.101839966803
v -0.0682317145278 0.150261848977 -0.100294661932
v -0.0486135990901 0.146242631815 0.0989946966252
v -0.0484120737501 0.146232028047 0.100770048589
v -0.0468606858505 0.146150397832 0.114437111776
v -0.0470054534957 0.1458221042 0.116137682433
v -0.0613899654678 -0.128765826503 -0.128837404273
v -0.0647550249751 -0.134648250294 -0.118911150747
v -0.0588059850221 -0.132839945438 -0.117182195471
v -0.0595067504873 -0.128800699266 -0.12692737353
v -0.0685310112402 -0.138855399218 -0.113143703332
v -0.0585288569107 -0.13443732533 -0.113328320066
v -0.0675235220881 -0.138595176344 -0.107043170828
v -0.0574869797072 -0.134293675166 -0.102865424657
v -0.0659840984106 -0.138197560892 -0.0977216767327
v -0.0569913027304 -0.134225333063 -0.0978876630301
v -0.0551928741951 -0.129741448988 -0.0826005709965
v -0.0552242500004 -0.129742694745 -0.0825476162461
v -0.0552460519194 -0.129743560377 -0.0825108198938
v -0.0622829419733 -0.129933042763 -0.0748069855382
v -0.0387078120203 -0.133350141449 0.0874262030071
v -0.0436086744794 -0.139155692268 0.0974542112568
v -0.0377300234359 -0.137263567917 0.099268775756
v -0.0386373116336 -0.133351807703 0.0875144491814
v -0.0464389058026 -0.142459883976 0.103112986696
v -0.0374461101224 -0.138487656148 0.102947000398
v -0.0462511870473 -0.142995888956 0.10942779355
v -0.0364680296534 -0.139065248907 0.113235682037
v -0.0459788659232 -0.143773464315 0.118588600624
v -0.0359767115937 -0.139355390427 0.11840398389
v -0.0343234353414 -0.134292557425 0.131841251715
v -0.035126052004 -0.134317622655 0.132880195133
v -0.0358308674418 -0.134339633613 0.13379254021
v -0.0448977069896 -0.134464395872 0.13817844999
v -0.0652826363187 -0.11886065828 -0.134593736179
v -0.0593335963658 -0.117052353425 -0.132864780902
v -0.0592390445108 -0.113186546289 -0.134437755724
v -0.0693907848326 -0.113128593182 -0.138699394993
v -0.0595726867788 -0.12682770289 -0.128887247093
v -0.059539718633 -0.127814201078 -0.127907310311
v -0.0551797643967 -0.129672864884 -0.0825126379733
v -0.0529225793186 -0.114564011119 -0.0695335520983
v -0.0550243126305 -0.116576430988 -0.0692407120112
v -0.0539456371191 -0.114591559003 -0.068413530644
v -0.0549913608528 -0.114619717213 -0.0672686950186
v -0.0613008634183 -0.114777144175 -0.0609398583408
v -0.0414600736625 -0.117570556271 0.0717706873549
v -0.055076667161 -0.13263637932 0.072601213326
v -0.0388106115516 -0.124850888969 0.0801927197153
v -0.0389558764886 -0.117609803559 0.0739798999467
v -0.0386415244976 -0.133279445956 0.0874243849277
v -0.0386396635013 -0.133311411132 0.0874641700334
v -0.0340135887528 -0.132401510001 0.13374269739
v -0.0326394112963 -0.118987268388 0.138884103573
v -0.0427700962081 -0.128616954081 0.139671112961
v -0.0392996496068 -0.119078915138 0.142105866149
v -0.0685787447755 -0.107019992317 -0.138408341692
v -0.0585422023946 -0.10271849114 -0.134230595521
v -0.0582106771512 -0.0977382747462 -0.13413203828
v -0.0673379634842 -0.0976861699257 -0.137963617952
v -0.0536548087962 -0.100783233994 -0.0691445224662
v -0.0522375325706 -0.102255389608 -0.0706509710434
v -0.0520607711347 -0.0990794171389 -0.0709392967348
v -0.0536198075073 -0.0991213973217 -0.0692324975839
v -0.0552133844643 -0.0991643075791 -0.0674878841516
v -0.0551669099424 -0.102399471479 -0.0674420029497
v -0.0611635389153 -0.108745906934 -0.0612498859493
v -0.0609486348534 -0.0993074065057 -0.0617350593224
v -0.0416820972741 -0.102115146637 0.0715514982219
v -0.0416356227522 -0.105350310537 0.0715973794238
v -0.0387850968915 -0.11519132084 0.0741269085253
v -0.0378659546509 -0.102174955525 0.0749181142467
v -0.0389952472561 -0.110786039286 0.141783503427
v -0.0323306694931 -0.11381422288 0.138625555199
v -0.0317160486345 -0.103516097917 0.138110855792
v -0.0387319369041 -0.10361263851 0.141504657217
v -0.0568288859505 -0.0823807843376 -0.12955857619
v -0.0568058378906 -0.0824172066902 -0.129558332568
v -0.0567726687261 -0.0824696232062 -0.129557981963
v -0.0567601933187 -0.0823820563654 -0.129488905419
v -0.056826243658 -0.0888369492564 -0.0728546244652
v -0.052082206594 -0.0918035605197 -0.0759201648899
v -0.0521069737935 -0.0833968084529 -0.0816752155799
v -0.0584689350333 -0.0835681170256 -0.0747102786272
v -0.0649718460689 -0.0837432209545 -0.0675910329002
v -0.0596723868027 -0.0921178422544 -0.0675350166331
v -0.0622232227683 -0.0950106262682 -0.0631898825701
v -0.0655612003318 -0.0837579257985 -0.066999872688
v -0.0514405588787 -0.0866940600128 0.0714483494734
v -0.0461410996124 -0.0950686813127 0.0715043657404
v -0.0364890716599 -0.0916744332339 0.0819946136812
v -0.0358680219706 -0.0869381221973 0.0851865027553
v -0.0312358398922 -0.0879779971046 0.133047237103
v -0.0312142583325 -0.0879928766291 0.133031896339
v -0.0312148024453 -0.0879528742847 0.133000192595
v -0.0312440788962 -0.0879537885705 0.133038089361
v -0.0312697879246 -0.0879545914478 0.133071368294
v -0.0312467398646 -0.0879910138004 0.133071611916
v -0.0312135707001 -0.0880434303164 0.13307196252
v -0.0315962870542 -0.0998283118571 0.136909876048
v -0.0398899820925 -0.0969110200248 0.139981769859
v -0.0414135406281 -0.0880941723338 0.137978214163
v -0.0641256469253 -0.074794209357 -0.129579079014
v -0.0566071466616 -0.0692136549487 -0.116288468307
v -0.0565741948838 -0.067256941173 -0.114316451315
v -0.055489852785 -0.0683843513576 -0.114313404473
v -0.0544290136677 -0.0694873250652 -0.114310423671
v -0.053292755258 -0.0706802055819 -0.102016141907
v -0.0547100314836 -0.0692080499679 -0.10050969333
v -0.0563325735183 -0.0675195903297 -0.102089890704
v -0.0562686071517 -0.0675891235526 -0.0988530550156
v -0.0546161797213 -0.0693071823795 -0.0988484119378
v -0.0529995684519 -0.0709880024929 -0.0988438694981
v -0.0526098179377 -0.0760159685064 -0.0916027503219
v -0.0573538550017 -0.0730493572432 -0.0885372098972
v -0.0604865243364 -0.0677565934317 -0.0917342336873
v -0.0654994574126 -0.0679556289412 -0.0832736183321
v -0.0587563951928 -0.0749665132645 -0.08325467132
v -0.0521594880161 -0.0818254375335 -0.0832361349821
v -0.0521332309048 -0.0826111229932 -0.082455675281
v -0.0612167666221 -0.077923430049 -0.0775865867107
v -0.0660617184641 -0.0679707689483 -0.0826580671479
v -0.0655548713069 -0.0831370390199 -0.0675926711153
v -0.0657454088585 -0.083361484762 -0.0671939901756
v -0.0520235841167 -0.0860878780782 0.0714467112583
v -0.0512432477494 -0.0854898359984 0.0726591951218
v -0.0489612175134 -0.0715622100125 0.0866634045688
v -0.0422181552936 -0.0785730943358 0.0866823515809
v -0.035621248117 -0.0854320186049 0.0867008879189
v -0.034947684205 -0.0822670784876 0.0914536963952
v -0.0362855447712 -0.0744197928823 0.0993855754798
v -0.045769493488 -0.0716376454061 0.0906585235747
v -0.0367234145436 -0.0718514466369 0.101981608413
v -0.0350709871132 -0.0735695054638 0.101986251491
v -0.0334543758439 -0.0752503255772 0.10199079393
v -0.0321240476298 -0.0745377828944 0.115003986983
v -0.0331000786621 -0.0733227455108 0.116244267977
v -0.0344554918348 -0.0721230901381 0.114939380976
v -0.0340220495668 -0.0721750062703 0.117415852641
v -0.032937707468 -0.0733024164548 0.117418899483
v -0.0318768683506 -0.0744053901625 0.117421880285
v -0.031570921626 -0.0806658067786 0.124620761225
v -0.0365750042127 -0.0778681311295 0.127520107643
v -0.0394938686151 -0.0723458878545 0.124498823446
v -0.0385665488994 -0.0803680164673 0.133050865469
v -0.0424474801114 -0.0844446311137 0.136786280095
v -0.0630969666262 -0.0610327639625 -0.114326773423
v -0.0627463729464 -0.0613831308947 -0.108297642245
v -0.0621977162669 -0.0619314327286 -0.0988624376693
v -0.0632784454557 -0.0634354422417 -0.0945550534341
v -0.0661087325959 -0.0673742446984 -0.0832745824935
v -0.0662730202022 -0.0675738927488 -0.0828765756075
v -0.0495704926967 -0.0709808257697 0.0866624404074
v -0.0491808330365 -0.070711190557 0.0875247752524
v -0.0426525236588 -0.0661937558129 0.101972225759
v -0.0418485178059 -0.066101088776 0.107859426753
v -0.0405448213092 -0.0659508290597 0.117405530533
v -0.0420682903027 -0.0678888313134 0.121863790712
v -0.0477914097868 0.0718805478878 -0.116420337829
v -0.0475497884213 0.0716178987311 -0.104193777218
v -0.0474858220547 0.0715483655082 -0.10095694153
v -0.0517037392394 0.0713808956292 -0.0938381202016
v -0.0567166723156 0.0711818601196 -0.0853775048465
v -0.0572789333671 0.0711667201125 -0.0847619536623
v -0.0401784324164 0.0675752790483 0.0845595180545
v -0.0369867083911 0.0674998436548 0.0885546370604
v -0.0279406294466 0.067286042424 0.0998777218985
v -0.0256727067378 0.0670143989228 0.112835494462
v -0.0252392644698 0.0669624827906 0.115311966127
v -0.0307110835181 0.0667916012063 0.122394936932
v -0.046094370832 0.0876761467368 -0.132129993041
v -0.061935614629 0.0726023168518 -0.13127239729
v -0.0456695590196 0.0803878072028 -0.1236808909
v -0.0460256782002 0.0876748747089 -0.13206032227
v -0.0453636122949 0.0741273905867 -0.11648200996
v -0.0451164330158 0.0742597833186 -0.114064116658
v -0.0437861048017 0.0749723260014 -0.101050923606
v -0.0422927964405 0.0819890789118 -0.0905138260706
v -0.0416192325286 0.0851540190291 -0.0857610175943
v -0.0413724586749 0.0866601226215 -0.0842466324307
v -0.0565193611863 0.072386084134 -0.084166659198
v -0.0477344199147 0.0864888140487 -0.077281695478
v -0.0542373309503 0.0863137101199 -0.070162449751
v -0.0548266852132 0.0862990052759 -0.0695712895389
v -0.0407060437601 0.0833628710616 0.0688769326225
v -0.026730361727 0.0816066071059 0.0826887932876
v -0.0251072497407 0.0823331234174 0.0833955456056
v -0.0251335068521 0.0831188088771 0.0826150859045
v -0.0250809926294 0.0815474379578 0.0841760053067
v -0.0246306627078 0.0757379689306 0.0925426206465
v -0.0242409121936 0.0707100029171 0.0997837398227
v -0.0239477253876 0.0704022060061 0.102956012232
v -0.0228114669779 0.0692093254894 0.115250293996
v -0.0204802873268 0.0821040567897 0.130428775744
v -0.0205572708847 0.0820315385313 0.130428925276
v -0.0205095637777 0.0821031425039 0.13046667251
v -0.020535272806 0.0821023396265 0.130499951443
v -0.0306790255095 0.0819627587405 0.135406797312
v -0.0515228446348 0.0976581879304 -0.137784570223
v -0.0456441935913 0.0995503122813 -0.135970005724
v -0.0455244320111 0.103238098342 -0.137170985467
v -0.0546517183441 0.103290203162 -0.14100256514
v -0.0460269099454 0.0877654307406 -0.132132092195
v -0.046026222313 0.0877148770533 -0.132092026014
v -0.0420892695518 0.0992437192634 -0.073122864272
v -0.0407514089856 0.0913964336581 -0.0810547433566
v -0.0393745259946 0.101896955949 -0.0739782439221
v -0.0409335623673 0.101854975766 -0.0722714447712
v -0.0425271393242 0.101812065509 -0.070526831339
v -0.0511832124907 0.0903558141945 -0.0702574835959
v -0.0544569464735 0.0871647295754 -0.0693010790675
v -0.0482623897134 0.101668966582 -0.0647740065097
v -0.028995852134 0.0988612264504 0.0685125510345
v -0.0376519253005 0.0874049751362 0.0687818987777
v -0.0251582740515 0.0915255609439 0.0768600352145
v -0.0251797095108 0.0988014175632 0.0718791670594
v -0.0204678119195 0.0821916236304 0.130497852288
v -0.0190298034944 0.0974602751705 0.135071908605
v -0.0288518792146 0.0880361040863 0.136613073688
v -0.026045691764 0.0973637345775 0.138465710029
v -0.0546929685463 0.109605583256 -0.141493573361
v -0.0449098111525 0.113536223305 -0.137685684875
v -0.0446010693492 0.118709268812 -0.137944233248
v -0.054752809671 0.11876722192 -0.142205872517
v -0.0394314147864 0.116128358648 -0.0719467572071
v -0.0384553837541 0.114913321264 -0.0731870382007
v -0.038284604157 0.117331803983 -0.0730400296221
v -0.0393076619575 0.117304256099 -0.0719200081679
v -0.0403533856911 0.117276097889 -0.0707751725425
v -0.0407021711062 0.114794846623 -0.0707353254373
v -0.0476522425865 0.10756242337 -0.0646490129989
v -0.0466628882567 0.117118670927 -0.0644463358646
v -0.0268220985009 0.11432525883 0.068264209831
v -0.027170883916 0.111844007565 0.0683040569363
v -0.0250029480749 0.101977390033 0.071590841368
v -0.0243179013269 0.114286011543 0.0704734224229
v -0.0253011228186 0.105677176107 0.138537625987
v -0.018698278251 0.102440491564 0.135170465846
v -0.0180014361347 0.112908546714 0.135377626049
v -0.0246616744452 0.112816899964 0.138599388625
v -0.0448002602846 0.134049430612 -0.132811412134
v -0.0440646156531 0.13314894675 -0.132807398096
v -0.0432268918927 0.132123510425 -0.132802827065
v -0.0429170453041 0.134014557849 -0.13090138139
v -0.0386223987038 0.133048291081 -0.0865089589452
v -0.0386008171442 0.133033411556 -0.0865242997088
v -0.0386031690119 0.133073808127 -0.0865745788568
v -0.0386345448172 0.13307256237 -0.0865216241065
v -0.0386563467362 0.133071696738 -0.0864848277542
v -0.0386295131743 0.133038850458 -0.0864846813372
v -0.038598956148 0.13300144638 -0.0864845146031
v -0.038429869094 0.124572889394 -0.0792528493907
v -0.0434339516807 0.127370565043 -0.0763535029731
v -0.0456932367901 0.132882214352 -0.0787809933986
v -0.0460645465019 0.124266984419 -0.0708063354318
v -0.048399626427 0.121562272846 -0.0663272344723
v -0.0325332593117 0.12131614536 0.0682330469417
v -0.0221401049158 0.129394314571 0.0833811689801
v -0.0221181068371 0.129465115666 0.0834521951468
v -0.0220912732752 0.129432269386 0.0834523415638
v -0.0220607162488 0.129394865308 0.0834525082979
v -0.0220476064504 0.129463449412 0.0835404413211
v -0.0182596284518 0.127877029433 0.129199592858
v -0.0177007620125 0.127536201502 0.128847180636
v -0.0177337301582 0.12852269969 0.127867243854
v -0.0185363468208 0.12849763446 0.128906187273
v -0.0192411622586 0.128475623502 0.12981853235
v -0.0185055176272 0.127575139639 0.129822546387
v -0.0176677938668 0.126549703315 0.129827117418
v -0.0179068842798 0.116774353849 0.133804651227
v -0.0262349034389 0.11951911725 0.136703163583
v -0.0283080018064 0.128350861243 0.134204442129
v -0.054012947743 0.138288841596 -0.132760648566
v -0.0517394890508 0.139772110144 -0.126932839383
v -0.0480311430226 0.142191539646 -0.117426824116
v -0.0412637690519 0.139077390852 -0.117464113566
v -0.0407724509921 0.138787249332 -0.112295811712
v -0.0474370287551 0.141815432926 -0.109137863485
v -0.0469231153886 0.141490097748 -0.101967849405
v -0.0397943705232 0.138209656572 -0.102007130074
v -0.0395104572096 0.136985568342 -0.0983289054314
v -0.0478041522479 0.139902860174 -0.0952570116211
v -0.0489632704245 0.137814643428 -0.0864280347479
v -0.0498340389231 0.136581657072 -0.0827699159526
v -0.0324250305253 0.134208062357 0.0835089881531
v -0.0304347132457 0.135398880126 0.089565317392
v -0.0273779227805 0.137227774664 0.0988668140231
v -0.0202491779151 0.133947333488 0.0988275333547
v -0.0197535009384 0.13401567559 0.103805294982
v -0.0263563455059 0.137252360133 0.107172455123
v -0.0254789977056 0.137273474549 0.11430547984
v -0.0187116237349 0.134159325754 0.11426819039
v -0.0184344956234 0.132561945862 0.118122065795
v -0.0267625147826 0.135306709263 0.121020578151
v -0.028453849717 0.132715034486 0.129869295917
v -0.0300606935127 0.130911056895 0.132444569989
v -0.0429044931583 -0.129168747973 -0.113732495035
v -0.0427600106697 -0.129135391119 -0.113701150725
v -0.0427793201208 -0.129024090506 -0.113969677141
v -0.0454846603012 -0.128987961269 -0.116065335345
v -0.0429791007377 -0.129254968966 -0.11359112607
v -0.0427523744605 -0.1291794066 -0.113594957965
v -0.0423325422963 -0.129121521699 -0.109378856482
v -0.0423981575213 -0.129341258372 -0.099191377512
v -0.0424049666484 -0.129364061235 -0.0981341862981
v -0.0485667377428 -0.129545903099 -0.090649413562
v -0.0228597740403 -0.133626384319 0.10270047713
v -0.0204356802133 -0.134157409118 0.117929958318
v -0.0202137673135 -0.134089476906 0.117994934476
v -0.0206014512742 -0.133860535162 0.113916786537
v -0.0204269554206 -0.134173034063 0.118141177885
v -0.0202002291435 -0.134097471697 0.118137345991
v -0.0201546734497 -0.133957966355 0.118507607196
v -0.0276250960958 -0.134134378149 0.12553771757
v -0.0434321045019 -0.11338115596 -0.129415080467
v -0.0432876220134 -0.113347799106 -0.129383736157
v -0.0432850166561 -0.11324127757 -0.129427079161
v -0.0435142944658 -0.113240491018 -0.129499088371
v -0.0459269406564 -0.115753708656 -0.129211564172
v -0.0432942101015 -0.113617156889 -0.129274136015
v -0.0577448989124 -0.127107975933 -0.127223725609
v -0.0430367651111 -0.121320623697 -0.121621906578
v -0.041176950837 -0.128367483994 -0.0981633724267
v -0.0404770593919 -0.124705991593 -0.0934689012527
v -0.0546820186676 -0.129268927035 -0.0825244678461
v -0.0389012877195 -0.116462318883 -0.0828995268947
v -0.0385735762486 -0.114268726192 -0.0810151464939
v -0.0458336246289 -0.114418129105 -0.0752058975594
v -0.0241952042356 -0.119506212261 0.0853497480898
v -0.0223875968782 -0.118845192234 0.0859875601077
v -0.0224086873004 -0.117793888655 0.0850855462125
v -0.0300473668514 -0.117708909445 0.07995884632
v -0.0381437787684 -0.132875508107 0.0874125550549
v -0.0223630478203 -0.120068899954 0.0870374960063
v -0.0385590686184 -0.133276296791 0.0874982952346
v -0.0220138008594 -0.126067698093 0.0945038341764
v -0.021631758229 -0.132629807079 0.102671291002
v -0.021548161142 -0.132729665943 0.103583728469
v -0.0203678426305 -0.121327515766 0.133418380312
v -0.0177351120756 -0.119190963999 0.133355808469
v -0.0176972468929 -0.118821337277 0.133497478879
v -0.0287706481494 -0.118944306194 0.13748942108
v -0.0434601893358 -0.0977888772083 -0.129499357162
v -0.0434173203247 -0.0988450859002 -0.129484713554
v -0.0430042189452 -0.109023096931 -0.129343602417
v -0.0421983053536 -0.0978057293978 -0.128521854392
v -0.0457233620674 -0.107095456382 -0.0756330790685
v -0.0384741171127 -0.11248168777 -0.0811773799809
v -0.0377117680647 -0.0987841322121 -0.0824208911304
v -0.045600657217 -0.0989464758986 -0.0761084647523
v -0.0257302928507 -0.106173676606 0.0830112591644
v -0.0213757307272 -0.103165750029 0.0859747243121
v -0.0213187654627 -0.102359040621 0.0860237605125
v -0.0242902890889 -0.102325982849 0.0840294223873
v -0.0173291466767 -0.10386122061 0.13261898478
v -0.0168819570899 -0.104251014001 0.132218975206
v -0.0168322281738 -0.103337443436 0.132124723774
v -0.0173236138287 -0.103349047361 0.132587146793
v -0.0179010913098 -0.103362684318 0.133130587321
v -0.0178582222987 -0.10441889301 0.13314523093
v -0.0174451209193 -0.114596904041 0.133286342066
v -0.0176887395747 -0.118678795051 0.133490354631
v -0.0286361726095 -0.115041666723 0.137329825565
v -0.0282376983342 -0.103477471216 0.136856916462
v -0.0498747220029 -0.0904073930872 -0.129527605146
v -0.0415322820793 -0.0931308075662 -0.124834072117
v -0.0400327629522 -0.0826054476049 -0.116531209031
v -0.0562487199672 -0.0823888869822 -0.129092698934
v -0.042223714562 -0.087896122334 -0.0879399480839
v -0.0379601128848 -0.0903369354206 -0.0904678491305
v -0.0382051749725 -0.0830039993404 -0.0977520123169
v -0.0443961852309 -0.0831867040902 -0.0902317224391
v -0.0501533241504 -0.0833566047336 -0.0832384609624
v -0.0441600220458 -0.0902533603686 -0.0832120679717
v -0.0377150507971 -0.0976698715008 -0.083183685944
v -0.0377130965605 -0.0983331997249 -0.0827295881518
v -0.0474372023994 -0.0939143524495 -0.0781214007034
v -0.0512819265339 -0.0833798299898 -0.0823353909207
v -0.0336150842513 -0.0869631858049 0.0866985619386
v -0.0276217821467 -0.0938599414399 0.0867249549293
v -0.021176810898 -0.101276452572 0.0867533369569
v -0.0188736285334 -0.0872197314795 0.100887351362
v -0.0215642885841 -0.0928160684228 0.128017265561
v -0.0169439287162 -0.0951253898382 0.125616284066
v -0.0170460405536 -0.087618283215 0.119666548076
v -0.0235947035971 -0.087772927932 0.125829228045
v -0.0243156239769 -0.0959812001974 0.133102339337
v -0.0288022713153 -0.100549374372 0.136138847114
v -0.0471495074396 -0.0750432725925 -0.114318863654
v -0.039694308512 -0.0807333142998 -0.114327507337
v -0.0395293398001 -0.0809065037438 -0.112542550845
v -0.0467785847548 -0.0755202723551 -0.106998249932
v -0.0463658062745 -0.0760510979023 -0.0988515607941
v -0.0382648632962 -0.0822339917275 -0.0988609531642
v -0.0382407079042 -0.0825456077116 -0.0984121735838
v -0.0479648137431 -0.0781267604362 -0.0938039861354
v -0.0513122634354 -0.0824720659128 -0.0832371172686
v -0.0516032558645 -0.0828106711358 -0.082665208822
v -0.0347740235362 -0.0860786469842 0.0866999056324
v -0.034020983956 -0.0855327876061 0.0881469393504
v -0.0268206136664 -0.0803134209866 0.101983102634
v -0.0187196706881 -0.0864963148118 0.101973710264
v -0.0186372215359 -0.086452153875 0.102780223066
v -0.0257737996471 -0.080147643195 0.109248449571
v -0.0245973621225 -0.0799613376897 0.117413440302
v -0.0171421631949 -0.0856513793971 0.117404796619
v -0.0170977440411 -0.0865603036839 0.118449972703
v -0.0267922681558 -0.0826120109156 0.122583333037
v -0.0310541517036 0.0857324839112 -0.118523862526
v -0.0292465443462 0.0863935039384 -0.117886050508
v -0.0292982478337 0.0874514834695 -0.119102625881
v -0.0455142048486 0.0876680440922 -0.131664115784
v -0.0366627530755 0.0802417600476 -0.116675211808
v -0.0292021251924 0.0854845796516 -0.116840874424
v -0.032061628975 0.083277427553 -0.105179766019
v -0.0277070668515 0.0862853541295 -0.102216300872
v -0.0305268774252 0.0842900051985 -0.101345343636
v -0.0276246176992 0.0863295150663 -0.101409788069
v -0.027470659854 0.087052931734 -0.100323429168
v -0.0336616701124 0.0868702269842 -0.0928031392899
v -0.0394188090319 0.0867003263408 -0.0858098778132
v -0.0405474114153 0.0866771010846 -0.0849068077715
v -0.0228805691327 0.0830937452695 0.0841271450878
v -0.00894495141359 0.0820407320225 0.0986485764448
v -0.00810358048309 0.0823788079661 0.0989760957785
v -0.00813911341481 0.0828371995949 0.0983159345116
v -0.0109816848171 0.0800276821143 0.0994893197924
v -0.00807942509109 0.0820671919821 0.099424875359
v -0.0129839720051 0.0770174663284 0.109451582116
v -0.00681494858719 0.0807397039983 0.11310647304
v -0.0141106077585 0.0753236949503 0.115057092148
v -0.00664997987537 0.0805665145544 0.114891429532
v -0.00631152543509 0.0824386478594 0.117095131225
v -0.0128601884786 0.0822840031424 0.123257811194
v -0.0307739441957 0.10318749588 -0.132538304349
v -0.0459456274301 0.0877499913939 -0.132057900813
v -0.0294003596711 0.0949585900928 -0.125052361871
v -0.0295120602135 0.10317064369 -0.131560801579
v -0.0251674774894 0.101109652827 -0.0861894147622
v -0.0250255229246 0.102192240876 -0.0854598383178
v -0.0398247087366 0.0881307245396 -0.0843615004014
v -0.0329144120769 0.102029897189 -0.0791474119397
v -0.00947256275728 0.0978283240358 0.0829659910128
v -0.00863119182678 0.0981663999794 0.0832935103465
v -0.00863252032259 0.0986173324667 0.0829848133252
v -0.0116040439488 0.098650390239 0.0809904752
v -0.0086292375902 0.0975030717553 0.0837476081388
v -0.00838417550251 0.0901701356751 0.0910317713252
v -0.00513549892421 0.0966978425219 0.129167134139
v -0.00481200630799 0.0929640078207 0.125397994311
v -0.00414598303373 0.0976389296523 0.129085776587
v -0.00463736868856 0.0976273257272 0.129548199605
v -0.0052148461697 0.0976136887694 0.130091640134
v -0.0155514531941 0.0974989018723 0.133817969275
v -0.0288774617124 0.118444063094 -0.132991408594
v -0.0286555488126 0.118511995306 -0.132926432436
v -0.0286470414945 0.118654537531 -0.132933556684
v -0.0288763193042 0.118655324083 -0.133005565895
v -0.028899167468 0.114430104296 -0.132722419872
v -0.0294623312974 0.104084214256 -0.131655053011
v -0.0321051357714 0.109303460964 -0.0789425756127
v -0.0249685576601 0.102998950284 -0.0854108021173
v -0.023935601087 0.11762708891 -0.0845216240178
v -0.0311956494672 0.117477685997 -0.0787123750833
v -0.0140391946925 0.108592650355 0.078086411252
v -0.00787017127458 0.112314888025 0.0817413021757
v -0.0077707121387 0.114101926446 0.0815790686887
v -0.0154093916898 0.114186905656 0.0764523687962
v -0.00334006944209 0.108856297186 0.129907524612
v -0.00305927173122 0.113074477824 0.129991001355
v -0.0152123177617 0.101192586451 0.133857403589
v -0.0141326729878 0.112951508908 0.133982943556
v -0.0363163079825 0.125930741768 -0.132797654762
v -0.0286091763118 0.119024164254 -0.132791886274
v -0.0261896149376 0.133791166609 -0.117943685001
v -0.028894955118 0.133827295846 -0.120039343206
v -0.025243316832 0.132952659589 -0.1026197967
v -0.0247961272453 0.132562866198 -0.103019806274
v -0.0257428371131 0.133693735416 -0.113352864343
v -0.0258084523381 0.133473998743 -0.103165385372
v -0.0258152614652 0.13345119588 -0.102108194158
v -0.0252194859388 0.13291730467 -0.102107748244
v -0.0247125301584 0.132463007333 -0.102107368807
v -0.0243304875279 0.125900898347 -0.0939399119817
v -0.0289508473958 0.128210219763 -0.0915389304863
v -0.0319770325596 0.133269354016 -0.0946234214224
v -0.0307374056107 0.125956489775 -0.0864786305383
v -0.023981240567 0.119902100209 -0.0864735738115
v -0.0239566915091 0.118678392488 -0.0854236379129
v -0.0336512156238 0.122626685257 -0.081290277579
v -0.0141991657115 0.122349908704 0.0834583923627
v -0.00744300066787 0.116295519138 0.0834634490895
v -0.00586722899538 0.124539191847 0.0940328234475
v -0.0061907216116 0.128273026548 0.0978019632746
v -0.00627006885708 0.129188872796 0.0987264692699
v -0.00567429333073 0.128654981586 0.0987269151847
v -0.00516733755029 0.128200684249 0.0987272946214
v -0.00401174609099 0.128954721953 0.109942778677
v -0.00823442847877 0.123338555945 0.124466055604
v -0.00330752327617 0.121153823952 0.122185828772
v -0.00356496826654 0.12885729076 0.114533599336
v -0.0110353909126 0.128680878966 0.12156370971
v -0.0107572099565 0.120356934658 0.129832289721
v -0.00305007828581 0.113450357144 0.129838058209
v -0.00305666637392 0.113180999361 0.129947658351
v -0.0149398542935 0.116056412161 0.133034035362
v -0.0373490365862 0.13774482377 -0.117492415716
v -0.0261440592439 0.133930671952 -0.117573423796
v -0.0261305210738 0.133922677161 -0.117431012281
v -0.0370779541086 0.137559805489 -0.113591541347
v -0.0362746898577 0.137011564331 -0.102032576138
v -0.0367164414707 0.136264505827 -0.0990999343661
v -0.0167294972497 0.132749241247 0.0988020872906
v -0.0162675404491 0.132767770478 0.102492232725
v -0.0147968912692 0.132826758673 0.114239888239
v -0.00359191392684 0.129012606855 0.11415888016
v -0.00358427771761 0.128968591374 0.114265072919
v -0.0154674656372 0.131844004174 0.11735144993
v -0.0419208005296 -0.129029036418 -0.113607192405
v -0.0419879702669 -0.129044124059 -0.112917400316
v -0.0193686552125 -0.133947101515 0.118125111551
v -0.0199096243545 -0.133954579132 0.118388360329
v -0.0424484118733 -0.113241444404 -0.129289777837
v -0.0329375753596 -0.119123591004 -0.119566637103
v -0.0270271209091 -0.117837798581 -0.118363810251
v -0.0271777881335 -0.113329418127 -0.122842204523
v -0.0268764536846 -0.122346179036 -0.11388541598
v -0.0261286693058 -0.12185824049 -0.106627865129
v -0.0393122739597 -0.127539174878 -0.0981978569457
v -0.0252868057638 -0.121308914128 -0.0984572378235
v -0.0238982390043 -0.114044606677 -0.0891435268596
v -0.0275145050961 -0.114104920091 -0.0869044986573
v -0.0338315268768 -0.1142102777 -0.0829932848356
v -0.0372451297934 -0.114252352323 -0.0815693058166
v -0.0172932869776 -0.117816858771 0.0869437380654
v -0.0117382194365 -0.123586128777 0.0968431549457
v -0.00593872660017 -0.122185541999 0.0981634572707
v -0.00618783228647 -0.11790680834 0.0928379784484
v -0.0197670813516 -0.131801497963 0.102636806483
v -0.00574161315574 -0.125571237212 0.102377425605
v -0.0198830497344 -0.132087681833 0.104204601544
v -0.005068094687 -0.126375772298 0.109728680392
v -0.00432430836759 -0.127264244133 0.117846887976
v -0.00290828315724 -0.118621996889 0.126536656112
v -0.019236685207 -0.133141665702 0.118934976192
v -0.00726701016795 -0.118682245964 0.128657718985
v -0.0168893138473 -0.118815251515 0.133340166646
v -0.0175745032186 -0.118820412709 0.133473579521
v -0.0425390837897 -0.112553281787 -0.129298558542
v -0.0266562806495 -0.106070648477 -0.122310450561
v -0.0260691620226 -0.0978986490326 -0.121711796342
v -0.0403055825067 -0.0978166333319 -0.127722707643
v -0.0276740231032 -0.103234621942 -0.0878292284143
v -0.023454661026 -0.105538304576 -0.0902181912242
v -0.0230901532389 -0.0985482971666 -0.0911012908109
v -0.0277416549068 -0.0986258766195 -0.0882212916203
v -0.0358670628836 -0.0987613951574 -0.0831904069583
v -0.0343750193032 -0.11008539333 -0.0830459168599
v -0.0372408802982 -0.112940862634 -0.081659748789
v -0.0371949889537 -0.0987777626117 -0.0826364647134
v -0.0193288229844 -0.102367976229 0.0867466159427
v -0.017836779404 -0.113691974402 0.086891106041
v -0.005686018724 -0.111139374302 0.0934918701067
v -0.00504418803034 -0.102483675836 0.0943282120632
v -0.00730311724961 -0.108398991415 0.127886142788
v -0.00246583128673 -0.110493707816 0.125698075153
v -0.00206517924657 -0.10313332397 0.124938717594
v -0.00732135121971 -0.103205978095 0.127496499076
v -0.0169799857637 -0.118127088897 0.133331385941
v -0.0175707817255 -0.118698929643 0.133468193908
v -0.0348867495642 -0.0826350936732 -0.1143584557
v -0.0284389312294 -0.0864435310521 -0.114381906004
v -0.0247477888494 -0.0886237234647 -0.114395330453
v -0.0239822723696 -0.0897507125626 -0.105900776656
v -0.0282016344469 -0.0874470299289 -0.103511813846
v -0.035289368644 -0.0827255298195 -0.110223804188
v -0.0363946742273 -0.0829738031441 -0.0988729923902
v -0.0281010263107 -0.0878724893498 -0.0989031558589
v -0.0233532133729 -0.0906768097139 -0.0989204233519
v -0.0232216833059 -0.0946125534403 -0.0950108570814
v -0.0318237365921 -0.0921170980161 -0.0923593400887
v -0.0375460525814 -0.0829930062551 -0.0981601110533
v -0.0370422810037 -0.0980672464725 -0.0831861327649
v -0.0373658664165 -0.0984137412467 -0.0828162659749
v -0.0205040411046 -0.101673827544 0.0867508901361
v -0.0190211021985 -0.100489902947 0.0886350161353
v -0.0168494816192 -0.0872361262284 0.101961671038
v -0.00855583370261 -0.0921348124341 0.10193150757
v -0.00380802076486 -0.0949391327982 0.101914240077
v -0.00290312993712 -0.0941549217853 0.110569714574
v -0.00659899536615 -0.0915679213976 0.113236016959
v -0.0161534380243 -0.0872850020786 0.104337715026
v -0.0123346042472 -0.0875531587704 0.117373848256
v -0.00588678591241 -0.0913615961493 0.117350397952
v -0.00219564353238 -0.0935417885619 0.117336973503
v -0.00212281071725 -0.0988963461011 0.121580712842
v -0.0107638557397 -0.096697793816 0.123933541599
v -0.0155772028732 -0.087597980014 0.118951775836
v -0.0383475100833 -0.0812660822803 -0.114336177269
v -0.0382961029856 -0.0813656786074 -0.113024919653
v -0.0377409450819 -0.082441243862 -0.0988643258552
v -0.0378934777602 -0.0826261492334 -0.0984988514069
v -0.0181957524738 -0.0867035669462 0.101970337573
v -0.0181074711479 -0.0866844637622 0.102537666389
v -0.0157953647663 -0.0861841473776 0.117396126687
v -0.016273274182 -0.0867321607212 0.118263702257
v -0.0241522344456 0.0874218374012 -0.11692987255
v -0.0245548535254 0.0873314012548 -0.112795221039
v -0.0256601591087 0.0870831279302 -0.101444409241
v -0.0268115374628 0.0870639248193 -0.100731527904
v -0.00611496650065 0.082820804846 0.0993902541874
v -0.0054189229058 0.0827719289957 0.101766298175
v -0.00160008912861 0.0825037723039 0.114802431406
v -0.00484268775469 0.0824589510604 0.116380358985
v -0.0191247782482 0.0974401594086 -0.122713041102
v -0.0133252854119 0.098840746186 -0.121392738777
v -0.0133829168825 0.103077724055 -0.124750743529
v -0.0276193373666 0.103159739756 -0.13076165483
v -0.0132524525967 0.0934861886468 -0.117148999438
v -0.012544966192 0.0940993218702 -0.110381740509
v -0.0116400753642 0.0948835328831 -0.101726266012
v -0.0104039080988 0.102428075921 -0.0941402379983
v -0.0253524383228 0.0889612012119 -0.0995560090485
v -0.0150554097667 0.102350496468 -0.0912602388077
v -0.0231808177435 0.102214977931 -0.0862293541456
v -0.0245087438136 0.102198610476 -0.0856754119008
v -0.00664257784434 0.0986083968592 0.0837076687554
v 0.00213026300853 0.0930247961537 0.0937434273342
v 0.0077735871768 0.0945569535251 0.0951988311463
v 0.00764205710976 0.0984926972515 0.0912892648759
v 0.00790511724384 0.0906212097988 0.0991083974168
v 0.00853417624053 0.0896951126474 0.106088750721
v 0.00929969272029 0.0885681235495 0.114583304518
v 0.0106210658935 0.0978430491174 0.121899770407
v -0.00261320685244 0.0858031880129 0.118144532703
v 0.00536489392038 0.0977703949929 0.124457551888
v -0.0278104367116 0.118654370697 -0.132796255361
v -0.0277972198898 0.104726198365 -0.131034179935
v -0.0129822648424 0.110438107901 -0.125510101088
v -0.0125398129719 0.118566396974 -0.126348682047
v -0.0134579428341 0.113670774775 -0.0906375936563
v -0.00976207740511 0.111083774387 -0.0933038960418
v -0.00926026384264 0.117851208424 -0.0926500043835
v -0.0128765299345 0.117790895011 -0.0904109761812
v -0.0191935517151 0.117685537402 -0.0864997623594
v -0.0225661142308 0.104600022516 -0.0862710420786
v -0.0244388072722 0.102766640397 -0.0856533587948
v -0.0226071546317 0.117643462778 -0.0850757833404
v -0.00265531181599 0.11407895633 0.0834372605416
v -0.00602787433164 0.100993441444 0.0836659808224
v 0.00800656489684 0.105482704661 0.0904061652891
v 0.00845014287518 0.113989006762 0.0893315009245
v 0.00674052765786 0.108360324557 0.124933239312
v 0.0112081845204 0.106015048561 0.122498424626
v 0.0117296920044 0.113273818212 0.123030178588
v 0.0073709649937 0.113213569138 0.125151241462
v -0.00225133868564 0.113080563587 0.129833689122
v -0.00293652805699 0.113075402392 0.129967101997
v -0.0283601612036 0.118908877391 -0.132793248381
v -0.027678466706 0.11945980651 -0.13198639072
v -0.0253310953464 0.133786220697 -0.117581200266
v -0.0155530588712 0.129259269876 -0.1176346859
v -0.0111237877615 0.127208644218 -0.117658913911
v -0.0103800014421 0.126320172382 -0.109540706327
v -0.015217287405 0.128414888784 -0.107352638692
v -0.0253982650837 0.133771133056 -0.116891408177
v -0.0150477238015 0.127988478814 -0.102160235075
v -0.00970648297337 0.125515637297 -0.10218945154
v -0.00950936952894 0.122129942084 -0.0979754832058
v -0.0181504145514 0.124328494369 -0.0956226544488
v -0.0224886303883 0.119211064448 -0.0864817383549
v -0.02313222165 0.118506535451 -0.0856099083583
v -0.00595039048911 0.115604483377 0.0834552845461
v -0.00366842953982 0.117378372039 0.0867793618394
v 0.00449746880658 0.12372615573 0.0986744283529
v 0.00983870963472 0.121253314213 0.0986452118885
v 0.0106805731767 0.121802640575 0.106815839194
v 0.00621291631417 0.12414791657 0.10925065388
v -0.00277895002934 0.1288681556 0.11415110369
v 0.00699908644579 0.124341204779 0.114097618056
v 0.0114283575555 0.122290579121 0.114073390044
v 0.01157902478 0.117782198666 0.118551784316
v 0.00290755834039 0.119746182217 0.120668627954
v -0.00331991917128 0.128860677983 0.114414352469
v -0.00280106317763 0.113335070281 0.129836696102
v -0.00296504643243 0.113169573056 0.129934692382
v -0.0260205512671 0.133908726473 -0.117574605221
v -0.0260125632246 0.133902542569 -0.117453173003
v -0.0034684059501 0.128990661375 0.114157698735
v -0.00349265777612 0.128957165069 0.11425210695
v -0.0159904571622 -0.117798076045 -0.118498105541
v -0.01157902478 -0.117782198666 -0.118551784316
v -0.0117296920044 -0.113273818212 -0.123030178588
v -0.020552556769 -0.113305572969 -0.122922821038
v -0.0202512223201 -0.122322333877 -0.113966032494
v -0.0114283575555 -0.122290579121 -0.114073390044
v -0.0188617488657 -0.1218320858 -0.106716289785
v -0.0106805731767 -0.121802640575 -0.106815839194
v -0.0172974649934 -0.121280159344 -0.0985544529656
v -0.00983870963472 -0.121253314213 -0.0986452118885
v -0.00845014287518 -0.113989006762 -0.0893315009245
v -0.0144721017974 -0.114010680656 -0.0892582250925
v 0.00534545488569 -0.122144928611 0.0980261501589
v 0.00950936952894 -0.122129942084 0.0979754832058
v 0.00926026384264 -0.117851208424 0.0926500043835
v -0.000165873364253 -0.117885134445 0.0927647026164
v 0.0022477276147 -0.125542482428 0.102280210463
v 0.00970648297337 -0.125515637297 0.10218945154
v 0.0022730066321 -0.12634935062 0.109639353096
v 0.0103800014421 -0.126320172382 0.109540706327
v 0.00230092299695 -0.127240398974 0.117766271462
v 0.0111237877615 -0.127208644218 0.117658913911
v 0.0125398129719 -0.118566396974 0.126348682047
v 0.00591458160732 -0.118590242133 0.126429298561
v -0.0193893602094 -0.106044493787 -0.122398875217
v -0.0112081845204 -0.106015048561 -0.122498424626
v -0.0106210658935 -0.0978430491174 -0.121899770407
v -0.0180798212522 -0.0978698942485 -0.121809011484
v -0.0149748244252 -0.105507784427 -0.0903213747713
v -0.00800656489684 -0.105482704661 -0.0904061652891
v -0.00764205710976 -0.0984926972515 -0.0912892648759
v -0.0153879340058 -0.0985205757742 -0.0911950122279
v 0.00109236896985 -0.111114977912 0.0934093899695
v 0.00976207740511 -0.111083774387 0.0933038960418
v 0.0104039080988 -0.102428075921 0.0941402379983
v 0.00270168886571 -0.102455797314 0.0942339594152
v 0.00564116352327 -0.110464529578 0.125599428384
v 0.0129822648424 -0.110438107901 0.125510101088
v 0.0133829168825 -0.103077724055 0.124750743529
v 0.00539357611209 -0.103106478839 0.124847958672
v -0.0153216516425 -0.088589797444 -0.114510028686
v -0.00929969272029 -0.0885681235495 -0.114583304518
v -0.00853417624053 -0.0896951126474 -0.106088750721
v -0.0155024357689 -0.0897201924136 -0.106003960203
v -0.0156509941399 -0.0906490883215 -0.0990141447688
v -0.00790511724384 -0.0906212097988 -0.0991083974168
v -0.0077735871768 -0.0945569535251 -0.0951988311463
v -0.0193705736894 -0.0945986927441 -0.0950577177899
v 0.00389419846821 -0.0949114114057 0.10182051866
v 0.0116400753642 -0.0948835328831 0.101726266012
v 0.012544966192 -0.0940993218702 0.110381740509
v 0.00576657849814 -0.0941237182604 0.110464220646
v 0.00723049367452 -0.0935078625412 0.11722227527
v 0.0132524525967 -0.0934861886468 0.117148999438
v 0.0133252854119 -0.098840746186 0.121392738777
v 0.002041103926 -0.0988813595747 0.121530045889
v -0.002041103926 0.0988813595747 -0.121530045889
v 0.00212281071725 0.0988963461011 -0.121580712842
v 0.00206517924657 0.10313332397 -0.124938717594
v -0.00539357611209 0.103106478839 -0.124847958672
v -0.00723049367452 0.0935078625412 -0.11722227527
v 0.00219564353238 0.0935417885619 -0.117336973503
v -0.00576657849814 0.0941237182604 -0.110464220646
v 0.00290312993712 0.0941549217853 -0.110569714574
v -0.00389419846821 0.0949114114057 -0.10182051866
v 0.00380802076486 0.0949391327982 -0.101914240077
v 0.00504418803034 0.102483675836 -0.0943282120632
v -0.00270168886571 0.102455797314 -0.0942339594152
v 0.0193705736894 0.0945986927441 0.0950577177899
v 0.0232216833059 0.0946125534403 0.0950108570814
v 0.0230901532389 0.0985482971666 0.0911012908109
v 0.0153879340058 0.0985205757742 0.0911950122279
v 0.0156509941399 0.0906490883215 0.0990141447688
v 0.0233532133729 0.0906768097139 0.0989204233519
v 0.0155024357689 0.0897201924136 0.106003960203
v 0.0239822723696 0.0897507125626 0.105900776656
v 0.0153216516425 0.088589797444 0.114510028686
v 0.0247477888494 0.0886237234647 0.114395330453
v 0.0260691620226 0.0978986490326 0.121711796342
v 0.0180798212522 0.0978698942485 0.121809011484
v -0.00564116352327 0.110464529578 -0.125599428384
v 0.00246583128673 0.110493707816 -0.125698075153
v 0.00290828315724 0.118621996889 -0.126536656112
v -0.00591458160732 0.118590242133 -0.126429298561
v -0.00109236896985 0.111114977912 -0.0934093899695
v 0.005686018724 0.111139374302 -0.0934918701067
v 0.00618783228647 0.11790680834 -0.0928379784484
v 0.000165873364253 0.117885134445 -0.0927647026164
v 0.0149748244252 0.105507784427 0.0903213747713
v 0.023454661026 0.105538304576 0.0902181912242
v 0.0238982390043 0.114044606677 0.0891435268596
v 0.0144721017974 0.114010680656 0.0892582250925
v 0.0193893602094 0.106044493787 0.122398875217
v 0.0266562806495 0.106070648477 0.122310450561
v 0.0271777881335 0.113329418127 0.122842204523
v 0.020552556769 0.113305572969 0.122922821038
v -0.00230092299695 0.127240398974 -0.117766271462
v 0.00432430836759 0.127264244133 -0.117846887976
v 0.005068094687 0.126375772298 -0.109728680392
v -0.0022730066321 0.12634935062 -0.109639353096
v -0.0022477276147 0.125542482428 -0.102280210463
v 0.00574161315574 0.125571237212 -0.102377425605
v 0.00593872660017 0.122185541999 -0.0981634572707
v -0.00534545488569 0.122144928611 -0.0980261501589
v 0.0172974649934 0.121280159344 0.0985544529656
v 0.0252868057638 0.121308914128 0.0984572378235
v 0.0261286693058 0.12185824049 0.106627865129
v 0.0188617488657 0.1218320858 0.106716289785
v 0.0202512223201 0.122322333877 0.113966032494
v 0.0268764536846 0.122346179036 0.11388541598
v 0.0270271209091 0.117837798581 0.118363810251
v 0.0159904571622 0.117798076045 0.118498105541
v 0.00349265777612 -0.128957165069 -0.11425210695
v 0.00358427771761 -0.128968591374 -0.114265072919
v 0.00356496826654 -0.12885729076 -0.114533599336
v 0.00331991917128 -0.128860677983 -0.114414352469
v 0.00277895002934 -0.1288681556 -0.11415110369
v 0.0034684059501 -0.128990661375 -0.114157698735
v 0.00359191392684 -0.129012606855 -0.11415888016
v 0.00401174609099 -0.128954721953 -0.109942778677
v 0.0260125632246 -0.133902542569 0.117453173003
v 0.0261305210738 -0.133922677161 0.117431012281
v 0.0257428371131 -0.133693735416 0.113352864343
v 0.0253982650837 -0.133771133056 0.116891408177
v 0.0253310953464 -0.133786220697 0.117581200266
v 0.0260205512671 -0.133908726473 0.117574605221
v 0.0261440592439 -0.133930671952 0.117573423796
v 0.0261896149376 -0.133791166609 0.117943685001
v 0.00296504643243 -0.113169573056 -0.129934692382
v 0.00305666637392 -0.113180999361 -0.129947658351
v 0.00305927173122 -0.113074477824 -0.129991001355
v 0.00293652805699 -0.113075402392 -0.129967101997
v 0.00225133868564 -0.113080563587 -0.129833689122
v 0.00280106317763 -0.113335070281 -0.129836696102
v 0.00305007828581 -0.113450357144 -0.129838058209
v -0.00290755834039 -0.119746182217 -0.120668627954
v 0.00330752327617 -0.121153823952 -0.122185828772
v -0.0073709649937 -0.113213569138 -0.125151241462
v -0.00699908644579 -0.124341204779 -0.114097618056
v -0.00621291631417 -0.12414791657 -0.10925065388
v -0.00449746880658 -0.12372615573 -0.0986744283529
v 0.00516733755029 -0.128200684249 -0.0987272946214
v 0.00366842953982 -0.117378372039 -0.0867793618394
v 0.00586722899538 -0.124539191847 -0.0940328234475
v 0.00265531181599 -0.11407895633 -0.0834372605416
v 0.00595039048911 -0.115604483377 -0.0834552845461
v 0.00744300066787 -0.116295519138 -0.0834634490895
v 0.0077707121387 -0.114101926446 -0.0815790686887
v 0.02313222165 -0.118506535451 0.0856099083583
v 0.0239566915091 -0.118678392488 0.0854236379129
v 0.023935601087 -0.11762708891 0.0845216240178
v 0.0226071546317 -0.117643462778 0.0850757833404
v 0.0191935517151 -0.117685537402 0.0864997623594
v 0.0224886303883 -0.119211064448 0.0864817383549
v 0.023981240567 -0.119902100209 0.0864735738115
v 0.0181504145514 -0.124328494369 0.0956226544488
v 0.0243304875279 -0.125900898347 0.0939399119817
v 0.0128765299345 -0.117790895011 0.0904109761812
v 0.0150477238015 -0.127988478814 0.102160235075
v 0.0247125301584 -0.132463007333 0.102107368807
v 0.015217287405 -0.128414888784 0.107352638692
v 0.0247961272453 -0.132562866198 0.103019806274
v 0.0155530588712 -0.129259269876 0.1176346859
v 0.027678466706 -0.11945980651 0.13198639072
v 0.0278104367116 -0.118654370697 0.132796255361
v 0.0283601612036 -0.118908877391 0.132793248381
v 0.0286091763118 -0.119024164254 0.132791886274
v 0.0286470414945 -0.118654537531 0.132933556684
v 0.00334006944209 -0.108856297186 -0.129907524612
v -0.00674052765786 -0.108360324557 -0.124933239312
v 0.00414598303373 -0.0976389296523 -0.129085776587
v -0.00536489392038 -0.0977703949929 -0.124457551888
v 0.00664257784434 -0.0986083968592 -0.0837076687554
v 0.00602787433164 -0.100993441444 -0.0836659808224
v 0.00863252032259 -0.0986173324667 -0.0829848133252
v 0.00787017127458 -0.112314888025 -0.0817413021757
v 0.0244388072722 -0.102766640397 0.0856533587948
v 0.0249685576601 -0.102998950284 0.0854108021173
v 0.0250255229246 -0.102192240876 0.0854598383178
v 0.0245087438136 -0.102198610476 0.0856754119008
v 0.0231808177435 -0.102214977931 0.0862293541456
v 0.0225661142308 -0.104600022516 0.0862710420786
v 0.0134579428341 -0.113670774775 0.0906375936563
v 0.0150554097667 -0.102350496468 0.0912602388077
v 0.0277972198898 -0.104726198365 0.131034179935
v 0.0294623312974 -0.104084214256 0.131655053011
v 0.0295120602135 -0.10317064369 0.131560801579
v 0.0276193373666 -0.103159739756 0.13076165483
v 0.028899167468 -0.114430104296 0.132722419872
v 0.0286555488126 -0.118511995306 0.132926432436
v 0.00261320685244 -0.0858031880129 -0.118144532703
v 0.00481200630799 -0.0929640078207 -0.125397994311
v 0.00631152543509 -0.0824386478594 -0.117095131225
v 0.00484268775469 -0.0824589510604 -0.116380358985
v 0.00160008912861 -0.0825037723039 -0.114802431406
v 0.0054189229058 -0.0827719289957 -0.101766298175
v 0.00611496650065 -0.082820804846 -0.0993902541874
v -0.00213026300853 -0.0930247961537 -0.0937434273342
v 0.00838417550251 -0.0901701356751 -0.0910317713252
v 0.00813911341481 -0.0828371995949 -0.0983159345116
v 0.0086292375902 -0.0975030717553 -0.0837476081388
v 0.00863119182678 -0.0981663999794 -0.0832935103465
v 0.0251674774894 -0.101109652827 0.0861894147622
v 0.0253524383228 -0.0889612012119 0.0995560090485
v 0.027470659854 -0.087052931734 0.100323429168
v 0.0268115374628 -0.0870639248193 0.100731527904
v 0.0256601591087 -0.0870831279302 0.101444409241
v 0.0245548535254 -0.0873314012548 0.112795221039
v 0.0241522344456 -0.0874218374012 0.11692987255
v 0.0191247782482 -0.0974401594086 0.122713041102
v 0.0294003596711 -0.0949585900928 0.125052361871
v 0.0292982478337 -0.0874514834695 0.119102625881
v 0.00664997987537 -0.0805665145544 -0.114891429532
v 0.00681494858719 -0.0807397039983 -0.11310647304
v 0.00807942509109 -0.0820671919821 -0.099424875359
v 0.00810358048309 -0.0823788079661 -0.0989760957785
v 0.0276246176992 -0.0863295150663 0.101409788069
v 0.0277070668515 -0.0862853541295 0.102216300872
v 0.0292021251924 -0.0854845796516 0.116840874424
v 0.0292465443462 -0.0863935039384 0.117886050508
v 0.016273274182 0.0867321607212 -0.118263702257
v 0.0170977440411 0.0865603036839 -0.118449972703
v 0.0170460405536 0.087618283215 -0.119666548076
v 0.0155772028732 0.087597980014 -0.118951775836
v 0.0123346042472 0.0875531587704 -0.117373848256
v 0.0157953647663 0.0861841473776 -0.117396126687
v 0.0171421631949 0.0856513793971 -0.117404796619
v 0.0181074711479 0.0866844637622 -0.102537666389
v 0.0186372215358 0.086452153875 -0.102780223066
v 0.0161534380243 0.0872850020786 -0.104337715026
v 0.0168494816192 0.0872361262284 -0.101961671038
v 0.0181957524738 0.0867035669462 -0.101970337573
v 0.0187196706881 0.0864963148118 -0.101973710264
v 0.0188736285334 0.0872197314795 -0.100887351362
v 0.0378934777602 0.0826261492334 0.0984988514069
v 0.0382407079042 0.0825456077116 0.0984121735838
v 0.0382051749725 0.0830039993404 0.0977520123169
v 0.0375460525814 0.0829930062551 0.0981601110533
v 0.0363946742273 0.0829738031441 0.0988729923902
v 0.0377409450819 0.082441243862 0.0988643258552
v 0.0382648632962 0.0822339917275 0.0988609531642
v 0.0382961029856 0.0813656786074 0.113024919653
v 0.0395293398001 0.0809065037438 0.112542550845
v 0.035289368644 0.0827255298195 0.110223804188
v 0.0348867495642 0.0826350936732 0.1143584557
v 0.0383475100833 0.0812660822803 0.114336177269
v 0.039694308512 0.0807333142998 0.114327507337
v 0.0400327629522 0.0826054476049 0.116531209031
v 0.0107638557397 0.096697793816 -0.123933541599
v 0.0169439287162 0.0951253898382 -0.125616284066
v 0.0168322281738 0.103337443436 -0.132124723774
v 0.00732135121971 0.103205978095 -0.127496499076
v 0.00588678591241 0.0913615961493 -0.117350397952
v 0.00659899536615 0.0915679213976 -0.113236016959
v 0.00855583370261 0.0921348124341 -0.10193150757
v 0.0190211021985 0.100489902947 -0.0886350161353
v 0.0193288229844 0.102367976229 -0.0867466159427
v 0.0205040411046 0.101673827544 -0.0867508901361
v 0.021176810898 0.101276452572 -0.0867533369569
v 0.0213187654627 0.102359040621 -0.0860237605125
v 0.0373658664165 0.0984137412467 0.0828162659749
v 0.0377130965605 0.0983331997249 0.0827295881518
v 0.0377117680647 0.0987841322121 0.0824208911304
v 0.0371949889537 0.0987777626117 0.0826364647134
v 0.0358670628836 0.0987613951574 0.0831904069583
v 0.0370422810037 0.0980672464725 0.0831861327649
v 0.0377150507971 0.0976698715008 0.083183685944
v 0.0318237365921 0.0921170980161 0.0923593400887
v 0.0379601128848 0.0903369354206 0.0904678491305
v 0.0277416549068 0.0986258766195 0.0882212916203
v 0.0281010263107 0.0878724893498 0.0989031558589
v 0.0282016344469 0.0874470299289 0.103511813846
v 0.0284389312294 0.0864435310521 0.114381906004
v 0.0421983053536 0.0978057293978 0.128521854392
v 0.0415322820793 0.0931308075662 0.124834072117
v 0.0403055825067 0.0978166333319 0.127722707643
v 0.0175707817255 0.118698929643 -0.133468193908
v 0.0176887395747 0.118678795051 -0.133490354631
v 0.0176972468929 0.118821337277 -0.133497478879
v 0.0175745032186 0.118820412709 -0.133473579521
v 0.0168893138473 0.118815251515 -0.133340166646
v 0.0169799857637 0.118127088897 -0.133331385941
v 0.0174451209193 0.114596904041 -0.133286342066
v 0.00730311724961 0.108398991415 -0.127886142788
v 0.0168819570899 0.104251014001 -0.132218975206
v 0.00726701016795 0.118682245964 -0.128657718985
v 0.0172932869776 0.117816858771 -0.0869437380654
v 0.017836779404 0.113691974402 -0.086891106041
v 0.0224086873004 0.117793888655 -0.0850855462125
v 0.0213757307272 0.103165750029 -0.0859747243121
v 0.0372408802982 0.112940862634 0.081659748789
v 0.0384741171127 0.11248168777 0.0811773799809
v 0.0385735762486 0.114268726192 0.0810151464939
v 0.0372451297934 0.114252352323 0.0815693058166
v 0.0338315268768 0.1142102777 0.0829932848356
v 0.0343750193032 0.11008539333 0.0830459168599
v 0.0276740231032 0.103234621942 0.0878292284143
v 0.0275145050961 0.114104920091 0.0869044986573
v 0.0424484118733 0.113241444404 0.129289777837
v 0.0425390837897 0.112553281787 0.129298558542
v 0.0430042189452 0.109023096931 0.129343602417
v 0.0432850166561 0.11324127757 0.129427079161
v 0.0177351120756 0.119190963999 -0.133355808469
v 0.019236685207 0.133141665702 -0.118934976192
v 0.0201546734497 0.133957966355 -0.118507607196
v 0.0199096243545 0.133954579132 -0.118388360329
v 0.0193686552125 0.133947101515 -0.118125111551
v 0.0198830497344 0.132087681833 -0.104204601544
v 0.021548161142 0.132729665943 -0.103583728469
v 0.0206014512742 0.133860535162 -0.113916786537
v 0.0197670813516 0.131801497963 -0.102636806483
v 0.021631758229 0.132629807079 -0.102671291002
v 0.0220138008594 0.126067698093 -0.0945038341764
v 0.0117382194365 0.123586128777 -0.0968431549457
v 0.0223630478203 0.120068899954 -0.0870374960063
v 0.0223875968782 0.118845192234 -0.0859875601077
v 0.0389012877195 0.116462318883 0.0828995268947
v 0.0404770593919 0.124705991593 0.0934689012527
v 0.0393122739597 0.127539174878 0.0981978569457
v 0.041176950837 0.128367483994 0.0981633724267
v 0.0423325422963 0.129121521699 0.109378856482
v 0.0419879702669 0.129044124059 0.112917400316
v 0.0419208005296 0.129029036418 0.113607192405
v 0.0329375753596 0.119123591004 0.119566637103
v 0.0430367651111 0.121320623697 0.121621906578
v 0.0427793201208 0.129024090506 0.113969677141
v 0.0432942101015 0.113617156889 0.129274136015
v 0.0432876220134 0.113347799106 0.129383736157
v 0.0202002291435 0.134097471697 -0.118137345991
v 0.0202137673135 0.134089476906 -0.117994934476
v 0.0427523744605 0.1291794066 0.113594957965
v 0.0427600106697 0.129135391119 0.113701150725
v 0.0154674656372 -0.131844004174 -0.11735144993
v 0.0184344956234 -0.132561945862 -0.118122065795
v 0.0177337301582 -0.12852269969 -0.127867243854
v 0.0110353909126 -0.128680878966 -0.12156370971
v 0.0147968912692 -0.132826758673 -0.114239888239
v 0.0187116237349 -0.134159325754 -0.11426819039
v 0.0162675404491 -0.132767770478 -0.102492232725
v 0.0197535009384 -0.13401567559 -0.103805294982
v 0.00627006885708 -0.129188872796 -0.0987264692699
v 0.0167294972497 -0.132749241247 -0.0988020872906
v 0.0202491779151 -0.133947333488 -0.0988275333547
v 0.0220476064504 -0.129463449412 -0.0835404413211
v 0.0367164414707 -0.136264505827 0.0990999343661
v 0.0395104572096 -0.136985568342 0.0983289054314
v 0.0386031690119 -0.133073808127 0.0865745788568
v 0.0319770325596 -0.133269354016 0.0946234214224
v 0.0258152614652 -0.13345119588 0.102108194158
v 0.0362746898577 -0.137011564331 0.102032576138
v 0.0397943705232 -0.138209656572 0.102007130074
v 0.0370779541086 -0.137559805489 0.113591541347
v 0.0407724509921 -0.138787249332 0.112295811712
v 0.0258084523381 -0.133473998743 0.103165385372
v 0.0373490365862 -0.13774482377 0.117492415716
v 0.0412637690519 -0.139077390852 0.117464113566
v 0.0429170453041 -0.134014557849 0.13090138139
v 0.028894955118 -0.133827295846 0.120039343206
v 0.0149398542935 -0.116056412161 -0.133034035362
v 0.0179068842798 -0.116774353849 -0.133804651227
v 0.0180014361347 -0.112908546714 -0.135377626049
v 0.0141326729878 -0.112951508908 -0.133982943556
v 0.0107572099565 -0.120356934658 -0.129832289721
v 0.0176677938668 -0.126549703315 -0.129827117418
v 0.00823442847877 -0.123338555945 -0.124466055604
v 0.0177007620125 -0.127536201502 -0.128847180636
v 0.00567429333073 -0.128654981586 -0.0987269151847
v 0.0061907216116 -0.128273026548 -0.0978019632746
v 0.0141991657115 -0.122349908704 -0.0834583923627
v 0.0220607162488 -0.129394865308 -0.0834525082979
v 0.0243179013269 -0.114286011543 -0.0704734224229
v 0.0154093916898 -0.114186905656 -0.0764523687962
v 0.0336512156238 -0.122626685257 0.081290277579
v 0.038429869094 -0.124572889394 0.0792528493907
v 0.038284604157 -0.117331803983 0.0730400296221
v 0.0311956494672 -0.117477685997 0.0787123750833
v 0.0307374056107 -0.125956489775 0.0864786305383
v 0.038598956148 -0.13300144638 0.0864845146031
v 0.0289508473958 -0.128210219763 0.0915389304863
v 0.0386008171442 -0.133033411556 0.0865242997088
v 0.0252194859388 -0.13291730467 0.102107748244
v 0.025243316832 -0.132952659589 0.1026197967
v 0.0363163079825 -0.125930741768 0.132797654762
v 0.0432268918927 -0.132123510425 0.132802827065
v 0.0446010693492 -0.118709268812 0.137944233248
v 0.0288763193042 -0.118655324083 0.133005565895
v 0.0152123177617 -0.101192586451 -0.133857403589
v 0.018698278251 -0.102440491564 -0.135170465846
v 0.0190298034944 -0.0974602751705 -0.135071908605
v 0.0155514531941 -0.0974989018723 -0.133817969275
v 0.0052148461697 -0.0976136887694 -0.130091640134
v 0.00463736868856 -0.0976273257272 -0.129548199605
v 0.0140391946925 -0.108592650355 -0.078086411252
v 0.0250029480749 -0.101977390033 -0.071590841368
v 0.0251797095108 -0.0988014175632 -0.0718791670594
v 0.0116040439488 -0.098650390239 -0.0809904752
v 0.0321051357714 -0.109303460964 0.0789425756127
v 0.0384553837541 -0.114913321264 0.0731870382007
v 0.0393745259946 -0.101896955949 0.0739782439221
v 0.0329144120769 -0.102029897189 0.0791474119397
v 0.0307739441957 -0.10318749588 0.132538304349
v 0.0288774617124 -0.118444063094 0.132991408594
v 0.0449098111525 -0.113536223305 0.137685684875
v 0.0455244320111 -0.103238098342 0.137170985467
v 0.0204678119195 -0.0821916236304 -0.130497852288
v 0.00513549892421 -0.0966978425219 -0.129167134139
v 0.0204802873268 -0.0821040567897 -0.130428775744
v 0.0128601884786 -0.0822840031424 -0.123257811194
v 0.0228805691327 -0.0830937452695 -0.0841271450878
v 0.00947256275728 -0.0978283240358 -0.0829659910128
v 0.0251582740515 -0.0915255609439 -0.0768600352145
v 0.0251335068521 -0.0831188088771 -0.0826150859045
v 0.0398247087366 -0.0881307245396 0.0843615004014
v 0.0407514089856 -0.0913964336581 0.0810547433566
v 0.0413724586749 -0.0866601226215 0.0842466324307
v 0.0405474114153 -0.0866771010846 0.0849068077715
v 0.0394188090319 -0.0867003263408 0.0858098778132
v 0.0336616701124 -0.0868702269842 0.0928031392899
v 0.0459456274301 -0.0877499913939 0.132057900813
v 0.046026222313 -0.0877148770533 0.132092026014
v 0.0460256782002 -0.0876748747089 0.13206032227
v 0.0455142048486 -0.0876680440922 0.131664115784
v 0.0460269099454 -0.0877654307406 0.132132092195
v 0.0456441935913 -0.0995503122813 0.135970005724
v 0.0141106077585 -0.0753236949503 -0.115057092148
v 0.0228114669779 -0.0692093254894 -0.115250293996
v 0.0239477253876 -0.0704022060061 -0.102956012232
v 0.0129839720051 -0.0770174663284 -0.109451582116
v 0.0109816848171 -0.0800276821143 -0.0994893197924
v 0.0242409121936 -0.0707100029171 -0.0997837398227
v 0.0246306627078 -0.0757379689306 -0.0925426206465
v 0.00894495141359 -0.0820407320225 -0.0986485764448
v 0.0250809926294 -0.0815474379578 -0.0841760053067
v 0.0251072497407 -0.0823331234174 -0.0833955456056
v 0.0416192325286 -0.0851540190291 0.0857610175943
v 0.0422927964405 -0.0819890789118 0.0905138260706
v 0.0305268774252 -0.0842900051985 0.101345343636
v 0.0437861048017 -0.0749723260014 0.101050923606
v 0.0451164330158 -0.0742597833186 0.114064116658
v 0.032061628975 -0.083277427553 0.105179766019
v 0.0366627530755 -0.0802417600476 0.116675211808
v 0.0453636122949 -0.0741273905867 0.11648200996
v 0.0456695590196 -0.0803878072028 0.1236808909
v 0.0310541517036 -0.0857324839112 0.118523862526
v 0.0267922681558 0.0826120109156 -0.122583333037
v 0.031570921626 0.0806658067786 -0.124620761225
v 0.0312148024453 0.0879528742847 -0.133000192595
v 0.0235947035971 0.087772927932 -0.125829228045
v 0.0245973621225 0.0799613376897 -0.117413440302
v 0.0318768683506 0.0744053901625 -0.117421880285
v 0.0257737996471 0.080147643195 -0.109248449571
v 0.0321240476298 0.0745377828944 -0.115003986983
v 0.0268206136664 0.0803134209866 -0.101983102634
v 0.0334543758439 0.0752503255772 -0.10199079393
v 0.034020983956 0.0855327876061 -0.0881469393504
v 0.034947684205 0.0822670784876 -0.0914536963952
v 0.0336150842513 0.0869631858049 -0.0866985619386
v 0.0347740235362 0.0860786469842 -0.0866999056324
v 0.035621248117 0.0854320186049 -0.0867008879189
v 0.0358680219706 0.0869381221973 -0.0851865027553
v 0.0516032558645 0.0828106711358 0.082665208822
v 0.0521332309048 0.0826111229932 0.082455675281
v 0.0521069737935 0.0833968084529 0.0816752155799
v 0.0512819265339 0.0833798299898 0.0823353909207
v 0.0501533241504 0.0833566047336 0.0832384609624
v 0.0513122634354 0.0824720659128 0.0832371172686
v 0.0521594880161 0.0818254375335 0.0832361349821
v 0.0479648137431 0.0781267604362 0.0938039861354
v 0.0526098179377 0.0760159685064 0.0916027503219
v 0.0443961852309 0.0831867040902 0.0902317224391
v 0.0463658062745 0.0760510979023 0.0988515607941
v 0.0529995684519 0.0709880024929 0.0988438694981
v 0.0467785847548 0.0755202723551 0.106998249932
v 0.053292755258 0.0706802055819 0.102016141907
v 0.0471495074396 0.0750432725925 0.114318863654
v 0.0544290136677 0.0694873250652 0.114310423671
v 0.0567601933187 0.0823820563654 0.129488905419
v 0.0562487199672 0.0823888869822 0.129092698934
v 0.0288022713153 0.100549374372 -0.136138847114
v 0.0315962870542 0.0998283118571 -0.136909876048
v 0.0317160486345 0.103516097917 -0.138110855792
v 0.0282376983342 0.103477471216 -0.136856916462
v 0.0179010913098 0.103362684318 -0.133130587321
v 0.0243156239769 0.0959812001974 -0.133102339337
v 0.0312135707001 0.0880434303164 -0.13307196252
v 0.0215642885841 0.0928160684228 -0.128017265561
v 0.0312142583325 0.0879928766291 -0.133031896339
v 0.0173236138287 0.103349047361 -0.132587146793
v 0.0276217821467 0.0938599414399 -0.0867249549293
v 0.0378659546509 0.102174955525 -0.0749181142467
v 0.0364890716599 0.0916744332339 -0.0819946136812
v 0.0242902890889 0.102325982849 -0.0840294223873
v 0.0474372023994 0.0939143524495 0.0781214007034
v 0.052082206594 0.0918035605197 0.0759201648899
v 0.0520607711347 0.0990794171389 0.0709392967348
v 0.045600657217 0.0989464758986 0.0761084647523
v 0.0441600220458 0.0902533603686 0.0832120679717
v 0.042223714562 0.087896122334 0.0879399480839
v 0.0434601893358 0.0977888772083 0.129499357162
v 0.0498747220029 0.0904073930872 0.129527605146
v 0.0567726687261 0.0824696232062 0.129557981963
v 0.0582106771512 0.0977382747462 0.13413203828
v 0.0286361726095 0.115041666723 -0.137329825565
v 0.0323306694931 0.11381422288 -0.138625555199
v 0.0326394112963 0.118987268388 -0.138884103573
v 0.0287706481494 0.118944306194 -0.13748942108
v 0.0178582222987 0.10441889301 -0.13314523093
v 0.0173291466767 0.10386122061 -0.13261898478
v 0.0257302928507 0.106173676606 -0.0830112591644
v 0.0387850968915 0.11519132084 -0.0741269085253
v 0.0389558764886 0.117609803559 -0.0739798999467
v 0.0300473668514 0.117708909445 -0.07995884632
v 0.0457233620674 0.107095456382 0.0756330790685
v 0.0522375325706 0.102255389608 0.0706509710434
v 0.0529225793186 0.114564011119 0.0695335520983
v 0.0458336246289 0.114418129105 0.0752058975594
v 0.0434173203247 0.0988450859002 0.129484713554
v 0.0592390445108 0.113186546289 0.134437755724
v 0.0585422023946 0.10271849114 0.134230595521
v 0.0435142944658 0.113240491018 0.129499088371
v 0.0203678426305 0.121327515766 -0.133418380312
v 0.0340135887528 0.132401510001 -0.13374269739
v 0.0343234353414 0.134292557425 -0.131841251715
v 0.0276250960958 0.134134378149 -0.12553771757
v 0.0228597740403 0.133626384319 -0.10270047713
v 0.0385590686184 0.133276296791 -0.0874982952346
v 0.0386396635013 0.133311411132 -0.0874641700334
v 0.0386373116336 0.133351807703 -0.0875144491814
v 0.0381437787684 0.132875508107 -0.0874125550549
v 0.0386415244976 0.133279445956 -0.0874243849277
v 0.0388106115516 0.124850888969 -0.0801927197153
v 0.0241952042356 0.119506212261 -0.0853497480898
v 0.0546820186676 0.129268927035 0.0825244678461
v 0.0551797643967 0.129672864884 0.0825126379733
v 0.0551928741951 0.129741448988 0.0826005709965
v 0.0485667377428 0.129545903099 0.090649413562
v 0.0424049666484 0.129364061235 0.0981341862981
v 0.0423981575213 0.129341258372 0.099191377512
v 0.0577448989124 0.127107975933 0.127223725609
v 0.059539718633 0.127814201078 0.127907310311
v 0.0595067504873 0.128800699266 0.12692737353
v 0.0454846603012 0.128987961269 0.116065335345
v 0.0459269406564 0.115753708656 0.129211564172
v 0.0595726867788 0.12682770289 0.128887247093
v 0.0593335963658 0.117052353425 0.132864780902
v 0.0434321045019 0.11338115596 0.129415080467
v 0.0204269554206 0.134173034063 -0.118141177885
v 0.0359767115937 0.139355390427 -0.11840398389
v 0.0364680296534 0.139065248907 -0.113235682037
v 0.0204356802133 0.134157409118 -0.117929958318
v 0.0374461101224 0.138487656148 -0.102947000398
v 0.0377300234359 0.137263567917 -0.099268775756
v 0.0569913027304 0.134225333063 0.0978876630301
v 0.0574869797072 0.134293675166 0.102865424657
v 0.0429791007377 0.129254968966 0.11359112607
v 0.0585288569107 0.13443732533 0.113328320066
v 0.0588059850221 0.132839945438 0.117182195471
v 0.0429044931583 0.129168747973 0.113732495035
v 0.0300606935127 -0.130911056895 -0.132444569989
v 0.0324969281012 -0.131459443598 -0.133035875063
v 0.0323911635619 -0.128294675791 -0.136179593336
v 0.0283080018064 -0.128350861243 -0.134204442129
v 0.0192411622586 -0.128475623502 -0.12981853235
v 0.028453849717 -0.132715034486 -0.129869295917
v 0.0326026926404 -0.134624211405 -0.129892156789
v 0.0267625147826 -0.135306709263 -0.121020578151
v 0.0330824663136 -0.137389650156 -0.123220195762
v 0.0185363468208 -0.12849763446 -0.128906187273
v 0.0254789977056 -0.137273474549 -0.11430547984
v 0.0337202486822 -0.141065858701 -0.114350890618
v 0.0263563455059 -0.137252360133 -0.107172455123
v 0.0340446487706 -0.14102113162 -0.111093151429
v 0.0273779227805 -0.137227774664 -0.0988668140231
v 0.0352578028625 -0.140853866434 -0.0989102335819
v 0.0304347132457 -0.135398880126 -0.089565317392
v 0.035885795862 -0.139288139604 -0.0935721361309
v 0.0221181068371 -0.129465115666 -0.0834521951468
v 0.0324250305253 -0.134208062357 -0.0835089881531
v 0.0370666519414 -0.136344001615 -0.0835345643232
v 0.0389693646018 -0.129729218735 -0.0685859492979
v 0.0498340389231 -0.136581657072 0.0827699159526
v 0.0532810725696 -0.137664076516 0.0816242925305
v 0.0525776031187 -0.132696838974 0.0712441387039
v 0.0456932367901 -0.132882214352 0.0787809933986
v 0.0386563467362 -0.133071696738 0.0864848277542
v 0.0489632704245 -0.137814643428 0.0864280347479
v 0.0536048918406 -0.139950582687 0.0864024585777
v 0.0478041522479 -0.139902860174 0.0952570116211
v 0.0541081264041 -0.14212027138 0.0929220886342
v 0.0386345448172 -0.13307256237 0.0865216241065
v 0.0469231153886 -0.141490097748 0.101967849405
v 0.0548029954706 -0.145116189518 0.101924429846
v 0.0474370287551 -0.141815432926 0.109137863485
v 0.0551416750898 -0.145316192383 0.105487088432
v 0.0480311430226 -0.142191539646 0.117426824116
v 0.0562723939993 -0.145983923798 0.117381413338
v 0.0517394890508 -0.139772110144 0.126932839383
v 0.0569087719952 -0.144035141484 0.122553677537
v 0.0448002602846 -0.134049430612 0.132811412134
v 0.054012947743 -0.138288841596 0.132760648566
v 0.0581617906664 -0.140198018515 0.132737787694
v 0.0591558041586 -0.134131381918 0.138837782742
v 0.0262349034389 -0.11951911725 -0.136703163583
v 0.0325548549699 -0.121602058143 -0.138902781194
v 0.0327724565178 -0.112705293325 -0.142522823933
v 0.0246616744452 -0.112816899964 -0.138599388625
v 0.0185055176272 -0.127575139639 -0.129822546387
v 0.0182596284518 -0.127877029433 -0.129199592858
v 0.0220912732752 -0.129432269386 -0.0834523415638
v 0.0221401049158 -0.129394314571 -0.0833811689801
v 0.0268220985009 -0.11432525883 -0.068264209831
v 0.0325332593117 -0.12131614536 -0.0682330469417
v 0.0390369091799 -0.129277097567 -0.0681975598442
v 0.0411400494421 -0.114530058381 -0.0565424633215
v 0.048399626427 -0.121562272846 0.0663272344723
v 0.0524513085014 -0.123720574941 0.0640874766103
v 0.0523586483 -0.116976557315 0.0587331223909
v 0.0466628882567 -0.117118670927 0.0644463358646
v 0.0403533856911 -0.117276097889 0.0707751725425
v 0.0460645465019 -0.124266984419 0.0708063354318
v 0.0525681963701 -0.132227936625 0.0708418225294
v 0.0434339516807 -0.127370565043 0.0763535029731
v 0.052573256174 -0.1324801549 0.0710582247112
v 0.0393076619575 -0.117304256099 0.0719200081679
v 0.0386295131743 -0.133038850458 0.0864846813372
v 0.0386223987038 -0.133048291081 0.0865089589452
v 0.0440646156531 -0.13314894675 0.132807398096
v 0.0607262412243 -0.118801322371 0.144713483002
v 0.0601972937513 -0.123964723335 0.142734456353
v 0.054752809671 -0.11876722192 0.142205872517
v 0.0253011228186 -0.105677176107 -0.138537625987
v 0.0329894260832 -0.109445947593 -0.142458322293
v 0.0338008238774 -0.0972570217816 -0.142217106489
v 0.026045691764 -0.0973637345775 -0.138465710029
v 0.028995852134 -0.0988612264504 -0.0685125510345
v 0.027170883916 -0.111844007565 -0.0683040569363
v 0.0420106711081 -0.0990473864033 -0.0578576459082
v 0.0417658503724 -0.103401147965 -0.0574878136596
v 0.0476522425865 -0.10756242337 0.0646490129989
v 0.0526270495655 -0.113144149035 0.0589435646981
v 0.0534397566556 -0.101539787278 0.0595807746411
v 0.0482623897134 -0.101668966582 0.0647740065097
v 0.0425271393242 -0.101812065509 0.070526831339
v 0.0407021711062 -0.114794846623 0.0707353254373
v 0.0394314147864 -0.116128358648 0.0719467572071
v 0.0409335623673 -0.101854975766 0.0722714447712
v 0.0546929685463 -0.109605583256 0.141493573361
v 0.061436779313 -0.106896080423 0.144118460025
v 0.0616496038862 -0.1033301519 0.143940235222
v 0.0546517183441 -0.103290203162 0.14100256514
v 0.0288518792146 -0.0880361040863 -0.136613073688
v 0.0343029618309 -0.0919253635639 -0.140619892427
v 0.0352471644821 -0.0818998998653 -0.137616546949
v 0.0306790255095 -0.0819627587405 -0.135406797312
v 0.020535272806 -0.0821023396265 -0.130499951443
v 0.0205095637777 -0.0821031425039 -0.13046667251
v 0.0407060437601 -0.0833628710616 -0.0688769326225
v 0.0376519253005 -0.0874049751362 -0.0687818987777
v 0.0420434464056 -0.0833820008561 -0.0677820346964
v 0.0420247521266 -0.0923171779562 -0.06212139065
v 0.0544569464735 -0.0871647295754 0.0693010790675
v 0.0549888445575 -0.0892258571835 0.06721488129
v 0.0553587113796 -0.0862857308121 0.0690376330928
v 0.0548266852132 -0.0862990052759 0.0695712895389
v 0.0542373309503 -0.0863137101199 0.070162449751
v 0.0511832124907 -0.0903558141945 0.0702574835959
v 0.0420892695518 -0.0992437192634 0.073122864272
v 0.0477344199147 -0.0864888140487 0.077281695478
v 0.046094370832 -0.0876761467368 0.132129993041
v 0.0515228446348 -0.0976581879304 0.137784570223
v 0.061942716655 -0.0943044094127 0.141000874391
v 0.0621549933031 -0.0877678318029 0.138872145345
v 0.0368724213991 -0.0669828730488 -0.130914955896
v 0.0205572708847 -0.0820315385313 -0.130428925276
v 0.0369421802096 -0.0665970078427 -0.130460751163
v 0.0307110835181 -0.0667916012063 -0.122394936932
v 0.0252392644698 -0.0669624827906 -0.115311966127
v 0.0256727067378 -0.0670143989228 -0.112835494462
v 0.0279406294466 -0.067286042424 -0.0998777218985
v 0.0369867083911 -0.0674998436548 -0.0885546370604
v 0.0401784324164 -0.0675752790483 -0.0845595180545
v 0.026730361727 -0.0816066071059 -0.0826887932876
v 0.0417681468431 -0.0748755889948 -0.0761408843455
v 0.0415248803271 -0.0675963813915 -0.0833716764143
v 0.0420114133591 -0.082154796598 -0.0689100922767
v 0.0420280735724 -0.0827930588599 -0.0683233956628
v 0.0555427005493 -0.0851056356564 0.0701292900969
v 0.0565193611863 -0.072386084134 0.084166659198
v 0.0578290074796 -0.0711519082632 0.0841597444742
v 0.0572789333671 -0.0711667201125 0.0847619536623
v 0.0567166723156 -0.0711818601196 0.0853775048465
v 0.0517037392394 -0.0713808956292 0.0938381202016
v 0.0474858220547 -0.0715483655082 0.10095694153
v 0.0475497884213 -0.0716178987311 0.104193777218
v 0.0477914097868 -0.0718805478878 0.116420337829
v 0.061935614629 -0.0726023168518 0.13127239729
v 0.0624223641978 -0.0723693418662 0.13149956745
v 0.0624117075972 -0.0721512818121 0.131248819223
v 0.0624315194251 -0.072556680159 0.131714988587
v 0.0622421591459 -0.082973012263 0.136616085063
v 0.0391514223319 -0.0550248300381 -0.115651909927
v 0.0401830163413 -0.0560383719249 -0.104535569956
v 0.0405865881356 -0.056434881515 -0.100186726101
v 0.0409695294392 -0.0607419939297 -0.093486561514
v 0.0414779309833 -0.0664602138803 -0.0845912713228
v 0.0415004622287 -0.0670054668467 -0.0840059810948
v 0.0580161708825 -0.0700667949516 0.0853457515782
v 0.0584239417832 -0.0682608635429 0.0882951545753
v 0.0601317807437 -0.0606972045993 0.100647937327
v 0.0613133481189 -0.0601301637043 0.112249056599
v 0.0617035676489 -0.0599428951353 0.116080394029
v 0.0620167005267 -0.0653413298119 0.122787730119
v 0.0420682903027 0.0678888313134 -0.121863790712
v 0.0461199723771 0.065730529218 -0.124103548573
v 0.0457249653066 0.0725404812182 -0.132564637677
v 0.0394938686151 0.0723458878545 -0.124498823446
v 0.0340220495668 0.0721750062703 -0.117415852641
v 0.0405448213092 0.0659508290597 -0.117405530533
v 0.0464331052548 0.0603320945414 -0.117396212484
v 0.0418485178059 0.066101088776 -0.107859426753
v 0.0468233247849 0.0605193631104 -0.113564875054
v 0.0344554918348 0.0721230901381 -0.114939380976
v 0.0367234145436 0.0718514466369 -0.101981608413
v 0.0426525236588 0.0661937558129 -0.101972225759
v 0.04800489216 0.0610864040054 -0.101963755782
v 0.0491808330365 0.070711190557 -0.0875247752524
v 0.0497127311206 0.068650062949 -0.0896109730298
v 0.045769493488 0.0716376454061 -0.0906585235747
v 0.0489612175134 0.0715622100125 -0.0866634045688
v 0.0495704926967 0.0709808257697 -0.0866624404074
v 0.0501205020213 0.0704559943577 -0.0866615700327
v 0.0503076654241 0.0715411076693 -0.0854755629286
v 0.0662730202022 0.0675738927488 0.0828765756075
v 0.0666362106751 0.0673946662528 0.0826901626404
v 0.0666117925766 0.0679855807976 0.0820558579599
v 0.0660617184641 0.0679707689483 0.0826580671479
v 0.0654994574126 0.0679556289412 0.0832736183321
v 0.0661087325959 0.0673742446984 0.0832745824935
v 0.0666587419204 0.0668494132864 0.0832754528683
v 0.0632784454557 0.0634354422417 0.0945550534341
v 0.0671671434645 0.0611311933358 0.0921707430596
v 0.0604865243364 0.0677565934317 0.0917342336873
v 0.0562686071517 0.0675891235526 0.0988530550156
v 0.0621977162669 0.0619314327286 0.0988624376693
v 0.0675500847681 0.0568240809211 0.0988709076467
v 0.0627463729464 0.0613831308947 0.108297642245
v 0.0679536565624 0.056427571331 0.103219751501
v 0.0563325735183 0.0675195903297 0.102089890704
v 0.0565741948838 0.067256941173 0.114316451315
v 0.0630969666262 0.0610327639625 0.114326773423
v 0.0689852505718 0.0554140294442 0.114336091472
v 0.0711944926942 0.0669862072488 0.129144932709
v 0.0424474801114 0.0844446311137 -0.136786280095
v 0.0458945137579 0.0833622116691 -0.137931903517
v 0.0459816796007 0.088157031209 -0.1401879638
v 0.0414135406281 0.0880941723338 -0.137978214163
v 0.0312697879246 0.0879545914478 -0.133071368294
v 0.0385665488994 0.0803680164673 -0.133050865469
v 0.0457051534787 0.0729458795651 -0.133030807042
v 0.0365750042127 0.0778681311295 -0.127520107643
v 0.045714308706 0.0727585412723 -0.132815385905
v 0.0312440788962 0.0879537885705 -0.133038089361
v 0.032937707468 0.0733024164548 -0.117418899483
v 0.0331000786621 0.0733227455108 -0.116244267977
v 0.0350709871132 0.0735695054638 -0.101986251491
v 0.0362855447712 0.0744197928823 -0.0993855754798
v 0.0422181552936 0.0785730943358 -0.0866823515809
v 0.0512432477494 0.0854898359984 -0.0726591951218
v 0.0514405588787 0.0866940600128 -0.0714483494734
v 0.0520235841167 0.0860878780782 -0.0714467112583
v 0.0525939723545 0.0854948350625 -0.0714451085513
v 0.0527779615241 0.0866749302182 -0.0703534515473
v 0.0657454088585 0.083361484762 0.0671939901756
v 0.0661085993314 0.083182258266 0.0670075772084
v 0.0660932264982 0.0837712002622 0.066466216242
v 0.0655612003318 0.0837579257985 0.066999872688
v 0.0649718460689 0.0837432209545 0.0675910329002
v 0.0655548713069 0.0831370390199 0.0675926711153
v 0.0661252595447 0.0825439960041 0.0675942738222
v 0.0612167666221 0.077923430049 0.0775865867107
v 0.0663685260607 0.0752647884009 0.074825065891
v 0.0584689350333 0.0835681170256 0.0747102786272
v 0.0587563951928 0.0749665132645 0.08325467132
v 0.0573538550017 0.0730493572432 0.0885372098972
v 0.0546161797213 0.0693071823795 0.0988484119378
v 0.0547100314836 0.0692080499679 0.10050969333
v 0.055489852785 0.0683843513576 0.114313404473
v 0.0566071466616 0.0692136549487 0.116288468307
v 0.0568288859505 0.0823807843376 0.12955857619
v 0.0641256469253 0.074794209357 0.129579079014
v 0.0712642515046 0.0673720724549 0.129599137442
v 0.0728895084216 0.0822890992714 0.136300728494
v 0.0398899820925 0.0969110200248 -0.139981769859
v 0.0461939562487 0.0946936088188 -0.142316692846
v 0.0464870690175 0.103719351306 -0.145256053676
v 0.0387319369041 0.10361263851 -0.141504657217
v 0.0312467398646 0.0879910138004 -0.133071611916
v 0.0312358398922 0.0879779971046 -0.133047237103
v 0.0416820972741 0.102115146637 -0.0715514982219
v 0.0461410996124 0.0950686813127 -0.0715043657404
v 0.0546969162482 0.101928986685 -0.0608965930956
v 0.0531478283463 0.0896150565896 -0.0685306997445
v 0.0622232227683 0.0950106262682 0.0631898825701
v 0.0661119207771 0.0927063773623 0.0608055721956
v 0.0661260017957 0.0994365858094 0.0565418274538
v 0.0609486348534 0.0993074065057 0.0617350593224
v 0.0552133844643 0.0991643075791 0.0674878841516
v 0.0596723868027 0.0921178422544 0.0675350166331
v 0.056826243658 0.0888369492564 0.0728546244652
v 0.0536198075073 0.0991213973217 0.0692324975839
v 0.0568058378906 0.0824172066902 0.129558332568
v 0.0743358490263 0.0976462211877 0.140901288035
v 0.0738337110728 0.09231456297 0.139304073972
v 0.0673379634842 0.0976861699257 0.137963617952
v 0.0389952472561 0.110786039286 -0.141783503427
v 0.0466998935908 0.107285279829 -0.14543427848
v 0.0474104316794 0.119190521777 -0.146029301457
v 0.0392996496068 0.119078915138 -0.142105866149
v 0.0414600736625 0.117570556271 -0.0717706873549
v 0.0416356227522 0.105350310537 -0.0715973794238
v 0.0557780246038 0.117365756721 -0.0600489408454
v 0.0555096233383 0.113533348441 -0.0602593831525
v 0.0611635389153 0.108745906934 0.0612498859493
v 0.0663708225313 0.103790347371 0.0561719952051
v 0.0669966234616 0.114919257787 0.055226644867
v 0.0613008634183 0.114777144175 0.0609398583408
v 0.0549913608528 0.114619717213 0.0672686950186
v 0.0551669099424 0.102399471479 0.0674420029497
v 0.0536548087962 0.100783233994 0.0691445224662
v 0.0539456371191 0.114591559003 0.068413530644
v 0.0685787447755 0.107019992317 0.138408341692
v 0.0751472468205 0.109835147 0.141142503839
v 0.075364216386 0.113094492731 0.141207005479
v 0.0693907848326 0.113128593182 0.138699394993
v 0.0427700962081 0.128616954081 -0.139671112961
v 0.0479393791525 0.124353922741 -0.144050274807
v 0.0489808687451 0.134520581324 -0.140153601197
v 0.0448977069896 0.134464395872 -0.13817844999
v 0.0358308674418 0.134339633613 -0.13379254021
v 0.035126052004 0.134317622655 -0.132880195133
v 0.0387078120203 0.133350141449 -0.0874262030071
v 0.055076667161 0.13263637932 -0.072601213326
v 0.0555634167298 0.132869354306 -0.0723740431656
v 0.055559069785 0.13308603838 -0.0725599571583
v 0.0555684765336 0.132617136031 -0.0721576409838
v 0.0556853644024 0.124109774347 -0.0654032950648
v 0.0690997637238 0.129666296973 0.0668817413897
v 0.0550243126305 0.116576430988 0.0692407120112
v 0.0691673083019 0.130118418141 0.0672701308435
v 0.0622829419733 0.129933042763 0.0748069855382
v 0.0552460519194 0.129743560377 0.0825108198938
v 0.0552242500004 0.129742694745 0.0825476162461
v 0.0613899654678 0.128765826503 0.128837404273
v 0.0652826363187 0.11886065828 0.134593736179
v 0.0755818179339 0.121991257549 0.137586962739
v 0.0757455093418 0.128683875197 0.134863774882
v 0.0499748822374 0.140587217921 -0.134053606149
v 0.0512279009085 0.14442434089 -0.123869495991
v 0.0459788659232 0.143773464315 -0.118588600624
v 0.0518642789045 0.146373123204 -0.118697231793
v 0.0529949978139 0.145705391789 -0.106802906886
v 0.0462511870473 0.142995888956 -0.10942779355
v 0.0464389058026 0.142459883976 -0.103112986696
v 0.0533336774332 0.145505388924 -0.103240248301
v 0.0540285464996 0.142509470786 -0.0942379070887
v 0.0436086744794 0.139155692268 -0.0974542112568
v 0.0545317810632 0.140339782093 -0.0877182770322
v 0.0548556003342 0.138053275922 -0.082940110985
v 0.0710700209623 0.136733201021 0.0822187458688
v 0.0722508770417 0.13967733901 0.0922563176764
v 0.0659840984106 0.138197560892 0.0977216767327
v 0.0728788700413 0.14124306584 0.0975944151275
v 0.0740920241331 0.141410331026 0.109777332975
v 0.0675235220881 0.138595176344 0.107043170828
v 0.0685310112402 0.138855399218 0.113143703332
v 0.0744164242215 0.141455058107 0.113035072163
v 0.0750542065902 0.137778849562 0.121904377307
v 0.0647550249751 0.134648250294 0.118911150747
v 0.0755339802633 0.135013410811 0.128576338335
v 0.0756397448026 0.131848643004 0.131720056608
v 0.0470054534957 -0.1458221042 -0.116137682433
v 0.0486362856055 -0.146192651195 -0.116536987205
v 0.0478471644604 -0.143913332739 -0.126025174672
v 0.0433733454255 -0.144068231349 -0.11952939619
v 0.0398268270633 -0.144191023702 -0.11438001543
v 0.0468606858505 -0.146150397832 -0.114437111776
v 0.0488096139779 -0.146693297465 -0.114452931923
v 0.0484120737501 -0.146232028047 -0.100770048589
v 0.050107538421 -0.146717188043 -0.101285914185
v 0.0409612649161 -0.144333211851 -0.10760560059
v 0.0424116701468 -0.144515002714 -0.098944353351
v 0.0486135990901 -0.146242631815 -0.0989946966252
v 0.050332017689 -0.146721319978 -0.0990086456432
v 0.0517238911592 -0.144758750947 -0.0861902588762
v 0.0682317145278 -0.150261848977 0.100294661932
v 0.0697129027146 -0.150612272904 0.0999180067906
v 0.068767538798 -0.148475548945 0.0889400304888
v 0.0645822071514 -0.148660998408 0.0968983028617
v 0.0619568627549 -0.148777325798 0.101890310077
v 0.0681587916982 -0.150504954899 0.101839966803
v 0.0698772102971 -0.150983643063 0.101826017785
v 0.0692542123516 -0.150997186882 0.115340317864
v 0.0711229457265 -0.151510383791 0.114793451611
v 0.0621454941145 -0.14892558327 0.108799922749
v 0.0623789723803 -0.149109088799 0.117352288526
v 0.0694128311675 -0.151068462929 0.11729519218
v 0.0713617592949 -0.151611362562 0.117279372033
v 0.0726442654968 -0.149320967153 0.128774946284
v 0.0419867706906 -0.133839178799 -0.135584759851
v 0.0473265944113 -0.135178228036 -0.137018987587
v 0.0470892261355 -0.128075512108 -0.144074461864
v 0.0382658301907 -0.128207078288 -0.139335092263
v 0.0385825606283 -0.137684529799 -0.129920677267
v 0.0475639626871 -0.142280943965 -0.12996351331
v 0.0376876165792 -0.139082819815 -0.124999802491
v 0.0476442200632 -0.142743551378 -0.128847416042
v 0.0357526953446 -0.142106004389 -0.114360584201
v 0.036015031708 -0.142101330285 -0.112213210414
v 0.0376388176924 -0.142072398933 -0.0989215896321
v 0.0386309055038 -0.141486820071 -0.0958319598181
v 0.0425711997009 -0.139161065269 -0.0835608178014
v 0.052027921988 -0.144000734175 -0.0836059208439
v 0.0460478507808 -0.136805022902 -0.0754263699827
v 0.0522182266381 -0.143339139827 -0.0821107970604
v 0.0393726259897 -0.129736296409 -0.068195035235
v 0.0491186459667 -0.13472401926 -0.0682415180586
v 0.0539806060459 -0.137212225671 -0.0682647067687
v 0.0559239102048 -0.13000213819 -0.0532945531089
v 0.0636161643212 -0.136335845266 0.0669969160918
v 0.0671815126587 -0.137550241871 0.0657163792835
v 0.0665192497739 -0.132312719689 0.055576794385
v 0.0597115814769 -0.132499927578 0.0632105707618
v 0.0529039131799 -0.132687135467 0.0708443471385
v 0.0626499331569 -0.137674858318 0.0707978643149
v 0.0675118932361 -0.140163064729 0.0707746756048
v 0.0608215182002 -0.140304923771 0.0788429774705
v 0.0678821887292 -0.142777742129 0.0762386288367
v 0.0527473152073 -0.132691792233 0.0710362092845
v 0.0591094396 -0.14276764634 0.0863762050996
v 0.0685661618872 -0.147607315246 0.0863311020571
v 0.0585233885631 -0.143853372209 0.0911052273558
v 0.0686141584566 -0.147814251776 0.0869529191962
v 0.0571840103005 -0.146334722017 0.101913073796
v 0.057358323946 -0.146441930632 0.104317231486
v 0.0583048406616 -0.147024069487 0.117371719755
v 0.0593819410966 -0.146329157944 0.120202042554
v 0.0641416586542 -0.14325833691 0.132709267216
v 0.073123060713 -0.147854751075 0.132666431174
v 0.0753539338433 -0.13423934577 0.14635670314
v 0.0721146743799 -0.134217755443 0.144853089172
v 0.0459502308083 -0.114246920174 -0.147502853297
v 0.0475810629181 -0.114617467168 -0.147902158069
v 0.0476678703396 -0.112529167068 -0.148389829532
v 0.0457377140161 -0.112547971776 -0.147816041059
v 0.0387716043759 -0.112615839675 -0.145745186294
v 0.0424923053827 -0.117705074245 -0.145717206415
v 0.0471858502306 -0.124124980238 -0.145681910695
v 0.0371600052355 -0.123295227802 -0.140682387923
v 0.0471166087195 -0.126955959365 -0.144530001474
v 0.0347691471816 -0.112675520552 -0.143595319726
v 0.0392241751488 -0.129533242966 -0.0681961515936
v 0.0395418599772 -0.129285207936 -0.0677429721377
v 0.0450539363708 -0.114592922063 -0.0530189420366
v 0.049889090273 -0.121206523194 -0.0529825814093
v 0.0559884816635 -0.129549368658 -0.0529367136454
v 0.0582162229587 -0.114829501875 -0.0400012917235
v 0.0623442462016 -0.121178801924 0.0506904401436
v 0.0663349019038 -0.123709558544 0.0480761797509
v 0.0661786670416 -0.11656591399 0.0418160026631
v 0.0606075080313 -0.116735200005 0.048809541536
v 0.055578270852 -0.116888019108 0.0551227998094
v 0.0604134247543 -0.12350162024 0.0551591604368
v 0.0665128161448 -0.131844465704 0.0552050282007
v 0.0576065646532 -0.12679394687 0.0609078163953
v 0.0665164048831 -0.132105662146 0.0554124028471
v 0.053968459576 -0.116932288211 0.0569279611002
v 0.0527554623391 -0.132484082024 0.0708432307799
v 0.0526950247399 -0.132556378075 0.0709794616278
v 0.0673376551108 -0.118845388798 0.147782398717
v 0.0710583561176 -0.123934623368 0.147810378596
v 0.0757519009655 -0.130354529362 0.147845674315
v 0.0767270196607 -0.118866248797 0.150204540472
v 0.0468292397191 -0.0988692520072 -0.147817804885
v 0.0485247043899 -0.0993544120036 -0.148333670481
v 0.0486728959749 -0.0970758052723 -0.148323957633
v 0.0469710289443 -0.0970923858527 -0.147818034006
v 0.0408288361158 -0.0971522266744 -0.145992109647
v 0.0396744837703 -0.105829157713 -0.145853556199
v 0.0349598090207 -0.110526146258 -0.143578381277
v 0.0361399504923 -0.097222142926 -0.143473537192
v 0.0471111681106 -0.0991293090619 -0.0532658653894
v 0.0455646748176 -0.110753849617 -0.0530802444399
v 0.0590755042038 -0.0993443568328 -0.0414330016655
v 0.0588956373656 -0.102585745021 -0.0411333126615
v 0.0615968623612 -0.107178952448 0.0490122186702
v 0.0663539537872 -0.114089433862 0.0419707082281
v 0.067271115818 -0.101131617019 0.0427801822686
v 0.062207009488 -0.101285495661 0.0491372121811
v 0.0576355025919 -0.101424406107 0.0548758764566
v 0.0560890092989 -0.113048946662 0.0550614974062
v 0.0541561797658 -0.115083978089 0.0569638937713
v 0.0555376296237 -0.101482096693 0.0572283255489
v 0.0693948868506 -0.103381775798 0.147535475364
v 0.0682405345051 -0.112058706836 0.147674028812
v 0.077673724047 -0.103400168579 0.149671138236
v 0.0768793122782 -0.116378281198 0.150118734149
v 0.0497021265461 -0.0842619567831 -0.14628467619
v 0.0370480714727 -0.094124044031 -0.142879716114
v 0.0499452270557 -0.0816807361828 -0.145511415476
v 0.0406548729959 -0.081819265203 -0.140521225544
v 0.0577772025114 -0.0836347117447 -0.0536175415621
v 0.0557213894175 -0.0866212008984 -0.0535497581241
v 0.0590066575484 -0.0836568100512 -0.0524015966243
v 0.0590440456184 -0.0921761359987 -0.0464449587292
v 0.0684015662481 -0.0867812586538 0.0536642847388
v 0.0687647087594 -0.089872330766 0.0505424791292
v 0.0692916924951 -0.0858997217868 0.0532812468908
v 0.0687713049879 -0.0859155343542 0.0539344952102
v 0.0683015369927 -0.0859298087901 0.054524200284
v 0.0662457238987 -0.0889162979438 0.0545919837219
v 0.0569168735892 -0.0981122173267 0.0582262022723
v 0.0618301241862 -0.0861077698011 0.0617809166884
v 0.0772739081533 -0.0888743020426 0.146232717515
v 0.0783328768607 -0.0884992291865 0.146594095699
v 0.0783531229877 -0.0878757956552 0.146391065743
v 0.0766530523179 -0.0878644643359 0.145601919324
v 0.078268177281 -0.0904915059063 0.14724290882
v 0.0777617439464 -0.101488800072 0.149311593537
v 0.043937405406 -0.0736546548486 -0.138156711711
v 0.0501077812634 -0.0801887717744 -0.144841138788
v 0.0516131684836 -0.066371939925 -0.138633818936
v 0.0468367428692 -0.0664431614906 -0.136068225541
v 0.0372621806149 -0.0665859283561 -0.130925376963
v 0.0371206794215 -0.0665908276017 -0.13071992377
v 0.0560558746487 -0.0678514160886 -0.0692856017254
v 0.0433312143596 -0.0821759948473 -0.067721926394
v 0.0587656616645 -0.0748674660368 -0.0605981023022
v 0.0585835852638 -0.0678920154211 -0.0670100014547
v 0.0589629858426 -0.0824270676893 -0.0536492460779
v 0.0589845824581 -0.0830352022338 -0.0530322560841
v 0.0694873203239 -0.0847221647347 0.0544924957682
v 0.069409208577 -0.0728961766544 0.0676457368344
v 0.0716664948012 -0.0707450744034 0.0674221213847
v 0.07062682832 -0.0707736647751 0.0685879510164
v 0.0695871618389 -0.0708022551469 0.0697537806481
v 0.0639443596287 -0.0709700555786 0.0766672810186
v 0.0628212786409 -0.0721597354663 0.13170456752
v 0.0698441580319 -0.0805355016286 0.138953223712
v 0.0785372352445 -0.0777481468198 0.141625800627
v 0.0786369115813 -0.0722651498994 0.139045938866
v 0.0532983123088 -0.0514369805805 -0.131337157399
v 0.0374314146025 -0.0661348398829 -0.130473313866
v 0.0533661413494 -0.0510816869208 -0.130882490396
v 0.0475522897324 -0.0512829819501 -0.122441046535
v 0.042943490996 -0.0514425540098 -0.115749283765
v 0.0435852168241 -0.0515229866292 -0.111917150552
v 0.0455283340795 -0.0517665330222 -0.100313621685
v 0.0545644728607 -0.0520030547771 -0.0879376517046
v 0.0567219798241 -0.0520595277182 -0.084982712426
v 0.0428036030159 -0.066388402834 -0.083404511826
v 0.0582380503208 -0.0590798740236 -0.0762806877342
v 0.057948841467 -0.0520810604696 -0.0837934156475
v 0.0585049112177 -0.0655378701666 -0.069348488796
v 0.0585442482408 -0.0667149427938 -0.0681792451254
v 0.072036198408 -0.0684887092249 0.0696908935775
v 0.0729742459308 -0.0568445658988 0.0837708406527
v 0.0742529686195 -0.0556365873413 0.083738005241
v 0.0737366453165 -0.055651941286 0.0843705989797
v 0.0732602197232 -0.0556661087896 0.084954310475
v 0.0685907175321 -0.0558730115504 0.0938332174339
v 0.0650735266876 -0.0560288561065 0.100521041743
v 0.0651922248467 -0.0561221485951 0.104868984238
v 0.065495636313 -0.056360619107 0.115983020191
v 0.0783464343442 -0.05709812885 0.130839642692
v 0.0788477964031 -0.0568450427769 0.131086855752
v 0.0788356687371 -0.0566359608902 0.13082707999
v 0.0788574103347 -0.0570107876907 0.131292787084
v 0.0787102999713 -0.0671880550644 0.136465464748
v 0.0556562585637 -0.0382282803148 -0.116093022515
v 0.0567851919909 -0.0394353769676 -0.103863654389
v 0.0570840636133 -0.0397549413691 -0.100626075446
v 0.0574612115874 -0.044813359959 -0.0934927150251
v 0.0579094464557 -0.0508252167006 -0.0850148201708
v 0.0579293597707 -0.0514600182073 -0.0843974269481
v 0.0744476863549 -0.0544317977719 0.0849222027302
v 0.0750166584958 -0.0517155981168 0.0889090231744
v 0.0766292562213 -0.0440172644534 0.100208587983
v 0.0779550248117 -0.0432860870344 0.113163379507
v 0.0782084038808 -0.043146345412 0.115639281441
v 0.0785016880388 -0.0494535543648 0.122740493417
v 0.056540521421 0.0524847102218 -0.121817999608
v 0.0605311771232 0.0499539536012 -0.124432260001
v 0.0601971964249 0.0571363601266 -0.132518846574
v 0.0543833448078 0.0569350650972 -0.124077402713
v 0.0497745460714 0.0567754930376 -0.117385639942
v 0.0550170524275 0.0505467079681 -0.117359739429
v 0.0608244612812 0.0436467446485 -0.117331048025
v 0.0563207489242 0.0506969676844 -0.10781363565
v 0.0610778403502 0.0437864862708 -0.114855146092
v 0.0504162718995 0.0566950604181 -0.11355350673
v 0.0523593891549 0.0564515140251 -0.101949977863
v 0.0571247547771 0.0507896347213 -0.101926434656
v 0.0624036089406 0.0445176636898 -0.101900354567
v 0.0636530641549 0.0553070694654 -0.087478984149
v 0.0640162066662 0.0522159973532 -0.0906007897587
v 0.0613955279362 0.0562149922702 -0.0895740078824
v 0.0635530348995 0.0561585193291 -0.0866190686038
v 0.0640427238151 0.0555767046781 -0.0866166493041
v 0.0645851788071 0.0549321970083 -0.0866139693145
v 0.0647798965424 0.0561369865777 -0.0854297718253
v 0.0807452513205 0.0521697716572 0.0829223667109
v 0.0811035053913 0.0519604174437 0.0827056603638
v 0.081084023695 0.052581459706 0.0821016490632
v 0.0805677003919 0.0525661057613 0.0827342428019
v 0.0800912747986 0.0525519382578 0.0833179542972
v 0.0805809637142 0.0519701236068 0.0833203735969
v 0.0811234187063 0.051325615937 0.0833230535865
v 0.077750676574 0.0480313211501 0.0946008445374
v 0.0815716535746 0.0453137591954 0.0918009484408
v 0.0754217726076 0.0523450354969 0.0921968612561
v 0.071904581763 0.0521891909409 0.0988846855652
v 0.0766699473852 0.046527311637 0.0989082287726
v 0.0819488015487 0.0402553406055 0.0989343088614
v 0.0772186040647 0.0459790098031 0.108343433349
v 0.0822476731711 0.039935776204 0.102171887805
v 0.0720232799221 0.0520958984522 0.10323262806
v 0.0723266913885 0.0518574279403 0.114346664014
v 0.0775691977445 0.0456286428709 0.114372564527
v 0.0833766065982 0.0387286795512 0.114401255931
v 0.0856667238125 0.0515820861572 0.129190723812
v 0.0567572168532 0.0689028509057 -0.136876694524
v 0.0603225651907 0.0676884543008 -0.138157231332
v 0.0603959535806 0.0727655491358 -0.14073770545
v 0.0556195279662 0.0726943275703 -0.138172112055
v 0.0460449657119 0.0725515607048 -0.133029263477
v 0.0531102102696 0.0650313738159 -0.133006908573
v 0.0601754548272 0.0575111869271 -0.132984553668
v 0.0512752285289 0.0626571572892 -0.127283208788
v 0.0601850687588 0.0573454420133 -0.132778622337
v 0.0459034645185 0.0725466614592 -0.132823810284
v 0.0481038256631 0.0585537937895 -0.117390926213
v 0.0483524549852 0.0585795340571 -0.11554454598
v 0.0501821406575 0.0587689590153 -0.101956866822
v 0.0516407601522 0.0597637028058 -0.0985996520475
v 0.0568367684604 0.0633072568434 -0.0866403193182
v 0.0646607064837 0.0691921514648 -0.0734975320534
v 0.0648386597457 0.0712860729723 -0.0713894882397
v 0.0659176632498 0.0701375907168 -0.0713860742007
v 0.066996666754 0.0689891084613 -0.0713826601618
v 0.0673663703608 0.0712454736398 -0.069113887969
v 0.0797823935928 0.0675886393248 0.0668749504053
v 0.0804886169212 0.0672153420302 0.0664874785411
v 0.0804492798982 0.0683924146575 0.0653182348704
v 0.079409613417 0.0683638242857 0.0664840645021
v 0.0783699469359 0.0683352339139 0.0676498941338
v 0.0794489504401 0.0671867516584 0.0676533081728
v 0.0805279539442 0.066038269403 0.0676567222118
v 0.0756024825622 0.0624460165565 0.0775598593298
v 0.0807948148412 0.05958027326 0.0745889211499
v 0.0727271447256 0.0681674334822 0.0745633945042
v 0.0733750083595 0.0597006757721 0.0832967035827
v 0.0720863630035 0.0578657329255 0.0888011694822
v 0.0697273332656 0.054506635931 0.098877796606
v 0.0698623160796 0.0543800445725 0.101125516749
v 0.0706559709802 0.0536357286922 0.114341377743
v 0.072188491571 0.0547491332928 0.117263937331
v 0.0716040637379 0.0669777535945 0.129600681006
v 0.0786693082955 0.0594575667057 0.129623035911
v 0.0857345528532 0.0519373798169 0.129645390815
v 0.0874196966783 0.0668723391614 0.136942052352
v 0.0534349593885 0.0807213644143 -0.140713218577
v 0.0604956299175 0.0782485460562 -0.143317567211
v 0.0606797421743 0.0883761948916 -0.148082832327
v 0.0513893881144 0.0882376658713 -0.143092642395
v 0.0458818879735 0.0727407964699 -0.133030004242
v 0.0458360772719 0.0726823180971 -0.132894148988
v 0.058962367688 0.0781049351574 -0.0714161807297
v 0.0682257438376 0.0852437622204 -0.0573724282351
v 0.06851171763 0.0864222193296 -0.0561889584129
v 0.0690078569284 0.0858464982001 -0.056186704748
v 0.0695455448381 0.0852225639711 -0.0561842623525
v 0.0697411726669 0.0864001210232 -0.0549730134751
v 0.0796900286331 0.0837449556837 0.0515571958469
v 0.0800482827039 0.0835356014702 0.0513404894998
v 0.0800262076136 0.0841572092876 0.05070983004
v 0.0795058201064 0.0841413967201 0.0513630783594
v 0.0790360521113 0.0841271222842 0.0519527834332
v 0.0795321914097 0.0835514011548 0.0519550370981
v 0.0800698793193 0.0829274669257 0.0519574794936
v 0.0750748712185 0.0782336085697 0.0618772738978
v 0.0802672034975 0.0753678652732 0.0589063357179
v 0.0725646393047 0.0839491612732 0.0592094998376
v 0.0724936548782 0.075154096099 0.0676232016439
v 0.0705862778059 0.0728294817122 0.0723034400339
v 0.0714409859995 0.0671669893597 0.129599940241
v 0.0890876381062 0.0821811354192 0.143819648892
v 0.0889250838986 0.0806891710108 0.143149372204
v 0.0873875674364 0.0821924667384 0.143030502473
v 0.0597899330288 0.102339623235 -0.150626704979
v 0.0612711212155 0.101989199308 -0.151003360121
v 0.061359141115 0.103900567816 -0.15136290482
v 0.0596572740844 0.103883987235 -0.150856981194
v 0.0535150812558 0.103824146413 -0.149031056834
v 0.0563096223571 0.0988776400018 -0.148993904216
v 0.060764687881 0.0909919051427 -0.148934675405
v 0.0506092184077 0.0929605079898 -0.144133554124
v 0.0606999883012 0.0889996284229 -0.148285862283
v 0.0488261956324 0.103754230162 -0.146512484379
v 0.0597974132507 0.101847064026 -0.0563048125768
v 0.0635412780134 0.0952201974379 -0.0562550389743
v 0.0717617493439 0.101632016255 -0.0444719488528
v 0.0702681564025 0.0903727300024 -0.0522342457135
v 0.0761678425429 0.0953940971899 0.0475530882415
v 0.0799888195435 0.0926765352351 0.0447531921449
v 0.0799573609581 0.0998447560692 0.0397412350812
v 0.0748932546281 0.0996908774273 0.0460982649937
v 0.070321747732 0.0995519669806 0.0518369292693
v 0.0740656124947 0.0929251003925 0.0518867028717
v 0.0710311403161 0.0894409169519 0.0574359986182
v 0.0682238747638 0.099494276395 0.0541893783615
v 0.0820811319907 0.0975945972903 0.144496528176
v 0.084875673092 0.0926480908787 0.144533680795
v 0.0893307386159 0.0847623560195 0.144592909606
v 0.0903599691871 0.0975762045087 0.146632191048
v 0.0602848195088 0.117391877343 -0.151263634479
v 0.0621535528837 0.116878680434 -0.151810500733
v 0.0623058455012 0.119366648033 -0.151896307056
v 0.0603756891778 0.119347843326 -0.151322518582
v 0.0534095795376 0.119279975426 -0.149251663818
v 0.0534679348954 0.11073101104 -0.149129641166
v 0.0489165424469 0.10615954158 -0.146604135425
v 0.0494071223433 0.11922029455 -0.14710179725
v 0.0596919115324 0.117302893039 -0.0565254195605
v 0.0597677459344 0.106193277286 -0.0563668477479
v 0.0728541981204 0.117066313226 -0.0435077692474
v 0.0726789113748 0.114589833098 -0.0436624748124
v 0.0751081586899 0.109129377856 0.0456130916206
v 0.0801372277963 0.103086144257 0.0394415460772
v 0.0808166422033 0.115329901112 0.0383095251392
v 0.075245483193 0.115160615096 0.0453030640121
v 0.0702162460137 0.115007795993 0.0516163222856
v 0.0702920804157 0.103898180241 0.0517748940981
v 0.0682794820485 0.101742820612 0.0540777604535
v 0.0686064347377 0.11496352689 0.0534214835763
v 0.0819756302725 0.113050426303 0.144275921193
v 0.0820339856303 0.104501461916 0.144397943845
v 0.0913649948224 0.113029566305 0.146698062948
v 0.0905081607721 0.09985481124 0.146641903896
v 0.0632809641965 0.130854928598 -0.1495374409
v 0.0504125482538 0.122059906281 -0.146401909789
v 0.0636789313187 0.134739745007 -0.148048469724
v 0.0548555353739 0.134608178827 -0.143309100123
v 0.0559623311729 0.133078960706 -0.0721690430954
v 0.0720150982199 0.132352975309 -0.0573513824914
v 0.0725164602788 0.132606061382 -0.0571041694314
v 0.072513615388 0.132813118925 -0.0572685609693
v 0.0725200490172 0.13234486494 -0.056896794785
v 0.0726979632582 0.124209957781 -0.0497679463352
v 0.0830443834985 0.130049767895 0.0512449470611
v 0.0700780461963 0.117899501346 0.0545335956031
v 0.0831089549571 0.130502537426 0.0516027865247
v 0.0763012866601 0.130315329537 0.0592365629014
v 0.0694936183631 0.130128121648 0.0668703392781
v 0.0693370203905 0.130123464882 0.0670622014242
v 0.090090509073 0.126845508472 0.142251285035
v 0.0919162564425 0.127456358601 0.14283823489
v 0.0919436390265 0.128575911345 0.14238269528
v 0.0887043795631 0.128597501672 0.140879081311
v 0.0918470149314 0.124625379475 0.143990144111
v 0.0914518022439 0.115117866405 0.146210391485
v 0.0627231805252 0.146801739579 -0.134297286327
v 0.065909804449 0.148355150311 -0.134358197758
v 0.0663885996651 0.149821366389 -0.130466712869
v 0.0619147806303 0.149666467779 -0.123970934387
v 0.0583682622681 0.149543675427 -0.118821553627
v 0.0595027001209 0.149401487277 -0.112047138786
v 0.0609531053516 0.149219696414 -0.103385891548
v 0.0693597379979 0.147939578156 -0.089006063965
v 0.0704187067053 0.148314651012 -0.0886446857805
v 0.0702653263639 0.148975948182 -0.0906317970731
v 0.0687942574798 0.147292433072 -0.0879909003048
v 0.0704667032748 0.148107714483 -0.0880228686413
v 0.0711506764328 0.143278141366 -0.077930395421
v 0.0624575992202 0.140490786557 -0.0806029723361
v 0.0715209719259 0.140663463965 -0.0724664421891
v 0.0718513525033 0.138050641108 -0.0674081458678
v 0.0850522591161 0.137712624907 0.0665729401845
v 0.0868146385238 0.143839539064 0.0804190304761
v 0.0853324973789 0.143685852001 0.0819461225962
v 0.0870049431739 0.144501133412 0.0819141542596
v 0.0873089740028 0.145259150183 0.0844984922919
v 0.0831236423562 0.14507370072 0.0924567646648
v 0.0804982979597 0.14495737333 0.0974487718805
v 0.0806869293193 0.144809115858 0.104358384552
v 0.0809204075851 0.144625610329 0.112910750329
v 0.0895628977293 0.142633100486 0.126568699603
v 0.0913886450988 0.143243950615 0.127155649458
v 0.0911857007016 0.144413731976 0.124333408088
v 0.0882822785512 0.141227932468 0.128332658156
v 0.0914689024749 0.142781343201 0.128271746725
v 0.0917062707507 0.135678627273 0.135327221003
v 0.0799307449842 0.132871543863 0.132683447395
v 0.0676711058671 0.152111761799 -0.118971138618
v 0.0679099194355 0.152010783027 -0.116485218195
v 0.0691556548649 0.151484042299 -0.103517784369
v 0.0693199624474 0.15111267214 -0.101609773375
v 0.088700847473 0.147221719215 0.097316879059
v 0.088925326741 0.14721758728 0.0995941476003
v 0.0902232511841 0.147193696701 0.112761165338
v 0.0903965795565 0.146693050431 0.114845220621
v 0.0609344521425 -0.14545186691 -0.131787570655
v 0.0625954509162 -0.145720406346 -0.132084519467
v 0.0623728571912 -0.143656579457 -0.135691212205
v 0.0587341464608 -0.143707506708 -0.133891257209
v 0.050829361081 -0.143818141769 -0.129981010149
v 0.06029820678 -0.146245970988 -0.130060884674
v 0.0627190829473 -0.146866688031 -0.130081305995
v 0.0593182747218 -0.148422591111 -0.118953696899
v 0.0635646519771 -0.149309052054 -0.119914403839
v 0.0494512606819 -0.143862130389 -0.128152982308
v 0.0589287254386 -0.149287856006 -0.11453829177
v 0.0640082131332 -0.150590245868 -0.11458113983
v 0.060116987753 -0.149347511064 -0.104095621162
v 0.0649092098171 -0.150606830294 -0.105440824012
v 0.0606858918648 -0.149376072105 -0.0990959858334
v 0.0655306168443 -0.150618268381 -0.0991368535505
v 0.0636721383075 -0.147937280953 -0.086927052916
v 0.0667451210756 -0.148905793473 -0.0879519396198
v 0.0537417112345 -0.144807506504 -0.0836151037646
v 0.0644626948364 -0.147556386154 -0.0837055407093
v 0.067203701979 -0.148259185359 -0.0837286624974
v 0.068756378675 -0.145048667605 -0.0700979783913
v 0.0812767286417 -0.150640490093 0.083903802938
v 0.0835157916649 -0.151093809763 0.0834114482857
v 0.0826312435405 -0.148074432457 0.072471801874
v 0.0764555973371 -0.148244260016 0.0793968605052
v 0.0702799511337 -0.148414087575 0.0863219191364
v 0.0810009347356 -0.151162967225 0.0862314821917
v 0.0837419418781 -0.15186576643 0.0862083604036
v 0.0804466459378 -0.152945264454 0.0973965945684
v 0.0846209706279 -0.153852558772 0.0964160239442
v 0.0696678898366 -0.148438960505 0.0873814480708
v 0.0802310844729 -0.153638395189 0.101738677595
v 0.0850758094524 -0.154880591465 0.101697809878
v 0.0810695362649 -0.154019134781 0.112107292745
v 0.0859492154445 -0.15524989822 0.110789495109
v 0.0814808707556 -0.154205921103 0.117194012186
v 0.0865603584502 -0.155508310965 0.117151164126
v 0.0850124231996 -0.15228042901 0.129600868176
v 0.0878378988465 -0.153226783862 0.128602228037
v 0.076388459107 -0.149391948879 0.132648934335
v 0.0858573048059 -0.151819778099 0.132569059809
v 0.0882781809733 -0.152440495141 0.132548638489
v 0.0890147650243 -0.149466520605 0.138065035688
v 0.0604068407988 -0.129664274896 -0.147470156087
v 0.0620678395725 -0.129932814332 -0.147767104899
v 0.0620859460124 -0.127921478197 -0.14890050727
v 0.0596865559985 -0.127943686348 -0.148241436986
v 0.0503017497373 -0.128030549756 -0.145663595581
v 0.0583366396504 -0.131813002504 -0.145706648574
v 0.0620352397691 -0.133554131547 -0.145726466618
v 0.0539795587679 -0.136710785742 -0.13866903151
v 0.0622040484801 -0.138605355502 -0.140708839412
v 0.0481018694448 -0.128061339193 -0.144575384448
v 0.0485932730504 -0.142765495447 -0.129969028618
v 0.048434278258 -0.143010098115 -0.129128598354
v 0.0525681381636 -0.144255042844 -0.0836088154602
v 0.0529195131984 -0.144015054647 -0.082803255702
v 0.0592487327034 -0.139692214864 -0.0682929347374
v 0.0689794944716 -0.144273005266 -0.0683450746451
v 0.0630439787515 -0.137039548262 -0.0601281766217
v 0.0691883861686 -0.143497970951 -0.0667358871244
v 0.0563547470315 -0.130008457552 -0.0529345607543
v 0.0663628790125 -0.134719820959 -0.0529881868825
v 0.0709697969086 -0.136888543798 -0.0530128719256
v 0.0729049667847 -0.130280839033 -0.0377307460404
v 0.0777232784724 -0.135814715228 0.0514963272953
v 0.0811650733173 -0.136929107987 0.0503185547489
v 0.0804343854523 -0.131922819015 0.0396370391867
v 0.0735824763394 -0.132115272509 0.0475074047413
v 0.0668790815127 -0.132303554597 0.0552071810918
v 0.0768872134938 -0.137014918005 0.0551535549636
v 0.0814941313898 -0.139183640843 0.0551288699204
v 0.0747661379748 -0.139921452849 0.0632061831419
v 0.0818681771733 -0.142141791049 0.060855702973
v 0.0666919349819 -0.132308321311 0.0553994149559
v 0.0727800198936 -0.142643053922 0.0707464476362
v 0.0825107816618 -0.147223844325 0.0706943077284
v 0.0717989580118 -0.144036695528 0.0749076237389
v 0.082548753341 -0.147491964497 0.0712546047961
v 0.0691063780627 -0.147861623915 0.0863282074408
v 0.0690465828984 -0.147969963626 0.0867891173904
v 0.0741523710763 -0.148339302557 0.132660915866
v 0.0769282349279 -0.146097603506 0.135961394236
v 0.0788678004722 -0.134260098879 0.14786398943
v 0.0869026903853 -0.138042551628 0.147820936437
v 0.090601290504 -0.139783680671 0.147801118393
v 0.0912534062246 -0.134282179852 0.150806800416
v 0.0582630520344 -0.116847407085 -0.150318867763
v 0.0625094292897 -0.117733868028 -0.151279574703
v 0.0627315764184 -0.11238974119 -0.152527564949
v 0.0576971710182 -0.112436338382 -0.151144702232
v 0.0488618640087 -0.126225750276 -0.145672059163
v 0.0479066669143 -0.127222506102 -0.144811183786
v 0.056185492447 -0.129796308365 -0.052935555625
v 0.0564802910361 -0.129568611947 -0.0524931413031
v 0.0606756840929 -0.114869979384 -0.0377419143897
v 0.0663317846 -0.121959519236 -0.0377086680897
v 0.0729154336995 -0.130211678582 -0.0376699697015
v 0.0734171341869 -0.116821915809 -0.0241078122107
v 0.0729867958625 -0.129819466094 -0.0372036745169
v 0.067564971571 -0.115024612994 -0.0294987139805
v 0.0734722514107 -0.115157204936 -0.0224305096493
v 0.074293437513 -0.116186506234 -0.022425682755
v 0.0752492906022 -0.117384603503 -0.0224200642942
v 0.07587001168 -0.11525490896 -0.0175248931078
v 0.0789107007485 -0.116972651764 0.0230627310437
v 0.0796541424048 -0.117639037965 0.0223792121806
v 0.0794210705785 -0.116029307075 0.0189636559176
v 0.0783856337303 -0.116109579091 0.0225286060258
v 0.0779826804741 -0.116140817955 0.0239159511419
v 0.0788038665764 -0.117170119254 0.0239207780362
v 0.0797597196656 -0.118368216522 0.0239263964969
v 0.0754850749477 -0.121476272492 0.0343798945931
v 0.0800708179581 -0.124599842595 0.0311586264884
v 0.0730295087912 -0.116327273232 0.0318019920973
v 0.0681930658652 -0.116509334417 0.0395021869289
v 0.0738491663724 -0.123598874269 0.0395354332289
v 0.0804328154719 -0.131851033615 0.0395741316171
v 0.07132319123 -0.126603623199 0.0450799143158
v 0.0804336513918 -0.13188925501 0.0396076261032
v 0.0671969015067 -0.116537314255 0.0406464195106
v 0.0667098269283 -0.132091405411 0.0552061862211
v 0.0666396445146 -0.132172907153 0.0553426672992
v 0.0774279147436 -0.132455299399 0.147855525848
v 0.0925595058402 -0.118894474844 0.153966327759
v 0.0915881627602 -0.130338273309 0.151616595025
v 0.0802151226438 -0.118872467363 0.151033311223
v 0.058534153722 -0.101984735025 -0.151143377458
v 0.063326375786 -0.103244054254 -0.152488580308
v 0.0637366020537 -0.0969363793946 -0.15246169305
v 0.0589348757644 -0.0969808229664 -0.151142743196
v 0.0628234736376 -0.0994060404529 -0.0379899396594
v 0.0610122207329 -0.11244693842 -0.0377807774111
v 0.0718820455718 -0.103489380154 -0.0264463011361
v 0.0733220493336 -0.0996416863974 -0.0254281379132
v 0.0756200409554 -0.0996932660041 -0.022678534919
v 0.0755077857503 -0.100501495861 -0.0226655717646
v 0.0765527939584 -0.0997312738581 -0.0207702004541
v 0.0760523159949 -0.111110065499 -0.0183913970449
v 0.0802172863708 -0.10123275671 0.0231061814803
v 0.0804943888779 -0.103007020395 0.021313192305
v 0.0806900183217 -0.100633500163 0.0217414329273
v 0.0802872229122 -0.10066472679 0.0231282345862
v 0.0801304700188 -0.100676879024 0.0236679258721
v 0.0800182148137 -0.101485108881 0.0236808890266
v 0.0739389950953 -0.108153048199 0.0320321926268
v 0.0747482714008 -0.100879484424 0.0322370289537
v 0.0703408554099 -0.101045395485 0.0392541616592
v 0.0685296025052 -0.114086293452 0.0394633239076
v 0.0673206543357 -0.115361416805 0.0406731685498
v 0.0688228019165 -0.101088033923 0.0409978561139
v 0.0803298140334 -0.115551463503 0.150897732879
v 0.0929492348184 -0.112527566939 0.15374674252
v 0.0935062102264 -0.103428394627 0.153432925523
v 0.0807492715526 -0.103405651644 0.150401886103
v 0.0615616929328 -0.0847869128998 -0.149657394644
v 0.0646346757008 -0.0857554254198 -0.150682281348
v 0.0649737765568 -0.081533643525 -0.150010398776
v 0.0622570968462 -0.0815587884296 -0.149264174587
v 0.0516312658598 -0.0816571384508 -0.146345445492
v 0.0504766958092 -0.0816732977673 -0.145774316242
v 0.0743010000563 -0.0839085224595 -0.0383514901526
v 0.0707332551134 -0.0887258663219 -0.0382391035724
v 0.0760432820149 -0.0839476288763 -0.0362668073172
v 0.0762322829937 -0.091004000244 -0.0297317633634
v 0.0764355275245 -0.0985921561206 -0.0227042233436
v 0.0764782189912 -0.0990068579697 -0.0220001320612
v 0.0809459565879 -0.0995757691401 0.0236422374476
v 0.0816585680605 -0.0869803117747 0.0374511174155
v 0.0831512602867 -0.0854977031313 0.0367705094539
v 0.0823812707392 -0.0855266883197 0.0379964247856
v 0.0818183818287 -0.0855478774919 0.038892611166
v 0.0782506368857 -0.0903652213543 0.0390049977462
v 0.069978509101 -0.0984767774201 0.0418492756147
v 0.075623659464 -0.0857218722054 0.0460081068207
v 0.0801973165947 -0.087886687574 0.147182139518
v 0.080279599386 -0.100960998541 0.149803890403
v 0.0937498682914 -0.0981373143733 0.152437628253
v 0.0942207657449 -0.0879116884827 0.150514100913
v 0.0661786074004 -0.0679146149121 -0.146718996344
v 0.0508090678236 -0.0808646865937 -0.14553359743
v 0.0663691881956 -0.0661654152609 -0.14593315471
v 0.0567959912767 -0.0662994013436 -0.141197597283
v 0.0741082242938 -0.0681197253249 -0.0540381498993
v 0.0603137104477 -0.0824220686253 -0.0524351595073
v 0.0756859313191 -0.0753307837179 -0.0455293531959
v 0.0754306186882 -0.0681414891292 -0.0528233358574
v 0.0759357100801 -0.0823642512317 -0.0383934667103
v 0.0759811388653 -0.0830329286434 -0.0374953555722
v 0.0834530918525 -0.0840036062642 0.0388506346083
v 0.0844086007356 -0.0716191422907 0.0528930705407
v 0.085715653635 -0.0703844008649 0.0528595076576
v 0.0851681729164 -0.0703997782693 0.053488365005
v 0.084632558775 -0.0704148223703 0.0541035919468
v 0.0778889794033 -0.070586584657 0.0610304866899
v 0.0939132433597 -0.0731765243223 0.145991508463
v 0.0947668628909 -0.0729227246219 0.146233876538
v 0.0947770841276 -0.0723604747333 0.14596932651
v 0.0932040954628 -0.0723511845672 0.145294587113
v 0.0947446581353 -0.0741441640353 0.146808588667
v 0.0943274359106 -0.0851084713685 0.14975961848
v 0.060405922033 -0.0581015881959 -0.138541103782
v 0.0665503294501 -0.0645600108845 -0.145148814284
v 0.0680950867619 -0.0508692580215 -0.138460025415
v 0.0635627661421 -0.0509326922004 -0.136218029899
v 0.053716690313 -0.0510704974855 -0.131347487914
v 0.0535546984231 -0.0510756682261 -0.131132608298
v 0.0735806129501 -0.0523321333117 -0.0697207353313
v 0.060840871488 -0.0657409131701 -0.0672336169044
v 0.0751362223179 -0.0596780575376 -0.061347546044
v 0.0748913686854 -0.0523513590123 -0.0686255131628
v 0.0753810759505 -0.067004756063 -0.0540695789251
v 0.0754045809379 -0.067544066113 -0.0534783131028
v 0.0859054104318 -0.0692998531083 0.0540721629209
v 0.0869188657054 -0.0564610949772 0.0681340463241
v 0.0882066336594 -0.0552550889683 0.0681941546265
v 0.0876812650911 -0.0552684703644 0.0687338046511
v 0.0871119001403 -0.05528297237 0.0693186470422
v 0.0806824343799 -0.0554597798557 0.0765283261416
v 0.079275788339 -0.0566443045957 0.131282456569
v 0.0863126746589 -0.0649824349759 0.138568831641
v 0.0949198277148 -0.0624853060569 0.140950192929
v 0.0950029155828 -0.0567371899591 0.138028666879
v 0.0697414107619 -0.0356184850186 -0.131763480911
v 0.0538422343177 -0.0506306518811 -0.130906068463
v 0.0697521707464 -0.0355580940239 -0.131693993444
v 0.0634510252655 -0.0357592250115 -0.123335626103
v 0.0580376273744 -0.035932019318 -0.11615484155
v 0.0584568353121 -0.0359827324435 -0.113736403938
v 0.0607130282628 -0.0362556723999 -0.100720281387
v 0.0689864151254 -0.0364555780263 -0.0901617312322
v 0.0727181660253 -0.0365457464197 -0.0853992464486
v 0.0592584877603 -0.0508468845988 -0.0838003303713
v 0.0746307086317 -0.0437555996914 -0.0768945240599
v 0.0744053902717 -0.0365728461114 -0.083880303604
v 0.0748610189393 -0.0510974877919 -0.069753973972
v 0.0748769695942 -0.0517564740998 -0.0691608985348
v 0.0883923061295 -0.0540483268502 0.0692854084016
v 0.0890474872196 -0.0416263616269 0.0830551221142
v 0.0906443420946 -0.0401141598557 0.0829814147312
v 0.0899503740095 -0.0401332436734 0.0837595955918
v 0.0892564059244 -0.040152327491 0.0845377764524
v 0.0844328773706 -0.0403483459098 0.0928877049526
v 0.0802582208709 -0.0405179954842 0.100114382041
v 0.0803262239103 -0.0405861086878 0.103285941954
v 0.0805897726914 -0.0408500844153 0.115577462406
v 0.095220578062 -0.0412014302015 0.130795254103
v 0.095299130809 -0.0411626580688 0.130833098934
v 0.0952975616199 -0.0411289119432 0.130795104571
v 0.0953005087879 -0.0411922921288 0.130866463572
v 0.0950953202272 -0.0519103971056 0.135804755721
v 0.0702514661247 -0.02209636373 -0.118203324803
v 0.0698211278004 -0.035093914015 -0.131299187109
v 0.0720073699946 -0.0203773641717 -0.118782088158
v 0.0710925324505 -0.0204065655573 -0.117568570985
v 0.0703065833485 -0.020431652856 -0.116526022241
v 0.0646428647528 -0.0275870875937 -0.116354674085
v 0.0692439888533 -0.0245514200882 -0.104859228296
v 0.0728421531831 -0.0207383900612 -0.101898156441
v 0.0729819842369 -0.0207553059379 -0.101091462079
v 0.0707787404031 -0.0235388424427 -0.101024805913
v 0.0738349579743 -0.0207759159072 -0.100002891444
v 0.0741218376189 -0.0278536321911 -0.0924621050913
v 0.0743886124906 -0.034435336013 -0.0854497835501
v 0.0743983048343 -0.0356701526037 -0.0845431118681
v 0.0909268523898 -0.0380419170843 0.0844872393508
v 0.0923606664147 -0.0257881156187 0.0989691141682
v 0.0931665044135 -0.0249916480463 0.098636472235
v 0.0927859076499 -0.025007114727 0.0992953168398
v 0.092527176845 -0.0250176290222 0.0997432013495
v 0.0903239330112 -0.027801165527 0.0998098575158
v 0.0883216458232 -0.0308113813128 0.109772119839
v 0.0928204650958 -0.0253113923969 0.113421726126
v 0.0928587286656 -0.0253497179533 0.115206281715
v 0.0871950100698 -0.0325051526909 0.115377629871
v 0.0949940923932 -0.0253901997818 0.117415668949
v 0.095134352899 -0.0326644784711 0.123599513117
v 0.0725360088847 -0.0154923156563 -0.116623944507
v 0.0728866479328 -0.0163845134191 -0.112486909637
v 0.0738492533257 -0.0188338537958 -0.101129554831
v 0.0738401622728 -0.0200688979035 -0.100413059221
v 0.0933944459338 -0.02309617688 0.0997051085972
v 0.0936555592918 -0.0226821166439 0.102079776437
v 0.0950881542018 -0.0204103807536 0.115108359448
v 0.0950234171086 -0.0238376910871 0.116696341993
v 0.0741621986553 0.0251156763548 -0.118080537844
v 0.0749056403116 0.0244492901539 -0.118764056707
v 0.074934965027 0.0260017988485 -0.119483383663
v 0.0740201274828 0.025972597463 -0.11826986649
v 0.0732341783809 0.0259475101642 -0.117227317746
v 0.0736842892396 0.0245676630111 -0.117212962274
v 0.0748409032184 0.0210219798203 -0.117176074162
v 0.0759963956213 0.0250679793958 -0.102354501976
v 0.0762734981284 0.0232937157106 -0.104147491151
v 0.0757697482154 0.025640772959 -0.102599451946
v 0.0759095792693 0.0256238570824 -0.101792757584
v 0.0760846769471 0.0250870825798 -0.10178717316
v 0.0765346114864 0.0237077759468 -0.101772823311
v 0.0767625530067 0.025603247113 -0.100704186949
v 0.0957824022336 0.021009664867 0.0986820158202
v 0.0960888951474 0.0206804969702 0.098345344507
v 0.0960940994458 0.021387514974 0.0979351767302
v 0.0957135026822 0.0213720482933 0.098594021335
v 0.0954547718774 0.0213615339981 0.0990419058447
v 0.0956298695552 0.0208247594956 0.0990474902685
v 0.0960798040945 0.0194454528625 0.0990618401171
v 0.0961850274589 0.019749194241 0.113208084066
v 0.0970424094874 0.0169961124858 0.110419194923
v 0.0957480601281 0.0210677706233 0.112720430621
v 0.0957863236979 0.021029445067 0.11450498621
v 0.0962364345566 0.0196495979139 0.114519341682
v 0.0973930485354 0.016103914723 0.114556229793
v 0.0979216874256 0.0209889632385 0.116714373444
v 0.0702089615108 0.0363996476408 -0.122445959727
v 0.0747947045212 0.0332760775379 -0.125667227831
v 0.0746314958003 0.0417405110099 -0.132862819285
v 0.0683303503194 0.0415393800223 -0.124504451944
v 0.0629169524283 0.0413665857158 -0.117323667391
v 0.0680140554775 0.0337489744149 -0.117276066992
v 0.0691904930021 0.0339352799202 -0.109111076261
v 0.063336160366 0.0413158725903 -0.114905229779
v 0.0655923533167 0.0410429326339 -0.101889107229
v 0.0702373070214 0.0341010577118 -0.101845729324
v 0.077437677311 0.0393204243313 -0.0880095660404
v 0.0738657401793 0.0408430270075 -0.0913305570735
v 0.0775974910791 0.0407528586141 -0.0865680722899
v 0.0781907168912 0.0398662837093 -0.0865625323224
v 0.0790022050304 0.038653516151 -0.086554954065
v 0.0792847153256 0.0407257589224 -0.0850491294453
v 0.0950199492195 0.036598307861 0.082802582132
v 0.0955307525859 0.0362817516704 0.082475397154
v 0.0955236671485 0.0371844451781 0.0818125888899
v 0.0948296990634 0.0371653613604 0.0825907697505
v 0.0941357309783 0.0371462775428 0.0833689506111
v 0.0947289567904 0.036259702638 0.0833744905786
v 0.0955404449296 0.0350469350797 0.083382068836
v 0.0913815070981 0.0319143971614 0.0939413594454
v 0.0958072198012 0.0284652312578 0.0903943903772
v 0.0893122024245 0.036950259124 0.0917188791113
v 0.0851375459248 0.0367806095496 0.0989455561998
v 0.0897824996295 0.0298387346275 0.0989889341041
v 0.0901952781098 0.0293079090802 0.107135623242
v 0.0852055489642 0.036712496346 0.102117116113
v 0.0854690977453 0.0364485206185 0.114408636565
v 0.0905662007945 0.0288309093177 0.114456236964
v 0.100176886674 0.0361696930906 0.129626278729
v 0.10010792962 0.0357055130817 0.129231472395
v 0.0713919423481 0.0536363889305 -0.136694697888
v 0.074833737193 0.0525219961723 -0.137872470435
v 0.0749261418373 0.0573487890258 -0.140096381593
v 0.0703938212176 0.0572853548469 -0.137854386076
v 0.0605477453884 0.0571475495618 -0.132983844092
v 0.067511011136 0.049559774284 -0.132959283263
v 0.0746285486323 0.0418038911955 -0.132934178286
v 0.0655194664494 0.0470598889463 -0.127428525436
v 0.0746299266111 0.0417742571355 -0.132900813649
v 0.0603857534985 0.0571423788212 -0.132768964476
v 0.0618821697047 0.0424941742716 -0.117327317276
v 0.0620445408988 0.0425145033276 -0.11615268577
v 0.0640154493499 0.0427612632806 -0.101894669284
v 0.0652300070078 0.0436115506991 -0.0992939932731
v 0.0711626175303 0.0477648521526 -0.0865907693742
v 0.080187709986 0.0546815938152 -0.0725676129151
v 0.0804116680255 0.0558859137357 -0.0713570915091
v 0.0809680463534 0.055279635895 -0.0713551290516
v 0.0815367512907 0.054659925917 -0.0713531231157
v 0.0817224237608 0.055866688035 -0.0702618693406
v 0.0946898710952 0.0525532425788 0.0672855723822
v 0.095052087826 0.0523680731665 0.0670931838206
v 0.0950376887348 0.052962958079 0.0665577984487
v 0.0945123201665 0.0529495766829 0.0670974484733
v 0.0939429552157 0.0529350746773 0.0676822908644
v 0.0944993335436 0.0523287968367 0.0676842533219
v 0.0950680384809 0.0517090868586 0.0676862592578
v 0.0901612288587 0.0471151878658 0.0776781689174
v 0.0952983487885 0.0443671987581 0.0748268093457
v 0.0875134894553 0.0527582671917 0.0748919699638
v 0.0877008574294 0.0441582710813 0.0833462535267
v 0.0862983172383 0.04224111506 0.0886287921039
v 0.0835606419579 0.0384989401963 0.0989399941445
v 0.0836544937203 0.0383998077847 0.100601275537
v 0.0844343150217 0.0375761091744 0.11440498668
v 0.0855516088982 0.0384054127655 0.116380050514
v 0.0861068434144 0.0515737424516 0.129646100391
v 0.093070109162 0.0439859671738 0.129670661221
v 0.100187646658 0.0362300840853 0.129695766197
v 0.101833970658 0.0514808570882 0.136392310701
v 0.0679071905068 0.0653172433227 -0.140667427474
v 0.0750092297054 0.0630969051236 -0.143017907643
v 0.0751519732926 0.0729720738 -0.148037041224
v 0.0655787763737 0.0728380877172 -0.143301483797
v 0.0603541190918 0.0573366753783 -0.132984213139
v 0.0603083083903 0.0572781970055 -0.132848357885
v 0.0734345988063 0.0627008140658 -0.0713703896263
v 0.0826979749559 0.0698396411288 -0.0573266371318
v 0.0828910093908 0.0710177637359 -0.0561420364136
v 0.0834800880468 0.0704423771085 -0.0561409136446
v 0.0840236469884 0.0699114521751 -0.0561398776351
v 0.0842134037852 0.0709959999316 -0.0549272223718
v 0.0941622597515 0.0683408345921 0.0516029869502
v 0.0945244764823 0.0681556651798 0.0514105983886
v 0.0944984387319 0.068753088196 0.0507556211433
v 0.0939509580134 0.0687377107916 0.0513844784907
v 0.093415343872 0.0687226666906 0.0519997054324
v 0.094004422528 0.0681472800632 0.0520008282014
v 0.0945479814697 0.0676163551297 0.052001864211
v 0.0895471023368 0.0628294874781 0.0619230650011
v 0.0947928351023 0.0602896566044 0.0592798313298
v 0.0866717645003 0.0685509044039 0.0589266001756
v 0.0869658859965 0.0597499750074 0.0676689927472
v 0.0850585089243 0.0574253606206 0.0723492311372
v 0.0859132171178 0.0517628682681 0.129645731345
v 0.103559869225 0.0667770143276 0.143865439995
v 0.10337872797 0.0651716099513 0.14308109957
v 0.10198688056 0.0667863044936 0.143190700599
v 0.0733625584864 0.0861733901054 -0.151334978542
v 0.0756016215096 0.0857200704352 -0.151827333194
v 0.0757082916753 0.0885232875494 -0.152581815627
v 0.0729916119647 0.0884981426447 -0.151835591438
v 0.0623657809783 0.0883997926235 -0.148916862343
v 0.0687750901316 0.0815777778628 -0.148896582862
v 0.0751843992849 0.074755763102 -0.148876303381
v 0.0644123992001 0.0769895926578 -0.144648572309
v 0.0751621945293 0.0735343236887 -0.148301591252
v 0.0612112109277 0.0883836333071 -0.148345733093
v 0.0762182771144 0.0781201638535 -0.0561631493831
v 0.0848265964701 0.084674374479 -0.0424055613416
v 0.0850355151749 0.0861484086149 -0.0409229070035
v 0.0857557403713 0.0853818069729 -0.040920628163
v 0.0864759655677 0.0846152053309 -0.0409183493225
v 0.0867777971335 0.086109302198 -0.038838224168
v 0.0934371151884 0.0839610839008 0.035754825836
v 0.0939479185548 0.0836445277101 0.035427640858
v 0.0938857754052 0.0845592279431 0.0341990926031
v 0.0931157858578 0.0845302427547 0.0354250079348
v 0.0925528969472 0.0845090535825 0.0363211943152
v 0.0932731221436 0.0837424519405 0.0363234731557
v 0.0939933473401 0.0829758502985 0.0363257519962
v 0.0891060061713 0.0786903718923 0.0463129980534
v 0.0942431261011 0.0759423827846 0.0434616384818
v 0.0863581745825 0.0843350588689 0.0434366899699
v 0.0867426115957 0.0758250668082 0.051978592463
v 0.0845308975806 0.0732129526338 0.0566666457052
v 0.0909318317132 0.0821702435004 0.144610722667
v 0.0973411408665 0.0753482287396 0.144631002149
v 0.10375045002 0.0685262139788 0.14465128163
v 0.104955280863 0.0821452425917 0.147942684062
v 0.0720048644388 0.0996562077575 -0.153524772343
v 0.0761791891288 0.09874891344 -0.154505342968
v 0.0764228471938 0.104039993693 -0.155500640237
v 0.0716211209045 0.103995550122 -0.154181690383
v 0.0617178312791 0.089448800036 -0.148924071148
v 0.061132412743 0.0888439165722 -0.148449664089
v 0.0755097187777 0.101570332635 -0.0410288868468
v 0.0799291575431 0.0944154191758 -0.0409797181045
v 0.0881397756652 0.100512620487 -0.0264915692877
v 0.0860082944737 0.101334686691 -0.0284670851005
v 0.0883062860955 0.101283107084 -0.0257174821064
v 0.0885801876605 0.100839670236 -0.0257144347974
v 0.0889831008323 0.100187368207 -0.0257099521617
v 0.0892390390985 0.10124509923 -0.0238091476414
v 0.0931443455151 0.0999476249332 0.0202690886603
v 0.093450838429 0.0996184570365 0.0199324173471
v 0.0933762634618 0.100342872925 0.01870248574
v 0.0929734680523 0.100311646298 0.0200892873988
v 0.0928167151589 0.100299494064 0.0206289786848
v 0.0930906167239 0.0998560572167 0.0206320259938
v 0.0934935298957 0.0992037551874 0.0206365086295
v 0.0892710617233 0.0950647652144 0.0312110177175
v 0.0936967744265 0.0916155993108 0.0276640486493
v 0.0874345165409 0.100096888664 0.0291980817664
v 0.08302710055 0.0999309776026 0.0362152144718
v 0.0874465393155 0.0927760641434 0.0362643832141
v 0.0847154832073 0.0896038910997 0.0415810358079
v 0.0815090470566 0.099888339165 0.0379589089266
v 0.090283882014 0.0832192509128 0.144603513863
v 0.106192455367 0.0975479784613 0.150393978335
v 0.105294381719 0.0863670244866 0.148614566634
v 0.0934355166927 0.0975707214438 0.147362938915
v 0.0721001434222 0.114369929444 -0.154496659599
v 0.0769798226017 0.113139166005 -0.155814457235
v 0.07736955158 0.119506073911 -0.156034042473
v 0.0723351461798 0.11945947672 -0.154651179755
v 0.0753136592545 0.117025835717 -0.0412483919136
v 0.0754695059281 0.104740338407 -0.0410739085019
v 0.08357314373 0.111276946806 -0.0313711490485
v 0.0822029467327 0.116871202108 -0.0330051915043
v 0.0881102265723 0.116738610166 -0.0259369871732
v 0.0881328533136 0.114954929052 -0.0259116546402
v 0.0905079868417 0.116640906142 -0.0210313706317
v 0.0894346685422 0.103618619462 -0.0233809070191
v 0.0930193593968 0.11447474632 0.0191125714744
v 0.0938767414253 0.111721664565 0.0163236823308
v 0.0940590457402 0.115866508026 0.0154571783937
v 0.0930236088919 0.11578623601 0.019022128502
v 0.0926206556357 0.115754997146 0.020409473618
v 0.092643282377 0.113971316033 0.020434806151
v 0.0875572213914 0.108245869146 0.0287226960826
v 0.0876674839528 0.11556854187 0.0282955145735
v 0.0828310410269 0.115386480685 0.0359957094051
v 0.0829868877005 0.103100983374 0.0361701928168
v 0.0815440483455 0.101550175838 0.0378709338089
v 0.0818348766684 0.115358500846 0.0371399419867
v 0.0937182571369 0.100652790175 0.14739562818
v 0.106602681634 0.103855653321 0.150420865593
v 0.107197481002 0.113001340257 0.150459850235
v 0.0948530978054 0.113023347739 0.147526833699
v 0.0755154190132 0.131896227228 -0.1526856696
v 0.07834089466 0.130949872376 -0.153684309739
v 0.0786756511956 0.134893778918 -0.15287451513
v 0.0762762611817 0.134871570767 -0.152215444846
v 0.0668914549205 0.134784707359 -0.149637603441
v 0.064691574628 0.134753917922 -0.148549392309
v 0.0729444522147 0.132806799563 -0.0569085686147
v 0.0894168532814 0.132462081944 -0.041713185649
v 0.0894954060284 0.132500854077 -0.0416753408173
v 0.0894946719679 0.132534418082 -0.0417047539008
v 0.0894962419483 0.132462632682 -0.0416418463313
v 0.0898582394621 0.125211441661 -0.0332263412026
v 0.0901693377546 0.118979815589 -0.0259941112111
v 0.0902749150154 0.118250637032 -0.0244469268947
v 0.094679766818 0.11799620257 0.0203523495801
v 0.0969422615577 0.130431065161 0.0351359598028
v 0.0970136237206 0.130823277649 0.0356022549874
v 0.0829135521798 0.117343372832 0.0379671233539
v 0.0970240906355 0.1308924381 0.0356630313263
v 0.0901721815226 0.130699984606 0.0435333968809
v 0.0834687866959 0.130511702518 0.0512331732314
v 0.0832816401651 0.130506935804 0.0514254070955
v 0.0954575056554 0.128555158236 0.14388998157
v 0.0941681476444 0.11566692539 0.146720982296
v 0.10741962813 0.118345467094 0.149211859989
v 0.107843111408 0.128533077263 0.146832792556
v 0.0793277669162 0.140395279737 -0.149868833107
v 0.0674312307414 0.138079052732 -0.14632514354
v 0.0809142923959 0.150078119671 -0.140132750402
v 0.0772755816656 0.150027192421 -0.138332795406
v 0.0693707962858 0.149916557359 -0.134422548346
v 0.0679926958866 0.149872568739 -0.132594520505
v 0.0722831464393 0.148927192625 -0.0880566419614
v 0.086526684548 0.147849763863 -0.0735646875845
v 0.0873803040792 0.148103563563 -0.0733223195102
v 0.0872978138797 0.148686031523 -0.0745395165882
v 0.0858689565886 0.147136476741 -0.0727332157872
v 0.0874182757583 0.147835443391 -0.0727620224425
v 0.0880608802468 0.142753390115 -0.0629234176871
v 0.079453727191 0.140256261196 -0.0653047789751
v 0.0884349260303 0.13979523991 -0.0571965846346
v 0.0887639841029 0.137540707053 -0.052386269463
v 0.0989592605116 0.137500142865 0.0509451572115
v 0.100740671252 0.144109570017 0.0646681724103
v 0.0994002437788 0.144185637683 0.0663061665864
v 0.100949562949 0.144884604333 0.066277359931
v 0.101172678745 0.145660266672 0.0680302636772
v 0.0949970325418 0.145490439113 0.0749553223083
v 0.0888213863384 0.145320611553 0.0818803809395
v 0.0882093250413 0.145295738623 0.0829399098739
v 0.0949298943117 0.144342750249 0.128207396138
v 0.10106756001 0.137746412196 0.137263853632
v 0.10772500894 0.139216954569 0.138641124698
v 0.107556200229 0.144268178524 0.133623497491
v 0.107893817651 0.134165730614 0.143658751904
v 0.107861217848 0.130544413399 0.145699390185
v 0.0816508764469 0.153052094207 -0.134616353203
v 0.0820911585737 0.153838382929 -0.130669942751
v 0.0711294901479 0.152994809076 -0.119025719016
v 0.08336869897 0.156119910032 -0.11921887884
v 0.0839798419757 0.155861497287 -0.112857209823
v 0.0713604211907 0.152837600722 -0.115706219465
v 0.0722049986486 0.152262647135 -0.10356590927
v 0.0848532479678 0.155492190532 -0.103765524592
v 0.0853080867923 0.154464157839 -0.0984837386583
v 0.0718378178869 0.15164047367 -0.101117476508
v 0.0861871155421 0.152477365497 -0.0882760751177
v 0.0864132657552 0.15170540883 -0.0854791629998
v 0.102725355441 0.148870784425 0.0816609477833
v 0.103183936345 0.14951739254 0.0858842249057
v 0.0917501912567 0.148000324051 0.0972687541584
v 0.104398440576 0.151229867448 0.0970691388364
v 0.105019847603 0.15121842936 0.103373109298
v 0.0921354231058 0.148015566215 0.100347871884
v 0.0936816354649 0.148076743978 0.11270658494
v 0.105920844287 0.151201844934 0.112513425116
v 0.106364405443 0.149920651121 0.117846689125
v 0.093112924957 0.147242109417 0.115355811432
v 0.107209974473 0.147478287097 0.12801359128
v 0.107333606504 0.146332005412 0.130016804753
v 0.0744869371856 -0.14700215732 -0.133564477963
v 0.0777665032328 -0.147355652827 -0.133972637341
v 0.0773504777264 -0.143498380452 -0.140713510979
v 0.0696727011064 -0.143579475885 -0.138138997356
v 0.073131978625 -0.148660060323 -0.130181727362
v 0.0779975702962 -0.149498042144 -0.130228650849
v 0.072230713298 -0.150515104785 -0.12126710197
v 0.0786594342809 -0.151409787641 -0.12227057039
v 0.0715621300623 -0.151891227433 -0.114653989371
v 0.0792867004821 -0.153221599981 -0.114728484684
v 0.0724543909599 -0.151927173047 -0.106891030596
v 0.079917864502 -0.153233217663 -0.108325532733
v 0.0733369894656 -0.151962729403 -0.0992121377597
v 0.0808091041932 -0.153249622495 -0.0992841984049
v 0.075697183669 -0.150781560739 -0.0899842859742
v 0.0816716484418 -0.1520334181 -0.0913406417384
v 0.0772723398945 -0.149993267483 -0.0838257638631
v 0.0824821893279 -0.150890539472 -0.0838760073517
v 0.0815529996341 -0.147422293532 -0.0708872611066
v 0.0838946379472 -0.147969975661 -0.0714763616325
v 0.0715246790323 -0.145076785284 -0.0683643740717
v 0.0823531382569 -0.14694172846 -0.0684688031104
v 0.0842351626561 -0.147265862161 -0.0684869532456
v 0.0851608391093 -0.145201627091 -0.0604589270995
v 0.0961209540771 -0.149494907134 0.0690210732749
v 0.0976268399982 -0.149694596508 0.0687959815257
v 0.0971229753643 -0.147810273141 0.0624568024524
v 0.0924714467007 -0.147894056565 0.0656247142044
v 0.0850559662225 -0.148027624342 0.0706750083018
v 0.0958844254471 -0.149892567519 0.0705705792631
v 0.0977664498463 -0.150216701219 0.0705524291279
v 0.0943912657125 -0.152561793533 0.0817598002398
v 0.0986207091497 -0.153132688584 0.0811174786308
v 0.0836125096112 -0.148055489583 0.0717446537422
v 0.0938105797936 -0.153599848554 0.0861112590379
v 0.099020429227 -0.154497120544 0.0860610155492
v 0.0932776664875 -0.155106752414 0.0950149435317
v 0.0997019539797 -0.156037511754 0.0939751769145
v 0.0928821820737 -0.156225052487 0.101622525669
v 0.100354296801 -0.157511945579 0.101550465024
v 0.093501473473 -0.156518711118 0.109391123308
v 0.100974592141 -0.157774228253 0.108007404905
v 0.0941142753793 -0.15680929253 0.117078314585
v 0.101838845799 -0.158139665079 0.117003819272
v 0.0968980229268 -0.155242841886 0.126426749431
v 0.102733785311 -0.156541415226 0.125025490894
v 0.098691076651 -0.154233867433 0.132448217121
v 0.103556668322 -0.155071849254 0.132401293634
v 0.104933336747 -0.14951351978 0.142711386332
v 0.097357830313 -0.149491153291 0.140500229464
v 0.0739593258419 -0.131214565306 -0.149247063395
v 0.0772388918891 -0.131568060814 -0.149655222773
v 0.0772727326492 -0.127808893144 -0.151773540776
v 0.0724363440143 -0.127844747014 -0.150858593662
v 0.0694155520855 -0.135884865301 -0.145782429474
v 0.0771779631737 -0.138336267458 -0.145841289678
v 0.0663706222341 -0.139244988774 -0.141419462008
v 0.0772642204501 -0.140917323955 -0.143277400328
v 0.0695861187711 -0.144464579778 -0.0683496745084
v 0.0700864597485 -0.14410486894 -0.0673618793214
v 0.077330133037 -0.13889716477 -0.0530611005855
v 0.0861125203132 -0.141670679708 -0.0531276949855
v 0.0818929034923 -0.135704453974 -0.043276937701
v 0.0869557066419 -0.138791590699 -0.0464690136064
v 0.0729999796992 -0.130281831204 -0.0376699869803
v 0.0844671131607 -0.13390320031 -0.0377569390639
v 0.0880554678494 -0.135036417853 -0.0377841485595
v 0.0897491384586 -0.130529688664 -0.0235734860737
v 0.0924949205693 -0.13473062214 0.0365527570515
v 0.0952993032559 -0.135388413377 0.0358453473033
v 0.0944864060366 -0.131562769553 0.0251038310901
v 0.0877555116582 -0.131735470329 0.0320762441078
v 0.0805173614715 -0.131921186236 0.0395741143384
v 0.0919844949331 -0.135542555342 0.0394871622547
v 0.0955728496217 -0.136675772885 0.0394599527591
v 0.0896380115718 -0.138752447409 0.0483466286351
v 0.0960782271256 -0.140138353756 0.0468477826802
v 0.0804684041411 -0.131922149605 0.0396112411205
v 0.0878544675183 -0.141192261815 0.0550806412606
v 0.0966368547945 -0.143965776753 0.0550140468606
v 0.0864126281124 -0.143086430366 0.0598316386985
v 0.0967986498404 -0.145245336822 0.0574912121105
v 0.0831174059613 -0.147415418837 0.0706897078651
v 0.082991202673 -0.147586492705 0.0711523230618
v 0.0979816028204 -0.142114414424 0.147745155537
v 0.105744013909 -0.144565816581 0.147686295333
v 0.106962811846 -0.134283565074 0.153303885792
v 0.09505635159 -0.134282515187 0.151411296823
v 0.0711754906106 -0.118939920758 -0.152632272834
v 0.0776042115935 -0.119834603614 -0.153635741254
v 0.0779183630551 -0.112277156138 -0.155400598456
v 0.0702401551183 -0.112334077425 -0.153948036489
v 0.0729527811642 -0.130242667897 -0.0376699773342
v 0.0729978895787 -0.130208529418 -0.0375960593946
v 0.0822581647951 -0.123200264816 -0.0224214967062
v 0.0899251999682 -0.129562039705 -0.0224230636274
v 0.085874118986 -0.120901832325 -0.0126144053548
v 0.0901535034872 -0.128778730138 -0.0206226014745
v 0.0829157618742 -0.11545649862 -0.00707830455904
v 0.0879149475838 -0.119604607164 -0.00707932624861
v 0.0918707252667 -0.12288694076 -0.00708013469563
v 0.0890131735335 -0.119844103081 0.00420538418699
v 0.0926482828917 -0.123056506847 0.000909580577807
v 0.0835018452836 -0.115584308915 -0.00105606335551
v 0.0844192382287 -0.115784369626 0.00837051570468
v 0.0894184239382 -0.119932478171 0.00836949401512
v 0.0933742016212 -0.123214811767 0.0083686855681
v 0.0878735134246 -0.122411139761 0.0174386828056
v 0.0937520052727 -0.125824145627 0.0139052175822
v 0.0825996288077 -0.115873540402 0.0122270045379
v 0.0867685938585 -0.124183877836 0.0239249640849
v 0.0944356290316 -0.130545652725 0.0239233971638
v 0.0847293264943 -0.126676336076 0.0289917531717
v 0.0944589726113 -0.131013249185 0.0244660749663
v 0.0804701629365 -0.131882022929 0.0395741239844
v 0.0804562580278 -0.131897878316 0.0395985759593
v 0.0968641772154 -0.129208623968 0.152672037922
v 0.107588468554 -0.126912442116 0.154817384038
v 0.108268911462 -0.118895860066 0.156463413135
v 0.100538854163 -0.118895178446 0.155234683449
v 0.0708715569289 -0.104564397008 -0.153938786892
v 0.0783350304709 -0.105870441624 -0.155373289029
v 0.0789233886904 -0.0968237943423 -0.155334726556
v 0.0714961212194 -0.0968788553184 -0.15392963746
v 0.0856155448588 -0.0999905729847 -0.00733304654324
v 0.0841003852483 -0.108670287612 -0.00719008143539
v 0.0847600876177 -0.108814152382 -0.000411376002377
v 0.0863694075135 -0.100154971784 0.000413193443343
v 0.0871190212133 -0.100318443991 0.00811577372048
v 0.0856038616027 -0.108998158619 0.00825873882834
v 0.0831810417073 -0.111753420166 0.0124536220131
v 0.0847785086399 -0.10043314186 0.0130762671644
v 0.100825664814 -0.11121959594 0.154940872056
v 0.10882005038 -0.109892037075 0.156152884595
v 0.109215615848 -0.103429779849 0.155930010899
v 0.101116770674 -0.10342906571 0.154642660611
v 0.0735867382942 -0.0876311926862 -0.152714627702
v 0.0795612030671 -0.0888830500474 -0.154070983466
v 0.0801605631935 -0.0814210584726 -0.152883432283
v 0.0749819830143 -0.0814594491299 -0.151903749436
v 0.091692554324 -0.0841792099932 -0.0230959976986
v 0.0785912362239 -0.0978056064955 -0.0208225441652
v 0.0935030391222 -0.0893282382387 -0.012512172471
v 0.0929767550983 -0.0842159529361 -0.0211919396873
v 0.0938043176576 -0.0922548363467 -0.00754332022396
v 0.0945539313574 -0.092418308554 0.000159260053186
v 0.0953077940121 -0.0925827073532 0.00790550003977
v 0.095075537196 -0.0870438466037 0.0213720374053
v 0.0971139794616 -0.0851181792412 0.0213196936941
v 0.096534636336 -0.0851465702111 0.0225475562609
v 0.0962029833874 -0.0851628230126 0.0232504630925
v 0.0894401492109 -0.0853363432976 0.0302559619753
v 0.100080035126 -0.097218260413 0.153264120942
v 0.109565077198 -0.0958411615611 0.154502527153
v 0.109930171366 -0.0879130737047 0.15301118629
v 0.0985266036683 -0.0879120681623 0.151198534505
v 0.0789149429157 -0.0684843334662 -0.149300188267
v 0.0812565812288 -0.0690320155952 -0.149889288792
v 0.0815208182546 -0.0660451634285 -0.149167436099
v 0.0796500896711 -0.066059031805 -0.148813532009
v 0.0688866223138 -0.0661388252178 -0.146777301232
v 0.0669691983999 -0.0661590777377 -0.146134350254
v 0.0892160332006 -0.0709685545876 -0.041345573478
v 0.0919859923596 -0.0700754943106 -0.0404890463764
v 0.0919234264836 -0.068313714989 -0.0422764801319
v 0.0797320844837 -0.0681864071113 -0.0500726253831
v 0.0809439054159 -0.0790801106533 -0.0385012956095
v 0.0920472021279 -0.0717990872824 -0.0387403550275
v 0.0924029091789 -0.0770348264515 -0.0317081514835
v 0.0775359742411 -0.082465020233 -0.0369474152788
v 0.092837287509 -0.0834285474387 -0.0231206443649
v 0.0928763582166 -0.0836491326667 -0.0225803334801
v 0.0973477165724 -0.0844121604581 0.0232258164262
v 0.0977458188462 -0.0824415138209 0.0259694080439
v 0.0884612871882 -0.0807194656858 0.0387428057091
v 0.0995645839002 -0.0734384423148 0.0385037462911
v 0.100119038098 -0.0701009751748 0.0419367038022
v 0.0935375985633 -0.0702304828642 0.0469277372157
v 0.0974526730487 -0.072368374341 0.146750283779
v 0.0976328493689 -0.0846584191078 0.150161096781
v 0.110118710684 -0.0829583927171 0.151677640005
v 0.110521646327 -0.0723695267353 0.148827659769
v 0.0822474532076 -0.0580250556559 -0.147055668898
v 0.06744840303 -0.0651669088734 -0.145774806481
v 0.0830727072971 -0.0507110590159 -0.143482324188
v 0.0743860754079 -0.0508028103407 -0.140569521011
v 0.0878054375942 -0.0559289935894 -0.057768291239
v 0.091361930057 -0.0548765592133 -0.0567635255562
v 0.0912825545277 -0.0525014236376 -0.0591228636077
v 0.0780506698102 -0.0523802830538 -0.066793935404
v 0.0784765872846 -0.0651249129723 -0.0541340726886
v 0.0914413055863 -0.057251694789 -0.0544041875047
v 0.0916700423522 -0.0624999442198 -0.0486503349384
v 0.0763207449352 -0.0672599522623 -0.0532063737055
v 0.0890009217658 -0.0674200100177 0.0540076691575
v 0.101965640068 -0.0595467918344 0.0537375543414
v 0.102711640075 -0.0549938245127 0.0583155569416
v 0.0964799570814 -0.0551060697071 0.0625596287766
v 0.107674239711 -0.059917166885 0.143337627147
v 0.110885547306 -0.0592705604533 0.143938735661
v 0.110921487306 -0.0567841891344 0.142675017522
v 0.105394905945 -0.0567678720445 0.141061905787
v 0.110813503943 -0.064254604779 0.146471916113
v 0.110584968492 -0.0706088927803 0.148316551678
v 0.0787272354302 -0.0409789018941 -0.137372450293
v 0.0837900385797 -0.0440660386192 -0.140564526198
v 0.0847256480539 -0.0353989914828 -0.136758865537
v 0.0811764176126 -0.035436479729 -0.135568736862
v 0.069834311637 -0.0355562791246 -0.131765499572
v 0.0697884557749 -0.0355572923078 -0.131725580658
v 0.0881608105132 -0.0393933705611 -0.072710744342
v 0.0909307696722 -0.0385003102841 -0.0718542172404
v 0.0908755540704 -0.0367401338755 -0.0735661239921
v 0.0795250773417 -0.0366248468694 -0.0806741805416
v 0.0790668675742 -0.0482812756299 -0.0698453636658
v 0.0909872085804 -0.0402994835518 -0.0701043830481
v 0.0911424310085 -0.0467123522065 -0.0643329203704
v 0.0757931335915 -0.051472360249 -0.0688889591374
v 0.0925981547644 -0.0512321146883 0.0691940187077
v 0.104518495771 -0.0432503226101 0.0689349993255
v 0.105070370554 -0.0398356722613 0.0722912869894
v 0.0983774971452 -0.0399648749882 0.077250910624
v 0.095393409663 -0.0411300862348 0.130864444911
v 0.10139820085 -0.0506009857381 0.137025193618
v 0.111078358677 -0.0485899515056 0.13889957966
v 0.111220276571 -0.041176814654 0.135484028535
v 0.0860956610001 -0.0212075290232 -0.132168521133
v 0.0698322215166 -0.0354829773389 -0.131691571986
v 0.0862657887332 -0.0200623250427 -0.131194472753
v 0.0788168603394 -0.0202269087849 -0.124709955378
v 0.0895821089492 -0.0210288419402 -0.0858263394266
v 0.07595314021 -0.0351022441932 -0.0839951715747
v 0.0908200751478 -0.0296720504118 -0.0787559077794
v 0.090752326022 -0.0210407278571 -0.0850935094911
v 0.106305286189 -0.0254046446971 0.0833323198395
v 0.106772710238 -0.0273488313748 0.081365027136
v 0.107145328624 -0.0246156362661 0.0833511421519
v 0.106730527425 -0.0246236438053 0.0836585225112
v 0.106120348848 -0.0246354230115 0.0841106834744
v 0.0996434266309 -0.0248135355289 0.0913735778547
v 0.110642350022 -0.0265351262109 0.129533462965
v 0.111642390504 -0.0261398720503 0.12991611651
v 0.111631865913 -0.0255940390805 0.129452105414
v 0.106514836392 -0.0255313472962 0.125750239858
v 0.111654759026 -0.0267813361334 0.13046142335
v 0.111329671203 -0.0375522998721 0.134219429605
v 0.0821808395801 -0.0103886882326 -0.122392503379
v 0.0864602240814 -0.0182655860458 -0.130400699498
v 0.0879227009458 -0.00475112358593 -0.124430205806
v 0.0840794546273 -0.00483603994271 -0.121084543691
v 0.0792224824684 -0.00494335452693 -0.116856402583
v 0.0806386136094 -0.00508449680115 -0.110086901455
v 0.0824498767967 -0.0052650209052 -0.101428559135
v 0.0759531795055 -0.0188676464293 -0.0992354713252
v 0.0908649824037 -0.0103902781725 -0.0909250996309
v 0.0909017097295 -0.00540077171997 -0.0938197002749
v 0.0908008258093 -0.0191061248871 -0.0858687086324
v 0.0907659128418 -0.0204987646137 -0.085310675208
v 0.107339065708 -0.0227127059584 0.0840683142685
v 0.103435880837 -0.0148040514875 0.0940639650575
v 0.108947674938 -0.00933615038974 0.0916098025992
v 0.105471372171 -0.00943174718961 0.0955079534463
v 0.101995069405 -0.00952734398948 0.0994061042933
v 0.101895633565 -0.00967803736329 0.106384152591
v 0.101774627785 -0.00986141962418 0.114875901373
v 0.0986924109759 -0.0220256596284 0.118465070427
v 0.111821746499 -0.0155413835949 0.124794388462
v 0.111926683722 -0.00998579852378 0.12222030813
v 0.084792282784 0.00645663302508 -0.121255299269
v 0.0884273921422 0.00324422925928 -0.124551102878
v 0.0888985659566 0.0107085974208 -0.124663970974
v 0.0850553196381 0.010623681064 -0.121318308859
v 0.0801983474792 0.0105163664798 -0.117090167751
v 0.0796028930355 0.00108313599161 -0.11694752865
v 0.0810668082118 0.00169899171075 -0.110189474026
v 0.0816144786202 0.0103752242056 -0.110320666623
v 0.0834257418075 0.0101947001016 -0.101662324303
v 0.0829391882418 0.00248668485612 -0.10154577204
v 0.0918775747403 0.0100589492868 -0.0940534654432
v 0.0913882632952 0.00230724352546 -0.0939362525387
v 0.106203960399 0.00217396619443 0.0953324644099
v 0.109436986383 -0.00158444462842 0.0914925896947
v 0.109923539949 0.00612357061702 0.091376037431
v 0.106447237182 0.00602797381715 0.095274188278
v 0.102970934416 0.00593237701728 0.099172339125
v 0.10248438085 -0.00177563822815 0.0992888913888
v 0.102335822479 -0.00270453413602 0.106278706823
v 0.102871498576 0.00578168364347 0.106150387423
v 0.102750492796 0.00559830138259 0.114642136205
v 0.102155038352 -0.00383492910563 0.114784775306
v 0.112902548733 0.00547392248298 0.121986542962
v 0.112397857536 -0.00252143036223 0.122107440034
v 0.0831250113313 0.019677188358 -0.123704586082
v 0.0890035031794 0.0162641824919 -0.127238051306
v 0.0891933837655 0.0263168379775 -0.131895768257
v 0.0817444553717 0.0261522542354 -0.125411250883
v 0.0782479415041 0.0143409906913 -0.117121442435
v 0.0789601509578 0.0145473159395 -0.113007061443
v 0.0809169892943 0.0151142069761 -0.101702552053
v 0.0913822577902 0.023469297489 -0.0884060606186
v 0.0925097039815 0.0253503210801 -0.0865276349313
v 0.0928651966962 0.0246532220858 -0.0865219346194
v 0.09348618397 0.0234355048554 -0.0865119771125
v 0.0936799210543 0.0253384351632 -0.0857948049959
v 0.109727022008 0.0213931357887 0.0830452214916
v 0.110059336837 0.0212215635108 0.082867012364
v 0.110072923656 0.0217635267541 0.0826498466471
v 0.109658122457 0.0217555192149 0.0829572270064
v 0.109047943881 0.0217437400087 0.0834093879696
v 0.109403436595 0.0210466410145 0.0834150882816
v 0.110024423869 0.0198289237841 0.0834250457885
v 0.104184892184 0.0150964925581 0.0925882956054
v 0.109960267275 0.0111130770696 0.0884814367869
v 0.102571021663 0.0215656274914 0.0906722823499
v 0.100462181902 0.0108518838918 0.0991321113756
v 0.100562790039 0.0104264244709 0.103740769363
v 0.100800086821 0.00942292559409 0.11461086152
v 0.114559460945 0.0207851239398 0.128750809909
v 0.114365025597 0.0189883849428 0.127957036654
v 0.109442431425 0.0208478157241 0.125048944353
v 0.0866911957887 0.0389328900055 -0.1359556827
v 0.0894955784753 0.0382750987691 -0.136663092449
v 0.0896049731078 0.041899613551 -0.137927691379
v 0.0860557426664 0.0418621253048 -0.136737562703
v 0.0747136366909 0.0417423259092 -0.132934325413
v 0.0822045484502 0.034364715831 -0.132919174924
v 0.0891704906523 0.0275041350304 -0.132905086194
v 0.0794532130574 0.0311995840564 -0.127834101148
v 0.0891828591744 0.0268626709473 -0.132359779353
v 0.0746677808288 0.041741312726 -0.132894406499
v 0.08551070662 0.0322434570735 -0.0865417905159
v 0.0957548791242 0.0405584711583 -0.0747349498334
v 0.0940525394403 0.0280716302718 -0.08380868998
v 0.0844044023956 0.0406737581644 -0.0818430063829
v 0.105326126873 0.0322978680831 0.0783045651168
v 0.110005174531 0.0303948493088 0.0763122449355
v 0.109949695608 0.0374629327725 0.0711224611481
v 0.103256822199 0.0373337300456 0.0760820847827
v 0.102048946519 0.0286368760022 0.083395232385
v 0.100112639035 0.0262796379676 0.0881231124973
v 0.100272734717 0.036168518799 0.12969561907
v 0.107763646476 0.0287909087208 0.129710769559
v 0.114729588678 0.0219303279202 0.129724858289
v 0.116099601625 0.0361217903798 0.134315202693
v 0.0833066754475 0.05069865675 -0.139844396549
v 0.0897468910013 0.0493127504026 -0.141343242504
v 0.0899037623725 0.0575069880314 -0.145118680366
v 0.0812171304834 0.0574152367066 -0.142205877189
v 0.0746634332196 0.0417786505256 -0.132934238606
v 0.0746525332472 0.0417656338298 -0.132909863793
v 0.0895577929674 0.0488563180379 -0.0713669924304
v 0.0963067539078 0.0439731215072 -0.0713786621694
v 0.0981136096032 0.0557166234098 -0.0607592197855
v 0.0848817248857 0.0558377639935 -0.0684302915818
v 0.105639916123 0.0487982629934 0.0633272558801
v 0.10968281867 0.0474351511036 0.0618892575264
v 0.109542695151 0.0532242225346 0.0566792007638
v 0.103311012157 0.0531119773402 0.0609232725988
v 0.103089080158 0.0459054789796 0.0676723899431
v 0.109838041098 0.0410222824488 0.0676607202041
v 0.100242937013 0.0426245859816 0.0729919977752
v 0.109894480006 0.0392231091812 0.0694105543964
v 0.100222531246 0.0362048434153 0.129695705878
v 0.117752542381 0.0514338579129 0.141038661345
v 0.117035211099 0.0447888375163 0.138120863354
v 0.11222596102 0.0514501750028 0.139425549609
v 0.0887343952654 0.0715313810513 -0.150535122773
v 0.0902402811865 0.0713316916773 -0.150760214522
v 0.0903036033516 0.0730923256323 -0.151271322613
v 0.0884328747681 0.0730784572558 -0.150917418523
v 0.0776694074108 0.072998663843 -0.148881187746
v 0.0852540845938 0.0680693978186 -0.148902322009
v 0.0900117457359 0.0649774036761 -0.148915578957
v 0.0795536806444 0.0621522658066 -0.144041971917
v 0.0899397023724 0.0599933593504 -0.146382398505
v 0.0757519834969 0.0729784113232 -0.148238236768
v 0.0924857402501 0.0644119552547 -0.0561634567677
v 0.0988596096108 0.0602695907314 -0.0561812171853
v 0.100706211581 0.0708237740719 -0.0443803666462
v 0.0885148695807 0.0709510819495 -0.0521765118975
v 0.10511230478 0.0645858550067 0.0476446704482
v 0.109155207326 0.0632227431168 0.0462066720944
v 0.108901823195 0.069036513886 0.0398328172879
v 0.10232038366 0.0689070061966 0.0448238507014
v 0.103010074731 0.0621168582093 0.0519782850784
v 0.109383944092 0.057974493686 0.0519605246607
v 0.0999756025527 0.0586326747687 0.0575275808249
v 0.109463319621 0.0555993581103 0.0543198627123
v 0.106235458146 0.0667691147198 0.144646397265
v 0.113820135329 0.0618398486955 0.144625263001
v 0.118577796471 0.0587478545529 0.144612006054
v 0.119304431424 0.0667679623255 0.146723773255
v 0.0864770955571 0.0842520866659 -0.15347898124
v 0.0907065389943 0.0836811916142 -0.154121302849
v 0.0908950783121 0.0886358726017 -0.155454849134
v 0.0857164981328 0.0885974819445 -0.154475166286
v 0.0761900623974 0.0740446789444 -0.148878280045
v 0.0756046438613 0.0734397954806 -0.148403872986
v 0.0944013886615 0.0790112980842 -0.0409339270012
v 0.101260665778 0.0741612412119 -0.0409474091351
v 0.102612006784 0.0851084993956 -0.0264457781843
v 0.103079430832 0.0831643127179 -0.0284130708879
v 0.102427069443 0.0858777210812 -0.0256674145495
v 0.103052418779 0.0854355491446 -0.0256686436941
v 0.103477533106 0.0851349593552 -0.0256694792702
v 0.103711270217 0.0858409781382 -0.0237633565381
v 0.107616576633 0.0845435038416 0.0203148797637
v 0.107948891462 0.0843719315637 0.0201366706361
v 0.10784849458 0.0849387518332 0.0187482768433
v 0.107269151455 0.0849103608633 0.01997613941
v 0.106937498506 0.0848941080617 0.0206790462417
v 0.107562847842 0.0844519361251 0.0206778170971
v 0.107987962169 0.0841513463357 0.020676981521
v 0.103743292842 0.0796606441228 0.0312568088208
v 0.1084223405 0.0777576253486 0.0292644886395
v 0.100174664329 0.0847205877768 0.0276845451245
v 0.101918770434 0.0773719430517 0.0363101743174
v 0.108778047551 0.0725218861795 0.0362966921836
v 0.0991877143256 0.0741997700081 0.0416268269112
v 0.108839257319 0.0707982932077 0.0380453835325
v 0.104756113132 0.0678151298212 0.144649304966
v 0.120664686485 0.0821438573697 0.150439769439
v 0.11956866845 0.0697548144923 0.147445625948
v 0.109261118787 0.082144862912 0.148627117654
v 0.0848358849884 0.0974947197983 -0.15590642338
v 0.0912601724807 0.0965639604582 -0.156946189997
v 0.0916096338305 0.104152578746 -0.158373673743
v 0.0841823663595 0.104097517769 -0.156968584647
v 0.0957050851374 0.093032544644 -0.0256886833556
v 0.099742601431 0.0957090926052 -0.0157141329663
v 0.0983017899989 0.100985800103 -0.0103719937306
v 0.101909622833 0.0971456531767 -0.0103605783072
v 0.105517455666 0.0933055062503 -0.0103491628837
v 0.103038292337 0.0968995182739 0.00123695181799
v 0.106271318321 0.093141107451 -0.00260292289715
v 0.0990556526536 0.100821401304 -0.002625753744
v 0.0998052663534 0.100657929097 0.00507682653314
v 0.103413099187 0.0968177821703 0.00508824195656
v 0.107020932021 0.0929776352438 0.00509965737999
v 0.101546835465 0.0940344526243 0.0141753684455
v 0.107322210556 0.0900510371358 0.010068509627
v 0.09746475378 0.100543231228 0.0100373199771
v 0.100215514201 0.0920489316245 0.0206577774356
v 0.0980021936606 0.0894300060206 0.0253927707694
v 0.110837674376 0.0874912654743 0.149660335419
v 0.121264046611 0.0896058489444 0.151627320622
v 0.121901860988 0.0975465932393 0.152891063712
v 0.113803015814 0.0975473073783 0.151603713424
v 0.0845320806302 0.111870353107 -0.157212829036
v 0.0920051992987 0.110614835972 -0.158596547439
v 0.0925563382168 0.119618658963 -0.158907075979
v 0.0848781302799 0.119561737676 -0.157454514012
v 0.0975537370359 0.116439316482 -0.0105847820829
v 0.0979643615454 0.107956504574 -0.0104679773684
v 0.0986425430731 0.107808609957 -0.00349939120053
v 0.0981398204452 0.116311506186 -0.00456254087937
v 0.0990572133904 0.116111445475 0.00486403818082
v 0.0994678378998 0.107628633567 0.00498084289534
v 0.0973971219764 0.10515197655 0.0096452567711
v 0.0972376039693 0.116022274699 0.00872052701409
v 0.11448457186 0.105213784604 0.151665474803
v 0.122490219207 0.106593240521 0.152929626185
v 0.122906886623 0.112999955035 0.152956935612
v 0.115176829325 0.113000636655 0.151728205926
v 0.0874010187403 0.128933814352 -0.155859788345
v 0.0932367811242 0.127635241013 -0.157261046882
v 0.0938624378324 0.135006363971 -0.155747548636
v 0.0890260491975 0.134970510101 -0.154832601523
v 0.0895896848824 0.132533425911 -0.0416439948406
v 0.105366236586 0.131340793922 -0.0272923913546
v 0.106366277067 0.131736048082 -0.0269097378103
v 0.106338843642 0.13228556845 -0.0275474939341
v 0.101400992433 0.127489020842 -0.0262523577611
v 0.106389620647 0.131268451622 -0.0263670600077
v 0.107073244406 0.126546944524 -0.0163488804262
v 0.0939439088827 0.120062668491 -0.0226781984611
v 0.107451048057 0.123937610664 -0.0108123484121
v 0.108176966787 0.123779305744 -0.00335324342177
v 0.108954524412 0.123609739658 0.00463647185166
v 0.110671746191 0.129501529036 0.0181789386305
v 0.105911421497 0.126505407823 0.0200941030301
v 0.11090004971 0.130284838603 0.0199794007834
v 0.11107611122 0.131252487562 0.0211298232298
v 0.104345216841 0.131079786785 0.0281022362474
v 0.0971070666547 0.130894070878 0.035600106478
v 0.0970581093243 0.13089310751 0.0356372332601
v 0.113760077075 0.119233024826 0.150006439323
v 0.123221038085 0.120557402511 0.15119207841
v 0.123552517029 0.128531692041 0.149329877932
v 0.111646056773 0.128532741928 0.147437288963
v 0.0875843003198 0.142959920603 -0.150005691083
v 0.0950812357698 0.145288615478 -0.150129958177
v 0.0958919129311 0.150236318677 -0.145155049176
v 0.0882141363112 0.150155223244 -0.142580535553
v 0.090066114237 0.148657913844 -0.0728059122686
v 0.100815292243 0.145321529287 -0.0605359834683
v 0.104026599838 0.145968135719 -0.0599348749545
v 0.103702274314 0.148533072038 -0.0649004652964
v 0.0987191336428 0.142989716069 -0.0573670527681
v 0.104188394884 0.14468857565 -0.0574577097045
v 0.104747022553 0.140861152653 -0.0492914455242
v 0.0950668647261 0.138850118421 -0.0511658315659
v 0.105252400057 0.137398571782 -0.0419036156031
v 0.105525946423 0.136111212274 -0.0382890101473
v 0.112769781829 0.13575921675 0.0353404857155
v 0.113869543037 0.139514389596 0.0440253507625
v 0.109243468124 0.140694619023 0.050774689078
v 0.114712729365 0.142393478605 0.0506840321416
v 0.115664410569 0.145924425988 0.0580152642555
v 0.111012881905 0.145840642564 0.0611831760075
v 0.103597401427 0.145707074786 0.0662334701049
v 0.102153944816 0.145679209545 0.0673031155453
v 0.120491842474 0.141170487434 0.140408786139
v 0.123561029228 0.141640122852 0.140833737484
v 0.123474771952 0.144221179349 0.138269848135
v 0.115899265518 0.144243545837 0.136058691267
v 0.116150351055 0.13673037148 0.143521893928
v 0.123647286505 0.139059066355 0.143397626834
v 0.123586357789 0.132290859711 0.147211559929
v 0.110137636123 0.130797234189 0.145918296399
v 0.0854316228312 0.15371601384 -0.134671693665
v 0.0972685813562 0.155794648151 -0.134844956478
v 0.0980914643678 0.157264214123 -0.127469153738
v 0.0873671730289 0.15496803227 -0.129614499854
v 0.0913014693424 0.157512947664 -0.119334994319
v 0.0989864038793 0.158862463976 -0.119447482116
v 0.099850657537 0.15849702715 -0.110451067749
v 0.0918562719714 0.157169468285 -0.111663080288
v 0.0924193831945 0.156820845038 -0.10387627347
v 0.100470952877 0.158234744476 -0.103994127868
v 0.101123295699 0.156760310651 -0.0964188397585
v 0.0916382536267 0.155383211799 -0.0976572459696
v 0.0904678189433 0.153229080301 -0.0883387336725
v 0.101804820451 0.155219919441 -0.0885046783932
v 0.102204540529 0.153855487482 -0.0835611414748
v 0.0897186792135 0.152155461091 -0.0850776846991
v 0.103058799832 0.150939500116 -0.0729960919719
v 0.10319840968 0.150417395405 -0.0712396443697
v 0.116590087022 0.147988661058 0.0660432904017
v 0.116930611731 0.148692774558 0.0690326987886
v 0.107006058842 0.14962249923 0.0815982892285
v 0.118343060351 0.151613338369 0.0814323445078
v 0.119153601237 0.152756216997 0.0888969788944
v 0.108727229001 0.150641633527 0.0869299936913
v 0.111964575803 0.152558521954 0.0969583899584
v 0.120016145485 0.153972421392 0.0968405355609
v 0.120907385176 0.15395601656 0.105881869889
v 0.112901737829 0.152576560644 0.104617718507
v 0.113853614659 0.152594882567 0.112397309636
v 0.121538549196 0.153944398878 0.11228482184
v 0.122165815397 0.152132586538 0.119826907546
v 0.112704854388 0.150808208853 0.118641268459
v 0.110990720857 0.14814220673 0.127958250818
v 0.122827679382 0.150220841041 0.127784988005
v 0.123058746446 0.148078451724 0.131528974497
v 0.10961002478 0.146584826202 0.130235710967
v 0.0893342582374 -0.147455511425 -0.134256031849
v 0.0931836828785 -0.147488741568 -0.134350337599
v 0.0927460715066 -0.143431331073 -0.141440967656
v 0.0822145610856 -0.143477196873 -0.140943343616
v 0.0874753384799 -0.149648078185 -0.130341333689
v 0.0934267390687 -0.149742290722 -0.130412090929
v 0.086446700862 -0.151503300846 -0.122487850254
v 0.0940681026353 -0.151594822267 -0.122700502167
v 0.0854399727009 -0.153319008209 -0.114801642012
v 0.0947158692546 -0.153465848559 -0.114911924765
v 0.0861782405826 -0.153332289839 -0.108524297217
v 0.0953169215135 -0.153476911982 -0.108814446752
v 0.0872559385557 -0.153351677904 -0.0993608459438
v 0.0962382729657 -0.153493871073 -0.0994676384854
v 0.0894237850989 -0.152184346303 -0.0916152459843
v 0.0970615405206 -0.152333047591 -0.0918857984991
v 0.0915596454974 -0.151034238449 -0.0839839308125
v 0.0979113581003 -0.15113478805 -0.0840594474323
v 0.095975016105 -0.148235949663 -0.0719353124789
v 0.0992781285653 -0.148308674376 -0.0720608024461
v 0.0971823016287 -0.147470819429 -0.0686408840407
v 0.0996643314286 -0.147510110739 -0.0686703933262
v 0.100714178583 -0.145168978146 -0.059565483746
v 0.0938881174002 -0.145183307139 -0.0599575988287
v 0.111088071675 -0.149846774117 0.0684299348784
v 0.113037281436 -0.149868809699 0.0683769306872
v 0.112465828149 -0.147731722255 0.061187410969
v 0.103979353438 -0.147775170505 0.061889539763
v 0.110713588819 -0.150421658488 0.0703984983328
v 0.113195618619 -0.150460949797 0.0703689890473
v 0.108958775814 -0.153252192938 0.0808337040873
v 0.114030508532 -0.153310820354 0.0806944876668
v 0.108097885397 -0.15464081952 0.0859530920885
v 0.114449597999 -0.154741369122 0.0858775754687
v 0.107446093248 -0.156135240197 0.0937543289789
v 0.115109082451 -0.156231944553 0.0935357952868
v 0.106801131164 -0.157614000988 0.101473817485
v 0.115783465574 -0.157756194157 0.101367024943
v 0.107289474761 -0.157869481035 0.107811629696
v 0.116375515232 -0.158006533564 0.107529942517
v 0.107992118018 -0.158237073307 0.116930661944
v 0.117268014572 -0.158383913657 0.116820379191
v 0.110555323051 -0.156704336907 0.124737699895
v 0.118120258042 -0.156861913584 0.124459350514
v 0.113034436506 -0.155221885296 0.132288610794
v 0.118985837095 -0.155316097832 0.132217853554
v 0.120433935225 -0.149469369328 0.143062894879
v 0.115743146736 -0.149482730131 0.142956521422
v 0.0888066468937 -0.131667919412 -0.149938617281
v 0.0926560715348 -0.131701149555 -0.150032923031
v 0.0926916681538 -0.127746934018 -0.152261151909
v 0.0867442147819 -0.12777083314 -0.152073068596
v 0.0820478675761 -0.138489265606 -0.145898099107
v 0.0925919814771 -0.138820530816 -0.146021100515
v 0.0797394778684 -0.140950843104 -0.143350290589
v 0.0926690264918 -0.141125930944 -0.143731034085
v 0.0896652759123 -0.141782296895 -0.0531691393347
v 0.101526538617 -0.142154943066 -0.0533075058223
v 0.0931950106991 -0.139161179739 -0.0469401497361
v 0.102246286859 -0.13969733769 -0.0476236207096
v 0.0983155504315 -0.13535875963 -0.0379038366251
v 0.103469486153 -0.135520681211 -0.0379639593963
v 0.105065897758 -0.130706170823 -0.0228011906398
v 0.105275022846 -0.130716284848 -0.0228146898699
v 0.101092521103 -0.130514004349 -0.0225447052677
v 0.105159333169 -0.130641771686 -0.0225921462961
v 0.105301348828 -0.130646233403 -0.022593802967
v 0.105390680656 -0.130516274552 -0.021773724494
v 0.109680281872 -0.131601717039 0.0236324070314
v 0.109801033619 -0.131604799991 0.0236273917106
v 0.109741056097 -0.131464983835 0.0229281213805
v 0.109065983732 -0.131470307526 0.0230706422047
v 0.105602950167 -0.131497617369 0.0238017555235
v 0.109669762232 -0.131625384705 0.023754314495
v 0.109811777892 -0.131629846422 0.0237526578242
v 0.106801052982 -0.135642450881 0.0354075697033
v 0.110682618494 -0.135728182464 0.0352598302311
v 0.0955315512113 -0.131556644134 0.0249814137292
v 0.105832932204 -0.136998114662 0.0393402646935
v 0.110986867925 -0.137160036243 0.0392801419223
v 0.103215507854 -0.140281549239 0.0465906861704
v 0.111466626793 -0.140447091693 0.0462934673888
v 0.100189610394 -0.14407739394 0.0549726025113
v 0.112050873098 -0.144450040111 0.0548342360237
v 0.0991921832699 -0.145291517867 0.0574068485005
v 0.112188982192 -0.145542279252 0.0569487571856
v 0.110613918311 -0.144718814729 0.147629485903
v 0.121158032212 -0.145050079939 0.147506484496
v 0.1224400686 -0.134234324369 0.153415548796
v 0.112862795394 -0.134264794348 0.153346452114
v 0.0853914781746 -0.119928116819 -0.153853021118
v 0.0930128799479 -0.120019638241 -0.154065673031
v 0.0933372985597 -0.112215197012 -0.155888209589
v 0.0840675541673 -0.112252446358 -0.155595061559
v 0.0908312945176 -0.129639280251 -0.0224329333917
v 0.0916739084627 -0.12901991446 -0.0208897530847
v 0.0991708769313 -0.123509246343 -0.00715965264018
v 0.10723264983 -0.12419647676 -0.0072474666528
v 0.0998853450546 -0.123665054169 0.000181792795467
v 0.107877446354 -0.124337090934 -0.000621924728342
v 0.100674353286 -0.123837117349 0.00828916762354
v 0.108736126184 -0.124524347766 0.00820135361093
v 0.0988850060528 -0.126114063254 0.0135318727202
v 0.109049423197 -0.126688160906 0.0127925716606
v 0.095341723581 -0.13062289327 0.0239135273995
v 0.0949664157052 -0.131035304981 0.0244358250568
v 0.115207406495 -0.126700376275 0.154910813384
v 0.123098188081 -0.126480743928 0.155007576288
v 0.123746168215 -0.118846619362 0.156575076139
v 0.117635673302 -0.118866059827 0.156530991051
v 0.0845954065516 -0.105969513799 -0.155572053513
v 0.0937340874824 -0.106114135942 -0.155862203048
v 0.094342324195 -0.0967618352161 -0.155822337689
v 0.0853659472437 -0.0967979057005 -0.155538467163
v 0.118015829105 -0.109688181483 0.15621312896
v 0.124315319547 -0.109548531934 0.156254398853
v 0.124692872601 -0.103380539144 0.156041673902
v 0.118276251623 -0.103400953546 0.155995380222
v 0.0873133397242 -0.0890339782504 -0.154345587712
v 0.0949510951458 -0.0891826795377 -0.154616140227
v 0.0955794986981 -0.0813590993465 -0.153371043416
v 0.0892319988158 -0.0813846060065 -0.153170308961
v 0.104957962831 -0.0885001540244 -0.0118583376697
v 0.109127088509 -0.0881987650978 -0.0116203684323
v 0.10871793396 -0.0842242671159 -0.0183683715742
v 0.0954035201728 -0.0842172347055 -0.0207566396032
v 0.102535142936 -0.0912554155723 -0.00766345448496
v 0.109361314665 -0.0904740211888 -0.00775738112649
v 0.11027870761 -0.0906740818997 0.0016691979337
v 0.103378916921 -0.0914394218089 0.00100666034575
v 0.10403861929 -0.0915832865788 0.00778536577876
v 0.110864791019 -0.0908018921953 0.00769143913723
v 0.112268992858 -0.0849986652311 0.0181201774512
v 0.108222572173 -0.085030575725 0.0189744550667
v 0.117267447609 -0.0956891771832 0.154534071235
v 0.125054140985 -0.0955355289314 0.154565960651
v 0.12540742812 -0.0878638330005 0.153122849293
v 0.116247599548 -0.0878929748837 0.153056764328
v 0.0933369593865 -0.0692979895963 -0.150348239639
v 0.0966400718468 -0.0693707143095 -0.150473729606
v 0.0969397537592 -0.0659832043024 -0.149655047232
v 0.094459370145 -0.0659931714237 -0.149576607143
v 0.106346119084 -0.0694880362944 -0.0401236753098
v 0.107529162834 -0.0694396391913 -0.0400935746035
v 0.107488106378 -0.0682835391096 -0.0412665094231
v 0.104990705912 -0.0682883809217 -0.0414285623105
v 0.105137170915 -0.0707631596468 -0.0389138306675
v 0.107569329396 -0.0705706809461 -0.0389460630018
v 0.107959661702 -0.0763160777316 -0.0312293303052
v 0.0997277783247 -0.0766964049002 -0.0314826993867
v 0.0936485586063 -0.0833643442184 -0.0231313957865
v 0.108359414777 -0.0822001411023 -0.0233263523392
v 0.108459851002 -0.0827671834962 -0.0219374144653
v 0.0934494870492 -0.0836166963891 -0.0225566882402
v 0.0981589876697 -0.0843479572378 0.0232150650047
v 0.11286984384 -0.0831837541218 0.023020108452
v 0.113893216386 -0.0781179562133 0.0300728597751
v 0.101784727848 -0.0813600729448 0.0269957943762
v 0.112654552687 -0.0724025146792 0.0383302706511
v 0.115086711168 -0.0722100359785 0.0382980383169
v 0.115450550461 -0.0700199512239 0.0405507849636
v 0.10332826752 -0.0700840150445 0.0416465999032
v 0.115132619698 -0.0828647180745 0.151692870698
v 0.12560510356 -0.0826690611169 0.151724682839
v 0.12599890308 -0.0723202860311 0.148939322772
v 0.112803776383 -0.0723622661663 0.148844124541
v 0.0909540077965 -0.0573866251711 -0.147170326675
v 0.0977638598875 -0.0568872752702 -0.147260006525
v 0.0984683010773 -0.050644009637 -0.144209780866
v 0.0866212162535 -0.050695604898 -0.143649994664
v 0.105038362536 -0.0543613539191 -0.0564601916346
v 0.106896803134 -0.0542913445481 -0.0564189726928
v 0.106835894002 -0.0524687746929 -0.0582294202542
v 0.102974545622 -0.0524768802801 -0.0584512308854
v 0.103105533003 -0.0563963853452 -0.0545577952695
v 0.106957712266 -0.0561139144034 -0.0546085251314
v 0.107209351709 -0.0618876541708 -0.0482785578125
v 0.0975976799405 -0.0622663795596 -0.0485085165335
v 0.113629867484 -0.0586914823905 0.0535839465766
v 0.117482046747 -0.0584090114488 0.0535332167147
v 0.11805449286 -0.0549152736271 0.0570461654582
v 0.107026084171 -0.0549717358302 0.0579586012524
v 0.124234733281 -0.0589191857494 0.144082083414
v 0.126391407213 -0.0588624181932 0.144105242456
v 0.126422085784 -0.056740038683 0.14302652607
v 0.123151699881 -0.0567493537436 0.142952363217
v 0.119520058531 -0.0636161742943 0.146357258335
v 0.126329910622 -0.0631168243934 0.146267578486
v 0.126070719312 -0.0703234797586 0.148359654387
v 0.112365302583 -0.0705760800004 0.148321507022
v 0.090029342637 -0.04443562766 -0.141035662328
v 0.099080618797 -0.04497178561 -0.141719133302
v 0.100121241834 -0.0353319421039 -0.137486322215
v 0.0949734666614 -0.0353543611891 -0.137243084865
v 0.105290896397 -0.0379128522679 -0.0714888461738
v 0.106473940146 -0.0378644551648 -0.0714587454675
v 0.106437707026 -0.0367094069332 -0.0725821185887
v 0.10399927693 -0.0367142215306 -0.0727363021646
v 0.104020140077 -0.0392463642927 -0.0702774144039
v 0.106510976014 -0.0390450935888 -0.0703104839186
v 0.106681740365 -0.0461000621576 -0.0639611432445
v 0.0970700685968 -0.0464787875464 -0.0641911019655
v 0.117551427267 -0.0421972033511 0.0687619679696
v 0.120042263205 -0.0419959326471 0.0687288984549
v 0.120404409856 -0.0397551993732 0.0709313334562
v 0.10821546346 -0.0398191668445 0.0720123532966
v 0.119421188365 -0.0483640348093 0.138995537021
v 0.126586151268 -0.0481700137386 0.139077946821
v 0.126720875049 -0.0411326642025 0.135835537082
v 0.11621736213 -0.041162581424 0.13559734792
v 0.101372618353 -0.0201930267306 -0.132579288664
v 0.10158174344 -0.0202031407556 -0.132592787894
v 0.101603038571 -0.019982552293 -0.132521436754
v 0.101461192664 -0.0199831700464 -0.132514734398
v 0.0973992416974 -0.0200008602565 -0.132322803292
v 0.0871691352856 -0.0200573379105 -0.131286023281
v 0.0981449442936 -0.0293336288605 -0.0785304556827
v 0.106376827671 -0.0289533016918 -0.0782770866011
v 0.106314478978 -0.0210100009148 -0.0841095040877
v 0.0915656890803 -0.0210391218994 -0.0850420799976
v 0.116210885372 -0.0300444394695 0.078498531182
v 0.121521504956 -0.031561189152 0.0768856272749
v 0.122479367926 -0.0245351633781 0.0819911886187
v 0.120709704645 -0.0245444505537 0.0821481374685
v 0.122958339723 -0.0255746673667 0.130307141192
v 0.115037762303 -0.0374445033732 0.134269523519
v 0.126842548223 -0.0371013309545 0.134428998547
v 0.127190808334 -0.0255626119999 0.130403121285
v 0.101669317634 -0.0191627909099 -0.132386572793
v 0.0879806290569 -0.0185067703675 -0.130667851109
v 0.103238035975 -0.00466657175851 -0.12598235322
v 0.0952007127632 -0.00471094364876 -0.12516780294
v 0.102319906113 -0.00956219395822 -0.0902712648296
v 0.106489031791 -0.00926080503153 -0.0900332955923
v 0.106517585104 -0.00538176030844 -0.0922836755568
v 0.0996655784501 -0.00539010222429 -0.0929576596491
v 0.0932117347159 -0.0186329462172 -0.0859047132519
v 0.106439153852 -0.016036857839 -0.0861022521099
v 0.106349405627 -0.0196168154432 -0.0846677561932
v 0.0913390416744 -0.0204663283361 -0.0852870299682
v 0.109749974615 -0.0222395272885 0.0840323096491
v 0.122977393751 -0.0196434389103 0.0838347707911
v 0.124227991822 -0.00924396197096 0.0896978297512
v 0.115840253339 -0.00929456644165 0.0907473582627
v 0.122518376605 -0.0148726441756 0.125299568139
v 0.127420520833 -0.0145661684863 0.125531086253
v 0.127507540951 -0.0099591505209 0.123396507414
v 0.12017816852 -0.00997168597609 0.122843212915
v 0.12722841566 -0.0247365980201 0.13024337169
v 0.127196521754 -0.0254371214145 0.130378851635
v 0.095664454305 0.00263568193714 -0.12527889066
v 0.103656555605 0.00196364517212 -0.126082608184
v 0.104213900986 0.0107931492483 -0.126216118388
v 0.0961765777739 0.010748777358 -0.125401568108
v 0.100213248858 0.00328613027057 -0.0930888522461
v 0.107113039548 0.00405147017978 -0.0924263146582
v 0.107493450115 0.0100779606983 -0.092517440725
v 0.100641443461 0.0100696187825 -0.0931914248173
v 0.116280442254 -0.00232106321438 0.0906419124947
v 0.124608402389 -0.00321747145242 0.0896067036844
v 0.125203856833 0.0062157590358 0.089464064583
v 0.11681611835 0.00616515456511 0.0905135930945
v 0.120694978038 -0.00178435385424 0.12271941294
v 0.128064886332 -0.00112964644476 0.12326299721
v 0.128483405962 0.00550057048586 0.123162742246
v 0.121154033531 0.00548803503067 0.122609447746
v 0.104404168436 0.0262742030937 -0.133193447288
v 0.104524920182 0.0262711201419 -0.133198462609
v 0.104530633603 0.0263966107273 -0.133222732259
v 0.104388787696 0.0263959929739 -0.133216029903
v 0.10032683673 0.0263783027638 -0.133024098796
v 0.103813372474 0.0257023623476 -0.133056639321
v 0.104493026277 0.0255705967475 -0.133062982664
v 0.0941365039596 0.0159742648653 -0.127611396168
v 0.104300921104 0.0154001672137 -0.128350697227
v 0.0900967303179 0.0263218251098 -0.131987318786
v 0.104670166114 0.0212672478519 -0.086616359421
v 0.108744048186 0.0204774376376 -0.0866543817649
v 0.10924207401 0.0253691621054 -0.0848107995925
v 0.0944932841126 0.0253400411209 -0.0857433755024
v 0.124074267008 0.0205161360842 0.081934495409
v 0.12537203631 0.0204508141706 0.0818481452194
v 0.125406962959 0.0218439996422 0.0812898931139
v 0.123637299677 0.0218347124666 0.0814468419638
v 0.121208406013 0.0176606667806 0.08332066348
v 0.125282288085 0.0168708565663 0.0832826411361
v 0.114507409813 0.0108098953926 0.0881039750343
v 0.125232410146 0.0100948037589 0.0872136846184
v 0.125885934756 0.0208044956536 0.129605845687
v 0.1293724705 0.0201285552374 0.129573305162
v 0.130052124303 0.0199967896373 0.129566961819
v 0.130118403366 0.0208165510203 0.129701825781
v 0.100997328201 0.0380210612651 -0.137100870048
v 0.104878893714 0.0379353296819 -0.137248609521
v 0.105000566888 0.0419666629299 -0.138655148056
v 0.0998527917153 0.0419442438447 -0.138411910707
v 0.0902193778904 0.0273982875524 -0.132916275413
v 0.0896903022683 0.0268406151519 -0.132390029263
v 0.0980914484423 0.0291530711479 -0.0827823036477
v 0.11019993698 0.0323951878794 -0.0797052382487
v 0.11131703208 0.0405891981006 -0.07375094443
v 0.108878601984 0.0405843835032 -0.0739051280059
v 0.118084517659 0.0300748509235 0.0758620345852
v 0.125344614265 0.0297873004192 0.0754574756273
v 0.12528373491 0.0375434056606 0.0697625076149
v 0.113094788513 0.0374794381893 0.0708435274553
v 0.115778475916 0.0218244804421 0.12971366907
v 0.131600200102 0.0361659408313 0.134666711241
v 0.130139698497 0.0210371394829 0.12977317692
v 0.121096687184 0.0361360236098 0.134428522078
v 0.0968841717294 0.0491695549195 -0.141600339013
v 0.105135290668 0.049004012466 -0.141897557795
v 0.105299356153 0.0575740374103 -0.145846137044
v 0.0934522713289 0.0575224421493 -0.145286350842
v 0.0995245472255 0.0437338261708 -0.0714142150105
v 0.111679178732 0.0428299313745 -0.0715485094288
v 0.113666949077 0.0557492723545 -0.059865776432
v 0.109805600697 0.0557411667672 -0.0600875870632
v 0.119052463389 0.047129422568 0.0614330503626
v 0.125039701571 0.0469340608849 0.0611415322707
v 0.124885547935 0.0533027734202 0.0554098092804
v 0.113857139246 0.0532463112172 0.0563222450746
v 0.113055834416 0.0407829871124 0.0676251673631
v 0.125210465922 0.0398790923161 0.0674908729448
v 0.11154373327 0.039166749628 0.0693276868795
v 0.12524750179 0.0386984538921 0.0686391344937
v 0.126467669249 0.0454035079506 0.138591506105
v 0.13264082314 0.0458057843374 0.138899522328
v 0.133253140859 0.0514780083644 0.141390169892
v 0.129982754956 0.0514686933038 0.141316007039
v 0.103701512864 0.0711795140684 -0.151126261169
v 0.105650722624 0.071157478486 -0.151179265361
v 0.105722538856 0.0731542847585 -0.151758933746
v 0.103242155242 0.0731443176371 -0.151680493658
v 0.0968846282504 0.0645186477648 -0.148992267856
v 0.105391531314 0.0639508231208 -0.14908718946
v 0.0923332358019 0.0599471783053 -0.146466762115
v 0.105330034724 0.0596964169206 -0.14692485343
v 0.103184439289 0.0599809140116 -0.0562294744379
v 0.114239395189 0.0592430101761 -0.0563528276885
v 0.116270891475 0.0708539499513 -0.0433703959374
v 0.113773491009 0.0708491081392 -0.0435324488248
v 0.118524852045 0.0629170145812 0.0457504649306
v 0.124512090228 0.0627216528982 0.0454589468387
v 0.124233335558 0.0691175378369 0.0384468984492
v 0.112111052617 0.0690534740163 0.0395427133889
v 0.113708773771 0.0576858169662 0.0519122674082
v 0.12476372967 0.0569479131307 0.0517889141576
v 0.111696175404 0.0555304573374 0.0542151337635
v 0.124824638803 0.0551253432755 0.053599361719
v 0.125450678985 0.0582890986416 0.144535317155
v 0.133957582049 0.0577212739976 0.144440395551
v 0.134781688177 0.0668172030297 0.146835436258
v 0.12158656148 0.0667752228946 0.146740238026
v 0.101044605659 0.0835616872607 -0.154405077392
v 0.106116338376 0.0835030598443 -0.154544293813
v 0.106314013817 0.0886978317278 -0.155942460267
v 0.0999665139343 0.0886723250678 -0.155741725812
v 0.104413968165 0.0739320962236 -0.0409823262952
v 0.116634730769 0.0730440347058 -0.0411176492907
v 0.112517605967 0.0804687046232 -0.0312795668418
v 0.117828225551 0.0789519549407 -0.032892470749
v 0.11707731555 0.0841466868692 -0.0258200724335
v 0.118851598096 0.0840177528491 -0.0258397194258
v 0.119452449078 0.0858326639585 -0.020939788425
v 0.106138035291 0.0858396963688 -0.023328056454
v 0.121963821633 0.0836665041372 0.0192041536811
v 0.123261590935 0.0836011822236 0.0191178034915
v 0.123003507977 0.0850582658433 0.0155487606004
v 0.118957087292 0.0850263553494 0.0164030382159
v 0.121587744614 0.0831630738498 0.0205263883577
v 0.12336202716 0.0830341398297 0.0205067413654
v 0.116501683628 0.0774376269633 0.0288142782892
v 0.123761780234 0.0771500764589 0.0284097193314
v 0.111931349937 0.0722927411912 0.0362617750234
v 0.124152112541 0.0714046796734 0.036126452028
v 0.110488510582 0.0707419336545 0.0379625160156
v 0.124192279103 0.0702736379186 0.0372739636297
v 0.122662719374 0.069844547992 0.147487210387
v 0.13508137009 0.0702047130369 0.147654118632
v 0.136141943238 0.0821930980739 0.150551432442
v 0.126982114667 0.0821639561906 0.150485347477
v 0.0990043117486 0.0964662320151 -0.157167037933
v 0.106667300952 0.0963695276587 -0.157385571625
v 0.107028569335 0.104214537872 -0.158861284876
v 0.0980521923838 0.104178467387 -0.15857741435
v 0.112436592664 0.0925523834824 -0.010422186265
v 0.120856650917 0.0916358909226 -0.010511050111
v 0.113114774191 0.0924044888651 -0.0034536000972
v 0.121442734327 0.091508080627 -0.00448880890751
v 0.113940069018 0.0922245124759 0.00502663399868
v 0.122360127272 0.0913080199162 0.00493777015269
v 0.111869353095 0.0897478554588 0.00969104787443
v 0.122594353427 0.0890327638251 0.00880075745853
v 0.128956802978 0.0898096635124 0.151711265906
v 0.136770346791 0.0900166782651 0.151796529253
v 0.137379117742 0.0975958339435 0.153002726715
v 0.130962496763 0.0975754195419 0.152956433035
v 0.0983200819184 0.11051958319 -0.158792322648
v 0.10740612239 0.110382530661 -0.159074009827
v 0.107975273721 0.119680618089 -0.159394687112
v 0.098705529329 0.119643368744 -0.159101539083
v 0.131745554285 0.106805193518 0.152997092664
v 0.137987354454 0.106948134669 0.153042592074
v 0.138384143377 0.113049195739 0.153068598615
v 0.132273648463 0.113029755274 0.153024513528
v 0.101058318865 0.127472319332 -0.15754883788
v 0.108623253856 0.127314742655 -0.157827187262
v 0.109281373337 0.135068323097 -0.156235159769
v 0.103333919965 0.135044423975 -0.156047076456
v 0.117682226286 0.132301252766 -0.0265187131281
v 0.117769874511 0.127215683944 -0.0158437007493
v 0.122672018739 0.127522159633 -0.0156121826345
v 0.121980385839 0.132298982563 -0.0257477323543
v 0.115677859449 0.12469001985 -0.0109228297002
v 0.122985315753 0.125358346494 -0.0110209645847
v 0.123843995582 0.125171089661 -0.00219768624547
v 0.116474087288 0.124516382252 -0.00274127051592
v 0.117181335803 0.124362148843 0.00452599056349
v 0.124488792107 0.125030475487 0.00442785567899
v 0.126330761281 0.13135027328 0.0189541135202
v 0.125655688915 0.131344949589 0.0190966343443
v 0.12219265535 0.131317639746 0.0198277476631
v 0.112121256394 0.131258612981 0.0210074058688
v 0.130878749209 0.12070387382 0.151218770293
v 0.138708561989 0.120853636968 0.151246062057
v 0.139029773783 0.128580932745 0.149441540935
v 0.129452500578 0.128550462767 0.149372444253
v 0.105878196862 0.145703879697 -0.150266740435
v 0.110563409725 0.145884078666 -0.15032609547
v 0.111287506711 0.150303368056 -0.145882505853
v 0.10075599629 0.150257502255 -0.145384881813
v 0.117375785813 0.146319510423 -0.0597915272016
v 0.119532459745 0.146376277979 -0.0597683681594
v 0.119255613788 0.148565720983 -0.0640070219428
v 0.112429552605 0.148551391989 -0.0643991370256
v 0.116404070224 0.14515840534 -0.0576124650703
v 0.119670568839 0.145284038839 -0.0576538469975
v 0.120254815144 0.14128109042 -0.0491130783626
v 0.11308985224 0.14108706935 -0.0491954881633
v 0.110243545915 0.137590537306 -0.0419668463768
v 0.120734574012 0.137994034971 -0.0420997528961
v 0.121038823442 0.136562181191 -0.0380794412049
v 0.109234037523 0.136219008772 -0.0382389162331
v 0.121909664045 0.132463845149 -0.026572268798
v 0.121920408318 0.132438798718 -0.0264470026845
v 0.126420093108 0.13148023213 0.0197741919932
v 0.126446419091 0.131550283576 0.0199950788961
v 0.117760927688 0.135951182273 0.0352772549418
v 0.128251955784 0.136354679938 0.0351443484225
v 0.129475155077 0.140531336417 0.0448040097358
v 0.123302001187 0.14012906003 0.0444959935133
v 0.126928404706 0.142863308295 0.0505292767758
v 0.13019490332 0.142988941793 0.0504878948485
v 0.131007263353 0.146002976873 0.0567458727721
v 0.122520788643 0.145959528623 0.0574480015661
v 0.136750069394 0.141912399647 0.140899877392
v 0.139052415445 0.141959929672 0.140911423112
v 0.13897537043 0.1442653298 0.138621356682
v 0.134284581941 0.144251968998 0.138514983225
v 0.134444247596 0.139474330574 0.143260844575
v 0.13912946046 0.139654529543 0.143201489541
v 0.139065370402 0.132535148282 0.147213312057
v 0.127353370202 0.132350310407 0.147211986331
v 0.103164663948 0.155930146308 -0.134918341209
v 0.112735604842 0.15615009656 -0.135037464528
v 0.113601183894 0.157695912311 -0.127278961488
v 0.105710402309 0.157476279963 -0.127375724392
v 0.108346972594 0.159077579654 -0.119563987067
v 0.114453427365 0.159217912384 -0.119639990165
v 0.115345926704 0.158840532291 -0.110349553491
v 0.109046436262 0.158700882742 -0.110390823384
v 0.109525597932 0.158442829708 -0.104106825185
v 0.115937976363 0.158590192884 -0.104186635917
v 0.116612359486 0.157065943281 -0.0963554062607
v 0.10882566611 0.156912295029 -0.0963872956766
v 0.10811807167 0.15536500457 -0.0885832553526
v 0.117271843937 0.155575367849 -0.0886971864425
v 0.117690933405 0.154144819082 -0.0835140986406
v 0.107218449543 0.153949162124 -0.0835459107821
v 0.105339420987 0.150991911181 -0.07302447739
v 0.118525823318 0.151294948525 -0.0731886000211
v 0.118684160501 0.150702808427 -0.071196541661
v 0.104978743771 0.150450208185 -0.0712346890257
v 0.118870708177 0.148041072122 0.0660149049835
v 0.132057110508 0.148344109466 0.0658507823524
v 0.132443313371 0.149142673103 0.0692411914723
v 0.120024662655 0.148782508058 0.0690742832266
v 0.124656311569 0.151758423498 0.0813537675483
v 0.133810083836 0.151968786778 0.0812398364585
v 0.134659901416 0.153167046318 0.0890661875253
v 0.126846357603 0.152960031565 0.0889809241784
v 0.12907079054 0.154180506624 0.0967278382434
v 0.135483168971 0.1543278698 0.0966480275116
v 0.136404520423 0.154310910709 0.105994835778
v 0.130162720254 0.154167969557 0.105949336368
v 0.130899117911 0.154159514557 0.112168316889
v 0.137005572682 0.154299847287 0.112092313791
v 0.137653339301 0.152428820995 0.119880891193
v 0.129823526521 0.152279057846 0.119853599429
v 0.128723761974 0.150356339198 0.127711603274
v 0.138294702868 0.15057628945 0.127592479956
v 0.138537759058 0.148322740295 0.131530726625
v 0.126825758858 0.148137902421 0.131529400899
v 0.106929217535 -0.145581169883 -0.132644468931
v 0.108981898145 -0.145296303888 -0.132389724126
v 0.108788739691 -0.143505392617 -0.135519476292
v 0.100496317001 -0.143467110355 -0.138580283184
v 0.105605703541 -0.147058603347 -0.130598183833
v 0.109089181366 -0.146291003976 -0.130651410895
v 0.103712863583 -0.14990750338 -0.121151890181
v 0.109962705512 -0.148814114297 -0.120148383699
v 0.102486296062 -0.151753601482 -0.115030655819
v 0.110378311552 -0.150014561813 -0.115151244731
v 0.103458894311 -0.151724216138 -0.107176190538
v 0.111320369728 -0.150031902048 -0.105594373541
v 0.104397985783 -0.151695843143 -0.0995923177759
v 0.111900715263 -0.150042584327 -0.0997069584513
v 0.107857503816 -0.149599439367 -0.0893006207474
v 0.113168778622 -0.148254589993 -0.0880287945021
v 0.109559478014 -0.148568074564 -0.0842374291038
v 0.113573800398 -0.147683501304 -0.0842987673981
v 0.114945135026 -0.144847950169 -0.0722600544064
v 0.113287361184 -0.144887446758 -0.0706838057677
v 0.111357727641 -0.144933420425 -0.0688490668133
v 0.105420656665 -0.14506481672 -0.0636705975567
v 0.124889014831 -0.147884259483 0.0701903155602
v 0.126846282524 -0.151130016245 0.0826904851898
v 0.129912302889 -0.150608284993 0.0831680036807
v 0.129131063964 -0.147941550401 0.0735060334997
v 0.126097717913 -0.152174655635 0.0856995937972
v 0.130112040297 -0.151290082376 0.0856382555028
v 0.124787262476 -0.154475900043 0.0951531607734
v 0.131021124003 -0.153344805325 0.0961949302441
v 0.123943178391 -0.155958166228 0.101242345653
v 0.131445907871 -0.154304907411 0.101127704977
v 0.124499942826 -0.156320865985 0.109100905567
v 0.132357830702 -0.154690500439 0.110620329718
v 0.125038441379 -0.156671666579 0.116701648137
v 0.132930456869 -0.154932626911 0.116581059225
v 0.129268478418 -0.153882701764 0.127286553654
v 0.134266219139 -0.152547122835 0.12855398718
v 0.131164801567 -0.152632410457 0.13203176065
v 0.134648279392 -0.151864811087 0.131978533588
v 0.135287459299 -0.149284107954 0.136765455386
v 0.127969431624 -0.149375382446 0.139868075092
v 0.106401606191 -0.12979357787 -0.148327054363
v 0.108454286801 -0.129508711874 -0.148072309558
v 0.108469998888 -0.127763350102 -0.149055833463
v 0.104960746359 -0.127759699007 -0.149768727117
v 0.100241426892 -0.135840092675 -0.146156571972
v 0.108425997919 -0.132651154611 -0.146301520488
v 0.095570070582 -0.140571206487 -0.143217649553
v 0.108607368805 -0.138078273614 -0.14091049839
v 0.115370252621 -0.14337002833 -0.0689201285145
v 0.115768268079 -0.141893303106 -0.0658540348531
v 0.106859680051 -0.14007700182 -0.0534019556027
v 0.117360555058 -0.135985566862 -0.0535879257951
v 0.11909027731 -0.130079370148 -0.0399282292903
v 0.118264765517 -0.130099442517 -0.0391245424818
v 0.117324704496 -0.130122300158 -0.038209334912
v 0.111821101651 -0.130299668933 -0.0308302257161
v 0.105683126576 -0.130497482101 -0.0226005642398
v 0.105591953617 -0.130503340837 -0.0223427886284
v 0.110193555639 -0.131481095121 0.0237458965514
v 0.112562673766 -0.131526470317 0.0262185772337
v 0.124842086269 -0.13176165519 0.0390347664066
v 0.121462587924 -0.137854755536 0.0487488677399
v 0.127590765971 -0.136265483898 0.0502541887721
v 0.126937651702 -0.131790688409 0.040706678047
v 0.117384014532 -0.142372098865 0.0547397862433
v 0.12788488954 -0.138280663907 0.054553816051
v 0.115160420195 -0.144795274257 0.0576548652398
v 0.128291234348 -0.141494251742 0.0607751637691
v 0.128901539812 -0.146320867388 0.070119253859
v 0.128973889816 -0.14683173486 0.0711868257022
v 0.128807477627 -0.142069641798 0.147371013039
v 0.136992048654 -0.138880703734 0.147226064523
v 0.137557930124 -0.134106708455 0.149834282219
v 0.127313955379 -0.134193181942 0.15226097493
v 0.102657640896 -0.118332319354 -0.152517061045
v 0.108907482824 -0.117238930271 -0.151513554563
v 0.109115629294 -0.112231613096 -0.152682891142
v 0.10116521976 -0.112223341334 -0.154297991926
v 0.119377228768 -0.128183329863 -0.038262040225
v 0.121333629199 -0.117430787503 -0.02547851375
v 0.121711085671 -0.115356254783 -0.0230121348178
v 0.121814641796 -0.11500095363 -0.0221954637271
v 0.106264892765 -0.129690427407 -0.0217961727658
v 0.118234567804 -0.115231007669 -0.0120734299724
v 0.116612859975 -0.115335217927 -0.00748833440693
v 0.117471539804 -0.11552247476 0.00133494393234
v 0.118116336329 -0.115663088934 0.00796048585679
v 0.125290805128 -0.116775510059 0.0225288304192
v 0.126203901071 -0.116218217502 0.0230762061539
v 0.126165017237 -0.115949662913 0.0225063821474
v 0.126221514734 -0.116339867802 0.0233343259734
v 0.126576401787 -0.123448628816 0.031584531298
v 0.126894610541 -0.129822684895 0.0389820610936
v 0.126917527363 -0.130870528053 0.0399003155894
v 0.128898056997 -0.128133618112 0.153249718698
v 0.137848419242 -0.130684334845 0.150536991492
v 0.13886402974 -0.118719003448 0.152993809562
v 0.131342643852 -0.118782494474 0.154775548854
v 0.10187606028 -0.104361440099 -0.154223946834
v 0.109737535697 -0.102669126009 -0.152642129837
v 0.110120654929 -0.0967782513004 -0.152617019242
v 0.102562411783 -0.0967703875562 -0.154152452653
v 0.12211705107 -0.100026511393 -0.0237489585067
v 0.122541028063 -0.100557975265 -0.0242914175613
v 0.122597060738 -0.0994990468206 -0.0244169645401
v 0.122122583918 -0.0995143381443 -0.0237807964938
v 0.12171884332 -0.0995273497981 -0.023239470014
v 0.121741743194 -0.100438923104 -0.0232266608494
v 0.122001076827 -0.110762194825 -0.0230816012201
v 0.121845055985 -0.114309461198 -0.0223400242927
v 0.118198460722 -0.10494775312 -0.0128450061702
v 0.118180226752 -0.0997547398002 -0.013234649882
v 0.11622461558 -0.099880406546 -0.0077055009479
v 0.116409113489 -0.107224699025 -0.00760230107349
v 0.11719812172 -0.107396762205 0.000505073754583
v 0.116950534309 -0.100038711466 -0.000246395957604
v 0.117728091934 -0.100208277552 0.00774331931583
v 0.117912589844 -0.107552570032 0.00784651919023
v 0.125409558312 -0.102041901914 0.0215766196348
v 0.125231675789 -0.100475443305 0.0213040945297
v 0.126229272384 -0.100510962818 0.0231069907772
v 0.126252172257 -0.101422536123 0.0231197999417
v 0.126511505891 -0.111745807844 0.0232648595711
v 0.127334328316 -0.10053212771 0.0242603526238
v 0.1316919886 -0.111133699555 0.154539887668
v 0.139229196336 -0.112753365229 0.152788063522
v 0.139810734126 -0.10325292323 0.152460407326
v 0.132048936149 -0.10331844367 0.15429909778
v 0.105747058441 -0.0864490713143 -0.152030962475
v 0.111058333248 -0.0851042219396 -0.15075913623
v 0.111357829432 -0.0813755154308 -0.150165724969
v 0.107313804558 -0.0813713079481 -0.15098725595
v 0.122154977629 -0.0837598169666 -0.0389575005126
v 0.12217701281 -0.0837719279601 -0.0389700575219
v 0.122176850204 -0.0837348762676 -0.0389959637399
v 0.122146738625 -0.0837356084324 -0.0389666482542
v 0.122112448718 -0.0837364421936 -0.0389332649085
v 0.12214107272 -0.0837756723533 -0.0389330485377
v 0.122177246821 -0.0838252501784 -0.0389327750951
v 0.122394776099 -0.0919467286061 -0.031411314598
v 0.117881909162 -0.0889813592064 -0.028350677725
v 0.115851494149 -0.0839382187156 -0.0305387152414
v 0.110470870798 -0.0841116241371 -0.0233244942364
v 0.115842641798 -0.0914738174469 -0.0232838886382
v 0.114737722232 -0.0932465555212 -0.0167976073588
v 0.109924375099 -0.0841467417193 -0.0217793731223
v 0.113192811718 -0.0957252171116 -0.0077284185684
v 0.113598062123 -0.0958135922016 -0.00356430874028
v 0.114696288073 -0.0960530881181 0.00772040169532
v 0.116737116671 -0.0947558629572 0.0132554808015
v 0.114981299861 -0.0850952371565 0.0230219665548
v 0.120353070862 -0.0924574304664 0.023062572153
v 0.129613346078 -0.0854491658641 0.0382371348413
v 0.129181923496 -0.0853672185623 0.0378433498126
v 0.129629830491 -0.085375797226 0.0383108364101
v 0.129658454492 -0.0854150273857 0.038311052781
v 0.129694628593 -0.0854646052108 0.0383113262235
v 0.129706268872 -0.0853768562491 0.0383718214871
v 0.131435745046 -0.0967177745244 0.153273348281
v 0.140038291691 -0.0983114683296 0.151530877564
v 0.140525289644 -0.0877362170859 0.149541582716
v 0.130609149567 -0.0878199231896 0.151890614752
v 0.108719670922 -0.0659954603589 -0.147261993973
v 0.110711089795 -0.0677982747921 -0.147260241504
v 0.112421944235 -0.0693470966501 -0.147258735935
v 0.112785070695 -0.0660142284205 -0.145761418797
v 0.121499360024 -0.0680806670374 -0.0547473829558
v 0.121624807714 -0.0681344358796 -0.0548035682371
v 0.121619754764 -0.0679408545022 -0.0549815100417
v 0.121431972777 -0.0679450103995 -0.0548177216599
v 0.12119509183 -0.0679502529305 -0.0546111078756
v 0.12142917761 -0.0681621687803 -0.0546109018777
v 0.121630283817 -0.0683442285054 -0.0546107249022
v 0.121900572872 -0.0759552410691 -0.0468888833513
v 0.116815813308 -0.0736499509915 -0.0444846299724
v 0.113896948906 -0.0681277077165 -0.0475059141687
v 0.114289838166 -0.0766546999221 -0.0389401488855
v 0.112653929591 -0.0787773016992 -0.0337846102497
v 0.109335137962 -0.0830834549371 -0.0233254936928
v 0.10922830379 -0.0832809224264 -0.0224674467003
v 0.113845567025 -0.0840670679566 0.0230209670983
v 0.114721870351 -0.0834316583814 0.0247030965541
v 0.121807219938 -0.0782940549546 0.0383039524331
v 0.131658713502 -0.0706849622436 0.0530884256465
v 0.131719426311 -0.0702453499759 0.0535306339705
v 0.131953512091 -0.0704572658257 0.0535308399684
v 0.132154618298 -0.0706393255508 0.0535310169439
v 0.132215094333 -0.070251436001 0.0538898374523
v 0.140232337624 -0.0730310680891 0.145406468129
v 0.14103030319 -0.0732493547678 0.145173811242
v 0.141049778403 -0.0721780620827 0.144669746207
v 0.139983071389 -0.0721913666431 0.145121997326
v 0.137285721657 -0.072225009482 0.146265591038
v 0.13927714053 -0.0740278239153 0.146267343506
v 0.14098799497 -0.0755766457732 0.146268849076
v 0.140619501461 -0.0852603966481 0.148875218695
v 0.129875952504 -0.083406167106 0.150914152107
v 0.128031556075 -0.0723031275943 0.148457808094
v 0.102608417302 -0.0609148297313 -0.147260885356
v 0.113130211361 -0.0629553430395 -0.144266962013
v 0.114510969261 -0.0507180711811 -0.138288289502
v 0.103871719643 -0.0506689547096 -0.142215331065
v 0.12097174868 -0.0522930750242 -0.0704299683878
v 0.12109719637 -0.0523468438664 -0.0704861536691
v 0.121089170301 -0.0521526141251 -0.0706946454638
v 0.120894303572 -0.0521572568399 -0.0705093617965
v 0.120667480486 -0.0521626609173 -0.0702936933076
v 0.120911311081 -0.0523653710752 -0.0702937375399
v 0.121104602243 -0.0525260649458 -0.070293772604
v 0.121362178504 -0.060233459724 -0.0626376413228
v 0.116060208767 -0.0580555062295 -0.0603583231553
v 0.112952092488 -0.0523334140375 -0.0635641292311
v 0.113253348666 -0.0613478328596 -0.0546096671968
v 0.111322527218 -0.0636706511754 -0.0501409469036
v 0.123777683147 -0.063642929905 0.0535320746493
v 0.134124913443 -0.0555642451634 0.0682924653778
v 0.134198767677 -0.0551134999756 0.068745689066
v 0.134442598271 -0.0553162101335 0.0687456448337
v 0.134635889433 -0.0554769040041 0.0687456097695
v 0.134697408818 -0.0551202343645 0.069135442538
v 0.136506768184 -0.0615542252972 0.141231881164
v 0.141185347314 -0.0627992458727 0.139902887743
v 0.141275609858 -0.0565547773086 0.136729086576
v 0.134898900738 -0.0566343111545 0.139432616032
v 0.131174468037 -0.0671443788545 0.146266699655
v 0.127716542612 -0.0706025329257 0.148052346537
v 0.114159036434 -0.0353967480783 -0.132304847504
v 0.115129926649 -0.036296385258 -0.13230369596
v 0.115982511006 -0.0370863989747 -0.132302684735
v 0.116277496998 -0.0354307741588 -0.130397679253
v 0.120572143598 -0.0363970409268 -0.0860052568085
v 0.120594178779 -0.0364091519203 -0.0860178138179
v 0.12059137329 -0.0363715238803 -0.0860708767201
v 0.120556896016 -0.036372719823 -0.0860207141019
v 0.120529614687 -0.0363736661539 -0.0859810212045
v 0.120565029127 -0.03640648155 -0.0859809792005
v 0.120596128213 -0.0364352982925 -0.0859809423148
v 0.120845350185 -0.0443800570426 -0.0782540542153
v 0.115760590621 -0.042074766965 -0.0758498008364
v 0.112949706751 -0.036554258041 -0.0787738743285
v 0.1131299958 -0.045178347589 -0.0703026332951
v 0.110794915875 -0.0478830591621 -0.0658235323356
v 0.12666128299 -0.0481291866474 0.0687367490784
v 0.137054437386 -0.0400510174366 0.0838848711168
v 0.137067854586 -0.0399802472252 0.0839560016965
v 0.137103269026 -0.0400130626213 0.0839560437005
v 0.137134368112 -0.0400418793639 0.0839560805862
v 0.137146935851 -0.0399818825958 0.0840441434578
v 0.14093491385 -0.0415683025749 0.129703294995
v 0.141503831613 -0.0418477855351 0.129412565059
v 0.141460812143 -0.0409226323173 0.128370945991
v 0.140589473302 -0.0409465937529 0.129348021485
v 0.13971813446 -0.0409705551885 0.130325096979
v 0.140689024674 -0.0418701923682 0.130326248524
v 0.141541609032 -0.0426602060849 0.130327259749
v 0.141358204348 -0.0522404217035 0.134741277308
v 0.132959638863 -0.0499262147574 0.13720686572
v 0.130404206283 -0.0410867236565 0.134273917397
v 0.10198984717 -0.0199843380085 -0.132378662264
v 0.108406003201 -0.028110469148 -0.132339743729
v 0.118167961137 -0.0227052354231 -0.119574026342
v 0.118532696246 -0.0202500443066 -0.117485773968
v 0.119478994351 -0.0210885513273 -0.102161885667
v 0.119902971344 -0.0216200151993 -0.102704344721
v 0.11897947407 -0.0203474754997 -0.112894953309
v 0.119072566302 -0.0205697612852 -0.102564596144
v 0.119080786602 -0.0205893897319 -0.101652397174
v 0.119502825244 -0.0211239062459 -0.10164983721
v 0.119998805967 -0.0217520712058 -0.101646828736
v 0.120284330725 -0.0287963605532 -0.0941416563259
v 0.115771463788 -0.0258309911534 -0.0910810194529
v 0.113480221473 -0.0207836613324 -0.093503869718
v 0.108360425423 -0.0209612560841 -0.0860548359643
v 0.113984905573 -0.028084721141 -0.0860207195049
v 0.11107109556 -0.0314145256595 -0.0808323665456
v 0.107259929587 -0.0209874754817 -0.0850084597827
v 0.124898665322 -0.0245678371554 0.0838821869367
v 0.130523145472 -0.0316913022123 0.0839163033961
v 0.138531589572 -0.0257681843676 0.098259874308
v 0.134404075942 -0.0247644054529 0.0944766512006
v 0.13862597921 -0.0248517128162 0.0991822662545
v 0.139048017853 -0.0253862293302 0.0991848262181
v 0.139543998575 -0.0260143942901 0.0991878346928
v 0.140710565092 -0.0250864889629 0.11040068971
v 0.136487882705 -0.0307026549706 0.124923966637
v 0.141317345844 -0.0334820927591 0.122045763918
v 0.141157342917 -0.025183920156 0.114991510369
v 0.134353144056 -0.0253710326374 0.122621396294
v 0.127548945196 -0.0255581451188 0.13025128222
v 0.133965101227 -0.0336842762582 0.130290200754
v 0.12978245689 -0.0379847987555 0.133491946395
v 0.127292301783 -0.0255613461175 0.13036009117
v 0.101889918861 -0.0197282124332 -0.132381128451
v 0.102571613359 -0.0191772833142 -0.13157427079
v 0.112919580569 -0.00482207383449 -0.117266432431
v 0.114697021194 -0.00937781994804 -0.11722256597
v 0.118620890117 -0.0194350620012 -0.117125726594
v 0.118679387923 -0.0195839091186 -0.116435536885
v 0.11503279266 -0.0102222010407 -0.106940518762
v 0.112992718846 -0.0049967135334 -0.109150346822
v 0.113058947518 -0.00515485446651 -0.10180101354
v 0.115202356263 -0.0106486110106 -0.101748115145
v 0.112099665514 -0.014308595455 -0.0952105345188
v 0.110169357207 -0.00525508816109 -0.0975968117419
v 0.107761449677 -0.0194260253762 -0.0860696184248
v 0.107117858415 -0.0201305543735 -0.0851977884283
v 0.124299689576 -0.0230326064476 0.0838674044761
v 0.126581650525 -0.0212587177851 0.0871914817695
v 0.132604140126 -0.00941717755079 0.0990336498886
v 0.134747548872 -0.0149109340948 0.099086548283
v 0.136462996379 -0.0144891732539 0.10966277381
v 0.134122788295 -0.00958821505445 0.107206418586
v 0.135471725886 -0.00974013893173 0.114465871525
v 0.137249166511 -0.0142958850453 0.114509737986
v 0.141173035434 -0.0243531270985 0.114606577362
v 0.141162235217 -0.0249249120599 0.11487150363
v 0.133157638405 -0.0188909076073 0.121080747884
v 0.131489633419 -0.00984964472632 0.11893118947
v 0.127449016887 -0.0253020195434 0.130248816032
v 0.127285033633 -0.0254675167688 0.130346812312
v 0.11389544558 0.0106376471723 -0.117500197599
v 0.11347692595 0.00400743024165 -0.117399942635
v 0.113504842315 0.00311638188746 -0.109273024269
v 0.113968583856 0.0104630074734 -0.10938411199
v 0.114034812528 0.0103048665403 -0.102034778708
v 0.113530121332 0.00230951369504 -0.101913881636
v 0.110432394061 -0.00108804012212 -0.0976598213322
v 0.111145222218 0.0102046328457 -0.0978305769102
v 0.133580005136 0.00604254345597 0.0987998847204
v 0.13307531394 -0.00195280938924 0.0989207817923
v 0.134639597812 -0.0014008829326 0.107082618611
v 0.135098653306 0.00587150595231 0.106972653418
v 0.136447590897 0.00571958207503 0.114232106357
v 0.136029071267 -0.000910634855597 0.114332361321
v 0.131768306109 -0.00543489268825 0.118864434368
v 0.132465498429 0.00561007628044 0.118697424301
v 0.104917442202 0.0263948250117 -0.133079957768
v 0.120542303035 0.0253128180605 -0.118614438469
v 0.121455398978 0.0258701106176 -0.118067062734
v 0.121460291278 0.0261291187136 -0.118187069473
v 0.121444598761 0.0252983256562 -0.117802136465
v 0.121907069103 0.0260316875206 -0.113596248814
v 0.121188667563 0.0242588341921 -0.103884063821
v 0.122000161334 0.0258094017351 -0.103265891649
v 0.122008381634 0.0257897732884 -0.102353692679
v 0.12107269918 0.0239726503215 -0.102316268759
v 0.113043837265 0.0157572811355 -0.0965226172224
v 0.116407816506 0.0255955016879 -0.0942051652228
v 0.111288020455 0.0254179069362 -0.0867561314691
v 0.11018752462 0.0253916875386 -0.0857097552874
v 0.127826260355 0.0218113258649 0.0831808914319
v 0.137331670974 0.0216147575674 0.0937753556958
v 0.141553574242 0.0215274502041 0.0984809707498
v 0.140617891788 0.0197103272372 0.0985183946691
v 0.143938246272 0.0205291076763 0.113239977781
v 0.143638160125 0.0212926740574 0.109699394206
v 0.143996744078 0.0203802605589 0.113930167491
v 0.144084937949 0.0211952428643 0.114290214864
v 0.134243193188 0.011294743363 0.119887174826
v 0.137280739089 0.0210081303829 0.121920100789
v 0.130476540228 0.0208210179015 0.129549986715
v 0.130219896815 0.0208178169028 0.129658795665
v 0.119038361488 0.0419018569555 -0.133473673345
v 0.10720122934 0.0289027892165 -0.133143633692
v 0.12130028835 0.0344272913168 -0.125241323022
v 0.121156822051 0.041867830875 -0.131566505095
v 0.123073635619 0.0269595928478 -0.102383393796
v 0.125470698344 0.0409270811535 -0.0872397025614
v 0.125392455328 0.0408515702419 -0.0872235486145
v 0.12543622107 0.0409258852108 -0.0871895399432
v 0.125408939741 0.0409249388799 -0.0871498470458
v 0.124977165478 0.040450781557 -0.0871378084349
v 0.111028590946 0.0270814857113 -0.0850750014698
v 0.117829031805 0.0407443469928 -0.0799427001698
v 0.14194717964 0.0373183578086 0.0827871758552
v 0.141515405378 0.0368442004857 0.0827992144661
v 0.14233330347 0.0297415591108 0.0909460972223
v 0.142026260905 0.037316722438 0.0828753176165
v 0.142618828228 0.0226972697635 0.098451269632
v 0.14271466285 0.0225652137569 0.0995087856175
v 0.144578285622 0.0346832493838 0.127498472229
v 0.144449673058 0.0236504339808 0.116378467238
v 0.146340137197 0.0363759727165 0.12720212015
v 0.145468798356 0.0363520112809 0.128179195644
v 0.144597459514 0.0363280498453 0.129156271138
v 0.132760327366 0.0233289821063 0.129486310792
v 0.130265491212 0.0209564294106 0.129689827087
v 0.135283531336 0.0362118813773 0.133105091556
v 0.1151312518 0.0515963486227 -0.139442157444
v 0.121259429847 0.0531856202611 -0.137936836412
v 0.121342024337 0.0574999758662 -0.13992464568
v 0.110702774718 0.0575490923377 -0.143851687242
v 0.121076025163 0.0436054046426 -0.133522818852
v 0.121113802582 0.0427929840928 -0.132608124162
v 0.125483266083 0.0409870779215 -0.0871516396899
v 0.127920225377 0.0560654329222 -0.0723310016416
v 0.127437822753 0.0556157738624 -0.0723722578093
v 0.127725358647 0.0560607902075 -0.0721457179743
v 0.127498535562 0.0560553861301 -0.0719300494854
v 0.119783147563 0.0558846330098 -0.0652004854089
v 0.141029822752 0.0531045470717 0.0671093328882
v 0.127385468222 0.0395558255304 0.0694696675279
v 0.14177228401 0.0453252556002 0.0750584951117
v 0.141528463894 0.0530978126828 0.0674990863602
v 0.142021505982 0.0373804968502 0.0827853832111
v 0.142023455416 0.037354350478 0.0828222547142
v 0.146635123189 0.0380315975324 0.129107125631
v 0.148106664933 0.0516632697388 0.135092730399
v 0.13764379191 0.0418400528225 0.134822691696
v 0.141729955813 0.0515837358928 0.137796259854
v 0.117502456019 0.073142028702 -0.149365880488
v 0.108301472727 0.0604434219149 -0.146218745376
v 0.12143228688 0.0637444444304 -0.143098446847
v 0.121567855792 0.0731232606404 -0.147865305311
v 0.127981744762 0.0564221025618 -0.0719411688732
v 0.130402539861 0.0711966345587 -0.057085396556
v 0.129904022693 0.0707364909426 -0.0571682180781
v 0.130214757874 0.0711924786614 -0.0569216081742
v 0.129977876927 0.0711872361303 -0.0567149943899
v 0.122679734003 0.0710097813444 -0.049609800683
v 0.140502211408 0.068892139085 0.0514267474562
v 0.12796697067 0.0562830169793 0.0547167600165
v 0.141255455691 0.0611786582817 0.0594420822192
v 0.14099787943 0.0688860530598 0.051785950938
v 0.141513031952 0.0534712635035 0.0670982135004
v 0.141520437825 0.053292042424 0.0672905945655
v 0.147979433546 0.065229024106 0.142434449448
v 0.149487422834 0.0639005415972 0.141071402909
v 0.1498325635 0.0669594269781 0.142565859693
v 0.148765856486 0.0669461224178 0.143018110812
v 0.146068506754 0.0669124795788 0.144161704523
v 0.136814341172 0.0668343614665 0.14635392158
v 0.118932112368 0.0856838639536 -0.15254829629
v 0.121998132734 0.0862055952058 -0.152070777799
v 0.122092344551 0.0886814156436 -0.15273714182
v 0.118048319676 0.0886856231262 -0.153558672801
v 0.121629639225 0.0765218443309 -0.149464408179
v 0.121587331005 0.0741945533254 -0.148369370346
v 0.130463015897 0.0715845241085 -0.0567265760475
v 0.132911365323 0.0863220548068 -0.0415673805908
v 0.132833546636 0.0862497186694 -0.041575812339
v 0.132881253743 0.0863213226419 -0.041538065105
v 0.132846963837 0.0863204888808 -0.0415046817594
v 0.126586009268 0.0861187123588 -0.0331101320923
v 0.121205385916 0.0859453069373 -0.0258959110872
v 0.120658890217 0.0859101893551 -0.0243507899731
v 0.12571581498 0.0849616939179 0.020450549704
v 0.139916438615 0.084689712512 0.0352719329618
v 0.140364345609 0.0846811338484 0.0357394195593
v 0.126330245535 0.0711310095569 0.0381044966639
v 0.140717061323 0.0769004396267 0.0436933242477
v 0.14044078399 0.0846800748252 0.0358004046363
v 0.140987350378 0.0692894270631 0.0514151657985
v 0.140992826481 0.0690796344373 0.0516080091335
v 0.15019568996 0.0702922952077 0.144063176831
v 0.151259804763 0.0823207139885 0.146970165866
v 0.137584840999 0.0694545621157 0.146858355606
v 0.141343664685 0.0822370078847 0.149319197901
v 0.116345480977 0.0981255721688 -0.155768206138
v 0.122579342504 0.0992566668872 -0.154726436668
v 0.122806900069 0.104198121787 -0.15565596643
v 0.115248656923 0.104205985532 -0.157191399841
v 0.132923005602 0.0864098037685 -0.0415068853272
v 0.135283305878 0.101477326267 -0.0274559117274
v 0.134310698822 0.100532551738 -0.0272008091479
v 0.134808829058 0.101462034944 -0.0268197436811
v 0.13440508846 0.10144902329 -0.0262784172013
v 0.13034545467 0.0966807786589 -0.0261607755544
v 0.122888371119 0.0892544263076 -0.0225866162544
v 0.130866471892 0.101221633288 -0.0162735970694
v 0.12891086072 0.101095966542 -0.0107444481352
v 0.129636779449 0.100937661622 -0.00328534314495
v 0.130414337074 0.100768095535 0.00470437212848
v 0.137917920929 0.100500929783 0.0182651473424
v 0.138915517524 0.10046541027 0.0200680435899
v 0.134855883733 0.0956971656394 0.0201856852368
v 0.140222858095 0.0928919271638 0.0282157554944
v 0.140020573456 0.100444245378 0.0212214054364
v 0.140440387374 0.084770448736 0.0357372159914
v 0.140440621385 0.0847171265177 0.0357744984183
v 0.142704539312 0.0884247826431 0.15009802153
v 0.151559300947 0.0860494204973 0.147563577126
v 0.152496979266 0.0977234498581 0.149421460139
v 0.144735181289 0.0976579294175 0.151260150592
v 0.115530549983 0.11206819824 -0.157503046777
v 0.123388437859 0.113698563786 -0.155983622626
v 0.123753604455 0.119664202005 -0.156189368666
v 0.115803194922 0.119672473767 -0.15780446945
v 0.136106128304 0.112691006402 -0.0264604186748
v 0.136452616958 0.116894861471 -0.025701941251
v 0.13224210563 0.111811562852 -0.015797909646
v 0.132872542965 0.116664807433 -0.0155799074963
v 0.131250835136 0.116560597174 -0.0109948119308
v 0.130150090567 0.109285898758 -0.0108770385969
v 0.130946318406 0.10911226116 -0.00269547941258
v 0.132109514966 0.116373340342 -0.00217153359152
v 0.132754311491 0.116232726168 0.00445400833293
v 0.131653566922 0.108958027752 0.00457178166682
v 0.14077257821 0.115254659756 0.0191444651891
v 0.140802992399 0.115946152188 0.0189999046235
v 0.140616557368 0.111707393383 0.0198860421164
v 0.140076606132 0.101503173823 0.0210958584576
v 0.145350980327 0.105299752728 0.151264561396
v 0.152880098497 0.103614324566 0.149446570734
v 0.153502004901 0.113176811654 0.149487332039
v 0.145980619014 0.113113320628 0.15126907133
v 0.119771474232 0.130293954474 -0.154999984122
v 0.124769214953 0.131629533403 -0.153732550596
v 0.125059704071 0.135051907013 -0.153029841323
v 0.121550451542 0.135055558108 -0.153742734978
v 0.135131189069 0.132095209571 -0.0428051447571
v 0.135700106832 0.131815726611 -0.0430958746931
v 0.135679982493 0.132735886967 -0.0439022371506
v 0.1348544707 0.132715814598 -0.0430985503421
v 0.133914409679 0.132692956957 -0.0421833427724
v 0.134818716667 0.131730420205 -0.0421804814848
v 0.135723023654 0.130767883453 -0.0421776201973
v 0.136041232407 0.124393827373 -0.0347800904017
v 0.131211769268 0.127173265162 -0.0319018876829
v 0.128410806834 0.132515588182 -0.0348042335765
v 0.122272831759 0.132317775014 -0.0265745721002
v 0.12933447561 0.124801420687 -0.0265522285886
v 0.136396119461 0.11728506636 -0.0265298850771
v 0.136413733124 0.117163416059 -0.0262717652576
v 0.128409136312 0.123197420512 -0.0200625210038
v 0.1221816588 0.132311916278 -0.0263167964888
v 0.127118075445 0.120959471834 -0.0110078882578
v 0.127547415359 0.120865843418 -0.00659624908813
v 0.128621551799 0.120631600828 0.00444093200596
v 0.130549913782 0.121807887456 0.0101090768024
v 0.126783260822 0.131334161994 0.019771888691
v 0.133844904673 0.123817807667 0.0197942322025
v 0.140906548524 0.116301453341 0.0198165757141
v 0.141284004996 0.11837598606 0.0222829546463
v 0.14141261756 0.129408801463 0.0334029596371
v 0.129152378949 0.131288786798 0.0222445693733
v 0.141431791452 0.131053601925 0.0350607585463
v 0.142336098439 0.130091065172 0.0350636198338
v 0.143240405427 0.12912852842 0.0350664811213
v 0.143527356885 0.131024568706 0.0367326701866
v 0.145096248724 0.119716958627 0.149999289353
v 0.15371015137 0.118184128829 0.14831799546
v 0.154147635307 0.12870854866 0.145860274359
v 0.143903660562 0.128622075173 0.14828696707
v 0.118204759417 0.14281064195 -0.150374558857
v 0.125625585541 0.139825902292 -0.150421623627
v 0.127330174895 0.150229306512 -0.139961014489
v 0.119037752206 0.150267588774 -0.143021821381
v 0.132845778812 0.147995220096 -0.0741497279188
v 0.133643744379 0.147776933418 -0.0743823848059
v 0.13348657023 0.148886748959 -0.0767015926033
v 0.131828796388 0.14884725237 -0.0751253439646
v 0.129899162845 0.148801278703 -0.0732906050102
v 0.132634403028 0.147701134365 -0.0733079526004
v 0.133716094383 0.147266065946 -0.0733148129626
v 0.134326399846 0.142439450299 -0.0639707228728
v 0.129647820716 0.143684470875 -0.0626417294522
v 0.12396209187 0.148669882409 -0.0681121357536
v 0.12826646006 0.141826674793 -0.05770836433
v 0.134732744655 0.139225862465 -0.0577493751546
v 0.135026868224 0.137210682455 -0.0534497478757
v 0.126628302738 0.139524889402 -0.0509841594638
v 0.124469646063 0.136491747019 -0.0421234416748
v 0.123978732109 0.13567871339 -0.0390164933565
v 0.122012583202 0.132422449908 -0.0265729215375
v 0.122008920196 0.132408403364 -0.0264790420078
v 0.126523012265 0.131438836888 0.0197735392536
v 0.126572211806 0.131469573503 0.0199117290636
v 0.131987027835 0.134852391986 0.0351206596438
v 0.134478123848 0.136565604902 0.0407271791037
v 0.138790794541 0.139531577748 0.050433377516
v 0.145257079137 0.136930765419 0.0503923666914
v 0.146849366116 0.142838501663 0.0626584757494
v 0.145341376828 0.144166984172 0.0640215222883
v 0.143430450036 0.145850439645 0.0657487773633
v 0.146165690218 0.144750295307 0.0657314297731
v 0.147247381573 0.144315226888 0.0657245694109
v 0.147672499169 0.145793148727 0.0690644953028
v 0.14971724635 0.139866258268 0.138632354956
v 0.15401026539 0.139023472172 0.137714939286
v 0.153828894504 0.144450591174 0.132323917189
v 0.146510866828 0.144359316682 0.135426536895
v 0.146770810152 0.136581092827 0.143153026154
v 0.154191636276 0.133596353169 0.143105961384
v 0.154163347394 0.130453910432 0.144876750454
v 0.142409817618 0.132074120282 0.146695725697
v 0.117646853196 0.155073277234 -0.135081512438
v 0.127969354802 0.152810009644 -0.135174092692
v 0.128351415055 0.153492321393 -0.131749546283
v 0.119401052811 0.156043038126 -0.129036819077
v 0.122108135027 0.157539573894 -0.11970864356
v 0.129687177326 0.155877825468 -0.119776618329
v 0.130259803493 0.155635698996 -0.113815888822
v 0.122722595758 0.15725536467 -0.112064064676
v 0.123350429017 0.156964970192 -0.10425311658
v 0.131171726323 0.155250105969 -0.104323264081
v 0.131596510192 0.154290003882 -0.0993904893477
v 0.122993963547 0.155883697688 -0.0976480186305
v 0.122513440029 0.15442611789 -0.0887441971688
v 0.132505593898 0.152235280933 -0.0888338146065
v 0.132705331305 0.151553483551 -0.0863635627844
v 0.121961782349 0.153407713093 -0.0843246293731
v 0.120574057946 0.150845861353 -0.0732069701885
v 0.1203299838 0.15042375526 -0.0715038495103
v 0.134105345136 0.147895022295 0.065832412185
v 0.134946784281 0.148392522182 0.0684454284457
v 0.139051679928 0.150819536818 0.0811928257321
v 0.149043833797 0.148628699862 0.0811032082945
v 0.149448855572 0.14919978855 0.0848332353984
v 0.140594093937 0.151575150696 0.087367679802
v 0.142895621625 0.152702647108 0.0965815468486
v 0.150716918931 0.150987782885 0.0965113993476
v 0.151297264466 0.150977100606 0.102398814438
v 0.143768146296 0.152662528768 0.104216805101
v 0.144660280344 0.152621508797 0.112023660396
v 0.152239322643 0.150959760371 0.111955685627
v 0.152654928683 0.149759312855 0.116952824596
v 0.144041026037 0.151292142653 0.118634118489
v 0.143205951222 0.149499470123 0.127548432046
v 0.153528452828 0.147236202534 0.127455851792
v 0.15363573605 0.146241502445 0.129194165023
v 0.141882206275 0.147861712295 0.131013140265
v 0.1140858178 -0.143590472702 -0.130750721393
v 0.118020783963 -0.143748583106 -0.122803682206
v 0.121698473213 -0.143896355897 -0.115376238266
v 0.122357920104 -0.144121967509 -0.104803827446
v 0.122662492242 -0.144226168487 -0.0999208538282
v 0.120955160308 -0.144403159419 -0.0919713793765
v 0.119331870488 -0.144571438107 -0.0844132117483
v 0.117949095179 -0.144658599518 -0.0805823251949
v 0.135870110387 -0.148178019178 0.0855238111527
v 0.139191689637 -0.148340740526 0.0935898464776
v 0.14220768485 -0.148488491572 0.1009138096
v 0.143632386285 -0.148715788287 0.111682932765
v 0.14425061853 -0.148814420994 0.11635606569
v 0.141914051398 -0.148991911524 0.124231280763
v 0.139644915826 -0.149164279813 0.13187922309
v 0.137466187563 -0.149224193883 0.134322339238
v 0.113558206456 -0.127802880689 -0.146433306825
v 0.120080492293 -0.132838345617 -0.135809429188
v 0.125295135616 -0.130456748699 -0.133490944907
v 0.12521270083 -0.127990071695 -0.135941215526
v 0.125377570402 -0.132923425703 -0.131040674289
v 0.125928167419 -0.136097093645 -0.12338381014
v 0.126495126444 -0.139365072998 -0.115499408117
v 0.12696042083 -0.139300919934 -0.110826759097
v 0.128032680624 -0.139153080732 -0.100058751082
v 0.128893495783 -0.137006876251 -0.0927416070923
v 0.129841529703 -0.134643215913 -0.0846830818229
v 0.131369096165 -0.129332629247 -0.0726817936396
v 0.127793446104 -0.132710459829 -0.0725899770612
v 0.130533102217 -0.129385325019 -0.0703657282922
v 0.130148279606 -0.129409581803 -0.0692996029735
v 0.126424521696 -0.129623056845 -0.0599692261489
v 0.123945222744 -0.129765189729 -0.0537570087999
v 0.122437730306 -0.129862744812 -0.049463081954
v 0.134469557225 -0.132060286774 0.0543847330462
v 0.141837773253 -0.132300400834 0.0666691175285
v 0.143679566796 -0.132360420861 0.0697397794
v 0.132706714026 -0.144563719819 0.0734142169213
v 0.146119795793 -0.136414107227 0.081417856757
v 0.145555025104 -0.132426229479 0.0730842942665
v 0.146379769603 -0.138249796984 0.0852539410781
v 0.146963705447 -0.140767428107 0.0928190925154
v 0.147577873233 -0.143415403816 0.100775912347
v 0.148042114952 -0.143689555754 0.105659391169
v 0.149047271761 -0.144283138096 0.116232895839
v 0.149960043118 -0.141487955534 0.123651591394
v 0.150936668428 -0.138497232813 0.131589270195
v 0.151711420439 -0.133768787032 0.136343716152
v 0.140419667837 -0.144435834032 0.136633669048
v 0.146917838815 -0.133900608422 0.141718997169
v 0.142124257191 -0.134032429812 0.147094278185
v 0.139188497117 -0.134080184664 0.148855867823
v 0.120643250526 -0.11232117187 -0.14674140913
v 0.117220451385 -0.119800416759 -0.146592564282
v 0.125400556075 -0.120309501632 -0.139066395572
v 0.125593993786 -0.112400689229 -0.142284446122
v 0.131943712648 -0.125486335695 -0.0693776797014
v 0.133562100863 -0.114138336302 -0.0604089622123
v 0.130867508816 -0.1170747843 -0.056876416483
v 0.131872934727 -0.114235172568 -0.0561765290221
v 0.131030266813 -0.11428348091 -0.054065111104
v 0.128643914479 -0.119497959692 -0.0539613374866
v 0.124565341088 -0.124015303021 -0.0479704189832
v 0.128035787689 -0.114477264078 -0.0455356657948
v 0.125576845455 -0.11463639079 -0.0385316385743
v 0.124620169372 -0.114726126056 -0.0345153165354
v 0.121881914858 -0.114982971609 -0.0230195635459
v 0.121871694528 -0.114985703493 -0.0228943637657
v 0.126392343922 -0.115966584628 0.0233268972453
v 0.126488657727 -0.115971027632 0.0235480055943
v 0.133094227228 -0.116275745822 0.0387124627443
v 0.138420528319 -0.11646639639 0.048385106545
v 0.141554601295 -0.116578577955 0.0540766307421
v 0.139168248961 -0.121793056738 0.0541804043595
v 0.145385053413 -0.121890671824 0.064464163531
v 0.145313750428 -0.116701080411 0.0603439325027
v 0.145474999839 -0.128437174753 0.0696617026722
v 0.145518044695 -0.130582850719 0.0715026833125
v 0.15045785843 -0.12129885207 0.14399609831
v 0.152523176178 -0.125844710303 0.139380853716
v 0.153281857505 -0.118438727485 0.142219416413
v 0.151245579383 -0.118494724239 0.144502796147
v 0.14920930126 -0.118550720993 0.146786175881
v 0.14578650212 -0.126029965882 0.146935020728
v 0.139626322821 -0.132076480688 0.149105503119
v 0.14255817123 -0.118658912304 0.150777156564
v 0.121079658211 -0.0968633924477 -0.146968610124
v 0.120941779582 -0.101747122737 -0.14689682825
v 0.125905198143 -0.107725735908 -0.142191929961
v 0.126622361146 -0.0969524176858 -0.141978728678
v 0.132363514623 -0.101174419599 -0.0566741908471
v 0.13404366116 -0.105574524472 -0.0611364190887
v 0.134432722529 -0.0986556643249 -0.061724144799
v 0.132453861438 -0.0987691081806 -0.056765841893
v 0.131466674499 -0.0988257014873 -0.0542923120986
v 0.1313660875 -0.102388543526 -0.054239944858
v 0.12834019004 -0.106184388226 -0.045858028517
v 0.128603500392 -0.0990109874507 -0.046136874727
v 0.126013253141 -0.0991786113671 -0.0387588395689
v 0.125722765689 -0.109467822804 -0.0386076070401
v 0.124754644912 -0.110823486585 -0.03467491205
v 0.125153119187 -0.0992592910775 -0.0351478211531
v 0.121885935661 -0.11484055276 -0.0230216568417
v 0.121875416021 -0.114864220427 -0.022899749378
v 0.126396364724 -0.11582416578 0.0233248039495
v 0.126489800135 -0.115759766642 0.0235338482931
v 0.133530634913 -0.1008179664 0.0384852617497
v 0.133240147462 -0.111107177836 0.0386364942785
v 0.138360687194 -0.107304757726 0.0476728073895
v 0.138319436992 -0.100989377632 0.0471817991678
v 0.14199100898 -0.101120798533 0.0538494297475
v 0.141890421981 -0.104683640571 0.0539017969881
v 0.145788228067 -0.10992617931 0.060715950752
v 0.146394858784 -0.101264310375 0.0611915847529
v 0.151816220025 -0.105515094361 0.144082948242
v 0.153913493 -0.10785551807 0.141690468509
v 0.154205220167 -0.102967557014 0.141446168632
v 0.151925464556 -0.103030249292 0.144002571759
v 0.149645708946 -0.103092941571 0.146558974887
v 0.149507830317 -0.10797667186 0.146630756761
v 0.142749051 -0.114798018054 0.150671274935
v 0.143322656309 -0.103195796176 0.150353094204
v 0.117221425114 -0.0814210700538 -0.147143553476
v 0.119101863955 -0.0889474019501 -0.147058288987
v 0.127310661752 -0.0896441002115 -0.139789363388
v 0.128068701751 -0.0815952957695 -0.137378169138
v 0.134092264102 -0.0834753236692 -0.0704654565117
v 0.134455365964 -0.0840541232385 -0.0710546724571
v 0.134452223234 -0.0829873839175 -0.071784935324
v 0.134013465917 -0.0830150404041 -0.0705693875079
v 0.133811498263 -0.0830277711678 -0.0700098496243
v 0.133966060814 -0.0836463975373 -0.070002841315
v 0.134459988964 -0.0856233122398 -0.0699804451964
v 0.134443233054 -0.093632020225 -0.0649067410416
v 0.130670838663 -0.0879753860085 -0.0591447721484
v 0.129890668956 -0.08325254389 -0.0601856838773
v 0.127608441401 -0.0833833790934 -0.0544672554506
v 0.129228999257 -0.089869554559 -0.0543937747105
v 0.127445455203 -0.0923093689651 -0.0476597620851
v 0.125921896668 -0.0834925212741 -0.0496633177806
v 0.125098971842 -0.095519261032 -0.0388002957047
v 0.124588546206 -0.0963311942339 -0.0358658905014
v 0.132616353614 -0.0971586160644 0.038443805614
v 0.135190563283 -0.0953573624005 0.0439638042511
v 0.138132775883 -0.0856784761388 0.0536744863955
v 0.139753333738 -0.0921646516044 0.0537479671355
v 0.146997007026 -0.0869569474344 0.0680487458715
v 0.146376151191 -0.0859471097277 0.0674179476806
v 0.147342785453 -0.0859786102262 0.0690295327493
v 0.147497348004 -0.0865972365957 0.0690365410585
v 0.147991276154 -0.0885741512981 0.0690589371772
v 0.1483270881 -0.0860131487689 0.0707848449413
v 0.150712844541 -0.0918168275998 0.142106328558
v 0.154464291162 -0.0949900537041 0.138848181731
v 0.154710609584 -0.0874052369169 0.136378078756
v 0.150249042716 -0.0875279280469 0.141381055145
v 0.145787475848 -0.087650619177 0.146384031535
v 0.147667914689 -0.0951769510733 0.146469296024
v 0.143124140933 -0.0998472510677 0.149933929945
v 0.142404337511 -0.0877056513549 0.148414068489
v 0.115708545271 -0.0776151436548 -0.14717986099
v 0.125683000729 -0.0695600917765 -0.135320318789
v 0.128037834231 -0.0662592137501 -0.132029944701
v 0.12845886458 -0.0673183927256 -0.132019840419
v 0.129373516718 -0.0696193677414 -0.131997889736
v 0.12996697016 -0.0663367281296 -0.128133870838
v 0.133564652758 -0.067687731656 -0.0861480419437
v 0.13392775462 -0.0682665312253 -0.0867372578891
v 0.133843696859 -0.067182146337 -0.0882989550421
v 0.133417313123 -0.0672263474986 -0.0863136781617
v 0.13328388692 -0.0672401791546 -0.0856924350563
v 0.133504857594 -0.0677960713672 -0.0856871319941
v 0.133984897335 -0.0690036992774 -0.0856756115486
v 0.134218560285 -0.0759955415974 -0.0787302734363
v 0.130812277645 -0.0716209997549 -0.0742665482922
v 0.129645900471 -0.0674694948142 -0.075613636804
v 0.127676334897 -0.0675936437728 -0.0701570870484
v 0.129831215763 -0.0730146413599 -0.0701053721894
v 0.127845097682 -0.075736242433 -0.0625651076952
v 0.125660529104 -0.0677092055889 -0.0651062142171
v 0.125724022163 -0.0786427772776 -0.0545124795169
v 0.124887957184 -0.079842980054 -0.0508552518486
v 0.136248356644 -0.080937874323 0.0536292623292
v 0.139567256905 -0.0786181470204 0.0607692520684
v 0.141207622087 -0.0705444828312 0.0688822953252
v 0.143362502953 -0.0759654804183 0.0689340101841
v 0.149691722458 -0.0716426406358 0.0834443311487
v 0.148982574561 -0.0708173008806 0.0827474097985
v 0.149822126819 -0.0708467602259 0.0842445878447
v 0.150043097493 -0.0714026524385 0.0842498909069
v 0.150523137234 -0.0726102803487 0.0842614113524
v 0.150887344497 -0.0708989443358 0.0868313343229
v 0.154176957399 -0.0726475971675 0.1297696738
v 0.154854729226 -0.0735994470653 0.12879942007
v 0.154764071196 -0.0717443625433 0.126666250119
v 0.153927691163 -0.0718078957214 0.129485202997
v 0.153596932257 -0.0718330208604 0.130599999782
v 0.154017962606 -0.0728921998359 0.130610104064
v 0.154932614744 -0.0751931748516 0.130632054747
v 0.154780589471 -0.0835557825702 0.134566832057
v 0.148631676889 -0.0789469095402 0.139310106956
v 0.14732335533 -0.0720055414715 0.137634872995
v 0.144274596006 -0.083844692778 0.14634772402
v 0.142204394858 -0.0859934203861 0.148111231534
v 0.121307166025 -0.0508272296625 -0.13216993596
v 0.123997345884 -0.0569952372813 -0.132113982873
v 0.128757063442 -0.053924416247 -0.119606758211
v 0.126355761451 -0.0510300866698 -0.121973816345
v 0.128919821439 -0.0511331128567 -0.116795452832
v 0.129834163877 -0.0532295047042 -0.116776435411
v 0.131667004855 -0.0574318174529 -0.116738314127
v 0.132460827129 -0.0582117484323 -0.108184175385
v 0.130780680592 -0.053811643559 -0.103721947143
v 0.129661645065 -0.0513869074031 -0.104902358416
v 0.129883840468 -0.0514629254476 -0.101340068395
v 0.130954994238 -0.0539188521739 -0.101317789453
v 0.133102170658 -0.0588418689298 -0.101273130302
v 0.133388010367 -0.0620568361985 -0.0962719119055
v 0.129615615975 -0.056400201982 -0.0905099430124
v 0.127952166136 -0.051663172882 -0.0923460377405
v 0.126553218714 -0.051808195067 -0.0858324263146
v 0.129029564938 -0.0574859278509 -0.0857809207562
v 0.127317486338 -0.0599486504197 -0.0782476931271
v 0.124830855627 -0.051916761944 -0.0810607345247
v 0.125489071381 -0.0625787158727 -0.0702025799716
v 0.124522840217 -0.0639177289244 -0.0664016317484
v 0.139020358572 -0.0655295549311 0.068836802402
v 0.142091153758 -0.0634485512893 0.0760216543261
v 0.143091458613 -0.0554147761383 0.0841045965864
v 0.145567804837 -0.0610925089222 0.0841561021447
v 0.149508099034 -0.0587667541201 0.0964272441615
v 0.147228765269 -0.0556174592796 0.0941515228006
v 0.149429033076 -0.0557252485318 0.0994945950339
v 0.150500186846 -0.0581811752582 0.0995168739755
v 0.152647363266 -0.0631041920141 0.0995615331267
v 0.153529323167 -0.0626809344481 0.108220981766
v 0.15212397283 -0.0581522439061 0.112808494757
v 0.15104093943 -0.0559824119003 0.11167877456
v 0.151471966756 -0.056051177954 0.114936851124
v 0.152386309194 -0.0581475698014 0.114955868545
v 0.154219150172 -0.0623498825501 0.114993989829
v 0.154460109164 -0.0665040339467 0.120155354419
v 0.150451387959 -0.0611707543756 0.125595086835
v 0.148843520512 -0.0562508402329 0.123795821703
v 0.146866264051 -0.0564010367727 0.130460008524
v 0.14955644391 -0.0625690443915 0.130515961611
v 0.146152233848 -0.0664143953914 0.136180044194
v 0.144070936955 -0.0564779070406 0.13359454755
v 0.119653825677 -0.0465606115034 -0.132211155326
v 0.121927284369 -0.0450773429548 -0.126383346143
v 0.122938788737 -0.0356984307233 -0.116944565734
v 0.125635630397 -0.042657913453 -0.116877330876
v 0.126229744665 -0.0430340201732 -0.108588370245
v 0.123261124679 -0.0358087090985 -0.111776798552
v 0.123902807766 -0.0360282433142 -0.101489181297
v 0.126743658031 -0.0433593553509 -0.101418356165
v 0.125862621172 -0.0449465929254 -0.094707518381
v 0.123113553953 -0.0361100614802 -0.0978143522267
v 0.124703502995 -0.0470348096708 -0.0858785415079
v 0.123832734497 -0.0482677960276 -0.0822204227125
v 0.141241742895 -0.0506413907421 0.0840584813931
v 0.143232060174 -0.0494505729732 0.090114810632
v 0.143448000374 -0.0402905663984 0.0993454821316
v 0.14628885064 -0.0476216784352 0.0994163072632
v 0.147310427914 -0.047597092966 0.107721948363
v 0.14410660168 -0.0403956395807 0.104323759262
v 0.145490934054 -0.0406164958206 0.114787738222
v 0.148187775714 -0.0475759785502 0.11485497308
v 0.146904258637 -0.0495427438358 0.121570071391
v 0.144348826057 -0.0407032527348 0.118637123069
v 0.145212923703 -0.0521344186136 0.130418789157
v 0.143606079907 -0.0539383962042 0.132994063229
v 0.118716246796 -0.0202574195293 -0.117115076138
v 0.121845505715 -0.0317005082373 -0.11698871358
v 0.122116588193 -0.0318855265189 -0.11308783921
v 0.118725128698 -0.0202604582277 -0.116972679355
v 0.122919852444 -0.0324337676764 -0.101528874001
v 0.122478100831 -0.0331808261809 -0.0985962322294
v 0.142465045052 -0.0366960907607 0.0993057894273
v 0.142927001853 -0.0366775615299 0.102995934861
v 0.141268392113 -0.0251754846265 0.114617227818
v 0.144397651032 -0.0366185733346 0.114743590376
v 0.143727076664 -0.0376013278339 0.117855152067
v 0.141236921558 -0.0251778751958 0.114723296841
v 0.118701759916 -0.0201324844433 -0.117116694188
v 0.118709747959 -0.0201386683474 -0.11699526197
v 0.141253905233 -0.0250505495405 0.114615609768
v 0.141229653407 -0.0250840458472 0.114710017983
v 0.121643841829 0.026121743491 -0.117816371643
v 0.12165272373 0.0261187047926 -0.11767397486
v 0.144195987146 0.0212036783937 0.113915932313
v 0.14416451659 0.0212012878245 0.114022001336
v 0.127818113791 0.0416001743105 -0.118113391576
v 0.121732573249 0.0263441864219 -0.117820640162
v 0.121741298042 0.0263285614769 -0.117609420595
v 0.128140449733 0.0414898959353 -0.112945624393
v 0.12878213282 0.0412703617196 -0.102658007138
v 0.127992879007 0.0411885435536 -0.098983178068
v 0.148327325428 0.0370080386354 0.0981766562903
v 0.148985926733 0.0369029654531 0.103154933421
v 0.150370259108 0.0366821092132 0.11361891238
v 0.144284718566 0.0214261213247 0.113911663794
v 0.144210110987 0.0213399003322 0.114053032759
v 0.149228151111 0.036595352299 0.117468297228
v 0.128138221101 0.0573908173848 -0.133806292138
v 0.133186816526 0.0571879603775 -0.123610172522
v 0.135750876514 0.0570849341906 -0.11843180901
v 0.132812252633 0.0513487377655 -0.118313854004
v 0.133084573757 0.0505711624062 -0.10915304693
v 0.136492700141 0.0568311396442 -0.106538714594
v 0.136714895543 0.0567551215998 -0.102976424572
v 0.133272292513 0.0500351574265 -0.102838240076
v 0.130442061189 0.0467309657187 -0.0971794646367
v 0.134783221212 0.0565548741653 -0.0939823939183
v 0.133384273789 0.0564098519804 -0.0874687824924
v 0.131661910703 0.0563012851033 -0.0826970907025
v 0.149922513689 0.0528032709091 0.0824682404086
v 0.154059820344 0.0526005877678 0.0925151666228
v 0.156260088151 0.0524927985155 0.0978582388561
v 0.152817485121 0.0457728343423 0.0979964233528
v 0.154356908798 0.0461704497939 0.107317917448
v 0.157871994506 0.0522356351471 0.110042418382
v 0.158303021831 0.0521668690933 0.113300494946
v 0.15536439795 0.0464306726683 0.113418449952
v 0.151588411685 0.0422235237441 0.119185897367
v 0.155674575588 0.0519672068144 0.122159465525
v 0.153697319127 0.0518170102746 0.128823652346
v 0.15090199203 0.0517401400067 0.131958191372
v 0.136820619328 0.0728782753107 -0.134133831216
v 0.135084336117 0.0697811341205 -0.134068330811
v 0.139053717289 0.0675604323347 -0.123726861653
v 0.138749755257 0.0728007609313 -0.130237757352
v 0.139294676281 0.0634062809381 -0.118565497062
v 0.139984503286 0.063737332836 -0.111792489
v 0.140866463187 0.0641605904021 -0.10313304036
v 0.142626481956 0.0719553427238 -0.0904028415564
v 0.14172089359 0.070918972698 -0.0887771084484
v 0.14220009822 0.0719111415623 -0.088417564676
v 0.142066672017 0.0718973099063 -0.0877963215706
v 0.141155413071 0.070271827614 -0.0877619447881
v 0.134818754812 0.0634701810988 -0.0803740168194
v 0.138428685568 0.0716679942466 -0.0777175233183
v 0.136459119994 0.071543845288 -0.0722609735627
v 0.134443314201 0.0714282834719 -0.0672101007314
v 0.149990407184 0.0685930062297 0.0667784088109
v 0.157765359658 0.0683201881802 0.0806435232842
v 0.158604911916 0.0682907288349 0.0821407013304
v 0.157693652971 0.0666652465427 0.0821750781128
v 0.160125816086 0.0631132345865 0.0927004046721
v 0.159670129594 0.068238544725 0.0847274478086
v 0.160411655795 0.0598982673178 0.0977016230682
v 0.161052999324 0.0592681468203 0.104612668151
v 0.161846821598 0.0584882158409 0.113166806894
v 0.163546856293 0.0673931265175 0.124562363604
v 0.161924053321 0.0656124950276 0.12679765512
v 0.16271047626 0.0673295933394 0.127381316483
v 0.162379717354 0.0673044682005 0.128496113268
v 0.160643434143 0.0642073270103 0.128561613673
v 0.152291900576 0.0558509384049 0.132912402912
v 0.156106140427 0.0671319475893 0.13553098648
v 0.127955940232 0.0886358610205 -0.149714970327
v 0.125320155215 0.076462568366 -0.146141979126
v 0.138733236982 0.0846121809582 -0.138138339291
v 0.138803216869 0.0884616353048 -0.139949585989
v 0.138581211709 0.0762495732396 -0.134203561981
v 0.138659097227 0.0746558454532 -0.132370927303
v 0.142990689219 0.0736666787367 -0.0878329185859
v 0.145186738353 0.0870695471569 -0.0743563521748
v 0.144415609021 0.0862332794967 -0.0733815231711
v 0.144747981036 0.0870418906702 -0.0731408043587
v 0.144546013382 0.0870291599065 -0.0725812664751
v 0.143757881062 0.0855199923747 -0.0725500513738
v 0.137342651664 0.0786397768299 -0.0651216145618
v 0.140625184074 0.0868043871844 -0.0627571007282
v 0.13834295652 0.0866735519809 -0.0570386723014
v 0.136656411786 0.0865644098002 -0.0522347346314
v 0.148867291001 0.0843784549355 0.0511030695446
v 0.15711066631 0.0841098213466 0.0648465308298
v 0.158077300572 0.0840783208482 0.0664581158984
v 0.157289168252 0.0825691533164 0.0664893309997
v 0.159295266168 0.0770519399854 0.0751587662028
v 0.159061603219 0.0840437823055 0.0682134280905
v 0.159528929118 0.0700600976654 0.0821041043151
v 0.159586071833 0.0693229296133 0.0831657506556
v 0.164140309735 0.0706757661294 0.128426382503
v 0.165445124702 0.0826516941575 0.133806661905
v 0.158956484484 0.0761299278295 0.137447018046
v 0.160983557835 0.0825290030274 0.138809638294
v 0.156521990967 0.0824063118973 0.143812614684
v 0.15313885263 0.0823512797195 0.145842651638
v 0.133765903351 0.10411298064 -0.150007557312
v 0.131000993675 0.0967475573281 -0.149868317773
v 0.139049535292 0.0960464520921 -0.142419688964
v 0.139308606286 0.104023955402 -0.145017675866
v 0.145522550299 0.0896305496861 -0.0726304444106
v 0.147118967669 0.102320708763 -0.0647630919864
v 0.144231985598 0.0991091660123 -0.0603986101583
v 0.145140106578 0.102207264907 -0.0598047890803
v 0.144152919639 0.102150671601 -0.0573312592859
v 0.142135826998 0.096777352794 -0.0572296794581
v 0.138483558081 0.092637755146 -0.0510284582558
v 0.141289745532 0.101965385637 -0.0491758219144
v 0.138699498281 0.101797761721 -0.0417977867562
v 0.137839364327 0.10171708201 -0.0381867683404
v 0.146216880053 0.100158406688 0.0354463145624
v 0.151005682132 0.0999869954556 0.0441428519804
v 0.15467725412 0.0998555745552 0.0508104825601
v 0.152660161479 0.0944822557486 0.050912062388
v 0.159070593399 0.094688418613 0.0613352338081
v 0.159081103924 0.0997120627129 0.0581526375655
v 0.159053837489 0.0866797106277 0.0664089379629
v 0.159058460489 0.0851105216265 0.0674831652236
v 0.163908535829 0.0949581241595 0.140546159449
v 0.166203164701 0.0907004985995 0.136217856155
v 0.166891465307 0.0980088160738 0.138407221445
v 0.164611709697 0.0979461237954 0.140963624572
v 0.162331954086 0.097883431517 0.143520027699
v 0.15956704441 0.0905180082049 0.143659267238
v 0.153554329478 0.0845848709142 0.146055669709
v 0.156008901449 0.097780576912 0.147314147017
v 0.135281225687 0.119574643231 -0.150247886653
v 0.134822659098 0.114895637514 -0.150175158229
v 0.139600333453 0.108911916458 -0.145261975742
v 0.140231968948 0.119495125873 -0.145790923646
v 0.14632024805 0.11551126824 -0.0596999449949
v 0.147725598386 0.110982577698 -0.0642874579855
v 0.148200076025 0.117757478799 -0.0639154397362
v 0.146510909889 0.117660642533 -0.0596830065459
v 0.145668241975 0.117612334192 -0.0575715886279
v 0.145348532461 0.114350163157 -0.0575208828636
v 0.142034314477 0.110278827166 -0.0491039059566
v 0.142673762851 0.117418551024 -0.0490421433186
v 0.140214820617 0.117259424312 -0.0420381160982
v 0.139188008152 0.106782295123 -0.0418752641701
v 0.138178499759 0.105410766589 -0.0381473340264
v 0.139258144533 0.117169689046 -0.0380217940593
v 0.13651989002 0.116912843493 -0.0265260410698
v 0.136509669689 0.116910111609 -0.0264008412896
v 0.141030319083 0.115929230473 0.0198204197214
v 0.141126632888 0.11592478747 0.0200415280704
v 0.147732202389 0.115620069279 0.0352059852204
v 0.146705389924 0.10514294009 0.0353688371485
v 0.152246463423 0.109320817847 0.04458757572
v 0.15305850348 0.115429418711 0.0448786290212
v 0.156192576456 0.115317237146 0.0505701532182
v 0.155872866942 0.112055066112 0.0506208589824
v 0.159470165293 0.10663092286 0.0575649118552
v 0.15995172559 0.11519473469 0.0568374549788
v 0.16569453163 0.111104157464 0.140991459599
v 0.16760862831 0.108782134296 0.138620422728
v 0.167919832667 0.113457087617 0.138712938889
v 0.165883554544 0.113401090862 0.140996318623
v 0.163847276422 0.113345094108 0.143279698357
v 0.163388709833 0.10866608839 0.143352426782
v 0.156297832439 0.101542068224 0.147303568538
v 0.157196146392 0.113236902797 0.14727067904
v 0.130147911639 0.135012376426 -0.150407314686
v 0.132676990535 0.127406520859 -0.150328767753
v 0.140990650275 0.126901108691 -0.142952360949
v 0.141802406014 0.13482518542 -0.139915223386
v 0.147318009931 0.132591099005 -0.0741039368155
v 0.147995781758 0.131639249107 -0.0750741905459
v 0.147958801349 0.133482627867 -0.0766558015
v 0.1471228074 0.133429932096 -0.0743397361526
v 0.146737984789 0.133405675312 -0.0732736108339
v 0.147106634146 0.132297013273 -0.0732621614971
v 0.148038826614 0.129493573141 -0.0732332099056
v 0.14812877304 0.122947070212 -0.0680356707645
v 0.144120051835 0.128280349783 -0.0625959383489
v 0.14301422688 0.13319220027 -0.0639432340093
v 0.140534927927 0.133050067386 -0.0577310166603
v 0.142738691178 0.126422553702 -0.0576625732267
v 0.141100533857 0.12412076831 -0.0509383683605
v 0.139027435489 0.132952512303 -0.0534370898144
v 0.138941877181 0.121087625927 -0.0420776505715
v 0.138450963228 0.120274592299 -0.0389707022532
v 0.13648481432 0.117018328816 -0.0265271304342
v 0.136481151314 0.117004282272 -0.0264332509044
v 0.140995243384 0.116034715797 0.019819330357
v 0.141044442924 0.116065452412 0.0199575201669
v 0.146459258954 0.119448270895 0.0351664507471
v 0.148950354967 0.12116148381 0.040772970207
v 0.151059262408 0.130754970341 0.0504107251858
v 0.15326302566 0.124127456657 0.0504791686194
v 0.159813607946 0.128762863081 0.0640673133916
v 0.158427478436 0.130514856281 0.0626951096681
v 0.160269271979 0.130454836253 0.0657657715396
v 0.160637921336 0.129346174215 0.0657772208764
v 0.161570113805 0.126542734083 0.0658061724679
v 0.162144730288 0.130389027635 0.0691102864061
v 0.164189477468 0.124462137176 0.138678146059
v 0.168113270378 0.12136590002 0.135494888339
v 0.168301125623 0.129046470083 0.132369708292
v 0.163507543998 0.128914648693 0.137744989309
v 0.158713962374 0.128782827303 0.143120270325
v 0.16124304127 0.121176971736 0.143198817257
v 0.156882048737 0.116669999191 0.146741516801
v 0.1557782023 0.128735072451 0.144881859963
v 0.12788674859 0.137419139359 -0.150414469156
v 0.13092266365 0.139740822206 -0.145652868728
v 0.132627253004 0.150144226426 -0.13519225959
v 0.137602205515 0.144848928813 -0.135176518509
v 0.142577158025 0.139553631201 -0.135160777428
v 0.143553783335 0.142544353922 -0.127223098628
v 0.141488465587 0.147090212155 -0.122607854034
v 0.136562219168 0.149986116023 -0.127245220403
v 0.140239908418 0.149838343232 -0.119817776463
v 0.142353231555 0.147588939858 -0.119811089767
v 0.144466554692 0.145339536484 -0.119804403072
v 0.145471711501 0.144745954142 -0.109230898403
v 0.143374438526 0.14708637785 -0.10683841867
v 0.140899355309 0.149612731619 -0.109245365642
v 0.141203927447 0.149508530641 -0.104362392025
v 0.143569940334 0.146990166422 -0.104354905803
v 0.14593595322 0.144471802204 -0.10434741958
v 0.146550121006 0.141823826495 -0.0963905997489
v 0.142798674385 0.144997052599 -0.093132452922
v 0.139496595513 0.149331539709 -0.0964129175734
v 0.137873305693 0.149163261022 -0.0888547499452
v 0.142503681272 0.144234728197 -0.0888400991284
v 0.14713405685 0.139306195372 -0.0888254483116
v 0.14739403066 0.137470505615 -0.0849893639905
v 0.141245118077 0.142079378645 -0.0802460890915
v 0.136490530384 0.149076099611 -0.0850238633917
v 0.140227039586 0.140335870629 -0.0732942118983
v 0.13929328638 0.138824300781 -0.0676935664217
v 0.137633836291 0.136137964925 -0.0577401959075
v 0.137274743783 0.135512707955 -0.0551969619549
v 0.148158170772 0.13384286788 0.0504015459386
v 0.149653843857 0.134788898471 0.0544994757516
v 0.153758326776 0.137385031571 0.0657451704752
v 0.156846039109 0.139280295883 0.0747166763179
v 0.154411545592 0.14555667995 0.0810822729558
v 0.159041921171 0.140628147126 0.0810969237726
v 0.16367229675 0.135699614301 0.0811115745894
v 0.16462033067 0.138063274639 0.0891700998588
v 0.162325701798 0.142320900199 0.0934984031533
v 0.157733124842 0.145393958602 0.0891483082807
v 0.160749120055 0.145246207557 0.0964722714033
v 0.163115132942 0.142727843338 0.0964797576257
v 0.165481145829 0.14020947912 0.0964872438481
v 0.166553405623 0.140357318322 0.107255251864
v 0.164639308943 0.14267934149 0.109626288735
v 0.16217382149 0.145018910841 0.107241394568
v 0.162792053735 0.144920278135 0.111914527493
v 0.164905376872 0.14267087476 0.111921214189
v 0.167018700009 0.140421471386 0.111927900884
v 0.167585659034 0.137153492033 0.119812302907
v 0.163661866124 0.140249729189 0.122995560627
v 0.160455486603 0.144742787604 0.119789742566
v 0.15818635103 0.144570419316 0.127437684893
v 0.163161303541 0.139275121703 0.127453425974
v 0.168136256051 0.133979824091 0.127469167055
v 0.168218690837 0.131513147087 0.129919437674
v 0.160226370976 0.135737747523 0.134304451523
v 0.156007622767 0.144510505245 0.129880801041
v 0.156452799325 0.131189590236 0.143113115854
v 0.155360734749 0.130014204191 0.144414574
v 0.129632620476 0.15185809839 -0.135180579819
v 0.130129318634 0.152100175551 -0.133181034656
v 0.133455399521 0.153721216832 -0.119791315282
v 0.133779658157 0.153591046172 -0.115932677409
v 0.134754075065 0.153199875427 -0.104337236084
v 0.134682359434 0.152754221144 -0.100987436967
v 0.134422323373 0.151138308641 -0.0888412903023
v 0.134290224702 0.150820459813 -0.0871275499456
v 0.150960563272 0.14753172757 0.0810957325987
v 0.151443884104 0.147735238967 0.0833253279808
v 0.154299267673 0.148937552342 0.0964974273448
v 0.154714998407 0.148904844264 0.100255812242
v 0.156007544838 0.148803151734 0.111940988674
v 0.155826826049 0.148245183217 0.115376345937
v 0.155191718502 0.14628429128 0.127449364664
v 0.154833123405 0.145801796204 0.128731988568
v 0.128363651278 -0.128082876002 -0.131146346319
v 0.129452704401 -0.128153081518 -0.127719562938
v 0.13326026109 -0.128398534634 -0.115738814061
v 0.133724616204 -0.128525418307 -0.109778427131
v 0.134464114421 -0.128727484027 -0.100286347953
v 0.134087867197 -0.128834975355 -0.0953561077355
v 0.133282657191 -0.129065018495 -0.0848048571337
v 0.132893035438 -0.129119506943 -0.0823364700833
v 0.149820897091 -0.132671599566 0.0851321657672
v 0.150834830689 -0.132748631501 0.0888641195087
v 0.154009307029 -0.132989807111 0.100548315476
v 0.154696654718 -0.133114381583 0.106436069128
v 0.155812406407 -0.133316599731 0.115993489895
v 0.155203194928 -0.133426240099 0.120987386273
v 0.153922749304 -0.133656683112 0.131483598165
v 0.153133116892 -0.133696713743 0.133219073495
v 0.132732649746 -0.112610942621 -0.131421399493
v 0.129335358563 -0.124641769192 -0.13120752079
v 0.131231681712 -0.123391477885 -0.126462313794
v 0.135199961021 -0.112769997177 -0.123657828466
v 0.137629259558 -0.112926601253 -0.116013867236
v 0.135461718751 -0.12060251307 -0.115877408277
v 0.136000217304 -0.120953313664 -0.108276665707
v 0.13835300684 -0.113124363076 -0.106723964504
v 0.138833112889 -0.113255550646 -0.100561401127
v 0.136556981739 -0.121316013421 -0.100418105792
v 0.135712897654 -0.122798279606 -0.0943289209133
v 0.138235786114 -0.11342620293 -0.0927341952459
v 0.137651655659 -0.113593085114 -0.0850799103082
v 0.134402442217 -0.125099524013 -0.0848753539371
v 0.133653877606 -0.126144163404 -0.0818662453298
v 0.13683415044 -0.113707412895 -0.0799007351742
v 0.135205555799 -0.113935171212 -0.069583031184
v 0.134848987667 -0.113979250423 -0.0675926020186
v 0.14873684299 -0.11688601027 0.0694563511895
v 0.149938221517 -0.116955112755 0.0728493395795
v 0.154189895558 -0.117199666185 0.0848571125928
v 0.150940682116 -0.128706105085 0.0850616689639
v 0.152642656314 -0.127674740282 0.0901248606075
v 0.156317333262 -0.11736129476 0.0926875061348
v 0.158378305497 -0.11751787373 0.100273262301
v 0.156102174347 -0.125578336506 0.100416557636
v 0.157041265819 -0.12554996351 0.108000430398
v 0.159469532625 -0.117715647062 0.109620608066
v 0.160181404875 -0.11784466635 0.11571843672
v 0.158013864068 -0.125520578167 0.115854895679
v 0.156787296546 -0.127366676269 0.121976130041
v 0.159231883402 -0.11801555263 0.123501960197
v 0.158291747772 -0.118184749731 0.13120854499
v 0.154894456589 -0.130215576302 0.131422423693
v 0.153570942595 -0.131693009766 0.133468708791
v 0.156502791005 -0.118275441382 0.135140362235
v 0.133408891734 -0.0971523000004 -0.131651518817
v 0.132993492506 -0.106648173262 -0.131510162038
v 0.13547260596 -0.105165721651 -0.123959251139
v 0.135754499021 -0.0973035089421 -0.124270898075
v 0.138305501545 -0.0974679586325 -0.116243986559
v 0.138035810994 -0.103632985251 -0.116152213188
v 0.13873845425 -0.104000577522 -0.107033180939
v 0.139006343785 -0.0976594617195 -0.107248089237
v 0.139509354877 -0.0977969080253 -0.100791520451
v 0.139226797848 -0.104256057569 -0.100695368728
v 0.138581835764 -0.10573481836 -0.0929758802222
v 0.138931550035 -0.0979619830232 -0.0932201246111
v 0.138327897647 -0.0981344424931 -0.0853100296319
v 0.137930043615 -0.107229239037 -0.0851746433317
v 0.137069153197 -0.108617865619 -0.0800552553306
v 0.137548175715 -0.0982434862969 -0.0803702245466
v 0.135881797787 -0.0984765285912 -0.0698131505077
v 0.135314340193 -0.11144840007 -0.0696200495761
v 0.134939857336 -0.11202328444 -0.0676514861216
v 0.135567402761 -0.0985153943323 -0.0680581394072
v 0.149413084977 -0.10142736765 0.0692262318658
v 0.148845627383 -0.114399239128 0.0694193327974
v 0.150052912907 -0.113634108895 0.0727137612356
v 0.150472370426 -0.101488297036 0.0722179144595
v 0.154866137546 -0.101741023564 0.0846269932691
v 0.154468283514 -0.110835820108 0.0847623795692
v 0.156604143913 -0.109685712254 0.092393694741
v 0.156895249772 -0.101895182023 0.0920954832966
v 0.159054547485 -0.10205923111 0.100043142977
v 0.158771990456 -0.108518380654 0.100139294701
v 0.159849688429 -0.108537768718 0.109302745974
v 0.160110110947 -0.102250540781 0.109084997237
v 0.160857646862 -0.10238602373 0.115488317397
v 0.160587956311 -0.108551050348 0.115580090768
v 0.15958122815 -0.110366757711 0.123266299011
v 0.159938175698 -0.102551501827 0.123025509122
v 0.15896798976 -0.102726107111 0.130978425667
v 0.158552590532 -0.112221980372 0.131119782446
v 0.156693670774 -0.114414547132 0.135034480606
v 0.157267276083 -0.102812325254 0.134716299875
v 0.13169982316 -0.0817022424549 -0.13185261343
v 0.132864621242 -0.0922320700328 -0.131715559468
v 0.134657674967 -0.0912230955792 -0.125694091777
v 0.132954836267 -0.0817831465367 -0.127903625114
v 0.136596432972 -0.0820179010871 -0.116445081172
v 0.137441422514 -0.0896566449354 -0.116345656932
v 0.13805422442 -0.0899472263472 -0.108658465654
v 0.137092022235 -0.0821533193999 -0.110083777775
v 0.137800286303 -0.0823468504798 -0.100992615064
v 0.13867351582 -0.0902408849786 -0.100889868015
v 0.138278031406 -0.091359185052 -0.0942822858783
v 0.137397418261 -0.0824619471982 -0.0957135429718
v 0.136618829073 -0.0826843849477 -0.0855111242448
v 0.1377451181 -0.0928660889113 -0.0853786013845
v 0.137164432181 -0.0939041439329 -0.0810271425864
v 0.136177684655 -0.0827460788201 -0.0827163234916
v 0.135671272446 -0.0965733699469 -0.0698379216097
v 0.135434743816 -0.0969710303316 -0.0682884156215
v 0.149202559636 -0.0995242090053 0.0692014607638
v 0.150002698259 -0.0990436439333 0.07161991876
v 0.153157068973 -0.086290966019 0.0844258986562
v 0.154283357999 -0.0964726699826 0.0845584215165
v 0.155858514224 -0.0956843767264 0.0907169436276
v 0.154305082767 -0.0863781844758 0.0886513571902
v 0.157345478911 -0.0866091735641 0.0998420483646
v 0.158218708428 -0.0945032080629 0.099944795413
v 0.159101306933 -0.0945387644183 0.107623688249
v 0.158081458872 -0.0867425621188 0.106146381342
v 0.159148578289 -0.0869359661843 0.115287222784
v 0.159993567831 -0.0945747100327 0.115386647024
v 0.159324984595 -0.0959508326811 0.121999759624
v 0.158498389116 -0.0870529813464 0.120617026094
v 0.157258921186 -0.0872760495651 0.130777331054
v 0.158423719268 -0.097805877143 0.130914385016
v 0.157068760708 -0.099463780146 0.134297135616
v 0.156348957286 -0.0873221804332 0.13277727416
v 0.131226161969 -0.0792420382755 -0.131882193259
v 0.132071043575 -0.078781387364 -0.128914001626
v 0.133622721768 -0.066572395172 -0.11663078748
v 0.135602596019 -0.0768558952712 -0.116507145636
v 0.13601393051 -0.0770426815928 -0.111420426195
v 0.133816380927 -0.0666253119692 -0.114145009929
v 0.1348265751 -0.0669013445647 -0.101178321372
v 0.136852382302 -0.0774234211846 -0.101051811045
v 0.136636820837 -0.0781165519197 -0.0967097280184
v 0.134681041626 -0.0669429225096 -0.0992712907349
v 0.136082532039 -0.0798988491492 -0.0855446156416
v 0.135806738133 -0.0804213262808 -0.0832169363879
v 0.152620771939 -0.0835054302205 0.0843924072593
v 0.153411328467 -0.0831245354213 0.087613919466
v 0.154371767708 -0.071163667649 0.0996563420567
v 0.15639757491 -0.0816857442689 0.0997828523835
v 0.156966479022 -0.0817143053096 0.104782487712
v 0.154637635707 -0.0712118534014 0.101933741555
v 0.156174867085 -0.0714904602692 0.115101516476
v 0.158154741336 -0.0817739603685 0.11522515832
v 0.157765192053 -0.0826392252628 0.119640563449
v 0.155920795624 -0.0715361857511 0.117184219437
v 0.156785259995 -0.0848158453858 0.130747751224
v 0.156149014632 -0.0856099494645 0.132474437205
v 0.133198404489 -0.0645892323533 -0.116654116733
v 0.133357023305 -0.0646605084006 -0.114699242418
v 0.134452443958 -0.0651527403836 -0.101198891357
v 0.134379521129 -0.0653958463051 -0.0996535864855
v 0.153997636567 -0.0694150634679 0.0996357720719
v 0.154199161907 -0.0694256672355 0.101411124036
v 0.155750549806 -0.0695072974505 0.115078187223
v 0.155605782161 -0.0698355910824 0.11677875788
v 0.142405506865 0.0725650938888 -0.118734673994
v 0.142599166024 0.0725121770916 -0.116248896443
v 0.143609360197 0.0722361444961 -0.103282207886
v 0.143463826723 0.0721945665513 -0.101375177249
v 0.163154552805 0.0679738214118 0.0975524555424
v 0.163420420804 0.0679256356595 0.0998298550405
v 0.164957652182 0.0676470287916 0.112997629962
v 0.164703580721 0.0676013033098 0.115080332922
v 0.142434338279 0.0883546886194 -0.134424030281
v 0.143689351386 0.0882737845376 -0.130475041965
v 0.14733094809 0.0880390299873 -0.119016498023
v 0.14349064574 0.0759742036176 -0.1187967635
v 0.143721576782 0.0758169952642 -0.115477263948
v 0.147826537353 0.0879036116744 -0.112655194626
v 0.148534801422 0.0877100805945 -0.103564031915
v 0.14456615424 0.0752420416768 -0.103336953753
v 0.144198973479 0.0746198682124 -0.100888520992
v 0.14813193338 0.0875949838761 -0.0982849598227
v 0.147353344192 0.0873725461267 -0.0880825410956
v 0.146912199773 0.0873108522542 -0.0852877403424
v 0.163891584091 0.0837659650554 0.0818544818054
v 0.165039597885 0.0836787465986 0.0860799403394
v 0.16807999403 0.0834477575102 0.0972706315137
v 0.164111346848 0.0709797185925 0.0974977096751
v 0.164496578697 0.0709949607569 0.100576827401
v 0.168815973991 0.0833143689556 0.103574964491
v 0.169883093407 0.08312096489 0.112715805933
v 0.166042791057 0.0710561385204 0.112935540456
v 0.165474080549 0.070221503959 0.115584766948
v 0.169232904235 0.083003949728 0.118045609244
v 0.167993436305 0.0827808815092 0.128205914203
v 0.167083472405 0.0827347506411 0.130205857309
v 0.146095136874 0.103824073088 -0.134690466004
v 0.143320547305 0.0920995294738 -0.134488529252
v 0.145256097502 0.0933515479038 -0.12943133544
v 0.148440744161 0.103672864146 -0.127309845262
v 0.150991746685 0.103508414455 -0.119282933747
v 0.149190393816 0.0958964632978 -0.119151829906
v 0.149745196445 0.0955529839183 -0.111479915875
v 0.151692588925 0.103316911368 -0.110287036424
v 0.152195600017 0.103179465063 -0.103830467638
v 0.150308307668 0.0952043606721 -0.103693109057
v 0.1495271781 0.0937667274325 -0.0974740815562
v 0.151617795175 0.103014390065 -0.0962590717984
v 0.151014142787 0.102841930595 -0.0883489768192
v 0.148356743417 0.0916125959351 -0.0881555692591
v 0.147607603687 0.0905389767244 -0.0848945202858
v 0.150234420855 0.102732886791 -0.0834091717339
v 0.148568042927 0.102499844497 -0.0728520976951
v 0.148253647901 0.102460978756 -0.0710970865946
v 0.162099330117 0.0995490054383 0.0661872846785
v 0.163158615566 0.099488076052 0.0691789672722
v 0.167552382686 0.0992353495235 0.0815880460818
v 0.164894983316 0.0880060148638 0.0817814536418
v 0.166616153474 0.0890251491609 0.0871131581047
v 0.169581494913 0.0990811910648 0.0890565361093
v 0.171740792625 0.0989171419783 0.0970041957901
v 0.169853500276 0.0909420375878 0.0971415543717
v 0.170790662302 0.0909600762774 0.10480088292
v 0.172796356087 0.0987258323068 0.106046050049
v 0.173543892002 0.0985903493581 0.112449370209
v 0.171742539133 0.0909783982005 0.11258047405
v 0.170593778861 0.0891917244863 0.118824432873
v 0.172624420839 0.0984248712608 0.119986561935
v 0.1716542349 0.0982502659773 0.127939478479
v 0.168879645331 0.0865257223636 0.128141415232
v 0.167498949253 0.0849683418359 0.13041887538
v 0.169953521223 0.0981640478336 0.131677352688
v 0.147370624908 0.119284872481 -0.134927877017
v 0.146581357303 0.109717783033 -0.134780967899
v 0.149127095664 0.111263916688 -0.127238351082
v 0.149837936183 0.119125817924 -0.12716430599
v 0.152267234719 0.118969213848 -0.119520344759
v 0.151763665949 0.112865216379 -0.119426613757
v 0.152463129617 0.112488519467 -0.110253450074
v 0.152990982002 0.118771452026 -0.110230442028
v 0.153471088051 0.118640264456 -0.104067878651
v 0.152942291287 0.112230466433 -0.103969451875
v 0.152242359465 0.110699931754 -0.0962499223666
v 0.152873761276 0.118469612171 -0.0962406727698
v 0.152289630821 0.118302729988 -0.0885863878321
v 0.151534765025 0.109152641295 -0.0884458820426
v 0.150635142898 0.107736798849 -0.0834085374721
v 0.151472125601 0.118188402206 -0.0834072126981
v 0.149843530961 0.11796064389 -0.0730895087079
v 0.148756114342 0.104779547906 -0.07288710408
v 0.148395437126 0.10423784491 -0.0710973157157
v 0.149486962829 0.117916564679 -0.0710990795424
v 0.163374818151 0.115009804831 0.0659498736656
v 0.162287401532 0.101828708847 0.0661522782935
v 0.16344135601 0.102570144783 0.0692116565366
v 0.164576196679 0.114940702347 0.0693428620557
v 0.16882787072 0.114696148917 0.0813506350689
v 0.168073004924 0.105546060224 0.0814911408584
v 0.170263050958 0.106747668291 0.0891182974884
v 0.170955308424 0.114534520342 0.0891810286109
v 0.173016280659 0.114377941371 0.0967667847773
v 0.172487483895 0.107968143349 0.0968652115534
v 0.173579413609 0.107955606283 0.106086709678
v 0.174107507787 0.114180168039 0.106114130542
v 0.174819380036 0.114051148751 0.112211959196
v 0.174315811266 0.107947151282 0.112305690199
v 0.173240219876 0.106066694572 0.119990972739
v 0.173869858563 0.113880262471 0.119995482673
v 0.172929722934 0.11371106537 0.127702067466
v 0.172140455329 0.104143975923 0.127848976584
v 0.170242452213 0.101925539146 0.131666774209
v 0.171140766166 0.113620373719 0.131633884711
v 0.144953356461 0.134732381113 -0.135120354179
v 0.146591315433 0.12426503505 -0.134989930231
v 0.148345515047 0.125234795943 -0.128945236871
v 0.146042409585 0.134662175597 -0.131693570798
v 0.149849966273 0.134416722481 -0.119712821922
v 0.151052597263 0.126731331711 -0.119617061353
v 0.151667057994 0.126447122487 -0.111972482469
v 0.150314321387 0.134289838808 -0.113752434991
v 0.151053819604 0.134087773088 -0.104260355813
v 0.152294891254 0.126156728009 -0.104161534373
v 0.151938425784 0.125075455504 -0.0975564364239
v 0.15067757238 0.13398028176 -0.0993301155959
v 0.149872362375 0.13375023862 -0.0887788649941
v 0.151457902266 0.123617875706 -0.0886526149622
v 0.150906244585 0.122599470909 -0.0842330471664
v 0.149482740621 0.133695750172 -0.0863104779437
v 0.149518520182 0.12003761917 -0.0731153879819
v 0.149274446037 0.119615513076 -0.0714122673036
v 0.163049807373 0.117086780112 0.0659239943917
v 0.163891246518 0.117584279999 0.0685370106523
v 0.166410602274 0.130143657549 0.0811581579069
v 0.167996142165 0.120011294635 0.0812844079388
v 0.169538556174 0.120766908513 0.0874592620087
v 0.167424535872 0.130066625614 0.0848901116484
v 0.170599012212 0.129825450004 0.0965743076152
v 0.171840083862 0.121894404925 0.0966731290553
v 0.172712608533 0.121854286585 0.104308387307
v 0.171286359901 0.129700875532 0.102462061267
v 0.17240211159 0.129498657384 0.112019482034
v 0.17360474258 0.121813266614 0.112115242603
v 0.172985488273 0.12048390047 0.118725700696
v 0.171792900112 0.129389017016 0.117013378412
v 0.170512454487 0.129158574003 0.127509590304
v 0.172150413459 0.11869122794 0.127640014252
v 0.170826668511 0.117053470112 0.131104722472
v 0.169722822075 0.129118543372 0.129245065634
v 0.144104851595 0.136453977298 -0.135134788716
v 0.144601549752 0.136696054459 -0.133135243553
v 0.14792763064 0.13831709574 -0.119745524179
v 0.148251889275 0.13818692508 -0.115886886306
v 0.149226306183 0.137795754335 -0.10429144498
v 0.149154590552 0.137350100053 -0.100941645863
v 0.148894554491 0.135734187549 -0.088795499199
v 0.148762455821 0.135416338721 -0.0870817588423
v 0.16543279439 0.132127606478 0.081141523702
v 0.165916115222 0.132331117876 0.0833711190841
v 0.168771498791 0.133533431251 0.0965432184482
v 0.169187229526 0.133500723172 0.100301603345
v 0.170479775957 0.133399030643 0.111986779777
v 0.170299057168 0.132841062126 0.11542213704
v 0.16966394962 0.130880170188 0.127495155768
v 0.169305354523 0.130397675113 0.128777779672
f 1 3 2
f 1 4 3
f 1 5 4
f 1 6 5
f 1 7 6
f 1 2 7
f 6 9 8
f 6 7 9
f 6 8 10
f 6 10 5
f 8 11 10
f 8 12 11
f 8 13 12
f 8 9 13
f 12 15 14
f 12 13 15
f 12 14 16
f 12 16 11
f 14 17 16
f 14 18 17
f 14 19 18
f 14 15 19
f 18 21 20
f 18 19 21
f 18 20 22
f 18 22 17
f 20 23 22
f 20 24 23
f 20 25 24
f 20 21 25
f 24 25 26
f 24 26 23
f 27 29 28
f 27 30 29
f 27 31 30
f 27 32 31
f 27 33 32
f 27 28 33
f 32 35 34
f 32 33 35
f 32 34 36
f 32 36 31
f 34 37 36
f 34 38 37
f 34 39 38
f 34 35 39
f 38 41 40
f 38 39 41
f 38 40 42
f 38 42 37
f 40 43 42
f 40 44 43
f 40 45 44
f 40 41 45
f 44 47 46
f 44 45 47
f 44 46 48
f 44 48 43
f 46 49 48
f 46 50 49
f 46 51 50
f 46 47 51
f 50 51 52
f 50 52 49
f 53 55 54
f 53 56 55
f 53 57 56
f 53 58 57
f 4 58 53
f 4 5 58
f 4 53 54
f 4 54 3
f 5 59 58
f 58 59 60
f 58 60 57
f 59 61 60
f 59 62 61
f 10 62 59
f 10 11 62
f 10 59 5
f 11 63 62
f 62 63 64
f 62 64 61
f 63 65 64
f 63 66 65
f 16 66 63
f 16 17 66
f 16 63 11
f 17 67 66
f 66 67 68
f 66 68 65
f 67 69 68
f 67 70 69
f 22 70 67
f 22 23 70
f 22 67 17
f 23 71 70
f 70 71 72
f 70 72 69
f 71 73 72
f 71 74 73
f 71 75 74
f 23 75 71
f 23 26 75
f 74 75 76
f 74 76 73
f 77 79 78
f 77 80 79
f 77 81 80
f 77 82 81
f 77 83 82
f 77 78 83
f 82 85 84
f 82 83 85
f 82 84 86
f 82 86 81
f 84 87 86
f 84 88 87
f 30 88 84
f 30 31 88
f 30 84 85
f 30 85 29
f 31 89 88
f 88 89 90
f 88 90 87
f 89 91 90
f 89 92 91
f 36 92 89
f 36 37 92
f 36 89 31
f 37 93 92
f 92 93 94
f 92 94 91
f 93 95 94
f 93 96 95
f 42 96 93
f 42 43 96
f 42 93 37
f 43 97 96
f 96 97 98
f 96 98 95
f 97 99 98
f 97 100 99
f 48 100 97
f 48 49 100
f 48 97 43
f 49 101 100
f 49 102 101
f 100 101 99
f 49 52 102
f 103 105 104
f 103 106 105
f 103 107 106
f 103 108 107
f 56 108 103
f 56 57 108
f 56 103 104
f 56 104 55
f 57 109 108
f 108 109 110
f 108 110 107
f 109 111 110
f 109 112 111
f 60 112 109
f 60 61 112
f 60 109 57
f 61 113 112
f 112 113 114
f 112 114 111
f 113 115 114
f 113 116 115
f 64 116 113
f 64 65 116
f 64 113 61
f 65 117 116
f 116 117 118
f 116 118 115
f 117 119 118
f 117 120 119
f 68 120 117
f 68 69 120
f 68 117 65
f 69 121 120
f 120 121 122
f 120 122 119
f 121 123 122
f 121 124 123
f 72 124 121
f 72 73 124
f 72 121 69
f 73 125 124
f 73 126 125
f 124 125 123
f 73 76 126
f 127 129 128
f 127 130 129
f 127 131 130
f 127 132 131
f 80 132 127
f 80 81 132
f 80 127 128
f 80 128 79
f 81 133 132
f 132 133 134
f 132 134 131
f 133 135 134
f 133 136 135
f 86 136 133
f 86 87 136
f 86 133 81
f 87 137 136
f 136 137 138
f 136 138 135
f 137 139 138
f 137 140 139
f 90 140 137
f 90 91 140
f 90 137 87
f 91 141 140
f 140 141 142
f 140 142 139
f 141 143 142
f 141 144 143
f 94 144 141
f 94 95 144
f 94 141 91
f 95 145 144
f 144 145 146
f 144 146 143
f 145 147 146
f 145 148 147
f 98 148 145
f 98 99 148
f 98 145 95
f 99 149 148
f 99 150 149
f 148 149 147
f 99 101 150
f 151 153 152
f 151 154 153
f 151 155 154
f 151 156 155
f 106 156 151
f 106 107 156
f 106 151 152
f 106 152 105
f 107 157 156
f 156 157 158
f 156 158 155
f 157 159 158
f 157 160 159
f 110 160 157
f 110 111 160
f 110 157 107
f 111 161 160
f 160 161 162
f 160 162 159
f 161 163 162
f 161 164 163
f 114 164 161
f 114 115 164
f 114 161 111
f 115 165 164
f 164 165 166
f 164 166 163
f 165 167 166
f 165 168 167
f 118 168 165
f 118 119 168
f 118 165 115
f 119 169 168
f 119 170 169
f 168 169 167
f 122 123 171
f 122 170 119
f 122 171 170
f 123 172 171
f 123 125 172
f 130 131 173
f 130 173 129
f 131 174 175
f 131 175 173
f 174 176 175
f 174 177 176
f 174 178 177
f 134 178 174
f 134 135 178
f 134 174 131
f 135 179 178
f 178 179 180
f 178 180 177
f 179 181 180
f 179 182 181
f 138 182 179
f 138 139 182
f 138 179 135
f 139 183 182
f 182 183 184
f 182 184 181
f 183 185 184
f 183 186 185
f 142 186 183
f 142 143 186
f 142 183 139
f 143 187 186
f 186 187 188
f 186 188 185
f 187 189 188
f 187 190 189
f 146 190 187
f 146 147 190
f 146 187 143
f 147 191 190
f 147 192 191
f 190 191 189
f 147 149 192
f 154 155 193
f 154 193 153
f 155 194 195
f 155 195 193
f 194 196 195
f 194 197 196
f 194 198 197
f 158 198 194
f 158 159 198
f 158 194 155
f 159 199 198
f 198 199 200
f 198 200 197
f 199 201 200
f 199 202 201
f 162 202 199
f 162 163 202
f 162 199 159
f 163 203 202
f 163 204 203
f 202 203 201
f 166 167 205
f 166 204 163
f 166 205 204
f 167 206 205
f 167 169 206
f 176 177 207
f 176 207 175
f 177 208 209
f 177 209 207
f 208 210 209
f 208 211 210
f 208 212 211
f 180 212 208
f 180 181 212
f 180 208 177
f 181 213 212
f 212 213 214
f 212 214 211
f 213 215 214
f 213 216 215
f 184 216 213
f 184 185 216
f 184 213 181
f 185 217 216
f 185 218 217
f 216 217 215
f 188 189 219
f 188 218 185
f 188 219 218
f 189 220 219
f 189 191 220
f 196 197 221
f 196 221 195
f 197 222 221
f 200 201 223
f 200 222 197
f 200 223 222
f 201 224 223
f 201 203 224
f 210 211 225
f 210 225 209
f 211 226 225
f 214 215 227
f 214 226 211
f 214 227 226
f 215 228 227
f 215 217 228
f 229 231 230
f 229 232 231
f 229 233 232
f 229 234 233
f 229 235 234
f 229 230 235
f 234 237 236
f 234 235 237
f 234 236 238
f 234 238 233
f 236 239 238
f 236 240 239
f 236 241 240
f 236 237 241
f 240 241 242
f 240 242 239
f 243 245 244
f 243 246 245
f 243 247 246
f 243 248 247
f 243 249 248
f 243 244 249
f 248 251 250
f 248 249 251
f 248 250 252
f 248 252 247
f 250 253 252
f 250 254 253
f 250 255 254
f 250 251 255
f 254 255 256
f 254 256 253
f 257 259 258
f 257 260 259
f 257 261 260
f 257 262 261
f 257 263 262
f 257 258 263
f 262 265 264
f 262 263 265
f 262 264 266
f 262 266 261
f 264 267 266
f 264 268 267
f 232 268 264
f 232 233 268
f 232 264 265
f 232 265 231
f 233 269 268
f 268 269 270
f 268 270 267
f 269 271 270
f 269 272 271
f 238 272 269
f 238 239 272
f 238 269 233
f 239 273 272
f 272 273 274
f 272 274 271
f 273 275 274
f 273 276 275
f 273 277 276
f 239 277 273
f 239 242 277
f 276 277 278
f 276 278 275
f 279 281 280
f 279 282 281
f 279 283 282
f 279 284 283
f 279 285 284
f 279 280 285
f 284 287 286
f 284 285 287
f 284 286 288
f 284 288 283
f 286 289 288
f 286 290 289
f 246 290 286
f 246 247 290
f 246 286 287
f 246 287 245
f 247 291 290
f 290 291 292
f 290 292 289
f 291 293 292
f 291 294 293
f 252 294 291
f 252 253 294
f 252 291 247
f 253 295 294
f 294 295 296
f 294 296 293
f 295 297 296
f 295 298 297
f 295 299 298
f 253 299 295
f 253 256 299
f 298 299 300
f 298 300 297
f 301 303 302
f 301 304 303
f 301 305 304
f 301 306 305
f 260 306 301
f 260 261 306
f 260 301 302
f 260 302 259
f 261 307 306
f 306 307 308
f 306 308 305
f 307 309 308
f 307 310 309
f 266 310 307
f 266 267 310
f 266 307 261
f 267 311 310
f 310 311 312
f 310 312 309
f 311 313 312
f 311 314 313
f 270 314 311
f 270 271 314
f 270 311 267
f 271 315 314
f 314 315 316
f 314 316 313
f 315 317 316
f 315 318 317
f 274 318 315
f 274 275 318
f 274 315 271
f 275 319 318
f 318 319 320
f 318 320 317
f 319 321 320
f 319 322 321
f 319 323 322
f 275 323 319
f 275 278 323
f 322 323 324
f 322 324 321
f 325 327 326
f 325 328 327
f 325 329 328
f 325 330 329
f 325 331 330
f 325 326 331
f 330 333 332
f 330 331 333
f 330 332 334
f 330 334 329
f 332 335 334
f 332 336 335
f 282 336 332
f 282 283 336
f 282 332 333
f 282 333 281
f 283 337 336
f 336 337 338
f 336 338 335
f 337 339 338
f 337 340 339
f 288 340 337
f 288 289 340
f 288 337 283
f 289 341 340
f 340 341 342
f 340 342 339
f 341 343 342
f 341 344 343
f 292 344 341
f 292 293 344
f 292 341 289
f 293 345 344
f 344 345 346
f 344 346 343
f 345 347 346
f 345 348 347
f 296 348 345
f 296 297 348
f 296 345 293
f 297 349 348
f 297 350 349
f 348 349 347
f 297 300 350
f 351 353 352
f 351 354 353
f 351 355 354
f 351 356 355
f 304 356 351
f 304 305 356
f 304 351 352
f 304 352 303
f 305 357 356
f 356 357 358
f 356 358 355
f 357 359 358
f 357 360 359
f 308 360 357
f 308 309 360
f 308 357 305
f 309 361 360
f 360 361 362
f 360 362 359
f 361 363 362
f 361 364 363
f 312 364 361
f 312 313 364
f 312 361 309
f 313 365 364
f 364 365 366
f 364 366 363
f 365 367 366
f 365 368 367
f 316 368 365
f 316 317 368
f 316 365 313
f 317 369 368
f 368 369 370
f 368 370 367
f 369 371 370
f 369 372 371
f 320 372 369
f 320 321 372
f 320 369 317
f 321 373 372
f 321 374 373
f 372 373 371
f 321 324 374
f 375 377 376
f 375 378 377
f 375 379 378
f 375 380 379
f 328 380 375
f 328 329 380
f 328 375 376
f 328 376 327
f 329 381 380
f 380 381 382
f 380 382 379
f 381 383 382
f 381 384 383
f 334 384 381
f 334 335 384
f 334 381 329
f 335 385 384
f 384 385 386
f 384 386 383
f 385 387 386
f 385 388 387
f 338 388 385
f 338 339 388
f 338 385 335
f 339 389 388
f 388 389 390
f 388 390 387
f 389 391 390
f 389 392 391
f 342 392 389
f 342 343 392
f 342 389 339
f 343 393 392
f 392 393 394
f 392 394 391
f 393 395 394
f 393 396 395
f 346 396 393
f 346 347 396
f 346 393 343
f 347 397 396
f 347 398 397
f 396 397 395
f 347 349 398
f 399 401 400
f 399 402 401
f 399 403 402
f 399 404 403
f 354 404 399
f 354 355 404
f 354 399 400
f 354 400 353
f 355 405 404
f 404 405 406
f 404 406 403
f 405 407 406
f 405 408 407
f 358 408 405
f 358 359 408
f 358 405 355
f 359 409 408
f 408 409 410
f 408 410 407
f 409 411 410
f 409 412 411
f 362 412 409
f 362 363 412
f 362 409 359
f 363 413 412
f 412 413 414
f 412 414 411
f 413 415 414
f 413 416 415
f 366 416 413
f 366 367 416
f 366 413 363
f 367 417 416
f 367 418 417
f 416 417 415
f 370 371 419
f 370 418 367
f 370 419 418
f 371 420 419
f 371 373 420
f 378 379 421
f 378 421 377
f 379 422 423
f 379 423 421
f 422 424 423
f 422 425 424
f 422 426 425
f 382 426 422
f 382 383 426
f 382 422 379
f 383 427 426
f 426 427 428
f 426 428 425
f 427 429 428
f 427 430 429
f 386 430 427
f 386 387 430
f 386 427 383
f 387 431 430
f 430 431 432
f 430 432 429
f 431 433 432
f 431 434 433
f 390 434 431
f 390 391 434
f 390 431 387
f 391 435 434
f 434 435 436
f 434 436 433
f 435 437 436
f 435 438 437
f 394 438 435
f 394 395 438
f 394 435 391
f 395 439 438
f 395 440 439
f 438 439 437
f 395 397 440
f 402 403 441
f 402 441 401
f 403 442 441
f 406 407 443
f 406 442 403
f 406 443 442
f 407 444 443
f 410 411 445
f 410 444 407
f 410 445 444
f 411 446 445
f 414 415 447
f 414 446 411
f 414 447 446
f 415 448 447
f 415 417 448
f 424 425 449
f 424 449 423
f 425 450 449
f 428 429 451
f 428 450 425
f 428 451 450
f 429 452 451
f 432 433 453
f 432 452 429
f 432 453 452
f 433 454 453
f 436 437 455
f 436 454 433
f 436 455 454
f 437 456 455
f 437 439 456
f 457 459 458
f 457 460 459
f 457 461 460
f 457 462 461
f 457 463 462
f 457 458 463
f 462 465 464
f 462 463 465
f 462 464 466
f 462 466 461
f 464 467 466
f 464 468 467
f 464 469 468
f 464 465 469
f 468 471 470
f 468 469 471
f 468 470 472
f 468 472 467
f 470 473 472
f 470 474 473
f 470 475 474
f 470 471 475
f 474 477 476
f 474 475 477
f 474 476 478
f 474 478 473
f 476 479 478
f 476 480 479
f 476 481 480
f 476 477 481
f 480 481 482
f 480 482 479
f 483 485 484
f 483 486 485
f 483 487 486
f 483 488 487
f 483 489 488
f 483 484 489
f 488 491 490
f 488 489 491
f 488 490 492
f 488 492 487
f 490 493 492
f 490 494 493
f 490 495 494
f 490 491 495
f 494 497 496
f 494 495 497
f 494 496 498
f 494 498 493
f 496 499 498
f 496 500 499
f 496 501 500
f 496 497 501
f 500 503 502
f 500 501 503
f 500 502 504
f 500 504 499
f 502 505 504
f 502 506 505
f 502 507 506
f 502 503 507
f 506 507 508
f 506 508 505
f 509 511 510
f 509 512 511
f 509 513 512
f 509 514 513
f 509 515 514
f 509 510 515
f 514 517 516
f 514 515 517
f 514 516 518
f 514 518 513
f 2 518 516
f 2 3 518
f 2 516 519
f 2 519 7
f 460 519 516
f 460 461 519
f 460 516 517
f 460 517 459
f 461 520 519
f 519 520 7
f 7 520 9
f 9 520 521
f 9 521 13
f 466 521 520
f 466 467 521
f 466 520 461
f 467 522 521
f 521 522 13
f 13 522 15
f 15 522 523
f 15 523 19
f 472 523 522
f 472 473 523
f 472 522 467
f 473 524 523
f 523 524 19
f 19 524 21
f 21 524 525
f 21 525 25
f 478 525 524
f 478 479 525
f 478 524 473
f 479 526 525
f 525 526 25
f 25 526 527
f 25 527 26
f 526 528 527
f 526 529 528
f 479 529 526
f 479 482 529
f 528 531 530
f 528 529 531
f 528 530 532
f 528 532 527
f 530 533 532
f 530 534 533
f 530 535 534
f 530 531 535
f 534 535 536
f 534 536 533
f 537 539 538
f 537 540 539
f 537 541 540
f 537 542 541
f 537 543 542
f 537 538 543
f 542 545 544
f 542 543 545
f 542 544 546
f 542 546 541
f 544 547 546
f 544 548 547
f 544 549 548
f 544 545 549
f 548 551 550
f 548 549 551
f 548 550 552
f 548 552 547
f 28 552 550
f 28 29 552
f 28 550 553
f 28 553 33
f 486 553 550
f 486 487 553
f 486 550 551
f 486 551 485
f 487 554 553
f 553 554 33
f 33 554 35
f 35 554 555
f 35 555 39
f 492 555 554
f 492 493 555
f 492 554 487
f 493 556 555
f 555 556 39
f 39 556 41
f 41 556 557
f 41 557 45
f 498 557 556
f 498 499 557
f 498 556 493
f 499 558 557
f 557 558 45
f 45 558 47
f 47 558 559
f 47 559 51
f 504 559 558
f 504 505 559
f 504 558 499
f 505 560 559
f 559 560 51
f 51 560 561
f 51 561 52
f 560 562 561
f 560 563 562
f 505 563 560
f 505 508 563
f 562 563 564
f 562 564 561
f 565 567 566
f 565 568 567
f 565 569 568
f 565 570 569
f 512 570 565
f 512 513 570
f 512 565 566
f 512 566 511
f 513 571 570
f 570 571 572
f 570 572 569
f 54 572 571
f 54 55 572
f 54 571 3
f 3 571 518
f 518 571 513
f 26 573 75
f 26 527 573
f 527 574 573
f 573 574 75
f 75 574 575
f 75 575 76
f 574 576 575
f 532 576 574
f 532 533 576
f 532 574 527
f 533 577 576
f 576 577 578
f 576 578 575
f 577 579 578
f 577 580 579
f 577 581 580
f 533 581 577
f 533 536 581
f 580 583 582
f 580 581 583
f 580 582 584
f 580 584 579
f 582 585 584
f 582 586 585
f 582 587 586
f 582 583 587
f 586 587 588
f 586 588 585
f 589 591 590
f 589 592 591
f 589 593 592
f 589 594 593
f 589 595 594
f 589 590 595
f 594 597 596
f 594 595 597
f 594 596 598
f 594 598 593
f 596 599 598
f 596 600 599
f 596 601 600
f 596 597 601
f 600 603 602
f 600 601 603
f 600 602 604
f 600 604 599
f 602 605 604
f 602 606 605
f 540 606 602
f 540 541 606
f 540 602 603
f 540 603 539
f 541 607 606
f 606 607 608
f 606 608 605
f 78 608 607
f 78 79 608
f 78 607 609
f 78 609 83
f 546 609 607
f 546 547 609
f 546 607 541
f 547 610 609
f 609 610 83
f 83 610 85
f 85 610 29
f 29 610 552
f 552 610 547
f 102 611 101
f 102 612 611
f 102 52 612
f 52 561 612
f 561 613 612
f 561 614 613
f 612 613 611
f 561 564 614
f 615 617 616
f 615 618 617
f 615 619 618
f 615 620 619
f 568 620 615
f 568 569 620
f 568 615 616
f 568 616 567
f 569 621 620
f 620 621 622
f 620 622 619
f 104 622 621
f 104 105 622
f 104 621 55
f 55 621 572
f 572 621 569
f 126 623 125
f 126 624 623
f 126 76 624
f 76 575 624
f 575 625 624
f 624 625 626
f 624 626 623
f 625 627 626
f 625 628 627
f 578 628 625
f 578 579 628
f 578 625 575
f 579 629 628
f 579 630 629
f 628 629 627
f 584 585 631
f 584 630 579
f 584 631 630
f 585 632 631
f 585 588 632
f 592 593 633
f 592 633 591
f 593 634 635
f 593 635 633
f 634 636 635
f 634 637 636
f 634 638 637
f 598 638 634
f 598 599 638
f 598 634 593
f 599 639 638
f 638 639 640
f 638 640 637
f 639 641 640
f 639 642 641
f 604 642 639
f 604 605 642
f 604 639 599
f 605 643 642
f 642 643 644
f 642 644 641
f 128 644 643
f 128 129 644
f 128 643 79
f 79 643 608
f 608 643 605
f 150 645 149
f 150 646 645
f 150 101 646
f 101 611 646
f 611 647 646
f 611 648 647
f 646 647 645
f 611 613 648
f 649 651 650
f 649 652 651
f 649 653 652
f 649 654 653
f 618 654 649
f 618 619 654
f 618 649 650
f 618 650 617
f 619 655 654
f 654 655 656
f 654 656 653
f 152 656 655
f 152 153 656
f 152 655 105
f 105 655 622
f 622 655 619
f 170 657 169
f 170 171 657
f 171 658 657
f 171 659 658
f 171 172 659
f 172 660 659
f 172 125 660
f 125 623 660
f 623 661 660
f 623 662 661
f 660 661 659
f 626 627 663
f 626 662 623
f 626 663 662
f 627 664 663
f 627 629 664
f 636 637 665
f 636 665 635
f 637 666 667
f 637 667 665
f 666 668 667
f 666 669 668
f 666 670 669
f 640 670 666
f 640 641 670
f 640 666 637
f 641 671 670
f 670 671 672
f 670 672 669
f 671 673 672
f 129 673 671
f 129 173 673
f 129 671 644
f 644 671 641
f 173 674 673
f 173 175 674
f 192 675 191
f 192 676 675
f 192 149 676
f 149 645 676
f 645 677 676
f 645 678 677
f 676 677 675
f 645 647 678
f 652 653 679
f 652 679 651
f 653 680 681
f 653 681 679
f 680 682 681
f 680 683 682
f 153 683 680
f 153 193 683
f 153 680 656
f 656 680 653
f 193 684 683
f 193 195 684
f 204 685 203
f 204 205 685
f 205 686 685
f 205 687 686
f 205 206 687
f 206 688 687
f 206 169 688
f 169 657 688
f 657 689 688
f 657 690 689
f 688 689 687
f 658 659 691
f 658 690 657
f 658 691 690
f 659 692 691
f 659 661 692
f 668 669 693
f 668 693 667
f 669 694 695
f 669 695 693
f 694 696 695
f 694 697 696
f 694 698 697
f 672 698 694
f 672 673 698
f 672 694 669
f 673 699 698
f 698 699 700
f 698 700 697
f 699 701 700
f 175 701 699
f 175 207 701
f 175 699 674
f 674 699 673
f 207 702 701
f 207 209 702
f 218 703 217
f 218 219 703
f 704 705 706
f 219 706 703
f 219 704 706
f 219 220 704
f 220 191 704
f 191 675 707
f 191 707 704
f 704 707 705
f 675 708 707
f 675 677 708
f 709 711 710
f 709 712 711
f 709 713 712
f 709 714 713
f 682 714 709
f 682 683 714
f 682 709 710
f 682 710 681
f 683 715 714
f 714 715 716
f 714 716 713
f 715 717 716
f 195 717 715
f 195 221 717
f 195 715 684
f 684 715 683
f 221 718 717
f 221 719 718
f 221 222 719
f 222 223 719
f 223 720 719
f 223 721 720
f 223 224 721
f 224 722 721
f 224 203 722
f 203 685 722
f 685 723 722
f 685 724 723
f 722 723 721
f 686 687 725
f 686 724 685
f 686 725 724
f 687 726 725
f 687 689 726
f 696 697 727
f 696 727 695
f 697 728 729
f 697 729 727
f 728 730 729
f 728 731 730
f 728 732 731
f 700 732 728
f 700 701 732
f 700 728 697
f 701 733 732
f 732 733 734
f 732 734 731
f 733 735 734
f 209 735 733
f 209 225 735
f 209 733 702
f 702 733 701
f 225 736 735
f 225 737 736
f 225 226 737
f 226 227 737
f 227 738 737
f 227 739 738
f 227 228 739
f 228 740 739
f 228 217 740
f 217 703 740
f 703 741 740
f 703 742 741
f 740 741 739
f 703 706 742
f 712 713 743
f 712 743 711
f 713 744 745
f 713 745 743
f 744 746 745
f 744 747 746
f 744 748 747
f 716 748 744
f 716 717 748
f 716 744 713
f 717 749 748
f 748 749 750
f 748 750 747
f 749 751 750
f 749 752 751
f 718 752 749
f 718 719 752
f 718 749 717
f 719 753 752
f 719 754 753
f 752 753 751
f 720 721 755
f 720 754 719
f 720 755 754
f 721 756 755
f 721 723 756
f 730 731 757
f 730 757 729
f 731 758 759
f 731 759 757
f 758 760 759
f 758 761 760
f 758 762 761
f 734 762 758
f 734 735 762
f 734 758 731
f 735 763 762
f 762 763 764
f 762 764 761
f 763 765 764
f 763 766 765
f 736 766 763
f 736 737 766
f 736 763 735
f 737 767 766
f 737 768 767
f 766 767 765
f 738 739 769
f 738 768 737
f 738 769 768
f 739 770 769
f 739 741 770
f 771 773 772
f 771 774 773
f 771 775 774
f 771 776 775
f 746 776 771
f 746 747 776
f 746 771 772
f 746 772 745
f 747 777 776
f 747 778 777
f 776 777 775
f 750 751 779
f 750 778 747
f 750 779 778
f 751 780 779
f 751 753 780
f 760 761 781
f 760 781 759
f 761 782 783
f 761 783 781
f 782 784 783
f 782 785 784
f 782 786 785
f 764 786 782
f 764 765 786
f 764 782 761
f 765 787 786
f 765 788 787
f 786 787 785
f 765 767 788
f 774 775 789
f 774 789 773
f 775 790 789
f 775 777 790
f 784 785 791
f 784 791 783
f 785 792 791
f 785 787 792
f 793 795 794
f 793 796 795
f 793 797 796
f 793 798 797
f 793 799 798
f 793 794 799
f 798 799 800
f 798 800 797
f 801 803 802
f 801 804 803
f 801 805 804
f 801 806 805
f 801 807 806
f 801 802 807
f 806 807 808
f 806 808 805
f 809 811 810
f 809 812 811
f 809 813 812
f 809 814 813
f 796 814 809
f 796 797 814
f 796 809 810
f 796 810 795
f 797 815 814
f 814 815 816
f 814 816 813
f 815 817 816
f 815 818 817
f 815 819 818
f 797 819 815
f 797 800 819
f 818 819 820
f 818 820 817
f 821 823 822
f 821 824 823
f 821 825 824
f 821 826 825
f 821 827 826
f 821 822 827
f 826 829 828
f 826 827 829
f 826 828 830
f 826 830 825
f 828 831 830
f 828 832 831
f 804 832 828
f 804 805 832
f 804 828 829
f 804 829 803
f 805 833 832
f 805 834 833
f 832 833 831
f 805 808 834
f 835 837 836
f 835 838 837
f 835 839 838
f 835 840 839
f 835 841 840
f 835 836 841
f 840 843 842
f 840 841 843
f 840 842 844
f 840 844 839
f 842 845 844
f 842 846 845
f 812 846 842
f 812 813 846
f 812 842 843
f 812 843 811
f 813 847 846
f 846 847 848
f 846 848 845
f 847 849 848
f 847 850 849
f 816 850 847
f 816 817 850
f 816 847 813
f 817 851 850
f 850 851 852
f 850 852 849
f 851 853 852
f 851 854 853
f 851 855 854
f 817 855 851
f 817 820 855
f 854 855 856
f 854 856 853
f 857 859 858
f 857 860 859
f 857 861 860
f 857 862 861
f 857 863 862
f 857 858 863
f 862 865 864
f 862 863 865
f 862 864 866
f 862 866 861
f 864 867 866
f 864 868 867
f 824 868 864
f 824 825 868
f 824 864 865
f 824 865 823
f 825 869 868
f 868 869 870
f 868 870 867
f 869 871 870
f 869 872 871
f 830 872 869
f 830 831 872
f 830 869 825
f 831 873 872
f 872 873 874
f 872 874 871
f 873 875 874
f 873 876 875
f 873 877 876
f 831 877 873
f 831 833 877
f 876 877 878
f 876 878 875
f 879 881 880
f 879 882 881
f 879 883 882
f 879 884 883
f 838 884 879
f 838 839 884
f 838 879 880
f 838 880 837
f 839 885 884
f 884 885 886
f 884 886 883
f 230 886 885
f 230 231 886
f 230 885 887
f 230 887 235
f 844 887 885
f 844 845 887
f 844 885 839
f 845 888 887
f 887 888 235
f 235 888 237
f 237 888 889
f 237 889 241
f 848 889 888
f 848 849 889
f 848 888 845
f 849 890 889
f 889 890 241
f 241 890 891
f 241 891 242
f 890 892 891
f 852 892 890
f 852 853 892
f 852 890 849
f 853 893 892
f 892 893 894
f 892 894 891
f 893 895 894
f 893 896 895
f 893 897 896
f 853 897 893
f 853 856 897
f 896 897 898
f 896 898 895
f 899 901 900
f 899 902 901
f 899 903 902
f 899 904 903
f 899 905 904
f 899 900 905
f 904 907 906
f 904 905 907
f 904 906 908
f 904 908 903
f 906 909 908
f 906 910 909
f 860 910 906
f 860 861 910
f 860 906 907
f 860 907 859
f 861 911 910
f 910 911 912
f 910 912 909
f 244 912 911
f 244 245 912
f 244 911 913
f 244 913 249
f 866 913 911
f 866 867 913
f 866 911 861
f 867 914 913
f 913 914 249
f 249 914 251
f 251 914 915
f 251 915 255
f 870 915 914
f 870 871 915
f 870 914 867
f 871 916 915
f 915 916 255
f 255 916 917
f 255 917 256
f 916 918 917
f 874 918 916
f 874 875 918
f 874 916 871
f 875 919 918
f 875 920 919
f 918 919 917
f 875 878 920
f 921 923 922
f 921 924 923
f 921 925 924
f 921 926 925
f 921 927 926
f 921 922 927
f 926 929 928
f 926 927 929
f 926 928 930
f 926 930 925
f 258 930 928
f 258 259 930
f 258 928 931
f 258 931 263
f 882 931 928
f 882 883 931
f 882 928 929
f 882 929 881
f 883 932 931
f 931 932 263
f 263 932 265
f 265 932 231
f 231 932 886
f 886 932 883
f 242 933 277
f 242 891 933
f 891 934 933
f 933 934 277
f 277 934 935
f 277 935 278
f 934 936 935
f 894 936 934
f 894 895 936
f 894 934 891
f 895 937 936
f 936 937 938
f 936 938 935
f 937 939 938
f 937 940 939
f 937 941 940
f 895 941 937
f 895 898 941
f 940 941 942
f 940 942 939
f 943 945 944
f 943 946 945
f 943 947 946
f 943 948 947
f 943 949 948
f 943 944 949
f 948 951 950
f 948 949 951
f 948 950 952
f 948 952 947
f 950 953 952
f 950 954 953
f 902 954 950
f 902 903 954
f 902 950 951
f 902 951 901
f 903 955 954
f 954 955 956
f 954 956 953
f 280 956 955
f 280 281 956
f 280 955 957
f 280 957 285
f 908 957 955
f 908 909 957
f 908 955 903
f 909 958 957
f 957 958 285
f 285 958 287
f 287 958 245
f 245 958 912
f 912 958 909
f 256 959 299
f 256 917 959
f 917 960 959
f 959 960 299
f 299 960 961
f 299 961 300
f 960 962 961
f 960 963 962
f 917 963 960
f 917 919 963
f 962 963 964
f 962 964 961
f 965 967 966
f 965 968 967
f 965 969 968
f 965 970 969
f 924 970 965
f 924 925 970
f 924 965 966
f 924 966 923
f 925 971 970
f 970 971 972
f 970 972 969
f 302 972 971
f 302 303 972
f 302 971 259
f 259 971 930
f 930 971 925
f 278 973 323
f 278 935 973
f 935 974 973
f 973 974 323
f 323 974 975
f 323 975 324
f 974 976 975
f 938 976 974
f 938 939 976
f 938 974 935
f 939 977 976
f 976 977 978
f 976 978 975
f 977 979 978
f 977 980 979
f 977 981 980
f 939 981 977
f 939 942 981
f 980 981 982
f 980 982 979
f 983 985 984
f 983 986 985
f 983 987 986
f 983 988 987
f 983 989 988
f 983 984 989
f 988 991 990
f 988 989 991
f 988 990 992
f 988 992 987
f 990 993 992
f 990 994 993
f 946 994 990
f 946 947 994
f 946 990 991
f 946 991 945
f 947 995 994
f 994 995 996
f 994 996 993
f 326 996 995
f 326 327 996
f 326 995 997
f 326 997 331
f 952 997 995
f 952 953 997
f 952 995 947
f 953 998 997
f 997 998 331
f 331 998 333
f 333 998 281
f 281 998 956
f 956 998 953
f 350 999 349
f 350 1000 999
f 350 300 1000
f 300 961 1000
f 961 1001 1000
f 961 1002 1001
f 1000 1001 999
f 961 964 1002
f 1003 1005 1004
f 1003 1006 1005
f 1003 1007 1006
f 1003 1008 1007
f 968 1008 1003
f 968 969 1008
f 968 1003 1004
f 968 1004 967
f 969 1009 1008
f 1008 1009 1010
f 1008 1010 1007
f 352 1010 1009
f 352 353 1010
f 352 1009 303
f 303 1009 972
f 972 1009 969
f 374 1011 373
f 374 1012 1011
f 374 324 1012
f 324 975 1012
f 975 1013 1012
f 1012 1013 1014
f 1012 1014 1011
f 1013 1015 1014
f 1013 1016 1015
f 978 1016 1013
f 978 979 1016
f 978 1013 975
f 979 1017 1016
f 1016 1017 1018
f 1016 1018 1015
f 1017 1019 1018
f 1017 1020 1019
f 1017 1021 1020
f 979 1021 1017
f 979 982 1021
f 1020 1021 1022
f 1020 1022 1019
f 1023 1025 1024
f 1023 1026 1025
f 1023 1027 1026
f 1023 1028 1027
f 1023 1029 1028
f 1023 1024 1029
f 1028 1031 1030
f 1028 1029 1031
f 1028 1030 1032
f 1028 1032 1027
f 1030 1033 1032
f 1030 1034 1033
f 986 1034 1030
f 986 987 1034
f 986 1030 1031
f 986 1031 985
f 987 1035 1034
f 1034 1035 1036
f 1034 1036 1033
f 1035 1037 1036
f 1035 1038 1037
f 992 1038 1035
f 992 993 1038
f 992 1035 987
f 993 1039 1038
f 1038 1039 1040
f 1038 1040 1037
f 376 1040 1039
f 376 377 1040
f 376 1039 327
f 327 1039 996
f 996 1039 993
f 398 1041 397
f 398 1042 1041
f 398 349 1042
f 349 999 1042
f 999 1043 1042
f 999 1044 1043
f 1042 1043 1041
f 999 1001 1044
f 1045 1047 1046
f 1045 1048 1047
f 1045 1049 1048
f 1045 1050 1049
f 1006 1050 1045
f 1006 1007 1050
f 1006 1045 1046
f 1006 1046 1005
f 1007 1051 1050
f 1050 1051 1052
f 1050 1052 1049
f 400 1052 1051
f 400 401 1052
f 400 1051 353
f 353 1051 1010
f 1010 1051 1007
f 418 1053 417
f 418 419 1053
f 419 1054 1053
f 419 1055 1054
f 419 420 1055
f 420 1056 1055
f 420 373 1056
f 373 1011 1056
f 1011 1057 1056
f 1011 1058 1057
f 1056 1057 1055
f 1014 1015 1059
f 1014 1058 1011
f 1014 1059 1058
f 1015 1060 1059
f 1018 1019 1061
f 1018 1060 1015
f 1018 1061 1060
f 1019 1062 1061
f 1019 1022 1062
f 1026 1027 1063
f 1026 1063 1025
f 1027 1064 1063
f 1032 1033 1065
f 1032 1064 1027
f 1032 1065 1064
f 1033 1066 1067
f 1033 1067 1065
f 1066 1068 1067
f 1066 1069 1068
f 1066 1070 1069
f 1036 1070 1066
f 1036 1037 1070
f 1036 1066 1033
f 1037 1071 1070
f 1070 1071 1072
f 1070 1072 1069
f 1071 1073 1072
f 377 1073 1071
f 377 421 1073
f 377 1071 1040
f 1040 1071 1037
f 421 1074 1073
f 421 423 1074
f 440 1075 439
f 440 1076 1075
f 440 397 1076
f 397 1041 1076
f 1041 1077 1076
f 1041 1078 1077
f 1076 1077 1075
f 1041 1043 1078
f 1048 1049 1079
f 1048 1079 1047
f 1049 1080 1081
f 1049 1081 1079
f 1080 1082 1081
f 1080 1083 1082
f 401 1083 1080
f 401 441 1083
f 401 1080 1052
f 1052 1080 1049
f 441 1084 1083
f 441 1085 1084
f 441 442 1085
f 442 443 1085
f 443 1086 1085
f 443 1087 1086
f 443 444 1087
f 444 445 1087
f 445 1088 1087
f 445 1089 1088
f 445 446 1089
f 446 447 1089
f 1090 1091 1092
f 447 1092 1089
f 447 1090 1092
f 447 448 1090
f 448 417 1090
f 417 1053 1093
f 417 1093 1090
f 1090 1093 1091
f 1053 1094 1093
f 1054 1055 1095
f 1054 1094 1053
f 1054 1095 1094
f 1055 1096 1095
f 1055 1057 1096
f 1068 1069 1097
f 1068 1097 1067
f 1069 1098 1097
f 1072 1073 1099
f 1072 1098 1069
f 1072 1099 1098
f 1073 1100 1101
f 1073 1101 1099
f 1100 1102 1101
f 1100 1103 1102
f 423 1103 1100
f 423 449 1103
f 423 1100 1074
f 1074 1100 1073
f 449 1104 1103
f 449 1105 1104
f 449 450 1105
f 450 451 1105
f 451 1106 1105
f 451 1107 1106
f 451 452 1107
f 452 453 1107
f 453 1108 1107
f 453 1109 1108
f 453 454 1109
f 454 455 1109
f 1110 1111 1112
f 455 1112 1109
f 455 1110 1112
f 455 456 1110
f 456 439 1110
f 439 1075 1113
f 439 1113 1110
f 1110 1113 1111
f 1075 1114 1113
f 1075 1077 1114
f 1082 1083 1115
f 1082 1115 1081
f 1083 1116 1115
f 1084 1085 1117
f 1084 1116 1083
f 1084 1117 1116
f 1085 1118 1117
f 1086 1087 1119
f 1086 1118 1085
f 1086 1119 1118
f 1087 1120 1119
f 1088 1089 1121
f 1088 1120 1087
f 1088 1121 1120
f 1089 1122 1121
f 1089 1092 1122
f 1102 1103 1123
f 1102 1123 1101
f 1103 1124 1123
f 1104 1105 1125
f 1104 1124 1103
f 1104 1125 1124
f 1105 1126 1125
f 1106 1107 1127
f 1106 1126 1105
f 1106 1127 1126
f 1107 1128 1127
f 1108 1109 1129
f 1108 1128 1107
f 1108 1129 1128
f 1109 1130 1129
f 1109 1112 1130
f 1131 1133 1132
f 1131 1134 1133
f 458 1134 1131
f 458 459 1134
f 458 1131 1135
f 458 1135 463
f 1131 1136 1135
f 1131 1132 1136
f 1135 1138 1137
f 1135 1136 1138
f 1135 1137 463
f 463 1137 465
f 465 1137 1139
f 465 1139 469
f 1137 1140 1139
f 1137 1138 1140
f 1139 1142 1141
f 1139 1140 1142
f 1139 1141 469
f 469 1141 471
f 471 1141 1143
f 471 1143 475
f 1141 1144 1143
f 1141 1142 1144
f 1143 1146 1145
f 1143 1144 1146
f 1143 1145 475
f 475 1145 477
f 477 1145 1147
f 477 1147 481
f 1145 1148 1147
f 1145 1146 1148
f 1147 1150 1149
f 1147 1148 1150
f 1147 1149 481
f 481 1149 1151
f 481 1151 482
f 1149 1152 1151
f 1149 1153 1152
f 1149 1150 1153
f 1152 1153 1154
f 1152 1154 1151
f 1155 1157 1156
f 1155 1158 1157
f 1155 1159 1158
f 1155 1160 1159
f 1155 1161 1160
f 1155 1156 1161
f 1160 1163 1162
f 1160 1161 1163
f 1160 1162 1164
f 1160 1164 1159
f 484 1164 1162
f 484 485 1164
f 484 1162 1165
f 484 1165 489
f 1162 1166 1165
f 1162 1163 1166
f 1165 1168 1167
f 1165 1166 1168
f 1165 1167 489
f 489 1167 491
f 491 1167 1169
f 491 1169 495
f 1167 1170 1169
f 1167 1168 1170
f 1169 1172 1171
f 1169 1170 1172
f 1169 1171 495
f 495 1171 497
f 497 1171 1173
f 497 1173 501
f 1171 1174 1173
f 1171 1172 1174
f 1173 1176 1175
f 1173 1174 1176
f 1173 1175 501
f 501 1175 503
f 503 1175 1177
f 503 1177 507
f 1175 1178 1177
f 1175 1176 1178
f 1177 1178 1179
f 1177 1180 507
f 1177 1179 1180
f 507 1180 508
f 1181 1183 1182
f 1181 1184 1183
f 510 1184 1181
f 510 511 1184
f 510 1181 1185
f 510 1185 515
f 1181 1186 1185
f 1181 1182 1186
f 1185 1188 1187
f 1185 1186 1188
f 1185 1187 515
f 515 1187 517
f 517 1187 459
f 459 1187 1134
f 1134 1187 1188
f 1134 1188 1133
f 482 1189 529
f 482 1151 1189
f 1151 1190 1189
f 1189 1190 529
f 529 1190 531
f 531 1190 1191
f 531 1191 535
f 1190 1192 1191
f 1151 1192 1190
f 1151 1154 1192
f 1191 1194 1193
f 1191 1192 1194
f 1191 1193 535
f 535 1193 1195
f 535 1195 536
f 1193 1196 1195
f 1193 1197 1196
f 1193 1194 1197
f 1196 1199 1198
f 1196 1197 1199
f 1196 1198 1200
f 1196 1200 1195
f 1198 1201 1200
f 1198 1202 1201
f 1198 1203 1202
f 1198 1199 1203
f 1202 1203 1204
f 1202 1204 1201
f 1205 1207 1206
f 1205 1208 1207
f 1205 1209 1208
f 1205 1210 1209
f 1205 1211 1210
f 1205 1206 1211
f 1210 1213 1212
f 1210 1211 1213
f 1210 1212 1214
f 1210 1214 1209
f 1212 1215 1214
f 1212 1216 1215
f 1212 1217 1216
f 1212 1213 1217
f 1216 1219 1218
f 1216 1217 1219
f 1216 1218 1220
f 1216 1220 1215
f 538 1220 1218
f 538 539 1220
f 538 1218 1221
f 538 1221 543
f 1218 1222 1221
f 1218 1219 1222
f 1221 1224 1223
f 1221 1222 1224
f 1221 1223 543
f 543 1223 545
f 545 1223 1225
f 545 1225 549
f 1158 1225 1223
f 1158 1159 1225
f 1158 1223 1224
f 1158 1224 1157
f 1159 1226 1225
f 1225 1226 549
f 549 1226 551
f 551 1226 485
f 485 1226 1164
f 1164 1226 1159
f 508 1227 563
f 508 1228 1227
f 508 1180 1228
f 1180 1179 1228
f 1227 1228 1229
f 1227 1230 563
f 1227 1229 1230
f 563 1230 564
f 1231 1233 1232
f 1231 1234 1233
f 566 1234 1231
f 566 567 1234
f 566 1231 511
f 511 1231 1184
f 1184 1231 1232
f 1184 1232 1183
f 536 1235 581
f 536 1195 1235
f 1195 1236 1235
f 1235 1236 581
f 581 1236 583
f 583 1236 1237
f 583 1237 587
f 1200 1237 1236
f 1200 1201 1237
f 1200 1236 1195
f 1201 1238 1237
f 1237 1238 587
f 587 1238 1239
f 587 1239 588
f 1238 1240 1239
f 1238 1241 1240
f 1201 1241 1238
f 1201 1204 1241
f 1240 1243 1242
f 1240 1241 1243
f 1240 1242 1244
f 1240 1244 1239
f 1242 1245 1244
f 1242 1246 1245
f 1242 1247 1246
f 1242 1243 1247
f 1246 1249 1248
f 1246 1247 1249
f 1246 1248 1250
f 1246 1250 1245
f 590 1250 1248
f 590 591 1250
f 590 1248 1251
f 590 1251 595
f 1208 1251 1248
f 1208 1209 1251
f 1208 1248 1249
f 1208 1249 1207
f 1209 1252 1251
f 1251 1252 595
f 595 1252 597
f 597 1252 1253
f 597 1253 601
f 1214 1253 1252
f 1214 1215 1253
f 1214 1252 1209
f 1215 1254 1253
f 1253 1254 601
f 601 1254 603
f 603 1254 539
f 539 1254 1220
f 1220 1254 1215
f 1255 1256 1257
f 1255 1257 1258
f 614 1258 613
f 614 1255 1258
f 614 564 1255
f 564 1230 1255
f 1230 1229 1256
f 1230 1256 1255
f 1259 1261 1260
f 1259 1262 1261
f 616 1262 1259
f 616 617 1262
f 616 1259 567
f 567 1259 1234
f 1234 1259 1260
f 1234 1260 1233
f 630 1263 629
f 630 631 1263
f 631 1264 1263
f 631 1265 1264
f 631 632 1265
f 632 1266 1265
f 632 588 1266
f 588 1239 1266
f 1239 1267 1266
f 1266 1267 1268
f 1266 1268 1265
f 1267 1269 1268
f 1267 1270 1269
f 1244 1270 1267
f 1244 1245 1270
f 1244 1267 1239
f 1245 1271 1270
f 1270 1271 1272
f 1270 1272 1269
f 1271 1273 1272
f 591 1273 1271
f 591 633 1273
f 591 1271 1250
f 1250 1271 1245
f 633 1274 1273
f 633 635 1274
f 1275 1276 1277
f 1275 1277 1278
f 648 1278 647
f 648 1275 1278
f 648 613 1275
f 613 1258 1275
f 1258 1257 1276
f 1258 1276 1275
f 1279 1281 1280
f 1279 1282 1281
f 650 1282 1279
f 650 651 1282
f 650 1279 617
f 617 1279 1262
f 1262 1279 1280
f 1262 1280 1261
f 662 1283 661
f 662 663 1283
f 663 1284 1283
f 663 1285 1284
f 663 664 1285
f 664 1286 1285
f 664 629 1286
f 629 1263 1286
f 1263 1287 1286
f 1263 1288 1287
f 1286 1287 1285
f 1264 1265 1289
f 1264 1288 1263
f 1264 1289 1288
f 1265 1290 1289
f 1268 1269 1291
f 1268 1290 1265
f 1268 1291 1290
f 1269 1292 1293
f 1269 1293 1291
f 1292 1294 1293
f 1292 1295 1294
f 1292 1296 1295
f 1272 1296 1292
f 1272 1273 1296
f 1272 1292 1269
f 1273 1297 1296
f 1296 1297 1298
f 1296 1298 1295
f 1297 1299 1298
f 635 1299 1297
f 635 665 1299
f 635 1297 1274
f 1274 1297 1273
f 665 1300 1299
f 665 667 1300
f 1301 1302 1303
f 1301 1303 1304
f 678 1304 677
f 678 1301 1304
f 678 647 1301
f 647 1278 1301
f 1278 1277 1302
f 1278 1302 1301
f 1305 1307 1306
f 1305 1308 1307
f 1305 1309 1308
f 651 1309 1305
f 651 679 1309
f 651 1305 1282
f 1282 1305 1306
f 1282 1306 1281
f 679 1310 1309
f 679 681 1310
f 690 1311 689
f 690 691 1311
f 1312 1313 1314
f 691 1314 1311
f 691 1312 1314
f 691 692 1312
f 692 661 1312
f 661 1283 1315
f 661 1315 1312
f 1312 1315 1313
f 1283 1316 1315
f 1284 1285 1317
f 1284 1316 1283
f 1284 1317 1316
f 1285 1318 1317
f 1285 1287 1318
f 1294 1295 1319
f 1294 1319 1293
f 1295 1320 1319
f 1298 1299 1321
f 1298 1320 1295
f 1298 1321 1320
f 1299 1322 1323
f 1299 1323 1321
f 1322 1324 1323
f 1322 1325 1324
f 667 1325 1322
f 667 693 1325
f 667 1322 1300
f 1300 1322 1299
f 693 1326 1325
f 693 695 1326
f 705 1327 706
f 705 707 1327
f 1328 1329 1330
f 707 1330 1327
f 707 1328 1330
f 707 708 1328
f 708 677 1328
f 677 1304 1328
f 1304 1303 1329
f 1304 1329 1328
f 1308 1309 1331
f 1308 1331 1307
f 1309 1332 1333
f 1309 1333 1331
f 1332 1334 1333
f 710 1334 1332
f 710 711 1334
f 710 1332 681
f 681 1332 1310
f 1310 1332 1309
f 724 1335 723
f 724 725 1335
f 1336 1337 1338
f 725 1338 1335
f 725 1336 1338
f 725 726 1336
f 726 689 1336
f 689 1311 1339
f 689 1339 1336
f 1336 1339 1337
f 1311 1340 1339
f 1311 1314 1340
f 1324 1325 1341
f 1324 1341 1323
f 1325 1342 1343
f 1325 1343 1341
f 1342 1344 1343
f 1342 1345 1344
f 695 1345 1342
f 695 727 1345
f 695 1342 1326
f 1326 1342 1325
f 727 1346 1345
f 727 729 1346
f 1347 1348 1349
f 1347 1349 1350
f 742 1350 741
f 742 1347 1350
f 742 706 1347
f 706 1327 1351
f 706 1351 1347
f 1347 1351 1348
f 1327 1352 1351
f 1327 1330 1352
f 1353 1355 1354
f 1353 1356 1355
f 1353 1357 1356
f 711 1357 1353
f 711 743 1357
f 711 1353 1334
f 1334 1353 1354
f 1334 1354 1333
f 743 1358 1357
f 743 745 1358
f 754 1359 753
f 754 755 1359
f 1360 1361 1362
f 755 1362 1359
f 755 1360 1362
f 755 756 1360
f 756 723 1360
f 723 1335 1363
f 723 1363 1360
f 1360 1363 1361
f 1335 1364 1363
f 1335 1338 1364
f 1344 1345 1365
f 1344 1365 1343
f 1345 1366 1367
f 1345 1367 1365
f 1366 1368 1367
f 1366 1369 1368
f 729 1369 1366
f 729 757 1369
f 729 1366 1346
f 1346 1366 1345
f 757 1370 1369
f 757 759 1370
f 768 1371 767
f 768 769 1371
f 1372 1373 1374
f 769 1374 1371
f 769 1372 1374
f 769 770 1372
f 770 741 1372
f 741 1350 1372
f 1350 1349 1373
f 1350 1373 1372
f 1375 1377 1376
f 1375 1378 1377
f 1375 1379 1378
f 1375 1380 1379
f 1356 1380 1375
f 1356 1357 1380
f 1356 1375 1376
f 1356 1376 1355
f 1357 1381 1380
f 1380 1381 1382
f 1380 1382 1379
f 772 1382 1381
f 772 773 1382
f 772 1381 745
f 745 1381 1358
f 1358 1381 1357
f 778 1383 777
f 778 779 1383
f 779 1384 1383
f 779 1385 1384
f 779 780 1385
f 780 1386 1385
f 780 753 1386
f 753 1359 1386
f 1359 1387 1386
f 1359 1388 1387
f 1386 1387 1385
f 1359 1362 1388
f 1389 1391 1390
f 1389 1392 1391
f 1389 1393 1392
f 1389 1394 1393
f 1368 1394 1389
f 1368 1369 1394
f 1368 1389 1390
f 1368 1390 1367
f 1369 1395 1394
f 1394 1395 1396
f 1394 1396 1393
f 1395 1397 1396
f 759 1397 1395
f 759 781 1397
f 759 1395 1370
f 1370 1395 1369
f 781 1398 1397
f 781 783 1398
f 788 1399 787
f 788 1400 1399
f 788 767 1400
f 767 1371 1400
f 1371 1401 1400
f 1371 1402 1401
f 1400 1401 1399
f 1371 1374 1402
f 1378 1379 1403
f 1378 1403 1377
f 1379 1404 1405
f 1379 1405 1403
f 1404 1406 1405
f 1404 1407 1406
f 773 1407 1404
f 773 789 1407
f 773 1404 1382
f 1382 1404 1379
f 789 1408 1407
f 789 1409 1408
f 789 790 1409
f 790 1410 1409
f 790 777 1410
f 777 1383 1410
f 1383 1411 1410
f 1383 1412 1411
f 1410 1411 1409
f 1384 1385 1413
f 1384 1412 1383
f 1384 1413 1412
f 1385 1414 1413
f 1385 1387 1414
f 1392 1393 1415
f 1392 1415 1391
f 1393 1416 1417
f 1393 1417 1415
f 1416 1418 1417
f 1416 1419 1418
f 1416 1420 1419
f 1396 1420 1416
f 1396 1397 1420
f 1396 1416 1393
f 1397 1421 1420
f 1420 1421 1422
f 1420 1422 1419
f 1421 1423 1422
f 783 1423 1421
f 783 791 1423
f 783 1421 1398
f 1398 1421 1397
f 1424 1425 1426
f 791 1426 1423
f 791 1424 1426
f 791 792 1424
f 792 787 1424
f 787 1399 1427
f 787 1427 1424
f 1424 1427 1425
f 1399 1428 1427
f 1399 1401 1428
f 1429 1431 1430
f 1429 1432 1431
f 1429 1433 1432
f 1429 1434 1433
f 1406 1434 1429
f 1406 1407 1434
f 1406 1429 1430
f 1406 1430 1405
f 1407 1435 1434
f 1434 1435 1436
f 1434 1436 1433
f 1435 1437 1436
f 1435 1438 1437
f 1408 1438 1435
f 1408 1409 1438
f 1408 1435 1407
f 1409 1439 1438
f 1409 1440 1439
f 1438 1439 1437
f 1409 1411 1440
f 1441 1443 1442
f 1441 1444 1443
f 1441 1445 1444
f 1441 1446 1445
f 1418 1446 1441
f 1418 1419 1446
f 1418 1441 1442
f 1418 1442 1417
f 1419 1447 1446
f 1446 1447 1448
f 1446 1448 1445
f 1447 1449 1448
f 1447 1450 1449
f 1422 1450 1447
f 1422 1423 1450
f 1422 1447 1419
f 1423 1451 1450
f 1423 1452 1451
f 1450 1451 1449
f 1423 1426 1452
f 1453 1455 1454
f 1453 1456 1455
f 1453 1457 1456
f 1453 1458 1457
f 1453 1459 1458
f 1453 1454 1459
f 1458 1461 1460
f 1458 1459 1461
f 1458 1460 1462
f 1458 1462 1457
f 794 1462 1460
f 794 795 1462
f 794 1460 1463
f 794 1463 799
f 1432 1463 1460
f 1432 1433 1463
f 1432 1460 1461
f 1432 1461 1431
f 1433 1464 1463
f 1463 1464 799
f 799 1464 1465
f 799 1465 800
f 1464 1466 1465
f 1436 1466 1464
f 1436 1437 1466
f 1436 1464 1433
f 1437 1467 1466
f 1466 1467 1468
f 1466 1468 1465
f 1467 1469 1468
f 1467 1470 1469
f 1467 1471 1470
f 1437 1471 1467
f 1437 1439 1471
f 1470 1471 1472
f 1470 1472 1469
f 1473 1475 1474
f 1473 1476 1475
f 1473 1477 1476
f 1473 1478 1477
f 1473 1479 1478
f 1473 1474 1479
f 1478 1481 1480
f 1478 1479 1481
f 1478 1480 1482
f 1478 1482 1477
f 1480 1483 1482
f 1480 1484 1483
f 1444 1484 1480
f 1444 1445 1484
f 1444 1480 1481
f 1444 1481 1443
f 1445 1485 1484
f 1484 1485 1486
f 1484 1486 1483
f 802 1486 1485
f 802 803 1486
f 802 1485 1487
f 802 1487 807
f 1448 1487 1485
f 1448 1449 1487
f 1448 1485 1445
f 1449 1488 1487
f 1487 1488 807
f 807 1488 1489
f 807 1489 808
f 1488 1490 1489
f 1488 1491 1490
f 1449 1491 1488
f 1449 1451 1491
f 1490 1491 1492
f 1490 1492 1489
f 1493 1495 1494
f 1493 1496 1495
f 1493 1497 1496
f 1493 1498 1497
f 1456 1498 1493
f 1456 1457 1498
f 1456 1493 1494
f 1456 1494 1455
f 1457 1499 1498
f 1498 1499 1500
f 1498 1500 1497
f 810 1500 1499
f 810 811 1500
f 810 1499 795
f 795 1499 1462
f 1462 1499 1457
f 800 1501 819
f 800 1465 1501
f 1465 1502 1501
f 1501 1502 819
f 819 1502 1503
f 819 1503 820
f 1502 1504 1503
f 1468 1504 1502
f 1468 1469 1504
f 1468 1502 1465
f 1469 1505 1504
f 1469 1506 1505
f 1504 1505 1503
f 1469 1472 1506
f 1507 1509 1508
f 1507 1510 1509
f 1507 1511 1510
f 1507 1512 1511
f 1476 1512 1507
f 1476 1477 1512
f 1476 1507 1508
f 1476 1508 1475
f 1477 1513 1512
f 1512 1513 1514
f 1512 1514 1511
f 822 1514 1513
f 822 823 1514
f 822 1513 1515
f 822 1515 827
f 1482 1515 1513
f 1482 1483 1515
f 1482 1513 1477
f 1483 1516 1515
f 1515 1516 827
f 827 1516 829
f 829 1516 803
f 803 1516 1486
f 1486 1516 1483
f 834 1517 833
f 834 1518 1517
f 834 808 1518
f 808 1489 1518
f 1489 1519 1518
f 1489 1520 1519
f 1518 1519 1517
f 1489 1492 1520
f 1521 1523 1522
f 1521 1524 1523
f 836 1524 1521
f 836 837 1524
f 836 1521 1525
f 836 1525 841
f 1496 1525 1521
f 1496 1497 1525
f 1496 1521 1522
f 1496 1522 1495
f 1497 1526 1525
f 1525 1526 841
f 841 1526 843
f 843 1526 811
f 811 1526 1500
f 1500 1526 1497
f 820 1527 855
f 820 1503 1527
f 1503 1528 1527
f 1527 1528 855
f 855 1528 1529
f 855 1529 856
f 1528 1530 1529
f 1528 1531 1530
f 1503 1531 1528
f 1503 1505 1531
f 1530 1531 1532
f 1530 1532 1529
f 1533 1535 1534
f 1533 1536 1535
f 1533 1537 1536
f 1533 1538 1537
f 1533 1539 1538
f 1533 1534 1539
f 1538 1541 1540
f 1538 1539 1541
f 1538 1540 1542
f 1538 1542 1537
f 858 1542 1540
f 858 859 1542
f 858 1540 1543
f 858 1543 863
f 1510 1543 1540
f 1510 1511 1543
f 1510 1540 1541
f 1510 1541 1509
f 1511 1544 1543
f 1543 1544 863
f 863 1544 865
f 865 1544 823
f 823 1544 1514
f 1514 1544 1511
f 833 1545 877
f 833 1517 1545
f 1517 1546 1545
f 1517 1547 1546
f 1545 1548 877
f 1545 1546 1548
f 877 1548 878
f 1517 1519 1547
f 1549 1551 1550
f 1549 1552 1551
f 1549 1553 1552
f 1549 1554 1553
f 1549 1555 1554
f 1549 1550 1555
f 1554 1557 1556
f 1554 1555 1557
f 1554 1556 1558
f 1554 1558 1553
f 880 1558 1556
f 880 881 1558
f 880 1556 837
f 837 1556 1524
f 1524 1556 1557
f 1524 1557 1523
f 856 1559 897
f 856 1529 1559
f 1529 1560 1559
f 1559 1560 897
f 897 1560 1561
f 897 1561 898
f 1560 1562 1561
f 1560 1563 1562
f 1529 1563 1560
f 1529 1532 1563
f 1562 1563 1564
f 1562 1564 1561
f 1565 1567 1566
f 1565 1568 1567
f 1565 1569 1568
f 1565 1570 1569
f 1565 1571 1570
f 1565 1566 1571
f 1570 1573 1572
f 1570 1571 1573
f 1570 1572 1574
f 1570 1574 1569
f 900 1574 1572
f 900 901 1574
f 900 1572 1575
f 900 1575 905
f 1536 1575 1572
f 1536 1537 1575
f 1536 1572 1573
f 1536 1573 1535
f 1537 1576 1575
f 1575 1576 905
f 905 1576 907
f 907 1576 859
f 859 1576 1542
f 1542 1576 1537
f 920 1577 919
f 920 1578 1577
f 920 878 1578
f 878 1579 1578
f 878 1548 1579
f 1548 1546 1579
f 1578 1579 1580
f 1578 1580 1577
f 1581 1583 1582
f 1581 1584 1583
f 922 1584 1581
f 922 923 1584
f 922 1581 1585
f 922 1585 927
f 1552 1585 1581
f 1552 1553 1585
f 1552 1581 1582
f 1552 1582 1551
f 1553 1586 1585
f 1585 1586 927
f 927 1586 929
f 929 1586 881
f 881 1586 1558
f 1558 1586 1553
f 898 1587 941
f 898 1561 1587
f 1561 1588 1587
f 1587 1588 941
f 941 1588 1589
f 941 1589 942
f 1588 1590 1589
f 1588 1591 1590
f 1561 1591 1588
f 1561 1564 1591
f 1590 1593 1592
f 1590 1591 1593
f 1590 1592 1594
f 1590 1594 1589
f 1592 1595 1594
f 1592 1596 1595
f 1592 1597 1596
f 1592 1593 1597
f 1596 1597 1598
f 1596 1598 1595
f 1599 1601 1600
f 1599 1602 1601
f 1599 1603 1602
f 1599 1604 1603
f 1599 1605 1604
f 1599 1600 1605
f 1604 1607 1606
f 1604 1605 1607
f 1604 1606 1608
f 1604 1608 1603
f 1606 1609 1608
f 1606 1610 1609
f 1606 1611 1610
f 1606 1607 1611
f 1610 1613 1612
f 1610 1611 1613
f 1610 1612 1614
f 1610 1614 1609
f 944 1614 1612
f 944 945 1614
f 944 1612 1615
f 944 1615 949
f 1568 1615 1612
f 1568 1569 1615
f 1568 1612 1613
f 1568 1613 1567
f 1569 1616 1615
f 1615 1616 949
f 949 1616 951
f 951 1616 901
f 901 1616 1574
f 1574 1616 1569
f 919 1617 963
f 919 1577 1617
f 1577 1618 1617
f 1577 1619 1618
f 1617 1620 963
f 1617 1618 1620
f 963 1620 964
f 1577 1580 1619
f 1621 1623 1622
f 1621 1624 1623
f 966 1624 1621
f 966 967 1624
f 966 1621 923
f 923 1621 1584
f 1584 1621 1622
f 1584 1622 1583
f 942 1625 981
f 942 1589 1625
f 1589 1626 1625
f 1625 1626 981
f 981 1626 1627
f 981 1627 982
f 1626 1628 1627
f 1594 1628 1626
f 1594 1595 1628
f 1594 1626 1589
f 1595 1629 1628
f 1628 1629 1630
f 1628 1630 1627
f 1629 1631 1630
f 1629 1632 1631
f 1629 1633 1632
f 1595 1633 1629
f 1595 1598 1633
f 1632 1635 1634
f 1632 1633 1635
f 1632 1634 1636
f 1632 1636 1631
f 1634 1637 1636
f 1634 1638 1637
f 1634 1639 1638
f 1634 1635 1639
f 1638 1641 1640
f 1638 1639 1641
f 1638 1640 1642
f 1638 1642 1637
f 1640 1643 1642
f 1640 1644 1643
f 1602 1644 1640
f 1602 1603 1644
f 1602 1640 1641
f 1602 1641 1601
f 1603 1645 1644
f 1644 1645 1646
f 1644 1646 1643
f 984 1646 1645
f 984 985 1646
f 984 1645 1647
f 984 1647 989
f 1608 1647 1645
f 1608 1609 1647
f 1608 1645 1603
f 1609 1648 1647
f 1647 1648 989
f 989 1648 991
f 991 1648 945
f 945 1648 1614
f 1614 1648 1609
f 1649 1650 1651
f 1649 1651 1652
f 1002 1652 1001
f 1002 1649 1652
f 1002 964 1649
f 964 1620 1649
f 1620 1618 1650
f 1620 1650 1649
f 1653 1655 1654
f 1653 1656 1655
f 1004 1656 1653
f 1004 1005 1656
f 1004 1653 967
f 967 1653 1624
f 1624 1653 1654
f 1624 1654 1623
f 982 1657 1021
f 982 1627 1657
f 1627 1658 1657
f 1657 1658 1021
f 1021 1658 1659
f 1021 1659 1022
f 1658 1660 1659
f 1630 1660 1658
f 1630 1631 1660
f 1630 1658 1627
f 1631 1661 1660
f 1660 1661 1662
f 1660 1662 1659
f 1661 1663 1662
f 1661 1664 1663
f 1636 1664 1661
f 1636 1637 1664
f 1636 1661 1631
f 1637 1665 1664
f 1664 1665 1666
f 1664 1666 1663
f 1024 1666 1665
f 1024 1025 1666
f 1024 1665 1667
f 1024 1667 1029
f 1642 1667 1665
f 1642 1643 1667
f 1642 1665 1637
f 1643 1668 1667
f 1667 1668 1029
f 1029 1668 1031
f 1031 1668 985
f 985 1668 1646
f 1646 1668 1643
f 1669 1670 1671
f 1669 1671 1672
f 1044 1672 1043
f 1044 1669 1672
f 1044 1001 1669
f 1001 1652 1669
f 1652 1651 1670
f 1652 1670 1669
f 1673 1675 1674
f 1673 1676 1675
f 1046 1676 1673
f 1046 1047 1676
f 1046 1673 1005
f 1005 1673 1656
f 1656 1673 1674
f 1656 1674 1655
f 1058 1677 1057
f 1058 1059 1677
f 1059 1678 1677
f 1059 1679 1678
f 1059 1060 1679
f 1060 1061 1679
f 1680 1681 1682
f 1061 1682 1679
f 1061 1680 1682
f 1061 1062 1680
f 1062 1022 1680
f 1022 1659 1683
f 1022 1683 1680
f 1680 1683 1681
f 1659 1684 1683
f 1662 1663 1685
f 1662 1684 1659
f 1662 1685 1684
f 1663 1686 1687
f 1663 1687 1685
f 1686 1688 1687
f 1686 1689 1688
f 1025 1689 1686
f 1025 1063 1689
f 1025 1686 1666
f 1666 1686 1663
f 1063 1690 1689
f 1063 1691 1690
f 1063 1064 1691
f 1064 1065 1691
f 1065 1692 1691
f 1065 1067 1692
f 1693 1694 1695
f 1693 1695 1696
f 1078 1696 1077
f 1078 1693 1696
f 1078 1043 1693
f 1043 1672 1693
f 1672 1671 1694
f 1672 1694 1693
f 1047 1079 1697
f 1047 1698 1676
f 1047 1697 1698
f 1676 1698 1675
f 1697 1699 1698
f 1697 1700 1699
f 1697 1079 1700
f 1079 1081 1700
f 1091 1701 1092
f 1091 1093 1701
f 1702 1703 1704
f 1093 1704 1701
f 1093 1702 1704
f 1093 1094 1702
f 1094 1095 1705
f 1094 1705 1702
f 1702 1705 1706
f 1702 1706 1703
f 1705 1707 1706
f 1705 1708 1707
f 1705 1095 1708
f 1095 1096 1708
f 1096 1057 1708
f 1057 1677 1709
f 1057 1709 1708
f 1708 1709 1707
f 1677 1710 1709
f 1678 1679 1711
f 1678 1710 1677
f 1678 1711 1710
f 1679 1712 1711
f 1679 1682 1712
f 1688 1689 1713
f 1688 1713 1687
f 1689 1714 1713
f 1690 1691 1715
f 1690 1714 1689
f 1690 1715 1714
f 1691 1716 1715
f 1067 1097 1717
f 1067 1718 1692
f 1067 1717 1718
f 1692 1716 1691
f 1692 1718 1716
f 1717 1719 1718
f 1717 1720 1719
f 1717 1097 1720
f 1097 1721 1720
f 1097 1098 1721
f 1098 1099 1721
f 1099 1722 1721
f 1099 1101 1722
f 1723 1724 1725
f 1723 1725 1726
f 1111 1726 1112
f 1111 1723 1726
f 1111 1113 1727
f 1111 1727 1723
f 1723 1727 1728
f 1723 1728 1724
f 1727 1729 1728
f 1727 1730 1729
f 1727 1113 1730
f 1113 1114 1730
f 1114 1077 1730
f 1077 1696 1730
f 1696 1695 1729
f 1696 1729 1730
f 1081 1115 1731
f 1081 1732 1700
f 1081 1731 1732
f 1700 1732 1699
f 1731 1733 1732
f 1731 1734 1733
f 1731 1115 1734
f 1115 1116 1734
f 1116 1117 1735
f 1116 1735 1734
f 1734 1735 1736
f 1734 1736 1733
f 1735 1737 1736
f 1735 1738 1737
f 1735 1117 1738
f 1117 1118 1738
f 1118 1119 1739
f 1118 1739 1738
f 1738 1739 1740
f 1738 1740 1737
f 1739 1741 1740
f 1739 1742 1741
f 1739 1119 1742
f 1119 1120 1742
f 1120 1121 1743
f 1120 1743 1742
f 1742 1743 1744
f 1742 1744 1741
f 1743 1745 1744
f 1743 1746 1745
f 1743 1121 1746
f 1121 1122 1746
f 1122 1092 1746
f 1092 1701 1747
f 1092 1747 1746
f 1746 1747 1745
f 1701 1748 1747
f 1701 1704 1748
f 1720 1721 1749
f 1720 1749 1719
f 1721 1750 1749
f 1101 1123 1751
f 1101 1752 1722
f 1101 1751 1752
f 1722 1750 1721
f 1722 1752 1750
f 1751 1753 1752
f 1751 1754 1753
f 1751 1123 1754
f 1123 1124 1754
f 1124 1125 1755
f 1124 1755 1754
f 1754 1755 1756
f 1754 1756 1753
f 1755 1757 1756
f 1755 1758 1757
f 1755 1125 1758
f 1125 1126 1758
f 1126 1127 1759
f 1126 1759 1758
f 1758 1759 1760
f 1758 1760 1757
f 1759 1761 1760
f 1759 1762 1761
f 1759 1127 1762
f 1127 1128 1762
f 1128 1129 1763
f 1128 1763 1762
f 1762 1763 1764
f 1762 1764 1761
f 1763 1765 1764
f 1763 1766 1765
f 1763 1129 1766
f 1129 1130 1766
f 1130 1112 1766
f 1112 1726 1766
f 1726 1725 1765
f 1726 1765 1766
f 1767 1769 1768
f 1767 1770 1769
f 1132 1770 1767
f 1132 1133 1770
f 1132 1767 1771
f 1132 1771 1136
f 1767 1772 1771
f 1767 1768 1772
f 1771 1774 1773
f 1771 1772 1774
f 1771 1773 1136
f 1136 1773 1138
f 1138 1773 1775
f 1138 1775 1140
f 1773 1776 1775
f 1773 1774 1776
f 1775 1778 1777
f 1775 1776 1778
f 1775 1777 1140
f 1140 1777 1142
f 1142 1777 1779
f 1142 1779 1144
f 1777 1780 1779
f 1777 1778 1780
f 1779 1782 1781
f 1779 1780 1782
f 1779 1781 1144
f 1144 1781 1146
f 1146 1781 1783
f 1146 1783 1148
f 1781 1784 1783
f 1781 1782 1784
f 1783 1786 1785
f 1783 1784 1786
f 1783 1785 1148
f 1148 1785 1150
f 1150 1785 1787
f 1150 1787 1153
f 1785 1788 1787
f 1785 1786 1788
f 1787 1788 1789
f 1787 1790 1153
f 1787 1789 1790
f 1153 1790 1154
f 1791 1793 1792
f 1791 1794 1793
f 1156 1794 1791
f 1156 1157 1794
f 1156 1791 1795
f 1156 1795 1161
f 1791 1796 1795
f 1791 1792 1796
f 1795 1798 1797
f 1795 1796 1798
f 1795 1797 1161
f 1161 1797 1163
f 1163 1797 1799
f 1163 1799 1166
f 1797 1800 1799
f 1797 1798 1800
f 1799 1802 1801
f 1799 1800 1802
f 1799 1801 1166
f 1166 1801 1168
f 1168 1801 1803
f 1168 1803 1170
f 1801 1804 1803
f 1801 1802 1804
f 1803 1806 1805
f 1803 1804 1806
f 1803 1805 1170
f 1170 1805 1172
f 1172 1805 1807
f 1172 1807 1174
f 1805 1808 1807
f 1805 1806 1808
f 1807 1810 1809
f 1807 1808 1810
f 1807 1809 1174
f 1174 1809 1176
f 1176 1809 1811
f 1176 1811 1178
f 1809 1812 1811
f 1809 1810 1812
f 1811 1812 1813
f 1811 1814 1178
f 1811 1813 1814
f 1178 1814 1179
f 1815 1817 1816
f 1815 1818 1817
f 1182 1818 1815
f 1182 1183 1818
f 1182 1815 1819
f 1182 1819 1186
f 1815 1820 1819
f 1815 1816 1820
f 1819 1822 1821
f 1819 1820 1822
f 1819 1821 1186
f 1186 1821 1188
f 1188 1821 1133
f 1133 1821 1770
f 1770 1821 1822
f 1770 1822 1769
f 1154 1823 1192
f 1154 1824 1823
f 1154 1790 1824
f 1790 1789 1824
f 1823 1826 1825
f 1823 1824 1826
f 1823 1825 1192
f 1192 1825 1194
f 1194 1825 1827
f 1194 1827 1197
f 1825 1828 1827
f 1825 1826 1828
f 1827 1828 1829
f 1827 1830 1197
f 1827 1829 1830
f 1197 1831 1199
f 1197 1830 1831
f 1199 1831 1203
f 1203 1831 1832
f 1203 1832 1204
f 1206 1207 1833
f 1206 1833 1211
f 1834 1836 1835
f 1211 1836 1834
f 1211 1833 1836
f 1211 1834 1213
f 1213 1834 1837
f 1213 1837 1217
f 1834 1838 1837
f 1834 1835 1838
f 1837 1840 1839
f 1837 1838 1840
f 1837 1839 1217
f 1217 1839 1219
f 1219 1839 1841
f 1219 1841 1222
f 1839 1842 1841
f 1839 1840 1842
f 1841 1844 1843
f 1841 1842 1844
f 1841 1843 1222
f 1222 1843 1224
f 1224 1843 1157
f 1157 1843 1794
f 1794 1843 1844
f 1794 1844 1793
f 1179 1845 1228
f 1179 1846 1845
f 1179 1814 1846
f 1814 1813 1846
f 1845 1846 1847
f 1845 1848 1228
f 1845 1847 1848
f 1228 1848 1229
f 1849 1851 1850
f 1849 1852 1851
f 1232 1852 1849
f 1232 1233 1852
f 1232 1849 1183
f 1183 1849 1818
f 1818 1849 1850
f 1818 1850 1817
f 1830 1853 1831
f 1830 1829 1853
f 1831 1853 1854
f 1204 1855 1241
f 1204 1856 1855
f 1204 1832 1856
f 1832 1854 1856
f 1832 1831 1854
f 1855 1858 1857
f 1855 1856 1858
f 1855 1857 1241
f 1241 1857 1243
f 1243 1857 1859
f 1243 1859 1247
f 1857 1860 1859
f 1857 1858 1860
f 1859 1862 1861
f 1859 1860 1862
f 1859 1861 1247
f 1247 1861 1249
f 1249 1861 1207
f 1207 1861 1863
f 1207 1863 1833
f 1861 1862 1863
f 1833 1863 1864
f 1833 1864 1836
f 1865 1866 1867
f 1865 1867 1868
f 1256 1868 1257
f 1256 1865 1868
f 1256 1229 1865
f 1229 1848 1865
f 1848 1847 1866
f 1848 1866 1865
f 1869 1871 1870
f 1869 1872 1871
f 1260 1872 1869
f 1260 1261 1872
f 1260 1869 1233
f 1233 1869 1852
f 1852 1869 1870
f 1852 1870 1851
f 1873 1874 1875
f 1873 1875 1876
f 1276 1876 1277
f 1276 1873 1876
f 1276 1257 1873
f 1257 1868 1873
f 1868 1867 1874
f 1868 1874 1873
f 1877 1879 1878
f 1877 1880 1879
f 1280 1880 1877
f 1280 1281 1880
f 1280 1877 1261
f 1261 1877 1872
f 1872 1877 1878
f 1872 1878 1871
f 1881 1882 1883
f 1881 1883 1884
f 1288 1884 1287
f 1288 1881 1884
f 1288 1289 1885
f 1288 1885 1881
f 1881 1885 1886
f 1881 1886 1882
f 1885 1887 1886
f 1885 1888 1887
f 1885 1289 1888
f 1289 1290 1888
f 1290 1291 1889
f 1290 1889 1888
f 1888 1889 1890
f 1888 1890 1887
f 1889 1891 1890
f 1889 1892 1891
f 1889 1291 1892
f 1291 1293 1892
f 1893 1894 1895
f 1893 1895 1896
f 1302 1896 1303
f 1302 1893 1896
f 1302 1277 1893
f 1277 1876 1893
f 1876 1875 1894
f 1876 1894 1893
f 1897 1899 1898
f 1897 1900 1899
f 1306 1900 1897
f 1306 1307 1900
f 1306 1897 1281
f 1281 1897 1880
f 1880 1897 1898
f 1880 1898 1879
f 1901 1902 1903
f 1901 1903 1904
f 1313 1904 1314
f 1313 1901 1904
f 1313 1315 1905
f 1313 1905 1901
f 1901 1905 1906
f 1901 1906 1902
f 1905 1907 1906
f 1905 1908 1907
f 1905 1315 1908
f 1315 1316 1908
f 1316 1317 1909
f 1316 1909 1908
f 1908 1909 1910
f 1908 1910 1907
f 1909 1911 1910
f 1909 1912 1911
f 1909 1317 1912
f 1317 1318 1912
f 1318 1287 1912
f 1287 1884 1912
f 1884 1883 1911
f 1884 1911 1912
f 1293 1319 1913
f 1293 1914 1892
f 1293 1913 1914
f 1892 1914 1891
f 1913 1915 1914
f 1913 1916 1915
f 1913 1319 1916
f 1319 1320 1916
f 1320 1321 1917
f 1320 1917 1916
f 1916 1917 1918
f 1916 1918 1915
f 1917 1919 1918
f 1917 1920 1919
f 1917 1321 1920
f 1321 1323 1920
f 1921 1922 1923
f 1921 1923 1924
f 1329 1924 1330
f 1329 1921 1924
f 1329 1303 1921
f 1303 1896 1921
f 1896 1895 1922
f 1896 1922 1921
f 1307 1331 1925
f 1307 1926 1900
f 1307 1925 1926
f 1900 1926 1899
f 1925 1927 1926
f 1925 1928 1927
f 1925 1331 1928
f 1331 1333 1928
f 1929 1930 1931
f 1929 1931 1932
f 1337 1932 1338
f 1337 1929 1932
f 1337 1339 1933
f 1337 1933 1929
f 1929 1933 1934
f 1929 1934 1930
f 1933 1935 1934
f 1933 1936 1935
f 1933 1339 1936
f 1339 1340 1936
f 1340 1314 1936
f 1314 1904 1936
f 1904 1903 1935
f 1904 1935 1936
f 1323 1341 1937
f 1323 1938 1920
f 1323 1937 1938
f 1920 1938 1919
f 1937 1939 1938
f 1937 1940 1939
f 1937 1341 1940
f 1341 1343 1940
f 1941 1942 1943
f 1941 1943 1944
f 1348 1944 1349
f 1348 1941 1944
f 1348 1351 1945
f 1348 1945 1941
f 1941 1945 1946
f 1941 1946 1942
f 1945 1947 1946
f 1945 1948 1947
f 1945 1351 1948
f 1351 1352 1948
f 1352 1330 1948
f 1330 1924 1948
f 1924 1923 1947
f 1924 1947 1948
f 1949 1951 1950
f 1949 1952 1951
f 1354 1952 1949
f 1354 1355 1952
f 1354 1949 1333
f 1333 1949 1928
f 1928 1949 1950
f 1928 1950 1927
f 1953 1954 1955
f 1953 1955 1956
f 1361 1956 1362
f 1361 1953 1956
f 1361 1363 1957
f 1361 1957 1953
f 1953 1957 1958
f 1953 1958 1954
f 1957 1959 1958
f 1957 1960 1959
f 1957 1363 1960
f 1363 1364 1960
f 1364 1338 1960
f 1338 1932 1960
f 1932 1931 1959
f 1932 1959 1960
f 1343 1365 1961
f 1343 1962 1940
f 1343 1961 1962
f 1940 1962 1939
f 1961 1963 1962
f 1961 1964 1963
f 1961 1365 1964
f 1365 1367 1964
f 1965 1966 1967
f 1965 1967 1968
f 1373 1968 1374
f 1373 1965 1968
f 1373 1349 1965
f 1349 1944 1965
f 1944 1943 1966
f 1944 1966 1965
f 1376 1377 1969
f 1376 1970 1355
f 1376 1969 1970
f 1355 1971 1952
f 1355 1970 1971
f 1952 1971 1951
f 1970 1972 1971
f 1970 1969 1972
f 1973 1974 1975
f 1973 1975 1976
f 1388 1976 1387
f 1388 1973 1976
f 1388 1362 1973
f 1362 1956 1973
f 1956 1955 1974
f 1956 1974 1973
f 1977 1979 1978
f 1977 1980 1979
f 1390 1980 1977
f 1390 1391 1980
f 1390 1977 1367
f 1367 1977 1964
f 1964 1977 1978
f 1964 1978 1963
f 1981 1982 1983
f 1981 1983 1984
f 1981 1984 1985
f 1981 1985 1986
f 1981 1986 1987
f 1981 1987 1982
f 1986 1988 1987
f 1986 1989 1988
f 1986 1985 1990
f 1986 1990 1989
f 1402 1990 1401
f 1402 1989 1990
f 1402 1374 1989
f 1374 1968 1989
f 1968 1967 1988
f 1968 1988 1989
f 1377 1403 1991
f 1377 1991 1969
f 1969 1993 1992
f 1969 1991 1993
f 1991 1994 1993
f 1991 1403 1994
f 1403 1405 1994
f 1969 1992 1972
f 1995 1996 1997
f 1995 1997 1998
f 1412 1998 1411
f 1412 1995 1998
f 1412 1413 1999
f 1412 1999 1995
f 1995 1999 2000
f 1995 2000 1996
f 1999 2001 2000
f 1999 2002 2001
f 1999 1413 2002
f 1413 1414 2002
f 1414 1387 2002
f 1387 1976 2002
f 1976 1975 2001
f 1976 2001 2002
f 1391 1415 2003
f 1391 2004 1980
f 1391 2003 2004
f 1980 2004 1979
f 2003 2005 2004
f 2003 2006 2005
f 2003 1415 2006
f 1415 1417 2006
f 2007 2008 2009
f 2007 2009 2010
f 1425 2010 1426
f 1425 2007 2010
f 1425 1427 2011
f 1425 2011 2007
f 1984 2011 1985
f 1984 2007 2011
f 1984 1983 2008
f 1984 2008 2007
f 1985 2011 2012
f 2011 1427 2012
f 1427 1428 2012
f 1428 1401 2012
f 1401 1990 2012
f 1990 1985 2012
f 2013 2015 2014
f 2013 2016 2015
f 1430 2016 2013
f 1430 1431 2016
f 1430 2013 1405
f 1405 2013 1994
f 1994 2013 2014
f 1994 2014 1993
f 2017 2018 2019
f 2017 2019 2020
f 1440 2020 1439
f 1440 2017 2020
f 1440 1411 2017
f 1411 1998 2017
f 1998 1997 2018
f 1998 2018 2017
f 2021 2023 2022
f 2021 2024 2023
f 1442 2024 2021
f 1442 1443 2024
f 1442 2021 1417
f 1417 2021 2006
f 2006 2021 2022
f 2006 2022 2005
f 2025 2026 2027
f 2025 2027 2028
f 1452 2028 1451
f 1452 2025 2028
f 1452 1426 2025
f 1426 2010 2025
f 2010 2009 2026
f 2010 2026 2025
f 1454 1455 2029
f 1454 2029 1459
f 2030 2032 2031
f 1459 2032 2030
f 1459 2029 2032
f 1459 2030 1461
f 1461 2030 1431
f 1431 2030 2016
f 2016 2030 2031
f 2016 2031 2015
f 1439 2033 1471
f 1439 2034 2033
f 1439 2020 2034
f 2020 2019 2034
f 2033 2034 2035
f 2033 2036 1471
f 2033 2035 2036
f 1471 2036 1472
f 2037 2039 2038
f 2037 2040 2039
f 1474 2040 2037
f 1474 1475 2040
f 1474 2037 2041
f 1474 2041 1479
f 2037 2042 2041
f 2037 2038 2042
f 2041 2044 2043
f 2041 2042 2044
f 2041 2043 1479
f 1479 2043 1481
f 1481 2043 1443
f 1443 2043 2024
f 2024 2043 2044
f 2024 2044 2023
f 2045 2046 2047
f 2045 2047 2048
f 2045 2048 2049
f 1451 2049 1491
f 1451 2045 2049
f 1451 2028 2045
f 2028 2027 2046
f 2028 2046 2045
f 1491 2049 2050
f 1491 2050 1492
f 2051 2053 2052
f 2051 2054 2053
f 1494 2054 2051
f 1494 1495 2054
f 1494 2051 1455
f 1455 2051 2055
f 1455 2055 2029
f 2051 2052 2055
f 2029 2055 2056
f 2029 2056 2032
f 2057 2058 2059
f 2057 2059 2060
f 1506 2060 1505
f 1506 2057 2060
f 1506 1472 2057
f 1472 2036 2057
f 2036 2035 2058
f 2036 2058 2057
f 2061 2063 2062
f 2061 2064 2063
f 1508 2064 2061
f 1508 1509 2064
f 1508 2061 1475
f 1475 2061 2040
f 2040 2061 2062
f 2040 2062 2039
f 2048 2065 2049
f 2048 2047 2065
f 2049 2065 2066
f 2049 2066 2067
f 2067 2066 2068
f 1520 2068 1519
f 1520 2067 2068
f 1520 1492 2067
f 1492 2050 2067
f 2050 2049 2067
f 2069 2071 2070
f 2069 2072 2071
f 1522 2072 2069
f 1522 1523 2072
f 1522 2069 1495
f 1495 2069 2054
f 2054 2069 2070
f 2054 2070 2053
f 1505 2073 1531
f 1505 2074 2073
f 1505 2060 2074
f 2060 2059 2074
f 2073 2074 2075
f 2073 2076 1531
f 2073 2075 2076
f 1531 2076 1532
f 2077 2079 2078
f 2077 2080 2079
f 1534 2080 2077
f 1534 1535 2080
f 1534 2077 2081
f 1534 2081 1539
f 2077 2082 2081
f 2077 2078 2082
f 2081 2084 2083
f 2081 2082 2084
f 2081 2083 1539
f 1539 2083 1541
f 1541 2083 1509
f 1509 2083 2064
f 2064 2083 2084
f 2064 2084 2063
f 2085 2086 2087
f 2085 2087 2088
f 1547 2088 1546
f 1547 2085 2088
f 1547 1519 2085
f 1519 2068 2085
f 2068 2066 2086
f 2068 2086 2085
f 2089 2091 2090
f 2089 2092 2091
f 1550 2092 2089
f 1550 1551 2092
f 1550 2089 2093
f 1550 2093 1555
f 2089 2094 2093
f 2089 2090 2094
f 2093 2096 2095
f 2093 2094 2096
f 2093 2095 1555
f 1555 2095 1557
f 1557 2095 1523
f 1523 2095 2072
f 2072 2095 2096
f 2072 2096 2071
f 1532 2097 1563
f 1532 2098 2097
f 1532 2076 2098
f 2076 2075 2098
f 2097 2098 2099
f 2097 2100 1563
f 2097 2099 2100
f 1563 2100 1564
f 2101 2103 2102
f 2101 2104 2103
f 1566 2104 2101
f 1566 1567 2104
f 1566 2101 2105
f 1566 2105 1571
f 2101 2106 2105
f 2101 2102 2106
f 2105 2108 2107
f 2105 2106 2108
f 2105 2107 1571
f 1571 2107 1573
f 1573 2107 1535
f 1535 2107 2080
f 2080 2107 2108
f 2080 2108 2079
f 1546 2109 1579
f 1546 2110 2109
f 1546 2088 2110
f 2088 2087 2110
f 2109 2110 2111
f 2109 2112 1579
f 2109 2111 2112
f 1579 2112 1580
f 2113 2115 2114
f 2113 2116 2115
f 1582 2116 2113
f 1582 1583 2116
f 1582 2113 1551
f 1551 2113 2092
f 2092 2113 2114
f 2092 2114 2091
f 1564 2117 1591
f 1564 2118 2117
f 1564 2100 2118
f 2100 2099 2118
f 2117 2120 2119
f 2117 2118 2120
f 2117 2119 1591
f 1591 2119 1593
f 1593 2119 2121
f 1593 2121 1597
f 2119 2122 2121
f 2119 2120 2122
f 2121 2122 2123
f 2121 2124 1597
f 2121 2123 2124
f 1597 2124 1598
f 2125 2127 2126
f 2125 2128 2127
f 1600 2128 2125
f 1600 1601 2128
f 1600 2125 2129
f 1600 2129 1605
f 2125 2130 2129
f 2125 2126 2130
f 2129 2132 2131
f 2129 2130 2132
f 2129 2131 1605
f 1605 2131 1607
f 1607 2131 2133
f 1607 2133 1611
f 2131 2134 2133
f 2131 2132 2134
f 2133 2136 2135
f 2133 2134 2136
f 2133 2135 1611
f 1611 2135 1613
f 1613 2135 1567
f 1567 2135 2104
f 2104 2135 2136
f 2104 2136 2103
f 2137 2138 2139
f 2137 2139 2140
f 1619 2140 1618
f 1619 2137 2140
f 1619 1580 2137
f 1580 2112 2137
f 2112 2111 2138
f 2112 2138 2137
f 2141 2143 2142
f 2141 2144 2143
f 1622 2144 2141
f 1622 1623 2144
f 1622 2141 1583
f 1583 2141 2116
f 2116 2141 2142
f 2116 2142 2115
f 1598 2145 1633
f 1598 2146 2145
f 1598 2124 2146
f 2124 2123 2146
f 2145 2148 2147
f 2145 2146 2148
f 2145 2147 1633
f 1633 2147 1635
f 1635 2147 2149
f 1635 2149 1639
f 2147 2150 2149
f 2147 2148 2150
f 2149 2152 2151
f 2149 2150 2152
f 2149 2151 1639
f 1639 2151 1641
f 1641 2151 1601
f 1601 2151 2128
f 2128 2151 2152
f 2128 2152 2127
f 2153 2154 2155
f 2153 2155 2156
f 1650 2156 1651
f 1650 2153 2156
f 1650 1618 2153
f 1618 2140 2153
f 2140 2139 2154
f 2140 2154 2153
f 2157 2159 2158
f 2157 2160 2159
f 1654 2160 2157
f 1654 1655 2160
f 1654 2157 1623
f 1623 2157 2144
f 2144 2157 2158
f 2144 2158 2143
f 2161 2162 2163
f 2161 2163 2164
f 1670 2164 1671
f 1670 2161 2164
f 1670 1651 2161
f 1651 2156 2161
f 2156 2155 2162
f 2156 2162 2161
f 2165 2167 2166
f 2165 2168 2167
f 1674 2168 2165
f 1674 1675 2168
f 1674 2165 1655
f 1655 2165 2160
f 2160 2165 2166
f 2160 2166 2159
f 2169 2170 2171
f 2169 2171 2172
f 2169 2172 2173
f 2169 2173 2174
f 2169 2174 2175
f 2169 2175 2170
f 2174 2176 2175
f 2174 2177 2176
f 2174 2173 2178
f 2174 2178 2177
f 1681 2178 1682
f 1681 2177 2178
f 1681 1683 2179
f 1681 2179 2177
f 2177 2179 2180
f 2177 2180 2176
f 2179 2181 2180
f 2179 2182 2181
f 2179 1683 2182
f 1683 1684 2182
f 1684 1685 2183
f 1684 2183 2182
f 2182 2183 2184
f 2182 2184 2181
f 2183 2185 2184
f 2183 2186 2185
f 2183 1685 2186
f 1685 1687 2187
f 1685 2187 2186
f 2186 2187 2188
f 2186 2188 2189
f 2186 2189 2185
f 2188 2190 2189
f 2188 2187 2190
f 2191 2192 2193
f 2191 2193 2194
f 1694 2194 1695
f 1694 2191 2194
f 1694 1671 2191
f 1671 2164 2191
f 2164 2163 2192
f 2164 2192 2191
f 1675 1698 2195
f 1675 2196 2168
f 1675 2195 2196
f 2168 2196 2167
f 2195 2197 2196
f 2195 2198 2197
f 2195 1698 2198
f 1698 1699 2198
f 2199 2200 2201
f 2199 2201 2202
f 1703 2202 1704
f 1703 2199 2202
f 1703 1706 2203
f 1703 2203 2199
f 2199 2203 2204
f 2199 2204 2200
f 2203 2205 2204
f 2203 2206 2205
f 2203 1706 2206
f 1706 1707 2206
f 1707 1709 2207
f 1707 2207 2206
f 2206 2207 2208
f 2206 2208 2205
f 2207 2209 2208
f 2207 2210 2209
f 2207 1709 2210
f 1709 1710 2210
f 1710 1711 2211
f 1710 2211 2210
f 2172 2211 2173
f 2172 2210 2211
f 2172 2171 2209
f 2172 2209 2210
f 2173 2211 2212
f 2211 1711 2212
f 1711 1712 2212
f 1712 1682 2212
f 1682 2178 2212
f 2178 2173 2212
f 1687 1713 2213
f 1687 2213 2187
f 2187 2213 2214
f 2213 1713 2214
f 1713 1714 2214
f 1714 1715 2215
f 1714 2215 2214
f 2214 2215 2216
f 2187 2216 2190
f 2187 2214 2216
f 2215 2217 2216
f 2215 2218 2217
f 2215 1715 2218
f 1715 1716 2218
f 1716 1718 2219
f 1716 2219 2218
f 2218 2219 2220
f 2218 2220 2217
f 2219 2221 2220
f 2219 2222 2221
f 2219 1718 2222
f 1718 1719 2222
f 2223 2224 2225
f 2223 2225 2226
f 1724 2226 1725
f 1724 2223 2226
f 1724 1728 2227
f 1724 2227 2223
f 2223 2227 2228
f 2223 2228 2224
f 2227 2229 2228
f 2227 2230 2229
f 2227 1728 2230
f 1728 1729 2230
f 1729 1695 2230
f 1695 2194 2230
f 2194 2193 2229
f 2194 2229 2230
f 1699 1732 2231
f 1699 2232 2198
f 1699 2231 2232
f 2198 2232 2197
f 2231 2233 2232
f 2231 2234 2233
f 2231 1732 2234
f 1732 1733 2234
f 1733 1736 2235
f 1733 2235 2234
f 2234 2235 2236
f 2234 2236 2233
f 2235 2237 2236
f 2235 2238 2237
f 2235 1736 2238
f 1736 1737 2238
f 1737 1740 2239
f 1737 2239 2238
f 2238 2239 2240
f 2238 2240 2237
f 2239 2241 2240
f 2239 2242 2241
f 2239 1740 2242
f 1740 1741 2242
f 1741 1744 2243
f 1741 2243 2242
f 2242 2243 2244
f 2242 2244 2241
f 2243 2245 2244
f 2243 2246 2245
f 2243 1744 2246
f 1744 1745 2246
f 1745 1747 2247
f 1745 2247 2246
f 2246 2247 2248
f 2246 2248 2245
f 2247 2249 2248
f 2247 2250 2249
f 2247 1747 2250
f 1747 1748 2250
f 1748 1704 2250
f 1704 2202 2250
f 2202 2201 2249
f 2202 2249 2250
f 1719 1749 2251
f 1719 2252 2222
f 1719 2251 2252
f 2222 2252 2221
f 2251 2253 2252
f 2251 2254 2253
f 2251 1749 2254
f 1749 1750 2254
f 1750 1752 2255
f 1750 2255 2254
f 2254 2255 2256
f 2254 2256 2253
f 2255 2257 2256
f 2255 2258 2257
f 2255 1752 2258
f 1752 1753 2258
f 1753 1756 2259
f 1753 2259 2258
f 2258 2259 2260
f 2258 2260 2257
f 2259 2261 2260
f 2259 2262 2261
f 2259 1756 2262
f 1756 1757 2262
f 1757 1760 2263
f 1757 2263 2262
f 2262 2263 2264
f 2262 2264 2261
f 2263 2265 2264
f 2263 2266 2265
f 2263 1760 2266
f 1760 1761 2266
f 1761 1764 2267
f 1761 2267 2266
f 2266 2267 2268
f 2266 2268 2265
f 2267 2269 2268
f 2267 2270 2269
f 2267 1764 2270
f 1764 1765 2270
f 1765 1725 2270
f 1725 2226 2270
f 2226 2225 2269
f 2226 2269 2270
f 2271 2273 2272
f 2271 2274 2273
f 1768 2274 2271
f 1768 1769 2274
f 1768 2271 2275
f 1768 2275 1772
f 2271 2276 2275
f 2271 2272 2276
f 2275 2278 2277
f 2275 2276 2278
f 2275 2277 1772
f 1772 2277 1774
f 1774 2277 2279
f 1774 2279 1776
f 2277 2280 2279
f 2277 2278 2280
f 2279 2282 2281
f 2279 2280 2282
f 2279 2281 1776
f 1776 2281 1778
f 1778 2281 2283
f 1778 2283 1780
f 2281 2284 2283
f 2281 2282 2284
f 2283 2286 2285
f 2283 2284 2286
f 2283 2285 1780
f 1780 2285 1782
f 1782 2285 2287
f 1782 2287 1784
f 2285 2288 2287
f 2285 2286 2288
f 2287 2288 2289
f 2287 2290 1784
f 2287 2289 2290
f 1784 2291 1786
f 1784 2290 2291
f 1786 2291 1788
f 1788 2291 2292
f 1788 2292 1789
f 1792 1793 2293
f 1792 2293 1796
f 2294 2296 2295
f 1796 2296 2294
f 1796 2293 2296
f 1796 2294 1798
f 1798 2294 2297
f 1798 2297 1800
f 2294 2298 2297
f 2294 2295 2298
f 2297 2300 2299
f 2297 2298 2300
f 2297 2299 1800
f 1800 2299 1802
f 1802 2299 2301
f 1802 2301 1804
f 2299 2302 2301
f 2299 2300 2302
f 2301 2304 2303
f 2301 2302 2304
f 2301 2303 1804
f 1804 2303 1806
f 1806 2303 2305
f 1806 2305 1808
f 2303 2306 2305
f 2303 2304 2306
f 2305 2308 2307
f 2305 2306 2308
f 2305 2307 1808
f 1808 2307 1810
f 1810 2307 2309
f 1810 2309 1812
f 2307 2310 2309
f 2307 2308 2310
f 2309 2310 2311
f 2309 2312 1812
f 2309 2311 2312
f 1812 2312 1813
f 2313 2315 2314
f 2313 2316 2315
f 1816 2316 2313
f 1816 1817 2316
f 1816 2313 2317
f 1816 2317 1820
f 2313 2318 2317
f 2313 2314 2318
f 2317 2320 2319
f 2317 2318 2320
f 2317 2319 1820
f 1820 2319 1822
f 1822 2319 1769
f 1769 2319 2274
f 2274 2319 2320
f 2274 2320 2273
f 2290 2321 2291
f 2290 2289 2321
f 2291 2321 2322
f 1789 2323 1824
f 1789 2324 2323
f 1789 2292 2324
f 2292 2322 2324
f 2292 2291 2322
f 2323 2324 2325
f 2323 2326 1824
f 2323 2325 2326
f 1824 2327 1826
f 1824 2326 2327
f 1826 2327 1828
f 1828 2327 2328
f 1828 2328 1829
f 1835 1836 2329
f 1835 2329 1838
f 2330 2332 2331
f 1838 2332 2330
f 1838 2329 2332
f 1838 2330 1840
f 1840 2330 2333
f 1840 2333 1842
f 2330 2334 2333
f 2330 2331 2334
f 2333 2336 2335
f 2333 2334 2336
f 2333 2335 1842
f 1842 2335 1844
f 1844 2335 1793
f 1793 2335 2337
f 1793 2337 2293
f 2335 2336 2337
f 2293 2337 2338
f 2293 2338 2296
f 1813 2339 1846
f 1813 2340 2339
f 1813 2312 2340
f 2312 2311 2340
f 2339 2340 2341
f 2339 2342 1846
f 2339 2341 2342
f 1846 2342 1847
f 2343 2345 2344
f 2343 2346 2345
f 1850 2346 2343
f 1850 1851 2346
f 1850 2343 1817
f 1817 2343 2316
f 2316 2343 2344
f 2316 2344 2315
f 2326 2347 2327
f 2326 2325 2347
f 2327 2347 2348
f 1829 2349 1853
f 1829 2350 2349
f 1829 2328 2350
f 2328 2348 2350
f 2328 2327 2348
f 2349 2350 2351
f 2349 2352 1853
f 2349 2351 2352
f 1853 2353 1854
f 1853 2352 2353
f 1854 2353 1856
f 1856 2353 2354
f 1856 2355 1858
f 1856 2354 2355
f 1858 2355 1860
f 2356 2358 2357
f 1860 2358 2356
f 1860 2355 2358
f 1860 2356 1862
f 1862 2356 2359
f 1862 2359 1863
f 2356 2360 2359
f 2356 2357 2360
f 2359 2362 2361
f 2359 2360 2362
f 2359 2361 1863
f 1863 2361 1864
f 1864 2361 1836
f 1836 2361 2363
f 1836 2363 2329
f 2361 2362 2363
f 2329 2363 2364
f 2329 2364 2332
f 2365 2366 2367
f 2365 2367 2368
f 1866 2368 1867
f 1866 2365 2368
f 1866 1847 2365
f 1847 2342 2365
f 2342 2341 2366
f 2342 2366 2365
f 2369 2371 2370
f 2369 2372 2371
f 1870 2372 2369
f 1870 1871 2372
f 1870 2369 1851
f 1851 2369 2346
f 2346 2369 2370
f 2346 2370 2345
f 2373 2374 2375
f 2373 2375 2376
f 2373 2376 2377
f 2373 2377 2378
f 2352 2378 2353
f 2352 2373 2378
f 2352 2351 2374
f 2352 2374 2373
f 2353 2378 2379
f 2378 2377 2380
f 2378 2380 2379
f 2379 2380 2381
f 2379 2381 2382
f 2354 2382 2355
f 2354 2379 2382
f 2354 2353 2379
f 2355 2384 2383
f 2355 2382 2384
f 2382 2381 2384
f 2355 2383 2358
f 2385 2386 2387
f 2385 2387 2388
f 1874 2388 1875
f 1874 2385 2388
f 1874 1867 2385
f 1867 2368 2385
f 2368 2367 2386
f 2368 2386 2385
f 2389 2391 2390
f 2389 2392 2391
f 1878 2392 2389
f 1878 1879 2392
f 1878 2389 1871
f 1871 2389 2372
f 2372 2389 2390
f 2372 2390 2371
f 2393 2394 2395
f 2393 2395 2396
f 2393 2396 2397
f 2393 2397 2398
f 2393 2398 2399
f 2393 2399 2394
f 2398 2400 2399
f 2398 2401 2400
f 2398 2397 2402
f 2398 2402 2401
f 1882 2402 1883
f 1882 2401 2402
f 1882 1886 2403
f 1882 2403 2401
f 2376 2403 2377
f 2376 2401 2403
f 2376 2375 2400
f 2376 2400 2401
f 2377 2403 2404
f 2403 1886 2404
f 1886 1887 2404
f 1887 1890 2405
f 1887 2405 2404
f 2380 2405 2381
f 2380 2404 2405
f 2380 2377 2404
f 2381 2405 2406
f 2405 1890 2406
f 1890 1891 2407
f 1890 2407 2406
f 2406 2407 2408
f 2406 2408 2409
f 2381 2409 2384
f 2381 2406 2409
f 2408 2410 2409
f 2408 2407 2410
f 2411 2412 2413
f 2411 2413 2414
f 1894 2414 1895
f 1894 2411 2414
f 1894 1875 2411
f 1875 2388 2411
f 2388 2387 2412
f 2388 2412 2411
f 1898 1899 2415
f 1898 2416 1879
f 1898 2415 2416
f 1879 2417 2392
f 1879 2416 2417
f 2392 2417 2391
f 2416 2418 2417
f 2416 2415 2418
f 2419 2420 2421
f 2419 2421 2422
f 1902 2422 1903
f 1902 2419 2422
f 1902 1906 2423
f 1902 2423 2419
f 2419 2423 2424
f 2419 2424 2420
f 2423 2425 2424
f 2423 2426 2425
f 2423 1906 2426
f 1906 1907 2426
f 1907 1910 2427
f 1907 2427 2426
f 2396 2427 2397
f 2396 2426 2427
f 2396 2395 2425
f 2396 2425 2426
f 2397 2427 2428
f 2427 1910 2428
f 1910 1911 2428
f 1911 1883 2428
f 1883 2402 2428
f 2402 2397 2428
f 1891 1914 2429
f 1891 2429 2407
f 2407 2429 2430
f 2429 1914 2430
f 1914 1915 2430
f 1915 1918 2431
f 1915 2431 2430
f 2430 2431 2432
f 2407 2432 2410
f 2407 2430 2432
f 2431 2433 2432
f 2431 2434 2433
f 2431 1918 2434
f 1918 1919 2434
f 2435 2436 2437
f 2435 2437 2438
f 2435 2438 2439
f 2435 2439 2440
f 2435 2440 2441
f 2435 2441 2436
f 2440 2442 2441
f 2440 2443 2442
f 2440 2439 2444
f 2440 2444 2443
f 1922 2444 1923
f 1922 2443 2444
f 1922 1895 2443
f 1895 2414 2443
f 2414 2413 2442
f 2414 2442 2443
f 1899 1926 2445
f 1899 2445 2415
f 2415 2447 2446
f 2415 2445 2447
f 2445 2448 2447
f 2445 1926 2448
f 1926 1927 2448
f 2415 2446 2418
f 2449 2450 2451
f 2449 2451 2452
f 1930 2452 1931
f 1930 2449 2452
f 1930 1934 2453
f 1930 2453 2449
f 2449 2453 2454
f 2449 2454 2450
f 2453 2455 2454
f 2453 2456 2455
f 2453 1934 2456
f 1934 1935 2456
f 1935 1903 2456
f 1903 2422 2456
f 2422 2421 2455
f 2422 2455 2456
f 1919 1938 2457
f 1919 2458 2434
f 1919 2457 2458
f 2434 2458 2433
f 2457 2459 2458
f 2457 2460 2459
f 2457 1938 2460
f 1938 1939 2460
f 2461 2462 2463
f 2461 2463 2464
f 1942 2464 1943
f 1942 2461 2464
f 1942 1946 2465
f 1942 2465 2461
f 2438 2465 2439
f 2438 2461 2465
f 2438 2437 2462
f 2438 2462 2461
f 2439 2465 2466
f 2465 1946 2466
f 1946 1947 2466
f 1947 1923 2466
f 1923 2444 2466
f 2444 2439 2466
f 1950 1951 2467
f 1950 2468 1927
f 1950 2467 2468
f 1927 2469 2448
f 1927 2468 2469
f 2448 2469 2447
f 2468 2470 2469
f 2468 2467 2470
f 2471 2472 2473
f 2471 2473 2474
f 1954 2474 1955
f 1954 2471 2474
f 1954 1958 2475
f 1954 2475 2471
f 2471 2475 2476
f 2471 2476 2472
f 2475 2477 2476
f 2475 2478 2477
f 2475 1958 2478
f 1958 1959 2478
f 1959 1931 2478
f 1931 2452 2478
f 2452 2451 2477
f 2452 2477 2478
f 1939 1962 2479
f 1939 2480 2460
f 1939 2479 2480
f 2460 2480 2459
f 2479 2481 2480
f 2479 2482 2481
f 2479 1962 2482
f 1962 1963 2482
f 2483 2484 2485
f 2483 2485 2486
f 2483 2486 2487
f 2483 2487 2488
f 2483 2488 2489
f 2483 2489 2484
f 2488 2490 2489
f 2488 2491 2490
f 2488 2487 2492
f 2488 2492 2491
f 1966 2492 1967
f 1966 2491 2492
f 1966 1943 2491
f 1943 2464 2491
f 2464 2463 2490
f 2464 2490 2491
f 1951 1971 2493
f 1951 2493 2467
f 2467 2495 2494
f 2467 2493 2495
f 2493 2496 2495
f 2493 1971 2496
f 1971 1972 2496
f 2467 2494 2470
f 2497 2498 2499
f 2497 2499 2500
f 2497 2500 2501
f 2497 2501 2502
f 2497 2502 2503
f 2497 2503 2498
f 2502 2504 2503
f 2502 2505 2504
f 2502 2501 2506
f 2502 2506 2505
f 1974 2506 1975
f 1974 2505 2506
f 1974 1955 2505
f 1955 2474 2505
f 2474 2473 2504
f 2474 2504 2505
f 1978 1979 2507
f 1978 2508 1963
f 1978 2507 2508
f 1963 2509 2482
f 1963 2508 2509
f 2482 2509 2481
f 2508 2510 2509
f 2508 2507 2510
f 2511 2512 2513
f 2511 2513 2514
f 1982 2514 1983
f 1982 2511 2514
f 1982 1987 2515
f 1982 2515 2511
f 2486 2515 2487
f 2486 2511 2515
f 2486 2485 2512
f 2486 2512 2511
f 2487 2515 2516
f 2515 1987 2516
f 1987 1988 2516
f 1988 1967 2516
f 1967 2492 2516
f 2492 2487 2516
f 1992 1993 2517
f 1992 2518 1972
f 1992 2517 2518
f 1972 2519 2496
f 1972 2518 2519
f 2496 2519 2495
f 2518 2520 2519
f 2518 2521 2520
f 2518 2517 2522
f 2518 2522 2521
f 2521 2522 2523
f 2521 2523 2524
f 2521 2524 2525
f 2521 2525 2520
f 2524 2526 2525
f 2524 2527 2526
f 2524 2523 2528
f 2524 2528 2527
f 1996 2528 1997
f 1996 2527 2528
f 1996 2000 2529
f 1996 2529 2527
f 2500 2529 2501
f 2500 2527 2529
f 2500 2499 2526
f 2500 2526 2527
f 2501 2529 2530
f 2529 2000 2530
f 2000 2001 2530
f 2001 1975 2530
f 1975 2506 2530
f 2506 2501 2530
f 1979 2004 2531
f 1979 2531 2507
f 2507 2531 2532
f 2531 2004 2532
f 2004 2005 2533
f 2004 2533 2532
f 2532 2533 2534
f 2532 2534 2535
f 2507 2535 2510
f 2507 2532 2535
f 2534 2536 2535
f 2534 2537 2536
f 2534 2533 2538
f 2534 2538 2537
f 2537 2538 2539
f 2537 2539 2540
f 2537 2540 2541
f 2537 2541 2536
f 2540 2542 2541
f 2540 2543 2542
f 2540 2539 2544
f 2540 2544 2543
f 2008 2544 2009
f 2008 2543 2544
f 2008 1983 2543
f 1983 2514 2543
f 2514 2513 2542
f 2514 2542 2543
f 2014 2015 2545
f 2014 2546 1993
f 2014 2545 2546
f 1993 2546 2517
f 2517 2546 2547
f 2546 2545 2548
f 2546 2548 2547
f 2547 2548 2549
f 2547 2549 2550
f 2522 2550 2523
f 2522 2547 2550
f 2522 2517 2547
f 2523 2550 2551
f 2550 2549 2552
f 2550 2552 2551
f 2018 2552 2019
f 2018 2551 2552
f 2018 1997 2551
f 1997 2528 2551
f 2528 2523 2551
f 2022 2023 2553
f 2022 2554 2005
f 2022 2553 2554
f 2005 2554 2533
f 2533 2554 2555
f 2554 2553 2556
f 2554 2556 2555
f 2555 2556 2557
f 2555 2557 2558
f 2538 2558 2539
f 2538 2555 2558
f 2538 2533 2555
f 2539 2558 2559
f 2558 2557 2560
f 2558 2560 2559
f 2026 2560 2027
f 2026 2559 2560
f 2026 2009 2559
f 2009 2544 2559
f 2544 2539 2559
f 2561 2563 2562
f 2561 2564 2563
f 2031 2564 2561
f 2031 2032 2564
f 2031 2561 2015
f 2015 2561 2565
f 2015 2565 2545
f 2561 2562 2565
f 2545 2565 2566
f 2548 2567 2549
f 2548 2566 2567
f 2548 2545 2566
f 2549 2567 2568
f 2549 2568 2569
f 2569 2568 2570
f 2569 2570 2571
f 2019 2571 2034
f 2019 2569 2571
f 2019 2552 2569
f 2552 2549 2569
f 2034 2571 2572
f 2034 2572 2035
f 2038 2039 2573
f 2038 2573 2042
f 2574 2576 2575
f 2042 2576 2574
f 2042 2573 2576
f 2042 2574 2044
f 2044 2574 2023
f 2023 2574 2577
f 2023 2577 2553
f 2574 2575 2577
f 2553 2577 2578
f 2556 2579 2557
f 2556 2578 2579
f 2556 2553 2578
f 2557 2579 2580
f 2557 2580 2581
f 2581 2580 2582
f 2046 2582 2047
f 2046 2581 2582
f 2046 2027 2581
f 2027 2560 2581
f 2560 2557 2581
f 2052 2053 2583
f 2052 2583 2055
f 2584 2586 2585
f 2055 2586 2584
f 2055 2583 2586
f 2055 2584 2056
f 2056 2584 2032
f 2032 2584 2564
f 2564 2584 2585
f 2564 2585 2563
f 2570 2587 2571
f 2570 2568 2587
f 2571 2587 2588
f 2571 2588 2589
f 2589 2588 2590
f 2058 2590 2059
f 2058 2589 2590
f 2058 2035 2589
f 2035 2572 2589
f 2572 2571 2589
f 2591 2593 2592
f 2591 2594 2593
f 2062 2594 2591
f 2062 2063 2594
f 2062 2591 2039
f 2039 2591 2595
f 2039 2595 2573
f 2591 2592 2595
f 2573 2595 2596
f 2573 2596 2576
f 2597 2598 2599
f 2597 2599 2600
f 2597 2600 2601
f 2047 2601 2065
f 2047 2597 2601
f 2047 2582 2597
f 2582 2580 2598
f 2582 2598 2597
f 2065 2601 2602
f 2065 2602 2066
f 2603 2605 2604
f 2603 2606 2605
f 2070 2606 2603
f 2070 2071 2606
f 2070 2603 2053
f 2053 2603 2607
f 2053 2607 2583
f 2603 2604 2607
f 2583 2607 2608
f 2583 2608 2586
f 2059 2609 2074
f 2059 2610 2609
f 2059 2590 2610
f 2590 2588 2610
f 2609 2610 2611
f 2609 2612 2074
f 2609 2611 2612
f 2074 2612 2075
f 2613 2615 2614
f 2613 2616 2615
f 2078 2616 2613
f 2078 2079 2616
f 2078 2613 2617
f 2078 2617 2082
f 2613 2618 2617
f 2613 2614 2618
f 2617 2620 2619
f 2617 2618 2620
f 2617 2619 2082
f 2082 2619 2084
f 2084 2619 2063
f 2063 2619 2594
f 2594 2619 2620
f 2594 2620 2593
f 2600 2621 2601
f 2600 2599 2621
f 2601 2621 2622
f 2601 2622 2623
f 2623 2622 2624
f 2086 2624 2087
f 2086 2623 2624
f 2086 2066 2623
f 2066 2602 2623
f 2602 2601 2623
f 2090 2091 2625
f 2090 2625 2094
f 2626 2628 2627
f 2094 2628 2626
f 2094 2625 2628
f 2094 2626 2096
f 2096 2626 2071
f 2071 2626 2606
f 2606 2626 2627
f 2606 2627 2605
f 2075 2629 2098
f 2075 2630 2629
f 2075 2612 2630
f 2612 2611 2630
f 2629 2630 2631
f 2629 2632 2098
f 2629 2631 2632
f 2098 2632 2099
f 2633 2635 2634
f 2633 2636 2635
f 2102 2636 2633
f 2102 2103 2636
f 2102 2633 2637
f 2102 2637 2106
f 2633 2638 2637
f 2633 2634 2638
f 2637 2640 2639
f 2637 2638 2640
f 2637 2639 2106
f 2106 2639 2108
f 2108 2639 2079
f 2079 2639 2616
f 2616 2639 2640
f 2616 2640 2615
f 2641 2642 2643
f 2641 2643 2644
f 2641 2644 2645
f 2087 2645 2110
f 2087 2641 2645
f 2087 2624 2641
f 2624 2622 2642
f 2624 2642 2641
f 2110 2645 2646
f 2110 2646 2111
f 2647 2649 2648
f 2647 2650 2649
f 2114 2650 2647
f 2114 2115 2650
f 2114 2647 2091
f 2091 2647 2651
f 2091 2651 2625
f 2647 2648 2651
f 2625 2651 2652
f 2625 2652 2628
f 2099 2653 2118
f 2099 2654 2653
f 2099 2632 2654
f 2632 2631 2654
f 2653 2654 2655
f 2653 2656 2118
f 2653 2655 2656
f 2118 2657 2120
f 2118 2656 2657
f 2120 2657 2122
f 2122 2657 2658
f 2122 2658 2123
f 2126 2127 2659
f 2126 2659 2130
f 2660 2662 2661
f 2130 2662 2660
f 2130 2659 2662
f 2130 2660 2132
f 2132 2660 2663
f 2132 2663 2134
f 2660 2664 2663
f 2660 2661 2664
f 2663 2666 2665
f 2663 2664 2666
f 2663 2665 2134
f 2134 2665 2136
f 2136 2665 2103
f 2103 2665 2636
f 2636 2665 2666
f 2636 2666 2635
f 2644 2667 2645
f 2644 2643 2667
f 2645 2667 2668
f 2645 2668 2669
f 2669 2668 2670
f 2138 2670 2139
f 2138 2669 2670
f 2138 2111 2669
f 2111 2646 2669
f 2646 2645 2669
f 2671 2673 2672
f 2671 2674 2673
f 2142 2674 2671
f 2142 2143 2674
f 2142 2671 2115
f 2115 2671 2650
f 2650 2671 2672
f 2650 2672 2649
f 2656 2675 2657
f 2656 2655 2675
f 2657 2675 2676
f 2657 2676 2677
f 2677 2676 2678
f 2677 2678 2679
f 2123 2679 2146
f 2123 2677 2679
f 2123 2658 2677
f 2658 2657 2677
f 2146 2679 2680
f 2146 2681 2148
f 2146 2680 2681
f 2148 2681 2150
f 2682 2684 2683
f 2150 2684 2682
f 2150 2681 2684
f 2150 2682 2152
f 2152 2682 2127
f 2127 2682 2685
f 2127 2685 2659
f 2682 2683 2685
f 2659 2685 2686
f 2659 2686 2662
f 2687 2688 2689
f 2687 2689 2690
f 2154 2690 2155
f 2154 2687 2690
f 2154 2139 2687
f 2139 2670 2687
f 2670 2668 2688
f 2670 2688 2687
f 2691 2693 2692
f 2691 2694 2693
f 2158 2694 2691
f 2158 2159 2694
f 2158 2691 2143
f 2143 2691 2674
f 2674 2691 2692
f 2674 2692 2673
f 2695 2696 2697
f 2695 2697 2698
f 2695 2698 2699
f 2695 2699 2700
f 2678 2700 2679
f 2678 2695 2700
f 2678 2676 2696
f 2678 2696 2695
f 2679 2700 2701
f 2700 2699 2702
f 2700 2702 2701
f 2701 2702 2703
f 2701 2703 2704
f 2680 2704 2681
f 2680 2701 2704
f 2680 2679 2701
f 2681 2706 2705
f 2681 2704 2706
f 2704 2703 2706
f 2681 2705 2684
f 2707 2708 2709
f 2707 2709 2710
f 2162 2710 2163
f 2162 2707 2710
f 2162 2155 2707
f 2155 2690 2707
f 2690 2689 2708
f 2690 2708 2707
f 2711 2713 2712
f 2711 2714 2713
f 2166 2714 2711
f 2166 2167 2714
f 2166 2711 2159
f 2159 2711 2694
f 2694 2711 2712
f 2694 2712 2693
f 2715 2716 2717
f 2715 2717 2718
f 2715 2718 2719
f 2715 2719 2720
f 2715 2720 2721
f 2715 2721 2716
f 2720 2722 2721
f 2720 2723 2722
f 2720 2719 2724
f 2720 2724 2723
f 2170 2724 2171
f 2170 2723 2724
f 2170 2175 2725
f 2170 2725 2723
f 2723 2725 2726
f 2723 2726 2722
f 2725 2727 2726
f 2725 2728 2727
f 2725 2175 2728
f 2175 2176 2728
f 2176 2180 2729
f 2176 2729 2728
f 2698 2729 2699
f 2698 2728 2729
f 2698 2697 2727
f 2698 2727 2728
f 2699 2729 2730
f 2729 2180 2730
f 2180 2181 2730
f 2181 2184 2731
f 2181 2731 2730
f 2702 2731 2703
f 2702 2730 2731
f 2702 2699 2730
f 2703 2731 2732
f 2731 2184 2732
f 2184 2185 2732
f 2185 2189 2733
f 2185 2733 2732
f 2732 2733 2734
f 2703 2734 2706
f 2703 2732 2734
f 2733 2735 2734
f 2733 2736 2735
f 2733 2189 2736
f 2189 2190 2737
f 2189 2737 2736
f 2736 2737 2738
f 2736 2738 2739
f 2736 2739 2735
f 2738 2740 2739
f 2738 2737 2740
f 2741 2742 2743
f 2741 2743 2744
f 2192 2744 2193
f 2192 2741 2744
f 2192 2163 2741
f 2163 2710 2741
f 2710 2709 2742
f 2710 2742 2741
f 2167 2196 2745
f 2167 2746 2714
f 2167 2745 2746
f 2714 2746 2713
f 2745 2747 2746
f 2745 2748 2747
f 2745 2196 2748
f 2196 2197 2748
f 2749 2750 2751
f 2749 2751 2752
f 2749 2752 2753
f 2749 2753 2754
f 2749 2754 2755
f 2749 2755 2750
f 2754 2756 2755
f 2754 2757 2756
f 2754 2753 2758
f 2754 2758 2757
f 2200 2758 2201
f 2200 2757 2758
f 2200 2204 2759
f 2200 2759 2757
f 2757 2759 2760
f 2757 2760 2756
f 2759 2761 2760
f 2759 2762 2761
f 2759 2204 2762
f 2204 2205 2762
f 2205 2208 2763
f 2205 2763 2762
f 2718 2763 2719
f 2718 2762 2763
f 2718 2717 2761
f 2718 2761 2762
f 2719 2763 2764
f 2763 2208 2764
f 2208 2209 2764
f 2209 2171 2764
f 2171 2724 2764
f 2724 2719 2764
f 2190 2216 2765
f 2190 2765 2737
f 2737 2765 2766
f 2765 2216 2766
f 2216 2217 2766
f 2217 2220 2767
f 2217 2767 2766
f 2766 2767 2768
f 2737 2768 2740
f 2737 2766 2768
f 2767 2769 2768
f 2767 2770 2769
f 2767 2220 2770
f 2220 2221 2771
f 2220 2771 2770
f 2770 2771 2772
f 2770 2772 2773
f 2770 2773 2769
f 2772 2774 2773
f 2772 2771 2774
f 2775 2776 2777
f 2775 2777 2778
f 2224 2778 2225
f 2224 2775 2778
f 2224 2228 2779
f 2224 2779 2775
f 2775 2779 2780
f 2775 2780 2776
f 2779 2781 2780
f 2779 2782 2781
f 2779 2228 2782
f 2228 2229 2782
f 2229 2193 2782
f 2193 2744 2782
f 2744 2743 2781
f 2744 2781 2782
f 2197 2232 2783
f 2197 2784 2748
f 2197 2783 2784
f 2748 2784 2747
f 2783 2785 2784
f 2783 2786 2785
f 2783 2232 2786
f 2232 2233 2786
f 2233 2236 2787
f 2233 2787 2786
f 2786 2787 2788
f 2786 2788 2785
f 2787 2789 2788
f 2787 2790 2789
f 2787 2236 2790
f 2236 2237 2790
f 2237 2240 2791
f 2237 2791 2790
f 2790 2791 2792
f 2790 2792 2789
f 2791 2793 2792
f 2791 2794 2793
f 2791 2240 2794
f 2240 2241 2794
f 2241 2244 2795
f 2241 2795 2794
f 2794 2795 2796
f 2794 2796 2793
f 2795 2797 2796
f 2795 2798 2797
f 2795 2244 2798
f 2244 2245 2798
f 2245 2248 2799
f 2245 2799 2798
f 2752 2799 2753
f 2752 2798 2799
f 2752 2751 2797
f 2752 2797 2798
f 2753 2799 2800
f 2799 2248 2800
f 2248 2249 2800
f 2249 2201 2800
f 2201 2758 2800
f 2758 2753 2800
f 2221 2252 2801
f 2221 2801 2771
f 2771 2801 2802
f 2801 2252 2802
f 2252 2253 2802
f 2253 2256 2803
f 2253 2803 2802
f 2802 2803 2804
f 2771 2804 2774
f 2771 2802 2804
f 2803 2805 2804
f 2803 2806 2805
f 2803 2256 2806
f 2256 2257 2806
f 2257 2260 2807
f 2257 2807 2806
f 2806 2807 2808
f 2806 2808 2805
f 2807 2809 2808
f 2807 2810 2809
f 2807 2260 2810
f 2260 2261 2810
f 2261 2264 2811
f 2261 2811 2810
f 2810 2811 2812
f 2810 2812 2809
f 2811 2813 2812
f 2811 2814 2813
f 2811 2264 2814
f 2264 2265 2814
f 2265 2268 2815
f 2265 2815 2814
f 2814 2815 2816
f 2814 2816 2813
f 2815 2817 2816
f 2815 2818 2817
f 2815 2268 2818
f 2268 2269 2818
f 2269 2225 2818
f 2225 2778 2818
f 2778 2777 2817
f 2778 2817 2818
f 2272 2273 2819
f 2272 2819 2276
f 2820 2822 2821
f 2276 2822 2820
f 2276 2819 2822
f 2276 2820 2278
f 2278 2820 2823
f 2278 2823 2280
f 2820 2824 2823
f 2820 2821 2824
f 2823 2826 2825
f 2823 2824 2826
f 2823 2825 2280
f 2280 2825 2282
f 2282 2825 2827
f 2282 2827 2284
f 2825 2828 2827
f 2825 2826 2828
f 2827 2828 2829
f 2827 2830 2284
f 2827 2829 2830
f 2284 2831 2286
f 2284 2830 2831
f 2286 2831 2288
f 2288 2831 2832
f 2288 2832 2289
f 2295 2296 2833
f 2295 2833 2298
f 2834 2836 2835
f 2298 2836 2834
f 2298 2833 2836
f 2298 2834 2300
f 2300 2834 2837
f 2300 2837 2302
f 2834 2838 2837
f 2834 2835 2838
f 2837 2840 2839
f 2837 2838 2840
f 2837 2839 2302
f 2302 2839 2304
f 2304 2839 2841
f 2304 2841 2306
f 2839 2842 2841
f 2839 2840 2842
f 2841 2842 2843
f 2841 2844 2306
f 2841 2843 2844
f 2306 2845 2308
f 2306 2844 2845
f 2308 2845 2310
f 2310 2845 2846
f 2310 2846 2311
f 2314 2315 2847
f 2314 2847 2318
f 2848 2850 2849
f 2318 2850 2848
f 2318 2847 2850
f 2318 2848 2320
f 2320 2848 2273
f 2273 2848 2851
f 2273 2851 2819
f 2848 2849 2851
f 2819 2851 2852
f 2819 2852 2822
f 2830 2853 2831
f 2830 2829 2853
f 2831 2853 2854
f 2289 2855 2321
f 2289 2856 2855
f 2289 2832 2856
f 2832 2854 2856
f 2832 2831 2854
f 2855 2856 2857
f 2855 2858 2321
f 2855 2857 2858
f 2321 2859 2322
f 2321 2858 2859
f 2322 2859 2324
f 2324 2859 2860
f 2324 2860 2325
f 2331 2332 2861
f 2331 2861 2334
f 2862 2864 2863
f 2334 2864 2862
f 2334 2861 2864
f 2334 2862 2336
f 2336 2862 2865
f 2336 2865 2337
f 2862 2866 2865
f 2862 2863 2866
f 2865 2868 2867
f 2865 2866 2868
f 2865 2867 2337
f 2337 2867 2338
f 2338 2867 2296
f 2296 2867 2869
f 2296 2869 2833
f 2867 2868 2869
f 2833 2869 2870
f 2833 2870 2836
f 2844 2871 2845
f 2844 2843 2871
f 2845 2871 2872
f 2845 2872 2873
f 2873 2872 2874
f 2873 2874 2875
f 2311 2875 2340
f 2311 2873 2875
f 2311 2846 2873
f 2846 2845 2873
f 2340 2875 2876
f 2340 2876 2341
f 2877 2879 2878
f 2877 2880 2879
f 2344 2880 2877
f 2344 2345 2880
f 2344 2877 2315
f 2315 2877 2881
f 2315 2881 2847
f 2877 2878 2881
f 2847 2881 2882
f 2847 2882 2850
f 2858 2883 2859
f 2858 2857 2883
f 2859 2883 2884
f 2859 2884 2885
f 2885 2884 2886
f 2885 2886 2887
f 2325 2887 2347
f 2325 2885 2887
f 2325 2860 2885
f 2860 2859 2885
f 2347 2887 2888
f 2347 2889 2348
f 2347 2888 2889
f 2348 2889 2350
f 2350 2889 2890
f 2350 2890 2351
f 2357 2358 2891
f 2357 2891 2360
f 2360 2891 2892
f 2360 2893 2362
f 2360 2892 2893
f 2362 2893 2363
f 2894 2896 2895
f 2363 2896 2894
f 2363 2893 2896
f 2363 2894 2364
f 2364 2894 2332
f 2332 2894 2897
f 2332 2897 2861
f 2894 2895 2897
f 2861 2897 2898
f 2861 2898 2864
f 2874 2899 2875
f 2874 2872 2899
f 2875 2899 2900
f 2875 2900 2901
f 2901 2900 2902
f 2366 2902 2367
f 2366 2901 2902
f 2366 2341 2901
f 2341 2876 2901
f 2876 2875 2901
f 2903 2905 2904
f 2903 2906 2905
f 2370 2906 2903
f 2370 2371 2906
f 2370 2903 2345
f 2345 2903 2880
f 2880 2903 2904
f 2880 2904 2879
f 2907 2908 2909
f 2907 2909 2910
f 2907 2910 2911
f 2907 2911 2912
f 2886 2912 2887
f 2886 2907 2912
f 2886 2884 2908
f 2886 2908 2907
f 2887 2912 2913
f 2912 2911 2914
f 2912 2914 2913
f 2913 2914 2915
f 2913 2915 2916
f 2888 2916 2889
f 2888 2913 2916
f 2888 2887 2913
f 2889 2916 2917
f 2916 2915 2918
f 2916 2918 2917
f 2374 2918 2375
f 2374 2917 2918
f 2374 2351 2917
f 2351 2890 2917
f 2890 2889 2917
f 2383 2384 2919
f 2383 2920 2358
f 2383 2919 2920
f 2358 2920 2891
f 2891 2920 2921
f 2920 2919 2922
f 2920 2922 2921
f 2921 2922 2923
f 2921 2923 2924
f 2892 2924 2893
f 2892 2921 2924
f 2892 2891 2921
f 2893 2926 2925
f 2893 2924 2926
f 2924 2923 2926
f 2893 2925 2896
f 2927 2928 2929
f 2927 2929 2930
f 2386 2930 2387
f 2386 2927 2930
f 2386 2367 2927
f 2367 2902 2927
f 2902 2900 2928
f 2902 2928 2927
f 2390 2391 2931
f 2390 2932 2371
f 2390 2931 2932
f 2371 2933 2906
f 2371 2932 2933
f 2906 2933 2905
f 2932 2934 2933
f 2932 2931 2934
f 2935 2936 2937
f 2935 2937 2938
f 2935 2938 2939
f 2935 2939 2940
f 2910 2940 2911
f 2910 2935 2940
f 2910 2909 2936
f 2910 2936 2935
f 2911 2940 2941
f 2940 2939 2942
f 2940 2942 2941
f 2394 2942 2395
f 2394 2941 2942
f 2394 2399 2943
f 2394 2943 2941
f 2914 2943 2915
f 2914 2941 2943
f 2914 2911 2941
f 2915 2943 2944
f 2943 2399 2944
f 2399 2400 2944
f 2400 2375 2944
f 2375 2918 2944
f 2918 2915 2944
f 2384 2409 2945
f 2384 2945 2919
f 2919 2945 2946
f 2945 2409 2946
f 2409 2410 2947
f 2409 2947 2946
f 2946 2947 2948
f 2922 2948 2923
f 2922 2946 2948
f 2922 2919 2946
f 2923 2950 2949
f 2923 2948 2950
f 2948 2947 2950
f 2923 2949 2926
f 2951 2952 2953
f 2951 2953 2954
f 2951 2954 2955
f 2951 2955 2956
f 2951 2956 2957
f 2951 2957 2952
f 2956 2958 2957
f 2956 2959 2958
f 2956 2955 2960
f 2956 2960 2959
f 2412 2960 2413
f 2412 2959 2960
f 2412 2387 2959
f 2387 2930 2959
f 2930 2929 2958
f 2930 2958 2959
f 2391 2417 2961
f 2391 2961 2931
f 2931 2963 2962
f 2931 2961 2963
f 2961 2964 2963
f 2961 2417 2964
f 2417 2418 2964
f 2931 2962 2934
f 2965 2966 2967
f 2965 2967 2968
f 2965 2968 2969
f 2965 2969 2970
f 2965 2970 2971
f 2965 2971 2966
f 2970 2972 2971
f 2970 2973 2972
f 2970 2969 2974
f 2970 2974 2973
f 2420 2974 2421
f 2420 2973 2974
f 2420 2424 2975
f 2420 2975 2973
f 2938 2975 2939
f 2938 2973 2975
f 2938 2937 2972
f 2938 2972 2973
f 2939 2975 2976
f 2975 2424 2976
f 2424 2425 2976
f 2425 2395 2976
f 2395 2942 2976
f 2942 2939 2976
f 2410 2432 2977
f 2410 2977 2947
f 2947 2977 2978
f 2977 2432 2978
f 2432 2433 2979
f 2432 2979 2978
f 2978 2979 2980
f 2978 2980 2981
f 2947 2981 2950
f 2947 2978 2981
f 2980 2982 2981
f 2980 2979 2982
f 2983 2984 2985
f 2983 2985 2986
f 2436 2986 2437
f 2436 2983 2986
f 2436 2441 2987
f 2436 2987 2983
f 2954 2987 2955
f 2954 2983 2987
f 2954 2953 2984
f 2954 2984 2983
f 2955 2987 2988
f 2987 2441 2988
f 2441 2442 2988
f 2442 2413 2988
f 2413 2960 2988
f 2960 2955 2988
f 2446 2447 2989
f 2446 2990 2418
f 2446 2989 2990
f 2418 2991 2964
f 2418 2990 2991
f 2964 2991 2963
f 2990 2992 2991
f 2990 2989 2992
f 2993 2994 2995
f 2993 2995 2996
f 2993 2996 2997
f 2993 2997 2998
f 2993 2998 2999
f 2993 2999 2994
f 2998 3000 2999
f 2998 3001 3000
f 2998 2997 3002
f 2998 3002 3001
f 2450 3002 2451
f 2450 3001 3002
f 2450 2454 3003
f 2450 3003 3001
f 2968 3003 2969
f 2968 3001 3003
f 2968 2967 3000
f 2968 3000 3001
f 2969 3003 3004
f 3003 2454 3004
f 2454 2455 3004
f 2455 2421 3004
f 2421 2974 3004
f 2974 2969 3004
f 2433 2458 3005
f 2433 3005 2979
f 2979 3005 3006
f 3005 2458 3006
f 2458 2459 3007
f 2458 3007 3006
f 3006 3007 3008
f 3006 3008 3009
f 2979 3009 2982
f 2979 3006 3009
f 3008 3010 3009
f 3008 3007 3010
f 3011 3012 3013
f 3011 3013 3014
f 3011 3014 3015
f 3011 3015 3016
f 3011 3016 3017
f 3011 3017 3012
f 3016 3018 3017
f 3016 3019 3018
f 3016 3015 3020
f 3016 3020 3019
f 2462 3020 2463
f 2462 3019 3020
f 2462 2437 3019
f 2437 2986 3019
f 2986 2985 3018
f 2986 3018 3019
f 2447 2469 3021
f 2447 3021 2989
f 2989 3021 3022
f 3021 2469 3022
f 2469 2470 3023
f 2469 3023 3022
f 3022 3023 3024
f 3022 3024 3025
f 2989 3025 2992
f 2989 3022 3025
f 3024 3026 3025
f 3024 3027 3026
f 3024 3023 3028
f 3024 3028 3027
f 3027 3028 3029
f 3027 3029 3030
f 3027 3030 3031
f 3027 3031 3026
f 3030 3032 3031
f 3030 3033 3032
f 3030 3029 3034
f 3030 3034 3033
f 3033 3034 3035
f 3033 3035 3036
f 3033 3036 3037
f 3033 3037 3032
f 3036 3038 3037
f 3036 3039 3038
f 3036 3035 3040
f 3036 3040 3039
f 2472 3040 2473
f 2472 3039 3040
f 2472 2476 3041
f 2472 3041 3039
f 2996 3041 2997
f 2996 3039 3041
f 2996 2995 3038
f 2996 3038 3039
f 2997 3041 3042
f 3041 2476 3042
f 2476 2477 3042
f 2477 2451 3042
f 2451 3002 3042
f 3002 2997 3042
f 2459 2480 3043
f 2459 3043 3007
f 3007 3043 3044
f 3043 2480 3044
f 2480 2481 3045
f 2480 3045 3044
f 3044 3045 3046
f 3044 3046 3047
f 3007 3047 3010
f 3007 3044 3047
f 3046 3048 3047
f 3046 3049 3048
f 3046 3045 3050
f 3046 3050 3049
f 3049 3050 3051
f 3049 3051 3052
f 3049 3052 3053
f 3049 3053 3048
f 3052 3054 3053
f 3052 3055 3054
f 3052 3051 3056
f 3052 3056 3055
f 3055 3056 3057
f 3055 3057 3058
f 3055 3058 3059
f 3055 3059 3054
f 3058 3060 3059
f 3058 3061 3060
f 3058 3057 3062
f 3058 3062 3061
f 2484 3062 2485
f 2484 3061 3062
f 2484 2489 3063
f 2484 3063 3061
f 3014 3063 3015
f 3014 3061 3063
f 3014 3013 3060
f 3014 3060 3061
f 3015 3063 3064
f 3063 2489 3064
f 2489 2490 3064
f 2490 2463 3064
f 2463 3020 3064
f 3020 3015 3064
f 2494 2495 3065
f 2494 3066 2470
f 2494 3065 3066
f 2470 3066 3023
f 3023 3066 3067
f 3066 3065 3068
f 3066 3068 3067
f 3067 3068 3069
f 3067 3069 3070
f 3028 3070 3029
f 3028 3067 3070
f 3028 3023 3067
f 3029 3070 3071
f 3070 3069 3072
f 3070 3072 3071
f 2498 3072 2499
f 2498 3071 3072
f 2498 2503 3073
f 2498 3073 3071
f 3034 3073 3035
f 3034 3071 3073
f 3034 3029 3071
f 3035 3073 3074
f 3073 2503 3074
f 2503 2504 3074
f 2504 2473 3074
f 2473 3040 3074
f 3040 3035 3074
f 2481 2509 3075
f 2481 3075 3045
f 3045 3075 3076
f 3075 2509 3076
f 2509 2510 3077
f 2509 3077 3076
f 3076 3077 3078
f 3050 3078 3051
f 3050 3076 3078
f 3050 3045 3076
f 3051 3078 3079
f 3078 3077 3080
f 3078 3080 3079
f 3079 3080 3081
f 3079 3081 3082
f 3056 3082 3057
f 3056 3079 3082
f 3056 3051 3079
f 3057 3082 3083
f 3082 3081 3084
f 3082 3084 3083
f 2512 3084 2513
f 2512 3083 3084
f 2512 2485 3083
f 2485 3062 3083
f 3062 3057 3083
f 2495 2519 3085
f 2495 3085 3065
f 3065 3085 3086
f 3085 2519 3086
f 2519 2520 3086
f 2520 2525 3087
f 2520 3087 3086
f 3068 3087 3069
f 3068 3086 3087
f 3068 3065 3086
f 3069 3087 3088
f 3087 2525 3088
f 2525 2526 3088
f 2526 2499 3088
f 2499 3072 3088
f 3072 3069 3088
f 2510 2535 3089
f 2510 3089 3077
f 3077 3089 3090
f 3089 2535 3090
f 2535 2536 3090
f 2536 2541 3091
f 2536 3091 3090
f 3080 3091 3081
f 3080 3090 3091
f 3080 3077 3090
f 3081 3091 3092
f 3091 2541 3092
f 2541 2542 3092
f 2542 2513 3092
f 2513 3084 3092
f 3084 3081 3092
f 2562 2563 3093
f 2562 3093 2565
f 2565 3093 3094
f 2565 3095 2566
f 2565 3094 3095
f 2566 3095 2567
f 2567 3095 3096
f 2567 3096 2568
f 2575 2576 3097
f 2575 3097 2577
f 2577 3097 3098
f 2577 3099 2578
f 2577 3098 3099
f 2578 3099 2579
f 2579 3099 3100
f 2579 3100 2580
f 2585 2586 3101
f 2585 3102 2563
f 2585 3101 3102
f 2563 3102 3093
f 3093 3102 3103
f 3102 3101 3104
f 3102 3104 3103
f 3103 3104 3105
f 3103 3105 3106
f 3094 3106 3095
f 3094 3103 3106
f 3094 3093 3103
f 3095 3106 3107
f 3106 3105 3108
f 3106 3108 3107
f 3107 3108 3109
f 2568 3109 2587
f 2568 3107 3109
f 2568 3096 3107
f 3096 3095 3107
f 2587 3109 3110
f 2587 3110 2588
f 2592 2593 3111
f 2592 3111 2595
f 2595 3111 3112
f 2595 3113 2596
f 2595 3112 3113
f 2596 3114 2576
f 2596 3113 3114
f 2576 3114 3097
f 3097 3114 3115
f 3114 3113 3116
f 3114 3116 3115
f 3115 3116 3117
f 3115 3117 3118
f 3098 3118 3099
f 3098 3115 3118
f 3098 3097 3115
f 3099 3118 3119
f 3118 3117 3120
f 3118 3120 3119
f 2598 3120 2599
f 2598 3119 3120
f 2598 2580 3119
f 2580 3100 3119
f 3100 3099 3119
f 2604 2605 3121
f 2604 3121 2607
f 3122 3124 3123
f 2607 3124 3122
f 2607 3121 3124
f 2607 3122 2608
f 2608 3122 2586
f 2586 3122 3125
f 2586 3125 3101
f 3122 3123 3125
f 3101 3125 3126
f 3104 3127 3105
f 3104 3126 3127
f 3104 3101 3126
f 3105 3127 3128
f 3108 3129 3109
f 3108 3128 3129
f 3108 3105 3128
f 3109 3129 3130
f 3109 3130 3131
f 3131 3130 3132
f 3131 3132 3133
f 2588 3133 2610
f 2588 3131 3133
f 2588 3110 3131
f 3110 3109 3131
f 2610 3133 3134
f 2610 3134 2611
f 2614 2615 3135
f 2614 3135 2618
f 3136 3138 3137
f 2618 3138 3136
f 2618 3135 3138
f 2618 3136 2620
f 2620 3136 2593
f 2593 3136 3139
f 2593 3139 3111
f 3136 3137 3139
f 3111 3139 3140
f 3112 3141 3113
f 3112 3140 3141
f 3112 3111 3140
f 3113 3141 3142
f 3116 3143 3117
f 3116 3142 3143
f 3116 3113 3142
f 3117 3143 3144
f 3117 3144 3145
f 3145 3144 3146
f 3145 3146 3147
f 2599 3147 2621
f 2599 3145 3147
f 2599 3120 3145
f 3120 3117 3145
f 2621 3147 3148
f 2621 3148 2622
f 3149 3151 3150
f 3149 3152 3151
f 2627 3152 3149
f 2627 2628 3152
f 2627 3149 2605
f 2605 3149 3153
f 2605 3153 3121
f 3149 3150 3153
f 3121 3153 3154
f 3121 3154 3124
f 3132 3155 3133
f 3132 3130 3155
f 3133 3155 3156
f 3133 3156 3157
f 3157 3156 3158
f 3157 3158 3159
f 2611 3159 2630
f 2611 3157 3159
f 2611 3134 3157
f 3134 3133 3157
f 2630 3159 3160
f 2630 3160 2631
f 2634 2635 3161
f 2634 3161 2638
f 3162 3164 3163
f 2638 3164 3162
f 2638 3161 3164
f 2638 3162 2640
f 2640 3162 2615
f 2615 3162 3165
f 2615 3165 3135
f 3162 3163 3165
f 3135 3165 3166
f 3135 3166 3138
f 3146 3167 3147
f 3146 3144 3167
f 3147 3167 3168
f 3147 3168 3169
f 3169 3168 3170
f 2642 3170 2643
f 2642 3169 3170
f 2642 2622 3169
f 2622 3148 3169
f 3148 3147 3169
f 2648 2649 3171
f 2648 3171 2651
f 3172 3174 3173
f 2651 3174 3172
f 2651 3171 3174
f 2651 3172 2652
f 2652 3172 2628
f 2628 3172 3152
f 3152 3172 3173
f 3152 3173 3151
f 3158 3175 3159
f 3158 3156 3175
f 3159 3175 3176
f 3159 3176 3177
f 3177 3176 3178
f 3177 3178 3179
f 2631 3179 2654
f 2631 3177 3179
f 2631 3160 3177
f 3160 3159 3177
f 2654 3179 3180
f 2654 3180 2655
f 2661 2662 3181
f 2661 3181 2664
f 3182 3184 3183
f 2664 3184 3182
f 2664 3181 3184
f 2664 3182 2666
f 2666 3182 2635
f 2635 3182 3185
f 2635 3185 3161
f 3182 3183 3185
f 3161 3185 3186
f 3161 3186 3164
f 3187 3188 3189
f 3187 3189 3190
f 3187 3190 3191
f 2643 3191 2667
f 2643 3187 3191
f 2643 3170 3187
f 3170 3168 3188
f 3170 3188 3187
f 2667 3191 3192
f 2667 3192 2668
f 3193 3195 3194
f 3193 3196 3195
f 2672 3196 3193
f 2672 2673 3196
f 2672 3193 2649
f 2649 3193 3197
f 2649 3197 3171
f 3193 3194 3197
f 3171 3197 3198
f 3171 3198 3174
f 3199 3200 3201
f 3199 3201 3202
f 3199 3202 3203
f 3199 3203 3204
f 3178 3204 3179
f 3178 3199 3204
f 3178 3176 3200
f 3178 3200 3199
f 3179 3204 3205
f 3204 3203 3206
f 3204 3206 3205
f 3205 3206 3207
f 2655 3207 2675
f 2655 3205 3207
f 2655 3180 3205
f 3180 3179 3205
f 2675 3207 3208
f 2675 3208 2676
f 2683 2684 3209
f 2683 3209 2685
f 2685 3209 3210
f 2685 3211 2686
f 2685 3210 3211
f 2686 3212 2662
f 2686 3211 3212
f 2662 3212 3181
f 3181 3214 3213
f 3181 3212 3214
f 3212 3211 3214
f 3181 3213 3184
f 3190 3215 3191
f 3190 3189 3215
f 3191 3215 3216
f 3191 3216 3217
f 3217 3216 3218
f 2688 3218 2689
f 2688 3217 3218
f 2688 2668 3217
f 2668 3192 3217
f 3192 3191 3217
f 3219 3221 3220
f 3219 3222 3221
f 2692 3222 3219
f 2692 2693 3222
f 2692 3219 2673
f 2673 3219 3196
f 3196 3219 3220
f 3196 3220 3195
f 3223 3224 3225
f 3223 3225 3226
f 3223 3226 3227
f 3223 3227 3228
f 3202 3228 3203
f 3202 3223 3228
f 3202 3201 3224
f 3202 3224 3223
f 3203 3228 3229
f 3228 3227 3230
f 3228 3230 3229
f 3229 3230 3231
f 3229 3231 3232
f 3206 3232 3207
f 3206 3229 3232
f 3206 3203 3229
f 3207 3232 3233
f 3232 3231 3234
f 3232 3234 3233
f 2696 3234 2697
f 2696 3233 3234
f 2696 2676 3233
f 2676 3208 3233
f 3208 3207 3233
f 2705 2706 3235
f 2705 3236 2684
f 2705 3235 3236
f 2684 3236 3209
f 3209 3236 3237
f 3236 3235 3238
f 3236 3238 3237
f 3237 3238 3239
f 3237 3239 3240
f 3210 3240 3211
f 3210 3237 3240
f 3210 3209 3237
f 3211 3242 3241
f 3211 3240 3242
f 3240 3239 3242
f 3211 3241 3214
f 3243 3244 3245
f 3243 3245 3246
f 2708 3246 2709
f 2708 3243 3246
f 2708 2689 3243
f 2689 3218 3243
f 3218 3216 3244
f 3218 3244 3243
f 2712 2713 3247
f 2712 3248 2693
f 2712 3247 3248
f 2693 3249 3222
f 2693 3248 3249
f 3222 3249 3221
f 3248 3250 3249
f 3248 3247 3250
f 3251 3252 3253
f 3251 3253 3254
f 3251 3254 3255
f 3251 3255 3256
f 3251 3256 3257
f 3251 3257 3252
f 3256 3258 3257
f 3256 3259 3258
f 3256 3255 3260
f 3256 3260 3259
f 2716 3260 2717
f 2716 3259 3260
f 2716 2721 3261
f 2716 3261 3259
f 3226 3261 3227
f 3226 3259 3261
f 3226 3225 3258
f 3226 3258 3259
f 3227 3261 3262
f 3261 2721 3262
f 2721 2722 3262
f 2722 2726 3263
f 2722 3263 3262
f 3230 3263 3231
f 3230 3262 3263
f 3230 3227 3262
f 3231 3263 3264
f 3263 2726 3264
f 2726 2727 3264
f 2727 2697 3264
f 2697 3234 3264
f 3234 3231 3264
f 2706 2734 3265
f 2706 3265 3235
f 3235 3265 3266
f 3265 2734 3266
f 2734 2735 3266
f 2735 2739 3267
f 2735 3267 3266
f 3238 3267 3239
f 3238 3266 3267
f 3238 3235 3266
f 3239 3267 3268
f 3267 2739 3268
f 2739 2740 3269
f 2739 3269 3268
f 3268 3269 3270
f 3268 3270 3271
f 3239 3271 3242
f 3239 3268 3271
f 3270 3272 3271
f 3270 3269 3272
f 3273 3274 3275
f 3273 3275 3276
f 3273 3276 3277
f 3273 3277 3278
f 3273 3278 3279
f 3273 3279 3274
f 3278 3280 3279
f 3278 3281 3280
f 3278 3277 3282
f 3278 3282 3281
f 2742 3282 2743
f 2742 3281 3282
f 2742 2709 3281
f 2709 3246 3281
f 3246 3245 3280
f 3246 3280 3281
f 2713 2746 3283
f 2713 3283 3247
f 3247 3283 3284
f 3283 2746 3284
f 2746 2747 3285
f 2746 3285 3284
f 3284 3285 3286
f 3284 3286 3287
f 3247 3287 3250
f 3247 3284 3287
f 3286 3288 3287
f 3286 3285 3288
f 3289 3290 3291
f 3289 3291 3292
f 3289 3292 3293
f 3289 3293 3294
f 3289 3294 3295
f 3289 3295 3290
f 3294 3296 3295
f 3294 3297 3296
f 3294 3293 3298
f 3294 3298 3297
f 2750 3298 2751
f 2750 3297 3298
f 2750 2755 3299
f 2750 3299 3297
f 3297 3299 3300
f 3297 3300 3296
f 3299 3301 3300
f 3299 3302 3301
f 3299 2755 3302
f 2755 2756 3302
f 2756 2760 3303
f 2756 3303 3302
f 3254 3303 3255
f 3254 3302 3303
f 3254 3253 3301
f 3254 3301 3302
f 3255 3303 3304
f 3303 2760 3304
f 2760 2761 3304
f 2761 2717 3304
f 2717 3260 3304
f 3260 3255 3304
f 2740 2768 3305
f 2740 3305 3269
f 3269 3305 3306
f 3305 2768 3306
f 2768 2769 3306
f 2769 2773 3307
f 2769 3307 3306
f 3306 3307 3308
f 3269 3308 3272
f 3269 3306 3308
f 3307 3309 3308
f 3307 3310 3309
f 3307 2773 3310
f 2773 2774 3311
f 2773 3311 3310
f 3310 3311 3312
f 3310 3312 3313
f 3310 3313 3309
f 3312 3314 3313
f 3312 3311 3314
f 3315 3316 3317
f 3315 3317 3318
f 3315 3318 3319
f 3315 3319 3320
f 3315 3320 3321
f 3315 3321 3316
f 3320 3322 3321
f 3320 3323 3322
f 3320 3319 3324
f 3320 3324 3323
f 2776 3324 2777
f 2776 3323 3324
f 2776 2780 3325
f 2776 3325 3323
f 3276 3325 3277
f 3276 3323 3325
f 3276 3275 3322
f 3276 3322 3323
f 3277 3325 3326
f 3325 2780 3326
f 2780 2781 3326
f 2781 2743 3326
f 2743 3282 3326
f 3282 3277 3326
f 2747 2784 3327
f 2747 3327 3285
f 3285 3327 3328
f 3327 2784 3328
f 2784 2785 3328
f 2785 2788 3329
f 2785 3329 3328
f 3328 3329 3330
f 3285 3330 3288
f 3285 3328 3330
f 3329 3331 3330
f 3329 3332 3331
f 3329 2788 3332
f 2788 2789 3332
f 2789 2792 3333
f 2789 3333 3332
f 3332 3333 3334
f 3332 3334 3331
f 3333 3335 3334
f 3333 3336 3335
f 3333 2792 3336
f 2792 2793 3336
f 2793 2796 3337
f 2793 3337 3336
f 3292 3337 3293
f 3292 3336 3337
f 3292 3291 3335
f 3292 3335 3336
f 3293 3337 3338
f 3337 2796 3338
f 2796 2797 3338
f 2797 2751 3338
f 2751 3298 3338
f 3298 3293 3338
f 2774 2804 3339
f 2774 3339 3311
f 3311 3339 3340
f 3339 2804 3340
f 2804 2805 3340
f 2805 2808 3341
f 2805 3341 3340
f 3340 3341 3342
f 3311 3342 3314
f 3311 3340 3342
f 3341 3343 3342
f 3341 3344 3343
f 3341 2808 3344
f 2808 2809 3344
f 2809 2812 3345
f 2809 3345 3344
f 3344 3345 3346
f 3344 3346 3343
f 3345 3347 3346
f 3345 3348 3347
f 3345 2812 3348
f 2812 2813 3348
f 2813 2816 3349
f 2813 3349 3348
f 3318 3349 3319
f 3318 3348 3349
f 3318 3317 3347
f 3318 3347 3348
f 3319 3349 3350
f 3349 2816 3350
f 2816 2817 3350
f 2817 2777 3350
f 2777 3324 3350
f 3324 3319 3350
f 2821 2822 3351
f 2821 3351 2824
f 2824 3351 3352
f 2824 3353 2826
f 2824 3352 3353
f 2826 3353 2828
f 2828 3353 3354
f 2828 3354 2829
f 2835 2836 3355
f 2835 3355 2838
f 2838 3355 3356
f 2838 3357 2840
f 2838 3356 3357
f 2840 3357 2842
f 2842 3357 3358
f 2842 3358 2843
f 3359 3361 3360
f 3359 3362 3361
f 2849 3362 3359
f 2849 2850 3362
f 2849 3359 3363
f 2849 3363 2851
f 3359 3364 3363
f 3359 3360 3364
f 3363 3366 3365
f 3363 3364 3366
f 3363 3365 2851
f 2851 3365 2852
f 2852 3365 2822
f 2822 3365 3367
f 2822 3367 3351
f 3365 3366 3367
f 3351 3367 3368
f 3352 3369 3353
f 3352 3368 3369
f 3352 3351 3368
f 3353 3369 3370
f 2829 3371 2853
f 2829 3372 3371
f 2829 3354 3372
f 3354 3370 3372
f 3354 3353 3370
f 3371 3372 3373
f 3371 3374 2853
f 3371 3373 3374
f 2853 3375 2854
f 2853 3374 3375
f 2854 3375 2856
f 2856 3375 3376
f 2856 3376 2857
f 2863 2864 3377
f 2863 3377 2866
f 3378 3380 3379
f 2866 3380 3378
f 2866 3377 3380
f 2866 3378 2868
f 2868 3378 3381
f 2868 3381 2869
f 3378 3382 3381
f 3378 3379 3382
f 3381 3384 3383
f 3381 3382 3384
f 3381 3383 2869
f 2869 3383 2870
f 2870 3383 2836
f 2836 3383 3385
f 2836 3385 3355
f 3383 3384 3385
f 3355 3385 3386
f 3356 3387 3357
f 3356 3386 3387
f 3356 3355 3386
f 3357 3387 3388
f 2843 3389 2871
f 2843 3390 3389
f 2843 3358 3390
f 3358 3388 3390
f 3358 3357 3388
f 3389 3390 3391
f 3389 3392 2871
f 3389 3391 3392
f 2871 3392 2872
f 2878 2879 3393
f 2878 3393 2881
f 3394 3396 3395
f 2881 3396 3394
f 2881 3393 3396
f 2881 3394 2882
f 2882 3394 2850
f 2850 3394 3362
f 3362 3394 3395
f 3362 3395 3361
f 3374 3397 3375
f 3374 3373 3397
f 3375 3397 3398
f 3375 3398 3399
f 3399 3398 3400
f 3399 3400 3401
f 2857 3401 2883
f 2857 3399 3401
f 2857 3376 3399
f 3376 3375 3399
f 2883 3401 3402
f 2883 3402 2884
f 2895 2896 3403
f 2895 3403 2897
f 3404 3406 3405
f 2897 3406 3404
f 2897 3403 3406
f 2897 3404 2898
f 2898 3404 2864
f 2864 3404 3407
f 2864 3407 3377
f 3404 3405 3407
f 3377 3407 3408
f 3377 3408 3380
f 3409 3410 3411
f 3409 3411 3412
f 3409 3412 3413
f 2872 3413 2899
f 2872 3409 3413
f 2872 3392 3409
f 3392 3391 3410
f 3392 3410 3409
f 2899 3413 3414
f 2899 3414 2900
f 2904 2905 3415
f 2904 3416 2879
f 2904 3415 3416
f 2879 3416 3393
f 3393 3418 3417
f 3393 3416 3418
f 3416 3415 3418
f 3393 3417 3396
f 3419 3420 3421
f 3419 3421 3422
f 3419 3422 3423
f 3419 3423 3424
f 3400 3424 3401
f 3400 3419 3424
f 3400 3398 3420
f 3400 3420 3419
f 3401 3424 3425
f 3424 3423 3426
f 3424 3426 3425
f 2908 3426 2909
f 2908 3425 3426
f 2908 2884 3425
f 2884 3402 3425
f 3402 3401 3425
f 2925 2926 3427
f 2925 3428 2896
f 2925 3427 3428
f 2896 3428 3403
f 3403 3430 3429
f 3403 3428 3430
f 3428 3427 3430
f 3403 3429 3406
f 3431 3432 3433
f 3431 3433 3434
f 3431 3434 3435
f 3431 3435 3436
f 3412 3436 3413
f 3412 3431 3436
f 3412 3411 3432
f 3412 3432 3431
f 3413 3436 3437
f 3436 3435 3438
f 3436 3438 3437
f 2928 3438 2929
f 2928 3437 3438
f 2928 2900 3437
f 2900 3414 3437
f 3414 3413 3437
f 2905 2933 3439
f 2905 3439 3415
f 3415 3441 3440
f 3415 3439 3441
f 3439 3442 3441
f 3439 2933 3442
f 2933 2934 3442
f 3415 3440 3418
f 3443 3444 3445
f 3443 3445 3446
f 3443 3446 3447
f 3443 3447 3448
f 3422 3448 3423
f 3422 3443 3448
f 3422 3421 3444
f 3422 3444 3443
f 3423 3448 3449
f 3448 3447 3450
f 3448 3450 3449
f 2936 3450 2937
f 2936 3449 3450
f 2936 2909 3449
f 2909 3426 3449
f 3426 3423 3449
f 2949 2950 3451
f 2949 3452 2926
f 2949 3451 3452
f 2926 3452 3427
f 3427 3454 3453
f 3427 3452 3454
f 3452 3451 3454
f 3427 3453 3430
f 3455 3456 3457
f 3455 3457 3458
f 2952 3458 2953
f 2952 3455 3458
f 2952 2957 3459
f 2952 3459 3455
f 3434 3459 3435
f 3434 3455 3459
f 3434 3433 3456
f 3434 3456 3455
f 3435 3459 3460
f 3459 2957 3460
f 2957 2958 3460
f 2958 2929 3460
f 2929 3438 3460
f 3438 3435 3460
f 2962 2963 3461
f 2962 3462 2934
f 2962 3461 3462
f 2934 3463 3442
f 2934 3462 3463
f 3442 3463 3441
f 3462 3464 3463
f 3462 3461 3464
f 3465 3466 3467
f 3465 3467 3468
f 3465 3468 3469
f 3465 3469 3470
f 3465 3470 3471
f 3465 3471 3466
f 3470 3472 3471
f 3470 3473 3472
f 3470 3469 3474
f 3470 3474 3473
f 2966 3474 2967
f 2966 3473 3474
f 2966 2971 3475
f 2966 3475 3473
f 3446 3475 3447
f 3446 3473 3475
f 3446 3445 3472
f 3446 3472 3473
f 3447 3475 3476
f 3475 2971 3476
f 2971 2972 3476
f 2972 2937 3476
f 2937 3450 3476
f 3450 3447 3476
f 2950 2981 3477
f 2950 3477 3451
f 3451 3477 3478
f 3477 2981 3478
f 2981 2982 3479
f 2981 3479 3478
f 3478 3479 3480
f 3478 3480 3481
f 3451 3481 3454
f 3451 3478 3481
f 3480 3482 3481
f 3480 3479 3482
f 3483 3484 3485
f 3483 3485 3486
f 3483 3486 3487
f 3483 3487 3488
f 3483 3488 3489
f 3483 3489 3484
f 3488 3490 3489
f 3488 3491 3490
f 3488 3487 3492
f 3488 3492 3491
f 2984 3492 2985
f 2984 3491 3492
f 2984 2953 3491
f 2953 3458 3491
f 3458 3457 3490
f 3458 3490 3491
f 2963 2991 3493
f 2963 3493 3461
f 3461 3493 3494
f 3493 2991 3494
f 2991 2992 3495
f 2991 3495 3494
f 3494 3495 3496
f 3494 3496 3497
f 3461 3497 3464
f 3461 3494 3497
f 3496 3498 3497
f 3496 3499 3498
f 3496 3495 3500
f 3496 3500 3499
f 3499 3500 3501
f 3499 3501 3502
f 3499 3502 3503
f 3499 3503 3498
f 3502 3504 3503
f 3502 3505 3504
f 3502 3501 3506
f 3502 3506 3505
f 3505 3506 3507
f 3505 3507 3508
f 3505 3508 3509
f 3505 3509 3504
f 3508 3510 3509
f 3508 3511 3510
f 3508 3507 3512
f 3508 3512 3511
f 2994 3512 2995
f 2994 3511 3512
f 2994 2999 3513
f 2994 3513 3511
f 3468 3513 3469
f 3468 3511 3513
f 3468 3467 3510
f 3468 3510 3511
f 3469 3513 3514
f 3513 2999 3514
f 2999 3000 3514
f 3000 2967 3514
f 2967 3474 3514
f 3474 3469 3514
f 2982 3009 3515
f 2982 3515 3479
f 3479 3515 3516
f 3515 3009 3516
f 3009 3010 3517
f 3009 3517 3516
f 3516 3517 3518
f 3516 3518 3519
f 3479 3519 3482
f 3479 3516 3519
f 3518 3520 3519
f 3518 3521 3520
f 3518 3517 3522
f 3518 3522 3521
f 3521 3522 3523
f 3521 3523 3524
f 3521 3524 3525
f 3521 3525 3520
f 3524 3526 3525
f 3524 3527 3526
f 3524 3523 3528
f 3524 3528 3527
f 3527 3528 3529
f 3527 3529 3530
f 3527 3530 3531
f 3527 3531 3526
f 3530 3532 3531
f 3530 3533 3532
f 3530 3529 3534
f 3530 3534 3533
f 3012 3534 3013
f 3012 3533 3534
f 3012 3017 3535
f 3012 3535 3533
f 3486 3535 3487
f 3486 3533 3535
f 3486 3485 3532
f 3486 3532 3533
f 3487 3535 3536
f 3535 3017 3536
f 3017 3018 3536
f 3018 2985 3536
f 2985 3492 3536
f 3492 3487 3536
f 2992 3025 3537
f 2992 3537 3495
f 3495 3537 3538
f 3537 3025 3538
f 3025 3026 3538
f 3026 3031 3539
f 3026 3539 3538
f 3500 3539 3501
f 3500 3538 3539
f 3500 3495 3538
f 3501 3539 3540
f 3539 3031 3540
f 3031 3032 3540
f 3032 3037 3541
f 3032 3541 3540
f 3506 3541 3507
f 3506 3540 3541
f 3506 3501 3540
f 3507 3541 3542
f 3541 3037 3542
f 3037 3038 3542
f 3038 2995 3542
f 2995 3512 3542
f 3512 3507 3542
f 3010 3047 3543
f 3010 3543 3517
f 3517 3543 3544
f 3543 3047 3544
f 3047 3048 3544
f 3048 3053 3545
f 3048 3545 3544
f 3522 3545 3523
f 3522 3544 3545
f 3522 3517 3544
f 3523 3545 3546
f 3545 3053 3546
f 3053 3054 3546
f 3054 3059 3547
f 3054 3547 3546
f 3528 3547 3529
f 3528 3546 3547
f 3528 3523 3546
f 3529 3547 3548
f 3547 3059 3548
f 3059 3060 3548
f 3060 3013 3548
f 3013 3534 3548
f 3534 3529 3548
f 3123 3124 3549
f 3123 3549 3125
f 3125 3549 3550
f 3125 3551 3126
f 3125 3550 3551
f 3126 3551 3127
f 3127 3551 3552
f 3127 3553 3128
f 3127 3552 3553
f 3128 3553 3129
f 3129 3553 3554
f 3129 3554 3130
f 3137 3138 3555
f 3137 3555 3139
f 3139 3555 3556
f 3139 3557 3140
f 3139 3556 3557
f 3140 3557 3141
f 3141 3557 3558
f 3141 3559 3142
f 3141 3558 3559
f 3142 3559 3143
f 3143 3559 3560
f 3143 3560 3144
f 3150 3151 3561
f 3150 3561 3153
f 3562 3564 3563
f 3153 3564 3562
f 3153 3561 3564
f 3153 3562 3154
f 3154 3562 3124
f 3124 3562 3565
f 3124 3565 3549
f 3562 3563 3565
f 3549 3565 3566
f 3550 3567 3551
f 3550 3566 3567
f 3550 3549 3566
f 3551 3567 3568
f 3552 3569 3553
f 3552 3568 3569
f 3552 3551 3568
f 3553 3569 3570
f 3553 3570 3571
f 3571 3570 3572
f 3571 3572 3573
f 3130 3573 3155
f 3130 3571 3573
f 3130 3554 3571
f 3554 3553 3571
f 3155 3573 3574
f 3155 3574 3156
f 3163 3164 3575
f 3163 3575 3165
f 3576 3578 3577
f 3165 3578 3576
f 3165 3575 3578
f 3165 3576 3166
f 3166 3576 3138
f 3138 3576 3579
f 3138 3579 3555
f 3576 3577 3579
f 3555 3579 3580
f 3556 3581 3557
f 3556 3580 3581
f 3556 3555 3580
f 3557 3581 3582
f 3558 3583 3559
f 3558 3582 3583
f 3558 3557 3582
f 3559 3583 3584
f 3559 3584 3585
f 3585 3584 3586
f 3585 3586 3587
f 3144 3587 3167
f 3144 3585 3587
f 3144 3560 3585
f 3560 3559 3585
f 3167 3587 3588
f 3167 3588 3168
f 3589 3591 3590
f 3589 3592 3591
f 3173 3592 3589
f 3173 3174 3592
f 3173 3589 3151
f 3151 3589 3593
f 3151 3593 3561
f 3589 3590 3593
f 3561 3593 3594
f 3561 3594 3564
f 3572 3595 3573
f 3572 3570 3595
f 3573 3595 3596
f 3573 3596 3597
f 3597 3596 3598
f 3597 3598 3599
f 3156 3599 3175
f 3156 3597 3599
f 3156 3574 3597
f 3574 3573 3597
f 3175 3599 3600
f 3175 3600 3176
f 3183 3184 3601
f 3183 3601 3185
f 3602 3604 3603
f 3185 3604 3602
f 3185 3601 3604
f 3185 3602 3186
f 3186 3602 3164
f 3164 3602 3605
f 3164 3605 3575
f 3602 3603 3605
f 3575 3605 3606
f 3575 3606 3578
f 3586 3607 3587
f 3586 3584 3607
f 3587 3607 3608
f 3587 3608 3609
f 3609 3608 3610
f 3188 3610 3189
f 3188 3609 3610
f 3188 3168 3609
f 3168 3588 3609
f 3588 3587 3609
f 3194 3195 3611
f 3194 3611 3197
f 3612 3614 3613
f 3197 3614 3612
f 3197 3611 3614
f 3197 3612 3198
f 3198 3612 3174
f 3174 3612 3592
f 3592 3612 3613
f 3592 3613 3591
f 3615 3616 3617
f 3615 3617 3618
f 3615 3618 3619
f 3615 3619 3620
f 3598 3620 3599
f 3598 3615 3620
f 3598 3596 3616
f 3598 3616 3615
f 3599 3620 3621
f 3620 3619 3622
f 3620 3622 3621
f 3200 3622 3201
f 3200 3621 3622
f 3200 3176 3621
f 3176 3600 3621
f 3600 3599 3621
f 3213 3214 3623
f 3213 3624 3184
f 3213 3623 3624
f 3184 3624 3601
f 3601 3626 3625
f 3601 3624 3626
f 3624 3623 3626
f 3601 3625 3604
f 3627 3628 3629
f 3627 3629 3630
f 3627 3630 3631
f 3189 3631 3215
f 3189 3627 3631
f 3189 3610 3627
f 3610 3608 3628
f 3610 3628 3627
f 3215 3631 3632
f 3215 3632 3216
f 3220 3221 3633
f 3220 3634 3195
f 3220 3633 3634
f 3195 3634 3611
f 3611 3636 3635
f 3611 3634 3636
f 3634 3633 3636
f 3611 3635 3614
f 3637 3638 3639
f 3637 3639 3640
f 3637 3640 3641
f 3637 3641 3642
f 3618 3642 3619
f 3618 3637 3642
f 3618 3617 3638
f 3618 3638 3637
f 3619 3642 3643
f 3642 3641 3644
f 3642 3644 3643
f 3224 3644 3225
f 3224 3643 3644
f 3224 3201 3643
f 3201 3622 3643
f 3622 3619 3643
f 3241 3242 3645
f 3241 3646 3214
f 3241 3645 3646
f 3214 3646 3623
f 3623 3648 3647
f 3623 3646 3648
f 3646 3645 3648
f 3623 3647 3626
f 3649 3650 3651
f 3649 3651 3652
f 3649 3652 3653
f 3649 3653 3654
f 3630 3654 3631
f 3630 3649 3654
f 3630 3629 3650
f 3630 3650 3649
f 3631 3654 3655
f 3654 3653 3656
f 3654 3656 3655
f 3244 3656 3245
f 3244 3655 3656
f 3244 3216 3655
f 3216 3632 3655
f 3632 3631 3655
f 3221 3249 3657
f 3221 3657 3633
f 3633 3659 3658
f 3633 3657 3659
f 3657 3660 3659
f 3657 3249 3660
f 3249 3250 3660
f 3633 3658 3636
f 3661 3662 3663
f 3661 3663 3664
f 3661 3664 3665
f 3661 3665 3666
f 3661 3666 3667
f 3661 3667 3662
f 3666 3668 3667
f 3666 3669 3668
f 3666 3665 3670
f 3666 3670 3669
f 3252 3670 3253
f 3252 3669 3670
f 3252 3257 3671
f 3252 3671 3669
f 3640 3671 3641
f 3640 3669 3671
f 3640 3639 3668
f 3640 3668 3669
f 3641 3671 3672
f 3671 3257 3672
f 3257 3258 3672
f 3258 3225 3672
f 3225 3644 3672
f 3644 3641 3672
f 3242 3271 3673
f 3242 3673 3645
f 3645 3673 3674
f 3673 3271 3674
f 3271 3272 3675
f 3271 3675 3674
f 3674 3675 3676
f 3674 3676 3677
f 3645 3677 3648
f 3645 3674 3677
f 3676 3678 3677
f 3676 3675 3678
f 3679 3680 3681
f 3679 3681 3682
f 3274 3682 3275
f 3274 3679 3682
f 3274 3279 3683
f 3274 3683 3679
f 3652 3683 3653
f 3652 3679 3683
f 3652 3651 3680
f 3652 3680 3679
f 3653 3683 3684
f 3683 3279 3684
f 3279 3280 3684
f 3280 3245 3684
f 3245 3656 3684
f 3656 3653 3684
f 3250 3287 3685
f 3250 3686 3660
f 3250 3685 3686
f 3660 3686 3659
f 3685 3687 3686
f 3685 3688 3687
f 3685 3287 3688
f 3287 3288 3689
f 3287 3689 3688
f 3688 3689 3690
f 3688 3690 3691
f 3688 3691 3687
f 3690 3692 3691
f 3690 3693 3692
f 3690 3689 3694
f 3690 3694 3693
f 3693 3694 3695
f 3693 3695 3696
f 3693 3696 3697
f 3693 3697 3692
f 3696 3698 3697
f 3696 3699 3698
f 3696 3695 3700
f 3696 3700 3699
f 3290 3700 3291
f 3290 3699 3700
f 3290 3295 3701
f 3290 3701 3699
f 3699 3701 3702
f 3699 3702 3698
f 3701 3703 3702
f 3701 3704 3703
f 3701 3295 3704
f 3295 3296 3704
f 3296 3300 3705
f 3296 3705 3704
f 3664 3705 3665
f 3664 3704 3705
f 3664 3663 3703
f 3664 3703 3704
f 3665 3705 3706
f 3705 3300 3706
f 3300 3301 3706
f 3301 3253 3706
f 3253 3670 3706
f 3670 3665 3706
f 3272 3308 3707
f 3272 3707 3675
f 3675 3707 3708
f 3707 3308 3708
f 3308 3309 3708
f 3309 3313 3709
f 3309 3709 3708
f 3708 3709 3710
f 3675 3710 3678
f 3675 3708 3710
f 3709 3711 3710
f 3709 3712 3711
f 3709 3313 3712
f 3313 3314 3713
f 3313 3713 3712
f 3712 3713 3714
f 3712 3714 3715
f 3712 3715 3711
f 3714 3716 3715
f 3714 3717 3716
f 3714 3713 3718
f 3714 3718 3717
f 3717 3718 3719
f 3717 3719 3720
f 3717 3720 3721
f 3717 3721 3716
f 3720 3722 3721
f 3720 3723 3722
f 3720 3719 3724
f 3720 3724 3723
f 3316 3724 3317
f 3316 3723 3724
f 3316 3321 3725
f 3316 3725 3723
f 3723 3725 3726
f 3723 3726 3722
f 3725 3727 3726
f 3725 3728 3727
f 3725 3321 3728
f 3321 3322 3728
f 3322 3275 3728
f 3275 3682 3728
f 3682 3681 3727
f 3682 3727 3728
f 3288 3330 3729
f 3288 3729 3689
f 3689 3729 3730
f 3729 3330 3730
f 3330 3331 3730
f 3331 3334 3731
f 3331 3731 3730
f 3694 3731 3695
f 3694 3730 3731
f 3694 3689 3730
f 3695 3731 3732
f 3731 3334 3732
f 3334 3335 3732
f 3335 3291 3732
f 3291 3700 3732
f 3700 3695 3732
f 3314 3342 3733
f 3314 3733 3713
f 3713 3733 3734
f 3733 3342 3734
f 3342 3343 3734
f 3343 3346 3735
f 3343 3735 3734
f 3718 3735 3719
f 3718 3734 3735
f 3718 3713 3734
f 3719 3735 3736
f 3735 3346 3736
f 3346 3347 3736
f 3347 3317 3736
f 3317 3724 3736
f 3724 3719 3736
f 3360 3361 3737
f 3360 3737 3364
f 3738 3740 3739
f 3364 3740 3738
f 3364 3737 3740
f 3364 3738 3366
f 3366 3738 3741
f 3366 3741 3367
f 3738 3742 3741
f 3738 3739 3742
f 3741 3744 3743
f 3741 3742 3744
f 3741 3743 3367
f 3367 3743 3368
f 3368 3743 3745
f 3368 3745 3369
f 3743 3746 3745
f 3743 3744 3746
f 3745 3746 3747
f 3745 3748 3369
f 3745 3747 3748
f 3369 3749 3370
f 3369 3748 3749
f 3370 3749 3372
f 3372 3749 3750
f 3372 3750 3373
f 3379 3380 3751
f 3379 3751 3382
f 3752 3754 3753
f 3382 3754 3752
f 3382 3751 3754
f 3382 3752 3384
f 3384 3752 3755
f 3384 3755 3385
f 3752 3756 3755
f 3752 3753 3756
f 3755 3758 3757
f 3755 3756 3758
f 3755 3757 3385
f 3385 3757 3386
f 3386 3757 3759
f 3386 3759 3387
f 3757 3760 3759
f 3757 3758 3760
f 3759 3760 3761
f 3759 3762 3387
f 3759 3761 3762
f 3387 3763 3388
f 3387 3762 3763
f 3388 3763 3390
f 3390 3763 3764
f 3390 3764 3391
f 3765 3767 3766
f 3765 3768 3767
f 3395 3768 3765
f 3395 3396 3768
f 3395 3765 3361
f 3361 3765 3769
f 3361 3769 3737
f 3765 3766 3769
f 3737 3769 3770
f 3737 3770 3740
f 3748 3771 3749
f 3748 3747 3771
f 3749 3771 3772
f 3749 3772 3773
f 3773 3772 3774
f 3773 3774 3775
f 3373 3775 3397
f 3373 3773 3775
f 3373 3750 3773
f 3750 3749 3773
f 3397 3775 3776
f 3397 3776 3398
f 3405 3406 3777
f 3405 3777 3407
f 3778 3780 3779
f 3407 3780 3778
f 3407 3777 3780
f 3407 3778 3408
f 3408 3778 3380
f 3380 3778 3781
f 3380 3781 3751
f 3778 3779 3781
f 3751 3781 3782
f 3751 3782 3754
f 3762 3783 3763
f 3762 3761 3783
f 3763 3783 3784
f 3763 3784 3785
f 3785 3784 3786
f 3410 3786 3411
f 3410 3785 3786
f 3410 3391 3785
f 3391 3764 3785
f 3764 3763 3785
f 3787 3789 3788
f 3787 3790 3789
f 3417 3790 3787
f 3417 3418 3790
f 3417 3787 3396
f 3396 3787 3768
f 3768 3787 3788
f 3768 3788 3767
f 3791 3792 3793
f 3791 3793 3794
f 3791 3794 3795
f 3791 3795 3796
f 3774 3796 3775
f 3774 3791 3796
f 3774 3772 3792
f 3774 3792 3791
f 3775 3796 3797
f 3796 3795 3798
f 3796 3798 3797
f 3420 3798 3421
f 3420 3797 3798
f 3420 3398 3797
f 3398 3776 3797
f 3776 3775 3797
f 3429 3430 3799
f 3429 3800 3406
f 3429 3799 3800
f 3406 3800 3777
f 3777 3802 3801
f 3777 3800 3802
f 3800 3799 3802
f 3777 3801 3780
f 3803 3804 3805
f 3803 3805 3806
f 3432 3806 3433
f 3432 3803 3806
f 3432 3411 3803
f 3411 3786 3803
f 3786 3784 3804
f 3786 3804 3803
f 3440 3441 3807
f 3440 3808 3418
f 3440 3807 3808
f 3418 3809 3790
f 3418 3808 3809
f 3790 3809 3789
f 3808 3810 3809
f 3808 3807 3810
f 3811 3812 3813
f 3811 3813 3814
f 3811 3814 3815
f 3811 3815 3816
f 3794 3816 3795
f 3794 3811 3816
f 3794 3793 3812
f 3794 3812 3811
f 3795 3816 3817
f 3816 3815 3818
f 3816 3818 3817
f 3444 3818 3445
f 3444 3817 3818
f 3444 3421 3817
f 3421 3798 3817
f 3798 3795 3817
f 3453 3454 3819
f 3453 3820 3430
f 3453 3819 3820
f 3430 3820 3799
f 3799 3822 3821
f 3799 3820 3822
f 3820 3819 3822
f 3799 3821 3802
f 3823 3824 3825
f 3823 3825 3826
f 3823 3826 3827
f 3823 3827 3828
f 3823 3828 3829
f 3823 3829 3824
f 3828 3830 3829
f 3828 3831 3830
f 3828 3827 3832
f 3828 3832 3831
f 3456 3832 3457
f 3456 3831 3832
f 3456 3433 3831
f 3433 3806 3831
f 3806 3805 3830
f 3806 3830 3831
f 3441 3463 3833
f 3441 3833 3807
f 3807 3833 3834
f 3833 3463 3834
f 3463 3464 3835
f 3463 3835 3834
f 3834 3835 3836
f 3834 3836 3837
f 3807 3837 3810
f 3807 3834 3837
f 3836 3838 3837
f 3836 3839 3838
f 3836 3835 3840
f 3836 3840 3839
f 3839 3840 3841
f 3839 3841 3842
f 3839 3842 3843
f 3839 3843 3838
f 3842 3844 3843
f 3842 3845 3844
f 3842 3841 3846
f 3842 3846 3845
f 3845 3846 3847
f 3845 3847 3848
f 3845 3848 3849
f 3845 3849 3844
f 3848 3850 3849
f 3848 3851 3850
f 3848 3847 3852
f 3848 3852 3851
f 3466 3852 3467
f 3466 3851 3852
f 3466 3471 3853
f 3466 3853 3851
f 3814 3853 3815
f 3814 3851 3853
f 3814 3813 3850
f 3814 3850 3851
f 3815 3853 3854
f 3853 3471 3854
f 3471 3472 3854
f 3472 3445 3854
f 3445 3818 3854
f 3818 3815 3854
f 3454 3481 3855
f 3454 3855 3819
f 3819 3855 3856
f 3855 3481 3856
f 3481 3482 3857
f 3481 3857 3856
f 3856 3857 3858
f 3856 3858 3859
f 3819 3859 3822
f 3819 3856 3859
f 3858 3860 3859
f 3858 3861 3860
f 3858 3857 3862
f 3858 3862 3861
f 3861 3862 3863
f 3861 3863 3864
f 3861 3864 3865
f 3861 3865 3860
f 3864 3866 3865
f 3864 3867 3866
f 3864 3863 3868
f 3864 3868 3867
f 3867 3868 3869
f 3867 3869 3870
f 3867 3870 3871
f 3867 3871 3866
f 3870 3872 3871
f 3870 3873 3872
f 3870 3869 3874
f 3870 3874 3873
f 3484 3874 3485
f 3484 3873 3874
f 3484 3489 3875
f 3484 3875 3873
f 3826 3875 3827
f 3826 3873 3875
f 3826 3825 3872
f 3826 3872 3873
f 3827 3875 3876
f 3875 3489 3876
f 3489 3490 3876
f 3490 3457 3876
f 3457 3832 3876
f 3832 3827 3876
f 3464 3497 3877
f 3464 3877 3835
f 3835 3877 3878
f 3877 3497 3878
f 3497 3498 3878
f 3498 3503 3879
f 3498 3879 3878
f 3840 3879 3841
f 3840 3878 3879
f 3840 3835 3878
f 3841 3879 3880
f 3879 3503 3880
f 3503 3504 3880
f 3504 3509 3881
f 3504 3881 3880
f 3846 3881 3847
f 3846 3880 3881
f 3846 3841 3880
f 3847 3881 3882
f 3881 3509 3882
f 3509 3510 3882
f 3510 3467 3882
f 3467 3852 3882
f 3852 3847 3882
f 3482 3519 3883
f 3482 3883 3857
f 3857 3883 3884
f 3883 3519 3884
f 3519 3520 3884
f 3520 3525 3885
f 3520 3885 3884
f 3862 3885 3863
f 3862 3884 3885
f 3862 3857 3884
f 3863 3885 3886
f 3885 3525 3886
f 3525 3526 3886
f 3526 3531 3887
f 3526 3887 3886
f 3868 3887 3869
f 3868 3886 3887
f 3868 3863 3886
f 3869 3887 3888
f 3887 3531 3888
f 3531 3532 3888
f 3532 3485 3888
f 3485 3874 3888
f 3874 3869 3888
f 3563 3564 3889
f 3563 3889 3565
f 3565 3889 3890
f 3565 3891 3566
f 3565 3890 3891
f 3566 3891 3567
f 3567 3891 3892
f 3567 3893 3568
f 3567 3892 3893
f 3568 3893 3569
f 3569 3893 3894
f 3569 3894 3570
f 3577 3578 3895
f 3577 3895 3579
f 3579 3895 3896
f 3579 3897 3580
f 3579 3896 3897
f 3580 3897 3581
f 3581 3897 3898
f 3581 3899 3582
f 3581 3898 3899
f 3582 3899 3583
f 3583 3899 3900
f 3583 3900 3584
f 3590 3591 3901
f 3590 3901 3593
f 3902 3904 3903
f 3593 3904 3902
f 3593 3901 3904
f 3593 3902 3594
f 3594 3902 3564
f 3564 3902 3905
f 3564 3905 3889
f 3902 3903 3905
f 3889 3905 3906
f 3890 3907 3891
f 3890 3906 3907
f 3890 3889 3906
f 3891 3907 3908
f 3892 3909 3893
f 3892 3908 3909
f 3892 3891 3908
f 3893 3909 3910
f 3893 3910 3911
f 3911 3910 3912
f 3911 3912 3913
f 3570 3913 3595
f 3570 3911 3913
f 3570 3894 3911
f 3894 3893 3911
f 3595 3913 3914
f 3595 3914 3596
f 3603 3604 3915
f 3603 3915 3605
f 3916 3918 3917
f 3605 3918 3916
f 3605 3915 3918
f 3605 3916 3606
f 3606 3916 3578
f 3578 3916 3919
f 3578 3919 3895
f 3916 3917 3919
f 3895 3919 3920
f 3896 3921 3897
f 3896 3920 3921
f 3896 3895 3920
f 3897 3921 3922
f 3898 3923 3899
f 3898 3922 3923
f 3898 3897 3922
f 3899 3923 3924
f 3899 3924 3925
f 3925 3924 3926
f 3925 3926 3927
f 3584 3927 3607
f 3584 3925 3927
f 3584 3900 3925
f 3900 3899 3925
f 3607 3927 3928
f 3607 3928 3608
f 3929 3931 3930
f 3929 3932 3931
f 3613 3932 3929
f 3613 3614 3932
f 3613 3929 3591
f 3591 3929 3933
f 3591 3933 3901
f 3929 3930 3933
f 3901 3933 3934
f 3901 3934 3904
f 3935 3936 3937
f 3935 3937 3938
f 3935 3938 3939
f 3935 3939 3940
f 3912 3940 3913
f 3912 3935 3940
f 3912 3910 3936
f 3912 3936 3935
f 3913 3940 3941
f 3940 3939 3942
f 3940 3942 3941
f 3616 3942 3617
f 3616 3941 3942
f 3616 3596 3941
f 3596 3914 3941
f 3914 3913 3941
f 3625 3626 3943
f 3625 3944 3604
f 3625 3943 3944
f 3604 3944 3915
f 3915 3946 3945
f 3915 3944 3946
f 3944 3943 3946
f 3915 3945 3918
f 3926 3947 3927
f 3926 3924 3947
f 3927 3947 3948
f 3927 3948 3949
f 3949 3948 3950
f 3628 3950 3629
f 3628 3949 3950
f 3628 3608 3949
f 3608 3928 3949
f 3928 3927 3949
f 3951 3953 3952
f 3951 3954 3953
f 3635 3954 3951
f 3635 3636 3954
f 3635 3951 3614
f 3614 3951 3932
f 3932 3951 3952
f 3932 3952 3931
f 3955 3956 3957
f 3955 3957 3958
f 3955 3958 3959
f 3955 3959 3960
f 3938 3960 3939
f 3938 3955 3960
f 3938 3937 3956
f 3938 3956 3955
f 3939 3960 3961
f 3960 3959 3962
f 3960 3962 3961
f 3638 3962 3639
f 3638 3961 3962
f 3638 3617 3961
f 3617 3942 3961
f 3942 3939 3961
f 3647 3648 3963
f 3647 3964 3626
f 3647 3963 3964
f 3626 3964 3943
f 3943 3966 3965
f 3943 3964 3966
f 3964 3963 3966
f 3943 3965 3946
f 3967 3968 3969
f 3967 3969 3970
f 3650 3970 3651
f 3650 3967 3970
f 3650 3629 3967
f 3629 3950 3967
f 3950 3948 3968
f 3950 3968 3967
f 3658 3659 3971
f 3658 3972 3636
f 3658 3971 3972
f 3636 3973 3954
f 3636 3972 3973
f 3954 3973 3953
f 3972 3974 3973
f 3972 3971 3974
f 3975 3976 3977
f 3975 3977 3978
f 3975 3978 3979
f 3975 3979 3980
f 3975 3980 3981
f 3975 3981 3976
f 3980 3982 3981
f 3980 3983 3982
f 3980 3979 3984
f 3980 3984 3983
f 3662 3984 3663
f 3662 3983 3984
f 3662 3667 3985
f 3662 3985 3983
f 3958 3985 3959
f 3958 3983 3985
f 3958 3957 3982
f 3958 3982 3983
f 3959 3985 3986
f 3985 3667 3986
f 3667 3668 3986
f 3668 3639 3986
f 3639 3962 3986
f 3962 3959 3986
f 3648 3677 3987
f 3648 3987 3963
f 3963 3987 3988
f 3987 3677 3988
f 3677 3678 3989
f 3677 3989 3988
f 3988 3989 3990
f 3988 3990 3991
f 3963 3991 3966
f 3963 3988 3991
f 3990 3992 3991
f 3990 3989 3992
f 3993 3994 3995
f 3993 3995 3996
f 3993 3996 3997
f 3993 3997 3998
f 3993 3998 3999
f 3993 3999 3994
f 3998 4000 3999
f 3998 4001 4000
f 3998 3997 4002
f 3998 4002 4001
f 3680 4002 3681
f 3680 4001 4002
f 3680 3651 4001
f 3651 3970 4001
f 3970 3969 4000
f 3970 4000 4001
f 3659 3686 4003
f 3659 4003 3971
f 3971 4003 4004
f 4003 3686 4004
f 3686 3687 4004
f 3687 3691 4005
f 3687 4005 4004
f 4004 4005 4006
f 3971 4006 3974
f 3971 4004 4006
f 4005 4007 4006
f 4005 4008 4007
f 4005 3691 4008
f 3691 3692 4008
f 3692 3697 4009
f 3692 4009 4008
f 4008 4009 4010
f 4008 4010 4007
f 4009 4011 4010
f 4009 4012 4011
f 4009 3697 4012
f 3697 3698 4012
f 3698 3702 4013
f 3698 4013 4012
f 3978 4013 3979
f 3978 4012 4013
f 3978 3977 4011
f 3978 4011 4012
f 3979 4013 4014
f 4013 3702 4014
f 3702 3703 4014
f 3703 3663 4014
f 3663 3984 4014
f 3984 3979 4014
f 3678 3710 4015
f 3678 4015 3989
f 3989 4015 4016
f 4015 3710 4016
f 3710 3711 4016
f 3711 3715 4017
f 3711 4017 4016
f 4016 4017 4018
f 3989 4018 3992
f 3989 4016 4018
f 4017 4019 4018
f 4017 4020 4019
f 4017 3715 4020
f 3715 3716 4020
f 3716 3721 4021
f 3716 4021 4020
f 4020 4021 4022
f 4020 4022 4019
f 4021 4023 4022
f 4021 4024 4023
f 4021 3721 4024
f 3721 3722 4024
f 3722 3726 4025
f 3722 4025 4024
f 3996 4025 3997
f 3996 4024 4025
f 3996 3995 4023
f 3996 4023 4024
f 3997 4025 4026
f 4025 3726 4026
f 3726 3727 4026
f 3727 3681 4026
f 3681 4002 4026
f 4002 3997 4026
f 4027 4029 4028
f 4027 4030 4029
f 3739 4030 4027
f 3739 3740 4030
f 3739 4027 4031
f 3739 4031 3742
f 4027 4032 4031
f 4027 4028 4032
f 4031 4032 4033
f 4031 4034 3742
f 4031 4033 4034
f 3742 4035 3744
f 3742 4034 4035
f 3744 4035 3746
f 3746 4035 4036
f 3746 4036 3747
f 3753 3754 4037
f 3753 4037 3756
f 4038 4040 4039
f 3756 4040 4038
f 3756 4037 4040
f 3756 4038 3758
f 3758 4038 4041
f 3758 4041 3760
f 4038 4042 4041
f 4038 4039 4042
f 4041 4042 4043
f 4041 4044 3760
f 4041 4043 4044
f 3760 4044 3761
f 4045 4047 4046
f 4045 4048 4047
f 3766 4048 4045
f 3766 3767 4048
f 3766 4045 4049
f 3766 4049 3769
f 4045 4050 4049
f 4045 4046 4050
f 4049 4052 4051
f 4049 4050 4052
f 4049 4051 3769
f 3769 4051 3770
f 3770 4051 3740
f 3740 4051 4030
f 4030 4051 4052
f 4030 4052 4029
f 4034 4053 4035
f 4034 4033 4053
f 4035 4053 4054
f 3747 4055 3771
f 3747 4056 4055
f 3747 4036 4056
f 4036 4054 4056
f 4036 4035 4054
f 4055 4056 4057
f 4055 4058 3771
f 4055 4057 4058
f 3771 4058 3772
f 4059 4061 4060
f 4059 4062 4061
f 3779 4062 4059
f 3779 3780 4062
f 3779 4059 4063
f 3779 4063 3781
f 4059 4064 4063
f 4059 4060 4064
f 4063 4066 4065
f 4063 4064 4066
f 4063 4065 3781
f 3781 4065 3782
f 3782 4065 3754
f 3754 4065 4067
f 3754 4067 4037
f 4065 4066 4067
f 4037 4067 4068
f 4037 4068 4040
f 3761 4069 3783
f 3761 4070 4069
f 3761 4044 4070
f 4044 4043 4070
f 4069 4070 4071
f 4069 4072 3783
f 4069 4071 4072
f 3783 4072 3784
f 3788 3789 4073
f 3788 4074 3767
f 3788 4073 4074
f 3767 4075 4048
f 3767 4074 4075
f 4048 4075 4047
f 4074 4076 4075
f 4074 4073 4076
f 4077 4078 4079
f 4077 4079 4080
f 3792 4080 3793
f 3792 4077 4080
f 3792 3772 4077
f 3772 4058 4077
f 4058 4057 4078
f 4058 4078 4077
f 4081 4083 4082
f 4081 4084 4083
f 3801 4084 4081
f 3801 3802 4084
f 3801 4081 3780
f 3780 4081 4062
f 4062 4081 4082
f 4062 4082 4061
f 4085 4086 4087
f 4085 4087 4088
f 4085 4088 4089
f 4085 4089 4090
f 4085 4090 4091
f 4085 4091 4086
f 4090 4092 4091
f 4090 4093 4092
f 4090 4089 4094
f 4090 4094 4093
f 3804 4094 3805
f 3804 4093 4094
f 3804 3784 4093
f 3784 4072 4093
f 4072 4071 4092
f 4072 4092 4093
f 3789 3809 4095
f 3789 4095 4073
f 4073 4097 4096
f 4073 4095 4097
f 4095 4098 4097
f 4095 3809 4098
f 3809 3810 4098
f 4073 4096 4076
f 4099 4100 4101
f 4099 4101 4102
f 4099 4102 4103
f 4099 4103 4104
f 4099 4104 4105
f 4099 4105 4100
f 4104 4106 4105
f 4104 4107 4106
f 4104 4103 4108
f 4104 4108 4107
f 3812 4108 3813
f 3812 4107 4108
f 3812 3793 4107
f 3793 4080 4107
f 4080 4079 4106
f 4080 4106 4107
f 3821 3822 4109
f 3821 4110 3802
f 3821 4109 4110
f 3802 4111 4084
f 3802 4110 4111
f 4084 4111 4083
f 4110 4112 4111
f 4110 4109 4112
f 4113 4114 4115
f 4113 4115 4116
f 3824 4116 3825
f 3824 4113 4116
f 3824 3829 4117
f 3824 4117 4113
f 4088 4117 4089
f 4088 4113 4117
f 4088 4087 4114
f 4088 4114 4113
f 4089 4117 4118
f 4117 3829 4118
f 3829 3830 4118
f 3830 3805 4118
f 3805 4094 4118
f 4094 4089 4118
f 3810 3837 4119
f 3810 4120 4098
f 3810 4119 4120
f 4098 4120 4097
f 4119 4121 4120
f 4119 4122 4121
f 4119 3837 4122
f 3837 3838 4122
f 3838 3843 4123
f 3838 4123 4122
f 4122 4123 4124
f 4122 4124 4121
f 4123 4125 4124
f 4123 4126 4125
f 4123 3843 4126
f 3843 3844 4126
f 3844 3849 4127
f 3844 4127 4126
f 4102 4127 4103
f 4102 4126 4127
f 4102 4101 4125
f 4102 4125 4126
f 4103 4127 4128
f 4127 3849 4128
f 3849 3850 4128
f 3850 3813 4128
f 3813 4108 4128
f 4108 4103 4128
f 3822 3859 4129
f 3822 4129 4109
f 4109 4129 4130
f 4129 3859 4130
f 3859 3860 4130
f 3860 3865 4131
f 3860 4131 4130
f 4130 4131 4132
f 4109 4132 4112
f 4109 4130 4132
f 4131 4133 4132
f 4131 4134 4133
f 4131 3865 4134
f 3865 3866 4134
f 3866 3871 4135
f 3866 4135 4134
f 4134 4135 4136
f 4134 4136 4133
f 4135 4137 4136
f 4135 4138 4137
f 4135 3871 4138
f 3871 3872 4138
f 3872 3825 4138
f 3825 4116 4138
f 4116 4115 4137
f 4116 4137 4138
f 4139 4141 4140
f 4139 4142 4141
f 3903 4142 4139
f 3903 3904 4142
f 3903 4139 4143
f 3903 4143 3905
f 4139 4144 4143
f 4139 4140 4144
f 4143 4146 4145
f 4143 4144 4146
f 4143 4145 3905
f 3905 4145 3906
f 3906 4145 4147
f 3906 4147 3907
f 4145 4148 4147
f 4145 4146 4148
f 4147 4148 4149
f 4147 4150 3907
f 4147 4149 4150
f 3907 4151 3908
f 3907 4150 4151
f 3908 4151 3909
f 3909 4151 4152
f 3909 4152 3910
f 3917 3918 4153
f 3917 4153 3919
f 4154 4156 4155
f 3919 4156 4154
f 3919 4153 4156
f 3919 4154 3920
f 3920 4154 4157
f 3920 4157 3921
f 4154 4158 4157
f 4154 4155 4158
f 4157 4160 4159
f 4157 4158 4160
f 4157 4159 3921
f 3921 4159 3922
f 3922 4159 4161
f 3922 4161 3923
f 4159 4162 4161
f 4159 4160 4162
f 4161 4162 4163
f 4161 4164 3923
f 4161 4163 4164
f 3923 4164 3924
f 3930 3931 4165
f 3930 4165 3933
f 4166 4168 4167
f 3933 4168 4166
f 3933 4165 4168
f 3933 4166 3934
f 3934 4166 3904
f 3904 4166 4142
f 4142 4166 4167
f 4142 4167 4141
f 4150 4169 4151
f 4150 4149 4169
f 4151 4169 4170
f 4151 4170 4171
f 4171 4170 4172
f 3936 4172 3937
f 3936 4171 4172
f 3936 3910 4171
f 3910 4152 4171
f 4152 4151 4171
f 4173 4175 4174
f 4173 4176 4175
f 3945 4176 4173
f 3945 3946 4176
f 3945 4173 3918
f 3918 4173 4177
f 3918 4177 4153
f 4173 4174 4177
f 4153 4177 4178
f 4153 4178 4156
f 4179 4180 4181
f 4179 4181 4182
f 4179 4182 4183
f 3924 4183 3947
f 3924 4179 4183
f 3924 4164 4179
f 4164 4163 4180
f 4164 4180 4179
f 3947 4183 4184
f 3947 4184 3948
f 4185 4187 4186
f 4185 4188 4187
f 3952 4188 4185
f 3952 3953 4188
f 3952 4185 3931
f 3931 4185 4189
f 3931 4189 4165
f 4185 4186 4189
f 4165 4189 4190
f 4165 4190 4168
f 4191 4192 4193
f 4191 4193 4194
f 3956 4194 3957
f 3956 4191 4194
f 3956 3937 4191
f 3937 4172 4191
f 4172 4170 4192
f 4172 4192 4191
f 4195 4197 4196
f 4195 4198 4197
f 3965 4198 4195
f 3965 3966 4198
f 3965 4195 3946
f 3946 4195 4176
f 4176 4195 4196
f 4176 4196 4175
f 4182 4199 4183
f 4182 4181 4199
f 4183 4199 4200
f 4183 4200 4201
f 4201 4200 4202
f 3968 4202 3969
f 3968 4201 4202
f 3968 3948 4201
f 3948 4184 4201
f 4184 4183 4201
f 3953 3973 4203
f 3953 4204 4188
f 3953 4203 4204
f 4188 4204 4187
f 4203 4205 4204
f 4203 4206 4205
f 4203 3973 4206
f 3973 3974 4206
f 4207 4208 4209
f 4207 4209 4210
f 4207 4210 4211
f 4207 4211 4212
f 4207 4212 4213
f 4207 4213 4208
f 4212 4214 4213
f 4212 4215 4214
f 4212 4211 4216
f 4212 4216 4215
f 3976 4216 3977
f 3976 4215 4216
f 3976 3981 4217
f 3976 4217 4215
f 4215 4217 4218
f 4215 4218 4214
f 4217 4219 4218
f 4217 4220 4219
f 4217 3981 4220
f 3981 3982 4220
f 3982 3957 4220
f 3957 4194 4220
f 4194 4193 4219
f 4194 4219 4220
f 3966 3991 4221
f 3966 4222 4198
f 3966 4221 4222
f 4198 4222 4197
f 4221 4223 4222
f 4221 4224 4223
f 4221 3991 4224
f 3991 3992 4225
f 3991 4225 4224
f 4224 4225 4226
f 4224 4226 4227
f 4224 4227 4223
f 4226 4228 4227
f 4226 4225 4228
f 4229 4230 4231
f 4229 4231 4232
f 3994 4232 3995
f 3994 4229 4232
f 3994 3999 4233
f 3994 4233 4229
f 4229 4233 4234
f 4229 4234 4230
f 4233 4235 4234
f 4233 4236 4235
f 4233 3999 4236
f 3999 4000 4236
f 4000 3969 4236
f 3969 4202 4236
f 4202 4200 4235
f 4202 4235 4236
f 3974 4006 4237
f 3974 4238 4206
f 3974 4237 4238
f 4206 4238 4205
f 4237 4239 4238
f 4237 4240 4239
f 4237 4006 4240
f 4006 4007 4240
f 4007 4010 4241
f 4007 4241 4240
f 4210 4241 4211
f 4210 4240 4241
f 4210 4209 4239
f 4210 4239 4240
f 4211 4241 4242
f 4241 4010 4242
f 4010 4011 4242
f 4011 3977 4242
f 3977 4216 4242
f 4216 4211 4242
f 3992 4018 4243
f 3992 4243 4225
f 4225 4243 4244
f 4243 4018 4244
f 4018 4019 4244
f 4019 4022 4245
f 4019 4245 4244
f 4244 4245 4246
f 4225 4246 4228
f 4225 4244 4246
f 4245 4247 4246
f 4245 4248 4247
f 4245 4022 4248
f 4022 4023 4248
f 4023 3995 4248
f 3995 4232 4248
f 4232 4231 4247
f 4232 4247 4248
f 4028 4029 4249
f 4028 4249 4032
f 4032 4249 4250
f 4032 4250 4033
f 4039 4040 4251
f 4039 4251 4042
f 4042 4251 4252
f 4042 4252 4043
f 4046 4047 4253
f 4046 4253 4050
f 4254 4256 4255
f 4050 4256 4254
f 4050 4253 4256
f 4050 4254 4052
f 4052 4254 4029
f 4029 4254 4257
f 4029 4257 4249
f 4254 4255 4257
f 4249 4257 4258
f 4033 4259 4053
f 4033 4260 4259
f 4033 4250 4260
f 4250 4258 4260
f 4250 4249 4258
f 4259 4260 4261
f 4259 4262 4053
f 4259 4261 4262
f 4053 4263 4054
f 4053 4262 4263
f 4054 4263 4056
f 4056 4263 4264
f 4056 4264 4057
f 4060 4061 4265
f 4060 4265 4064
f 4266 4268 4267
f 4064 4268 4266
f 4064 4265 4268
f 4064 4266 4066
f 4066 4266 4269
f 4066 4269 4067
f 4266 4270 4269
f 4266 4267 4270
f 4269 4272 4271
f 4269 4270 4272
f 4269 4271 4067
f 4067 4271 4068
f 4068 4271 4040
f 4040 4271 4273
f 4040 4273 4251
f 4271 4272 4273
f 4251 4273 4274
f 4251 4274 4275
f 4275 4274 4276
f 4275 4276 4277
f 4043 4277 4070
f 4043 4275 4277
f 4043 4252 4275
f 4252 4251 4275
f 4070 4277 4278
f 4070 4278 4071
f 4047 4075 4279
f 4047 4279 4253
f 4253 4281 4280
f 4253 4279 4281
f 4279 4282 4281
f 4279 4075 4282
f 4075 4076 4282
f 4253 4280 4256
f 4283 4284 4285
f 4283 4285 4286
f 4283 4286 4287
f 4283 4287 4288
f 4262 4288 4263
f 4262 4283 4288
f 4262 4261 4284
f 4262 4284 4283
f 4263 4288 4289
f 4288 4287 4290
f 4288 4290 4289
f 4078 4290 4079
f 4078 4289 4290
f 4078 4057 4289
f 4057 4264 4289
f 4264 4263 4289
f 4082 4083 4291
f 4082 4292 4061
f 4082 4291 4292
f 4061 4292 4265
f 4265 4294 4293
f 4265 4292 4294
f 4292 4291 4294
f 4265 4293 4268
f 4295 4296 4297
f 4295 4297 4298
f 4086 4298 4087
f 4086 4295 4298
f 4086 4091 4299
f 4086 4299 4295
f 4276 4299 4277
f 4276 4295 4299
f 4276 4274 4296
f 4276 4296 4295
f 4277 4299 4300
f 4299 4091 4300
f 4091 4092 4300
f 4092 4071 4300
f 4071 4278 4300
f 4278 4277 4300
f 4096 4097 4301
f 4096 4302 4076
f 4096 4301 4302
f 4076 4303 4282
f 4076 4302 4303
f 4282 4303 4281
f 4302 4304 4303
f 4302 4305 4304
f 4302 4301 4306
f 4302 4306 4305
f 4305 4306 4307
f 4305 4307 4308
f 4305 4308 4309
f 4305 4309 4304
f 4308 4310 4309
f 4308 4311 4310
f 4308 4307 4312
f 4308 4312 4311
f 4100 4312 4101
f 4100 4311 4312
f 4100 4105 4313
f 4100 4313 4311
f 4286 4313 4287
f 4286 4311 4313
f 4286 4285 4310
f 4286 4310 4311
f 4287 4313 4314
f 4313 4105 4314
f 4105 4106 4314
f 4106 4079 4314
f 4079 4290 4314
f 4290 4287 4314
f 4083 4111 4315
f 4083 4315 4291
f 4291 4315 4316
f 4315 4111 4316
f 4111 4112 4317
f 4111 4317 4316
f 4316 4317 4318
f 4316 4318 4319
f 4291 4319 4294
f 4291 4316 4319
f 4318 4320 4319
f 4318 4321 4320
f 4318 4317 4322
f 4318 4322 4321
f 4321 4322 4323
f 4321 4323 4324
f 4321 4324 4325
f 4321 4325 4320
f 4324 4326 4325
f 4324 4327 4326
f 4324 4323 4328
f 4324 4328 4327
f 4114 4328 4115
f 4114 4327 4328
f 4114 4087 4327
f 4087 4298 4327
f 4298 4297 4326
f 4298 4326 4327
f 4097 4120 4329
f 4097 4329 4301
f 4301 4329 4330
f 4329 4120 4330
f 4120 4121 4330
f 4121 4124 4331
f 4121 4331 4330
f 4306 4331 4307
f 4306 4330 4331
f 4306 4301 4330
f 4307 4331 4332
f 4331 4124 4332
f 4124 4125 4332
f 4125 4101 4332
f 4101 4312 4332
f 4312 4307 4332
f 4112 4132 4333
f 4112 4333 4317
f 4317 4333 4334
f 4333 4132 4334
f 4132 4133 4334
f 4133 4136 4335
f 4133 4335 4334
f 4322 4335 4323
f 4322 4334 4335
f 4322 4317 4334
f 4323 4335 4336
f 4335 4136 4336
f 4136 4137 4336
f 4137 4115 4336
f 4115 4328 4336
f 4328 4323 4336
f 4140 4141 4337
f 4140 4337 4144
f 4144 4337 4338
f 4144 4339 4146
f 4144 4338 4339
f 4146 4339 4148
f 4148 4339 4340
f 4148 4340 4149
f 4155 4156 4341
f 4155 4341 4158
f 4158 4341 4342
f 4158 4343 4160
f 4158 4342 4343
f 4160 4343 4162
f 4162 4343 4344
f 4162 4344 4163
f 4345 4347 4346
f 4345 4348 4347
f 4167 4348 4345
f 4167 4168 4348
f 4167 4345 4141
f 4141 4345 4349
f 4141 4349 4337
f 4345 4346 4349
f 4337 4349 4350
f 4338 4351 4339
f 4338 4350 4351
f 4338 4337 4350
f 4339 4351 4352
f 4339 4352 4353
f 4353 4352 4354
f 4353 4354 4355
f 4149 4355 4169
f 4149 4353 4355
f 4149 4340 4353
f 4340 4339 4353
f 4169 4355 4356
f 4169 4356 4170
f 4174 4175 4357
f 4174 4357 4177
f 4358 4360 4359
f 4177 4360 4358
f 4177 4357 4360
f 4177 4358 4178
f 4178 4358 4156
f 4156 4358 4361
f 4156 4361 4341
f 4358 4359 4361
f 4341 4361 4362
f 4342 4363 4343
f 4342 4362 4363
f 4342 4341 4362
f 4343 4363 4364
f 4343 4364 4365
f 4365 4364 4366
f 4180 4366 4181
f 4180 4365 4366
f 4180 4163 4365
f 4163 4344 4365
f 4344 4343 4365
f 4186 4187 4367
f 4186 4367 4189
f 4368 4370 4369
f 4189 4370 4368
f 4189 4367 4370
f 4189 4368 4190
f 4190 4368 4168
f 4168 4368 4348
f 4348 4368 4369
f 4348 4369 4347
f 4371 4372 4373
f 4371 4373 4374
f 4371 4374 4375
f 4371 4375 4376
f 4354 4376 4355
f 4354 4371 4376
f 4354 4352 4372
f 4354 4372 4371
f 4355 4376 4377
f 4376 4375 4378
f 4376 4378 4377
f 4192 4378 4193
f 4192 4377 4378
f 4192 4170 4377
f 4170 4356 4377
f 4356 4355 4377
f 4196 4197 4379
f 4196 4380 4175
f 4196 4379 4380
f 4175 4380 4357
f 4357 4382 4381
f 4357 4380 4382
f 4380 4379 4382
f 4357 4381 4360
f 4383 4384 4385
f 4383 4385 4386
f 4383 4386 4387
f 4181 4387 4199
f 4181 4383 4387
f 4181 4366 4383
f 4366 4364 4384
f 4366 4384 4383
f 4199 4387 4388
f 4199 4388 4200
f 4187 4204 4389
f 4187 4389 4367
f 4367 4389 4390
f 4389 4204 4390
f 4204 4205 4391
f 4204 4391 4390
f 4390 4391 4392
f 4390 4392 4393
f 4367 4393 4370
f 4367 4390 4393
f 4392 4394 4393
f 4392 4395 4394
f 4392 4391 4396
f 4392 4396 4395
f 4208 4396 4209
f 4208 4395 4396
f 4208 4213 4397
f 4208 4397 4395
f 4395 4397 4398
f 4395 4398 4394
f 4397 4399 4398
f 4397 4400 4399
f 4397 4213 4400
f 4213 4214 4400
f 4214 4218 4401
f 4214 4401 4400
f 4374 4401 4375
f 4374 4400 4401
f 4374 4373 4399
f 4374 4399 4400
f 4375 4401 4402
f 4401 4218 4402
f 4218 4219 4402
f 4219 4193 4402
f 4193 4378 4402
f 4378 4375 4402
f 4197 4222 4403
f 4197 4403 4379
f 4379 4403 4404
f 4403 4222 4404
f 4222 4223 4404
f 4223 4227 4405
f 4223 4405 4404
f 4404 4405 4406
f 4379 4406 4382
f 4379 4404 4406
f 4405 4407 4406
f 4405 4408 4407
f 4405 4227 4408
f 4227 4228 4409
f 4227 4409 4408
f 4408 4409 4410
f 4408 4410 4411
f 4408 4411 4407
f 4410 4412 4411
f 4410 4413 4412
f 4410 4409 4414
f 4410 4414 4413
f 4230 4414 4231
f 4230 4413 4414
f 4230 4234 4415
f 4230 4415 4413
f 4386 4415 4387
f 4386 4413 4415
f 4386 4385 4412
f 4386 4412 4413
f 4387 4415 4416
f 4415 4234 4416
f 4234 4235 4416
f 4235 4200 4416
f 4200 4388 4416
f 4388 4387 4416
f 4205 4238 4417
f 4205 4417 4391
f 4391 4417 4418
f 4417 4238 4418
f 4238 4239 4418
f 4239 4209 4418
f 4209 4396 4418
f 4396 4391 4418
f 4228 4246 4419
f 4228 4419 4409
f 4409 4419 4420
f 4419 4246 4420
f 4246 4247 4420
f 4247 4231 4420
f 4231 4414 4420
f 4414 4409 4420
f 4421 4423 4422
f 4421 4424 4423
f 4255 4424 4421
f 4255 4256 4424
f 4255 4421 4425
f 4255 4425 4257
f 4421 4426 4425
f 4421 4422 4426
f 4425 4428 4427
f 4425 4426 4428
f 4425 4427 4257
f 4257 4427 4258
f 4258 4427 4429
f 4258 4429 4260
f 4427 4430 4429
f 4427 4428 4430
f 4429 4430 4431
f 4429 4432 4260
f 4429 4431 4432
f 4260 4432 4261
f 4433 4435 4434
f 4433 4436 4435
f 4267 4436 4433
f 4267 4268 4436
f 4267 4433 4437
f 4267 4437 4270
f 4433 4438 4437
f 4433 4434 4438
f 4437 4440 4439
f 4437 4438 4440
f 4437 4439 4270
f 4270 4439 4272
f 4272 4439 4441
f 4272 4441 4273
f 4439 4442 4441
f 4439 4440 4442
f 4441 4442 4443
f 4441 4444 4273
f 4441 4443 4444
f 4273 4444 4274
f 4445 4447 4446
f 4445 4448 4447
f 4280 4448 4445
f 4280 4281 4448
f 4280 4445 4256
f 4256 4445 4424
f 4424 4445 4446
f 4424 4446 4423
f 4449 4450 4451
f 4449 4451 4452
f 4284 4452 4285
f 4284 4449 4452
f 4284 4261 4449
f 4261 4432 4449
f 4432 4431 4450
f 4432 4450 4449
f 4453 4455 4454
f 4453 4456 4455
f 4293 4456 4453
f 4293 4294 4456
f 4293 4453 4268
f 4268 4453 4436
f 4436 4453 4454
f 4436 4454 4435
f 4457 4458 4459
f 4457 4459 4460
f 4296 4460 4297
f 4296 4457 4460
f 4296 4274 4457
f 4274 4444 4457
f 4444 4443 4458
f 4444 4458 4457
f 4281 4303 4461
f 4281 4462 4448
f 4281 4461 4462
f 4448 4462 4447
f 4461 4463 4462
f 4461 4464 4463
f 4461 4303 4464
f 4303 4304 4464
f 4304 4309 4465
f 4304 4465 4464
f 4464 4465 4466
f 4464 4466 4463
f 4465 4467 4466
f 4465 4468 4467
f 4465 4309 4468
f 4309 4310 4468
f 4310 4285 4468
f 4285 4452 4468
f 4452 4451 4467
f 4452 4467 4468
f 4294 4319 4469
f 4294 4470 4456
f 4294 4469 4470
f 4456 4470 4455
f 4469 4471 4470
f 4469 4472 4471
f 4469 4319 4472
f 4319 4320 4472
f 4320 4325 4473
f 4320 4473 4472
f 4472 4473 4474
f 4472 4474 4471
f 4473 4475 4474
f 4473 4476 4475
f 4473 4325 4476
f 4325 4326 4476
f 4326 4297 4476
f 4297 4460 4476
f 4460 4459 4475
f 4460 4475 4476
f 4477 4479 4478
f 4477 4480 4479
f 4346 4480 4477
f 4346 4347 4480
f 4346 4477 4481
f 4346 4481 4349
f 4477 4482 4481
f 4477 4478 4482
f 4481 4484 4483
f 4481 4482 4484
f 4481 4483 4349
f 4349 4483 4350
f 4350 4483 4485
f 4350 4485 4351
f 4483 4486 4485
f 4483 4484 4486
f 4485 4486 4487
f 4485 4488 4351
f 4485 4487 4488
f 4351 4488 4352
f 4489 4491 4490
f 4489 4492 4491
f 4359 4492 4489
f 4359 4360 4492
f 4359 4489 4493
f 4359 4493 4361
f 4489 4494 4493
f 4489 4490 4494
f 4493 4496 4495
f 4493 4494 4496
f 4493 4495 4361
f 4361 4495 4362
f 4362 4495 4497
f 4362 4497 4363
f 4495 4498 4497
f 4495 4496 4498
f 4497 4498 4499
f 4497 4500 4363
f 4497 4499 4500
f 4363 4500 4364
f 4501 4503 4502
f 4501 4504 4503
f 4369 4504 4501
f 4369 4370 4504
f 4369 4501 4347
f 4347 4501 4480
f 4480 4501 4502
f 4480 4502 4479
f 4505 4506 4507
f 4505 4507 4508
f 4372 4508 4373
f 4372 4505 4508
f 4372 4352 4505
f 4352 4488 4505
f 4488 4487 4506
f 4488 4506 4505
f 4509 4511 4510
f 4509 4512 4511
f 4381 4512 4509
f 4381 4382 4512
f 4381 4509 4360
f 4360 4509 4492
f 4492 4509 4510
f 4492 4510 4491
f 4513 4514 4515
f 4513 4515 4516
f 4384 4516 4385
f 4384 4513 4516
f 4384 4364 4513
f 4364 4500 4513
f 4500 4499 4514
f 4500 4514 4513
f 4370 4393 4517
f 4370 4518 4504
f 4370 4517 4518
f 4504 4518 4503
f 4517 4519 4518
f 4517 4520 4519
f 4517 4393 4520
f 4393 4394 4520
f 4394 4398 4521
f 4394 4521 4520
f 4520 4521 4522
f 4520 4522 4519
f 4521 4523 4522
f 4521 4524 4523
f 4521 4398 4524
f 4398 4399 4524
f 4399 4373 4524
f 4373 4508 4524
f 4508 4507 4523
f 4508 4523 4524
f 4382 4406 4525
f 4382 4526 4512
f 4382 4525 4526
f 4512 4526 4511
f 4525 4527 4526
f 4525 4528 4527
f 4525 4406 4528
f 4406 4407 4528
f 4407 4411 4529
f 4407 4529 4528
f 4528 4529 4530
f 4528 4530 4527
f 4529 4531 4530
f 4529 4532 4531
f 4529 4411 4532
f 4411 4412 4532
f 4412 4385 4532
f 4385 4516 4532
f 4516 4515 4531
f 4516 4531 4532
f 4533 4535 4534
f 4533 4536 4535
f 4533 4537 4536
f 4533 4538 4537
f 4533 4539 4538
f 4533 4534 4539
f 4538 4539 4540
f 4538 4540 4537
f 4541 4543 4542
f 4541 4544 4543
f 4541 4545 4544
f 4541 4546 4545
f 4541 4547 4546
f 4541 4542 4547
f 4546 4547 4548
f 4546 4548 4545
f 4549 4551 4550
f 4549 4552 4551
f 4549 4553 4552
f 4549 4554 4553
f 4549 4555 4554
f 4549 4550 4555
f 4554 4557 4556
f 4554 4555 4557
f 4554 4556 4558
f 4554 4558 4553
f 4422 4558 4556
f 4422 4423 4558
f 4422 4556 4559
f 4422 4559 4426
f 4536 4559 4556
f 4536 4537 4559
f 4536 4556 4557
f 4536 4557 4535
f 4537 4560 4559
f 4559 4560 4426
f 4426 4560 4428
f 4428 4560 4561
f 4428 4561 4430
f 4560 4562 4561
f 4537 4562 4560
f 4537 4540 4562
f 4561 4564 4563
f 4561 4562 4564
f 4561 4563 4430
f 4430 4563 4565
f 4430 4565 4431
f 4563 4566 4565
f 4563 4567 4566
f 4563 4564 4567
f 4566 4567 4568
f 4566 4568 4565
f 4569 4571 4570
f 4569 4572 4571
f 4569 4573 4572
f 4569 4574 4573
f 4569 4575 4574
f 4569 4570 4575
f 4574 4577 4576
f 4574 4575 4577
f 4574 4576 4578
f 4574 4578 4573
f 4434 4578 4576
f 4434 4435 4578
f 4434 4576 4579
f 4434 4579 4438
f 4576 4580 4579
f 4576 4577 4580
f 4579 4582 4581
f 4579 4580 4582
f 4579 4581 4438
f 4438 4581 4440
f 4440 4581 4583
f 4440 4583 4442
f 4544 4583 4581
f 4544 4545 4583
f 4544 4581 4582
f 4544 4582 4543
f 4545 4584 4583
f 4583 4584 4442
f 4442 4584 4585
f 4442 4585 4443
f 4584 4586 4585
f 4584 4587 4586
f 4545 4587 4584
f 4545 4548 4587
f 4586 4587 4588
f 4586 4588 4585
f 4552 4553 4589
f 4552 4589 4551
f 4553 4590 4591
f 4553 4591 4589
f 4590 4592 4591
f 4446 4592 4590
f 4446 4447 4592
f 4446 4590 4423
f 4423 4590 4558
f 4558 4590 4553
f 4450 4593 4451
f 4450 4594 4593
f 4450 4431 4594
f 4431 4565 4594
f 4565 4595 4594
f 4565 4596 4595
f 4594 4595 4593
f 4565 4568 4596
f 4597 4599 4598
f 4597 4600 4599
f 4597 4601 4600
f 4597 4602 4601
f 4572 4602 4597
f 4572 4573 4602
f 4572 4597 4598
f 4572 4598 4571
f 4573 4603 4602
f 4602 4603 4604
f 4602 4604 4601
f 4454 4604 4603
f 4454 4455 4604
f 4454 4603 4435
f 4435 4603 4578
f 4578 4603 4573
f 4605 4606 4607
f 4605 4607 4608
f 4458 4608 4459
f 4458 4605 4608
f 4458 4443 4605
f 4443 4585 4609
f 4443 4609 4605
f 4605 4609 4606
f 4585 4610 4609
f 4585 4588 4610
f 4611 4613 4612
f 4611 4614 4613
f 4611 4615 4614
f 4447 4615 4611
f 4447 4462 4615
f 4447 4611 4592
f 4592 4611 4612
f 4592 4612 4591
f 4462 4616 4615
f 4462 4617 4616
f 4462 4463 4617
f 4463 4466 4617
f 4618 4619 4620
f 4466 4620 4617
f 4466 4618 4620
f 4466 4467 4618
f 4467 4451 4618
f 4451 4593 4621
f 4451 4621 4618
f 4618 4621 4619
f 4593 4622 4621
f 4593 4595 4622
f 4600 4601 4623
f 4600 4623 4599
f 4601 4624 4625
f 4601 4625 4623
f 4624 4626 4625
f 4624 4627 4626
f 4455 4627 4624
f 4455 4470 4627
f 4455 4624 4604
f 4604 4624 4601
f 4470 4628 4627
f 4470 4629 4628
f 4470 4471 4629
f 4471 4474 4629
f 4630 4631 4632
f 4474 4632 4629
f 4474 4630 4632
f 4474 4475 4630
f 4475 4459 4630
f 4459 4608 4630
f 4608 4607 4631
f 4608 4631 4630
f 4614 4615 4633
f 4614 4633 4613
f 4615 4634 4633
f 4616 4617 4635
f 4616 4634 4615
f 4616 4635 4634
f 4617 4636 4635
f 4617 4620 4636
f 4626 4627 4637
f 4626 4637 4625
f 4627 4638 4637
f 4628 4629 4639
f 4628 4638 4627
f 4628 4639 4638
f 4629 4640 4639
f 4629 4632 4640
f 4641 4643 4642
f 4641 4644 4643
f 4641 4645 4644
f 4641 4646 4645
f 4641 4647 4646
f 4641 4642 4647
f 4646 4649 4648
f 4646 4647 4649
f 4646 4648 4650
f 4646 4650 4645
f 4648 4651 4650
f 4648 4652 4651
f 4648 4653 4652
f 4648 4649 4653
f 4652 4653 4654
f 4652 4654 4651
f 4655 4657 4656
f 4655 4658 4657
f 4655 4659 4658
f 4655 4660 4659
f 4655 4661 4660
f 4655 4656 4661
f 4660 4663 4662
f 4660 4661 4663
f 4660 4662 4664
f 4660 4664 4659
f 4662 4665 4664
f 4662 4666 4665
f 4662 4667 4666
f 4662 4663 4667
f 4666 4667 4668
f 4666 4668 4665
f 4669 4671 4670
f 4669 4672 4671
f 4478 4672 4669
f 4478 4479 4672
f 4478 4669 4673
f 4478 4673 4482
f 4644 4673 4669
f 4644 4645 4673
f 4644 4669 4670
f 4644 4670 4643
f 4645 4674 4673
f 4673 4674 4482
f 4482 4674 4484
f 4484 4674 4675
f 4484 4675 4486
f 4650 4675 4674
f 4650 4651 4675
f 4650 4674 4645
f 4651 4676 4675
f 4675 4676 4486
f 4486 4676 4677
f 4486 4677 4487
f 4676 4678 4677
f 4676 4679 4678
f 4651 4679 4676
f 4651 4654 4679
f 4678 4679 4680
f 4678 4680 4677
f 4681 4683 4682
f 4681 4684 4683
f 4681 4685 4684
f 4681 4686 4685
f 4681 4687 4686
f 4681 4682 4687
f 4686 4689 4688
f 4686 4687 4689
f 4686 4688 4690
f 4686 4690 4685
f 4490 4690 4688
f 4490 4491 4690
f 4490 4688 4691
f 4490 4691 4494
f 4658 4691 4688
f 4658 4659 4691
f 4658 4688 4689
f 4658 4689 4657
f 4659 4692 4691
f 4691 4692 4494
f 4494 4692 4496
f 4496 4692 4693
f 4496 4693 4498
f 4664 4693 4692
f 4664 4665 4693
f 4664 4692 4659
f 4665 4694 4693
f 4665 4695 4694
f 4693 4696 4498
f 4693 4694 4696
f 4498 4696 4499
f 4665 4668 4695
f 4697 4699 4698
f 4697 4700 4699
f 4697 4701 4700
f 4697 4702 4701
f 4697 4703 4702
f 4697 4698 4703
f 4702 4705 4704
f 4702 4703 4705
f 4702 4704 4706
f 4702 4706 4701
f 4502 4706 4704
f 4502 4503 4706
f 4502 4704 4479
f 4479 4704 4672
f 4672 4704 4705
f 4672 4705 4671
f 4506 4707 4507
f 4506 4708 4707
f 4506 4487 4708
f 4487 4677 4708
f 4677 4709 4708
f 4677 4710 4709
f 4708 4709 4707
f 4677 4680 4710
f 4711 4713 4712
f 4711 4714 4713
f 4711 4715 4714
f 4711 4716 4715
f 4684 4716 4711
f 4684 4685 4716
f 4684 4711 4712
f 4684 4712 4683
f 4685 4717 4716
f 4716 4717 4718
f 4716 4718 4715
f 4510 4718 4717
f 4510 4511 4718
f 4510 4717 4491
f 4491 4717 4690
f 4690 4717 4685
f 4514 4719 4515
f 4514 4720 4719
f 4514 4499 4720
f 4499 4721 4720
f 4499 4696 4721
f 4696 4694 4721
f 4720 4721 4722
f 4720 4722 4719
f 4700 4701 4723
f 4700 4723 4699
f 4701 4724 4725
f 4701 4725 4723
f 4724 4726 4725
f 4724 4727 4726
f 4503 4727 4724
f 4503 4518 4727
f 4503 4724 4706
f 4706 4724 4701
f 4728 4729 4730
f 4518 4730 4727
f 4518 4728 4730
f 4518 4519 4728
f 4519 4522 4731
f 4519 4731 4728
f 4728 4731 4732
f 4728 4732 4729
f 4731 4733 4732
f 4731 4734 4733
f 4731 4522 4734
f 4522 4523 4734
f 4523 4507 4734
f 4507 4707 4735
f 4507 4735 4734
f 4734 4735 4733
f 4707 4736 4735
f 4707 4709 4736
f 4714 4715 4737
f 4714 4737 4713
f 4715 4738 4737
f 4511 4526 4739
f 4511 4740 4718
f 4511 4739 4740
f 4718 4738 4715
f 4718 4740 4738
f 4739 4741 4740
f 4739 4742 4741
f 4739 4526 4742
f 4526 4743 4742
f 4526 4527 4743
f 4527 4530 4743
f 4744 4745 4746
f 4530 4746 4743
f 4530 4744 4746
f 4530 4531 4744
f 4531 4515 4744
f 4515 4719 4747
f 4515 4747 4744
f 4744 4747 4745
f 4719 4748 4747
f 4719 4722 4748
f 4726 4727 4749
f 4726 4749 4725
f 4727 4750 4749
f 4727 4730 4750
f 4742 4743 4751
f 4742 4751 4741
f 4743 4752 4751
f 4743 4746 4752
f 4753 4755 4754
f 4753 4756 4755
f 4534 4756 4753
f 4534 4535 4756
f 4534 4753 4757
f 4534 4757 4539
f 4753 4758 4757
f 4753 4754 4758
f 4757 4760 4759
f 4757 4758 4760
f 4757 4759 4539
f 4539 4759 4761
f 4539 4761 4540
f 4759 4762 4761
f 4759 4763 4762
f 4759 4760 4763
f 4762 4763 4764
f 4762 4764 4761
f 4765 4767 4766
f 4765 4768 4767
f 4765 4769 4768
f 4765 4770 4769
f 4765 4771 4770
f 4765 4766 4771
f 4770 4773 4772
f 4770 4771 4773
f 4770 4772 4774
f 4770 4774 4769
f 4542 4774 4772
f 4542 4543 4774
f 4542 4772 4775
f 4542 4775 4547
f 4772 4776 4775
f 4772 4773 4776
f 4775 4776 4777
f 4775 4778 4547
f 4775 4777 4778
f 4547 4778 4548
f 4779 4781 4780
f 4779 4782 4781
f 4550 4782 4779
f 4550 4551 4782
f 4550 4779 4783
f 4550 4783 4555
f 4779 4784 4783
f 4779 4780 4784
f 4783 4786 4785
f 4783 4784 4786
f 4783 4785 4555
f 4555 4785 4557
f 4557 4785 4535
f 4535 4785 4756
f 4756 4785 4786
f 4756 4786 4755
f 4540 4787 4562
f 4540 4761 4787
f 4761 4788 4787
f 4787 4788 4562
f 4562 4788 4564
f 4564 4788 4789
f 4564 4789 4567
f 4788 4790 4789
f 4761 4790 4788
f 4761 4764 4790
f 4789 4790 4791
f 4789 4792 4567
f 4789 4791 4792
f 4567 4792 4568
f 4793 4795 4794
f 4793 4796 4795
f 4570 4796 4793
f 4570 4571 4796
f 4570 4793 4797
f 4570 4797 4575
f 4793 4798 4797
f 4793 4794 4798
f 4797 4800 4799
f 4797 4798 4800
f 4797 4799 4575
f 4575 4799 4577
f 4577 4799 4801
f 4577 4801 4580
f 4768 4801 4799
f 4768 4769 4801
f 4768 4799 4800
f 4768 4800 4767
f 4769 4802 4801
f 4801 4802 4580
f 4580 4802 4582
f 4582 4802 4543
f 4543 4802 4774
f 4774 4802 4769
f 4548 4803 4587
f 4548 4804 4803
f 4548 4778 4804
f 4778 4777 4804
f 4803 4804 4805
f 4803 4806 4587
f 4803 4805 4806
f 4587 4806 4588
f 4807 4809 4808
f 4807 4810 4809
f 4807 4811 4810
f 4551 4811 4807
f 4551 4589 4811
f 4551 4807 4782
f 4782 4807 4808
f 4782 4808 4781
f 4589 4812 4811
f 4589 4591 4812
f 4813 4814 4815
f 4813 4815 4816
f 4596 4816 4595
f 4596 4813 4816
f 4596 4568 4813
f 4568 4792 4813
f 4792 4791 4814
f 4792 4814 4813
f 4817 4819 4818
f 4817 4820 4819
f 4598 4820 4817
f 4598 4599 4820
f 4598 4817 4571
f 4571 4817 4796
f 4796 4817 4818
f 4796 4818 4795
f 4606 4821 4607
f 4606 4609 4821
f 4822 4823 4824
f 4609 4824 4821
f 4609 4822 4824
f 4609 4610 4822
f 4610 4588 4822
f 4588 4806 4822
f 4806 4805 4823
f 4806 4823 4822
f 4810 4811 4825
f 4810 4825 4809
f 4811 4826 4827
f 4811 4827 4825
f 4826 4828 4827
f 4612 4828 4826
f 4612 4613 4828
f 4612 4826 4591
f 4591 4826 4812
f 4812 4826 4811
f 4619 4829 4620
f 4619 4621 4829
f 4830 4831 4832
f 4621 4832 4829
f 4621 4830 4832
f 4621 4622 4830
f 4622 4595 4830
f 4595 4816 4830
f 4816 4815 4831
f 4816 4831 4830
f 4833 4835 4834
f 4833 4836 4835
f 4833 4837 4836
f 4599 4837 4833
f 4599 4623 4837
f 4599 4833 4820
f 4820 4833 4834
f 4820 4834 4819
f 4623 4838 4837
f 4623 4625 4838
f 4839 4840 4841
f 4839 4841 4842
f 4631 4842 4632
f 4631 4839 4842
f 4631 4607 4839
f 4607 4821 4843
f 4607 4843 4839
f 4839 4843 4840
f 4821 4844 4843
f 4821 4824 4844
f 4613 4633 4845
f 4613 4846 4828
f 4613 4845 4846
f 4828 4846 4827
f 4845 4847 4846
f 4845 4848 4847
f 4845 4633 4848
f 4633 4634 4848
f 4634 4635 4849
f 4634 4849 4848
f 4848 4849 4850
f 4848 4850 4847
f 4849 4851 4850
f 4849 4852 4851
f 4849 4635 4852
f 4635 4636 4852
f 4636 4620 4852
f 4620 4829 4853
f 4620 4853 4852
f 4852 4853 4851
f 4829 4854 4853
f 4829 4832 4854
f 4836 4837 4855
f 4836 4855 4835
f 4837 4856 4855
f 4625 4637 4857
f 4625 4858 4838
f 4625 4857 4858
f 4838 4856 4837
f 4838 4858 4856
f 4857 4859 4858
f 4857 4860 4859
f 4857 4637 4860
f 4637 4638 4860
f 4638 4639 4861
f 4638 4861 4860
f 4860 4861 4862
f 4860 4862 4859
f 4861 4863 4862
f 4861 4864 4863
f 4861 4639 4864
f 4639 4640 4864
f 4640 4632 4864
f 4632 4842 4864
f 4842 4841 4863
f 4842 4863 4864
f 4865 4867 4866
f 4865 4868 4867
f 4642 4868 4865
f 4642 4643 4868
f 4642 4865 4869
f 4642 4869 4647
f 4865 4870 4869
f 4865 4866 4870
f 4869 4872 4871
f 4869 4870 4872
f 4869 4871 4647
f 4647 4871 4649
f 4649 4871 4873
f 4649 4873 4653
f 4871 4874 4873
f 4871 4872 4874
f 4873 4876 4875
f 4873 4874 4876
f 4873 4875 4653
f 4653 4875 4877
f 4653 4877 4654
f 4875 4878 4877
f 4875 4879 4878
f 4875 4876 4879
f 4878 4879 4880
f 4878 4880 4877
f 4881 4883 4882
f 4881 4884 4883
f 4881 4885 4884
f 4881 4886 4885
f 4881 4887 4886
f 4881 4882 4887
f 4886 4889 4888
f 4886 4887 4889
f 4886 4888 4890
f 4886 4890 4885
f 4656 4890 4888
f 4656 4657 4890
f 4656 4888 4891
f 4656 4891 4661
f 4888 4892 4891
f 4888 4889 4892
f 4891 4894 4893
f 4891 4892 4894
f 4891 4893 4661
f 4661 4893 4663
f 4663 4893 4895
f 4663 4895 4667
f 4893 4896 4895
f 4893 4894 4896
f 4895 4896 4897
f 4895 4898 4667
f 4895 4897 4898
f 4667 4898 4668
f 4899 4901 4900
f 4899 4902 4901
f 4899 4903 4902
f 4899 4904 4903
f 4899 4905 4904
f 4899 4900 4905
f 4904 4907 4906
f 4904 4905 4907
f 4904 4906 4908
f 4904 4908 4903
f 4670 4908 4906
f 4670 4671 4908
f 4670 4906 4643
f 4643 4906 4868
f 4868 4906 4907
f 4868 4907 4867
f 4654 4909 4679
f 4654 4877 4909
f 4877 4910 4909
f 4877 4911 4910
f 4909 4912 4679
f 4909 4910 4912
f 4679 4912 4680
f 4877 4880 4911
f 4913 4915 4914
f 4913 4916 4915
f 4682 4916 4913
f 4682 4683 4916
f 4682 4913 4917
f 4682 4917 4687
f 4884 4917 4913
f 4884 4885 4917
f 4884 4913 4914
f 4884 4914 4883
f 4885 4918 4917
f 4917 4918 4687
f 4687 4918 4689
f 4689 4918 4657
f 4657 4918 4890
f 4890 4918 4885
f 4695 4919 4694
f 4695 4920 4919
f 4695 4668 4920
f 4668 4921 4920
f 4668 4898 4921
f 4898 4897 4921
f 4920 4921 4922
f 4920 4922 4919
f 4923 4925 4924
f 4923 4926 4925
f 4698 4926 4923
f 4698 4699 4926
f 4698 4923 4927
f 4698 4927 4703
f 4902 4927 4923
f 4902 4903 4927
f 4902 4923 4924
f 4902 4924 4901
f 4903 4928 4927
f 4927 4928 4703
f 4703 4928 4705
f 4705 4928 4671
f 4671 4928 4908
f 4908 4928 4903
f 4929 4930 4931
f 4929 4931 4932
f 4710 4932 4709
f 4710 4929 4932
f 4710 4680 4929
f 4680 4912 4929
f 4912 4910 4930
f 4912 4930 4929
f 4933 4935 4934
f 4933 4936 4935
f 4712 4936 4933
f 4712 4713 4936
f 4712 4933 4683
f 4683 4933 4916
f 4916 4933 4934
f 4916 4934 4915
f 4694 4937 4721
f 4694 4919 4937
f 4919 4938 4937
f 4919 4939 4938
f 4937 4940 4721
f 4937 4938 4940
f 4721 4940 4722
f 4919 4922 4939
f 4699 4723 4941
f 4699 4942 4926
f 4699 4941 4942
f 4926 4942 4925
f 4941 4943 4942
f 4941 4944 4943
f 4941 4723 4944
f 4723 4725 4944
f 4729 4945 4730
f 4729 4732 4945
f 4946 4947 4948
f 4732 4948 4945
f 4732 4946 4948
f 4732 4733 4946
f 4733 4735 4949
f 4733 4949 4946
f 4946 4949 4950
f 4946 4950 4947
f 4949 4951 4950
f 4949 4952 4951
f 4949 4735 4952
f 4735 4736 4952
f 4736 4709 4952
f 4709 4932 4952
f 4932 4931 4951
f 4932 4951 4952
f 4713 4737 4953
f 4713 4954 4936
f 4713 4953 4954
f 4936 4954 4935
f 4953 4955 4954
f 4953 4956 4955
f 4953 4737 4956
f 4737 4957 4956
f 4737 4738 4957
f 4738 4740 4957
f 4740 4958 4957
f 4740 4741 4958
f 4959 4960 4961
f 4959 4961 4962
f 4745 4962 4746
f 4745 4959 4962
f 4745 4747 4963
f 4745 4963 4959
f 4959 4963 4964
f 4959 4964 4960
f 4963 4965 4964
f 4963 4966 4965
f 4963 4747 4966
f 4747 4748 4966
f 4748 4722 4966
f 4722 4940 4966
f 4940 4938 4965
f 4940 4965 4966
f 4725 4749 4967
f 4725 4968 4944
f 4725 4967 4968
f 4944 4968 4943
f 4967 4969 4968
f 4967 4970 4969
f 4967 4749 4970
f 4749 4750 4970
f 4750 4730 4970
f 4730 4945 4971
f 4730 4971 4970
f 4970 4971 4969
f 4945 4972 4971
f 4945 4948 4972
f 4956 4957 4973
f 4956 4973 4955
f 4957 4974 4973
f 4741 4751 4975
f 4741 4976 4958
f 4741 4975 4976
f 4958 4974 4957
f 4958 4976 4974
f 4975 4977 4976
f 4975 4978 4977
f 4975 4751 4978
f 4751 4752 4978
f 4752 4746 4978
f 4746 4962 4978
f 4962 4961 4977
f 4962 4977 4978
f 4979 4981 4980
f 4979 4982 4981
f 4979 4983 4982
f 4979 4984 4983
f 4979 4985 4984
f 4979 4980 4985
f 4984 4987 4986
f 4984 4985 4987
f 4984 4986 4988
f 4984 4988 4983
f 4754 4988 4986
f 4754 4755 4988
f 4754 4986 4989
f 4754 4989 4758
f 4986 4990 4989
f 4986 4987 4990
f 4989 4992 4991
f 4989 4990 4992
f 4989 4991 4758
f 4758 4991 4760
f 4760 4991 4993
f 4760 4993 4763
f 4991 4994 4993
f 4991 4992 4994
f 4993 4996 4995
f 4993 4994 4996
f 4993 4995 4763
f 4763 4995 4997
f 4763 4997 4764
f 4995 4998 4997
f 4995 4999 4998
f 4995 4996 4999
f 4998 4999 5000
f 4998 5000 4997
f 5001 5003 5002
f 5001 5004 5003
f 5001 5005 5004
f 5001 5006 5005
f 5001 5007 5006
f 5001 5002 5007
f 5006 5009 5008
f 5006 5007 5009
f 5006 5008 5010
f 5006 5010 5005
f 4766 5010 5008
f 4766 4767 5010
f 4766 5008 5011
f 4766 5011 4771
f 5008 5012 5011
f 5008 5009 5012
f 5011 5014 5013
f 5011 5012 5014
f 5011 5013 4771
f 4771 5013 4773
f 4773 5013 5015
f 4773 5015 4776
f 5013 5016 5015
f 5013 5014 5016
f 5015 5018 5017
f 5015 5016 5018
f 5015 5017 4776
f 4776 5017 5019
f 4776 5019 4777
f 5017 5020 5019
f 5017 5021 5020
f 5017 5018 5021
f 5020 5021 5022
f 5020 5022 5019
f 5023 5025 5024
f 5023 5026 5025
f 4780 5026 5023
f 4780 4781 5026
f 4780 5023 5027
f 4780 5027 4784
f 4982 5027 5023
f 4982 4983 5027
f 4982 5023 5024
f 4982 5024 4981
f 4983 5028 5027
f 5027 5028 4784
f 4784 5028 4786
f 4786 5028 4755
f 4755 5028 4988
f 4988 5028 4983
f 4764 5029 4790
f 4764 4997 5029
f 4997 5030 5029
f 5029 5030 4790
f 4790 5030 5031
f 4790 5031 4791
f 5030 5032 5031
f 5030 5033 5032
f 4997 5033 5030
f 4997 5000 5033
f 5032 5033 5034
f 5032 5034 5031
f 5035 5037 5036
f 5035 5038 5037
f 5035 5039 5038
f 5035 5040 5039
f 5035 5041 5040
f 5035 5036 5041
f 5040 5043 5042
f 5040 5041 5043
f 5040 5042 5044
f 5040 5044 5039
f 4794 5044 5042
f 4794 4795 5044
f 4794 5042 5045
f 4794 5045 4798
f 5004 5045 5042
f 5004 5005 5045
f 5004 5042 5043
f 5004 5043 5003
f 5005 5046 5045
f 5045 5046 4798
f 4798 5046 4800
f 4800 5046 4767
f 4767 5046 5010
f 5010 5046 5005
f 4777 5047 4804
f 4777 5019 5047
f 5019 5048 5047
f 5019 5049 5048
f 5047 5050 4804
f 5047 5048 5050
f 4804 5050 4805
f 5019 5022 5049
f 5051 5053 5052
f 5051 5054 5053
f 4808 5054 5051
f 4808 4809 5054
f 4808 5051 4781
f 4781 5051 5026
f 5026 5051 5052
f 5026 5052 5025
f 4814 5055 4815
f 4814 5056 5055
f 4814 4791 5056
f 4791 5031 5056
f 5031 5057 5056
f 5031 5058 5057
f 5056 5057 5055
f 5031 5034 5058
f 5059 5061 5060
f 5059 5062 5061
f 5059 5063 5062
f 5059 5064 5063
f 5038 5064 5059
f 5038 5039 5064
f 5038 5059 5060
f 5038 5060 5037
f 5039 5065 5064
f 5064 5065 5066
f 5064 5066 5063
f 4818 5066 5065
f 4818 4819 5066
f 4818 5065 4795
f 4795 5065 5044
f 5044 5065 5039
f 5067 5068 5069
f 5067 5069 5070
f 4823 5070 4824
f 4823 5067 5070
f 4823 4805 5067
f 4805 5050 5067
f 5050 5048 5068
f 5050 5068 5067
f 5071 5073 5072
f 5071 5074 5073
f 5071 5075 5074
f 4809 5075 5071
f 4809 4825 5075
f 4809 5071 5054
f 5054 5071 5072
f 5054 5072 5053
f 4825 5076 5075
f 4825 4827 5076
f 4831 5077 4832
f 4831 5078 5077
f 4831 4815 5078
f 4815 5055 5078
f 5055 5079 5078
f 5055 5080 5079
f 5078 5079 5077
f 5055 5057 5080
f 5081 5083 5082
f 5081 5084 5083
f 5081 5085 5084
f 5081 5086 5085
f 5062 5086 5081
f 5062 5063 5086
f 5062 5081 5082
f 5062 5082 5061
f 5063 5087 5086
f 5086 5087 5088
f 5086 5088 5085
f 4834 5088 5087
f 4834 4835 5088
f 4834 5087 4819
f 4819 5087 5066
f 5066 5087 5063
f 4840 5089 4841
f 4840 4843 5089
f 5090 5091 5092
f 4843 5092 5089
f 4843 5090 5092
f 4843 4844 5090
f 4844 4824 5090
f 4824 5070 5090
f 5070 5069 5091
f 5070 5091 5090
f 5074 5075 5093
f 5074 5093 5073
f 5075 5094 5095
f 5075 5095 5093
f 5094 5096 5095
f 5094 5097 5096
f 4827 5097 5094
f 4827 4846 5097
f 4827 5094 5076
f 5076 5094 5075
f 4846 5098 5097
f 4846 5099 5098
f 4846 4847 5099
f 4847 4850 5099
f 4850 5100 5099
f 4850 5101 5100
f 4850 4851 5101
f 4851 4853 5101
f 5102 5103 5104
f 4853 5104 5101
f 4853 5102 5104
f 4853 4854 5102
f 4854 4832 5102
f 4832 5077 5105
f 4832 5105 5102
f 5102 5105 5103
f 5077 5106 5105
f 5077 5079 5106
f 5084 5085 5107
f 5084 5107 5083
f 5085 5108 5109
f 5085 5109 5107
f 5108 5110 5109
f 5108 5111 5110
f 4835 5111 5108
f 4835 4855 5111
f 4835 5108 5088
f 5088 5108 5085
f 4855 5112 5111
f 4855 5113 5112
f 4855 4856 5113
f 4856 4858 5113
f 4858 5114 5113
f 4858 5115 5114
f 4858 4859 5115
f 4859 4862 5115
f 5116 5117 5118
f 4862 5118 5115
f 4862 5116 5118
f 4862 4863 5116
f 4863 4841 5116
f 4841 5089 5119
f 4841 5119 5116
f 5116 5119 5117
f 5089 5120 5119
f 5089 5092 5120
f 5096 5097 5121
f 5096 5121 5095
f 5097 5122 5121
f 5098 5099 5123
f 5098 5122 5097
f 5098 5123 5122
f 5099 5124 5123
f 5100 5101 5125
f 5100 5124 5099
f 5100 5125 5124
f 5101 5126 5125
f 5101 5104 5126
f 5110 5111 5127
f 5110 5127 5109
f 5111 5128 5127
f 5112 5113 5129
f 5112 5128 5111
f 5112 5129 5128
f 5113 5130 5129
f 5114 5115 5131
f 5114 5130 5113
f 5114 5131 5130
f 5115 5132 5131
f 5115 5118 5132
f 5133 5135 5134
f 5133 5136 5135
f 5133 5137 5136
f 5133 5138 5137
f 5133 5139 5138
f 5133 5134 5139
f 5138 5141 5140
f 5138 5139 5141
f 5138 5140 5142
f 5138 5142 5137
f 5140 5143 5142
f 5140 5144 5143
f 5140 5145 5144
f 5140 5141 5145
f 5144 5147 5146
f 5144 5145 5147
f 5144 5146 5148
f 5144 5148 5143
f 5146 5149 5148
f 5146 5150 5149
f 5146 5151 5150
f 5146 5147 5151
f 5150 5151 5152
f 5150 5152 5149
f 5153 5155 5154
f 5153 5156 5155
f 5153 5157 5156
f 5153 5158 5157
f 5153 5159 5158
f 5153 5154 5159
f 5158 5161 5160
f 5158 5159 5161
f 5158 5160 5162
f 5158 5162 5157
f 5160 5163 5162
f 5160 5164 5163
f 5160 5165 5164
f 5160 5161 5165
f 5164 5167 5166
f 5164 5165 5167
f 5164 5166 5168
f 5164 5168 5163
f 5166 5169 5168
f 5166 5170 5169
f 5166 5171 5170
f 5166 5167 5171
f 5170 5171 5172
f 5170 5172 5169
f 5173 5175 5174
f 5173 5176 5175
f 5173 5177 5176
f 5173 5178 5177
f 5173 5179 5178
f 5173 5174 5179
f 5178 5181 5180
f 5178 5179 5181
f 5178 5180 5182
f 5178 5182 5177
f 4866 5182 5180
f 4866 4867 5182
f 4866 5180 5183
f 4866 5183 4870
f 5136 5183 5180
f 5136 5137 5183
f 5136 5180 5181
f 5136 5181 5135
f 5137 5184 5183
f 5183 5184 4870
f 4870 5184 4872
f 4872 5184 5185
f 4872 5185 4874
f 5142 5185 5184
f 5142 5143 5185
f 5142 5184 5137
f 5143 5186 5185
f 5185 5186 4874
f 4874 5186 4876
f 4876 5186 5187
f 4876 5187 4879
f 5148 5187 5186
f 5148 5149 5187
f 5148 5186 5143
f 5149 5188 5187
f 5187 5188 4879
f 4879 5188 5189
f 4879 5189 4880
f 5188 5190 5189
f 5188 5191 5190
f 5149 5191 5188
f 5149 5152 5191
f 5190 5191 5192
f 5190 5192 5189
f 5193 5195 5194
f 5193 5196 5195
f 5193 5197 5196
f 5193 5198 5197
f 5193 5199 5198
f 5193 5194 5199
f 5198 5201 5200
f 5198 5199 5201
f 5198 5200 5202
f 5198 5202 5197
f 4882 5202 5200
f 4882 4883 5202
f 4882 5200 5203
f 4882 5203 4887
f 5156 5203 5200
f 5156 5157 5203
f 5156 5200 5201
f 5156 5201 5155
f 5157 5204 5203
f 5203 5204 4887
f 4887 5204 4889
f 4889 5204 5205
f 4889 5205 4892
f 5162 5205 5204
f 5162 5163 5205
f 5162 5204 5157
f 5163 5206 5205
f 5205 5206 4892
f 4892 5206 4894
f 4894 5206 5207
f 4894 5207 4896
f 5168 5207 5206
f 5168 5169 5207
f 5168 5206 5163
f 5169 5208 5207
f 5207 5208 4896
f 4896 5208 5209
f 4896 5209 4897
f 5208 5210 5209
f 5208 5211 5210
f 5169 5211 5208
f 5169 5172 5211
f 5210 5211 5212
f 5210 5212 5209
f 5213 5215 5214
f 5213 5216 5215
f 4900 5216 5213
f 4900 4901 5216
f 4900 5213 5217
f 4900 5217 4905
f 5176 5217 5213
f 5176 5177 5217
f 5176 5213 5214
f 5176 5214 5175
f 5177 5218 5217
f 5217 5218 4905
f 4905 5218 4907
f 4907 5218 4867
f 4867 5218 5182
f 5182 5218 5177
f 4911 5219 4910
f 4911 5220 5219
f 4911 4880 5220
f 4880 5189 5220
f 5189 5221 5220
f 5189 5222 5221
f 5220 5221 5219
f 5189 5192 5222
f 5223 5225 5224
f 5223 5226 5225
f 5223 5227 5226
f 5223 5228 5227
f 5196 5228 5223
f 5196 5197 5228
f 5196 5223 5224
f 5196 5224 5195
f 5197 5229 5228
f 5228 5229 5230
f 5228 5230 5227
f 4914 5230 5229
f 4914 4915 5230
f 4914 5229 4883
f 4883 5229 5202
f 5202 5229 5197
f 4897 5231 4921
f 4897 5209 5231
f 5209 5232 5231
f 5209 5233 5232
f 5231 5234 4921
f 5231 5232 5234
f 4921 5234 4922
f 5209 5212 5233
f 5235 5237 5236
f 5235 5238 5237
f 4924 5238 5235
f 4924 4925 5238
f 4924 5235 4901
f 4901 5235 5216
f 5216 5235 5236
f 5216 5236 5215
f 4930 5239 4931
f 4930 5240 5239
f 4930 4910 5240
f 4910 5219 5240
f 5219 5241 5240
f 5219 5242 5241
f 5240 5241 5239
f 5219 5221 5242
f 5243 5245 5244
f 5243 5246 5245
f 5243 5247 5246
f 5243 5248 5247
f 5226 5248 5243
f 5226 5227 5248
f 5226 5243 5244
f 5226 5244 5225
f 5227 5249 5248
f 5248 5249 5250
f 5248 5250 5247
f 4934 5250 5249
f 4934 4935 5250
f 4934 5249 4915
f 4915 5249 5230
f 5230 5249 5227
f 5251 5252 5253
f 5251 5253 5254
f 4939 5254 4938
f 4939 5251 5254
f 4939 4922 5251
f 4922 5234 5251
f 5234 5232 5252
f 5234 5252 5251
f 5255 5257 5256
f 5255 5258 5257
f 5255 5259 5258
f 4925 5259 5255
f 4925 4942 5259
f 4925 5255 5238
f 5238 5255 5256
f 5238 5256 5237
f 4942 5260 5259
f 4942 4943 5260
f 4947 5261 4948
f 4947 4950 5261
f 5262 5263 5264
f 4950 5264 5261
f 4950 5262 5264
f 4950 4951 5262
f 4951 4931 5262
f 4931 5239 5265
f 4931 5265 5262
f 5262 5265 5263
f 5239 5266 5265
f 5239 5241 5266
f 5246 5247 5267
f 5246 5267 5245
f 5247 5268 5269
f 5247 5269 5267
f 5268 5270 5269
f 5268 5271 5270
f 4935 5271 5268
f 4935 4954 5271
f 4935 5268 5250
f 5250 5268 5247
f 4954 5272 5271
f 4954 4955 5272
f 4960 5273 4961
f 4960 4964 5273
f 5274 5275 5276
f 4964 5276 5273
f 4964 5274 5276
f 4964 4965 5274
f 4965 4938 5274
f 4938 5254 5274
f 5254 5253 5275
f 5254 5275 5274
f 5258 5259 5277
f 5258 5277 5257
f 5259 5278 5277
f 4943 4968 5279
f 4943 5280 5260
f 4943 5279 5280
f 5260 5278 5259
f 5260 5280 5278
f 5279 5281 5280
f 5279 5282 5281
f 5279 4968 5282
f 4968 4969 5282
f 4969 4971 5283
f 4969 5283 5282
f 5282 5283 5284
f 5282 5284 5281
f 5283 5285 5284
f 5283 5286 5285
f 5283 4971 5286
f 4971 4972 5286
f 4972 4948 5286
f 4948 5261 5287
f 4948 5287 5286
f 5286 5287 5285
f 5261 5288 5287
f 5261 5264 5288
f 5270 5271 5289
f 5270 5289 5269
f 5271 5290 5289
f 4955 4973 5291
f 4955 5292 5272
f 4955 5291 5292
f 5272 5290 5271
f 5272 5292 5290
f 5291 5293 5292
f 5291 5294 5293
f 5291 4973 5294
f 4973 4974 5294
f 4974 4976 5295
f 4974 5295 5294
f 5294 5295 5296
f 5294 5296 5293
f 5295 5297 5296
f 5295 5298 5297
f 5295 4976 5298
f 4976 4977 5298
f 4977 4961 5298
f 4961 5273 5299
f 4961 5299 5298
f 5298 5299 5297
f 5273 5300 5299
f 5273 5276 5300
f 5301 5303 5302
f 5301 5304 5303
f 5301 5305 5304
f 5301 5306 5305
f 5301 5307 5306
f 5301 5302 5307
f 5306 5309 5308
f 5306 5307 5309
f 5306 5308 5310
f 5306 5310 5305
f 5308 5311 5310
f 5308 5312 5311
f 5308 5313 5312
f 5308 5309 5313
f 5312 5313 5314
f 5312 5314 5311
f 5315 5317 5316
f 5315 5318 5317
f 5315 5319 5318
f 5315 5320 5319
f 5315 5321 5320
f 5315 5316 5321
f 5320 5323 5322
f 5320 5321 5323
f 5320 5322 5324
f 5320 5324 5319
f 5322 5325 5324
f 5322 5326 5325
f 5322 5327 5326
f 5322 5323 5327
f 5326 5327 5328
f 5326 5328 5325
f 5329 5331 5330
f 5329 5332 5331
f 4980 5332 5329
f 4980 4981 5332
f 4980 5329 5333
f 4980 5333 4985
f 5329 5334 5333
f 5329 5330 5334
f 5333 5336 5335
f 5333 5334 5336
f 5333 5335 4985
f 4985 5335 4987
f 4987 5335 5337
f 4987 5337 4990
f 5304 5337 5335
f 5304 5305 5337
f 5304 5335 5336
f 5304 5336 5303
f 5305 5338 5337
f 5337 5338 4990
f 4990 5338 4992
f 4992 5338 5339
f 4992 5339 4994
f 5310 5339 5338
f 5310 5311 5339
f 5310 5338 5305
f 5311 5340 5339
f 5339 5340 4994
f 4994 5340 4996
f 4996 5340 5341
f 4996 5341 4999
f 5340 5342 5341
f 5311 5342 5340
f 5311 5314 5342
f 5341 5344 5343
f 5341 5342 5344
f 5341 5343 4999
f 4999 5343 5345
f 4999 5345 5000
f 5343 5346 5345
f 5343 5347 5346
f 5343 5344 5347
f 5346 5347 5348
f 5346 5348 5345
f 5349 5351 5350
f 5349 5352 5351
f 5349 5353 5352
f 5349 5354 5353
f 5349 5355 5354
f 5349 5350 5355
f 5354 5357 5356
f 5354 5355 5357
f 5354 5356 5358
f 5354 5358 5353
f 5002 5358 5356
f 5002 5003 5358
f 5002 5356 5359
f 5002 5359 5007
f 5356 5360 5359
f 5356 5357 5360
f 5359 5362 5361
f 5359 5360 5362
f 5359 5361 5007
f 5007 5361 5009
f 5009 5361 5363
f 5009 5363 5012
f 5318 5363 5361
f 5318 5319 5363
f 5318 5361 5362
f 5318 5362 5317
f 5319 5364 5363
f 5363 5364 5012
f 5012 5364 5014
f 5014 5364 5365
f 5014 5365 5016
f 5324 5365 5364
f 5324 5325 5365
f 5324 5364 5319
f 5325 5366 5365
f 5365 5366 5016
f 5016 5366 5018
f 5018 5366 5367
f 5018 5367 5021
f 5366 5368 5367
f 5325 5368 5366
f 5325 5328 5368
f 5367 5368 5369
f 5367 5370 5021
f 5367 5369 5370
f 5021 5370 5022
f 5371 5373 5372
f 5371 5374 5373
f 5371 5375 5374
f 5371 5376 5375
f 5371 5377 5376
f 5371 5372 5377
f 5376 5379 5378
f 5376 5377 5379
f 5376 5378 5380
f 5376 5380 5375
f 5024 5380 5378
f 5024 5025 5380
f 5024 5378 4981
f 4981 5378 5332
f 5332 5378 5379
f 5332 5379 5331
f 5000 5381 5033
f 5000 5345 5381
f 5345 5382 5381
f 5381 5382 5033
f 5033 5382 5383
f 5033 5383 5034
f 5382 5384 5383
f 5382 5385 5384
f 5345 5385 5382
f 5345 5348 5385
f 5384 5385 5386
f 5384 5386 5383
f 5387 5389 5388
f 5387 5390 5389
f 5387 5391 5390
f 5387 5392 5391
f 5387 5393 5392
f 5387 5388 5393
f 5392 5395 5394
f 5392 5393 5395
f 5392 5394 5396
f 5392 5396 5391
f 5036 5396 5394
f 5036 5037 5396
f 5036 5394 5397
f 5036 5397 5041
f 5352 5397 5394
f 5352 5353 5397
f 5352 5394 5395
f 5352 5395 5351
f 5353 5398 5397
f 5397 5398 5041
f 5041 5398 5043
f 5043 5398 5003
f 5003 5398 5358
f 5358 5398 5353
f 5049 5399 5048
f 5049 5400 5399
f 5049 5022 5400
f 5022 5401 5400
f 5022 5370 5401
f 5370 5369 5401
f 5400 5401 5402
f 5400 5402 5399
f 5403 5405 5404
f 5403 5406 5405
f 5403 5407 5406
f 5403 5408 5407
f 5374 5408 5403
f 5374 5375 5408
f 5374 5403 5404
f 5374 5404 5373
f 5375 5409 5408
f 5408 5409 5410
f 5408 5410 5407
f 5052 5410 5409
f 5052 5053 5410
f 5052 5409 5025
f 5025 5409 5380
f 5380 5409 5375
f 5058 5411 5057
f 5058 5412 5411
f 5058 5034 5412
f 5034 5383 5412
f 5383 5413 5412
f 5383 5414 5413
f 5412 5413 5411
f 5383 5386 5414
f 5415 5417 5416
f 5415 5418 5417
f 5415 5419 5418
f 5415 5420 5419
f 5390 5420 5415
f 5390 5391 5420
f 5390 5415 5416
f 5390 5416 5389
f 5391 5421 5420
f 5420 5421 5422
f 5420 5422 5419
f 5060 5422 5421
f 5060 5061 5422
f 5060 5421 5037
f 5037 5421 5396
f 5396 5421 5391
f 5068 5423 5069
f 5068 5424 5423
f 5068 5048 5424
f 5048 5399 5424
f 5399 5425 5424
f 5399 5426 5425
f 5424 5425 5423
f 5399 5402 5426
f 5406 5407 5427
f 5406 5427 5405
f 5407 5428 5429
f 5407 5429 5427
f 5428 5430 5429
f 5072 5430 5428
f 5072 5073 5430
f 5072 5428 5053
f 5053 5428 5410
f 5410 5428 5407
f 5080 5431 5079
f 5080 5432 5431
f 5080 5057 5432
f 5057 5411 5432
f 5411 5433 5432
f 5411 5434 5433
f 5432 5433 5431
f 5411 5413 5434
f 5435 5437 5436
f 5435 5438 5437
f 5435 5439 5438
f 5435 5440 5439
f 5418 5440 5435
f 5418 5419 5440
f 5418 5435 5436
f 5418 5436 5417
f 5419 5441 5440
f 5440 5441 5442
f 5440 5442 5439
f 5082 5442 5441
f 5082 5083 5442
f 5082 5441 5061
f 5061 5441 5422
f 5422 5441 5419
f 5443 5444 5445
f 5443 5445 5446
f 5091 5446 5092
f 5091 5443 5446
f 5091 5069 5443
f 5069 5423 5447
f 5069 5447 5443
f 5443 5447 5444
f 5423 5448 5447
f 5423 5425 5448
f 5449 5451 5450
f 5449 5452 5451
f 5449 5453 5452
f 5073 5453 5449
f 5073 5093 5453
f 5073 5449 5430
f 5430 5449 5450
f 5430 5450 5429
f 5093 5454 5453
f 5093 5095 5454
f 5103 5455 5104
f 5103 5105 5455
f 5456 5457 5458
f 5105 5458 5455
f 5105 5456 5458
f 5105 5106 5456
f 5106 5079 5456
f 5079 5431 5459
f 5079 5459 5456
f 5456 5459 5457
f 5431 5460 5459
f 5431 5433 5460
f 5438 5439 5461
f 5438 5461 5437
f 5439 5462 5463
f 5439 5463 5461
f 5462 5464 5463
f 5462 5465 5464
f 5083 5465 5462
f 5083 5107 5465
f 5083 5462 5442
f 5442 5462 5439
f 5107 5466 5465
f 5107 5109 5466
f 5117 5467 5118
f 5117 5119 5467
f 5468 5469 5470
f 5119 5470 5467
f 5119 5468 5470
f 5119 5120 5468
f 5120 5092 5468
f 5092 5446 5468
f 5446 5445 5469
f 5446 5469 5468
f 5452 5453 5471
f 5452 5471 5451
f 5453 5472 5473
f 5453 5473 5471
f 5472 5474 5473
f 5472 5475 5474
f 5095 5475 5472
f 5095 5121 5475
f 5095 5472 5454
f 5454 5472 5453
f 5121 5476 5475
f 5121 5477 5476
f 5121 5122 5477
f 5122 5123 5477
f 5123 5478 5477
f 5123 5479 5478
f 5123 5124 5479
f 5124 5125 5479
f 5480 5481 5482
f 5125 5482 5479
f 5125 5480 5482
f 5125 5126 5480
f 5126 5104 5480
f 5104 5455 5483
f 5104 5483 5480
f 5480 5483 5481
f 5455 5484 5483
f 5455 5458 5484
f 5464 5465 5485
f 5464 5485 5463
f 5465 5486 5487
f 5465 5487 5485
f 5486 5488 5487
f 5486 5489 5488
f 5109 5489 5486
f 5109 5127 5489
f 5109 5486 5466
f 5466 5486 5465
f 5127 5490 5489
f 5127 5491 5490
f 5127 5128 5491
f 5128 5129 5491
f 5129 5492 5491
f 5129 5493 5492
f 5129 5130 5493
f 5130 5131 5493
f 5494 5495 5496
f 5131 5496 5493
f 5131 5494 5496
f 5131 5132 5494
f 5132 5118 5494
f 5118 5467 5497
f 5118 5497 5494
f 5494 5497 5495
f 5467 5498 5497
f 5467 5470 5498
f 5474 5475 5499
f 5474 5499 5473
f 5475 5500 5499
f 5476 5477 5501
f 5476 5500 5475
f 5476 5501 5500
f 5477 5502 5501
f 5478 5479 5503
f 5478 5502 5477
f 5478 5503 5502
f 5479 5504 5503
f 5479 5482 5504
f 5488 5489 5505
f 5488 5505 5487
f 5489 5506 5505
f 5490 5491 5507
f 5490 5506 5489
f 5490 5507 5506
f 5491 5508 5507
f 5492 5493 5509
f 5492 5508 5491
f 5492 5509 5508
f 5493 5510 5509
f 5493 5496 5510
f 5511 5513 5512
f 5511 5514 5513
f 5511 5515 5514
f 5511 5516 5515
f 5511 5517 5516
f 5511 5512 5517
f 5516 5519 5518
f 5516 5517 5519
f 5516 5518 5520
f 5516 5520 5515
f 5518 5521 5520
f 5518 5522 5521
f 5518 5523 5522
f 5518 5519 5523
f 5522 5525 5524
f 5522 5523 5525
f 5522 5524 5526
f 5522 5526 5521
f 5524 5527 5526
f 5524 5528 5527
f 5524 5529 5528
f 5524 5525 5529
f 5528 5529 5530
f 5528 5530 5527
f 5531 5533 5532
f 5531 5534 5533
f 5531 5535 5534
f 5531 5536 5535
f 5531 5537 5536
f 5531 5532 5537
f 5536 5539 5538
f 5536 5537 5539
f 5536 5538 5540
f 5536 5540 5535
f 5538 5541 5540
f 5538 5542 5541
f 5538 5543 5542
f 5538 5539 5543
f 5542 5545 5544
f 5542 5543 5545
f 5542 5544 5546
f 5542 5546 5541
f 5544 5547 5546
f 5544 5548 5547
f 5544 5549 5548
f 5544 5545 5549
f 5548 5549 5550
f 5548 5550 5547
f 5551 5553 5552
f 5551 5554 5553
f 5551 5555 5554
f 5551 5556 5555
f 5551 5557 5556
f 5551 5552 5557
f 5556 5559 5558
f 5556 5557 5559
f 5556 5558 5560
f 5556 5560 5555
f 5134 5560 5558
f 5134 5135 5560
f 5134 5558 5561
f 5134 5561 5139
f 5514 5561 5558
f 5514 5515 5561
f 5514 5558 5559
f 5514 5559 5513
f 5515 5562 5561
f 5561 5562 5139
f 5139 5562 5141
f 5141 5562 5563
f 5141 5563 5145
f 5520 5563 5562
f 5520 5521 5563
f 5520 5562 5515
f 5521 5564 5563
f 5563 5564 5145
f 5145 5564 5147
f 5147 5564 5565
f 5147 5565 5151
f 5526 5565 5564
f 5526 5527 5565
f 5526 5564 5521
f 5527 5566 5565
f 5565 5566 5151
f 5151 5566 5567
f 5151 5567 5152
f 5566 5568 5567
f 5566 5569 5568
f 5527 5569 5566
f 5527 5530 5569
f 5568 5569 5570
f 5568 5570 5567
f 5571 5573 5572
f 5571 5574 5573
f 5571 5575 5574
f 5571 5576 5575
f 5571 5577 5576
f 5571 5572 5577
f 5576 5579 5578
f 5576 5577 5579
f 5576 5578 5580
f 5576 5580 5575
f 5154 5580 5578
f 5154 5155 5580
f 5154 5578 5581
f 5154 5581 5159
f 5534 5581 5578
f 5534 5535 5581
f 5534 5578 5579
f 5534 5579 5533
f 5535 5582 5581
f 5581 5582 5159
f 5159 5582 5161
f 5161 5582 5583
f 5161 5583 5165
f 5540 5583 5582
f 5540 5541 5583
f 5540 5582 5535
f 5541 5584 5583
f 5583 5584 5165
f 5165 5584 5167
f 5167 5584 5585
f 5167 5585 5171
f 5546 5585 5584
f 5546 5547 5585
f 5546 5584 5541
f 5547 5586 5585
f 5585 5586 5171
f 5171 5586 5587
f 5171 5587 5172
f 5586 5588 5587
f 5586 5589 5588
f 5547 5589 5586
f 5547 5550 5589
f 5588 5589 5590
f 5588 5590 5587
f 5591 5593 5592
f 5591 5594 5593
f 5174 5594 5591
f 5174 5175 5594
f 5174 5591 5595
f 5174 5595 5179
f 5554 5595 5591
f 5554 5555 5595
f 5554 5591 5592
f 5554 5592 5553
f 5555 5596 5595
f 5595 5596 5179
f 5179 5596 5181
f 5181 5596 5135
f 5135 5596 5560
f 5560 5596 5555
f 5152 5597 5191
f 5152 5567 5597
f 5567 5598 5597
f 5597 5598 5191
f 5191 5598 5599
f 5191 5599 5192
f 5598 5600 5599
f 5598 5601 5600
f 5567 5601 5598
f 5567 5570 5601
f 5600 5601 5602
f 5600 5602 5599
f 5603 5605 5604
f 5603 5606 5605
f 5603 5607 5606
f 5603 5608 5607
f 5603 5609 5608
f 5603 5604 5609
f 5608 5611 5610
f 5608 5609 5611
f 5608 5610 5612
f 5608 5612 5607
f 5194 5612 5610
f 5194 5195 5612
f 5194 5610 5613
f 5194 5613 5199
f 5574 5613 5610
f 5574 5575 5613
f 5574 5610 5611
f 5574 5611 5573
f 5575 5614 5613
f 5613 5614 5199
f 5199 5614 5201
f 5201 5614 5155
f 5155 5614 5580
f 5580 5614 5575
f 5172 5615 5211
f 5172 5587 5615
f 5587 5616 5615
f 5587 5617 5616
f 5615 5618 5211
f 5615 5616 5618
f 5211 5618 5212
f 5587 5590 5617
f 5619 5621 5620
f 5619 5622 5621
f 5619 5623 5622
f 5619 5624 5623
f 5619 5625 5624
f 5619 5620 5625
f 5624 5627 5626
f 5624 5625 5627
f 5624 5626 5628
f 5624 5628 5623
f 5214 5628 5626
f 5214 5215 5628
f 5214 5626 5175
f 5175 5626 5594
f 5594 5626 5627
f 5594 5627 5593
f 5222 5629 5221
f 5222 5630 5629
f 5222 5192 5630
f 5192 5599 5630
f 5599 5631 5630
f 5599 5632 5631
f 5630 5631 5629
f 5599 5602 5632
f 5633 5635 5634
f 5633 5636 5635
f 5633 5637 5636
f 5633 5638 5637
f 5606 5638 5633
f 5606 5607 5638
f 5606 5633 5634
f 5606 5634 5605
f 5607 5639 5638
f 5638 5639 5640
f 5638 5640 5637
f 5224 5640 5639
f 5224 5225 5640
f 5224 5639 5195
f 5195 5639 5612
f 5612 5639 5607
f 5233 5641 5232
f 5233 5642 5641
f 5233 5212 5642
f 5212 5643 5642
f 5212 5618 5643
f 5618 5616 5643
f 5642 5643 5644
f 5642 5644 5641
f 5645 5647 5646
f 5645 5648 5647
f 5645 5649 5648
f 5645 5650 5649
f 5622 5650 5645
f 5622 5623 5650
f 5622 5645 5646
f 5622 5646 5621
f 5623 5651 5650
f 5650 5651 5652
f 5650 5652 5649
f 5236 5652 5651
f 5236 5237 5652
f 5236 5651 5215
f 5215 5651 5628
f 5628 5651 5623
f 5242 5653 5241
f 5242 5654 5653
f 5242 5221 5654
f 5221 5629 5654
f 5629 5655 5654
f 5629 5656 5655
f 5654 5655 5653
f 5629 5631 5656
f 5657 5659 5658
f 5657 5660 5659
f 5657 5661 5660
f 5657 5662 5661
f 5636 5662 5657
f 5636 5637 5662
f 5636 5657 5658
f 5636 5658 5635
f 5637 5663 5662
f 5662 5663 5664
f 5662 5664 5661
f 5244 5664 5663
f 5244 5245 5664
f 5244 5663 5225
f 5225 5663 5640
f 5640 5663 5637
f 5252 5665 5253
f 5252 5666 5665
f 5252 5232 5666
f 5232 5641 5666
f 5641 5667 5666
f 5641 5668 5667
f 5666 5667 5665
f 5641 5644 5668
f 5648 5649 5669
f 5648 5669 5647
f 5649 5670 5671
f 5649 5671 5669
f 5670 5672 5671
f 5256 5672 5670
f 5256 5257 5672
f 5256 5670 5237
f 5237 5670 5652
f 5652 5670 5649
f 5263 5673 5264
f 5263 5265 5673
f 5674 5675 5676
f 5265 5676 5673
f 5265 5674 5676
f 5265 5266 5674
f 5266 5241 5674
f 5241 5653 5677
f 5241 5677 5674
f 5674 5677 5675
f 5653 5678 5677
f 5653 5655 5678
f 5660 5661 5679
f 5660 5679 5659
f 5661 5680 5681
f 5661 5681 5679
f 5680 5682 5681
f 5680 5683 5682
f 5245 5683 5680
f 5245 5267 5683
f 5245 5680 5664
f 5664 5680 5661
f 5267 5684 5683
f 5267 5269 5684
f 5685 5686 5687
f 5685 5687 5688
f 5275 5688 5276
f 5275 5685 5688
f 5275 5253 5685
f 5253 5665 5689
f 5253 5689 5685
f 5685 5689 5686
f 5665 5690 5689
f 5665 5667 5690
f 5257 5277 5691
f 5257 5692 5672
f 5257 5691 5692
f 5672 5692 5671
f 5691 5693 5692
f 5691 5694 5693
f 5691 5277 5694
f 5277 5695 5694
f 5277 5278 5695
f 5278 5280 5695
f 5280 5696 5695
f 5280 5697 5696
f 5280 5281 5697
f 5281 5284 5697
f 5698 5699 5700
f 5284 5700 5697
f 5284 5698 5700
f 5284 5285 5698
f 5285 5287 5701
f 5285 5701 5698
f 5698 5701 5702
f 5698 5702 5699
f 5701 5703 5702
f 5701 5704 5703
f 5701 5287 5704
f 5287 5288 5704
f 5288 5264 5704
f 5264 5673 5705
f 5264 5705 5704
f 5704 5705 5703
f 5673 5706 5705
f 5673 5676 5706
f 5682 5683 5707
f 5682 5707 5681
f 5683 5708 5707
f 5269 5289 5709
f 5269 5710 5684
f 5269 5709 5710
f 5684 5708 5683
f 5684 5710 5708
f 5709 5711 5710
f 5709 5712 5711
f 5709 5289 5712
f 5289 5713 5712
f 5289 5290 5713
f 5290 5292 5713
f 5292 5714 5713
f 5292 5715 5714
f 5292 5293 5715
f 5293 5296 5715
f 5716 5717 5718
f 5296 5718 5715
f 5296 5716 5718
f 5296 5297 5716
f 5297 5299 5719
f 5297 5719 5716
f 5716 5719 5720
f 5716 5720 5717
f 5719 5721 5720
f 5719 5722 5721
f 5719 5299 5722
f 5299 5300 5722
f 5300 5276 5722
f 5276 5688 5722
f 5688 5687 5721
f 5688 5721 5722
f 5694 5695 5723
f 5694 5723 5693
f 5695 5724 5723
f 5696 5697 5725
f 5696 5724 5695
f 5696 5725 5724
f 5697 5726 5725
f 5697 5700 5726
f 5712 5713 5727
f 5712 5727 5711
f 5713 5728 5727
f 5714 5715 5729
f 5714 5728 5713
f 5714 5729 5728
f 5715 5730 5729
f 5715 5718 5730
f 5731 5733 5732
f 5731 5734 5733
f 5731 5735 5734
f 5731 5736 5735
f 5731 5737 5736
f 5731 5732 5737
f 5736 5739 5738
f 5736 5737 5739
f 5736 5738 5740
f 5736 5740 5735
f 5302 5740 5738
f 5302 5303 5740
f 5302 5738 5741
f 5302 5741 5307
f 5738 5742 5741
f 5738 5739 5742
f 5741 5744 5743
f 5741 5742 5744
f 5741 5743 5307
f 5307 5743 5309
f 5309 5743 5745
f 5309 5745 5313
f 5743 5746 5745
f 5743 5744 5746
f 5745 5748 5747
f 5745 5746 5748
f 5745 5747 5313
f 5313 5747 5749
f 5313 5749 5314
f 5747 5750 5749
f 5747 5751 5750
f 5747 5748 5751
f 5750 5751 5752
f 5750 5752 5749
f 5753 5755 5754
f 5753 5756 5755
f 5753 5757 5756
f 5753 5758 5757
f 5753 5759 5758
f 5753 5754 5759
f 5758 5761 5760
f 5758 5759 5761
f 5758 5760 5762
f 5758 5762 5757
f 5316 5762 5760
f 5316 5317 5762
f 5316 5760 5763
f 5316 5763 5321
f 5760 5764 5763
f 5760 5761 5764
f 5763 5766 5765
f 5763 5764 5766
f 5763 5765 5321
f 5321 5765 5323
f 5323 5765 5767
f 5323 5767 5327
f 5765 5768 5767
f 5765 5766 5768
f 5767 5770 5769
f 5767 5768 5770
f 5767 5769 5327
f 5327 5769 5771
f 5327 5771 5328
f 5769 5772 5771
f 5769 5773 5772
f 5769 5770 5773
f 5772 5773 5774
f 5772 5774 5771
f 5775 5777 5776
f 5775 5778 5777
f 5775 5779 5778
f 5775 5780 5779
f 5775 5781 5780
f 5775 5776 5781
f 5780 5783 5782
f 5780 5781 5783
f 5780 5782 5784
f 5780 5784 5779
f 5330 5784 5782
f 5330 5331 5784
f 5330 5782 5785
f 5330 5785 5334
f 5734 5785 5782
f 5734 5735 5785
f 5734 5782 5783
f 5734 5783 5733
f 5735 5786 5785
f 5785 5786 5334
f 5334 5786 5336
f 5336 5786 5303
f 5303 5786 5740
f 5740 5786 5735
f 5314 5787 5342
f 5314 5749 5787
f 5749 5788 5787
f 5787 5788 5342
f 5342 5788 5344
f 5344 5788 5789
f 5344 5789 5347
f 5788 5790 5789
f 5749 5790 5788
f 5749 5752 5790
f 5789 5792 5791
f 5789 5790 5792
f 5789 5791 5347
f 5347 5791 5793
f 5347 5793 5348
f 5791 5794 5793
f 5791 5795 5794
f 5791 5792 5795
f 5794 5795 5796
f 5794 5796 5793
f 5797 5799 5798
f 5797 5800 5799
f 5797 5801 5800
f 5797 5802 5801
f 5797 5803 5802
f 5797 5798 5803
f 5802 5805 5804
f 5802 5803 5805
f 5802 5804 5806
f 5802 5806 5801
f 5350 5806 5804
f 5350 5351 5806
f 5350 5804 5807
f 5350 5807 5355
f 5804 5808 5807
f 5804 5805 5808
f 5807 5810 5809
f 5807 5808 5810
f 5807 5809 5355
f 5355 5809 5357
f 5357 5809 5811
f 5357 5811 5360
f 5756 5811 5809
f 5756 5757 5811
f 5756 5809 5810
f 5756 5810 5755
f 5757 5812 5811
f 5811 5812 5360
f 5360 5812 5362
f 5362 5812 5317
f 5317 5812 5762
f 5762 5812 5757
f 5328 5813 5368
f 5328 5771 5813
f 5771 5814 5813
f 5813 5814 5368
f 5368 5814 5815
f 5368 5815 5369
f 5814 5816 5815
f 5814 5817 5816
f 5771 5817 5814
f 5771 5774 5817
f 5816 5817 5818
f 5816 5818 5815
f 5819 5821 5820
f 5819 5822 5821
f 5372 5822 5819
f 5372 5373 5822
f 5372 5819 5823
f 5372 5823 5377
f 5778 5823 5819
f 5778 5779 5823
f 5778 5819 5820
f 5778 5820 5777
f 5779 5824 5823
f 5823 5824 5377
f 5377 5824 5379
f 5379 5824 5331
f 5331 5824 5784
f 5784 5824 5779
f 5348 5825 5385
f 5348 5793 5825
f 5793 5826 5825
f 5825 5826 5385
f 5385 5826 5827
f 5385 5827 5386
f 5826 5828 5827
f 5826 5829 5828
f 5793 5829 5826
f 5793 5796 5829
f 5828 5831 5830
f 5828 5829 5831
f 5828 5830 5832
f 5828 5832 5827
f 5830 5833 5832
f 5830 5834 5833
f 5830 5835 5834
f 5830 5831 5835
f 5834 5835 5836
f 5834 5836 5833
f 5837 5839 5838
f 5837 5840 5839
f 5837 5841 5840
f 5837 5842 5841
f 5837 5843 5842
f 5837 5838 5843
f 5842 5845 5844
f 5842 5843 5845
f 5842 5844 5846
f 5842 5846 5841
f 5844 5847 5846
f 5844 5848 5847
f 5844 5849 5848
f 5844 5845 5849
f 5848 5851 5850
f 5848 5849 5851
f 5848 5850 5852
f 5848 5852 5847
f 5388 5852 5850
f 5388 5389 5852
f 5388 5850 5853
f 5388 5853 5393
f 5800 5853 5850
f 5800 5801 5853
f 5800 5850 5851
f 5800 5851 5799
f 5801 5854 5853
f 5853 5854 5393
f 5393 5854 5395
f 5395 5854 5351
f 5351 5854 5806
f 5806 5854 5801
f 5369 5855 5401
f 5369 5815 5855
f 5815 5856 5855
f 5815 5857 5856
f 5855 5858 5401
f 5855 5856 5858
f 5401 5858 5402
f 5815 5818 5857
f 5859 5861 5860
f 5859 5862 5861
f 5404 5862 5859
f 5404 5405 5862
f 5404 5859 5373
f 5373 5859 5822
f 5822 5859 5860
f 5822 5860 5821
f 5414 5863 5413
f 5414 5864 5863
f 5414 5386 5864
f 5386 5827 5864
f 5827 5865 5864
f 5864 5865 5866
f 5864 5866 5863
f 5865 5867 5866
f 5865 5868 5867
f 5832 5868 5865
f 5832 5833 5868
f 5832 5865 5827
f 5833 5869 5868
f 5833 5870 5869
f 5868 5869 5867
f 5833 5836 5870
f 5871 5873 5872
f 5871 5874 5873
f 5871 5875 5874
f 5871 5876 5875
f 5840 5876 5871
f 5840 5841 5876
f 5840 5871 5872
f 5840 5872 5839
f 5841 5877 5876
f 5876 5877 5878
f 5876 5878 5875
f 5877 5879 5878
f 5877 5880 5879
f 5846 5880 5877
f 5846 5847 5880
f 5846 5877 5841
f 5847 5881 5880
f 5880 5881 5882
f 5880 5882 5879
f 5416 5882 5881
f 5416 5417 5882
f 5416 5881 5389
f 5389 5881 5852
f 5852 5881 5847
f 5883 5884 5885
f 5883 5885 5886
f 5426 5886 5425
f 5426 5883 5886
f 5426 5402 5883
f 5402 5858 5883
f 5858 5856 5884
f 5858 5884 5883
f 5887 5889 5888
f 5887 5890 5889
f 5887 5891 5890
f 5405 5891 5887
f 5405 5427 5891
f 5405 5887 5862
f 5862 5887 5888
f 5862 5888 5861
f 5427 5892 5891
f 5427 5429 5892
f 5434 5893 5433
f 5434 5894 5893
f 5434 5413 5894
f 5413 5863 5894
f 5863 5895 5894
f 5863 5896 5895
f 5894 5895 5893
f 5866 5867 5897
f 5866 5896 5863
f 5866 5897 5896
f 5867 5898 5897
f 5867 5869 5898
f 5874 5875 5899
f 5874 5899 5873
f 5875 5900 5901
f 5875 5901 5899
f 5900 5902 5901
f 5900 5903 5902
f 5900 5904 5903
f 5878 5904 5900
f 5878 5879 5904
f 5878 5900 5875
f 5879 5905 5904
f 5904 5905 5906
f 5904 5906 5903
f 5436 5906 5905
f 5436 5437 5906
f 5436 5905 5417
f 5417 5905 5882
f 5882 5905 5879
f 5444 5907 5445
f 5444 5447 5907
f 5908 5909 5910
f 5447 5910 5907
f 5447 5908 5910
f 5447 5448 5908
f 5448 5425 5908
f 5425 5886 5908
f 5886 5885 5909
f 5886 5909 5908
f 5890 5891 5911
f 5890 5911 5889
f 5891 5912 5913
f 5891 5913 5911
f 5912 5914 5913
f 5450 5914 5912
f 5450 5451 5914
f 5450 5912 5429
f 5429 5912 5892
f 5892 5912 5891
f 5457 5915 5458
f 5457 5459 5915
f 5916 5917 5918
f 5459 5918 5915
f 5459 5916 5918
f 5459 5460 5916
f 5460 5433 5916
f 5433 5893 5919
f 5433 5919 5916
f 5916 5919 5917
f 5893 5920 5919
f 5893 5895 5920
f 5902 5903 5921
f 5902 5921 5901
f 5903 5922 5923
f 5903 5923 5921
f 5922 5924 5923
f 5922 5925 5924
f 5437 5925 5922
f 5437 5461 5925
f 5437 5922 5906
f 5906 5922 5903
f 5461 5926 5925
f 5461 5463 5926
f 5927 5928 5929
f 5927 5929 5930
f 5469 5930 5470
f 5469 5927 5930
f 5469 5445 5927
f 5445 5907 5931
f 5445 5931 5927
f 5927 5931 5928
f 5907 5932 5931
f 5907 5910 5932
f 5933 5935 5934
f 5933 5936 5935
f 5933 5937 5936
f 5451 5937 5933
f 5451 5471 5937
f 5451 5933 5914
f 5914 5933 5934
f 5914 5934 5913
f 5471 5938 5937
f 5471 5473 5938
f 5481 5939 5482
f 5481 5483 5939
f 5940 5941 5942
f 5483 5942 5939
f 5483 5940 5942
f 5483 5484 5940
f 5484 5458 5940
f 5458 5915 5943
f 5458 5943 5940
f 5940 5943 5941
f 5915 5944 5943
f 5915 5918 5944
f 5924 5925 5945
f 5924 5945 5923
f 5925 5946 5947
f 5925 5947 5945
f 5946 5948 5947
f 5946 5949 5948
f 5463 5949 5946
f 5463 5485 5949
f 5463 5946 5926
f 5926 5946 5925
f 5485 5950 5949
f 5485 5487 5950
f 5495 5951 5496
f 5495 5497 5951
f 5952 5953 5954
f 5497 5954 5951
f 5497 5952 5954
f 5497 5498 5952
f 5498 5470 5952
f 5470 5930 5952
f 5930 5929 5953
f 5930 5953 5952
f 5936 5937 5955
f 5936 5955 5935
f 5937 5956 5957
f 5937 5957 5955
f 5956 5958 5957
f 5956 5959 5958
f 5473 5959 5956
f 5473 5499 5959
f 5473 5956 5938
f 5938 5956 5937
f 5499 5960 5959
f 5499 5961 5960
f 5499 5500 5961
f 5500 5501 5961
f 5501 5962 5961
f 5501 5963 5962
f 5501 5502 5963
f 5502 5503 5963
f 5964 5965 5966
f 5503 5966 5963
f 5503 5964 5966
f 5503 5504 5964
f 5504 5482 5964
f 5482 5939 5967
f 5482 5967 5964
f 5964 5967 5965
f 5939 5968 5967
f 5939 5942 5968
f 5948 5949 5969
f 5948 5969 5947
f 5949 5970 5971
f 5949 5971 5969
f 5970 5972 5971
f 5970 5973 5972
f 5487 5973 5970
f 5487 5505 5973
f 5487 5970 5950
f 5950 5970 5949
f 5505 5974 5973
f 5505 5975 5974
f 5505 5506 5975
f 5506 5507 5975
f 5507 5976 5975
f 5507 5977 5976
f 5507 5508 5977
f 5508 5509 5977
f 5978 5979 5980
f 5509 5980 5977
f 5509 5978 5980
f 5509 5510 5978
f 5510 5496 5978
f 5496 5951 5981
f 5496 5981 5978
f 5978 5981 5979
f 5951 5982 5981
f 5951 5954 5982
f 5983 5985 5984
f 5983 5986 5985
f 5983 5987 5986
f 5983 5988 5987
f 5958 5988 5983
f 5958 5959 5988
f 5958 5983 5984
f 5958 5984 5957
f 5959 5989 5988
f 5988 5989 5990
f 5988 5990 5987
f 5989 5991 5990
f 5989 5992 5991
f 5960 5992 5989
f 5960 5961 5992
f 5960 5989 5959
f 5961 5993 5992
f 5961 5994 5993
f 5992 5993 5991
f 5962 5963 5995
f 5962 5994 5961
f 5962 5995 5994
f 5963 5996 5995
f 5963 5966 5996
f 5972 5973 5997
f 5972 5997 5971
f 5973 5998 5999
f 5973 5999 5997
f 5998 6000 5999
f 5998 6001 6000
f 5998 6002 6001
f 5974 6002 5998
f 5974 5975 6002
f 5974 5998 5973
f 5975 6003 6002
f 6002 6003 6004
f 6002 6004 6001
f 6003 6005 6004
f 6003 6006 6005
f 5976 6006 6003
f 5976 5977 6006
f 5976 6003 5975
f 5977 6007 6006
f 5977 6008 6007
f 6006 6007 6005
f 5977 5980 6008
f 5986 5987 6009
f 5986 6009 5985
f 5987 6010 6009
f 5990 5991 6011
f 5990 6010 5987
f 5990 6011 6010
f 5991 6012 6011
f 5991 5993 6012
f 6000 6001 6013
f 6000 6013 5999
f 6001 6014 6013
f 6004 6005 6015
f 6004 6014 6001
f 6004 6015 6014
f 6005 6016 6015
f 6005 6007 6016
f 6017 6019 6018
f 6017 6020 6019
f 6017 6021 6020
f 6017 6022 6021
f 6017 6023 6022
f 6017 6018 6023
f 6022 6025 6024
f 6022 6023 6025
f 6022 6024 6026
f 6022 6026 6021
f 6024 6027 6026
f 6024 6028 6027
f 6024 6029 6028
f 6024 6025 6029
f 6028 6029 6030
f 6028 6030 6027
f 6031 6033 6032
f 6031 6034 6033
f 6031 6035 6034
f 6031 6036 6035
f 6031 6037 6036
f 6031 6032 6037
f 6036 6039 6038
f 6036 6037 6039
f 6036 6038 6040
f 6036 6040 6035
f 6038 6041 6040
f 6038 6042 6041
f 6038 6043 6042
f 6038 6039 6043
f 6042 6043 6044
f 6042 6044 6041
f 6045 6047 6046
f 6045 6048 6047
f 6045 6049 6048
f 6045 6050 6049
f 6020 6050 6045
f 6020 6021 6050
f 6020 6045 6046
f 6020 6046 6019
f 6021 6051 6050
f 6050 6051 6052
f 6050 6052 6049
f 6051 6053 6052
f 6051 6054 6053
f 6026 6054 6051
f 6026 6027 6054
f 6026 6051 6021
f 6027 6055 6054
f 6054 6055 6056
f 6054 6056 6053
f 6055 6057 6056
f 6055 6058 6057
f 6055 6059 6058
f 6027 6059 6055
f 6027 6030 6059
f 6058 6059 6060
f 6058 6060 6057
f 6061 6063 6062
f 6061 6064 6063
f 6061 6065 6064
f 6061 6066 6065
f 6061 6067 6066
f 6061 6062 6067
f 6066 6069 6068
f 6066 6067 6069
f 6066 6068 6070
f 6066 6070 6065
f 6068 6071 6070
f 6068 6072 6071
f 6034 6072 6068
f 6034 6035 6072
f 6034 6068 6069
f 6034 6069 6033
f 6035 6073 6072
f 6072 6073 6074
f 6072 6074 6071
f 6073 6075 6074
f 6073 6076 6075
f 6040 6076 6073
f 6040 6041 6076
f 6040 6073 6035
f 6041 6077 6076
f 6041 6078 6077
f 6076 6077 6075
f 6041 6044 6078
f 6079 6081 6080
f 6079 6082 6081
f 6079 6083 6082
f 6079 6084 6083
f 6079 6085 6084
f 6079 6080 6085
f 6084 6087 6086
f 6084 6085 6087
f 6084 6086 6088
f 6084 6088 6083
f 5512 6088 6086
f 5512 5513 6088
f 5512 6086 6089
f 5512 6089 5517
f 6048 6089 6086
f 6048 6049 6089
f 6048 6086 6087
f 6048 6087 6047
f 6049 6090 6089
f 6089 6090 5517
f 5517 6090 5519
f 5519 6090 6091
f 5519 6091 5523
f 6052 6091 6090
f 6052 6053 6091
f 6052 6090 6049
f 6053 6092 6091
f 6091 6092 5523
f 5523 6092 5525
f 5525 6092 6093
f 5525 6093 5529
f 6056 6093 6092
f 6056 6057 6093
f 6056 6092 6053
f 6057 6094 6093
f 6093 6094 5529
f 5529 6094 6095
f 5529 6095 5530
f 6094 6096 6095
f 6094 6097 6096
f 6057 6097 6094
f 6057 6060 6097
f 6096 6097 6098
f 6096 6098 6095
f 6099 6101 6100
f 6099 6102 6101
f 6099 6103 6102
f 6099 6104 6103
f 6099 6105 6104
f 6099 6100 6105
f 6104 6107 6106
f 6104 6105 6107
f 6104 6106 6108
f 6104 6108 6103
f 5532 6108 6106
f 5532 5533 6108
f 5532 6106 6109
f 5532 6109 5537
f 6064 6109 6106
f 6064 6065 6109
f 6064 6106 6107
f 6064 6107 6063
f 6065 6110 6109
f 6109 6110 5537
f 5537 6110 5539
f 5539 6110 6111
f 5539 6111 5543
f 6070 6111 6110
f 6070 6071 6111
f 6070 6110 6065
f 6071 6112 6111
f 6111 6112 5543
f 5543 6112 5545
f 5545 6112 6113
f 5545 6113 5549
f 6074 6113 6112
f 6074 6075 6113
f 6074 6112 6071
f 6075 6114 6113
f 6113 6114 5549
f 5549 6114 6115
f 5549 6115 5550
f 6114 6116 6115
f 6114 6117 6116
f 6075 6117 6114
f 6075 6077 6117
f 6116 6117 6118
f 6116 6118 6115
f 6119 6121 6120
f 6119 6122 6121
f 5552 6122 6119
f 5552 5553 6122
f 5552 6119 6123
f 5552 6123 5557
f 6082 6123 6119
f 6082 6083 6123
f 6082 6119 6120
f 6082 6120 6081
f 6083 6124 6123
f 6123 6124 5557
f 5557 6124 5559
f 5559 6124 5513
f 5513 6124 6088
f 6088 6124 6083
f 5530 6125 5569
f 5530 6095 6125
f 6095 6126 6125
f 6125 6126 5569
f 5569 6126 6127
f 5569 6127 5570
f 6126 6128 6127
f 6126 6129 6128
f 6095 6129 6126
f 6095 6098 6129
f 6128 6129 6130
f 6128 6130 6127
f 6131 6133 6132
f 6131 6134 6133
f 6131 6135 6134
f 6131 6136 6135
f 6131 6137 6136
f 6131 6132 6137
f 6136 6139 6138
f 6136 6137 6139
f 6136 6138 6140
f 6136 6140 6135
f 5572 6140 6138
f 5572 5573 6140
f 5572 6138 6141
f 5572 6141 5577
f 6102 6141 6138
f 6102 6103 6141
f 6102 6138 6139
f 6102 6139 6101
f 6103 6142 6141
f 6141 6142 5577
f 5577 6142 5579
f 5579 6142 5533
f 5533 6142 6108
f 6108 6142 6103
f 5550 6143 5589
f 5550 6115 6143
f 6115 6144 6143
f 6115 6145 6144
f 6143 6146 5589
f 6143 6144 6146
f 5589 6146 5590
f 6115 6118 6145
f 6147 6149 6148
f 6147 6150 6149
f 6147 6151 6150
f 6147 6152 6151
f 6147 6153 6152
f 6147 6148 6153
f 6152 6155 6154
f 6152 6153 6155
f 6152 6154 6156
f 6152 6156 6151
f 5592 6156 6154
f 5592 5593 6156
f 5592 6154 5553
f 5553 6154 6122
f 6122 6154 6155
f 6122 6155 6121
f 5570 6157 5601
f 5570 6127 6157
f 6127 6158 6157
f 6157 6158 5601
f 5601 6158 6159
f 5601 6159 5602
f 6158 6160 6159
f 6158 6161 6160
f 6127 6161 6158
f 6127 6130 6161
f 6160 6161 6162
f 6160 6162 6159
f 6163 6165 6164
f 6163 6166 6165
f 6163 6167 6166
f 6163 6168 6167
f 6163 6169 6168
f 6163 6164 6169
f 6168 6171 6170
f 6168 6169 6171
f 6168 6170 6172
f 6168 6172 6167
f 5604 6172 6170
f 5604 5605 6172
f 5604 6170 6173
f 5604 6173 5609
f 6134 6173 6170
f 6134 6135 6173
f 6134 6170 6171
f 6134 6171 6133
f 6135 6174 6173
f 6173 6174 5609
f 5609 6174 5611
f 5611 6174 5573
f 5573 6174 6140
f 6140 6174 6135
f 5617 6175 5616
f 5617 6176 6175
f 5617 5590 6176
f 5590 6177 6176
f 5590 6146 6177
f 6146 6144 6177
f 6176 6177 6178
f 6176 6178 6175
f 6179 6181 6180
f 6179 6182 6181
f 5620 6182 6179
f 5620 5621 6182
f 5620 6179 6183
f 5620 6183 5625
f 6150 6183 6179
f 6150 6151 6183
f 6150 6179 6180
f 6150 6180 6149
f 6151 6184 6183
f 6183 6184 5625
f 5625 6184 5627
f 5627 6184 5593
f 5593 6184 6156
f 6156 6184 6151
f 5632 6185 5631
f 5632 6186 6185
f 5632 5602 6186
f 5602 6159 6186
f 6159 6187 6186
f 6186 6187 6188
f 6186 6188 6185
f 6187 6189 6188
f 6187 6190 6189
f 6187 6191 6190
f 6159 6191 6187
f 6159 6162 6191
f 6190 6191 6192
f 6190 6192 6189
f 6193 6195 6194
f 6193 6196 6195
f 6193 6197 6196
f 6193 6198 6197
f 6193 6199 6198
f 6193 6194 6199
f 6198 6201 6200
f 6198 6199 6201
f 6198 6200 6202
f 6198 6202 6197
f 6200 6203 6202
f 6200 6204 6203
f 6166 6204 6200
f 6166 6167 6204
f 6166 6200 6201
f 6166 6201 6165
f 6167 6205 6204
f 6204 6205 6206
f 6204 6206 6203
f 5634 6206 6205
f 5634 5635 6206
f 5634 6205 5605
f 5605 6205 6172
f 6172 6205 6167
f 5616 6207 5643
f 5616 6175 6207
f 6175 6208 6207
f 6175 6209 6208
f 6207 6210 5643
f 6207 6208 6210
f 5643 6210 5644
f 6175 6178 6209
f 6211 6213 6212
f 6211 6214 6213
f 5646 6214 6211
f 5646 5647 6214
f 5646 6211 5621
f 5621 6211 6182
f 6182 6211 6212
f 6182 6212 6181
f 5656 6215 5655
f 5656 6216 6215
f 5656 5631 6216
f 5631 6185 6216
f 6185 6217 6216
f 6216 6217 6218
f 6216 6218 6215
f 6217 6219 6218
f 6217 6220 6219
f 6188 6220 6217
f 6188 6189 6220
f 6188 6217 6185
f 6189 6221 6220
f 6189 6222 6221
f 6220 6221 6219
f 6189 6192 6222
f 6223 6225 6224
f 6223 6226 6225
f 6223 6227 6226
f 6223 6228 6227
f 6196 6228 6223
f 6196 6197 6228
f 6196 6223 6224
f 6196 6224 6195
f 6197 6229 6228
f 6228 6229 6230
f 6228 6230 6227
f 6229 6231 6230
f 6229 6232 6231
f 6202 6232 6229
f 6202 6203 6232
f 6202 6229 6197
f 6203 6233 6232
f 6232 6233 6234
f 6232 6234 6231
f 5658 6234 6233
f 5658 5659 6234
f 5658 6233 5635
f 5635 6233 6206
f 6206 6233 6203
f 6235 6236 6237
f 6235 6237 6238
f 5668 6238 5667
f 5668 6235 6238
f 5668 5644 6235
f 5644 6210 6235
f 6210 6208 6236
f 6210 6236 6235
f 6239 6241 6240
f 6239 6242 6241
f 6239 6243 6242
f 5647 6243 6239
f 5647 5669 6243
f 5647 6239 6214
f 6214 6239 6240
f 6214 6240 6213
f 5669 6244 6243
f 5669 5671 6244
f 5675 6245 5676
f 5675 5677 6245
f 6246 6247 6248
f 5677 6248 6245
f 5677 6246 6248
f 5677 5678 6246
f 5678 5655 6246
f 5655 6215 6249
f 5655 6249 6246
f 6246 6249 6247
f 6215 6250 6249
f 6218 6219 6251
f 6218 6250 6215
f 6218 6251 6250
f 6219 6252 6251
f 6219 6221 6252
f 6226 6227 6253
f 6226 6253 6225
f 6227 6254 6253
f 6230 6231 6255
f 6230 6254 6227
f 6230 6255 6254
f 6231 6256 6257
f 6231 6257 6255
f 6256 6258 6257
f 6256 6259 6258
f 5659 6259 6256
f 5659 5679 6259
f 5659 6256 6234
f 6234 6256 6231
f 5679 6260 6259
f 5679 5681 6260
f 5686 6261 5687
f 5686 5689 6261
f 6262 6263 6264
f 5689 6264 6261
f 5689 6262 6264
f 5689 5690 6262
f 5690 5667 6262
f 5667 6238 6262
f 6238 6237 6263
f 6238 6263 6262
f 6242 6243 6265
f 6242 6265 6241
f 6243 6266 6267
f 6243 6267 6265
f 6266 6268 6267
f 6266 6269 6268
f 5671 6269 6266
f 5671 5692 6269
f 5671 6266 6244
f 6244 6266 6243
f 5692 6270 6269
f 5692 5693 6270
f 5699 6271 5700
f 5699 5702 6271
f 6272 6273 6274
f 5702 6274 6271
f 5702 6272 6274
f 5702 5703 6272
f 5703 5705 6275
f 5703 6275 6272
f 6272 6275 6276
f 6272 6276 6273
f 6275 6277 6276
f 6275 6278 6277
f 6275 5705 6278
f 5705 5706 6278
f 5706 5676 6278
f 5676 6245 6279
f 5676 6279 6278
f 6278 6279 6277
f 6245 6280 6279
f 6245 6248 6280
f 6258 6259 6281
f 6258 6281 6257
f 6259 6282 6281
f 5681 5707 6283
f 5681 6284 6260
f 5681 6283 6284
f 6260 6282 6259
f 6260 6284 6282
f 6283 6285 6284
f 6283 6286 6285
f 6283 5707 6286
f 5707 6287 6286
f 5707 5708 6287
f 5708 5710 6287
f 5710 6288 6287
f 5710 5711 6288
f 5717 6289 5718
f 5717 5720 6289
f 6290 6291 6292
f 5720 6292 6289
f 5720 6290 6292
f 5720 5721 6290
f 5721 5687 6290
f 5687 6261 6293
f 5687 6293 6290
f 6290 6293 6291
f 6261 6294 6293
f 6261 6264 6294
f 6268 6269 6295
f 6268 6295 6267
f 6269 6296 6295
f 5693 5723 6297
f 5693 6298 6270
f 5693 6297 6298
f 6270 6296 6269
f 6270 6298 6296
f 6297 6299 6298
f 6297 6300 6299
f 6297 5723 6300
f 5723 5724 6300
f 5724 5725 6301
f 5724 6301 6300
f 6300 6301 6302
f 6300 6302 6299
f 6301 6303 6302
f 6301 6304 6303
f 6301 5725 6304
f 5725 5726 6304
f 5726 5700 6304
f 5700 6271 6305
f 5700 6305 6304
f 6304 6305 6303
f 6271 6306 6305
f 6271 6274 6306
f 6286 6287 6307
f 6286 6307 6285
f 6287 6308 6307
f 5711 5727 6309
f 5711 6310 6288
f 5711 6309 6310
f 6288 6308 6287
f 6288 6310 6308
f 6309 6311 6310
f 6309 6312 6311
f 6309 5727 6312
f 5727 5728 6312
f 5728 5729 6313
f 5728 6313 6312
f 6312 6313 6314
f 6312 6314 6311
f 6313 6315 6314
f 6313 6316 6315
f 6313 5729 6316
f 5729 5730 6316
f 5730 5718 6316
f 5718 6289 6317
f 5718 6317 6316
f 6316 6317 6315
f 6289 6318 6317
f 6289 6292 6318
f 6319 6321 6320
f 6319 6322 6321
f 5732 6322 6319
f 5732 5733 6322
f 5732 6319 6323
f 5732 6323 5737
f 6319 6324 6323
f 6319 6320 6324
f 6323 6326 6325
f 6323 6324 6326
f 6323 6325 5737
f 5737 6325 5739
f 5739 6325 6327
f 5739 6327 5742
f 6325 6328 6327
f 6325 6326 6328
f 6327 6330 6329
f 6327 6328 6330
f 6327 6329 5742
f 5742 6329 5744
f 5744 6329 6331
f 5744 6331 5746
f 6329 6332 6331
f 6329 6330 6332
f 6331 6334 6333
f 6331 6332 6334
f 6331 6333 5746
f 5746 6333 5748
f 5748 6333 6335
f 5748 6335 5751
f 6333 6336 6335
f 6333 6334 6336
f 6335 6338 6337
f 6335 6336 6338
f 6335 6337 5751
f 5751 6337 6339
f 5751 6339 5752
f 6337 6340 6339
f 6337 6341 6340
f 6337 6338 6341
f 6340 6341 6342
f 6340 6342 6339
f 6343 6345 6344
f 6343 6346 6345
f 6343 6347 6346
f 6343 6348 6347
f 6343 6349 6348
f 6343 6344 6349
f 6348 6351 6350
f 6348 6349 6351
f 6348 6350 6352
f 6348 6352 6347
f 5754 6352 6350
f 5754 5755 6352
f 5754 6350 6353
f 5754 6353 5759
f 6350 6354 6353
f 6350 6351 6354
f 6353 6356 6355
f 6353 6354 6356
f 6353 6355 5759
f 5759 6355 5761
f 5761 6355 6357
f 5761 6357 5764
f 6355 6358 6357
f 6355 6356 6358
f 6357 6360 6359
f 6357 6358 6360
f 6357 6359 5764
f 5764 6359 5766
f 5766 6359 6361
f 5766 6361 5768
f 6359 6362 6361
f 6359 6360 6362
f 6361 6364 6363
f 6361 6362 6364
f 6361 6363 5768
f 5768 6363 5770
f 5770 6363 6365
f 5770 6365 5773
f 6363 6366 6365
f 6363 6364 6366
f 6365 6366 6367
f 6365 6368 5773
f 6365 6367 6368
f 5773 6368 5774
f 6369 6371 6370
f 6369 6372 6371
f 5776 6372 6369
f 5776 5777 6372
f 5776 6369 6373
f 5776 6373 5781
f 6369 6374 6373
f 6369 6370 6374
f 6373 6376 6375
f 6373 6374 6376
f 6373 6375 5781
f 5781 6375 5783
f 5783 6375 5733
f 5733 6375 6322
f 6322 6375 6376
f 6322 6376 6321
f 5752 6377 5790
f 5752 6339 6377
f 6339 6378 6377
f 6377 6378 5790
f 5790 6378 5792
f 5792 6378 6379
f 5792 6379 5795
f 6378 6380 6379
f 6339 6380 6378
f 6339 6342 6380
f 6379 6382 6381
f 6379 6380 6382
f 6379 6381 5795
f 5795 6381 6383
f 5795 6383 5796
f 6381 6384 6383
f 6381 6385 6384
f 6381 6382 6385
f 6384 6385 6386
f 6384 6386 6383
f 6387 6389 6388
f 6387 6390 6389
f 6387 6391 6390
f 6387 6392 6391
f 6387 6393 6392
f 6387 6388 6393
f 6392 6395 6394
f 6392 6393 6395
f 6392 6394 6396
f 6392 6396 6391
f 5798 6396 6394
f 5798 5799 6396
f 5798 6394 6397
f 5798 6397 5803
f 6394 6398 6397
f 6394 6395 6398
f 6397 6400 6399
f 6397 6398 6400
f 6397 6399 5803
f 5803 6399 5805
f 5805 6399 6401
f 5805 6401 5808
f 6346 6401 6399
f 6346 6347 6401
f 6346 6399 6400
f 6346 6400 6345
f 6347 6402 6401
f 6401 6402 5808
f 5808 6402 5810
f 5810 6402 5755
f 5755 6402 6352
f 6352 6402 6347
f 5774 6403 5817
f 5774 6404 6403
f 5774 6368 6404
f 6368 6367 6404
f 6403 6404 6405
f 6403 6406 5817
f 6403 6405 6406
f 5817 6406 5818
f 6407 6409 6408
f 6407 6410 6409
f 5820 6410 6407
f 5820 5821 6410
f 5820 6407 5777
f 5777 6407 6372
f 6372 6407 6408
f 6372 6408 6371
f 5796 6411 5829
f 5796 6383 6411
f 6383 6412 6411
f 6411 6412 5829
f 5829 6412 5831
f 5831 6412 6413
f 5831 6413 5835
f 6412 6414 6413
f 6383 6414 6412
f 6383 6386 6414
f 6413 6416 6415
f 6413 6414 6416
f 6413 6415 5835
f 5835 6415 6417
f 5835 6417 5836
f 6415 6418 6417
f 6415 6419 6418
f 6415 6416 6419
f 6418 6421 6420
f 6418 6419 6421
f 6418 6420 6422
f 6418 6422 6417
f 6420 6423 6422
f 6420 6424 6423
f 6420 6425 6424
f 6420 6421 6425
f 6424 6427 6426
f 6424 6425 6427
f 6424 6426 6428
f 6424 6428 6423
f 5838 6428 6426
f 5838 5839 6428
f 5838 6426 6429
f 5838 6429 5843
f 6426 6430 6429
f 6426 6427 6430
f 6429 6432 6431
f 6429 6430 6432
f 6429 6431 5843
f 5843 6431 5845
f 5845 6431 6433
f 5845 6433 5849
f 6390 6433 6431
f 6390 6391 6433
f 6390 6431 6432
f 6390 6432 6389
f 6391 6434 6433
f 6433 6434 5849
f 5849 6434 5851
f 5851 6434 5799
f 5799 6434 6396
f 6396 6434 6391
f 6435 6436 6437
f 6435 6437 6438
f 5857 6438 5856
f 5857 6435 6438
f 5857 5818 6435
f 5818 6406 6435
f 6406 6405 6436
f 6406 6436 6435
f 6439 6441 6440
f 6439 6442 6441
f 5860 6442 6439
f 5860 5861 6442
f 5860 6439 5821
f 5821 6439 6410
f 6410 6439 6440
f 6410 6440 6409
f 5870 6443 5869
f 5870 6444 6443
f 5870 5836 6444
f 5836 6417 6444
f 6417 6445 6444
f 6444 6445 6446
f 6444 6446 6443
f 6445 6447 6446
f 6445 6448 6447
f 6422 6448 6445
f 6422 6423 6448
f 6422 6445 6417
f 6423 6449 6448
f 6448 6449 6450
f 6448 6450 6447
f 5872 6450 6449
f 5872 5873 6450
f 5872 6449 5839
f 5839 6449 6428
f 6428 6449 6423
f 6451 6452 6453
f 6451 6453 6454
f 5884 6454 5885
f 5884 6451 6454
f 5884 5856 6451
f 5856 6438 6451
f 6438 6437 6452
f 6438 6452 6451
f 6455 6457 6456
f 6455 6458 6457
f 5888 6458 6455
f 5888 5889 6458
f 5888 6455 5861
f 5861 6455 6442
f 6442 6455 6456
f 6442 6456 6441
f 5896 6459 5895
f 5896 5897 6459
f 6460 6461 6462
f 5897 6462 6459
f 5897 6460 6462
f 5897 5898 6460
f 5898 5869 6460
f 5869 6443 6463
f 5869 6463 6460
f 6460 6463 6461
f 6443 6464 6463
f 6446 6447 6465
f 6446 6464 6443
f 6446 6465 6464
f 6447 6466 6467
f 6447 6467 6465
f 6466 6468 6467
f 6466 6469 6468
f 5873 6469 6466
f 5873 5899 6469
f 5873 6466 6450
f 6450 6466 6447
f 5899 6470 6469
f 5899 5901 6470
f 6471 6472 6473
f 6471 6473 6474
f 5909 6474 5910
f 5909 6471 6474
f 5909 5885 6471
f 5885 6454 6471
f 6454 6453 6472
f 6454 6472 6471
f 6475 6477 6476
f 6475 6478 6477
f 6475 6479 6478
f 5889 6479 6475
f 5889 5911 6479
f 5889 6475 6458
f 6458 6475 6476
f 6458 6476 6457
f 5911 6480 6479
f 5911 5913 6480
f 6481 6482 6483
f 6481 6483 6484
f 5917 6484 5918
f 5917 6481 6484
f 5917 5919 6485
f 5917 6485 6481
f 6481 6485 6486
f 6481 6486 6482
f 6485 6487 6486
f 6485 6488 6487
f 6485 5919 6488
f 5919 5920 6488
f 5920 5895 6488
f 5895 6459 6489
f 5895 6489 6488
f 6488 6489 6487
f 6459 6490 6489
f 6459 6462 6490
f 6468 6469 6491
f 6468 6491 6467
f 6469 6492 6491
f 5901 5921 6493
f 5901 6494 6470
f 5901 6493 6494
f 6470 6492 6469
f 6470 6494 6492
f 6493 6495 6494
f 6493 6496 6495
f 6493 5921 6496
f 5921 5923 6496
f 5928 6497 5929
f 5928 5931 6497
f 6498 6499 6500
f 5931 6500 6497
f 5931 6498 6500
f 5931 5932 6498
f 5932 5910 6498
f 5910 6474 6498
f 6474 6473 6499
f 6474 6499 6498
f 6478 6479 6501
f 6478 6501 6477
f 6479 6502 6503
f 6479 6503 6501
f 6502 6504 6503
f 5934 6504 6502
f 5934 5935 6504
f 5934 6502 5913
f 5913 6502 6480
f 6480 6502 6479
f 6505 6506 6507
f 6505 6507 6508
f 5941 6508 5942
f 5941 6505 6508
f 5941 5943 6509
f 5941 6509 6505
f 6505 6509 6510
f 6505 6510 6506
f 6509 6511 6510
f 6509 6512 6511
f 6509 5943 6512
f 5943 5944 6512
f 5944 5918 6512
f 5918 6484 6512
f 6484 6483 6511
f 6484 6511 6512
f 5923 5945 6513
f 5923 6514 6496
f 5923 6513 6514
f 6496 6514 6495
f 6513 6515 6514
f 6513 6516 6515
f 6513 5945 6516
f 5945 5947 6516
f 6517 6518 6519
f 6517 6519 6520
f 5953 6520 5954
f 5953 6517 6520
f 5953 5929 6517
f 5929 6497 6521
f 5929 6521 6517
f 6517 6521 6518
f 6497 6522 6521
f 6497 6500 6522
f 6523 6525 6524
f 6523 6526 6525
f 6523 6527 6526
f 5935 6527 6523
f 5935 5955 6527
f 5935 6523 6504
f 6504 6523 6524
f 6504 6524 6503
f 5955 6528 6527
f 5955 5957 6528
f 6529 6530 6531
f 6529 6531 6532
f 5965 6532 5966
f 5965 6529 6532
f 5965 5967 6533
f 5965 6533 6529
f 6529 6533 6534
f 6529 6534 6530
f 6533 6535 6534
f 6533 6536 6535
f 6533 5967 6536
f 5967 5968 6536
f 5968 5942 6536
f 5942 6508 6536
f 6508 6507 6535
f 6508 6535 6536
f 5947 5969 6537
f 5947 6538 6516
f 5947 6537 6538
f 6516 6538 6515
f 6537 6539 6538
f 6537 6540 6539
f 6537 5969 6540
f 5969 5971 6540
f 5979 6541 5980
f 5979 5981 6541
f 6542 6543 6544
f 5981 6544 6541
f 5981 6542 6544
f 5981 5982 6542
f 5982 5954 6542
f 5954 6520 6542
f 6520 6519 6543
f 6520 6543 6542
f 6526 6527 6545
f 6526 6545 6525
f 6527 6546 6547
f 6527 6547 6545
f 6546 6548 6547
f 5984 6548 6546
f 5984 5985 6548
f 5984 6546 5957
f 5957 6546 6528
f 6528 6546 6527
f 5994 6549 5993
f 5994 5995 6549
f 6550 6551 6552
f 5995 6552 6549
f 5995 6550 6552
f 5995 5996 6550
f 5996 5966 6550
f 5966 6532 6550
f 6532 6531 6551
f 6532 6551 6550
f 6553 6555 6554
f 6553 6556 6555
f 6553 6557 6556
f 5971 6557 6553
f 5971 5997 6557
f 5971 6553 6540
f 6540 6553 6554
f 6540 6554 6539
f 5997 6558 6557
f 5997 5999 6558
f 6559 6560 6561
f 6559 6561 6562
f 6008 6562 6007
f 6008 6559 6562
f 6008 5980 6559
f 5980 6541 6563
f 5980 6563 6559
f 6559 6563 6560
f 6541 6564 6563
f 6541 6544 6564
f 6565 6567 6566
f 6565 6568 6567
f 6565 6569 6568
f 5985 6569 6565
f 5985 6009 6569
f 5985 6565 6548
f 6548 6565 6566
f 6548 6566 6547
f 6009 6570 6569
f 6009 6571 6570
f 6009 6010 6571
f 6010 6011 6571
f 6572 6573 6574
f 6011 6574 6571
f 6011 6572 6574
f 6011 6012 6572
f 6012 5993 6572
f 5993 6549 6575
f 5993 6575 6572
f 6572 6575 6573
f 6549 6576 6575
f 6549 6552 6576
f 6556 6557 6577
f 6556 6577 6555
f 6557 6578 6579
f 6557 6579 6577
f 6578 6580 6579
f 6578 6581 6580
f 5999 6581 6578
f 5999 6013 6581
f 5999 6578 6558
f 6558 6578 6557
f 6013 6582 6581
f 6013 6583 6582
f 6013 6014 6583
f 6014 6015 6583
f 6584 6585 6586
f 6015 6586 6583
f 6015 6584 6586
f 6015 6016 6584
f 6016 6007 6584
f 6007 6562 6584
f 6562 6561 6585
f 6562 6585 6584
f 6587 6589 6588
f 6587 6590 6589
f 6587 6591 6590
f 6587 6592 6591
f 6568 6592 6587
f 6568 6569 6592
f 6568 6587 6588
f 6568 6588 6567
f 6569 6593 6592
f 6592 6593 6594
f 6592 6594 6591
f 6593 6595 6594
f 6593 6596 6595
f 6570 6596 6593
f 6570 6571 6596
f 6570 6593 6569
f 6571 6597 6596
f 6571 6598 6597
f 6596 6597 6595
f 6571 6574 6598
f 6599 6601 6600
f 6599 6602 6601
f 6599 6603 6602
f 6599 6604 6603
f 6580 6604 6599
f 6580 6581 6604
f 6580 6599 6600
f 6580 6600 6579
f 6581 6605 6604
f 6604 6605 6606
f 6604 6606 6603
f 6605 6607 6606
f 6605 6608 6607
f 6582 6608 6605
f 6582 6583 6608
f 6582 6605 6581
f 6583 6609 6608
f 6583 6610 6609
f 6608 6609 6607
f 6583 6586 6610
f 6611 6613 6612
f 6611 6614 6613
f 6018 6614 6611
f 6018 6019 6614
f 6018 6611 6615
f 6018 6615 6023
f 6590 6615 6611
f 6590 6591 6615
f 6590 6611 6612
f 6590 6612 6589
f 6591 6616 6615
f 6615 6616 6023
f 6023 6616 6025
f 6025 6616 6617
f 6025 6617 6029
f 6594 6617 6616
f 6594 6595 6617
f 6594 6616 6591
f 6595 6618 6617
f 6617 6618 6029
f 6029 6618 6619
f 6029 6619 6030
f 6618 6620 6619
f 6618 6621 6620
f 6595 6621 6618
f 6595 6597 6621
f 6620 6621 6622
f 6620 6622 6619
f 6623 6625 6624
f 6623 6626 6625
f 6623 6627 6626
f 6623 6628 6627
f 6623 6629 6628
f 6623 6624 6629
f 6628 6631 6630
f 6628 6629 6631
f 6628 6630 6632
f 6628 6632 6627
f 6032 6632 6630
f 6032 6033 6632
f 6032 6630 6633
f 6032 6633 6037
f 6602 6633 6630
f 6602 6603 6633
f 6602 6630 6631
f 6602 6631 6601
f 6603 6634 6633
f 6633 6634 6037
f 6037 6634 6039
f 6039 6634 6635
f 6039 6635 6043
f 6606 6635 6634
f 6606 6607 6635
f 6606 6634 6603
f 6607 6636 6635
f 6607 6637 6636
f 6635 6638 6043
f 6635 6636 6638
f 6043 6638 6044
f 6607 6609 6637
f 6639 6641 6640
f 6639 6642 6641
f 6639 6643 6642
f 6639 6644 6643
f 6639 6645 6644
f 6639 6640 6645
f 6644 6647 6646
f 6644 6645 6647
f 6644 6646 6648
f 6644 6648 6643
f 6046 6648 6646
f 6046 6047 6648
f 6046 6646 6019
f 6019 6646 6614
f 6614 6646 6647
f 6614 6647 6613
f 6030 6649 6059
f 6030 6619 6649
f 6619 6650 6649
f 6619 6651 6650
f 6649 6652 6059
f 6649 6650 6652
f 6059 6652 6060
f 6619 6622 6651
f 6653 6655 6654
f 6653 6656 6655
f 6062 6656 6653
f 6062 6063 6656
f 6062 6653 6657
f 6062 6657 6067
f 6626 6657 6653
f 6626 6627 6657
f 6626 6653 6654
f 6626 6654 6625
f 6627 6658 6657
f 6657 6658 6067
f 6067 6658 6069
f 6069 6658 6033
f 6033 6658 6632
f 6632 6658 6627
f 6078 6659 6077
f 6078 6660 6659
f 6078 6044 6660
f 6044 6661 6660
f 6044 6638 6661
f 6638 6636 6661
f 6660 6661 6662
f 6660 6662 6659
f 6663 6665 6664
f 6663 6666 6665
f 6080 6666 6663
f 6080 6081 6666
f 6080 6663 6667
f 6080 6667 6085
f 6642 6667 6663
f 6642 6643 6667
f 6642 6663 6664
f 6642 6664 6641
f 6643 6668 6667
f 6667 6668 6085
f 6085 6668 6087
f 6087 6668 6047
f 6047 6668 6648
f 6648 6668 6643
f 6060 6669 6097
f 6060 6670 6669
f 6060 6652 6670
f 6652 6650 6670
f 6669 6670 6671
f 6669 6672 6097
f 6669 6671 6672
f 6097 6672 6098
f 6673 6675 6674
f 6673 6676 6675
f 6100 6676 6673
f 6100 6101 6676
f 6100 6673 6677
f 6100 6677 6105
f 6673 6678 6677
f 6673 6674 6678
f 6677 6680 6679
f 6677 6678 6680
f 6677 6679 6105
f 6105 6679 6107
f 6107 6679 6063
f 6063 6679 6656
f 6656 6679 6680
f 6656 6680 6655
f 6077 6681 6117
f 6077 6659 6681
f 6659 6682 6681
f 6659 6683 6682
f 6681 6684 6117
f 6681 6682 6684
f 6117 6684 6118
f 6659 6662 6683
f 6685 6687 6686
f 6685 6688 6687
f 6685 6689 6688
f 6685 6690 6689
f 6685 6691 6690
f 6685 6686 6691
f 6690 6693 6692
f 6690 6691 6693
f 6690 6692 6694
f 6690 6694 6689
f 6120 6694 6692
f 6120 6121 6694
f 6120 6692 6081
f 6081 6692 6666
f 6666 6692 6693
f 6666 6693 6665
f 6098 6695 6129
f 6098 6696 6695
f 6098 6672 6696
f 6672 6671 6696
f 6695 6696 6697
f 6695 6698 6129
f 6695 6697 6698
f 6129 6698 6130
f 6699 6701 6700
f 6699 6702 6701
f 6132 6702 6699
f 6132 6133 6702
f 6132 6699 6703
f 6132 6703 6137
f 6699 6704 6703
f 6699 6700 6704
f 6703 6706 6705
f 6703 6704 6706
f 6703 6705 6137
f 6137 6705 6139
f 6139 6705 6101
f 6101 6705 6676
f 6676 6705 6706
f 6676 6706 6675
f 6145 6707 6144
f 6145 6708 6707
f 6145 6118 6708
f 6118 6709 6708
f 6118 6684 6709
f 6684 6682 6709
f 6708 6709 6710
f 6708 6710 6707
f 6711 6713 6712
f 6711 6714 6713
f 6148 6714 6711
f 6148 6149 6714
f 6148 6711 6715
f 6148 6715 6153
f 6688 6715 6711
f 6688 6689 6715
f 6688 6711 6712
f 6688 6712 6687
f 6689 6716 6715
f 6715 6716 6153
f 6153 6716 6155
f 6155 6716 6121
f 6121 6716 6694
f 6694 6716 6689
f 6130 6717 6161
f 6130 6718 6717
f 6130 6698 6718
f 6698 6697 6718
f 6717 6720 6719
f 6717 6718 6720
f 6717 6719 6161
f 6161 6719 6721
f 6161 6721 6162
f 6719 6722 6721
f 6719 6723 6722
f 6719 6720 6723
f 6722 6723 6724
f 6722 6724 6721
f 6725 6727 6726
f 6725 6728 6727
f 6725 6729 6728
f 6725 6730 6729
f 6725 6731 6730
f 6725 6726 6731
f 6730 6733 6732
f 6730 6731 6733
f 6730 6732 6734
f 6730 6734 6729
f 6164 6734 6732
f 6164 6165 6734
f 6164 6732 6735
f 6164 6735 6169
f 6732 6736 6735
f 6732 6733 6736
f 6735 6738 6737
f 6735 6736 6738
f 6735 6737 6169
f 6169 6737 6171
f 6171 6737 6133
f 6133 6737 6702
f 6702 6737 6738
f 6702 6738 6701
f 6144 6739 6177
f 6144 6707 6739
f 6707 6740 6739
f 6707 6741 6740
f 6739 6742 6177
f 6739 6740 6742
f 6177 6742 6178
f 6707 6710 6741
f 6743 6745 6744
f 6743 6746 6745
f 6180 6746 6743
f 6180 6181 6746
f 6180 6743 6149
f 6149 6743 6714
f 6714 6743 6744
f 6714 6744 6713
f 6162 6747 6191
f 6162 6721 6747
f 6721 6748 6747
f 6747 6748 6191
f 6191 6748 6749
f 6191 6749 6192
f 6748 6750 6749
f 6748 6751 6750
f 6721 6751 6748
f 6721 6724 6751
f 6750 6753 6752
f 6750 6751 6753
f 6750 6752 6754
f 6750 6754 6749
f 6752 6755 6754
f 6752 6756 6755
f 6752 6757 6756
f 6752 6753 6757
f 6756 6759 6758
f 6756 6757 6759
f 6756 6758 6760
f 6756 6760 6755
f 6194 6760 6758
f 6194 6195 6760
f 6194 6758 6761
f 6194 6761 6199
f 6728 6761 6758
f 6728 6729 6761
f 6728 6758 6759
f 6728 6759 6727
f 6729 6762 6761
f 6761 6762 6199
f 6199 6762 6201
f 6201 6762 6165
f 6165 6762 6734
f 6734 6762 6729
f 6763 6764 6765
f 6763 6765 6766
f 6209 6766 6208
f 6209 6763 6766
f 6209 6178 6763
f 6178 6742 6763
f 6742 6740 6764
f 6742 6764 6763
f 6767 6769 6768
f 6767 6770 6769
f 6212 6770 6767
f 6212 6213 6770
f 6212 6767 6181
f 6181 6767 6746
f 6746 6767 6768
f 6746 6768 6745
f 6222 6771 6221
f 6222 6772 6771
f 6222 6192 6772
f 6192 6749 6772
f 6749 6773 6772
f 6772 6773 6774
f 6772 6774 6771
f 6773 6775 6774
f 6773 6776 6775
f 6754 6776 6773
f 6754 6755 6776
f 6754 6773 6749
f 6755 6777 6776
f 6776 6777 6778
f 6776 6778 6775
f 6224 6778 6777
f 6224 6225 6778
f 6224 6777 6195
f 6195 6777 6760
f 6760 6777 6755
f 6779 6780 6781
f 6779 6781 6782
f 6236 6782 6237
f 6236 6779 6782
f 6236 6208 6779
f 6208 6766 6779
f 6766 6765 6780
f 6766 6780 6779
f 6783 6785 6784
f 6783 6786 6785
f 6240 6786 6783
f 6240 6241 6786
f 6240 6783 6213
f 6213 6783 6770
f 6770 6783 6784
f 6770 6784 6769
f 6247 6787 6248
f 6247 6249 6787
f 6788 6789 6790
f 6249 6790 6787
f 6249 6788 6790
f 6249 6250 6788
f 6250 6251 6791
f 6250 6791 6788
f 6788 6791 6792
f 6788 6792 6789
f 6791 6793 6792
f 6791 6794 6793
f 6791 6251 6794
f 6251 6252 6794
f 6252 6221 6794
f 6221 6771 6795
f 6221 6795 6794
f 6794 6795 6793
f 6771 6796 6795
f 6774 6775 6797
f 6774 6796 6771
f 6774 6797 6796
f 6775 6798 6797
f 6225 6253 6799
f 6225 6800 6778
f 6225 6799 6800
f 6778 6798 6775
f 6778 6800 6798
f 6799 6801 6800
f 6799 6802 6801
f 6799 6253 6802
f 6253 6803 6802
f 6253 6254 6803
f 6254 6255 6803
f 6255 6804 6803
f 6255 6257 6804
f 6805 6806 6807
f 6805 6807 6808
f 6263 6808 6264
f 6263 6805 6808
f 6263 6237 6805
f 6237 6782 6805
f 6782 6781 6806
f 6782 6806 6805
f 6241 6265 6809
f 6241 6810 6786
f 6241 6809 6810
f 6786 6810 6785
f 6809 6811 6810
f 6809 6812 6811
f 6809 6265 6812
f 6265 6267 6812
f 6273 6813 6274
f 6273 6276 6813
f 6814 6815 6816
f 6276 6816 6813
f 6276 6814 6816
f 6276 6277 6814
f 6277 6279 6817
f 6277 6817 6814
f 6814 6817 6818
f 6814 6818 6815
f 6817 6819 6818
f 6817 6820 6819
f 6817 6279 6820
f 6279 6280 6820
f 6280 6248 6820
f 6248 6787 6821
f 6248 6821 6820
f 6820 6821 6819
f 6787 6822 6821
f 6787 6790 6822
f 6802 6803 6823
f 6802 6823 6801
f 6803 6824 6823
f 6257 6281 6825
f 6257 6826 6804
f 6257 6825 6826
f 6804 6824 6803
f 6804 6826 6824
f 6825 6827 6826
f 6825 6828 6827
f 6825 6281 6828
f 6281 6829 6828
f 6281 6282 6829
f 6282 6284 6829
f 6284 6830 6829
f 6284 6285 6830
f 6831 6832 6833
f 6831 6833 6834
f 6291 6834 6292
f 6291 6831 6834
f 6291 6293 6835
f 6291 6835 6831
f 6831 6835 6836
f 6831 6836 6832
f 6835 6837 6836
f 6835 6838 6837
f 6835 6293 6838
f 6293 6294 6838
f 6294 6264 6838
f 6264 6808 6838
f 6808 6807 6837
f 6808 6837 6838
f 6267 6295 6839
f 6267 6840 6812
f 6267 6839 6840
f 6812 6840 6811
f 6839 6841 6840
f 6839 6842 6841
f 6839 6295 6842
f 6295 6296 6842
f 6296 6298 6843
f 6296 6843 6842
f 6842 6843 6844
f 6842 6844 6841
f 6843 6845 6844
f 6843 6846 6845
f 6843 6298 6846
f 6298 6299 6846
f 6299 6302 6847
f 6299 6847 6846
f 6846 6847 6848
f 6846 6848 6845
f 6847 6849 6848
f 6847 6850 6849
f 6847 6302 6850
f 6302 6303 6850
f 6303 6305 6851
f 6303 6851 6850
f 6850 6851 6852
f 6850 6852 6849
f 6851 6853 6852
f 6851 6854 6853
f 6851 6305 6854
f 6305 6306 6854
f 6306 6274 6854
f 6274 6813 6855
f 6274 6855 6854
f 6854 6855 6853
f 6813 6856 6855
f 6813 6816 6856
f 6828 6829 6857
f 6828 6857 6827
f 6829 6858 6857
f 6285 6307 6859
f 6285 6860 6830
f 6285 6859 6860
f 6830 6858 6829
f 6830 6860 6858
f 6859 6861 6860
f 6859 6862 6861
f 6859 6307 6862
f 6307 6308 6862
f 6308 6310 6863
f 6308 6863 6862
f 6862 6863 6864
f 6862 6864 6861
f 6863 6865 6864
f 6863 6866 6865
f 6863 6310 6866
f 6310 6311 6866
f 6311 6314 6867
f 6311 6867 6866
f 6866 6867 6868
f 6866 6868 6865
f 6867 6869 6868
f 6867 6870 6869
f 6867 6314 6870
f 6314 6315 6870
f 6315 6317 6871
f 6315 6871 6870
f 6870 6871 6872
f 6870 6872 6869
f 6871 6873 6872
f 6871 6874 6873
f 6871 6317 6874
f 6317 6318 6874
f 6318 6292 6874
f 6292 6834 6874
f 6834 6833 6873
f 6834 6873 6874
f 6875 6877 6876
f 6875 6878 6877
f 6320 6878 6875
f 6320 6321 6878
f 6320 6875 6879
f 6320 6879 6324
f 6875 6880 6879
f 6875 6876 6880
f 6879 6882 6881
f 6879 6880 6882
f 6879 6881 6324
f 6324 6881 6326
f 6326 6881 6883
f 6326 6883 6328
f 6881 6884 6883
f 6881 6882 6884
f 6883 6886 6885
f 6883 6884 6886
f 6883 6885 6328
f 6328 6885 6330
f 6330 6885 6887
f 6330 6887 6332
f 6885 6888 6887
f 6885 6886 6888
f 6887 6890 6889
f 6887 6888 6890
f 6887 6889 6332
f 6332 6889 6334
f 6334 6889 6891
f 6334 6891 6336
f 6889 6892 6891
f 6889 6890 6892
f 6891 6894 6893
f 6891 6892 6894
f 6891 6893 6336
f 6336 6893 6338
f 6338 6893 6895
f 6338 6895 6341
f 6893 6896 6895
f 6893 6894 6896
f 6895 6896 6897
f 6895 6898 6341
f 6895 6897 6898
f 6341 6898 6342
f 6899 6901 6900
f 6899 6902 6901
f 6344 6902 6899
f 6344 6345 6902
f 6344 6899 6903
f 6344 6903 6349
f 6899 6904 6903
f 6899 6900 6904
f 6903 6906 6905
f 6903 6904 6906
f 6903 6905 6349
f 6349 6905 6351
f 6351 6905 6907
f 6351 6907 6354
f 6905 6908 6907
f 6905 6906 6908
f 6907 6910 6909
f 6907 6908 6910
f 6907 6909 6354
f 6354 6909 6356
f 6356 6909 6911
f 6356 6911 6358
f 6909 6912 6911
f 6909 6910 6912
f 6911 6914 6913
f 6911 6912 6914
f 6911 6913 6358
f 6358 6913 6360
f 6360 6913 6915
f 6360 6915 6362
f 6913 6916 6915
f 6913 6914 6916
f 6915 6918 6917
f 6915 6916 6918
f 6915 6917 6362
f 6362 6917 6364
f 6364 6917 6919
f 6364 6919 6366
f 6917 6920 6919
f 6917 6918 6920
f 6919 6920 6921
f 6919 6922 6366
f 6919 6921 6922
f 6366 6922 6367
f 6923 6925 6924
f 6923 6926 6925
f 6370 6926 6923
f 6370 6371 6926
f 6370 6923 6927
f 6370 6927 6374
f 6923 6928 6927
f 6923 6924 6928
f 6927 6930 6929
f 6927 6928 6930
f 6927 6929 6374
f 6374 6929 6376
f 6376 6929 6321
f 6321 6929 6878
f 6878 6929 6930
f 6878 6930 6877
f 6342 6931 6380
f 6342 6932 6931
f 6342 6898 6932
f 6898 6897 6932
f 6931 6934 6933
f 6931 6932 6934
f 6931 6933 6380
f 6380 6933 6382
f 6382 6933 6935
f 6382 6935 6385
f 6933 6936 6935
f 6933 6934 6936
f 6935 6938 6937
f 6935 6936 6938
f 6935 6937 6385
f 6385 6937 6939
f 6385 6939 6386
f 6937 6940 6939
f 6937 6941 6940
f 6937 6938 6941
f 6940 6941 6942
f 6940 6942 6939
f 6943 6945 6944
f 6943 6946 6945
f 6943 6947 6946
f 6943 6948 6947
f 6943 6949 6948
f 6943 6944 6949
f 6948 6951 6950
f 6948 6949 6951
f 6948 6950 6952
f 6948 6952 6947
f 6388 6952 6950
f 6388 6389 6952
f 6388 6950 6953
f 6388 6953 6393
f 6950 6954 6953
f 6950 6951 6954
f 6953 6956 6955
f 6953 6954 6956
f 6953 6955 6393
f 6393 6955 6395
f 6395 6955 6957
f 6395 6957 6398
f 6955 6958 6957
f 6955 6956 6958
f 6957 6960 6959
f 6957 6958 6960
f 6957 6959 6398
f 6398 6959 6400
f 6400 6959 6345
f 6345 6959 6902
f 6902 6959 6960
f 6902 6960 6901
f 6367 6961 6404
f 6367 6962 6961
f 6367 6922 6962
f 6922 6921 6962
f 6961 6962 6963
f 6961 6964 6404
f 6961 6963 6964
f 6404 6964 6405
f 6965 6967 6966
f 6965 6968 6967
f 6408 6968 6965
f 6408 6409 6968
f 6408 6965 6371
f 6371 6965 6926
f 6926 6965 6966
f 6926 6966 6925
f 6386 6969 6414
f 6386 6939 6969
f 6939 6970 6969
f 6969 6970 6414
f 6414 6970 6416
f 6416 6970 6971
f 6416 6971 6419
f 6970 6972 6971
f 6939 6972 6970
f 6939 6942 6972
f 6971 6974 6973
f 6971 6972 6974
f 6971 6973 6419
f 6419 6973 6421
f 6421 6973 6975
f 6421 6975 6425
f 6973 6976 6975
f 6973 6974 6976
f 6975 6978 6977
f 6975 6976 6978
f 6975 6977 6425
f 6425 6977 6427
f 6427 6977 6979
f 6427 6979 6430
f 6946 6979 6977
f 6946 6947 6979
f 6946 6977 6978
f 6946 6978 6945
f 6947 6980 6979
f 6979 6980 6430
f 6430 6980 6432
f 6432 6980 6389
f 6389 6980 6952
f 6952 6980 6947
f 6981 6982 6983
f 6981 6983 6984
f 6436 6984 6437
f 6436 6981 6984
f 6436 6405 6981
f 6405 6964 6981
f 6964 6963 6982
f 6964 6982 6981
f 6985 6987 6986
f 6985 6988 6987
f 6440 6988 6985
f 6440 6441 6988
f 6440 6985 6409
f 6409 6985 6968
f 6968 6985 6986
f 6968 6986 6967
f 6989 6990 6991
f 6989 6991 6992
f 6452 6992 6453
f 6452 6989 6992
f 6452 6437 6989
f 6437 6984 6989
f 6984 6983 6990
f 6984 6990 6989
f 6993 6995 6994
f 6993 6996 6995
f 6456 6996 6993
f 6456 6457 6996
f 6456 6993 6441
f 6441 6993 6988
f 6988 6993 6994
f 6988 6994 6987
f 6997 6998 6999
f 6997 6999 7000
f 6461 7000 6462
f 6461 6997 7000
f 6461 6463 7001
f 6461 7001 6997
f 6997 7001 7002
f 6997 7002 6998
f 7001 7003 7002
f 7001 7004 7003
f 7001 6463 7004
f 6463 6464 7004
f 6464 6465 7005
f 6464 7005 7004
f 7004 7005 7006
f 7004 7006 7003
f 7005 7007 7006
f 7005 7008 7007
f 7005 6465 7008
f 6465 6467 7008
f 7009 7010 7011
f 7009 7011 7012
f 6472 7012 6473
f 6472 7009 7012
f 6472 6453 7009
f 6453 6992 7009
f 6992 6991 7010
f 6992 7010 7009
f 7013 7015 7014
f 7013 7016 7015
f 6476 7016 7013
f 6476 6477 7016
f 6476 7013 6457
f 6457 7013 6996
f 6996 7013 7014
f 6996 7014 6995
f 7017 7018 7019
f 7017 7019 7020
f 6482 7020 6483
f 6482 7017 7020
f 6482 6486 7021
f 6482 7021 7017
f 7017 7021 7022
f 7017 7022 7018
f 7021 7023 7022
f 7021 7024 7023
f 7021 6486 7024
f 6486 6487 7024
f 6487 6489 7025
f 6487 7025 7024
f 7024 7025 7026
f 7024 7026 7023
f 7025 7027 7026
f 7025 7028 7027
f 7025 6489 7028
f 6489 6490 7028
f 6490 6462 7028
f 6462 7000 7028
f 7000 6999 7027
f 7000 7027 7028
f 6467 6491 7029
f 6467 7030 7008
f 6467 7029 7030
f 7008 7030 7007
f 7029 7031 7030
f 7029 7032 7031
f 7029 6491 7032
f 6491 6492 7032
f 6492 6494 7033
f 6492 7033 7032
f 7032 7033 7034
f 7032 7034 7031
f 7033 7035 7034
f 7033 7036 7035
f 7033 6494 7036
f 6494 6495 7036
f 7037 7038 7039
f 7037 7039 7040
f 6499 7040 6500
f 6499 7037 7040
f 6499 6473 7037
f 6473 7012 7037
f 7012 7011 7038
f 7012 7038 7037
f 6477 6501 7041
f 6477 7042 7016
f 6477 7041 7042
f 7016 7042 7015
f 7041 7043 7042
f 7041 7044 7043
f 7041 6501 7044
f 6501 6503 7044
f 7045 7046 7047
f 7045 7047 7048
f 6506 7048 6507
f 6506 7045 7048
f 6506 6510 7049
f 6506 7049 7045
f 7045 7049 7050
f 7045 7050 7046
f 7049 7051 7050
f 7049 7052 7051
f 7049 6510 7052
f 6510 6511 7052
f 6511 6483 7052
f 6483 7020 7052
f 7020 7019 7051
f 7020 7051 7052
f 6495 6514 7053
f 6495 7054 7036
f 6495 7053 7054
f 7036 7054 7035
f 7053 7055 7054
f 7053 7056 7055
f 7053 6514 7056
f 6514 6515 7056
f 7057 7058 7059
f 7057 7059 7060
f 6518 7060 6519
f 6518 7057 7060
f 6518 6521 7061
f 6518 7061 7057
f 7057 7061 7062
f 7057 7062 7058
f 7061 7063 7062
f 7061 7064 7063
f 7061 6521 7064
f 6521 6522 7064
f 6522 6500 7064
f 6500 7040 7064
f 7040 7039 7063
f 7040 7063 7064
f 7065 7067 7066
f 7065 7068 7067
f 6524 7068 7065
f 6524 6525 7068
f 6524 7065 6503
f 6503 7065 7044
f 7044 7065 7066
f 7044 7066 7043
f 7069 7070 7071
f 7069 7071 7072
f 6530 7072 6531
f 6530 7069 7072
f 6530 6534 7073
f 6530 7073 7069
f 7069 7073 7074
f 7069 7074 7070
f 7073 7075 7074
f 7073 7076 7075
f 7073 6534 7076
f 6534 6535 7076
f 6535 6507 7076
f 6507 7048 7076
f 7048 7047 7075
f 7048 7075 7076
f 6515 6538 7077
f 6515 7078 7056
f 6515 7077 7078
f 7056 7078 7055
f 7077 7079 7078
f 7077 7080 7079
f 7077 6538 7080
f 6538 6539 7080
f 7081 7082 7083
f 7081 7083 7084
f 6543 7084 6544
f 6543 7081 7084
f 6543 6519 7081
f 6519 7060 7081
f 7060 7059 7082
f 7060 7082 7081
f 7085 7087 7086
f 7085 7088 7087
f 7085 7089 7088
f 6525 7089 7085
f 6525 6545 7089
f 6525 7085 7068
f 7068 7085 7086
f 7068 7086 7067
f 6545 7090 7089
f 6545 6547 7090
f 7091 7092 7093
f 7091 7093 7094
f 6551 7094 6552
f 6551 7091 7094
f 6551 6531 7091
f 6531 7072 7091
f 7072 7071 7092
f 7072 7092 7091
f 7095 7097 7096
f 7095 7098 7097
f 6554 7098 7095
f 6554 6555 7098
f 6554 7095 6539
f 6539 7095 7080
f 7080 7095 7096
f 7080 7096 7079
f 6560 7099 6561
f 6560 6563 7099
f 7100 7101 7102
f 6563 7102 7099
f 6563 7100 7102
f 6563 6564 7100
f 6564 6544 7100
f 6544 7084 7100
f 7084 7083 7101
f 7084 7101 7100
f 7088 7089 7103
f 7088 7103 7087
f 7089 7104 7105
f 7089 7105 7103
f 7104 7106 7105
f 6566 7106 7104
f 6566 6567 7106
f 6566 7104 6547
f 6547 7104 7090
f 7090 7104 7089
f 7107 7108 7109
f 7107 7109 7110
f 6573 7110 6574
f 6573 7107 7110
f 6573 6575 7111
f 6573 7111 7107
f 7107 7111 7112
f 7107 7112 7108
f 7111 7113 7112
f 7111 7114 7113
f 7111 6575 7114
f 6575 6576 7114
f 6576 6552 7114
f 6552 7094 7114
f 7094 7093 7113
f 7094 7113 7114
f 6555 6577 7115
f 6555 7116 7098
f 6555 7115 7116
f 7098 7116 7097
f 7115 7117 7116
f 7115 7118 7117
f 7115 6577 7118
f 6577 6579 7118
f 7119 7120 7121
f 7119 7121 7122
f 6585 7122 6586
f 6585 7119 7122
f 6585 6561 7119
f 6561 7099 7123
f 6561 7123 7119
f 7119 7123 7120
f 7099 7124 7123
f 7099 7102 7124
f 7125 7127 7126
f 7125 7128 7127
f 6588 7128 7125
f 6588 6589 7128
f 6588 7125 6567
f 6567 7125 7106
f 7106 7125 7126
f 7106 7126 7105
f 7129 7130 7131
f 7129 7131 7132
f 6598 7132 6597
f 6598 7129 7132
f 6598 6574 7129
f 6574 7110 7129
f 7110 7109 7130
f 7110 7130 7129
f 7133 7135 7134
f 7133 7136 7135
f 6600 7136 7133
f 6600 6601 7136
f 6600 7133 6579
f 6579 7133 7118
f 7118 7133 7134
f 7118 7134 7117
f 7137 7138 7139
f 7137 7139 7140
f 6610 7140 6609
f 6610 7137 7140
f 6610 6586 7137
f 6586 7122 7137
f 7122 7121 7138
f 7122 7138 7137
f 7141 7143 7142
f 7141 7144 7143
f 7141 7145 7144
f 7141 7146 7145
f 7141 7147 7146
f 7141 7142 7147
f 7146 7149 7148
f 7146 7147 7149
f 7146 7148 7150
f 7146 7150 7145
f 6612 7150 7148
f 6612 6613 7150
f 6612 7148 6589
f 6589 7148 7128
f 7128 7148 7149
f 7128 7149 7127
f 6597 7151 6621
f 6597 7152 7151
f 6597 7132 7152
f 7132 7131 7152
f 7151 7152 7153
f 7151 7154 6621
f 7151 7153 7154
f 6621 7154 6622
f 7155 7157 7156
f 7155 7158 7157
f 6624 7158 7155
f 6624 6625 7158
f 6624 7155 7159
f 6624 7159 6629
f 7155 7160 7159
f 7155 7156 7160
f 7159 7162 7161
f 7159 7160 7162
f 7159 7161 6629
f 6629 7161 6631
f 6631 7161 6601
f 6601 7161 7136
f 7136 7161 7162
f 7136 7162 7135
f 6637 7163 6636
f 6637 7164 7163
f 6637 6609 7164
f 6609 7165 7164
f 6609 7140 7165
f 7140 7139 7165
f 7164 7165 7166
f 7164 7166 7163
f 7167 7169 7168
f 7167 7170 7169
f 6640 7170 7167
f 6640 6641 7170
f 6640 7167 7171
f 6640 7171 6645
f 7144 7171 7167
f 7144 7145 7171
f 7144 7167 7168
f 7144 7168 7143
f 7145 7172 7171
f 7171 7172 6645
f 6645 7172 6647
f 6647 7172 6613
f 6613 7172 7150
f 7150 7172 7145
f 7173 7174 7175
f 7173 7175 7176
f 6651 7176 6650
f 6651 7173 7176
f 6651 6622 7173
f 6622 7154 7173
f 7154 7153 7174
f 7154 7174 7173
f 7177 7179 7178
f 7177 7180 7179
f 6654 7180 7177
f 6654 6655 7180
f 6654 7177 6625
f 6625 7177 7158
f 7158 7177 7178
f 7158 7178 7157
f 6636 7181 6661
f 6636 7163 7181
f 7163 7182 7181
f 7163 7183 7182
f 7181 7184 6661
f 7181 7182 7184
f 6661 7184 6662
f 7163 7166 7183
f 7185 7187 7186
f 7185 7188 7187
f 6664 7188 7185
f 6664 6665 7188
f 6664 7185 6641
f 6641 7185 7170
f 7170 7185 7186
f 7170 7186 7169
f 6650 7189 6670
f 6650 7190 7189
f 6650 7176 7190
f 7176 7175 7190
f 7189 7190 7191
f 7189 7192 6670
f 7189 7191 7192
f 6670 7192 6671
f 7193 7195 7194
f 7193 7196 7195
f 6674 7196 7193
f 6674 6675 7196
f 6674 7193 7197
f 6674 7197 6678
f 7193 7198 7197
f 7193 7194 7198
f 7197 7200 7199
f 7197 7198 7200
f 7197 7199 6678
f 6678 7199 6680
f 6680 7199 6655
f 6655 7199 7180
f 7180 7199 7200
f 7180 7200 7179
f 7201 7202 7203
f 7201 7203 7204
f 6683 7204 6682
f 6683 7201 7204
f 6683 6662 7201
f 6662 7184 7201
f 7184 7182 7202
f 7184 7202 7201
f 7205 7207 7206
f 7205 7208 7207
f 6686 7208 7205
f 6686 6687 7208
f 6686 7205 7209
f 6686 7209 6691
f 7205 7210 7209
f 7205 7206 7210
f 7209 7212 7211
f 7209 7210 7212
f 7209 7211 6691
f 6691 7211 6693
f 6693 7211 6665
f 6665 7211 7188
f 7188 7211 7212
f 7188 7212 7187
f 6671 7213 6696
f 6671 7214 7213
f 6671 7192 7214
f 7192 7191 7214
f 7213 7214 7215
f 7213 7216 6696
f 7213 7215 7216
f 6696 7216 6697
f 7217 7219 7218
f 7217 7220 7219
f 6700 7220 7217
f 6700 6701 7220
f 6700 7217 7221
f 6700 7221 6704
f 7217 7222 7221
f 7217 7218 7222
f 7221 7224 7223
f 7221 7222 7224
f 7221 7223 6704
f 6704 7223 6706
f 6706 7223 6675
f 6675 7223 7196
f 7196 7223 7224
f 7196 7224 7195
f 6682 7225 6709
f 6682 7226 7225
f 6682 7204 7226
f 7204 7203 7226
f 7225 7226 7227
f 7225 7228 6709
f 7225 7227 7228
f 6709 7228 6710
f 7229 7231 7230
f 7229 7232 7231
f 6712 7232 7229
f 6712 6713 7232
f 6712 7229 6687
f 6687 7229 7208
f 7208 7229 7230
f 7208 7230 7207
f 6697 7233 6718
f 6697 7234 7233
f 6697 7216 7234
f 7216 7215 7234
f 7233 7236 7235
f 7233 7234 7236
f 7233 7235 6718
f 6718 7235 6720
f 6720 7235 7237
f 6720 7237 6723
f 7235 7238 7237
f 7235 7236 7238
f 7237 7238 7239
f 7237 7240 6723
f 7237 7239 7240
f 6723 7240 6724
f 7241 7243 7242
f 7241 7244 7243
f 6726 7244 7241
f 6726 6727 7244
f 6726 7241 7245
f 6726 7245 6731
f 7241 7246 7245
f 7241 7242 7246
f 7245 7248 7247
f 7245 7246 7248
f 7245 7247 6731
f 6731 7247 6733
f 6733 7247 7249
f 6733 7249 6736
f 7247 7250 7249
f 7247 7248 7250
f 7249 7252 7251
f 7249 7250 7252
f 7249 7251 6736
f 6736 7251 6738
f 6738 7251 6701
f 6701 7251 7220
f 7220 7251 7252
f 7220 7252 7219
f 7253 7254 7255
f 7253 7255 7256
f 6741 7256 6740
f 6741 7253 7256
f 6741 6710 7253
f 6710 7228 7253
f 7228 7227 7254
f 7228 7254 7253
f 7257 7259 7258
f 7257 7260 7259
f 6744 7260 7257
f 6744 6745 7260
f 6744 7257 6713
f 6713 7257 7232
f 7232 7257 7258
f 7232 7258 7231
f 6724 7261 6751
f 6724 7262 7261
f 6724 7240 7262
f 7240 7239 7262
f 7261 7264 7263
f 7261 7262 7264
f 7261 7263 6751
f 6751 7263 6753
f 6753 7263 7265
f 6753 7265 6757
f 7263 7266 7265
f 7263 7264 7266
f 7265 7268 7267
f 7265 7266 7268
f 7265 7267 6757
f 6757 7267 6759
f 6759 7267 6727
f 6727 7267 7244
f 7244 7267 7268
f 7244 7268 7243
f 7269 7270 7271
f 7269 7271 7272
f 6764 7272 6765
f 6764 7269 7272
f 6764 6740 7269
f 6740 7256 7269
f 7256 7255 7270
f 7256 7270 7269
f 7273 7275 7274
f 7273 7276 7275
f 6768 7276 7273
f 6768 6769 7276
f 6768 7273 6745
f 6745 7273 7260
f 7260 7273 7274
f 7260 7274 7259
f 7277 7278 7279
f 7277 7279 7280
f 6780 7280 6781
f 6780 7277 7280
f 6780 6765 7277
f 6765 7272 7277
f 7272 7271 7278
f 7272 7278 7277
f 7281 7283 7282
f 7281 7284 7283
f 6784 7284 7281
f 6784 6785 7284
f 6784 7281 6769
f 6769 7281 7276
f 7276 7281 7282
f 7276 7282 7275
f 6789 7285 6790
f 6789 6792 7285
f 7286 7287 7288
f 6792 7288 7285
f 6792 7286 7288
f 6792 6793 7286
f 6793 6795 7289
f 6793 7289 7286
f 7286 7289 7290
f 7286 7290 7287
f 7289 7291 7290
f 7289 7292 7291
f 7289 6795 7292
f 6795 6796 7292
f 6796 6797 7293
f 6796 7293 7292
f 7292 7293 7294
f 7292 7294 7291
f 7293 7295 7294
f 7293 7296 7295
f 7293 6797 7296
f 6797 7297 7296
f 6797 6798 7297
f 6798 6800 7297
f 6800 7298 7297
f 6800 6801 7298
f 7299 7300 7301
f 7299 7301 7302
f 6806 7302 6807
f 6806 7299 7302
f 6806 6781 7299
f 6781 7280 7299
f 7280 7279 7300
f 7280 7300 7299
f 6785 6810 7303
f 6785 7304 7284
f 6785 7303 7304
f 7284 7304 7283
f 7303 7305 7304
f 7303 7306 7305
f 7303 6810 7306
f 6810 6811 7306
f 7307 7308 7309
f 7307 7309 7310
f 6815 7310 6816
f 6815 7307 7310
f 6815 6818 7311
f 6815 7311 7307
f 7307 7311 7312
f 7307 7312 7308
f 7311 7313 7312
f 7311 7314 7313
f 7311 6818 7314
f 6818 6819 7314
f 6819 6821 7315
f 6819 7315 7314
f 7314 7315 7316
f 7314 7316 7313
f 7315 7317 7316
f 7315 7318 7317
f 7315 6821 7318
f 6821 6822 7318
f 6822 6790 7318
f 6790 7285 7319
f 6790 7319 7318
f 7318 7319 7317
f 7285 7320 7319
f 7285 7288 7320
f 7296 7297 7321
f 7296 7321 7295
f 7297 7322 7321
f 6801 6823 7323
f 6801 7324 7298
f 6801 7323 7324
f 7298 7322 7297
f 7298 7324 7322
f 7323 7325 7324
f 7323 7326 7325
f 7323 6823 7326
f 6823 6824 7326
f 6824 6826 7327
f 6824 7327 7326
f 7326 7327 7328
f 7326 7328 7325
f 7327 7329 7328
f 7327 7330 7329
f 7327 6826 7330
f 6826 6827 7330
f 7331 7332 7333
f 7331 7333 7334
f 6832 7334 6833
f 6832 7331 7334
f 6832 6836 7335
f 6832 7335 7331
f 7331 7335 7336
f 7331 7336 7332
f 7335 7337 7336
f 7335 7338 7337
f 7335 6836 7338
f 6836 6837 7338
f 6837 6807 7338
f 6807 7302 7338
f 7302 7301 7337
f 7302 7337 7338
f 6811 6840 7339
f 6811 7340 7306
f 6811 7339 7340
f 7306 7340 7305
f 7339 7341 7340
f 7339 7342 7341
f 7339 6840 7342
f 6840 6841 7342
f 6841 6844 7343
f 6841 7343 7342
f 7342 7343 7344
f 7342 7344 7341
f 7343 7345 7344
f 7343 7346 7345
f 7343 6844 7346
f 6844 6845 7346
f 6845 6848 7347
f 6845 7347 7346
f 7346 7347 7348
f 7346 7348 7345
f 7347 7349 7348
f 7347 7350 7349
f 7347 6848 7350
f 6848 6849 7350
f 6849 6852 7351
f 6849 7351 7350
f 7350 7351 7352
f 7350 7352 7349
f 7351 7353 7352
f 7351 7354 7353
f 7351 6852 7354
f 6852 6853 7354
f 6853 6855 7355
f 6853 7355 7354
f 7354 7355 7356
f 7354 7356 7353
f 7355 7357 7356
f 7355 7358 7357
f 7355 6855 7358
f 6855 6856 7358
f 6856 6816 7358
f 6816 7310 7358
f 7310 7309 7357
f 7310 7357 7358
f 6827 6857 7359
f 6827 7360 7330
f 6827 7359 7360
f 7330 7360 7329
f 7359 7361 7360
f 7359 7362 7361
f 7359 6857 7362
f 6857 6858 7362
f 6858 6860 7363
f 6858 7363 7362
f 7362 7363 7364
f 7362 7364 7361
f 7363 7365 7364
f 7363 7366 7365
f 7363 6860 7366
f 6860 6861 7366
f 6861 6864 7367
f 6861 7367 7366
f 7366 7367 7368
f 7366 7368 7365
f 7367 7369 7368
f 7367 7370 7369
f 7367 6864 7370
f 6864 6865 7370
f 6865 6868 7371
f 6865 7371 7370
f 7370 7371 7372
f 7370 7372 7369
f 7371 7373 7372
f 7371 7374 7373
f 7371 6868 7374
f 6868 6869 7374
f 6869 6872 7375
f 6869 7375 7374
f 7374 7375 7376
f 7374 7376 7373
f 7375 7377 7376
f 7375 7378 7377
f 7375 6872 7378
f 6872 6873 7378
f 6873 6833 7378
f 6833 7334 7378
f 7334 7333 7377
f 7334 7377 7378
f 7379 7381 7380
f 7379 7382 7381
f 6876 7382 7379
f 6876 6877 7382
f 6876 7379 7383
f 6876 7383 6880
f 7379 7384 7383
f 7379 7380 7384
f 7383 7386 7385
f 7383 7384 7386
f 7383 7385 6880
f 6880 7385 6882
f 6882 7385 7387
f 6882 7387 6884
f 7385 7388 7387
f 7385 7386 7388
f 7387 7390 7389
f 7387 7388 7390
f 7387 7389 6884
f 6884 7389 6886
f 6886 7389 7391
f 6886 7391 6888
f 7389 7392 7391
f 7389 7390 7392
f 7391 7394 7393
f 7391 7392 7394
f 7391 7393 6888
f 6888 7393 6890
f 6890 7393 7395
f 6890 7395 6892
f 7393 7396 7395
f 7393 7394 7396
f 7395 7396 7397
f 7395 7398 6892
f 7395 7397 7398
f 6892 7399 6894
f 6892 7398 7399
f 6894 7399 6896
f 6896 7399 7400
f 6896 7400 6897
f 6900 6901 7401
f 6900 7401 6904
f 7402 7404 7403
f 6904 7404 7402
f 6904 7401 7404
f 6904 7402 6906
f 6906 7402 7405
f 6906 7405 6908
f 7402 7406 7405
f 7402 7403 7406
f 7405 7408 7407
f 7405 7406 7408
f 7405 7407 6908
f 6908 7407 6910
f 6910 7407 7409
f 6910 7409 6912
f 7407 7410 7409
f 7407 7408 7410
f 7409 7412 7411
f 7409 7410 7412
f 7409 7411 6912
f 6912 7411 6914
f 6914 7411 7413
f 6914 7413 6916
f 7411 7414 7413
f 7411 7412 7414
f 7413 7416 7415
f 7413 7414 7416
f 7413 7415 6916
f 6916 7415 6918
f 6918 7415 7417
f 6918 7417 6920
f 7415 7418 7417
f 7415 7416 7418
f 7417 7418 7419
f 7417 7420 6920
f 7417 7419 7420
f 6920 7420 6921
f 7421 7423 7422
f 7421 7424 7423
f 6924 7424 7421
f 6924 6925 7424
f 6924 7421 7425
f 6924 7425 6928
f 7421 7426 7425
f 7421 7422 7426
f 7425 7428 7427
f 7425 7426 7428
f 7425 7427 6928
f 6928 7427 6930
f 6930 7427 6877
f 6877 7427 7382
f 7382 7427 7428
f 7382 7428 7381
f 7398 7429 7399
f 7398 7397 7429
f 7399 7429 7430
f 6897 7431 6932
f 6897 7432 7431
f 6897 7400 7432
f 7400 7430 7432
f 7400 7399 7430
f 7431 7432 7433
f 7431 7434 6932
f 7431 7433 7434
f 6932 7435 6934
f 6932 7434 7435
f 6934 7435 6936
f 6936 7435 7436
f 6936 7437 6938
f 6936 7436 7437
f 6938 7437 6941
f 6941 7437 7438
f 6941 7438 6942
f 6944 6945 7439
f 6944 7439 6949
f 6949 7439 7440
f 6949 7441 6951
f 6949 7440 7441
f 6951 7441 6954
f 7442 7444 7443
f 6954 7444 7442
f 6954 7441 7444
f 6954 7442 6956
f 6956 7442 7445
f 6956 7445 6958
f 7442 7446 7445
f 7442 7443 7446
f 7445 7448 7447
f 7445 7446 7448
f 7445 7447 6958
f 6958 7447 6960
f 6960 7447 6901
f 6901 7447 7449
f 6901 7449 7401
f 7447 7448 7449
f 7401 7449 7450
f 7401 7450 7404
f 6921 7451 6962
f 6921 7452 7451
f 6921 7420 7452
f 7420 7419 7452
f 7451 7452 7453
f 7451 7454 6962
f 7451 7453 7454
f 6962 7454 6963
f 7455 7457 7456
f 7455 7458 7457
f 6966 7458 7455
f 6966 6967 7458
f 6966 7455 6925
f 6925 7455 7424
f 7424 7455 7456
f 7424 7456 7423
f 7434 7459 7435
f 7434 7433 7459
f 7435 7459 7460
f 7436 7461 7437
f 7436 7460 7461
f 7436 7435 7460
f 7437 7461 7462
f 7437 7462 7463
f 7463 7462 7464
f 7463 7464 7465
f 6942 7465 6972
f 6942 7463 7465
f 6942 7438 7463
f 7438 7437 7463
f 6972 7465 7466
f 6972 7467 6974
f 6972 7466 7467
f 6974 7467 6976
f 7468 7470 7469
f 6976 7470 7468
f 6976 7467 7470
f 6976 7468 6978
f 6978 7468 6945
f 6945 7468 7471
f 6945 7471 7439
f 7468 7469 7471
f 7439 7471 7472
f 7440 7473 7441
f 7440 7472 7473
f 7440 7439 7472
f 7441 7473 7474
f 7441 7474 7444
f 7475 7476 7477
f 7475 7477 7478
f 6982 7478 6983
f 6982 7475 7478
f 6982 6963 7475
f 6963 7454 7475
f 7454 7453 7476
f 7454 7476 7475
f 7479 7481 7480
f 7479 7482 7481
f 6986 7482 7479
f 6986 6987 7482
f 6986 7479 6967
f 6967 7479 7458
f 7458 7479 7480
f 7458 7480 7457
f 7483 7484 7485
f 7483 7485 7486
f 7483 7486 7487
f 7483 7487 7488
f 7483 7488 7489
f 7483 7489 7484
f 7488 7490 7489
f 7488 7491 7490
f 7488 7487 7492
f 7488 7492 7491
f 7491 7492 7493
f 7491 7493 7494
f 7464 7494 7465
f 7464 7491 7494
f 7464 7462 7490
f 7464 7490 7491
f 7465 7494 7495
f 7494 7493 7496
f 7494 7496 7495
f 7495 7496 7497
f 7495 7497 7498
f 7466 7498 7467
f 7466 7495 7498
f 7466 7465 7495
f 7467 7498 7499
f 7498 7497 7500
f 7498 7500 7499
f 7499 7500 7501
f 7499 7501 7502
f 7499 7502 7503
f 7467 7503 7470
f 7467 7499 7503
f 7502 7504 7503
f 7502 7501 7504
f 7505 7506 7507
f 7505 7507 7508
f 6990 7508 6991
f 6990 7505 7508
f 6990 6983 7505
f 6983 7478 7505
f 7478 7477 7506
f 7478 7506 7505
f 7509 7511 7510
f 7509 7512 7511
f 6994 7512 7509
f 6994 6995 7512
f 6994 7509 6987
f 6987 7509 7482
f 7482 7509 7510
f 7482 7510 7481
f 7513 7514 7515
f 7513 7515 7516
f 7513 7516 7517
f 7513 7517 7518
f 7513 7518 7519
f 7513 7519 7514
f 7518 7520 7519
f 7518 7521 7520
f 7518 7517 7522
f 7518 7522 7521
f 7521 7522 7523
f 7521 7523 7524
f 7486 7524 7487
f 7486 7521 7524
f 7486 7485 7520
f 7486 7520 7521
f 7487 7524 7525
f 7524 7523 7526
f 7524 7526 7525
f 6998 7526 6999
f 6998 7525 7526
f 6998 7002 7527
f 6998 7527 7525
f 7492 7527 7493
f 7492 7525 7527
f 7492 7487 7525
f 7493 7527 7528
f 7527 7002 7528
f 7002 7003 7528
f 7003 7006 7529
f 7003 7529 7528
f 7496 7529 7497
f 7496 7528 7529
f 7496 7493 7528
f 7497 7529 7530
f 7529 7006 7530
f 7006 7007 7531
f 7006 7531 7530
f 7530 7531 7532
f 7500 7532 7501
f 7500 7530 7532
f 7500 7497 7530
f 7501 7532 7533
f 7532 7531 7534
f 7532 7534 7533
f 7533 7534 7535
f 7533 7535 7536
f 7533 7536 7537
f 7501 7537 7504
f 7501 7533 7537
f 7536 7538 7537
f 7536 7535 7538
f 7539 7540 7541
f 7539 7541 7542
f 7010 7542 7011
f 7010 7539 7542
f 7010 6991 7539
f 6991 7508 7539
f 7508 7507 7540
f 7508 7540 7539
f 7014 7015 7543
f 7014 7544 6995
f 7014 7543 7544
f 6995 7545 7512
f 6995 7544 7545
f 7512 7545 7511
f 7544 7546 7545
f 7544 7543 7546
f 7547 7548 7549
f 7547 7549 7550
f 7547 7550 7551
f 7547 7551 7552
f 7547 7552 7553
f 7547 7553 7548
f 7552 7554 7553
f 7552 7555 7554
f 7552 7551 7556
f 7552 7556 7555
f 7018 7556 7019
f 7018 7555 7556
f 7018 7022 7557
f 7018 7557 7555
f 7516 7557 7517
f 7516 7555 7557
f 7516 7515 7554
f 7516 7554 7555
f 7517 7557 7558
f 7557 7022 7558
f 7022 7023 7558
f 7023 7026 7559
f 7023 7559 7558
f 7522 7559 7523
f 7522 7558 7559
f 7522 7517 7558
f 7523 7559 7560
f 7559 7026 7560
f 7026 7027 7560
f 7027 6999 7560
f 6999 7526 7560
f 7526 7523 7560
f 7007 7030 7561
f 7007 7561 7531
f 7531 7561 7562
f 7561 7030 7562
f 7030 7031 7562
f 7031 7034 7563
f 7031 7563 7562
f 7534 7563 7535
f 7534 7562 7563
f 7534 7531 7562
f 7535 7563 7564
f 7563 7034 7564
f 7034 7035 7565
f 7034 7565 7564
f 7564 7565 7566
f 7564 7566 7567
f 7535 7567 7538
f 7535 7564 7567
f 7566 7568 7567
f 7566 7565 7568
f 7569 7570 7571
f 7569 7571 7572
f 7569 7572 7573
f 7569 7573 7574
f 7569 7574 7575
f 7569 7575 7570
f 7574 7576 7575
f 7574 7577 7576
f 7574 7573 7578
f 7574 7578 7577
f 7038 7578 7039
f 7038 7577 7578
f 7038 7011 7577
f 7011 7542 7577
f 7542 7541 7576
f 7542 7576 7577
f 7015 7042 7579
f 7015 7579 7543
f 7543 7581 7580
f 7543 7579 7581
f 7579 7582 7581
f 7579 7042 7582
f 7042 7043 7582
f 7543 7580 7546
f 7583 7584 7585
f 7583 7585 7586
f 7583 7586 7587
f 7583 7587 7588
f 7583 7588 7589
f 7583 7589 7584
f 7588 7590 7589
f 7588 7591 7590
f 7588 7587 7592
f 7588 7592 7591
f 7046 7592 7047
f 7046 7591 7592
f 7046 7050 7593
f 7046 7593 7591
f 7550 7593 7551
f 7550 7591 7593
f 7550 7549 7590
f 7550 7590 7591
f 7551 7593 7594
f 7593 7050 7594
f 7050 7051 7594
f 7051 7019 7594
f 7019 7556 7594
f 7556 7551 7594
f 7035 7054 7595
f 7035 7595 7565
f 7565 7595 7596
f 7595 7054 7596
f 7054 7055 7597
f 7054 7597 7596
f 7596 7597 7598
f 7596 7598 7599
f 7565 7599 7568
f 7565 7596 7599
f 7598 7600 7599
f 7598 7597 7600
f 7601 7602 7603
f 7601 7603 7604
f 7058 7604 7059
f 7058 7601 7604
f 7058 7062 7605
f 7058 7605 7601
f 7572 7605 7573
f 7572 7601 7605
f 7572 7571 7602
f 7572 7602 7601
f 7573 7605 7606
f 7605 7062 7606
f 7062 7063 7606
f 7063 7039 7606
f 7039 7578 7606
f 7578 7573 7606
f 7066 7067 7607
f 7066 7608 7043
f 7066 7607 7608
f 7043 7609 7582
f 7043 7608 7609
f 7582 7609 7581
f 7608 7610 7609
f 7608 7607 7610
f 7611 7612 7613
f 7611 7613 7614
f 7611 7614 7615
f 7611 7615 7616
f 7611 7616 7617
f 7611 7617 7612
f 7616 7618 7617
f 7616 7619 7618
f 7616 7615 7620
f 7616 7620 7619
f 7070 7620 7071
f 7070 7619 7620
f 7070 7074 7621
f 7070 7621 7619
f 7586 7621 7587
f 7586 7619 7621
f 7586 7585 7618
f 7586 7618 7619
f 7587 7621 7622
f 7621 7074 7622
f 7074 7075 7622
f 7075 7047 7622
f 7047 7592 7622
f 7592 7587 7622
f 7055 7078 7623
f 7055 7623 7597
f 7597 7623 7624
f 7623 7078 7624
f 7078 7079 7625
f 7078 7625 7624
f 7624 7625 7626
f 7624 7626 7627
f 7597 7627 7600
f 7597 7624 7627
f 7626 7628 7627
f 7626 7625 7628
f 7629 7630 7631
f 7629 7631 7632
f 7629 7632 7633
f 7629 7633 7634
f 7629 7634 7635
f 7629 7635 7630
f 7634 7636 7635
f 7634 7637 7636
f 7634 7633 7638
f 7634 7638 7637
f 7082 7638 7083
f 7082 7637 7638
f 7082 7059 7637
f 7059 7604 7637
f 7604 7603 7636
f 7604 7636 7637
f 7086 7087 7639
f 7086 7640 7067
f 7086 7639 7640
f 7067 7640 7607
f 7607 7642 7641
f 7607 7640 7642
f 7640 7639 7642
f 7607 7641 7610
f 7643 7644 7645
f 7643 7645 7646
f 7643 7646 7647
f 7643 7647 7648
f 7643 7648 7649
f 7643 7649 7644
f 7648 7650 7649
f 7648 7651 7650
f 7648 7647 7652
f 7648 7652 7651
f 7651 7652 7653
f 7651 7653 7654
f 7614 7654 7615
f 7614 7651 7654
f 7614 7613 7650
f 7614 7650 7651
f 7615 7654 7655
f 7654 7653 7656
f 7654 7656 7655
f 7092 7656 7093
f 7092 7655 7656
f 7092 7071 7655
f 7071 7620 7655
f 7620 7615 7655
f 7096 7097 7657
f 7096 7658 7079
f 7096 7657 7658
f 7079 7658 7625
f 7625 7658 7659
f 7658 7657 7660
f 7658 7660 7659
f 7659 7660 7661
f 7659 7661 7662
f 7659 7662 7663
f 7625 7663 7628
f 7625 7659 7663
f 7662 7664 7663
f 7662 7661 7664
f 7665 7666 7667
f 7665 7667 7668
f 7665 7668 7669
f 7665 7669 7670
f 7632 7670 7633
f 7632 7665 7670
f 7632 7631 7666
f 7632 7666 7665
f 7633 7670 7671
f 7670 7669 7672
f 7670 7672 7671
f 7101 7672 7102
f 7101 7671 7672
f 7101 7083 7671
f 7083 7638 7671
f 7638 7633 7671
f 7087 7103 7673
f 7087 7673 7639
f 7639 7673 7674
f 7673 7103 7674
f 7103 7105 7675
f 7103 7675 7674
f 7674 7675 7676
f 7674 7676 7677
f 7639 7677 7642
f 7639 7674 7677
f 7676 7678 7677
f 7676 7679 7678
f 7676 7675 7680
f 7676 7680 7679
f 7679 7680 7681
f 7679 7681 7682
f 7646 7682 7647
f 7646 7679 7682
f 7646 7645 7678
f 7646 7678 7679
f 7647 7682 7683
f 7682 7681 7684
f 7682 7684 7683
f 7108 7684 7109
f 7108 7683 7684
f 7108 7112 7685
f 7108 7685 7683
f 7652 7685 7653
f 7652 7683 7685
f 7652 7647 7683
f 7653 7685 7686
f 7685 7112 7686
f 7112 7113 7686
f 7113 7093 7686
f 7093 7656 7686
f 7656 7653 7686
f 7097 7116 7687
f 7097 7687 7657
f 7657 7687 7688
f 7687 7116 7688
f 7116 7117 7689
f 7116 7689 7688
f 7688 7689 7690
f 7660 7690 7661
f 7660 7688 7690
f 7660 7657 7688
f 7661 7690 7691
f 7690 7689 7692
f 7690 7692 7691
f 7691 7692 7693
f 7691 7693 7694
f 7691 7694 7695
f 7661 7695 7664
f 7661 7691 7695
f 7694 7696 7695
f 7694 7697 7696
f 7694 7693 7698
f 7694 7698 7697
f 7120 7698 7121
f 7120 7697 7698
f 7120 7123 7699
f 7120 7699 7697
f 7668 7699 7669
f 7668 7697 7699
f 7668 7667 7696
f 7668 7696 7697
f 7669 7699 7700
f 7699 7123 7700
f 7123 7124 7700
f 7124 7102 7700
f 7102 7672 7700
f 7672 7669 7700
f 7126 7127 7701
f 7126 7702 7105
f 7126 7701 7702
f 7105 7702 7675
f 7675 7702 7703
f 7702 7701 7704
f 7702 7704 7703
f 7703 7704 7705
f 7703 7705 7706
f 7680 7706 7681
f 7680 7703 7706
f 7680 7675 7703
f 7681 7706 7707
f 7706 7705 7708
f 7706 7708 7707
f 7130 7708 7131
f 7130 7707 7708
f 7130 7109 7707
f 7109 7684 7707
f 7684 7681 7707
f 7134 7135 7709
f 7134 7710 7117
f 7134 7709 7710
f 7117 7710 7689
f 7689 7710 7711
f 7710 7709 7712
f 7710 7712 7711
f 7711 7712 7713
f 7711 7713 7714
f 7692 7714 7693
f 7692 7711 7714
f 7692 7689 7711
f 7693 7714 7715
f 7714 7713 7716
f 7714 7716 7715
f 7138 7716 7139
f 7138 7715 7716
f 7138 7121 7715
f 7121 7698 7715
f 7698 7693 7715
f 7142 7143 7717
f 7142 7717 7147
f 7718 7720 7719
f 7147 7720 7718
f 7147 7717 7720
f 7147 7718 7149
f 7149 7718 7127
f 7127 7718 7721
f 7127 7721 7701
f 7718 7719 7721
f 7701 7721 7722
f 7701 7722 7723
f 7723 7722 7724
f 7723 7724 7725
f 7723 7725 7726
f 7704 7726 7705
f 7704 7723 7726
f 7704 7701 7723
f 7705 7726 7727
f 7726 7725 7728
f 7726 7728 7727
f 7727 7728 7729
f 7131 7729 7152
f 7131 7727 7729
f 7131 7708 7727
f 7708 7705 7727
f 7152 7729 7730
f 7152 7730 7153
f 7156 7157 7731
f 7156 7731 7160
f 7160 7731 7732
f 7160 7733 7162
f 7160 7732 7733
f 7162 7734 7135
f 7162 7733 7734
f 7135 7734 7709
f 7709 7736 7735
f 7709 7734 7736
f 7734 7733 7736
f 7712 7737 7713
f 7712 7735 7737
f 7712 7709 7735
f 7713 7737 7738
f 7713 7738 7739
f 7739 7738 7740
f 7739 7740 7741
f 7139 7741 7165
f 7139 7739 7741
f 7139 7716 7739
f 7716 7713 7739
f 7165 7741 7742
f 7165 7742 7166
f 7168 7169 7743
f 7168 7744 7143
f 7168 7743 7744
f 7143 7744 7717
f 7717 7746 7745
f 7717 7744 7746
f 7744 7743 7746
f 7717 7745 7720
f 7724 7747 7725
f 7724 7722 7747
f 7725 7747 7748
f 7725 7748 7749
f 7749 7748 7750
f 7749 7750 7751
f 7749 7751 7752
f 7728 7752 7729
f 7728 7749 7752
f 7728 7725 7749
f 7729 7752 7753
f 7752 7751 7754
f 7752 7754 7753
f 7174 7754 7175
f 7174 7753 7754
f 7174 7153 7753
f 7153 7730 7753
f 7730 7729 7753
f 7178 7179 7755
f 7178 7756 7157
f 7178 7755 7756
f 7157 7756 7731
f 7731 7758 7757
f 7731 7756 7758
f 7756 7755 7758
f 7732 7759 7733
f 7732 7757 7759
f 7732 7731 7757
f 7733 7759 7760
f 7733 7760 7736
f 7761 7762 7763
f 7761 7763 7764
f 7761 7764 7765
f 7761 7765 7766
f 7740 7766 7741
f 7740 7761 7766
f 7740 7738 7762
f 7740 7762 7761
f 7741 7766 7767
f 7766 7765 7768
f 7766 7768 7767
f 7183 7768 7182
f 7183 7767 7768
f 7183 7166 7767
f 7166 7742 7767
f 7742 7741 7767
f 7769 7771 7770
f 7769 7772 7771
f 7186 7772 7769
f 7186 7187 7772
f 7186 7769 7169
f 7169 7769 7773
f 7169 7773 7743
f 7769 7770 7773
f 7743 7773 7774
f 7743 7774 7746
f 7750 7775 7751
f 7750 7748 7775
f 7751 7775 7776
f 7751 7776 7777
f 7777 7776 7778
f 7777 7778 7779
f 7175 7779 7190
f 7175 7777 7779
f 7175 7754 7777
f 7754 7751 7777
f 7190 7779 7780
f 7190 7780 7191
f 7194 7195 7781
f 7194 7781 7198
f 7782 7784 7783
f 7198 7784 7782
f 7198 7781 7784
f 7198 7782 7200
f 7200 7782 7179
f 7179 7782 7785
f 7179 7785 7755
f 7782 7783 7785
f 7755 7785 7786
f 7755 7786 7758
f 7764 7787 7765
f 7764 7763 7787
f 7765 7787 7788
f 7765 7788 7789
f 7789 7788 7790
f 7202 7790 7203
f 7202 7789 7790
f 7202 7182 7789
f 7182 7768 7789
f 7768 7765 7789
f 7206 7207 7791
f 7206 7791 7210
f 7792 7794 7793
f 7210 7794 7792
f 7210 7791 7794
f 7210 7792 7212
f 7212 7792 7187
f 7187 7792 7772
f 7772 7792 7793
f 7772 7793 7771
f 7778 7795 7779
f 7778 7776 7795
f 7779 7795 7796
f 7779 7796 7797
f 7797 7796 7798
f 7797 7798 7799
f 7191 7799 7214
f 7191 7797 7799
f 7191 7780 7797
f 7780 7779 7797
f 7214 7799 7800
f 7214 7800 7215
f 7218 7219 7801
f 7218 7801 7222
f 7802 7804 7803
f 7222 7804 7802
f 7222 7801 7804
f 7222 7802 7224
f 7224 7802 7195
f 7195 7802 7805
f 7195 7805 7781
f 7802 7803 7805
f 7781 7805 7806
f 7781 7806 7784
f 7807 7808 7809
f 7807 7809 7810
f 7807 7810 7811
f 7203 7811 7226
f 7203 7807 7811
f 7203 7790 7807
f 7790 7788 7808
f 7790 7808 7807
f 7226 7811 7812
f 7226 7812 7227
f 7813 7815 7814
f 7813 7816 7815
f 7230 7816 7813
f 7230 7231 7816
f 7230 7813 7207
f 7207 7813 7817
f 7207 7817 7791
f 7813 7814 7817
f 7791 7817 7818
f 7791 7818 7794
f 7798 7819 7799
f 7798 7796 7819
f 7799 7819 7820
f 7799 7820 7821
f 7821 7820 7822
f 7821 7822 7823
f 7215 7823 7234
f 7215 7821 7823
f 7215 7800 7821
f 7800 7799 7821
f 7234 7823 7824
f 7234 7825 7236
f 7234 7824 7825
f 7236 7825 7238
f 7238 7825 7826
f 7238 7826 7239
f 7242 7243 7827
f 7242 7827 7246
f 7246 7827 7828
f 7246 7829 7248
f 7246 7828 7829
f 7248 7829 7250
f 7830 7832 7831
f 7250 7832 7830
f 7250 7829 7832
f 7250 7830 7252
f 7252 7830 7219
f 7219 7830 7833
f 7219 7833 7801
f 7830 7831 7833
f 7801 7833 7834
f 7801 7834 7804
f 7810 7835 7811
f 7810 7809 7835
f 7811 7835 7836
f 7811 7836 7837
f 7837 7836 7838
f 7254 7838 7255
f 7254 7837 7838
f 7254 7227 7837
f 7227 7812 7837
f 7812 7811 7837
f 7839 7841 7840
f 7839 7842 7841
f 7258 7842 7839
f 7258 7259 7842
f 7258 7839 7231
f 7231 7839 7816
f 7816 7839 7840
f 7816 7840 7815
f 7822 7843 7823
f 7822 7820 7843
f 7823 7843 7844
f 7823 7844 7845
f 7845 7844 7846
f 7845 7846 7847
f 7845 7847 7848
f 7824 7848 7825
f 7824 7845 7848
f 7824 7823 7845
f 7825 7848 7849
f 7848 7847 7850
f 7848 7850 7849
f 7849 7850 7851
f 7239 7851 7262
f 7239 7849 7851
f 7239 7826 7849
f 7826 7825 7849
f 7262 7851 7852
f 7262 7853 7264
f 7262 7852 7853
f 7264 7853 7266
f 7266 7853 7854
f 7266 7855 7268
f 7266 7854 7855
f 7268 7856 7243
f 7268 7855 7856
f 7243 7856 7827
f 7827 7858 7857
f 7827 7856 7858
f 7856 7855 7858
f 7828 7859 7829
f 7828 7857 7859
f 7828 7827 7857
f 7829 7859 7860
f 7829 7860 7832
f 7861 7862 7863
f 7861 7863 7864
f 7270 7864 7271
f 7270 7861 7864
f 7270 7255 7861
f 7255 7838 7861
f 7838 7836 7862
f 7838 7862 7861
f 7865 7867 7866
f 7865 7868 7867
f 7274 7868 7865
f 7274 7275 7868
f 7274 7865 7259
f 7259 7865 7842
f 7842 7865 7866
f 7842 7866 7841
f 7846 7869 7847
f 7846 7844 7869
f 7847 7869 7870
f 7847 7870 7871
f 7871 7870 7872
f 7871 7872 7873
f 7871 7873 7874
f 7850 7874 7851
f 7850 7871 7874
f 7850 7847 7871
f 7851 7874 7875
f 7874 7873 7876
f 7874 7876 7875
f 7875 7876 7877
f 7875 7877 7878
f 7852 7878 7853
f 7852 7875 7878
f 7852 7851 7875
f 7853 7880 7879
f 7853 7878 7880
f 7878 7877 7880
f 7854 7881 7855
f 7854 7879 7881
f 7854 7853 7879
f 7855 7881 7882
f 7855 7882 7858
f 7883 7884 7885
f 7883 7885 7886
f 7278 7886 7279
f 7278 7883 7886
f 7278 7271 7883
f 7271 7864 7883
f 7864 7863 7884
f 7864 7884 7883
f 7887 7889 7888
f 7887 7890 7889
f 7282 7890 7887
f 7282 7283 7890
f 7282 7887 7275
f 7275 7887 7868
f 7868 7887 7888
f 7868 7888 7867
f 7891 7892 7893
f 7891 7893 7894
f 7891 7894 7895
f 7891 7895 7896
f 7891 7896 7897
f 7891 7897 7892
f 7896 7898 7897
f 7896 7899 7898
f 7896 7895 7900
f 7896 7900 7899
f 7899 7900 7901
f 7899 7901 7902
f 7899 7902 7903
f 7899 7903 7898
f 7902 7904 7903
f 7902 7905 7904
f 7902 7901 7906
f 7902 7906 7905
f 7287 7906 7288
f 7287 7905 7906
f 7287 7290 7907
f 7287 7907 7905
f 7872 7907 7873
f 7872 7905 7907
f 7872 7870 7904
f 7872 7904 7905
f 7873 7907 7908
f 7907 7290 7908
f 7290 7291 7908
f 7291 7294 7909
f 7291 7909 7908
f 7876 7909 7877
f 7876 7908 7909
f 7876 7873 7908
f 7877 7909 7910
f 7909 7294 7910
f 7294 7295 7911
f 7294 7911 7910
f 7910 7911 7912
f 7910 7912 7913
f 7877 7913 7880
f 7877 7910 7913
f 7912 7914 7913
f 7912 7915 7914
f 7912 7911 7916
f 7912 7916 7915
f 7915 7916 7917
f 7915 7917 7918
f 7915 7918 7919
f 7915 7919 7914
f 7918 7920 7919
f 7918 7917 7920
f 7921 7922 7923
f 7921 7923 7924
f 7300 7924 7301
f 7300 7921 7924
f 7300 7279 7921
f 7279 7886 7921
f 7886 7885 7922
f 7886 7922 7921
f 7283 7304 7925
f 7283 7926 7890
f 7283 7925 7926
f 7890 7926 7889
f 7925 7927 7926
f 7925 7928 7927
f 7925 7304 7928
f 7304 7305 7928
f 7929 7930 7931
f 7929 7931 7932
f 7929 7932 7933
f 7929 7933 7934
f 7929 7934 7935
f 7929 7935 7930
f 7934 7936 7935
f 7934 7937 7936
f 7934 7933 7938
f 7934 7938 7937
f 7308 7938 7309
f 7308 7937 7938
f 7308 7312 7939
f 7308 7939 7937
f 7937 7939 7940
f 7937 7940 7936
f 7939 7941 7940
f 7939 7942 7941
f 7939 7312 7942
f 7312 7313 7942
f 7313 7316 7943
f 7313 7943 7942
f 7894 7943 7895
f 7894 7942 7943
f 7894 7893 7941
f 7894 7941 7942
f 7895 7943 7944
f 7943 7316 7944
f 7316 7317 7944
f 7317 7319 7945
f 7317 7945 7944
f 7900 7945 7901
f 7900 7944 7945
f 7900 7895 7944
f 7901 7945 7946
f 7945 7319 7946
f 7319 7320 7946
f 7320 7288 7946
f 7288 7906 7946
f 7906 7901 7946
f 7295 7321 7947
f 7295 7947 7911
f 7911 7947 7948
f 7947 7321 7948
f 7321 7322 7948
f 7322 7324 7949
f 7322 7949 7948
f 7916 7949 7917
f 7916 7948 7949
f 7916 7911 7948
f 7917 7949 7950
f 7949 7324 7950
f 7324 7325 7950
f 7325 7328 7951
f 7325 7951 7950
f 7950 7951 7952
f 7917 7952 7920
f 7917 7950 7952
f 7951 7953 7952
f 7951 7954 7953
f 7951 7328 7954
f 7328 7329 7955
f 7328 7955 7954
f 7954 7955 7956
f 7954 7956 7957
f 7954 7957 7953
f 7956 7958 7957
f 7956 7955 7958
f 7959 7960 7961
f 7959 7961 7962
f 7332 7962 7333
f 7332 7959 7962
f 7332 7336 7963
f 7332 7963 7959
f 7959 7963 7964
f 7959 7964 7960
f 7963 7965 7964
f 7963 7966 7965
f 7963 7336 7966
f 7336 7337 7966
f 7337 7301 7966
f 7301 7924 7966
f 7924 7923 7965
f 7924 7965 7966
f 7305 7340 7967
f 7305 7968 7928
f 7305 7967 7968
f 7928 7968 7927
f 7967 7969 7968
f 7967 7970 7969
f 7967 7340 7970
f 7340 7341 7970
f 7341 7344 7971
f 7341 7971 7970
f 7970 7971 7972
f 7970 7972 7969
f 7971 7973 7972
f 7971 7974 7973
f 7971 7344 7974
f 7344 7345 7974
f 7345 7348 7975
f 7345 7975 7974
f 7974 7975 7976
f 7974 7976 7973
f 7975 7977 7976
f 7975 7978 7977
f 7975 7348 7978
f 7348 7349 7978
f 7349 7352 7979
f 7349 7979 7978
f 7978 7979 7980
f 7978 7980 7977
f 7979 7981 7980
f 7979 7982 7981
f 7979 7352 7982
f 7352 7353 7982
f 7353 7356 7983
f 7353 7983 7982
f 7932 7983 7933
f 7932 7982 7983
f 7932 7931 7981
f 7932 7981 7982
f 7933 7983 7984
f 7983 7356 7984
f 7356 7357 7984
f 7357 7309 7984
f 7309 7938 7984
f 7938 7933 7984
f 7329 7360 7985
f 7329 7985 7955
f 7955 7985 7986
f 7985 7360 7986
f 7360 7361 7986
f 7361 7364 7987
f 7361 7987 7986
f 7986 7987 7988
f 7955 7988 7958
f 7955 7986 7988
f 7987 7989 7988
f 7987 7990 7989
f 7987 7364 7990
f 7364 7365 7990
f 7365 7368 7991
f 7365 7991 7990
f 7990 7991 7992
f 7990 7992 7989
f 7991 7993 7992
f 7991 7994 7993
f 7991 7368 7994
f 7368 7369 7994
f 7369 7372 7995
f 7369 7995 7994
f 7994 7995 7996
f 7994 7996 7993
f 7995 7997 7996
f 7995 7998 7997
f 7995 7372 7998
f 7372 7373 7998
f 7373 7376 7999
f 7373 7999 7998
f 7998 7999 8000
f 7998 8000 7997
f 7999 8001 8000
f 7999 8002 8001
f 7999 7376 8002
f 7376 7377 8002
f 7377 7333 8002
f 7333 7962 8002
f 7962 7961 8001
f 7962 8001 8002
f 7380 7381 8003
f 7380 8003 7384
f 7384 8003 8004
f 7384 8005 7386
f 7384 8004 8005
f 7386 8005 7388
f 7388 8005 8006
f 7388 8007 7390
f 7388 8006 8007
f 7390 8007 7392
f 7392 8007 8008
f 7392 8009 7394
f 7392 8008 8009
f 7394 8009 7396
f 7396 8009 8010
f 7396 8010 7397
f 7403 7404 8011
f 7403 8011 7406
f 7406 8011 8012
f 7406 8013 7408
f 7406 8012 8013
f 7408 8013 7410
f 7410 8013 8014
f 7410 8015 7412
f 7410 8014 8015
f 7412 8015 7414
f 7414 8015 8016
f 7414 8017 7416
f 7414 8016 8017
f 7416 8017 7418
f 7418 8017 8018
f 7418 8018 7419
f 7422 7423 8019
f 7422 8019 7426
f 8020 8022 8021
f 7426 8022 8020
f 7426 8019 8022
f 7426 8020 7428
f 7428 8020 7381
f 7381 8020 8023
f 7381 8023 8003
f 8020 8021 8023
f 8003 8023 8024
f 8004 8025 8005
f 8004 8024 8025
f 8004 8003 8024
f 8005 8025 8026
f 8006 8027 8007
f 8006 8026 8027
f 8006 8005 8026
f 8007 8027 8028
f 8008 8029 8009
f 8008 8028 8029
f 8008 8007 8028
f 8009 8029 8030
f 8009 8030 8031
f 8031 8030 8032
f 8031 8032 8033
f 7397 8033 7429
f 7397 8031 8033
f 7397 8010 8031
f 8010 8009 8031
f 7429 8033 8034
f 7429 8035 7430
f 7429 8034 8035
f 7430 8035 7432
f 7432 8035 8036
f 7432 8036 7433
f 7443 7444 8037
f 7443 8037 7446
f 7446 8037 8038
f 7446 8039 7448
f 7446 8038 8039
f 7448 8039 7449
f 8040 8042 8041
f 7449 8042 8040
f 7449 8039 8042
f 7449 8040 7450
f 7450 8040 7404
f 7404 8040 8043
f 7404 8043 8011
f 8040 8041 8043
f 8011 8043 8044
f 8012 8045 8013
f 8012 8044 8045
f 8012 8011 8044
f 8013 8045 8046
f 8014 8047 8015
f 8014 8046 8047
f 8014 8013 8046
f 8015 8047 8048
f 8016 8049 8017
f 8016 8048 8049
f 8016 8015 8048
f 8017 8049 8050
f 8017 8050 8051
f 8051 8050 8052
f 8051 8052 8053
f 7419 8053 7452
f 7419 8051 8053
f 7419 8018 8051
f 8018 8017 8051
f 7452 8053 8054
f 7452 8054 7453
f 7456 7457 8055
f 7456 8056 7423
f 7456 8055 8056
f 7423 8056 8019
f 8019 8058 8057
f 8019 8056 8058
f 8056 8055 8058
f 8019 8057 8022
f 8032 8059 8033
f 8032 8030 8059
f 8033 8059 8060
f 8033 8060 8061
f 8061 8060 8062
f 8061 8062 8063
f 8061 8063 8064
f 8034 8064 8035
f 8034 8061 8064
f 8034 8033 8061
f 8035 8064 8065
f 8064 8063 8066
f 8064 8066 8065
f 8065 8066 8067
f 7433 8067 7459
f 7433 8065 8067
f 7433 8036 8065
f 8036 8035 8065
f 7459 8067 8068
f 7459 8069 7460
f 7459 8068 8069
f 7460 8069 7461
f 7461 8069 8070
f 7461 8070 7462
f 7469 7470 8071
f 7469 8071 7471
f 7471 8071 8072
f 7471 8073 7472
f 7471 8072 8073
f 7472 8073 7473
f 7473 8073 8074
f 7473 8075 7474
f 7473 8074 8075
f 7474 8076 7444
f 7474 8075 8076
f 7444 8076 8037
f 8037 8078 8077
f 8037 8076 8078
f 8076 8075 8078
f 8038 8079 8039
f 8038 8077 8079
f 8038 8037 8077
f 8039 8079 8080
f 8039 8080 8042
f 8081 8082 8083
f 8081 8083 8084
f 8081 8084 8085
f 8081 8085 8086
f 8052 8086 8053
f 8052 8081 8086
f 8052 8050 8082
f 8052 8082 8081
f 8053 8086 8087
f 8086 8085 8088
f 8086 8088 8087
f 7476 8088 7477
f 7476 8087 8088
f 7476 7453 8087
f 7453 8054 8087
f 8054 8053 8087
f 7480 7481 8089
f 7480 8090 7457
f 7480 8089 8090
f 7457 8090 8055
f 8055 8092 8091
f 8055 8090 8092
f 8090 8089 8092
f 8055 8091 8058
f 8093 8094 8095
f 8093 8095 8096
f 8093 8096 8097
f 8093 8097 8098
f 8062 8098 8063
f 8062 8093 8098
f 8062 8060 8094
f 8062 8094 8093
f 8063 8098 8099
f 8098 8097 8100
f 8098 8100 8099
f 8099 8100 8101
f 8099 8101 8102
f 8066 8102 8067
f 8066 8099 8102
f 8066 8063 8099
f 8067 8102 8103
f 8102 8101 8104
f 8102 8104 8103
f 7484 8104 7485
f 7484 8103 8104
f 7484 7489 8105
f 7484 8105 8103
f 8068 8105 8069
f 8068 8103 8105
f 8068 8067 8103
f 8069 8105 8106
f 8105 7489 8106
f 7489 7490 8106
f 7490 7462 8106
f 7462 8070 8106
f 8070 8069 8106
f 7470 7503 8107
f 7470 8107 8071
f 8071 8107 8108
f 8107 7503 8108
f 7503 7504 8109
f 7503 8109 8108
f 8108 8109 8110
f 8072 8110 8073
f 8072 8108 8110
f 8072 8071 8108
f 8073 8110 8111
f 8110 8109 8112
f 8110 8112 8111
f 8111 8112 8113
f 8111 8113 8114
f 8074 8114 8075
f 8074 8111 8114
f 8074 8073 8111
f 8075 8116 8115
f 8075 8114 8116
f 8114 8113 8116
f 8075 8115 8078
f 8117 8118 8119
f 8117 8119 8120
f 8117 8120 8121
f 8117 8121 8122
f 8084 8122 8085
f 8084 8117 8122
f 8084 8083 8118
f 8084 8118 8117
f 8085 8122 8123
f 8122 8121 8124
f 8122 8124 8123
f 7506 8124 7507
f 7506 8123 8124
f 7506 7477 8123
f 7477 8088 8123
f 8088 8085 8123
f 7510 7511 8125
f 7510 8126 7481
f 7510 8125 8126
f 7481 8126 8089
f 8089 8128 8127
f 8089 8126 8128
f 8126 8125 8128
f 8089 8127 8092
f 8129 8130 8131
f 8129 8131 8132
f 8129 8132 8133
f 8129 8133 8134
f 8129 8134 8135
f 8129 8135 8130
f 8134 8136 8135
f 8134 8137 8136
f 8134 8133 8138
f 8134 8138 8137
f 8137 8138 8139
f 8137 8139 8140
f 8096 8140 8097
f 8096 8137 8140
f 8096 8095 8136
f 8096 8136 8137
f 8097 8140 8141
f 8140 8139 8142
f 8140 8142 8141
f 7514 8142 7515
f 7514 8141 8142
f 7514 7519 8143
f 7514 8143 8141
f 8100 8143 8101
f 8100 8141 8143
f 8100 8097 8141
f 8101 8143 8144
f 8143 7519 8144
f 7519 7520 8144
f 7520 7485 8144
f 7485 8104 8144
f 8104 8101 8144
f 7504 7537 8145
f 7504 8145 8109
f 8109 8145 8146
f 8145 7537 8146
f 7537 7538 8147
f 7537 8147 8146
f 8146 8147 8148
f 8112 8148 8113
f 8112 8146 8148
f 8112 8109 8146
f 8113 8148 8149
f 8148 8147 8150
f 8148 8150 8149
f 8149 8150 8151
f 8149 8151 8152
f 8149 8152 8153
f 8113 8153 8116
f 8113 8149 8153
f 8152 8154 8153
f 8152 8151 8154
f 8155 8156 8157
f 8155 8157 8158
f 8155 8158 8159
f 8155 8159 8160
f 8120 8160 8121
f 8120 8155 8160
f 8120 8119 8156
f 8120 8156 8155
f 8121 8160 8161
f 8160 8159 8162
f 8160 8162 8161
f 7540 8162 7541
f 7540 8161 8162
f 7540 7507 8161
f 7507 8124 8161
f 8124 8121 8161
f 7511 7545 8163
f 7511 8163 8125
f 8125 8163 8164
f 8163 7545 8164
f 7545 7546 8165
f 7545 8165 8164
f 8164 8165 8166
f 8164 8166 8167
f 8125 8167 8128
f 8125 8164 8167
f 8166 8168 8167
f 8166 8165 8168
f 8169 8170 8171
f 8169 8171 8172
f 8169 8172 8173
f 8169 8173 8174
f 8169 8174 8175
f 8169 8175 8170
f 8174 8176 8175
f 8174 8177 8176
f 8174 8173 8178
f 8174 8178 8177
f 8177 8178 8179
f 8177 8179 8180
f 8132 8180 8133
f 8132 8177 8180
f 8132 8131 8176
f 8132 8176 8177
f 8133 8180 8181
f 8180 8179 8182
f 8180 8182 8181
f 7548 8182 7549
f 7548 8181 8182
f 7548 7553 8183
f 7548 8183 8181
f 8138 8183 8139
f 8138 8181 8183
f 8138 8133 8181
f 8139 8183 8184
f 8183 7553 8184
f 7553 7554 8184
f 7554 7515 8184
f 7515 8142 8184
f 8142 8139 8184
f 7538 7567 8185
f 7538 8185 8147
f 8147 8185 8186
f 8185 7567 8186
f 7567 7568 8187
f 7567 8187 8186
f 8186 8187 8188
f 8150 8188 8151
f 8150 8186 8188
f 8150 8147 8186
f 8151 8188 8189
f 8188 8187 8190
f 8188 8190 8189
f 8189 8190 8191
f 8189 8191 8192
f 8189 8192 8193
f 8151 8193 8154
f 8151 8189 8193
f 8192 8194 8193
f 8192 8191 8194
f 8195 8196 8197
f 8195 8197 8198
f 8195 8198 8199
f 8195 8199 8200
f 8195 8200 8201
f 8195 8201 8196
f 8200 8202 8201
f 8200 8203 8202
f 8200 8199 8204
f 8200 8204 8203
f 7570 8204 7571
f 7570 8203 8204
f 7570 7575 8205
f 7570 8205 8203
f 8158 8205 8159
f 8158 8203 8205
f 8158 8157 8202
f 8158 8202 8203
f 8159 8205 8206
f 8205 7575 8206
f 7575 7576 8206
f 7576 7541 8206
f 7541 8162 8206
f 8162 8159 8206
f 7580 7581 8207
f 7580 8208 7546
f 7580 8207 8208
f 7546 8208 8165
f 8165 8208 8209
f 8208 8207 8210
f 8208 8210 8209
f 8209 8210 8211
f 8209 8211 8212
f 8209 8212 8213
f 8165 8213 8168
f 8165 8209 8213
f 8212 8214 8213
f 8212 8215 8214
f 8212 8211 8216
f 8212 8216 8215
f 8215 8216 8217
f 8215 8217 8218
f 8215 8218 8219
f 8215 8219 8214
f 8218 8220 8219
f 8218 8221 8220
f 8218 8217 8222
f 8218 8222 8221
f 8221 8222 8223
f 8221 8223 8224
f 8172 8224 8173
f 8172 8221 8224
f 8172 8171 8220
f 8172 8220 8221
f 8173 8224 8225
f 8224 8223 8226
f 8224 8226 8225
f 7584 8226 7585
f 7584 8225 8226
f 7584 7589 8227
f 7584 8227 8225
f 8178 8227 8179
f 8178 8225 8227
f 8178 8173 8225
f 8179 8227 8228
f 8227 7589 8228
f 7589 7590 8228
f 7590 7549 8228
f 7549 8182 8228
f 8182 8179 8228
f 7568 7599 8229
f 7568 8229 8187
f 8187 8229 8230
f 8229 7599 8230
f 7599 7600 8231
f 7599 8231 8230
f 8230 8231 8232
f 8190 8232 8191
f 8190 8230 8232
f 8190 8187 8230
f 8191 8232 8233
f 8232 8231 8234
f 8232 8234 8233
f 8233 8234 8235
f 8233 8235 8236
f 8233 8236 8237
f 8191 8237 8194
f 8191 8233 8237
f 8236 8238 8237
f 8236 8239 8238
f 8236 8235 8240
f 8236 8240 8239
f 8239 8240 8241
f 8239 8241 8242
f 8239 8242 8243
f 8239 8243 8238
f 8242 8244 8243
f 8242 8245 8244
f 8242 8241 8246
f 8242 8246 8245
f 8245 8246 8247
f 8245 8247 8248
f 8198 8248 8199
f 8198 8245 8248
f 8198 8197 8244
f 8198 8244 8245
f 8199 8248 8249
f 8248 8247 8250
f 8248 8250 8249
f 7602 8250 7603
f 7602 8249 8250
f 7602 7571 8249
f 7571 8204 8249
f 8204 8199 8249
f 7581 7609 8251
f 7581 8251 8207
f 8207 8251 8252
f 8251 7609 8252
f 7609 7610 8253
f 7609 8253 8252
f 8252 8253 8254
f 8210 8254 8211
f 8210 8252 8254
f 8210 8207 8252
f 8211 8254 8255
f 8254 8253 8256
f 8254 8256 8255
f 8255 8256 8257
f 8255 8257 8258
f 8216 8258 8217
f 8216 8255 8258
f 8216 8211 8255
f 8217 8258 8259
f 8258 8257 8260
f 8258 8260 8259
f 7612 8260 7613
f 7612 8259 8260
f 7612 7617 8261
f 7612 8261 8259
f 8222 8261 8223
f 8222 8259 8261
f 8222 8217 8259
f 8223 8261 8262
f 8261 7617 8262
f 7617 7618 8262
f 7618 7585 8262
f 7585 8226 8262
f 8226 8223 8262
f 7600 7627 8263
f 7600 8263 8231
f 8231 8263 8264
f 8263 7627 8264
f 7627 7628 8265
f 7627 8265 8264
f 8264 8265 8266
f 8234 8266 8235
f 8234 8264 8266
f 8234 8231 8264
f 8235 8266 8267
f 8266 8265 8268
f 8266 8268 8267
f 8267 8268 8269
f 8267 8269 8270
f 8240 8270 8241
f 8240 8267 8270
f 8240 8235 8267
f 8241 8270 8271
f 8270 8269 8272
f 8270 8272 8271
f 7630 8272 7631
f 7630 8271 8272
f 7630 7635 8273
f 7630 8273 8271
f 8246 8273 8247
f 8246 8271 8273
f 8246 8241 8271
f 8247 8273 8274
f 8273 7635 8274
f 7635 7636 8274
f 7636 7603 8274
f 7603 8250 8274
f 8250 8247 8274
f 7641 7642 8275
f 7641 8276 7610
f 7641 8275 8276
f 7610 8276 8253
f 8253 8276 8277
f 8276 8275 8278
f 8276 8278 8277
f 7644 8278 7645
f 7644 8277 8278
f 7644 7649 8279
f 7644 8279 8277
f 8256 8279 8257
f 8256 8277 8279
f 8256 8253 8277
f 8257 8279 8280
f 8279 7649 8280
f 7649 7650 8280
f 7650 7613 8280
f 7613 8260 8280
f 8260 8257 8280
f 7628 7663 8281
f 7628 8281 8265
f 8265 8281 8282
f 8281 7663 8282
f 7663 7664 8283
f 7663 8283 8282
f 8282 8283 8284
f 8268 8284 8269
f 8268 8282 8284
f 8268 8265 8282
f 8269 8284 8285
f 8284 8283 8286
f 8284 8286 8285
f 7666 8286 7667
f 7666 8285 8286
f 7666 7631 8285
f 7631 8272 8285
f 8272 8269 8285
f 7642 7677 8287
f 7642 8287 8275
f 8275 8287 8288
f 8287 7677 8288
f 7677 7678 8288
f 7678 7645 8288
f 7645 8278 8288
f 8278 8275 8288
f 7664 7695 8289
f 7664 8289 8283
f 8283 8289 8290
f 8289 7695 8290
f 7695 7696 8290
f 7696 7667 8290
f 7667 8286 8290
f 8286 8283 8290
f 7719 7720 8291
f 7719 8291 7721
f 7721 8291 8292
f 7721 8292 7722
f 7735 7736 8293
f 7735 8293 7737
f 7737 8293 8294
f 7737 8294 7738
f 7745 7746 8295
f 7745 8296 7720
f 7745 8295 8296
f 7720 8296 8291
f 8291 8296 8297
f 8296 8295 8298
f 8296 8298 8297
f 8297 8298 8299
f 7722 8299 7747
f 7722 8297 8299
f 7722 8292 8297
f 8292 8291 8297
f 7747 8299 8300
f 7747 8300 7748
f 7757 7758 8301
f 7757 8301 7759
f 7759 8301 8302
f 7759 8303 7760
f 7759 8302 8303
f 7760 8304 7736
f 7760 8303 8304
f 7736 8304 8293
f 8293 8304 8305
f 8304 8303 8306
f 8304 8306 8305
f 7762 8306 7763
f 7762 8305 8306
f 7762 7738 8305
f 7738 8294 8305
f 8294 8293 8305
f 7770 7771 8307
f 7770 8307 7773
f 7773 8307 8308
f 7773 8309 7774
f 7773 8308 8309
f 7774 8310 7746
f 7774 8309 8310
f 7746 8310 8295
f 8295 8310 8311
f 8310 8309 8312
f 8310 8312 8311
f 8311 8312 8313
f 8311 8313 8314
f 8298 8314 8299
f 8298 8311 8314
f 8298 8295 8311
f 8299 8314 8315
f 8314 8313 8316
f 8314 8316 8315
f 8315 8316 8317
f 7748 8317 7775
f 7748 8315 8317
f 7748 8300 8315
f 8300 8299 8315
f 7775 8317 8318
f 7775 8318 7776
f 7783 7784 8319
f 7783 8319 7785
f 7785 8319 8320
f 7785 8321 7786
f 7785 8320 8321
f 7786 8322 7758
f 7786 8321 8322
f 7758 8322 8301
f 8301 8322 8323
f 8322 8321 8324
f 8322 8324 8323
f 8323 8324 8325
f 8323 8325 8326
f 8302 8326 8303
f 8302 8323 8326
f 8302 8301 8323
f 8303 8326 8327
f 8326 8325 8328
f 8326 8328 8327
f 8327 8328 8329
f 7763 8329 7787
f 7763 8327 8329
f 7763 8306 8327
f 8306 8303 8327
f 7787 8329 8330
f 7787 8330 7788
f 7793 7794 8331
f 7793 8332 7771
f 7793 8331 8332
f 7771 8332 8307
f 8307 8334 8333
f 8307 8332 8334
f 8332 8331 8334
f 8308 8335 8309
f 8308 8333 8335
f 8308 8307 8333
f 8309 8335 8336
f 8312 8337 8313
f 8312 8336 8337
f 8312 8309 8336
f 8313 8337 8338
f 8313 8338 8339
f 8339 8338 8340
f 8339 8340 8341
f 8339 8341 8342
f 8316 8342 8317
f 8316 8339 8342
f 8316 8313 8339
f 8317 8342 8343
f 8342 8341 8344
f 8342 8344 8343
f 8343 8344 8345
f 7776 8345 7795
f 7776 8343 8345
f 7776 8318 8343
f 8318 8317 8343
f 7795 8345 8346
f 7795 8346 7796
f 7803 7804 8347
f 7803 8347 7805
f 7805 8347 8348
f 7805 8349 7806
f 7805 8348 8349
f 7806 8350 7784
f 7806 8349 8350
f 7784 8350 8319
f 8319 8352 8351
f 8319 8350 8352
f 8350 8349 8352
f 8320 8353 8321
f 8320 8351 8353
f 8320 8319 8351
f 8321 8353 8354
f 8324 8355 8325
f 8324 8354 8355
f 8324 8321 8354
f 8325 8355 8356
f 8325 8356 8357
f 8357 8356 8358
f 8357 8358 8359
f 8357 8359 8360
f 8328 8360 8329
f 8328 8357 8360
f 8328 8325 8357
f 8329 8360 8361
f 8360 8359 8362
f 8360 8362 8361
f 7808 8362 7809
f 7808 8361 8362
f 7808 7788 8361
f 7788 8330 8361
f 8330 8329 8361
f 7814 7815 8363
f 7814 8363 7817
f 8364 8366 8365
f 7817 8366 8364
f 7817 8363 8366
f 7817 8364 7818
f 7818 8364 7794
f 7794 8364 8367
f 7794 8367 8331
f 8364 8365 8367
f 8331 8367 8368
f 8331 8368 8334
f 8340 8369 8341
f 8340 8338 8369
f 8341 8369 8370
f 8341 8370 8371
f 8371 8370 8372
f 8371 8372 8373
f 8371 8373 8374
f 8344 8374 8345
f 8344 8371 8374
f 8344 8341 8371
f 8345 8374 8375
f 8374 8373 8376
f 8374 8376 8375
f 8375 8376 8377
f 7796 8377 7819
f 7796 8375 8377
f 7796 8346 8375
f 8346 8345 8375
f 7819 8377 8378
f 7819 8378 7820
f 7831 7832 8379
f 7831 8379 7833
f 7833 8379 8380
f 7833 8381 7834
f 7833 8380 8381
f 7834 8382 7804
f 7834 8381 8382
f 7804 8382 8347
f 8347 8384 8383
f 8347 8382 8384
f 8382 8381 8384
f 8348 8385 8349
f 8348 8383 8385
f 8348 8347 8383
f 8349 8385 8386
f 8349 8386 8352
f 8358 8387 8359
f 8358 8356 8387
f 8359 8387 8388
f 8359 8388 8389
f 8389 8388 8390
f 8389 8390 8391
f 7809 8391 7835
f 7809 8389 8391
f 7809 8362 8389
f 8362 8359 8389
f 7835 8391 8392
f 7835 8392 7836
f 7840 7841 8393
f 7840 8394 7815
f 7840 8393 8394
f 7815 8394 8363
f 8363 8396 8395
f 8363 8394 8396
f 8394 8393 8396
f 8363 8395 8366
f 8372 8397 8373
f 8372 8370 8397
f 8373 8397 8398
f 8373 8398 8399
f 8399 8398 8400
f 8399 8400 8401
f 8399 8401 8402
f 8376 8402 8377
f 8376 8399 8402
f 8376 8373 8399
f 8377 8402 8403
f 8402 8401 8404
f 8402 8404 8403
f 8403 8404 8405
f 7820 8405 7843
f 7820 8403 8405
f 7820 8378 8403
f 8378 8377 8403
f 7843 8405 8406
f 7843 8406 7844
f 7857 7858 8407
f 7857 8407 7859
f 7859 8407 8408
f 7859 8409 7860
f 7859 8408 8409
f 7860 8410 7832
f 7860 8409 8410
f 7832 8410 8379
f 8379 8412 8411
f 8379 8410 8412
f 8410 8409 8412
f 8380 8413 8381
f 8380 8411 8413
f 8380 8379 8411
f 8381 8413 8414
f 8381 8414 8384
f 8415 8416 8417
f 8415 8417 8418
f 8415 8418 8419
f 8415 8419 8420
f 8390 8420 8391
f 8390 8415 8420
f 8390 8388 8416
f 8390 8416 8415
f 8391 8420 8421
f 8420 8419 8422
f 8420 8422 8421
f 7862 8422 7863
f 7862 8421 8422
f 7862 7836 8421
f 7836 8392 8421
f 8392 8391 8421
f 7866 7867 8423
f 7866 8424 7841
f 7866 8423 8424
f 7841 8424 8393
f 8393 8426 8425
f 8393 8424 8426
f 8424 8423 8426
f 8393 8425 8396
f 8427 8428 8429
f 8427 8429 8430
f 8427 8430 8431
f 8427 8431 8432
f 8400 8432 8401
f 8400 8427 8432
f 8400 8398 8428
f 8400 8428 8427
f 8401 8432 8433
f 8432 8431 8434
f 8432 8434 8433
f 8433 8434 8435
f 8433 8435 8436
f 8404 8436 8405
f 8404 8433 8436
f 8404 8401 8433
f 8405 8436 8437
f 8436 8435 8438
f 8436 8438 8437
f 8437 8438 8439
f 7844 8439 7869
f 7844 8437 8439
f 7844 8406 8437
f 8406 8405 8437
f 7869 8439 8440
f 7869 8440 7870
f 7879 7880 8441
f 7879 8441 7881
f 7881 8441 8442
f 7881 8443 7882
f 7881 8442 8443
f 7882 8444 7858
f 7882 8443 8444
f 7858 8444 8407
f 8407 8444 8445
f 8444 8443 8446
f 8444 8446 8445
f 8445 8446 8447
f 8445 8447 8448
f 8408 8448 8409
f 8408 8445 8448
f 8408 8407 8445
f 8409 8450 8449
f 8409 8448 8450
f 8448 8447 8450
f 8409 8449 8412
f 8451 8452 8453
f 8451 8453 8454
f 8451 8454 8455
f 8451 8455 8456
f 8418 8456 8419
f 8418 8451 8456
f 8418 8417 8452
f 8418 8452 8451
f 8419 8456 8457
f 8456 8455 8458
f 8456 8458 8457
f 7884 8458 7885
f 7884 8457 8458
f 7884 7863 8457
f 7863 8422 8457
f 8422 8419 8457
f 7888 7889 8459
f 7888 8460 7867
f 7888 8459 8460
f 7867 8460 8423
f 8423 8462 8461
f 8423 8460 8462
f 8460 8459 8462
f 8423 8461 8426
f 8463 8464 8465
f 8463 8465 8466
f 8463 8466 8467
f 8463 8467 8468
f 8463 8468 8469
f 8463 8469 8464
f 8468 8470 8469
f 8468 8471 8470
f 8468 8467 8472
f 8468 8472 8471
f 8471 8472 8473
f 8471 8473 8474
f 8430 8474 8431
f 8430 8471 8474
f 8430 8429 8470
f 8430 8470 8471
f 8431 8474 8475
f 8474 8473 8476
f 8474 8476 8475
f 7892 8476 7893
f 7892 8475 8476
f 7892 7897 8477
f 7892 8477 8475
f 8434 8477 8435
f 8434 8475 8477
f 8434 8431 8475
f 8435 8477 8478
f 8477 7897 8478
f 7897 7898 8478
f 7898 7903 8479
f 7898 8479 8478
f 8438 8479 8439
f 8438 8478 8479
f 8438 8435 8478
f 8439 8479 8480
f 8479 7903 8480
f 7903 7904 8480
f 7904 7870 8480
f 7870 8440 8480
f 8440 8439 8480
f 7880 7913 8481
f 7880 8481 8441
f 8441 8481 8482
f 8481 7913 8482
f 7913 7914 8482
f 7914 7919 8483
f 7914 8483 8482
f 8442 8483 8443
f 8442 8482 8483
f 8442 8441 8482
f 8443 8483 8484
f 8483 7919 8484
f 7919 7920 8485
f 7919 8485 8484
f 8484 8485 8486
f 8446 8486 8447
f 8446 8484 8486
f 8446 8443 8484
f 8447 8486 8487
f 8486 8485 8488
f 8486 8488 8487
f 8487 8488 8489
f 8487 8489 8490
f 8487 8490 8491
f 8447 8491 8450
f 8447 8487 8491
f 8490 8492 8491
f 8490 8489 8492
f 8493 8494 8495
f 8493 8495 8496
f 8493 8496 8497
f 8493 8497 8498
f 8454 8498 8455
f 8454 8493 8498
f 8454 8453 8494
f 8454 8494 8493
f 8455 8498 8499
f 8498 8497 8500
f 8498 8500 8499
f 7922 8500 7923
f 7922 8499 8500
f 7922 7885 8499
f 7885 8458 8499
f 8458 8455 8499
f 7889 7926 8501
f 7889 8501 8459
f 8459 8501 8502
f 8501 7926 8502
f 7926 7927 8503
f 7926 8503 8502
f 8502 8503 8504
f 8502 8504 8505
f 8459 8505 8462
f 8459 8502 8505
f 8504 8506 8505
f 8504 8507 8506
f 8504 8503 8508
f 8504 8508 8507
f 8507 8508 8509
f 8507 8509 8510
f 8507 8510 8511
f 8507 8511 8506
f 8510 8512 8511
f 8510 8513 8512
f 8510 8509 8514
f 8510 8514 8513
f 8513 8514 8515
f 8513 8515 8516
f 8513 8516 8517
f 8513 8517 8512
f 8516 8518 8517
f 8516 8519 8518
f 8516 8515 8520
f 8516 8520 8519
f 8519 8520 8521
f 8519 8521 8522
f 8519 8522 8523
f 8519 8523 8518
f 8522 8524 8523
f 8522 8525 8524
f 8522 8521 8526
f 8522 8526 8525
f 7930 8526 7931
f 7930 8525 8526
f 7930 7935 8527
f 7930 8527 8525
f 8466 8527 8467
f 8466 8525 8527
f 8466 8465 8524
f 8466 8524 8525
f 8467 8527 8528
f 8527 7935 8528
f 7935 7936 8528
f 7936 7940 8529
f 7936 8529 8528
f 8472 8529 8473
f 8472 8528 8529
f 8472 8467 8528
f 8473 8529 8530
f 8529 7940 8530
f 7940 7941 8530
f 7941 7893 8530
f 7893 8476 8530
f 8476 8473 8530
f 7920 7952 8531
f 7920 8531 8485
f 8485 8531 8532
f 8531 7952 8532
f 7952 7953 8532
f 7953 7957 8533
f 7953 8533 8532
f 8488 8533 8489
f 8488 8532 8533
f 8488 8485 8532
f 8489 8533 8534
f 8533 7957 8534
f 7957 7958 8535
f 7957 8535 8534
f 8534 8535 8536
f 8534 8536 8537
f 8489 8537 8492
f 8489 8534 8537
f 8536 8538 8537
f 8536 8539 8538
f 8536 8535 8540
f 8536 8540 8539
f 8539 8540 8541
f 8539 8541 8542
f 8539 8542 8543
f 8539 8543 8538
f 8542 8544 8543
f 8542 8545 8544
f 8542 8541 8546
f 8542 8546 8545
f 8545 8546 8547
f 8545 8547 8548
f 8545 8548 8549
f 8545 8549 8544
f 8548 8550 8549
f 8548 8551 8550
f 8548 8547 8552
f 8548 8552 8551
f 8551 8552 8553
f 8551 8553 8554
f 8551 8554 8555
f 8551 8555 8550
f 8554 8556 8555
f 8554 8557 8556
f 8554 8553 8558
f 8554 8558 8557
f 7960 8558 7961
f 7960 8557 8558
f 7960 7964 8559
f 7960 8559 8557
f 8496 8559 8497
f 8496 8557 8559
f 8496 8495 8556
f 8496 8556 8557
f 8497 8559 8560
f 8559 7964 8560
f 7964 7965 8560
f 7965 7923 8560
f 7923 8500 8560
f 8500 8497 8560
f 7927 7968 8561
f 7927 8561 8503
f 8503 8561 8562
f 8561 7968 8562
f 7968 7969 8562
f 7969 7972 8563
f 7969 8563 8562
f 8508 8563 8509
f 8508 8562 8563
f 8508 8503 8562
f 8509 8563 8564
f 8563 7972 8564
f 7972 7973 8564
f 7973 7976 8565
f 7973 8565 8564
f 8514 8565 8515
f 8514 8564 8565
f 8514 8509 8564
f 8515 8565 8566
f 8565 7976 8566
f 7976 7977 8566
f 7977 7980 8567
f 7977 8567 8566
f 8520 8567 8521
f 8520 8566 8567
f 8520 8515 8566
f 8521 8567 8568
f 8567 7980 8568
f 7980 7981 8568
f 7981 7931 8568
f 7931 8526 8568
f 8526 8521 8568
f 7958 7988 8569
f 7958 8569 8535
f 8535 8569 8570
f 8569 7988 8570
f 7988 7989 8570
f 7989 7992 8571
f 7989 8571 8570
f 8540 8571 8541
f 8540 8570 8571
f 8540 8535 8570
f 8541 8571 8572
f 8571 7992 8572
f 7992 7993 8572
f 7993 7996 8573
f 7993 8573 8572
f 8546 8573 8547
f 8546 8572 8573
f 8546 8541 8572
f 8547 8573 8574
f 8573 7996 8574
f 7996 7997 8574
f 7997 8000 8575
f 7997 8575 8574
f 8552 8575 8553
f 8552 8574 8575
f 8552 8547 8574
f 8553 8575 8576
f 8575 8000 8576
f 8000 8001 8576
f 8001 7961 8576
f 7961 8558 8576
f 8558 8553 8576
f 8021 8022 8577
f 8021 8577 8023
f 8023 8577 8578
f 8023 8579 8024
f 8023 8578 8579
f 8024 8579 8025
f 8025 8579 8580
f 8025 8581 8026
f 8025 8580 8581
f 8026 8581 8027
f 8027 8581 8582
f 8027 8583 8028
f 8027 8582 8583
f 8028 8583 8029
f 8029 8583 8584
f 8029 8584 8030
f 8041 8042 8585
f 8041 8585 8043
f 8043 8585 8586
f 8043 8587 8044
f 8043 8586 8587
f 8044 8587 8045
f 8045 8587 8588
f 8045 8589 8046
f 8045 8588 8589
f 8046 8589 8047
f 8047 8589 8590
f 8047 8591 8048
f 8047 8590 8591
f 8048 8591 8049
f 8049 8591 8592
f 8049 8592 8050
f 8057 8058 8593
f 8057 8594 8022
f 8057 8593 8594
f 8022 8594 8577
f 8577 8594 8595
f 8594 8593 8596
f 8594 8596 8595
f 8595 8596 8597
f 8595 8597 8598
f 8578 8598 8579
f 8578 8595 8598
f 8578 8577 8595
f 8579 8598 8599
f 8598 8597 8600
f 8598 8600 8599
f 8599 8600 8601
f 8599 8601 8602
f 8580 8602 8581
f 8580 8599 8602
f 8580 8579 8599
f 8581 8602 8603
f 8602 8601 8604
f 8602 8604 8603
f 8603 8604 8605
f 8603 8605 8606
f 8582 8606 8583
f 8582 8603 8606
f 8582 8581 8603
f 8583 8606 8607
f 8606 8605 8608
f 8606 8608 8607
f 8607 8608 8609
f 8030 8609 8059
f 8030 8607 8609
f 8030 8584 8607
f 8584 8583 8607
f 8059 8609 8610
f 8059 8610 8060
f 8077 8078 8611
f 8077 8611 8079
f 8079 8611 8612
f 8079 8613 8080
f 8079 8612 8613
f 8080 8614 8042
f 8080 8613 8614
f 8042 8614 8585
f 8585 8614 8615
f 8614 8613 8616
f 8614 8616 8615
f 8615 8616 8617
f 8615 8617 8618
f 8586 8618 8587
f 8586 8615 8618
f 8586 8585 8615
f 8587 8618 8619
f 8618 8617 8620
f 8618 8620 8619
f 8619 8620 8621
f 8619 8621 8622
f 8588 8622 8589
f 8588 8619 8622
f 8588 8587 8619
f 8589 8622 8623
f 8622 8621 8624
f 8622 8624 8623
f 8623 8624 8625
f 8623 8625 8626
f 8590 8626 8591
f 8590 8623 8626
f 8590 8589 8623
f 8591 8626 8627
f 8626 8625 8628
f 8626 8628 8627
f 8082 8628 8083
f 8082 8627 8628
f 8082 8050 8627
f 8050 8592 8627
f 8592 8591 8627
f 8091 8092 8629
f 8091 8630 8058
f 8091 8629 8630
f 8058 8630 8593
f 8593 8630 8631
f 8630 8629 8632
f 8630 8632 8631
f 8631 8632 8633
f 8631 8633 8634
f 8596 8634 8597
f 8596 8631 8634
f 8596 8593 8631
f 8597 8634 8635
f 8634 8633 8636
f 8634 8636 8635
f 8635 8636 8637
f 8635 8637 8638
f 8600 8638 8601
f 8600 8635 8638
f 8600 8597 8635
f 8601 8638 8639
f 8638 8637 8640
f 8638 8640 8639
f 8639 8640 8641
f 8639 8641 8642
f 8604 8642 8605
f 8604 8639 8642
f 8604 8601 8639
f 8605 8642 8643
f 8642 8641 8644
f 8642 8644 8643
f 8643 8644 8645
f 8643 8645 8646
f 8608 8646 8609
f 8608 8643 8646
f 8608 8605 8643
f 8609 8646 8647
f 8646 8645 8648
f 8646 8648 8647
f 8094 8648 8095
f 8094 8647 8648
f 8094 8060 8647
f 8060 8610 8647
f 8610 8609 8647
f 8115 8116 8649
f 8115 8650 8078
f 8115 8649 8650
f 8078 8650 8611
f 8611 8650 8651
f 8650 8649 8652
f 8650 8652 8651
f 8651 8652 8653
f 8651 8653 8654
f 8612 8654 8613
f 8612 8651 8654
f 8612 8611 8651
f 8613 8654 8655
f 8654 8653 8656
f 8654 8656 8655
f 8655 8656 8657
f 8655 8657 8658
f 8616 8658 8617
f 8616 8655 8658
f 8616 8613 8655
f 8617 8658 8659
f 8658 8657 8660
f 8658 8660 8659
f 8659 8660 8661
f 8659 8661 8662
f 8620 8662 8621
f 8620 8659 8662
f 8620 8617 8659
f 8621 8662 8663
f 8662 8661 8664
f 8662 8664 8663
f 8663 8664 8665
f 8663 8665 8666
f 8624 8666 8625
f 8624 8663 8666
f 8624 8621 8663
f 8625 8666 8667
f 8666 8665 8668
f 8666 8668 8667
f 8118 8668 8119
f 8118 8667 8668
f 8118 8083 8667
f 8083 8628 8667
f 8628 8625 8667
f 8127 8128 8669
f 8127 8670 8092
f 8127 8669 8670
f 8092 8670 8629
f 8629 8670 8671
f 8670 8669 8672
f 8670 8672 8671
f 8671 8672 8673
f 8671 8673 8674
f 8632 8674 8633
f 8632 8671 8674
f 8632 8629 8671
f 8633 8674 8675
f 8674 8673 8676
f 8674 8676 8675
f 8675 8676 8677
f 8675 8677 8678
f 8636 8678 8637
f 8636 8675 8678
f 8636 8633 8675
f 8637 8678 8679
f 8678 8677 8680
f 8678 8680 8679
f 8679 8680 8681
f 8679 8681 8682
f 8640 8682 8641
f 8640 8679 8682
f 8640 8637 8679
f 8641 8682 8683
f 8682 8681 8684
f 8682 8684 8683
f 8130 8684 8131
f 8130 8683 8684
f 8130 8135 8685
f 8130 8685 8683
f 8644 8685 8645
f 8644 8683 8685
f 8644 8641 8683
f 8645 8685 8686
f 8685 8135 8686
f 8135 8136 8686
f 8136 8095 8686
f 8095 8648 8686
f 8648 8645 8686
f 8116 8153 8687
f 8116 8687 8649
f 8649 8687 8688
f 8687 8153 8688
f 8153 8154 8689
f 8153 8689 8688
f 8688 8689 8690
f 8652 8690 8653
f 8652 8688 8690
f 8652 8649 8688
f 8653 8690 8691
f 8690 8689 8692
f 8690 8692 8691
f 8691 8692 8693
f 8691 8693 8694
f 8656 8694 8657
f 8656 8691 8694
f 8656 8653 8691
f 8657 8694 8695
f 8694 8693 8696
f 8694 8696 8695
f 8695 8696 8697
f 8695 8697 8698
f 8660 8698 8661
f 8660 8695 8698
f 8660 8657 8695
f 8661 8698 8699
f 8698 8697 8700
f 8698 8700 8699
f 8699 8700 8701
f 8699 8701 8702
f 8664 8702 8665
f 8664 8699 8702
f 8664 8661 8699
f 8665 8702 8703
f 8702 8701 8704
f 8702 8704 8703
f 8156 8704 8157
f 8156 8703 8704
f 8156 8119 8703
f 8119 8668 8703
f 8668 8665 8703
f 8128 8167 8705
f 8128 8705 8669
f 8669 8705 8706
f 8705 8167 8706
f 8167 8168 8707
f 8167 8707 8706
f 8706 8707 8708
f 8672 8708 8673
f 8672 8706 8708
f 8672 8669 8706
f 8673 8708 8709
f 8708 8707 8710
f 8708 8710 8709
f 8709 8710 8711
f 8709 8711 8712
f 8676 8712 8677
f 8676 8709 8712
f 8676 8673 8709
f 8677 8712 8713
f 8712 8711 8714
f 8712 8714 8713
f 8170 8714 8171
f 8170 8713 8714
f 8170 8175 8715
f 8170 8715 8713
f 8680 8715 8681
f 8680 8713 8715
f 8680 8677 8713
f 8681 8715 8716
f 8715 8175 8716
f 8175 8176 8716
f 8176 8131 8716
f 8131 8684 8716
f 8684 8681 8716
f 8154 8193 8717
f 8154 8717 8689
f 8689 8717 8718
f 8717 8193 8718
f 8193 8194 8719
f 8193 8719 8718
f 8718 8719 8720
f 8692 8720 8693
f 8692 8718 8720
f 8692 8689 8718
f 8693 8720 8721
f 8720 8719 8722
f 8720 8722 8721
f 8721 8722 8723
f 8721 8723 8724
f 8696 8724 8697
f 8696 8721 8724
f 8696 8693 8721
f 8697 8724 8725
f 8724 8723 8726
f 8724 8726 8725
f 8196 8726 8197
f 8196 8725 8726
f 8196 8201 8727
f 8196 8727 8725
f 8700 8727 8701
f 8700 8725 8727
f 8700 8697 8725
f 8701 8727 8728
f 8727 8201 8728
f 8201 8202 8728
f 8202 8157 8728
f 8157 8704 8728
f 8704 8701 8728
f 8168 8213 8729
f 8168 8729 8707
f 8707 8729 8730
f 8729 8213 8730
f 8213 8214 8730
f 8214 8219 8731
f 8214 8731 8730
f 8710 8731 8711
f 8710 8730 8731
f 8710 8707 8730
f 8711 8731 8732
f 8731 8219 8732
f 8219 8220 8732
f 8220 8171 8732
f 8171 8714 8732
f 8714 8711 8732
f 8194 8237 8733
f 8194 8733 8719
f 8719 8733 8734
f 8733 8237 8734
f 8237 8238 8734
f 8238 8243 8735
f 8238 8735 8734
f 8722 8735 8723
f 8722 8734 8735
f 8722 8719 8734
f 8723 8735 8736
f 8735 8243 8736
f 8243 8244 8736
f 8244 8197 8736
f 8197 8726 8736
f 8726 8723 8736
f 8333 8334 8737
f 8333 8737 8335
f 8335 8737 8738
f 8335 8739 8336
f 8335 8738 8739
f 8336 8739 8337
f 8337 8739 8740
f 8337 8740 8338
f 8351 8352 8741
f 8351 8741 8353
f 8353 8741 8742
f 8353 8743 8354
f 8353 8742 8743
f 8354 8743 8355
f 8355 8743 8744
f 8355 8744 8356
f 8365 8366 8745
f 8365 8745 8367
f 8367 8745 8746
f 8367 8747 8368
f 8367 8746 8747
f 8368 8748 8334
f 8368 8747 8748
f 8334 8748 8737
f 8737 8748 8749
f 8748 8747 8750
f 8748 8750 8749
f 8749 8750 8751
f 8749 8751 8752
f 8738 8752 8739
f 8738 8749 8752
f 8738 8737 8749
f 8739 8752 8753
f 8752 8751 8754
f 8752 8754 8753
f 8753 8754 8755
f 8338 8755 8369
f 8338 8753 8755
f 8338 8740 8753
f 8740 8739 8753
f 8369 8755 8756
f 8369 8756 8370
f 8383 8384 8757
f 8383 8757 8385
f 8385 8757 8758
f 8385 8759 8386
f 8385 8758 8759
f 8386 8760 8352
f 8386 8759 8760
f 8352 8760 8741
f 8741 8760 8761
f 8760 8759 8762
f 8760 8762 8761
f 8761 8762 8763
f 8761 8763 8764
f 8742 8764 8743
f 8742 8761 8764
f 8742 8741 8761
f 8743 8764 8765
f 8764 8763 8766
f 8764 8766 8765
f 8765 8766 8767
f 8356 8767 8387
f 8356 8765 8767
f 8356 8744 8765
f 8744 8743 8765
f 8387 8767 8768
f 8387 8768 8388
f 8395 8396 8769
f 8395 8770 8366
f 8395 8769 8770
f 8366 8770 8745
f 8745 8770 8771
f 8770 8769 8772
f 8770 8772 8771
f 8771 8772 8773
f 8771 8773 8774
f 8746 8774 8747
f 8746 8771 8774
f 8746 8745 8771
f 8747 8774 8775
f 8774 8773 8776
f 8774 8776 8775
f 8775 8776 8777
f 8775 8777 8778
f 8750 8778 8751
f 8750 8775 8778
f 8750 8747 8775
f 8751 8778 8779
f 8778 8777 8780
f 8778 8780 8779
f 8779 8780 8781
f 8779 8781 8782
f 8754 8782 8755
f 8754 8779 8782
f 8754 8751 8779
f 8755 8782 8783
f 8782 8781 8784
f 8782 8784 8783
f 8783 8784 8785
f 8370 8785 8397
f 8370 8783 8785
f 8370 8756 8783
f 8756 8755 8783
f 8397 8785 8786
f 8397 8786 8398
f 8411 8412 8787
f 8411 8787 8413
f 8413 8787 8788
f 8413 8789 8414
f 8413 8788 8789
f 8414 8790 8384
f 8414 8789 8790
f 8384 8790 8757
f 8757 8790 8791
f 8790 8789 8792
f 8790 8792 8791
f 8791 8792 8793
f 8791 8793 8794
f 8758 8794 8759
f 8758 8791 8794
f 8758 8757 8791
f 8759 8794 8795
f 8794 8793 8796
f 8794 8796 8795
f 8795 8796 8797
f 8795 8797 8798
f 8762 8798 8763
f 8762 8795 8798
f 8762 8759 8795
f 8763 8798 8799
f 8798 8797 8800
f 8798 8800 8799
f 8799 8800 8801
f 8799 8801 8802
f 8766 8802 8767
f 8766 8799 8802
f 8766 8763 8799
f 8767 8802 8803
f 8802 8801 8804
f 8802 8804 8803
f 8416 8804 8417
f 8416 8803 8804
f 8416 8388 8803
f 8388 8768 8803
f 8768 8767 8803
f 8425 8426 8805
f 8425 8806 8396
f 8425 8805 8806
f 8396 8806 8769
f 8769 8806 8807
f 8806 8805 8808
f 8806 8808 8807
f 8807 8808 8809
f 8807 8809 8810
f 8772 8810 8773
f 8772 8807 8810
f 8772 8769 8807
f 8773 8810 8811
f 8810 8809 8812
f 8810 8812 8811
f 8811 8812 8813
f 8811 8813 8814
f 8776 8814 8777
f 8776 8811 8814
f 8776 8773 8811
f 8777 8814 8815
f 8814 8813 8816
f 8814 8816 8815
f 8815 8816 8817
f 8815 8817 8818
f 8780 8818 8781
f 8780 8815 8818
f 8780 8777 8815
f 8781 8818 8819
f 8818 8817 8820
f 8818 8820 8819
f 8819 8820 8821
f 8819 8821 8822
f 8784 8822 8785
f 8784 8819 8822
f 8784 8781 8819
f 8785 8822 8823
f 8822 8821 8824
f 8822 8824 8823
f 8428 8824 8429
f 8428 8823 8824
f 8428 8398 8823
f 8398 8786 8823
f 8786 8785 8823
f 8449 8450 8825
f 8449 8826 8412
f 8449 8825 8826
f 8412 8826 8787
f 8787 8826 8827
f 8826 8825 8828
f 8826 8828 8827
f 8827 8828 8829
f 8827 8829 8830
f 8788 8830 8789
f 8788 8827 8830
f 8788 8787 8827
f 8789 8830 8831
f 8830 8829 8832
f 8830 8832 8831
f 8831 8832 8833
f 8831 8833 8834
f 8792 8834 8793
f 8792 8831 8834
f 8792 8789 8831
f 8793 8834 8835
f 8834 8833 8836
f 8834 8836 8835
f 8835 8836 8837
f 8835 8837 8838
f 8796 8838 8797
f 8796 8835 8838
f 8796 8793 8835
f 8797 8838 8839
f 8838 8837 8840
f 8838 8840 8839
f 8839 8840 8841
f 8839 8841 8842
f 8800 8842 8801
f 8800 8839 8842
f 8800 8797 8839
f 8801 8842 8843
f 8842 8841 8844
f 8842 8844 8843
f 8452 8844 8453
f 8452 8843 8844
f 8452 8417 8843
f 8417 8804 8843
f 8804 8801 8843
f 8461 8462 8845
f 8461 8846 8426
f 8461 8845 8846
f 8426 8846 8805
f 8805 8846 8847
f 8846 8845 8848
f 8846 8848 8847
f 8847 8848 8849
f 8847 8849 8850
f 8808 8850 8809
f 8808 8847 8850
f 8808 8805 8847
f 8809 8850 8851
f 8850 8849 8852
f 8850 8852 8851
f 8851 8852 8853
f 8851 8853 8854
f 8812 8854 8813
f 8812 8851 8854
f 8812 8809 8851
f 8813 8854 8855
f 8854 8853 8856
f 8854 8856 8855
f 8855 8856 8857
f 8855 8857 8858
f 8816 8858 8817
f 8816 8855 8858
f 8816 8813 8855
f 8817 8858 8859
f 8858 8857 8860
f 8858 8860 8859
f 8464 8860 8465
f 8464 8859 8860
f 8464 8469 8861
f 8464 8861 8859
f 8820 8861 8821
f 8820 8859 8861
f 8820 8817 8859
f 8821 8861 8862
f 8861 8469 8862
f 8469 8470 8862
f 8470 8429 8862
f 8429 8824 8862
f 8824 8821 8862
f 8450 8491 8863
f 8450 8863 8825
f 8825 8863 8864
f 8863 8491 8864
f 8491 8492 8865
f 8491 8865 8864
f 8864 8865 8866
f 8828 8866 8829
f 8828 8864 8866
f 8828 8825 8864
f 8829 8866 8867
f 8866 8865 8868
f 8866 8868 8867
f 8867 8868 8869
f 8867 8869 8870
f 8832 8870 8833
f 8832 8867 8870
f 8832 8829 8867
f 8833 8870 8871
f 8870 8869 8872
f 8870 8872 8871
f 8871 8872 8873
f 8871 8873 8874
f 8836 8874 8837
f 8836 8871 8874
f 8836 8833 8871
f 8837 8874 8875
f 8874 8873 8876
f 8874 8876 8875
f 8875 8876 8877
f 8875 8877 8878
f 8840 8878 8841
f 8840 8875 8878
f 8840 8837 8875
f 8841 8878 8879
f 8878 8877 8880
f 8878 8880 8879
f 8494 8880 8495
f 8494 8879 8880
f 8494 8453 8879
f 8453 8844 8879
f 8844 8841 8879
f 8462 8505 8881
f 8462 8881 8845
f 8845 8881 8882
f 8881 8505 8882
f 8505 8506 8882
f 8506 8511 8883
f 8506 8883 8882
f 8848 8883 8849
f 8848 8882 8883
f 8848 8845 8882
f 8849 8883 8884
f 8883 8511 8884
f 8511 8512 8884
f 8512 8517 8885
f 8512 8885 8884
f 8852 8885 8853
f 8852 8884 8885
f 8852 8849 8884
f 8853 8885 8886
f 8885 8517 8886
f 8517 8518 8886
f 8518 8523 8887
f 8518 8887 8886
f 8856 8887 8857
f 8856 8886 8887
f 8856 8853 8886
f 8857 8887 8888
f 8887 8523 8888
f 8523 8524 8888
f 8524 8465 8888
f 8465 8860 8888
f 8860 8857 8888
f 8492 8537 8889
f 8492 8889 8865
f 8865 8889 8890
f 8889 8537 8890
f 8537 8538 8890
f 8538 8543 8891
f 8538 8891 8890
f 8868 8891 8869
f 8868 8890 8891
f 8868 8865 8890
f 8869 8891 8892
f 8891 8543 8892
f 8543 8544 8892
f 8544 8549 8893
f 8544 8893 8892
f 8872 8893 8873
f 8872 8892 8893
f 8872 8869 8892
f 8873 8893 8894
f 8893 8549 8894
f 8549 8550 8894
f 8550 8555 8895
f 8550 8895 8894
f 8876 8895 8877
f 8876 8894 8895
f 8876 8873 8894
f 8877 8895 8896
f 8895 8555 8896
f 8555 8556 8896
f 8556 8495 8896
f 8495 8880 8896
f 8880 8877 8896
