# QMW procedural algebraic surface
# units: millimeters
v -182.353714169 -138.743552939 -96.9633318426
v -181.758228236 -139.922611653 -97.7113039804
v -181.493033282 -138.543500517 -99.3831082119
v -182.47165613 -137.830068806 -97.2932184445
v -183.015198543 -137.433817692 -96.1324610296
v -182.661050421 -138.814988662 -96.0992659488
v -182.023423191 -141.301722789 -96.039499749
v -182.6666252 -137.383363163 -87.8282716284
v -181.629381947 -141.946201924 -90.7677647249
v -183.323750794 -135.003279339 -88.9616932154
v -183.470554039 -133.846875791 -85.5499793721
v -182.668211494 -136.975996525 -85.4747740443
v -181.22363104 -142.609832947 -85.3393703476
v -180.664010126 -134.125931165 -77.3736021372
v -180.443607103 -141.385841776 -82.1012989984
v -181.806979237 -131.611533243 -78.9223476871
v -180.782150587 -130.234472782 -74.8394613511
v -180.019384844 -133.20924474 -74.7679656438
v -178.64606058 -138.565183368 -74.6392409463
v -176.286751158 -128.922818378 -65.5656323727
v -176.872931266 -134.994940016 -69.5471447118
v -177.205459478 -127.484098093 -66.6590709171
v -176.063057741 -126.605623345 -64.0462391249
v -175.654941254 -128.197269917 -64.0079854709
v -174.920146491 -131.062955582 -63.9391115449
v -171.529118179 -123.759987167 -55.5685004632
v -148.843377432 -88.6545702106 52.5214959116
v -148.284735343 -90.8277820679 51.1237496812
v -148.569677805 -89.6949444858 45.3917007883
v -149.148497273 -87.4626419676 51.9726495349
v -149.296482603 -86.8919147495 53.65518429
v -148.888366116 -88.4835613216 53.6934379441
v -148.153571352 -91.3492469867 53.76231187
v -148.494722958 -86.7523221935 62.0335797212
v -147.597595571 -91.4864714924 58.9773775288
v -149.195916527 -84.443943518 60.8843008117
v -149.148925424 -83.3000898962 64.2622208665
v -148.38615968 -86.2748618546 64.3337165738
v -147.012835416 -91.6308004826 64.4624412714
v -146.722091541 -83.683328885 72.3571824248
v -146.289623699 -90.6273673467 67.8430397793
v -147.810880817 -81.083615422 70.8286721489
v -146.970678851 -79.6918186156 74.9519616483
v -146.168336306 -82.8209393489 75.027166976
v -144.723755851 -88.4547757714 75.1625706727
v -141.927785191 -78.1385054606 84.4028258624
v -142.759048575 -84.3345027296 80.3318248597
v -142.83233855 -76.8662632631 83.363761099
v -141.648673329 -76.0580862265 85.7697387935
v -141.294525208 -77.4392571964 85.8029338742
v -140.656897977 -79.9259913236 85.8627000741
v -138.605762702 -74.9114311359 89.206308537
v -180.969285121 -128.556571521 -98.5284010298
v -179.932041868 -133.119410281 -101.467894126
v -178.324662707 -127.534133176 -103.614633309
v -180.541787966 -125.917813397 -98.8798701661
v -181.77321396 -125.020084149 -96.2501087734
v -182.173620607 -129.022180061 -96.2121800106
v -182.563516644 -128.246240493 -90.1235603558
v -181.999760842 -123.235521289 -90.985149304
v -182.228569456 -121.433142248 -85.6676271159
v -182.852646189 -127.670838253 -85.6085110684
v -181.483522241 -125.74476408 -80.194688779
v -181.167174928 -120.00694828 -81.4390634284
v -179.540166004 -117.820739239 -74.9571090949
v -180.144492053 -123.861025602 -74.899863943
v -177.213005726 -120.629111456 -68.4475511214
v -177.218062993 -116.035107449 -69.6461362771
v -174.821073158 -114.191889802 -64.1638868688
v -175.248412556 -118.463180679 -64.1234068848
v -170.222560708 -113.284866727 -55.1503368413
v -170.302223739 -111.35572465 -55.7143643527
v -169.025350535 -110.554320807 -53.3268165729
v -169.192340004 -112.223393686 -53.310998394
v -169.952601697 -119.822269064 -53.2389821436
v -165.428554169 -108.400108974 -46.9062078313
v -147.128858246 -79.8137027494 41.831156816
v -147.135769155 -83.3416401239 39.5297018685
v -146.408911631 -80.1805651044 36.7294081564
v -146.96996878 -78.5210905379 41.619430116
v -147.125425421 -78.0612865019 42.9743480393
v -147.292414891 -79.7303593808 42.9901662182
v -148.052676584 -87.3292347587 43.0621824686
v -148.143505906 -79.0284857011 50.5663000685
v -148.330766801 -88.6017283321 44.3152090158
v -147.743994875 -75.6756823096 50.0072384254
v -148.054498019 -74.4781812063 53.5375365462
v -148.481837417 -78.7494720833 53.5780165301
v -148.498733163 -77.7029680162 59.6772444306
v -147.981543502 -72.7023282736 58.7818170389
v -147.90694084 -70.886356353 64.1445731227
v -148.511266889 -76.9266427163 64.2018182746
v -147.420401507 -75.2028539861 69.6051684148
v -147.038239206 -69.4473497703 68.4077246864
v -145.728694267 -67.2780850724 74.8343139045
v -146.352771 -73.5157810769 74.893429952
v -142.987684377 -69.9543011737 81.4447435689
v -143.088349065 -65.4753233426 80.2012128805
v -140.406688746 -63.6443526833 85.6520910496
v -140.807095393 -67.6464485949 85.6900198124
v -133.512803092 -61.0465409017 93.4378336336
v -135.973222195 -67.7446974573 91.3935752885
v -177.269329967 -116.47234788 -98.7738609399
v -177.048926944 -123.732258491 -103.501557801
v -174.109024361 -114.970929124 -103.240977996
v -176.216786448 -113.434336846 -98.7397644522
v -177.387470428 -112.580889497 -96.2397201538
v -179.059330959 -117.322753315 -96.2436803314
v -179.786182162 -116.917972438 -90.8948181804
v -177.621258611 -110.739285224 -90.8064725622
v -177.842825924 -108.993947596 -85.6572384963
v -180.497056955 -116.522088767 -85.6635256392
v -179.3793066 -114.968020572 -81.3495544
v -176.728257221 -107.496303582 -81.2168305017
v -175.154422472 -105.381544587 -74.9467204754
v -177.721907484 -112.663649799 -74.9528021408
v -174.952286424 -109.724135599 -69.5132259183
v -172.721535879 -103.510723344 -69.3823701845
v -170.435329626 -101.75269515 -64.1534982492
v -172.225480182 -106.830062548 -64.1577386232
v -166.670328375 -101.321680795 -55.4799834099
v -165.765457994 -98.8217439363 -55.421588453
v -164.639607003 -98.1151261556 -53.3164279534
v -165.286287309 -99.9492922768 -53.3179597611
v -161.468221828 -96.2157037866 -47.6552168894
v -163.238005857 -101.660642205 -47.3205014779
v -143.104709232 -67.4638486424 41.7704537195
v -144.521286502 -74.6112332611 37.0581338082
v -142.107913788 -67.490712717 37.4784172145
v -142.602611887 -66.0275125511 41.7900716906
v -142.73968189 -65.6220918502 42.9847366588
v -143.386362196 -67.4562579714 42.9832048512
v -144.78789396 -67.2264020342 50.1246003097
v -143.372602114 -63.1811417988 50.1807896357
v -143.668754488 -62.0389865546 53.5479251657
v -145.458905044 -67.1163539528 53.5436847917
v -145.775507946 -66.4190347598 58.875149947
v -143.593361794 -60.2037837263 58.9674721427
v -143.521197309 -58.4471617013 64.1549617423
v -146.088682321 -65.7292669135 64.1488800768
v -145.238397785 -64.3623742804 68.4946339163
v -142.611051399 -56.939502564 68.6215010105
v -141.342950736 -54.8388904207 74.844702524
v -143.997181767 -62.3670315918 74.8384153811
v -140.789744383 -59.1007639739 80.3432910896
v -138.570328444 -52.945813199 80.4804745924
v -136.020945215 -51.2051580316 85.6624796692
v -137.692805745 -55.9470218495 85.6585194917
v -129.467111254 -48.7354873798 93.0641783212
v -130.745306992 -52.625041198 93.1822309675
v -171.194730919 -102.442443452 -97.6660205768
v -171.780911027 -108.51456509 -101.647532916
v -169.216910625 -101.404034971 -99.8926381834
v -170.344665071 -100.58188394 -97.4842716908
v -170.971037502 -100.125248418 -96.146627329
v -172.524332671 -103.140519884 -96.1691633138
v -173.818325567 -102.975528172 -89.8478099241
v -171.269715254 -97.7724938119 -89.2053433178
v -171.426392999 -96.5383065173 -85.5641456715
v -174.685520336 -102.864955733 -85.6114307244
v -173.254946345 -100.897343957 -80.2133553197
v -169.835328436 -94.4003958511 -79.2253925872
v -168.737989547 -92.9259035078 -74.8536276505
v -171.846487208 -98.9601489546 -74.8987272926
v -167.884192475 -94.8802042973 -67.8391966941
v -165.312366958 -90.2916962555 -67.0187519524
v -164.0188967 -89.2970540711 -64.0604054244
v -165.777595972 -92.7110579494 -64.0859215149
v -158.885399625 -86.0751176521 -54.4615905252
v -159.053851344 -86.7541537207 -53.9668105936
v -159.301646264 -87.7530256188 -53.2389821436
v -160.633061415 -92.9535541018 -49.8076180209
v -137.40172115 -55.2599913134 43.0621824686
v -138.400930204 -52.9405594359 51.410456099
v -136.429405806 -52.757041277 44.2847908502
v -137.084767 -50.2295443198 51.7359887935
v -137.252321562 -49.5833454756 53.6410179905
v -139.011020834 -52.997349354 53.6155019
v -139.732055158 -52.4146502327 59.9652401787
v -137.155080273 -47.2163059201 60.6311347611
v -137.104764383 -45.9915206223 64.2480545671
v -140.213262045 -52.0257660691 64.202954925
v -139.191918737 -50.3555101665 69.5864488015
v -135.823234698 -43.8686632681 70.5371589797
v -134.92651781 -42.3832493417 74.9377953489
v -138.185645147 -48.7098985578 74.890510296
v -133.475198995 -44.0549009925 82.1577720256
v -130.96855536 -39.6808514782 82.9829496736
v -129.604512289 -38.7495169526 85.755572494
v -131.157807458 -41.7647884184 85.7330365092
v -126.097894806 -37.4281239577 89.7158385085
v -127.73999504 -42.9391454101 91.3477638167
v -165.109284682 -90.3744957537 -96.039499749
v -165.13054047 -86.8044918003 -87.2507250453
v -163.593367209 -86.7519147466 -93.3279617966
v -163.872106047 -84.5562236277 -86.8500589945
v -163.933330296 -84.0739458806 -85.427204777
v -165.584149635 -86.8200069241 -85.4573746402
v -163.275648216 -83.6680975105 -76.8802422126
v -161.641333418 -80.9941936899 -76.2959585534
v -161.244926844 -80.4615428712 -74.7166867561
v -162.70049548 -82.8828134683 -74.7432882779
v -157.319017756 -77.4426293959 -65.7375861932
v -157.356511264 -77.9273620785 -64.666939995
v -157.381999463 -78.2568847889 -63.9391115449
v -158.133699544 -82.1660012205 -59.200351035
v -130.615424324 -38.5431761935 53.76231187
v -130.8149683 -36.0557338885 62.6930032345
v -129.734457492 -36.5152719587 55.5607865183
v -129.62987797 -33.9696057499 63.0784065837
v -129.611701681 -33.5271599856 64.3849954616
v -131.067270316 -35.9484305827 64.3583939397
v -129.510059369 -33.3699722123 72.7500527215
v -127.783861081 -30.4993371385 73.3551196156
v -127.433455108 -29.918888705 75.0747362433
v -129.084274446 -32.6649497485 75.0445663801
v -123.460108038 -27.205986608 83.1511621217
v -123.612143651 -28.1703052859 84.6096735269
v -123.742759469 -28.998764288 85.8627000741
v -125.355515189 -34.7710431923 88.5012622629
v -159.331978635 -76.6956776572 -85.3393703476
v -158.145985619 -75.1802672782 -79.4208896819
v -157.187800178 -73.9559395272 -74.6392409463
v -157.238381256 -75.2999708174 -71.2078768236
v -125.554575015 -27.0215566417 64.4624412714
v -124.026943791 -24.5072170725 70.4664899318
v -122.832103446 -22.5406204816 75.1625706727
v -123.109801217 -24.6036018519 78.6950512729
v -126.760777292 26.107796957 -86.5703960003
v -126.767688202 22.5798595825 -88.8718509478
v -126.417381381 25.1822443386 -93.3279617966
v -126.696120219 27.3779354575 -86.8500589945
v -126.757344468 27.8602132046 -85.427204777
v -126.81983868 26.2669847052 -85.4081479975
v -127.045385973 20.5168782122 -85.3393703476
v -124.433968357 29.6308594219 -75.9309696954
v -125.850545628 22.4834748031 -80.6432896067
v -124.465347589 30.9399653953 -76.2959585534
v -124.068941016 31.472616214 -74.7166867561
v -124.124043723 30.0678268598 -74.6998839177
v -124.322914404 24.9978143723 -74.6392409463
v -120.143031927 34.4915296893 -65.7375861932
v -92.4989228376 76.81254089 63.3427187636
v -92.639108163 73.276228548 61.0310771487
v -92.5584716631 75.4188871265 55.5607865183
v -92.4538921418 77.9645533353 63.0784065837
v -92.4357158522 78.4069990996 64.3849954616
v -92.4908185596 77.0022097453 64.4017983
v -92.6896892402 71.9321972579 64.4624412714
v -90.5945469224 79.9894799582 73.7414021419
v -91.7315037997 73.1565250088 69.244090007
v -90.6078752526 81.4348219466 73.3551196156
v -90.257469279 82.0152703802 75.0747362433
v -90.3199634911 80.4220418808 75.0937930229
v -90.545510784 74.6719353878 75.1625706727
v -86.2841222096 84.7281724772 83.1511621217
v -125.080616319 34.9205127803 -97.2803157073
v -124.52197423 32.7473009229 -98.6780619378
v -123.779594613 35.4043816883 -99.8926381834
v -124.907349058 36.2265327192 -97.4842716908
v -125.53372149 36.6831682414 -96.146627329
v -125.656093323 34.706484507 -96.1248149933
v -126.13472995 26.9750220187 -96.039499749
v -126.078084872 35.7198056475 -88.5353821492
v -126.265345767 26.1465630166 -94.7864732018
v -125.832399241 39.0359228477 -89.2053433178
v -125.989076986 40.2701101424 -85.5641456715
v -126.245837835 36.1226279867 -85.5183789807
v -124.419813006 38.6950976723 -78.2769525066
v -124.398012423 42.4080208086 -79.2253925872
v -123.300673534 43.8825131518 -74.8536276505
v -123.545567463 39.9267184715 -74.8099761952
v -119.73018933 44.1541486283 -66.2909673159
v -119.875050946 46.5167204042 -67.0187519524
v -118.581580688 47.5113625886 -64.0604054244
v -118.720134684 45.2732868425 -64.0357086766
v -119.262065094 36.5194339241 -63.9391115449
v -113.448083613 50.7332990076 -54.4615905252
v -91.7909109128 84.8287197119 52.0787751139
v -91.7437898747 80.1422589511 49.0235513601
v -90.9920897934 84.0513753827 44.2847908502
v -91.6474509873 86.5788723399 51.7359887935
v -91.8150055494 87.2250711841 53.6410179905
v -91.9535595459 84.9869954379 53.6657147383
v -92.4954899559 76.2331425195 53.76231187
v -91.92388331 86.3363434437 61.3163816523
v -92.5209781542 75.9036198091 54.49014032
v -91.7177642603 89.5921107396 60.6311347611
v -91.6674483706 90.8168960374 64.2480545671
v -91.9123422994 86.861101357 64.2917060224
v -90.4589698887 89.1532058984 71.464617073
v -90.3859186858 92.9397533915 70.5371589797
v -89.4892017974 94.425167318 74.9377953489
v -89.7459626462 90.2776851623 74.9835620397
v -85.342938805 94.9616366931 83.6936101785
v -85.5312393472 97.1275651815 82.9829496736
v -84.1671962761 98.0588997071 85.755572494
v -84.2895681091 96.0822159726 85.7773848298
v -84.7682047363 88.3507534844 85.8627000741
v -80.6605787932 99.380292702 89.7158385085
v -123.034621766 45.6495524396 -98.4683612992
v -122.137494378 40.9154031407 -101.524563492
v -120.410378164 46.7117451105 -103.240977996
v -122.518140251 48.2483373885 -98.7397644522
v -123.688824232 49.1017847369 -96.2397201538
v -124.276350767 45.1469483968 -96.2100737849
v -124.735972051 45.8721149746 -90.1245671884
v -123.922612414 50.9433890104 -90.8064725622
v -124.144179728 52.6887266379 -85.6572384963
v -125.076931673 46.4100633484 -85.6101721824
v -123.710086913 48.3292565888 -80.2265322706
v -123.029611024 54.1863706521 -81.2168305017
v -121.455776276 56.3011296473 -74.9467204754
v -122.358043867 50.2276666734 -74.9011923906
v -119.363974204 53.5068494738 -68.4363126376
v -119.022889682 58.1719508901 -69.3823701845
v -116.736683429 59.9299790841 -64.1534982492
v -117.365779538 55.695324132 -64.1217542951
v -112.144227426 61.0389741758 -55.0084201805
v -112.066811797 62.8609302979 -55.421588453
v -110.940960806 63.5675480786 -53.3164279534
v -111.168217705 62.0378063761 -53.3049606553
v -112.475768268 53.2362490441 -53.2389821436
v -107.769575631 65.4669704476 -47.6552168894
v -89.1042426787 94.4661241744 41.9424599609
v -89.244428004 90.9298118324 39.630818346
v -88.4092675911 94.1919615172 37.4784172145
v -88.9039656907 95.6551616831 41.7900716906
v -89.0410356932 96.060582384 42.9847366588
v -89.268292592 94.5308406814 42.9962039569
v -90.5758431551 85.7292833494 43.0621824686
v -90.2265432305 95.1631350859 50.616252251
v -90.8236380747 84.7304114514 43.7900109187
v -89.673955917 98.5015324354 50.1807896357
v -89.9701082911 99.6436876796 53.5479251657
v -90.5992043997 95.4090327275 53.5796691198
v -90.6713087709 96.4152889637 59.6761690958
v -89.8947155971 101.478890508 58.9674721427
v -89.8225511123 103.235512533 64.1549617423
v -90.7248187033 97.1620495589 64.2004898271
v -89.6452814117 98.8725471082 69.5742850652
v -88.912405202 104.74317167 68.6215010105
v -87.6443045391 106.843783813 74.844702524
v -88.577056484 100.565120524 74.8917688379
v -85.1300769739 104.188686463 81.4608694135
v -84.8716822469 108.736861035 80.4804745924
v -82.3222990178 110.477516203 85.6624796692
v -82.909825553 106.522679862 85.6921260382
v -75.7684650577 112.947186854 93.0641783212
v -78.0965783913 106.49082282 91.470733241
v -119.56465027 57.5453373903 -98.8448879969
v -119.132182427 50.6012989286 -103.359030642
v -116.364686327 59.0227986323 -103.614633309
v -118.581811585 60.6391184119 -98.8798701661
v -119.813237579 61.5368476597 -96.2501087734
v -121.308144338 56.7403455349 -96.2461016336
v -121.960300314 57.199020647 -90.8967726055
v -120.039784462 63.3214105192 -90.985149304
v -120.268593075 65.1237895607 -85.6676271159
v -122.598565701 57.6479262131 -85.6613815584
v -121.475636672 59.2127087104 -81.3071777027
v -119.207198548 66.5499835282 -81.4390634284
v -117.580189623 68.7361925701 -74.9571090949
v -119.836423634 61.4969241929 -74.9510611959
v -117.126497704 64.3927811821 -69.5152334161
v -115.258086612 70.5218243597 -69.6461362771
v -112.861096777 72.3650420069 -64.1638868688
v -114.456556192 67.2459103771 -64.1596101947
v -109.141978415 72.5515274942 -55.6515000948
v -108.342247359 75.2012071589 -55.7143643527
v -107.065374154 76.0026110014 -53.3268165729
v -107.688824562 74.0022312536 -53.3251453965
v -103.468577788 78.156822835 -46.9062078313
v -105.356202916 72.5874909918 -47.2349334831
v -85.502526684 106.469854885 41.6410139378
v -86.6394835612 99.6368999354 37.143701803
v -84.4489352499 106.376366704 36.7294081564
v -85.0099923996 108.035841271 41.619430116
v -85.1654490405 108.495645307 42.9743480393
v -85.7888994484 106.495265559 42.9760192157
v -87.0642897297 106.806789183 50.0643582703
v -85.784018494 110.881249499 50.0072384254
v -86.0945216385 112.078750602 53.5375365462
v -87.6899810536 106.959618973 53.5418132202
v -87.9479413322 107.69933875 58.8741556638
v -86.0215671211 113.854603535 58.7818170389
v -85.9469644596 115.670575456 64.1445731227
v -88.2031984708 108.431307078 64.1506210217
v -87.3402813162 109.813804738 68.5338457196
v -85.0782628256 117.109582038 68.4077246864
v -83.7687178865 119.278846736 74.8343139045
v -86.098690512 111.802983389 74.840559462
v -82.9688135694 115.012172448 80.3385150896
v -81.1283726844 121.081608466 80.2012128805
v -78.4467123652 122.912579125 85.6520910496
v -79.9416191244 118.116077001 85.6560981895
v -71.5528267113 125.510390907 93.4378336336
v -72.8285624745 121.708516222 93.3247581262
v -113.07300384 71.9169524568 -97.4993739607
v -113.904267223 65.7209551879 -101.570374963
v -111.271726717 72.8876888665 -99.3831082119
v -112.250349565 73.6011205771 -97.2932184445
v -112.793891978 73.997371691 -96.1324610296
v -114.35506196 71.2260312873 -96.1586270195
v -115.830243105 71.2743651015 -89.7573268528
v -113.102444229 76.4279100436 -88.9616932154
v -113.249247474 77.584313592 -85.5499793721
v -116.786166121 71.3056855978 -85.609259898
v -115.329643191 73.3011106591 -80.1586499307
v -111.585672672 79.8196561401 -78.9223476871
v -110.560844022 81.1967166014 -74.8394613511
v -113.923298624 75.2277917546 -74.8958177724
v -109.712437882 79.5201819984 -67.6440395934
v -106.984152913 83.94709129 -66.6590709171
v -105.841751176 84.8255660382 -64.0462391249
v -107.640826673 81.6319031609 -64.0763925303
v -101.307811614 87.6712022164 -55.5685004632
v -101.546722618 86.5779860627 -54.4920086907
v -101.824812835 85.3054924893 -53.2389821436
v -102.741720263 81.3178978546 -49.7065015434
v -79.924887722 117.798526795 43.0621824686
v -80.2509185665 121.44201162 51.5932219744
v -78.3483712401 121.736244897 45.3917007883
v -78.9271907078 123.968547416 51.9726495349
v -79.0751760377 124.539274634 53.65518429
v -80.874251535 121.345611756 53.6250308846
v -81.7353968149 121.842269747 60.0606106108
v -78.9746099624 126.987245865 60.8843008117
v -78.9276188589 128.131099487 64.2622208665
v -82.2900734603 122.16217464 64.2058644453
v -81.2714734899 123.83896409 69.6383856882
v -77.5895742518 130.347573961 70.8286721489
v -76.7493722857 131.739370768 74.9519616483
v -80.2862909321 125.460742773 74.8926811224
v -75.247447383 130.391366845 82.3848416083
v -72.6110319853 134.56492612 83.363761099
v -71.4273667644 135.373103157 85.7697387935
v -72.9885367459 132.601762753 85.7435728036
v -68.3844561366 136.519758247 89.206308537
v -69.945447551 131.095668012 91.2910944513
v -109.220591442 77.9022490543 -96.039499749
v -107.118440844 82.3107604602 -90.5086245346
v -105.153733567 86.431033502 -85.3393703476
v -103.58786572 88.6036250773 -78.0198394542
v -102.864654003 89.6070582132 -74.6392409463
v -102.279893848 89.462729223 -69.1541772037
v -101.723918066 89.3255047173 -63.9391115449
v -101.592754076 88.8040397986 -61.3005493561
v -74.9573429281 129.039213313 53.76231187
v -73.0045581529 132.971197747 59.3703450369
v -71.2314288391 136.541441099 64.4624412714
v -69.4338823155 139.362099506 71.9244993235
v -68.6538583789 140.586090678 75.1625706727
v -68.2481074715 139.922459654 80.59096505
v -67.8540662281 139.27798052 85.8627000741
v -68.1192611824 137.898869384 87.5345043055
v -173.33293245 -151.074168975 -96.4277108071
v -172.44430856 -151.536571921 -96.6978312091
v -172.472251563 -150.874116553 -98.8474871764
v -174.146866953 -150.326673786 -97.2593691771
v -175.821482344 -149.779231019 -95.6712511779
v -173.640268702 -151.145604698 -95.5636449133
v -172.428788581 -151.904509979 -95.5038787135
v -173.645843481 -149.713979199 -87.2926505929
v -171.394735745 -151.309194818 -88.2533919182
v -177.185027197 -148.021244382 -90.5038751898
v -178.589092306 -146.211015923 -85.1829410704
v -173.647429775 -149.306612561 -84.9391530088
v -170.902753231 -151.025955278 -84.8037493121
v -171.643228406 -146.456547201 -76.8379811016
v -169.347444476 -148.642622555 -78.1825460692
v -177.713739665 -145.117330715 -81.9392094512
v -175.696510421 -142.596959285 -74.4641074424
v -170.998603124 -145.539860776 -74.2323446083
v -168.389312044 -147.174394224 -74.1036199107
v -167.265969438 -141.253434414 -65.0300113372
v -166.000919769 -142.799719434 -65.9937863167
v -172.580021629 -140.862970311 -69.2922474339
v -169.147766678 -138.953291619 -63.5963687374
v -166.634159534 -140.527885953 -63.4723644353
v -165.238062872 -141.402440237 -63.4034905094
v -162.508336459 -136.090603203 -55.0328794277
v -139.822595713 -100.985186247 53.0571169472
v -138.690859745 -101.75731365 52.5935858147
v -139.548896086 -102.025560522 45.9273218238
v -141.488402755 -100.117771583 51.5272910606
v -142.38119154 -99.2395830238 54.1050546775
v -139.867584396 -100.814177358 54.2290589796
v -138.471487733 -101.688731642 54.2979329055
v -139.473941239 -99.0829382297 62.5692007567
v -137.302373951 -100.701371242 61.5904958831
v -143.201016128 -97.496209303 59.2384303407
v -144.063285257 -95.6625763995 64.6375747753
v -139.365377961 -98.6054778908 64.8693376094
v -136.75608688 -100.240011339 64.9980623069
v -137.701309822 -96.0139449212 72.8928034604
v -135.310567152 -98.1704459129 71.5708950691
v -143.439598238 -94.5231017449 68.0122638705
v -142.089217118 -92.0559587473 75.31899995
v -137.147554586 -95.1515553852 75.5627880116
v -134.402878042 -96.8708981022 75.6981917082
v -132.907003472 -90.4691214968 84.9384468979
v -131.805248205 -91.9393269153 84.018509405
v -138.401090654 -90.2914483124 80.5905844669
v -134.45495713 -88.4034995529 86.2309486452
v -132.273743488 -89.7698732326 86.3385549098
v -131.062263367 -90.5287785132 86.3983211096
v -129.584980982 -87.2420471721 89.7419295725
v -171.63559237 -142.247377333 -107.127840208
v -170.746968481 -142.709780279 -107.39796061
v -170.436861663 -141.545758611 -108.061100473
v -171.753534331 -141.3338932 -107.45772681
v -174.124142264 -140.952439376 -106.371380579
v -172.714721828 -142.87899328 -106.287694347
v -171.305301392 -144.805547183 -106.204008115
v -176.206605672 -144.376092906 -100.419455835
v -171.888776477 -147.839831868 -102.525747646
v -177.808587773 -139.747969946 -102.877244396
v -178.922452767 -145.540476904 -95.8553754634
v -179.20484226 -145.216143074 -92.8147521593
v -179.906361673 -144.410424435 -85.261155709
v -179.499871786 -143.841301964 -83.6695013452
v -177.1712855 -140.581071327 -74.5516741943
v -176.175617297 -139.500975631 -72.4616347174
v -172.033956584 -135.008123601 -63.7677401411
v -169.369539577 -132.307793514 -59.2694906399
v -169.681382789 -122.963308759 -53.1853046568
v -165.623002642 -128.510757848 -52.9443328824
v -161.564622494 -134.058206936 -52.703361108
v -160.680129244 -123.571489882 -45.0040426674
v -160.665929315 -132.095468894 -50.5635773121
v -167.88275878 -122.230697091 -50.9920862587
v -160.687245308 -119.299836001 -42.2179720178
v -158.878946769 -121.771621226 -42.1106018622
v -157.070648229 -124.243406451 -42.0032317067
v -153.248304591 -116.043005898 -32.4773687721
v -141.60710285 -96.6278456209 31.0593094387
v -140.195801239 -98.4207834087 29.9398311091
v -140.547597769 -97.1989002525 23.3718111682
v -142.689421176 -95.0122240461 29.7917690747
v -143.65397022 -94.0274759858 32.6829337917
v -141.845671681 -96.4992612106 32.7903039473
v -140.037373141 -98.9710464355 32.8976741028
v -143.047066614 -96.1911142451 39.5520667055
v -139.888418417 -100.007892381 37.1744073663
v -145.303685119 -92.6056985897 36.8528686296
v -147.781457676 -90.4702744535 43.1158599554
v -143.723077528 -96.0177235423 43.3568317298
v -139.664697381 -101.565172631 43.5978035042
v -144.413666044 -95.6942712975 48.08663402
v -139.628194799 -101.710294901 44.3321081919
v -148.029918369 -90.2258769637 43.8332445658
v -145.267381446 -95.2944150052 53.9336832738
v -145.342267946 -94.8385520662 56.8708144137
v -145.538060337 -93.646688441 64.5500080233
v -145.195557226 -93.1017680512 66.2678112672
v -143.406486484 -90.2553672593 75.2407853113
v -142.341587194 -89.1467725202 77.2076646206
v -137.555927553 -84.1647454383 86.0468243596
v -129.942102301 -77.3705938084 93.5874695836
v -127.890967025 -72.3560336206 96.9310780466
v -126.481546589 -74.2825875241 97.0147642788
v -125.072126153 -76.2091414276 97.098450511
v -123.359040698 -71.6961475396 98.9555428688
v -170.251163322 -132.060395915 -108.692909396
v -168.000055586 -133.655611533 -109.653650721
v -166.840669974 -129.901630829 -110.411355596
v -169.823666167 -129.421637791 -109.044378532
v -175.194412147 -128.557432639 -106.583199873
v -174.651442357 -134.845672935 -106.475739615
v -177.507502181 -136.389351431 -103.514881561
v -176.759537427 -128.045782907 -105.098916591
v -169.758244306 -122.073160363 -53.2005164762
v -168.795709222 -121.168406125 -51.983129866
v -161.757515191 -106.904829263 -42.4297913116
v -161.146718743 -113.978583474 -42.3089073417
v -156.069106898 -109.1242015 -35.4169019584
v -158.662125452 -105.549641896 -38.3766654052
v -153.401565832 -103.246525151 -31.4884502603
v -153.136163597 -106.320200815 -31.435923963
v -152.465049 -114.092511408 -31.3031023053
v -146.594796974 -99.7447849956 -20.7041427767
v -147.478872776 -102.194699015 -22.3335130629
v -146.641244781 -99.6527454321 -20.7644436168
v -146.542674591 -99.6003456203 -20.6080801295
v -146.535361486 -99.6850401334 -20.606632778
v -146.516869058 -99.8992045844 -20.602972904
v -146.287752953 -99.4071595284 -20.0334280415
v -139.236687124 -88.8661404028 11.4293762296
v -139.226223504 -89.0346153117 11.3198539578
v -139.246819224 -88.9604890476 10.9278704377
v -139.243325426 -88.7983750201 11.4065569721
v -139.242699553 -88.7693341852 11.4923080746
v -139.235386448 -88.8540286983 11.4937554261
v -139.216894021 -89.0681931493 11.4974153001
v -140.623060033 -88.3854989915 19.9526747153
v -139.787126314 -92.7444855722 17.1390154347
v -140.719117948 -86.120332763 19.2884308646
v -141.234940769 -85.1948394262 22.0121967465
v -140.969538534 -88.2685150896 22.0647230438
v -140.298423937 -96.0408256833 22.1975447015
v -142.756987638 -88.5173716556 28.0499447021
v -140.431093972 -96.6574305344 22.8227707613
v -142.808262347 -83.5885702775 26.7281122951
v -144.724240103 -81.632469248 32.4711144979
v -144.113443655 -88.7062234588 32.5919984678
v -145.297759423 -88.9825948942 35.9153557806
v -145.284947722 -81.1492333757 33.8883983176
v -147.858319193 -89.5801260577 43.100648136
v -148.034768115 -89.6086061908 43.6689322127
v -128.961236908 -59.9610268827 96.7192587527
v -128.418267118 -66.2492671795 96.8267190105
v -118.693902202 -58.4660177472 101.305797992
v -122.321469022 -68.7536394117 99.4782622155
v -166.551208168 -119.976172274 -108.938369306
v -164.255424237 -122.162247629 -110.282934273
v -162.662809409 -117.39447787 -110.2038216
v -165.498664649 -116.93816124 -108.904272818
v -170.604490182 -116.116584358 -106.564495646
v -173.805410739 -124.792585237 -106.577539603
v -176.105191627 -126.187718679 -105.069760148
v -172.356757272 -115.543756741 -104.902736821
v -157.167593226 -94.4639809831 -42.411087085
v -160.789112835 -104.280003203 -42.4258450099
v -156.636482083 -100.53644429 -38.0942967489
v -153.541338718 -92.8763766059 -37.6628429765
v -148.811643867 -90.8056768713 -31.4697460336
v -150.291343687 -94.8163596445 -31.4757759054
v -142.4701737 -87.4345578513 -21.4101693234
v -142.735227985 -88.2589739968 -21.3342790618
v -145.289387457 -96.203347762 -20.602972904
v -146.124884006 -98.8845037953 -20.1263410805
v -137.989412419 -85.3723363269 11.4974153001
v -137.265950489 -76.582188257 19.511828432
v -134.803068292 -76.0588331502 12.3046117196
v -136.181249792 -73.5860891329 19.5820015411
v -136.645018804 -72.7539911461 22.0309009732
v -138.124718624 -76.7646739193 22.0248711014
v -140.72642737 -77.8009781841 26.8531031713
v -138.302354156 -71.0619488567 26.9986416209
v -140.134318138 -69.1916209678 32.4898187245
v -143.755837747 -79.0076431876 32.4750607996
v -144.659921164 -79.4073377689 33.9248074206
v -140.791188097 -68.6255092958 34.1501692053
v -124.371314943 -47.5201786026 96.7379629793
v -127.5722355 -56.1961794809 96.7249190226
v -114.610432583 -46.0989131313 101.098263996
v -117.118809995 -53.6957287719 101.22574715
v -160.47660912 -105.946267846 -107.830528943
v -159.211559451 -107.492552865 -108.794303922
v -158.109223849 -104.329859756 -108.344101376
v -159.626543272 -104.085708334 -107.648780057
v -162.35840636 -103.64612505 -106.396886343
v -166.680252371 -110.182003897 -106.484731872
v -171.083597059 -113.020600705 -104.562022922
v -165.787658493 -102.525080011 -103.144762263
v -157.915646885 -85.6569944329 -53.2108104204
v -156.971669424 -85.2724955614 -52.0597367527
v -148.921509404 -81.9935216751 -42.2434777814
v -154.304732541 -90.1345091452 -42.3528967857
v -140.599009087 -78.349861832 -31.3459351496
v -140.604771621 -78.373311345 -31.328374447
v -140.613064658 -78.4070582528 -31.3031023053
v -141.57533764 -83.0847151677 -26.1770155228
v -128.446439596 -60.3553725276 22.1975447015
v -133.764063175 -63.0436772829 28.4668774219
v -128.412902721 -60.269271595 22.2403775457
v -130.809121035 -57.8228730937 29.4228654487
v -131.888234316 -56.7211616599 32.6574280281
v -137.271457453 -64.8621491299 32.5480090238
v -139.305913273 -65.9678546541 34.6219857006
v -133.406818751 -55.4123967179 36.4959083283
v -136.015721772 -53.1639601276 43.0903541918
v -136.146122174 -53.035692229 43.4668613994
v -116.125231121 -35.0497192946 96.905572283
v -120.447077132 -41.5855981409 96.8177267534
v -110.902687959 -34.2892736715 99.2385437724
v -113.429663116 -42.3380118009 100.506016935
v -154.391162883 -93.8783201477 -106.204008115
v -162.580179259 -97.0006269454 -102.070008245
v -153.248021745 -90.8088293526 -105.131690158
v -158.070022108 -89.2324857714 -100.55875621
v -162.892022471 -87.6561421901 -95.9858222622
v -163.090778601 -87.3998905389 -95.2326034367
v -156.218306805 -76.8302027907 -63.9109398217
v -155.391164762 -76.4735682803 -62.8440979677
v -147.731141197 -73.1708359667 -52.9642547056
v -156.923085501 -84.440118611 -53.1867815977
v -138.949388008 -69.5938711224 -42.2559006714
v -138.972542844 -69.7057020604 -42.1346434614
v -138.997636756 -69.8268981509 -42.0032317067
v -139.789550463 -74.0416904494 -36.7329650328
v -121.964361668 -44.5545381356 32.8976741028
v -128.67199731 -48.2022425881 38.3281629527
v -121.801193616 -44.1510047301 33.1503430675
v -124.489907547 -41.8337845284 39.9465245744
v -125.831216084 -40.6778016613 43.3369099066
v -135.023160388 -51.9470843056 43.1143830145
v -135.670479707 -52.3199216416 43.653142177
v -127.102865963 -39.4269477137 47.0085653414
v -129.451731667 -37.1164941953 53.7904835932
v -129.519117097 -36.9731977037 54.2124210779
v -121.525497257 -26.2804107244 85.9163775608
v -111.550938338 -26.0911074026 94.6523224786
v -107.70916211 -23.6755048572 96.3641458232
v -107.50255988 -22.9360464999 96.0261325543
v -108.157987645 -25.281914392 97.098450511
v -110.343837243 -32.45527775 98.8027976018
v -152.193428846 -79.4375316711 -98.5046896742
v -152.179228917 -87.9615106825 -104.064224319
v -147.903453018 -76.5706253456 -99.7937571235
v -150.051998964 -75.8682515679 -97.756188074
v -152.200544911 -75.1658777901 -95.7186190245
v -160.753968848 -85.1583718953 -95.93238766
v -162.006348904 -85.8612395565 -94.7836474714
v -153.388696867 -73.6340211323 -91.2159230726
v -154.968154873 -71.5976626944 -85.230308917
v -154.357864952 -70.8351527889 -82.9688012441
v -152.075572988 -67.9836060565 -74.5114752891
v -149.801991806 -66.71860401 -70.7384331337
v -145.526829245 -64.3399383907 -63.6437365841
v -155.096185439 -75.5192901991 -63.8828955724
v -137.256859821 -60.7742189098 -52.9771895427
v -137.275202765 -60.8789104182 -52.8347728627
v -137.2921283 -60.9755121283 -52.703361108
v -138.120758154 -65.2846916253 -47.4796308897
v -115.392203187 -28.4824778229 43.5978035042
v -122.05900796 -32.1146287881 49.056216832
v -115.232391619 -28.0963993683 43.8716319389
v -117.648210497 -25.7200875955 50.8468651801
v -118.760254107 -24.6262297953 54.0576868309
v -128.329610301 -35.8055816036 53.8185278425
v -128.869635126 -36.0783873669 54.4882540187
v -119.466777046 -23.1237943445 58.4816181351
v -120.442347824 -21.049223171 64.5902069286
v -119.98734761 -20.2179388942 67.0521537324
v -118.468279685 -17.4426055188 75.2716321033
v -115.896942942 -16.2124008176 78.9469450556
v -110.834019697 -13.7901463244 86.1835807985
v -119.387443634 -23.7826404296 85.9698121631
v -104.585798422 -12.2999929324 90.6881995196
v -105.751598412 -16.5511157346 92.8217172474
v -143.25053565 -64.0509364266 -95.5038787135
v -147.582406501 -64.9902432893 -88.9175489652
v -142.493127371 -62.2348574489 -94.1666693081
v -144.228562025 -59.9974019496 -87.589956162
v -144.914865435 -59.1125669404 -84.989097267
v -151.244000066 -66.9726661052 -85.1409541311
v -149.847121765 -65.2292777207 -80.8948143543
v -142.954794587 -56.6636104928 -77.7258030374
v -142.022283549 -55.4985103025 -74.270263639
v -147.7127191 -62.56541444 -74.4067960006
v -135.511266265 -51.8758333309 -63.4651325592
v -135.512751382 -51.8929364184 -63.428762651
v -135.513783337 -51.9048207391 -63.4034905094
v -136.394870304 -56.388107165 -58.1332238355
v -108.747208199 -12.1911121436 54.2979329055
v -113.408432489 -14.3575048008 60.9454830779
v -108.716654991 -12.1205273727 54.3595749553
v -109.990454468 -9.41176678464 62.3355387513
v -110.389058386 -8.56412741696 64.8314185786
v -116.079493936 -15.6310315545 64.694886217
v -115.534598094 -14.4830176172 69.047176598
v -109.07505306 -6.16344290856 71.9413299742
v -108.414990246 -4.95750976481 75.5128437533
v -114.744124878 -12.8176089296 75.3609868892
v -101.734793885 -1.76150325469 85.0611117042
v -101.814242698 -2.2479942972 85.7730950498
v -101.884010436 -2.67520496092 86.3983211096
v -103.746875511 -9.31143306509 89.3561641034
v -136.410756497 -46.7840351424 -84.9049191849
v -137.294832299 -49.2339491618 -86.5342894711
v -136.29190361 -46.7256298524 -85.0617426844
v -136.339723162 -46.6639772174 -84.88052268
v -136.358634114 -46.6395957671 -84.8088565376
v -136.481597042 -46.8188467712 -84.8114468051
v -135.568808995 -45.6527705618 -81.8820581347
v -134.248527588 -44.1250157858 -74.8349260685
v -134.111517253 -43.9664751958 -74.1036199107
v -134.785977322 -47.7775485989 -68.9775331282
v -102.47829209 2.96790768973 64.9980623069
v -100.002524864 7.29593325586 75.544794531
v -100.397782077 6.53066743269 72.7765005308
v -99.8769468231 7.48223216391 75.5946721408
v -99.8587589254 7.51546140849 75.6930844827
v -99.9817218533 7.33621040444 75.6904942152
v -99.6746874618 7.60352672336 75.9561850806
v -100.760870277 2.66585238286 80.7567209749
v -136.013366716 -45.9765785504 -84.8037493121
v -135.940843529 -45.9237539421 -84.3271174887
v -99.5134915276 8.17847862517 75.6981917082
v -99.6244330072 7.78277376457 75.8757530505
v -123.960626408 -9.42501562292 -84.8717883826
v -123.950162788 -9.5934905319 -84.9813106544
v -123.899908334 -9.41424349069 -85.0617426844
v -123.947727886 -9.35259085562 -84.88052268
v -123.966638838 -9.32820940538 -84.8088565376
v -123.980990317 -9.42862843035 -84.8080806322
v -124.061104268 -9.98919539251 -84.8037493121
v -123.176813719 -8.34138420002 -81.8820581347
v -87.4962065434 44.7009909899 75.6099467875
v -87.633752267 44.1130371748 75.2215598848
v -88.0057868004 43.8420537944 72.7765005308
v -87.484951547 44.7936185256 75.5946721408
v -87.4667636492 44.8268477702 75.6930844827
v -87.4811151281 44.7264287453 75.6938603881
v -87.5612290795 44.1658617831 75.6981917082
v -87.2826921857 44.9149130851 75.9561850806
v -123.649659238 -0.11758256943 -87.0486192982
v -122.813725519 -4.47656915019 -89.8622785788
v -121.839801911 -0.0492135126412 -94.1666693081
v -123.575236565 2.18824198659 -87.589956162
v -124.261539974 3.0730769958 -84.989097267
v -124.185185397 -0.137812571982 -84.942430086
v -121.989889774 2.85893652279 -76.7893361802
v -122.301469127 5.5220334434 -77.7258030374
v -121.368958089 6.68713363374 -74.270263639
v -121.300308767 3.8002681762 -74.2283058357
v -121.096303706 -4.77862445706 -74.1036199107
v -114.857940805 10.3098106053 -63.4651325592
v -89.3628245135 50.6076291195 62.8787316241
v -88.7886184739 45.9668318315 59.8719755244
v -88.0633295305 50.0651165635 54.3595749553
v -89.3371290076 52.7738771516 62.3355387513
v -89.7357329256 53.6215165193 64.8314185786
v -89.6670836035 50.7346510617 64.8733763819
v -89.4630785425 42.1557584285 64.9980623069
v -88.1853573793 53.1889704841 72.8631525293
v -89.3260682078 42.3142990184 65.7293684647
v -88.4217276002 56.0222010277 71.9413299742
v -87.7616647858 57.2281341714 75.5128437533
v -87.6853102084 54.0172446036 75.5595109344
v -81.0814684246 60.4241406815 85.0611117042
v -86.2797634966 47.4232323944 77.4287318672
v -121.239021896 9.29365408554 -97.3422433775
v -119.827720285 7.50071629776 -98.4617217072
v -118.988797374 10.4892761651 -99.7937571235
v -121.13734332 11.1916499428 -97.756188074
v -123.285889266 11.8940237206 -95.7186190245
v -122.790536927 8.46928051287 -95.6519407478
v -121.690585359 0.864488193585 -95.5038787135
v -124.086246763 8.57733640862 -89.6514787128
v -121.760353098 0.437277529869 -94.8786526537
v -124.474041223 13.4258803784 -91.2159230726
v -126.053499229 15.4622388163 -85.230308917
v -125.069532609 8.65933766374 -85.0978593587
v -123.753026575 10.4669382379 -80.1481908423
v -125.443209308 16.2247487218 -82.9688012441
v -123.160917343 19.0762954542 -74.5114752891
v -122.22009671 12.5716949459 -74.3848335159
v -118.48800246 16.3974474969 -67.8342871903
v -120.887336162 20.3412975007 -70.7384331337
v -116.612173601 22.71996312 -63.6437365841
v -116.057985827 18.8884463065 -63.5691386003
v -114.827387597 10.3803953763 -63.4034905094
v -108.342204176 26.2856826009 -52.9771895427
v -88.5749901248 58.6892110256 51.6602784845
v -87.1797254912 54.5773903977 49.0276662316
v -86.317735975 58.9635021424 43.8716319389
v -88.7335548522 61.3398139152 50.8468651801
v -89.8455984624 62.4336717154 54.0576868309
v -89.2914106883 58.6021549019 54.1322848146
v -88.0608124588 50.0941039717 54.2979329055
v -90.0274293736 59.1157205277 60.1459260216
v -88.0618444134 50.0822196511 54.3232050472
v -90.5521214013 63.9361071662 58.4816181351
v -91.5276921799 66.0106783397 64.5902069286
v -90.5868715461 59.5060778314 64.7168487018
v -89.6512691564 61.0405055649 69.6736852469
v -91.0726919653 66.8419626165 67.0521537324
v -89.5536240402 69.6172959919 75.2716321033
v -88.5696574205 62.8143948393 75.4040816617
v -84.1398025332 67.1729391856 82.1280355206
v -86.9822872976 70.8475006932 78.9469450556
v -81.9193640527 73.2697551863 86.1835807985
v -81.4240117138 69.8450119786 86.2502590752
v -80.3240601455 62.2402196593 86.3983211096
v -75.6711427775 74.7599085783 90.6881995196
v -120.981645581 18.5571771036 -99.5496155121
v -117.822997384 14.7403989673 -101.927274851
v -116.072035916 21.1253297326 -105.131690158
v -120.894036279 22.7016733138 -100.55875621
v -125.716036643 24.2780168951 -95.9858222622
v -124.25719454 16.8437802663 -95.8254174502
v -124.929678469 16.9389048122 -92.4861970357
v -125.914792772 24.5342685463 -95.2326034367
v -126.383627948 17.1445696288 -85.266607729
v -125.98918029 17.6873702954 -83.7766159943
v -123.547663717 21.0471489519 -74.553999411
v -122.332512478 22.3000617679 -72.379308313
v -119.042320977 35.1039562945 -63.9109398217
v -117.506272982 27.2762796405 -63.7420459508
v -113.395936594 31.2388821917 -57.9730016595
v -118.215178934 35.4605908049 -62.8440979677
v -110.555155369 38.7633231185 -52.9642547056
v -109.765431001 34.7389000416 -52.8774217382
v -108.182392609 26.6717610556 -52.703361108
v -101.77340218 42.3402879628 -42.2559006714
v -87.0563508569 67.3695829301 40.8583081891
v -85.4538376416 63.473974858 38.3740732859
v -84.6252077876 67.7831543551 33.1503430675
v -87.3139217185 70.1003745568 39.9465245744
v -88.6552302554 71.2563574239 43.3369099066
v -87.8655058876 67.231934347 43.423742874
v -86.2824674956 59.164795361 43.5978035042
v -89.3498231097 67.1069862625 48.8646543045
v -86.2993930307 59.0681936509 43.7292152589
v -89.9268801349 72.5072113715 47.0085653414
v -92.2757458387 74.8176648899 53.7904835932
v -90.7396978439 66.9899882359 53.9593774642
v -91.0972586286 67.291788544 57.1821846203
v -92.3431312683 74.9609613815 54.2124210779
v -91.914438554 67.9815318374 64.5476828067
v -91.5986224805 68.4975682065 66.2098463086
v -89.8837527598 71.2996268044 75.2353332913
v -88.5932802425 72.576591595 77.2359660909
v -84.349511429 85.6537483608 85.9163775608
v -82.8906693266 78.219511732 86.0767823728
v -70.3265740511 88.9981125853 96.0261325543
v -71.3953668785 86.1507939152 94.9586667151
v -114.36249452 31.4166883862 -107.444824073
v -113.230758553 30.6445609827 -107.908355206
v -112.671907837 32.4785569042 -108.344101376
v -114.18922726 32.7227083252 -107.648780057
v -116.921090347 33.1622916093 -106.396886343
v -116.446851394 30.1074902446 -106.336087771
v -115.416608151 23.4711976247 -106.204008115
v -120.650904931 27.8808116934 -101.715177599
v -115.865433686 21.8647880899 -105.469703427
v -120.35034248 34.2833366488 -103.144762263
v -125.848016055 25.1281598145 -96.0027423396
v -125.969347082 25.1396851579 -95.4327500049
v -119.111588144 35.5501394603 -63.9198200388
v -118.697078912 35.9479947804 -63.3481518366
v -112.478330872 51.1514222267 -53.2108104204
v -111.230640901 43.1144505685 -53.0508535719
v -106.782947245 47.3264959917 -47.2449477802
v -111.534353411 51.5359210983 -52.0597367527
v -103.484193391 54.8148949845 -42.2434777814
v -102.893488841 51.009882649 -42.1677480404
v -101.610234128 42.7438213683 -42.0032317067
v -95.1616930744 58.4585548276 -31.3459351496
v -85.1803099658 76.34279431 30.2600196818
v -83.7850453322 72.2309736821 27.6274074289
v -82.9755867086 76.5391450647 22.2403775457
v -85.3718050221 78.9855435659 29.4228654487
v -86.4509183034 80.0872549998 32.6574280281
v -85.8602137529 76.2822426643 32.7331577691
v -84.5769590398 68.0161813836 32.8976741028
v -87.6524830302 75.9337779047 38.1645249032
v -84.6020529512 67.8949852931 33.0290858575
v -87.9695027388 81.3960199418 36.4959083283
v -90.5784057592 83.6444565321 43.0903541918
v -89.3307157882 75.6074848739 43.2503110403
v -90.1356968498 75.5157151807 46.0627380413
v -90.7088061613 83.7727244307 43.4668613994
v -92.3450130061 75.2638480558 53.7816033761
v -92.3826821808 75.2912078918 54.0955768718
v -84.4814908411 86.5038912802 85.8994574835
v -81.3752540429 89.159946495 88.3088281064
v -70.6879151086 101.758697365 96.905572283
v -70.2136761554 98.7038960003 96.9663708548
v -69.1834329122 92.0676033804 97.098450511
v -65.4653719464 102.519142988 99.2385437724
v -112.316499967 42.1457280456 -108.632869665
v -110.14493268 40.5272950336 -109.611574539
v -108.964163213 44.2881963639 -110.2038216
v -111.800018452 44.7445129945 -108.904272818
v -116.905843985 45.5660898758 -106.564495646
v -116.913659523 39.2076972255 -106.478576338
v -119.882166753 37.5633225668 -103.631126607
v -118.658111075 46.1389174931 -104.902736821
v -112.477720096 51.6483239552 -53.2175249244
v -111.896234331 52.1895290552 -52.5130399949
v -103.468947029 67.218693251 -42.411087085
v -103.477789524 60.0248115984 -42.3138780311
v -98.1323717738 65.083619979 -35.3556815343
v -99.8426925211 68.8062976283 -37.6628429765
v -95.1129976705 70.8769973629 -31.4697460336
v -95.1166105843 67.937682784 -31.4300278393
v -95.1281562001 58.5446557603 -31.3031023053
v -88.7715275037 74.2481163828 -21.4101693234
v -82.5734641955 85.9147956883 20.0782140186
v -81.999258156 81.2739984003 17.0714579189
v -81.1044220952 85.623841084 12.3046117196
v -82.482603595 88.0965851013 19.5820015411
v -82.9463726076 88.9286830881 22.0309009732
v -82.9499855214 85.9893685092 22.0706191675
v -82.9615311373 76.5963414855 22.1975447015
v -84.9354091351 85.5960954543 28.0455378175
v -82.9698241749 76.5625945777 22.2228168431
v -84.6037079596 90.6207253775 26.9986416209
v -86.4356719415 92.4910532663 32.4898187245
v -86.4445144364 85.2971716137 32.5870277784
v -87.7025784696 84.9453718284 35.7819258176
v -87.0925419005 93.0571649383 34.1501692053
v -90.5777949831 84.1413582606 43.0836396879
v -90.6853421013 84.117999534 43.3954474704
v -70.6726687467 114.162495632 96.7379629793
v -70.6804842846 107.804102981 96.8238822874
v -60.9117863861 115.583761103 101.098263996
v -64.3630363444 105.681836097 99.6887463182
v -108.846528471 54.0415129962 -109.009396363
v -106.4557858 51.8850120045 -110.331304754
v -104.880693593 56.6553009798 -110.411355596
v -107.863689786 57.1352940178 -109.044378532
v -113.234435766 57.9994991701 -106.583199873
v -115.745899401 49.4943007724 -106.570405059
v -118.038115954 48.126898224 -104.934259155
v -114.799561046 58.5111489012 -105.098916591
v -99.7975388102 79.6521025454 -42.4297913116
v -102.622729265 70.0844524332 -42.4153981961
v -98.5611972993 73.7848988048 -37.9541174156
v -96.7021490714 81.0072899122 -38.3766654052
v -91.4415894512 83.3104066572 -31.4884502603
v -92.6691864085 79.1530875832 -31.4821961882
v -84.7264641491 86.7370580357 -20.7563700812
v -84.6812684003 86.9041863765 -20.7644436168
v -84.58269821 86.9565861883 -20.6080801295
v -84.6165243966 86.8420320996 -20.6079077998
v -85.5851833764 83.5616195596 -20.602972904
v -84.3277765721 87.1497722802 -20.0334280415
v -77.3121660664 97.6617408431 11.4091703793
v -77.4497117901 97.073787028 11.0207834767
v -77.2868428427 97.5964427611 10.9278704377
v -77.2833490453 97.7585567886 11.4065569721
v -77.2827231723 97.7875976234 11.4923080746
v -77.3165493589 97.6730435347 11.4924804043
v -78.2852083387 94.3926309947 11.4974153001
v -79.6986569818 97.3229286952 19.3625055225
v -80.8393678104 86.4482572294 12.2287214579
v -78.7591415672 100.436599046 19.2884308646
v -79.2749643884 101.362092382 22.0121967465
v -80.5025613456 97.2047733084 22.0184508186
v -82.8619088384 96.3476721337 26.8731676415
v -80.8482859665 102.968361531 26.7281122951
v -82.7642637222 104.924462561 32.4711144979
v -85.5894541772 95.3568124484 32.4855076134
v -86.506602242 94.9779431331 34.1094581046
v -83.3249713411 105.407698433 33.8883983176
v -67.0012605274 126.595904926 96.7192587527
v -69.5127241626 118.090706528 96.7320535666
v -56.7339258215 128.090914061 101.305797992
v -59.3191715584 120.351530861 101.177376669
v -102.354882041 68.4131280628 -107.663882327
v -101.253126774 66.9429226444 -108.583819819
v -100.215555098 69.8854307722 -108.061100473
v -101.532227766 70.0972961831 -107.45772681
v -103.902835699 70.4787500068 -106.371380579
v -108.726320873 64.0282505261 -106.480869543
v -113.486805843 60.9086853973 -104.694535202
v -107.587281208 71.6832194366 -102.877244396
v -99.4600762241 88.4678806242 -53.1853046568
v -97.6614522152 89.2004922918 -50.9920862587
v -90.4659387432 92.131353382 -42.2179720178
v -96.6545116984 83.8553070798 -42.3584473
v -83.0269980262 95.3881834852 -32.4773687721
v -83.1435018232 94.846713767 -31.9283283651
v -83.2761718582 94.230108916 -31.3031023053
v -83.7874694819 90.9337688049 -26.2445730386
v -84.3577017749 87.2574763819 -20.602972904
v -84.3483722918 87.2238985444 -20.4254115617
v -77.0577267372 98.0884878171 11.4974153001
v -76.0957230197 100.383982248 13.2279554591
v -71.1095467954 112.281794641 22.1975447015
v -75.6531021357 111.306897397 28.6273885138
v -70.3262912045 114.232289131 23.3718111682
v -72.468114611 116.418965337 29.7917690747
v -73.4326636553 117.403713397 32.6829337917
v -79.6212366104 109.127667095 32.5424585095
v -81.8039199246 107.883758164 34.4354484855
v -75.0823785545 118.825490793 36.8528686296
v -77.560151111 120.96091493 43.1158599554
v -77.8086118039 121.205312419 43.8332445658
v -57.6696604605 139.075155763 96.9310780466
v -62.4931456338 132.624656282 96.8215890826
v -53.1377341328 139.735041844 98.9555428688
v -55.57454021 131.844894766 100.548093117
v -98.5024696429 74.3984246602 -106.204008115
v -99.3899808699 81.5116557513 -99.0148596408
v -93.9896148135 85.4313304048 -98.8474871764
v -95.6642302041 85.9787731719 -97.2593691771
v -97.3388455946 86.5262159391 -95.6712511779
v -98.7023904476 88.2842025753 -90.5038751898
v -100.106455557 90.0944310347 -85.1829410704
v -99.2311029162 91.1881162431 -81.9392094512
v -97.2138736716 93.7084876726 -74.4641074424
v -94.0973848796 95.4424766465 -69.2922474339
v -90.6651299289 97.3521553384 -63.5963687374
v -87.7881772252 97.4839755882 -55.1494891403
v -83.946400997 99.8995781336 -53.4376657958
v -84.02569971 100.214843755 -55.0328794277
v -83.9098984149 99.7544558637 -52.703361108
v -83.6861773784 98.197175614 -46.2799649702
v -83.5372226546 97.1603296681 -42.0032317067
v -83.378794557 96.6100666413 -39.0453887129
v -66.5039475666 122.432689683 32.8976741028
v -62.9086664811 130.284752126 41.4580197083
v -62.0099733017 132.247490169 43.5978035042
v -74.5858937249 124.467113064 45.508310501
v -61.0662593365 134.279886436 45.9273218238
v -63.0057660062 136.187675375 51.5272910606
v -63.8985547907 137.065863934 54.1050546775
v -64.718379379 138.809237655 59.2384303407
v -65.5806485082 140.642870558 64.6375747753
v -64.9569614893 141.782345213 68.0122638705
v -63.6065803684 144.24948821 75.31899995
v -59.9184539052 146.013998645 80.5905844669
v -55.972320381 147.901947405 86.2309486452
v -62.9840900803 140.439432901 89.3736810014
v -51.6858193186 146.029115101 93.4201900417
v -51.1023442331 149.063399786 89.7419295725
v -52.2692944041 142.994830416 97.098450511
v -52.8276273147 140.899063512 98.2924030066
v -92.5123324286 88.7180617458 -95.5038787135
v -91.7693475911 90.128610148 -93.1240670089
v -89.1717177535 95.0601813348 -84.8037493121
v -88.2640286438 96.3597291456 -80.6764526729
v -86.8185089152 98.4292945714 -74.1036199107
v -86.2722218442 98.8906544743 -70.696053487
v -85.1031080622 99.8780148743 -63.4034905094
v -84.8837360507 99.9465968831 -61.6991434185
v -58.336532924 139.59172347 54.2979329055
v -57.5736760265 140.989002666 56.8882287128
v -55.1852837518 145.363677457 64.9980623069
v -54.2271513199 146.831905788 69.0769884653
v -52.6718425649 149.21523851 75.6981917082
v -52.179860051 149.49847805 79.1478343143
v -51.1458072149 150.093793212 86.3983211096
v -51.1302872352 149.725855154 87.5922736053
v -162.927721682 -153.217803593 -97.4571589587
v -160.219792821 -153.69619525 -97.6732243984
v -160.283099268 -152.195365249 -102.543391237
v -166.466905398 -151.525068776 -100.668383556
v -164.132057168 -153.683412133 -95.1409379396
v -160.184631432 -154.529779672 -94.9682576779
v -164.521953205 -152.907472566 -89.0523182848
v -159.425403632 -154.092684192 -89.6447665122
v -164.81108275 -152.332070325 -84.5372689973
v -158.658596082 -153.651224971 -84.2681282766
v -163.441958802 -150.405996153 -79.123446708
v -157.666277492 -152.130610265 -80.0436660658
v -162.102928614 -148.522257674 -73.828621872
v -156.145154895 -149.799663917 -73.5679988752
v -159.171442287 -145.290343529 -67.3763090504
v -154.594533742 -146.959484211 -68.3028338293
v -157.206849117 -143.124412751 -63.0521648137
v -152.993905723 -144.02770993 -62.8678694739
v -152.180997269 -137.946098799 -54.0790947702
v -150.273264558 -138.733552088 -54.5251179891
v -158.645848371 -135.277607438 -52.5676284723
v -151.150776566 -136.884625759 -52.239756323
v -149.504503867 -137.237603082 -52.1677400725
v -147.38699073 -133.061341046 -45.8349657602
v -129.087294807 -104.474934822 42.902398887
v -127.770071137 -104.765663696 42.7594498368
v -128.367348192 -104.841797177 37.8006502274
v -132.072275909 -103.9321119 40.4241170203
v -136.745923258 -102.784573133 43.7335361399
v -129.250851452 -104.391591453 44.0614082892
v -127.604578754 -104.744568777 44.1334245397
v -130.101942467 -103.689717774 51.6375421395
v -126.687617421 -104.457900256 51.2574891294
v -138.253616644 -102.376307208 44.9135533467
v -130.440273978 -103.410704156 54.6492586012
v -126.227330584 -104.314001335 54.833553941
v -130.457169724 -102.364200089 60.7484865017
v -125.379210267 -103.597731944 60.1238609448
v -130.46970345 -101.587874789 65.2730603457
v -124.511929731 -102.865281032 65.5336833424
v -129.378838068 -99.8640860585 70.6764104858
v -123.573451789 -101.521652533 69.8009779682
v -128.311207561 -98.1770131494 75.964672023
v -122.158720893 -99.4961677951 76.2338127438
v -124.946120938 -94.6155332461 82.5159856399
v -120.501380273 -96.3497251691 81.5423445019
v -122.765531954 -92.3076806674 86.7612618835
v -118.818106218 -93.1540482061 86.9339421451
v -115.471239653 -85.7077729742 94.5090757046
v -122.289616677 -86.4489839469 92.2060577523
v -161.230381603 -144.391011951 -108.15728836
v -158.522452742 -144.869403608 -108.3733538
v -157.819888255 -142.232246865 -109.87573456
v -161.887507196 -142.010928128 -109.290709947
v -165.630660638 -147.176288971 -105.94011858
v -159.787387442 -149.617481735 -105.668387079
v -168.486720461 -148.719967468 -102.979260525
v -160.035243355 -150.906423492 -104.105889158
v -160.737462587 -134.403776399 -52.6648954407
v -159.774927502 -133.499022162 -51.4475088304
v -152.125937023 -126.30919951 -41.7732863062
v -145.552734279 -129.055341002 -41.4676106712
v -147.048325179 -121.454817537 -34.8812809229
v -143.962233195 -125.643103066 -37.5038395507
v -151.337709909 -115.633484898 -31.236165032
v -144.115381878 -118.650816851 -30.9003029275
v -141.259204987 -119.844065587 -30.7674812698
v -137.574015254 -112.075401032 -20.1685217412
v -137.490824008 -112.160566665 -20.2211250883
v -139.917029023 -112.531075035 -21.8845184295
v -137.713589559 -111.932514196 -20.080266355
v -137.514579766 -112.01565617 -20.0710117424
v -137.435878388 -112.048535898 -20.0673518684
v -137.266971234 -111.737775565 -19.497807006
v -130.215905404 -101.196756439 11.9649972651
v -130.149596808 -101.228703057 11.9465093277
v -130.226037504 -101.291105084 11.4634914732
v -130.355135498 -101.160613193 11.8465867279
v -130.413614521 -101.101502761 12.0201218491
v -130.214604729 -101.184644734 12.0293764616
v -130.13590335 -101.217524463 12.0330363356
v -131.602278314 -100.716115028 20.4882957508
v -129.362712893 -101.64354069 19.962732674
v -135.030955481 -99.2457532187 17.4214194686
v -139.171084846 -97.5817991724 22.2644819748
v -131.948756815 -100.599131126 22.6003440793
v -129.092579924 -101.792379862 22.733165737
v -133.736205918 -100.847987692 28.5855657376
v -128.834160359 -102.689939917 27.5578433772
v -139.903994944 -97.3779285947 22.8540679743
v -135.092661935 -101.036839495 33.1276195033
v -128.519459191 -103.782980987 33.4332951383
v -136.276977704 -101.31321093 36.4509768161
v -128.468832232 -104.13538577 34.8868777701
v -138.837537473 -101.910742094 43.6362691715
v -139.013986396 -101.939222227 44.2045532483
v -119.397485399 -78.5798832157 97.362340046
v -113.554212203 -81.0210759793 97.6340715465
v -109.673120483 -70.7966337834 101.841419027
v -120.315160396 -71.4960870277 99.597389486
v -161.127273046 -135.253889281 -110.452577087
v -156.030723473 -136.439100908 -111.045025315
v -154.223696566 -130.588119083 -112.225989683
v -160.563517245 -130.243170077 -111.314166036
v -151.901379454 -114.862998153 -31.2696336687
v -150.837062376 -113.889929843 -30.0811303454
v -142.115229309 -105.91585939 -20.3416196295
v -138.111064029 -101.84622009 -13.5152466415
v -138.343682171 -95.943312693 -9.67313148798
v -135.767664501 -99.4645025161 -9.52017697753
v -133.191646832 -102.985692339 -9.36722246709
v -134.029211444 -96.8851505526 -1.87562781993
v -132.148065729 -101.437325557 -4.77825355324
v -137.300101068 -94.3949459111 -5.08416257413
v -135.910357158 -92.332975548 1.02699791338
v -133.334339489 -95.854165371 1.17995242382
v -130.758321819 -99.3753551941 1.33290693427
v -134.196977542 -95.4060352788 7.34214992427
v -130.592376827 -99.9726095007 4.49121860978
v -136.950532783 -91.2815689437 4.1136945567
v -134.815254271 -95.0848479551 11.7587685746
v -136.499233199 -95.6758286891 15.3434904119
v -139.734754392 -96.8113124279 22.2310133381
v -140.02965884 -96.9519316131 22.6449016265
v -117.678744998 -67.3225277525 100.576308977
v -107.32244333 -64.1302156558 103.02566919
v -105.007981988 -57.566503991 104.19167415
v -111.797819697 -58.0127693736 102.759937705
v -158.349938564 -123.925621226 -111.223834912
v -152.574257254 -125.650235338 -112.14405427
v -150.045836001 -118.080966124 -112.018455687
v -156.185015013 -117.746934012 -111.135489294
v -141.442397236 -87.1553640036 -20.5685905789
v -140.45776658 -86.7260362855 -19.2844799675
v -133.051708129 -83.4967785367 -9.62583467635
v -135.854290986 -90.0883534338 -9.65088265134
v -134.709633474 -88.3900190516 -4.61744756597
v -131.79325773 -81.6296090482 -4.09201488647
v -130.618383116 -79.8864413917 1.074294725
v -133.420965973 -86.4780162887 1.04924675002
v -135.354757598 -87.3020303557 4.32828570516
v -131.872726861 -78.6185542511 4.79653021861
v -134.142422198 -76.3243525685 11.5317976252
v -134.4461393 -76.2022860205 11.8870814282
v -109.957378812 -51.9433333553 102.622635495
v -102.553031735 -50.1314966502 104.066906322
v -100.924512368 -45.1993993751 103.984140154
v -108.054510134 -45.6680219428 102.480675993
v -152.382081969 -109.98317696 -110.176826656
v -147.805173424 -111.652317642 -111.103351435
v -145.492250441 -105.01634801 -110.158735464
v -149.833471656 -104.7801426 -109.534360049
v -140.529317746 -78.3349240392 -31.3006606842
v -140.112734066 -78.2217597427 -30.9595476285
v -126.905197396 -74.6339533377 -20.1447620072
v -136.971409538 -83.3043422342 -20.4382400058
v -124.228142726 -73.4666793289 -16.6534688107
v -124.19840592 -74.9864411056 -12.0198190622
v -124.181382676 -75.856449659 -9.36722246709
v -122.696613599 -73.6534899539 -2.83820510302
v -121.748057663 -72.2461125139 1.33290693427
v -122.010653181 -67.3158067606 9.57898876403
v -118.480875459 -64.9394285961 8.61915327789
v -119.254695898 -64.1572530659 10.915447189
v -119.605222359 -63.8029419025 11.9556261969
v -129.6714345 -72.4733307991 11.6621481983
v -133.792291939 -75.3525978386 12.1780658745
v -123.652839413 -62.1761693595 16.6904691614
v -128.362692683 -60.283238314 22.1999863226
v -128.3894265 -60.2758018786 22.2214922124
v -107.796115407 -41.1198473706 101.500281171
v -99.0499331777 -39.2286255965 103.043893944
v -97.2167677442 -33.3897599153 102.124419931
v -107.394953034 -34.0587260891 99.9782009114
v -143.694296872 -93.8121405883 -107.579741777
v -141.786564161 -94.5995938767 -108.025764996
v -140.739463211 -91.6561733276 -107.423060063
v -142.43586245 -91.5638724157 -107.179075726
v -150.159147974 -91.1436492271 -106.068275479
v -152.372656802 -90.9037149329 -105.397111803
v -138.50017511 -69.5054451487 -41.9872767108
v -125.857927959 -67.8817601303 -32.2211559357
v -123.787605957 -66.9663578314 -31.5506742572
v -123.667315589 -66.326137929 -32.3512189523
v -123.905289046 -67.5927010462 -30.7674812698
v -124.194960207 -70.3008367136 -25.4812093156
v -124.491622653 -73.0743339112 -20.0673518684
v -124.4178109 -73.18424628 -19.1109803735
v -117.191647615 -62.243322476 12.0330363356
v -114.674386581 -56.3795559588 16.9725374631
v -111.738663983 -49.541015321 22.733165737
v -128.330444712 -60.2081802447 22.2500883579
v -110.780372412 -47.2057124215 24.3169034195
v -115.776968699 -45.8158298503 28.3363912438
v -121.466900022 -44.2330851334 32.9136290987
v -121.653372108 -44.1872999186 33.0456703592
v -103.925972735 -22.5472434714 97.2341831466
v -107.583253576 -31.8927976008 99.2675404066
v -96.0441859438 -29.5416656423 101.210136358
v -93.7082247901 -21.8756770228 99.3887445297
v -137.895735037 -83.7033264452 -105.668387079
v -151.288227105 -89.3650639506 -104.948155837
v -135.714300724 -77.8918740415 -103.489661185
v -142.670575068 -77.1378455263 -101.380431438
v -136.80283503 -60.6786535065 -52.6874061122
v -125.380319533 -60.0543639981 -43.6164056389
v -122.367584356 -58.817546923 -42.7028676551
v -122.171638016 -57.7985540106 -43.9381246391
v -122.563530695 -59.8365398354 -41.4676106712
v -123.08720886 -62.9154557011 -37.1424425026
v -105.530255607 -34.5641798201 33.4332951383
v -121.271372908 -43.755065721 33.2323628845
v -104.014719801 -30.8590387654 35.9038091063
v -108.829375877 -29.6768775788 39.3130767895
v -114.902909917 -28.1856192011 43.6137585
v -115.080135104 -28.137628671 43.7524662586
v -93.6147903394 -13.0115768966 95.5606761283
v -90.8682909736 -12.2105968435 96.1804889147
v -90.472057093 -10.7657187345 95.4553456517
v -95.2257832844 -11.2824859948 93.8496971636
v -91.6625597979 -15.1069206894 97.6340715465
v -93.2643921488 -20.40711056 99.0080462493
v -136.864284702 -68.4940676833 -99.0820573311
v -133.778192718 -72.6823532123 -101.704615959
v -130.487811715 -63.8288655332 -98.6709634541
v -133.510440226 -63.5012263437 -97.7544645278
v -141.153669432 -62.6727350444 -95.4369414401
v -141.823398401 -62.4537962466 -94.8018053741
v -135.437297508 -51.8545491126 -63.4010488883
v -122.4632478 -50.2281768458 -53.6214147384
v -120.392925798 -49.312774547 -52.9509330599
v -120.264829027 -48.660972243 -53.7171504358
v -120.523860564 -49.9790175868 -52.1677400725
v -121.389868781 -54.0886640589 -47.842571904
v -98.6239354511 -17.4859832814 44.1334245397
v -114.721834893 -27.7194412075 43.9242560966
v -97.660198606 -15.1223629585 45.682834903
v -102.748262581 -13.7445741038 49.6650789686
v -108.67072237 -12.1408405171 54.3003745266
v -108.691012708 -12.1318673611 54.3265258044
v -99.787144218 -1.29700357875 86.4652583829
v -98.0682680488 -7.60792448721 90.6686066986
v -88.8056227671 -4.82925105424 92.8093939062
v -87.4372159181 0.0455303316758 90.6366479213
v -125.692634698 -50.2878595364 -95.0694275507
v -125.609443452 -50.3730251692 -95.1220308978
v -125.538313444 -50.1768296432 -95.0702849889
v -125.621601363 -50.1678016114 -95.0450310458
v -125.832209002 -50.1449727007 -94.9811721645
v -128.310160583 -52.1710973413 -95.05488408
v -140.6530219 -60.9291799898 -94.2819067535
v -131.062056306 -48.4353012766 -90.0214574245
v -132.955696839 -43.0214057926 -74.0692375857
v -129.006734476 -41.8851074417 -70.6480093025
v -120.115837078 -39.3267867689 -62.9452796126
v -134.968814391 -51.4714886871 -63.3871128662
v -117.913008427 -38.8631244032 -61.5393139982
v -119.102939968 -43.820461787 -57.5815975196
v -93.6185506202 -1.37568029183 53.5968854268
v -94.4786961477 -7.00567680193 49.8940528136
v -91.750689022 -0.045953223873 53.5049984654
v -92.4894042232 0.154082305539 54.0831641961
v -93.3492619401 0.386921826586 54.7561438023
v -108.202239253 -11.7577800916 54.3143105487
v -108.635101276 -12.0630186574 54.3523988909
v -97.1570821272 2.070884104 59.663866921
v -101.322471675 3.91297709295 65.032444632
v -101.247444174 4.12537135656 65.6607821496
v -84.4656837887 11.230758765 86.9210276586
v -86.9436353697 9.20463412439 86.847315743
v -84.1253840049 11.2677520161 87.0359694561
v -86.5797301544 2.95114136011 89.7043752081
v -125.295244917 -49.4804029444 -94.9682576779
v -126.229683473 -40.0586785946 -88.416152451
v -120.340865136 -36.1569089772 -90.3792887641
v -123.401583376 -35.1563400874 -87.4766630308
v -126.462301615 -34.1557711976 -84.5740372975
v -124.771354148 -32.453012447 -79.5183533755
v -122.867667652 -30.5360286835 -73.8266110845
v -131.771886705 -41.5562716549 -74.040765849
v -115.033027137 -28.281641764 -67.0389815112
v -115.711705523 -30.8524828946 -65.520466069
v -116.897244982 -35.3433193001 -62.8678694739
v -117.628450582 -37.8770797112 -61.911497979
v -90.1306698433 4.37038929538 54.833553941
v -91.9974175182 10.6218217977 61.4800999425
v -86.3693401281 14.2468217114 59.0046659783
v -89.0853255687 15.4479333195 62.5051738496
v -91.2344424885 16.398354202 65.2750711331
v -100.138661542 5.37811123065 65.0609163687
v -100.17467649 5.53830406018 66.1332990049
v -90.6299667838 18.1095556854 70.3374116781
v -89.962426426 19.999285978 75.9279037229
v -98.6839476602 8.37631854686 76.2962465258
v -81.9553860605 18.9337934556 83.7756304696
v -81.0615021282 22.1220889247 82.3449732313
v -83.9287197035 11.8953285212 86.9339421451
v -84.0955061591 11.3630953698 87.0204691531
v -120.450490808 -26.270817415 -87.4766630308
v -118.569345093 -30.8229924196 -90.3792887641
v -116.210200044 -23.71978019 -90.3792887641
v -119.270918283 -22.7192113002 -87.4766630308
v -122.331636523 -21.7186424103 -84.5740372975
v -124.690781571 -28.82185464 -84.5740372975
v -122.828252918 -26.6024775562 -79.5183533755
v -120.640689056 -20.0158836598 -79.5183533755
v -118.73700256 -18.0988998962 -73.8266110845
v -120.731398512 -24.1038794234 -73.8266110845
v -110.902362045 -15.8445129767 -67.0389815112
v -112.512573122 -20.6927401007 -67.0389815112
v -86.0680492541 24.5327303861 62.5051738496
v -84.759129051 19.0950488354 59.0046659783
v -82.238675036 26.6839504987 59.0046659783
v -84.9546604767 27.8850621068 62.5051738496
v -87.1037773964 28.8354829893 65.2750711331
v -89.0981733487 22.8305034622 65.2750711331
v -88.667030335 24.0198129613 70.3374116781
v -86.4993016917 30.5466844726 70.3374116781
v -85.831761334 32.4364147653 75.9279037229
v -88.1909063827 25.3332025356 75.9279037229
v -76.9308370362 34.5592177119 82.3449732313
v -78.7023570795 29.2253011543 82.3449732313
v -113.24250461 -12.9288400169 -95.0362967485
v -113.176196014 -12.9607866351 -95.0547846859
v -113.146318168 -12.8654432814 -95.0702849889
v -113.229606087 -12.8564152496 -95.0450310458
v -113.440213726 -12.833586339 -94.9811721645
v -113.409900903 -13.0391713522 -94.9771459433
v -113.342982469 -13.4930197865 -94.9682576779
v -118.920916827 -15.964910499 -88.9590146879
v -115.316316112 -20.5314847209 -91.8099460024
v -118.67006103 -11.1239149148 -90.0214574245
v -122.870815496 -18.0618692674 -84.6456523297
v -121.776036962 -16.6876972181 -81.2727495057
v -120.563701562 -5.71001943084 -74.0692375857
v -119.38719639 -13.6892113659 -73.9129713737
v -110.129272625 -5.52826526521 -65.3219170455
v -116.614739199 -4.57372108 -70.6480093025
v -107.723841802 -2.01540040713 -62.9452796126
v -107.542145084 -3.24768822137 -62.9211462229
v -107.141032329 -5.96808056067 -62.8678694739
v -105.521013151 -1.55173804142 -61.5393139982
v -80.1453642741 36.8215874009 54.2130519915
v -79.6432515904 36.2793884459 53.8771824462
v -79.3586937458 37.2654331379 53.5049984654
v -80.097408947 37.4654686673 54.0831641961
v -80.957266664 37.6983081883 54.7561438023
v -80.7755699459 36.4660203741 54.780277192
v -80.3744571911 33.7456280348 54.833553941
v -84.8441347906 34.5881930763 60.848628028
v -81.5599966501 29.2547916293 57.4861505362
v -84.765086851 39.3822704657 59.663866921
v -88.930476399 41.2243634547 65.032444632
v -87.7539712265 33.2451715196 65.188710844
v -87.2898995236 34.2008145187 68.7681832543
v -88.8554488974 41.4367577183 65.6607821496
v -86.3709403075 36.0931879082 75.8562886907
v -72.8060011228 47.6848717575 86.3358873276
v -72.0736885125 48.5421451267 86.9210276586
v -72.0433756897 48.3365601135 86.9250538797
v -71.9764572555 47.8827116792 86.9339421451
v -71.7333887287 48.5791383779 87.0359694561
v -112.931537439 -3.62140696345 -97.2131276641
v -110.691972018 -4.5488326254 -97.7386907409
v -109.834486254 -1.64322159697 -98.6709634541
v -112.857114766 -1.31558240743 -97.7544645278
v -120.500343971 -0.487091108213 -95.4369414401
v -117.162638965 -6.32394645112 -95.2214746796
v -119.525832404 -7.40791226709 -91.6578036016
v -121.170072941 -0.268152310427 -94.8018053741
v -120.808553353 -5.28183165479 -74.0850440821
v -120.213571303 -4.73826470098 -73.4229693364
v -114.783972047 10.3310948236 -63.4010488883
v -110.986964888 3.69102882445 -63.1559317101
v -99.6115035666 13.5246716932 -53.7171504358
v -102.793006025 5.40798553664 -57.9283683464
v -81.4354071123 44.8172219049 51.12381173
v -78.1687622045 42.2227705217 49.5472819868
v -77.0068731457 47.0632809777 45.682834903
v -82.0949371212 48.4410698324 49.6650789686
v -88.0173969092 50.0448034191 54.3003745266
v -84.2203897493 43.4047374199 54.5454917048
v -85.8246693514 42.8374253138 57.935775324
v -88.0376872477 50.0537765751 54.3265258044
v -89.1753281899 41.6525512307 65.0166381355
v -89.1220729049 41.7522506378 65.3699849152
v -79.1338187578 60.8886403575 86.4652583829
v -75.7961137513 55.0517850146 86.6807251435
v -66.7838904578 62.2311742679 90.6366479213
v -71.6622587211 48.7753339039 87.087715365
v -113.368124964 5.07351201459 -99.8159870787
v -108.466079405 3.23155978895 -100.843709439
v -106.79964508 9.16802746918 -103.489661185
v -113.755919424 9.92205598436 -101.380431438
v -121.134075713 0.232543340412 -95.4725815004
v -121.358917965 0.142776451167 -95.0565217884
v -114.807088209 10.357344394 -63.4023489042
v -114.751724076 10.4061528929 -63.3509468529
v -107.888179386 26.3812480042 -52.6874061122
v -102.96821704 20.7943818937 -52.4107152932
v -98.6477667215 15.8882920161 -52.1677400725
v -93.2569823718 29.2613475001 -43.9381246391
v -78.8541096171 54.3682901285 40.9274462047
v -75.8818333919 52.4909727936 39.8082563711
v -75.1000641564 56.2008627453 35.9038091063
v -79.9147202321 57.3830239319 39.3130767895
v -85.9882542726 58.8742823096 43.6137585
v -81.0682919264 53.287416199 43.890449319
v -76.7478416084 48.3813263215 44.1334245397
v -83.5351388154 52.1494322749 47.5731329491
v -76.8787763745 47.7150832817 44.9166175271
v -86.1654794596 58.9222728397 43.7524662586
v -88.0405130705 50.0710529895 54.2990745107
v -88.0466748542 50.0694498059 54.3154131826
v -79.7675504993 61.6082748061 86.4296183226
v -61.5574014486 76.2941827762 95.4553456517
v -63.4935094543 71.084661947 93.670300426
v -66.31112764 75.7774155159 93.8496971636
v -105.324533694 19.100148169 -106.899412732
v -104.007310024 18.8094192947 -107.042361782
v -103.563477382 20.2779857575 -107.423060063
v -105.259876621 20.3702866695 -107.179075726
v -112.983162145 20.7905098581 -106.068275479
v -108.869865113 16.7289436931 -105.845213998
v -105.609142375 13.5092294241 -105.668387079
v -114.21155667 13.4350804182 -102.650705402
v -106.403411199 10.6129055782 -104.214804448
v -115.196670974 21.0304441523 -105.397111803
v -108.052294267 26.5432988949 -52.6963059577
v -107.692652272 26.8592674166 -52.3686723264
v -101.324189281 42.4287139365 -41.9872767108
v -95.9788459814 37.1505963301 -41.6974021451
v -91.7414465656 32.9664885548 -41.4676106712
v -86.4913297606 45.6080211562 -32.3512189523
v -77.1567695377 63.1950817707 30.2273168033
v -74.1844933124 61.3177644358 29.1081269698
v -73.6043865835 64.7284466637 24.3169034195
v -78.6009828707 66.1183292348 28.3363912438
v -84.2909141931 67.7010739518 32.9136290987
v -78.9455708934 62.4229563454 33.2035036644
v -74.7081714776 58.2388485701 33.4332951383
v -81.5870665545 61.1816630525 37.0158948379
v -74.904117817 57.2198556577 34.6685521223
v -84.4773862793 67.7468591666 33.0456703592
v -86.1523691536 59.0363332003 43.6048586545
v -86.2085617628 59.0115847826 43.6955097705
v -66.7499869064 89.3869156138 97.2341831466
v -62.6366898742 85.3253494489 97.4572446273
v -59.3759671359 82.1056351799 97.6340715465
v -56.5322389616 90.0584820624 99.3887445297
v -104.641841274 28.7121568595 -108.864398881
v -101.227516229 27.943974377 -109.244451891
v -100.054934428 31.79206865 -110.158735464
v -104.396155643 32.0282740597 -109.534360049
v -114.292090442 22.2324272312 -106.141284819
v -115.251225283 21.6358607638 -105.597258371
v -101.478050182 42.5982073352 -41.9958587568
v -101.143114257 42.8948919301 -41.6767791143
v -95.0920017336 58.4734926205 -31.3006606842
v -89.9503228796 52.80941149 -31.0138683654
v -85.5330381893 47.9433240557 -30.7674812698
v -81.7371700638 60.4118612036 -21.3040203827
v -82.5973155913 54.7818646935 -25.0068529959
v -94.6754180537 58.5866569169 -30.9595476285
v -81.4678813837 62.174463322 -20.1447620072
v -80.7213820576 61.3521185457 -20.1031238033
v -80.0800545577 60.6456312108 -20.0673518684
v -78.7908267135 63.3417373308 -16.6534688107
v -73.3560039561 72.1287539697 11.4125343861
v -72.8538912724 71.5865550147 11.0766648407
v -73.0435594465 71.8689880636 8.61915327789
v -73.8173798856 72.6511635938 10.915447189
v -74.167906346 73.0054747571 11.9556261969
v -73.4214070199 72.1831299808 11.9972644008
v -72.78007952 71.4766426459 12.0330363356
v -76.3433868738 71.2975968315 19.0234235259
v -73.0767419661 68.7031454483 17.4468937827
v -78.2155234002 74.6322473002 16.6904691614
v -82.9253766708 76.5251783457 22.1999863226
v -77.7836978168 70.8610972152 22.4867786414
v -73.3664131264 65.9950097809 22.733165737
v -80.1404586564 69.8030155593 26.1728741464
v -73.4840962155 65.3686665661 23.5163587244
v -82.9521104872 76.5326147811 22.2214922124
v -84.4447750937 67.8705673504 32.9050470527
v -84.5112216833 67.8383764248 32.9953803692
v -68.0589152031 90.828832987 97.1611738063
v -51.7794517316 103.418656744 102.124419931
v -55.4851380119 93.0019026114 99.9914494631
v -61.9576370211 102.749690571 99.9782009114
v -103.299728453 38.8644661866 -110.45358392
v -98.221768995 37.6309343312 -111.078209477
v -96.3471898045 43.6017081098 -112.018455687
v -102.486368816 43.9357402223 -111.135489294
v -95.1079726567 58.5049283224 -31.3017392492
v -95.0563806403 58.5513144802 -31.24863632
v -87.7437510393 74.5273102306 -20.5685905789
v -84.4650912853 68.0738967232 -20.3471727106
v -80.1160369618 72.4093632931 -13.420805867
v -86.7591203836 74.9566379486 -19.2844799675
v -79.3530619321 78.1858956975 -9.62583467635
v -77.6614498823 74.8562815043 -9.51159496804
v -75.5236445093 70.6484212487 -9.36722246709
v -75.8840087772 77.4934802393 -1.69560255849
v -74.5750885741 72.0557986886 -5.1961104298
v -78.0946115335 80.053065186 -4.09201488647
v -76.9197369195 81.7962328425 1.074294725
v -75.2281248697 78.4666186494 1.18853443332
v -73.0903194967 74.2587583937 1.33290693427
v -76.3574343932 78.7221512873 7.34798102124
v -73.0732962526 73.3887498403 3.98550352941
v -78.1740806646 83.064119983 4.79653021861
v -80.4437760016 85.3583216657 11.5317976252
v -77.1651162476 78.9049081583 11.7532154934
v -79.0353090334 78.1445918826 15.1352577186
v -80.7474931029 85.4803882136 11.8870814282
v -82.9413475939 76.5566140476 22.1989077576
v -82.9546546158 76.5498247326 22.2150249786
v -59.4509933862 107.123740085 100.803378559
v -49.466528749 110.054626377 103.069035902
v -47.2258661714 116.483274859 103.984140154
v -54.3558639372 116.014652291 102.480675993
v -100.524056716 50.1913718589 -111.225789337
v -94.7186704373 48.5338053849 -112.101221855
v -92.263720185 55.9688127257 -112.225989683
v -98.6035408638 56.3137617312 -111.314166036
v -87.5686090898 75.2603363827 -20.5713802934
v -86.5959558537 76.1526371978 -19.4677362059
v -76.3837057901 90.6136191156 -9.67313148798
v -77.9419919783 84.0916834409 -9.64831062959
v -76.7856497786 85.8073544567 -4.56349413141
v -75.3401246874 92.1619858975 -5.08416257413
v -73.9503807776 94.2239562607 1.02699791338
v -75.5086669658 87.7020205859 1.05181877176
v -77.1058590467 87.1615643719 4.56740684612
v -74.9905564016 95.275362865 4.1136945567
v -80.2686340521 86.0913478178 11.5290079107
v -80.6353725075 85.8862088488 11.8693379084
v -52.1364479978 122.169603066 102.617859495
v -44.6974449187 124.052544073 104.109738737
v -43.0480056068 128.990427818 104.19167415
v -49.8378433156 128.544162435 102.759937705
v -94.3939995069 64.2667163135 -110.086343585
v -89.9492588426 62.5325243905 -111.059984723
v -87.5985816897 69.1989425181 -109.87573456
v -91.6662006311 69.4202612556 -109.290709947
v -81.1164033437 95.7977044855 -31.236165032
v -69.6957224581 98.9001143486 -21.8845184295
v -67.4922829938 99.498675187 -20.080266355
v -83.4078869448 87.8174433267 -20.0049180864
v -66.6793253451 98.3749182354 -12.5255341426
v -67.0456646685 99.6934138185 -19.497807006
v -66.5133803535 97.7776639288 -9.36722246709
v -65.1236364436 99.839634292 -3.25606197958
v -64.0800553409 101.388001074 1.33290693427
v -60.9246205664 109.472413253 11.4349815181
v -60.0047309391 110.140084299 11.4634914732
v -60.1338289334 110.27057619 11.8465867279
v -60.1923079561 110.329686622 12.0201218491
v -64.8096489162 112.185436164 17.4214194686
v -68.9497782808 113.849390211 22.2644819748
v -69.6826883791 114.053260788 22.8540679743
v -49.9385080043 133.023140266 101.516407016
v -41.2409786998 134.841409643 103.010709782
v -39.451813918 140.6345556 101.841419027
v -50.0938538306 139.935102355 99.597389486
v -90.8601435968 76.9958163339 -105.927146686
v -83.7174899696 79.423384714 -105.668387079
v -81.8004625194 84.1100817089 -102.543391237
v -87.9842686487 84.7803781812 -100.668383556
v -80.1632116221 101.027839519 -52.5676284723
v -71.5493693061 101.736714452 -43.5410060893
v -68.8028699402 102.537694505 -42.9211933029
v -68.9043539808 103.244105912 -45.8349657602
v -73.7320526203 100.492805521 -41.6480161133
v -68.7522429812 102.185289722 -41.4676106712
v -68.4375418133 101.092248652 -35.5921589101
v -77.7001870949 98.3135752192 -37.7329461177
v -68.1791222482 100.194688597 -30.7674812698
v -67.9089892801 100.045849424 -27.9970482069
v -67.1357988222 99.6198331975 -20.0673518684
v -67.1221053642 99.6310117918 -19.9808248605
v -59.8358237845 110.450844633 12.0330363356
v -59.7808781647 110.562875399 12.1868095555
v -56.0124971854 118.246374322 22.733165737
v -53.3094689774 124.0454118 29.4695240179
v -56.6987775323 125.765165536 33.2528896962
v -51.7189678933 127.457649737 33.4332951383
v -49.8847114428 131.463649781 37.8006502274
v -53.5896391597 132.373335058 40.4241170203
v -58.2632865089 133.520873825 43.7335361399
v -59.7709798953 133.92913975 44.9135533467
v -39.8664833875 148.711787219 95.5889775986
v -37.2364588174 149.308732227 96.0715736256
v -36.9886029041 150.597673983 94.5090757046
v -43.8069799276 149.856463011 92.2060577523
v -44.626968358 145.59222209 97.3753119393
v -37.4843147307 148.01979047 97.6340715465
v -38.7492494309 143.271712343 100.339038267
v -50.9984071899 141.207344553 98.5583247227
v -89.3855342042 89.3493258991 -95.384751443
v -78.4535959545 91.5563569408 -94.9682576779
v -76.7703218993 94.7520339038 -89.5766600347
v -87.1266235672 91.5597218072 -92.0260202477
v -82.087780018 96.4903458786 -84.5338597618
v -75.1129812794 97.8984765298 -84.2681282766
v -73.698250384 99.9239612672 -77.835293501
v -81.1025974602 98.1121245622 -79.2795643276
v -80.0839974898 99.7889140119 -73.8470430847
v -72.7597724412 101.267589766 -73.5679988752
v -71.8924919059 102.000040679 -68.1581764776
v -80.6386741352 100.108818905 -69.7017892502
v -81.4998194151 100.605476896 -63.266209524
v -71.0443715882 102.716310069 -62.8678694739
v -70.5840847515 102.860208991 -59.2918046623
v -82.1231523836 100.509077032 -61.2344006138
v -69.6671234191 103.146877512 -52.1677400725
v -69.501631036 103.167972431 -50.7937653696
v -47.7671983059 135.639911817 44.1334245397
v -46.9984376145 137.135860822 46.4908024563
v -54.7332442769 140.319185491 54.4352138909
v -44.2777964499 142.430018665 54.833553941
v -42.677168431 145.361792946 60.2685182965
v -52.6616330682 142.430906654 58.002860954
v -48.4507723264 146.723296897 65.254639133
v -41.1265472778 148.201972652 65.5336833424
v -39.6054246802 150.532918999 72.009350533
v -47.0444277594 148.649977993 70.5174712914
v -45.5879048295 150.645403054 75.9680812586
v -38.6131060909 152.053533705 76.2338127438
v -37.8462985408 152.494992927 81.6104509794
v -46.5438278454 150.67672355 80.1161482135
v -48.0190089906 150.725057365 86.5174483801
v -37.0870707409 152.932088406 86.9339421451
v -37.0519093514 152.098503985 89.6389088656
v -49.3010671104 150.034136195 87.8581953213
v -150.206984808 -153.464195989 -97.1669978333
v -146.986495445 -153.389576446 -97.0041766481
v -147.046679203 -151.962777232 -101.63411489
v -156.277496067 -152.124979503 -102.268226183
v -151.9969858 -154.314601424 -94.6368172248
v -146.953068446 -154.182043012 -94.4326366424
v -152.723837003 -153.909820547 -89.2879550738
v -146.169572839 -153.7309763 -88.9389864589
v -153.434711797 -153.513936876 -84.0566625327
v -145.427033096 -153.303488311 -83.7325072411
v -152.316961441 -151.959868681 -79.7426912934
v -144.385000925 -151.70669323 -79.2964062006
v -150.659562326 -149.655497908 -73.3459390343
v -142.913591909 -149.451927258 -73.0323778397
v -147.889941266 -146.715983708 -67.9063628117
v -141.28899326 -146.476247412 -67.5160207316
v -145.163135024 -143.821910657 -62.5508755167
v -139.762342737 -143.679973271 -62.3322484383
v -139.607983217 -138.313528904 -53.8731203033
v -136.95077638 -138.208882018 -53.7106780149
v -138.223942151 -136.941140385 -51.7110966545
v -136.272940881 -136.889866423 -51.632119037
v -134.405876669 -133.207551895 -46.0483537828
v -140.206846481 -133.142213534 -45.9529954437
v -116.042364074 -104.455696751 43.3773168261
v -114.518934535 -104.415432035 43.4575777686
v -115.045568629 -104.482560826 39.085280321
v -122.520675681 -104.68413526 38.3644496373
v -116.324017037 -104.44810608 44.5900679577
v -114.373015768 -104.396832118 44.6690455752
v -117.725548802 -104.218250143 51.7314634163
v -113.434780993 -104.103512906 51.9583879912
v -118.396559886 -104.108202062 55.1505478982
v -112.995767599 -103.966264675 55.3691749766
v -118.713162788 -103.410882869 60.4820130536
v -112.119302675 -103.226057202 60.8362866936
v -119.026337163 -102.721115022 65.7557431834
v -111.280366746 -102.517544372 66.0693043779
v -118.176052627 -101.354222389 70.1014970228
v -110.297115618 -101.109813644 70.5401843667
v -116.934836609 -99.3588797005 76.4452784877
v -108.927157907 -99.1484311356 76.7694337793
v -113.727399225 -96.0926120826 81.9501541962
v -107.186787162 -95.8443567445 82.3439145251
v -110.630460586 -92.9388699581 87.2653825982
v -105.586543232 -92.8063115466 87.4695631806
v -102.404766096 -85.7273354885 94.6710414277
v -106.532987294 -85.7211549084 94.6198699829
v -148.509644729 -144.637404347 -107.867127235
v -145.289155365 -144.562784804 -107.704306049
v -144.621245971 -142.055709943 -109.132579529
v -149.65261384 -142.123006425 -109.415872785
v -155.7638473 -149.453817309 -105.506297532
v -146.491695183 -149.07665655 -105.132766044
v -158.063628188 -150.848950752 -103.998518077
v -146.769187193 -150.519716891 -103.383440467
v -142.747549396 -128.941235275 -41.3546029388
v -132.25704202 -128.514515818 -40.9319896356
v -138.594918644 -125.197676362 -37.0230546779
v -130.39376721 -124.517073089 -36.2884248156
v -132.249780248 -119.477591717 -30.4045338343
v -127.963512728 -119.303240402 -30.2318602343
v -124.428610262 -112.095789924 -20.3389272524
v -125.310194774 -112.077463416 -20.2996443014
v -133.805463716 -111.900862528 -19.9210995013
v -136.702276151 -111.764380853 -19.5668610783
v -126.505488678 -101.069851092 12.1792887028
v -119.22438705 -101.243420329 20.583070503
v -116.039760401 -101.11773548 20.7779295372
v -116.761504853 -100.720065223 13.3758537906
v -120.083155185 -101.425905992 23.0961131725
v -115.796887665 -101.251554677 23.2687867725
v -122.684863931 -102.462210257 27.9243452423
v -115.524668758 -102.197043528 28.351097297
v -125.714274308 -103.66887526 33.5463028707
v -115.223766932 -103.242155802 33.9689161739
v -126.618357726 -104.068569841 34.9960494916
v -115.164457361 -103.654998624 35.6717907765
v -109.530672061 -80.8574115533 97.7961610936
v -100.258519944 -80.4802507944 98.169692582
v -96.568869144 -70.7601452037 102.169506067
v -104.61849633 -70.7825592627 101.96797007
v -149.329156844 -136.256237262 -110.688213877
v -142.77489268 -136.077393015 -110.339245262
v -141.025054282 -130.411582161 -111.482834652
v -149.012809532 -130.518421463 -111.932588526
v -123.979891431 -111.025075167 -19.5317308329
v -123.47477391 -109.940295124 -18.2760919582
v -126.833509266 -102.41896947 -9.11526161582
v -119.675450924 -101.780946886 -8.83160143157
v -125.688851755 -100.720635088 -4.08182653045
v -118.417000525 -99.9137773971 -3.29778164169
v -124.400184254 -98.8086323249 1.58486778554
v -117.242125911 -98.1706097406 1.86852796979
v -126.333975879 -99.632646392 4.86390674068
v -117.04201349 -98.8908363891 5.67712375256
v -116.679916393 -100.194063732 12.5686573711
v -116.717424843 -100.435881022 12.9397476706
v -100.936597092 -64.2739493915 103.158256531
v -94.3341428188 -64.4225585784 103.295341238
v -91.9037306487 -57.5300154113 104.51976119
v -97.1298077563 -57.54456734 104.388917533
v -147.224941203 -125.479493754 -111.843079497
v -139.292980687 -125.226318303 -111.396794405
v -136.847193717 -117.904429202 -111.275300656
v -144.573891824 -118.007776764 -111.710355599
v -94.8677892657 -50.2487900398 104.2627965
v -89.5264742834 -50.3303100363 104.398941995
v -87.8202610291 -45.1629107954 104.312227194
v -93.29566538 -45.1781569718 104.175141209
v -141.100580948 -111.408817139 -110.706880417
v -134.499632942 -111.169080843 -110.316538337
v -132.293608157 -104.839811087 -109.415580432
v -137.680963039 -104.911869033 -109.718917685
v -115.289817978 -75.7114109673 -12.1769445963
v -111.512790664 -76.0187807756 -12.2435620487
v -111.551040284 -74.0639538188 -18.2036957851
v -120.843329516 -73.6261528831 -17.0673826972
v -117.215264117 -76.5598406591 -9.07320702187
v -111.490894143 -77.1378483813 -8.83160143157
v -110.277670031 -75.3377813722 -3.49665647896
v -115.879552691 -74.5780385776 -3.19964511678
v -114.781939104 -72.949503514 1.62692237948
v -109.05756913 -73.5275112363 1.86852796979
v -104.855084278 -64.1291286041 11.2406223233
v -106.955727085 -64.2540498529 10.8364791788
v -92.5627891702 -39.3075324099 103.222357154
v -86.0069471469 -39.3872748362 103.402710266
v -84.1125164053 -33.3532713356 102.45250697
v -91.8221518962 -33.3747386932 102.259483239
v -131.12128282 -94.1795706925 -107.37376731
v -128.464075983 -94.0749238069 -107.211325022
v -127.540820927 -91.4796364053 -106.679905031
v -129.486968021 -91.505666872 -106.789483651
v -112.273582614 -67.4205489921 -31.4388277183
v -110.887865937 -67.4752110548 -31.4253669488
v -110.704555611 -66.4995808277 -32.6453159067
v -113.417952028 -66.4632753387 -32.5837548175
v -113.700362663 -68.2580227901 -30.3417189535
v -111.067203035 -68.429694617 -30.2318602343
v -111.3311783 -70.897599362 -25.4145182538
v -118.106582731 -70.5832821323 -25.4496446978
v -123.010011124 -73.1709292543 -20.0055371789
v -111.653536641 -73.9113274819 -19.5317308329
v -111.624823123 -73.9540845054 -19.1596926458
v -123.33359013 -73.2494909756 -19.1151087959
v -115.710036086 -62.3399178192 12.0948510252
v -104.353561604 -63.0803160468 12.5686573711
v -103.374321594 -60.7992515476 14.4901732829
v -110.605556038 -57.9709620633 16.0787090465
v -101.5337376 -50.2063370649 23.1589280532
v -98.9005779719 -50.3780088918 23.2687867725
v -97.4402387667 -46.8192440208 25.6822424449
v -108.639907191 -47.1437023853 24.5359762397
v -91.7491006932 -29.5881912 101.332025146
v -82.9941287488 -29.6830274904 101.580479567
v -80.6039734512 -21.8391884431 99.7168315693
v -91.6001953293 -21.8698072483 99.4415226036
v -130.781309358 -84.1259596313 -105.372123116
v -125.033434782 -84.4674127093 -105.132766044
v -122.477880658 -77.6592860251 -102.580384837
v -132.921621354 -77.8428015769 -103.297817976
v -111.32412139 -59.2065370283 -42.5651703563
v -109.445877198 -59.2726954796 -42.5417511486
v -109.190523956 -57.9447648597 -44.1515126616
v -112.840841905 -57.9036500459 -44.0915074783
v -113.318137685 -60.3857633542 -41.082607454
v -109.70123044 -60.6006260995 -40.9319896356
v -110.177246635 -63.3993179509 -37.0004717126
v -118.053959647 -63.1041006596 -37.0870918862
v -96.2848625966 -35.1134033389 33.8182983555
v -92.667955352 -35.3282660842 33.9689161739
v -90.6929402384 -30.4998024143 37.1884391999
v -100.707389435 -30.7698529861 36.2227376771
v -79.8913263025 -12.4363779022 96.4222875447
v -77.869772222 -12.4779584879 96.4668179793
v -77.4055835359 -10.7852812488 95.6173113748
v -80.4172568177 -10.7807723122 95.579980121
v -84.5481341195 -15.5295538756 97.9303355096
v -78.8002595429 -15.8710069535 98.169692582
v -80.2126351279 -20.5443167196 99.3811603886
v -91.6135236595 -20.4244652598 99.0552400773
v -128.410878167 -72.2369265088 -101.223831086
v -120.209726734 -71.5563232362 -100.489201224
v -117.251391649 -63.5962775168 -97.7616871062
v -121.518550989 -63.6712592809 -98.054819769
v -108.878902455 -49.7669657077 -52.839086521
v -107.493185778 -49.8216277704 -52.8256257515
v -107.297979285 -48.8283471375 -53.9932633549
v -109.957549039 -48.7940176576 -53.9366311287
v -110.378563219 -50.6573375291 -51.7442365337
v -107.692717088 -50.8369146209 -51.632119037
v -108.479906555 -54.5725263087 -47.700601114
v -116.356619568 -54.2773090174 -47.7872212876
v -88.478638106 -18.1643032237 44.5569280785
v -85.7927919751 -18.3438803155 44.6690455752
v -84.3241547245 -14.741962562 47.0301898931
v -95.5705770181 -15.0627581096 45.8939516404
v -81.8386796267 -4.97931526055 92.9584486065
v -75.8122207455 -5.10912194199 93.0873820575
v -74.370742361 0.025967817313 90.7986136444
v -83.0682211829 0.0389892766707 90.6908038792
v -121.92408316 -50.1133210322 -94.8220053108
v -113.544819848 -50.8931937918 -94.4692439531
v -112.675273655 -50.9741239838 -94.4326366424
v -112.207465704 -49.8041387888 -93.7457791387
v -113.014562493 -44.1029072057 -57.5500329019
v -106.239158062 -44.4172244354 -57.5149064579
v -104.946158685 -39.0304992976 -61.8154269173
v -116.416536597 -38.8824407228 -61.5711795024
v -83.2284882969 -3.53172689206 52.5588042359
v -79.4758675118 -2.37295571104 53.4476590648
v -78.4146451405 0.334447172632 54.8523534555
v -79.1116595875 0.314565371525 54.7819333293
v -71.6497540792 10.8051152725 87.0976405723
v -71.2247845019 10.7832988367 87.0984728812
v -71.1533381221 11.1080866638 86.7827056769
v -71.9163780867 11.120608192 86.806843338
v -80.557557946 11.2624104335 87.0801945123
v -72.1782946343 10.4825376739 87.4329558699
v -71.3087484415 10.4016074819 87.4695631806
v -73.5997890226 2.63836165209 89.960420416
v -83.3045914037 2.87221982019 89.7689813241
v -84.004997236 11.2675717787 87.0374617126
v -124.745288444 -49.5836544122 -94.9443987113
v -111.593393354 -48.1527536285 -93.1769977677
v -106.974549029 -35.7315935196 -88.8988168525
v -114.053232349 -35.956836841 -89.6828617413
v -106.80311758 -31.5774527562 -65.6775916031
v -103.026090267 -31.8848225646 -65.7442090555
v -102.15312529 -28.5780217088 -67.6974328871
v -107.962934992 -28.4443319417 -67.4004215249
v -113.600775801 -35.962214245 -62.7248575226
v -104.551016429 -37.6612595025 -62.3322484383
v -104.835462805 -38.6469179366 -61.9602102512
v -116.544229812 -37.9423244068 -61.9156264014
v -86.8342006624 3.75149435044 54.9765658923
v -77.7844412902 2.05244909294 55.3691749766
v -72.9463483514 14.7562271583 60.7343594253
v -80.4795371703 14.4703410101 59.763628939
v -73.4819274605 18.3565513916 83.6994422333
v -69.2028557747 18.0650458461 83.6609673979
v -68.1249246125 21.9097989691 81.9357433908
v -74.2725252923 22.0106814377 82.1302138094
v -83.3787632303 11.7920770535 86.9578011118
v -83.9937422396 11.3601993145 87.0221870659
v -112.110131119 -30.1063019502 -89.6828617413
v -104.838279889 -29.2994442595 -88.8988168525
v -102.843883937 -23.2944647323 -88.8988168525
v -109.922567257 -23.5197080538 -89.6828617413
v -105.695512215 -21.6172887244 -67.4004215249
v -100.093629554 -22.3770315189 -67.6974328871
v -98.0224601982 -16.1408929216 -67.6974328871
v -103.8322699 -16.0072031544 -67.4004215249
v -78.6670646692 19.9275624058 59.763628939
v -70.875178996 20.9923657557 60.7343594253
v -68.8156832593 27.1933559456 60.7343594253
v -76.3488720782 26.9074697973 59.763628939
v -72.1047966491 28.537552949 82.1302138094
v -66.1305286603 27.9147784962 81.9357433908
v -63.9942595205 34.3469277563 81.9357433908
v -70.1418602003 34.4478102249 82.1302138094
v -109.532087883 -12.8019346705 -94.8220053108
v -111.057915163 -20.1915216121 -91.4372578715
v -101.765952775 -19.4497116093 -90.6240408596
v -99.8154704275 -12.4927524271 -93.7457791387
v -95.336019791 -3.8273054023 -62.414823348
v -93.1843672594 -3.43711485619 -62.3322484383
v -92.5541634091 -1.71911293589 -61.8154269173
v -104.02454132 -1.57105436109 -61.5711795024
v -66.630212312 37.2261044657 54.9559471707
v -66.1333457448 37.2622521733 54.9971367894
v -66.0226498644 37.6458335344 54.8523534555
v -66.7196643114 37.6259517333 54.7819333293
v -68.5694446527 35.8864031931 55.2866000669
v -66.4177921211 36.2765937393 55.3691749766
v -77.9263583079 29.5871052178 57.8317047087
v -67.9427182827 30.5001568013 58.7811355937
v -60.5971504945 47.0190618501 86.3343264826
v -59.3754151957 46.7680878653 86.2139243059
v -58.7613428459 48.4194730256 86.7827056769
v -59.5243828105 48.4319945538 86.806843338
v -68.1655626698 48.5737967952 87.0801945123
v -71.6130019599 48.5789581404 87.0374617126
v -100.553646176 -4.14871226525 -97.1183529119
v -97.369019527 -4.02302741534 -96.9234938778
v -96.5980661886 -1.41063358057 -97.7616871062
v -100.865225529 -1.48561534464 -98.054819769
v -99.6600601081 -11.7862732451 -94.4326366424
v -99.7440240477 -12.1679645999 -94.061546343
v -98.7241754821 3.81657943211 -58.822196763
v -91.4929410378 0.988289947782 -60.4107325266
v -86.6446538251 13.3572967988 -53.9932633549
v -89.3042235786 13.3916262786 -53.9366311287
v -71.0574322414 42.6512713676 50.0788419472
v -64.7296504881 43.0325586721 50.5518329961
v -63.6708292643 47.4436813742 47.0301898931
v -74.9172515578 47.1228858266 45.8939516404
v -58.2935348944 49.5894582206 87.4695631806
v -53.7174169007 62.2116117535 90.7986136444
v -71.4874239186 48.7652570485 87.0873393223
v -62.4148957226 62.2246332129 90.6908038792
v -102.316782977 3.45928944984 -100.477207574
v -95.1565878041 3.72445617873 -100.050455519
v -93.5632250137 9.40061548558 -102.580384837
v -104.00696571 9.21709993377 -103.297817976
v -96.4861832304 16.0601248106 -52.0817980401
v -85.1760165745 16.9592145523 -51.632119037
v -80.2758683112 29.115136651 -44.1515126616
v -83.9261862604 29.1562514648 -44.0915074783
v -67.5977805004 52.9220251767 40.3830470734
v -62.4889019946 53.1878605455 40.7375276522
v -61.778284594 56.5600990964 37.1884391999
v -71.7927337905 56.2900485246 36.2227376771
v -74.5862581173 48.553159116 44.2193665721
v -63.2760914614 49.4522488576 44.6690455752
v -75.8586166123 47.7700279351 44.9886158501
v -63.4756227711 48.4369620072 45.8625522897
v -55.9553506889 70.5442079215 93.5849572554
v -50.7590818161 70.1716574729 93.526127762
v -48.4909278915 76.2746202619 95.6173113748
v -51.5026011733 76.2791291985 95.579980121
v -92.2796029607 19.1193862398 -106.424494793
v -90.7561734217 19.1596509563 -106.34423385
v -90.3648350984 20.4545226799 -106.679905031
v -92.3109821925 20.4284922132 -106.789483651
v -99.7103247722 13.938064962 -105.433313321
v -92.1685490067 14.4863411903 -105.132766044
v -104.552936692 10.6797215073 -104.105632726
v -93.0990363276 11.0932927247 -103.429891441
v -88.4046189013 33.2090711167 -41.3346347645
v -78.3008531976 33.943600321 -40.9319896356
v -73.5285697829 45.4345782575 -32.6453159067
v -76.2419661997 45.4708837465 -32.5837548175
v -65.9004404209 61.7488168189 29.682917672
v -60.7915619151 62.0146521877 30.0373982508
v -60.2642529382 65.1149150644 25.6822424449
v -71.4639213624 64.7904566999 24.5359762397
v -71.3713438133 58.481431132 33.566271045
v -61.2675781097 59.2159603362 33.9689161739
v -73.3033232657 57.2997894808 34.7774306622
v -61.5229313518 57.8880297163 35.5786776869
v -53.4771495334 82.5344707177 97.8691453045
v -45.9353737679 83.082746946 98.169692582
v -43.4279876227 90.094970642 99.7168315693
v -54.4242095008 90.0643518369 99.4415226036
v -92.2654476095 28.1836244902 -108.770477604
v -87.9746798008 28.2983617272 -108.543553029
v -86.8562921443 31.9686055724 -109.415580432
v -92.2436470263 31.8965476266 -109.718917685
v -83.4232406427 48.107851298 -30.6835549354
v -72.0682305777 48.9933431285 -30.2318602343
v -71.3471077405 58.2558146034 -22.3421015736
v -67.5944869554 59.4145857844 -21.4532467446
v -67.3189912885 61.6407705554 -19.5597253119
v -66.6152469461 61.6956502836 -19.5317308329
v -66.1137242715 62.7444628409 -18.2036957851
v -75.4060135032 63.1822637766 -17.0673826972
v -59.8408519941 72.5332710345 12.1554295653
v -59.3439854269 72.5694187421 12.196619184
v -59.4177682654 72.6792880556 11.2406223233
v -61.5184110725 72.5543668068 10.8364791788
v -60.0190162508 72.4717819905 12.5406628922
v -59.3152719084 72.5266617187 12.5686573711
v -65.9654120029 69.1316462942 17.9784537431
v -59.6376302496 69.5129335988 18.451444792
v -71.2566155798 66.1595370232 22.8170920714
v -59.9016055148 67.0450288537 23.2687867725
v -72.4639364533 65.4236112195 23.5883570474
v -60.0809426121 66.0905452916 24.462293487
v -52.6980112128 92.9349869106 100.046589498
v -42.5047325669 92.6902580437 100.24825156
v -38.6752003926 103.455145324 102.45250697
v -46.3848358836 103.433677966 102.259483239
v -91.5557215163 37.8177834067 -110.720057368
v -84.9618614027 38.002609073 -110.365783728
v -83.1485475205 43.7782450321 -111.275300656
v -90.8752456277 43.67489747 -111.710355599
v -69.5507298942 71.3041516822 -9.13220017014
v -61.9112394194 72.142845473 -8.83160143157
v -68.4830241923 72.888312259 -4.43714746911
v -60.691138519 73.9531156089 -3.46641698282
v -67.1174048816 74.9144888272 1.56792923122
v -59.4779144068 75.7531826181 1.86852796979
v -69.4396579105 73.7210634288 4.33105770189
v -59.4560178853 74.6341150124 5.28048858696
v -43.0161518448 109.920524865 103.210193418
v -36.4691756076 109.78441508 103.353464875
v -34.1216148324 116.519763439 104.312227194
v -39.5970191832 116.504517262 104.175141209
v -89.3212712757 48.7012355284 -111.8007028
v -81.4423342662 48.945644273 -111.362015456
v -79.0650779009 56.1453496481 -111.482834652
v -87.0528331507 56.0385103461 -111.932588526
v -36.9696727967 123.927388979 104.302008303
v -31.6758278626 123.84165254 104.433720943
v -29.9437542678 129.026916397 104.51976119
v -35.1698313755 129.012364469 104.388917533
v -83.1752777939 62.7896374771 -110.652175028
v -76.6346657308 63.0378928152 -110.258414699
v -74.3999394056 69.3754794405 -109.132579529
v -79.431307275 69.308182958 -109.415872785
v -54.6763532843 99.0730316945 -19.9036534413
v -54.251383707 99.0512152587 -19.9028211323
v -54.2073036966 99.3353994594 -20.3389272524
v -55.0888882094 99.3537259667 -20.2996443014
v -63.5841571511 99.5303268555 -19.9210995013
v -55.0430917396 98.8678927256 -19.5633234435
v -54.2888921563 98.8093979687 -19.5317308329
v -53.9267950593 97.5061706259 -12.6401972143
v -58.2058667451 97.7976761714 -12.6017223789
v -66.4809695862 99.6668085301 -19.5668610783
v -59.803058826 97.2572199574 -9.08613430458
v -53.7266826384 96.7859439773 -8.83160143157
v -52.5518080244 98.5291116338 -3.66529182009
v -58.5260760132 99.1518860867 -3.47082140141
v -57.3697338134 100.867557102 1.61399509677
v -51.2933576258 100.396281122 1.86852796979
v -47.4940346393 108.555629361 11.3130184964
v -48.715769938 108.806603346 11.4334206731
v -56.2841821134 110.361338291 12.1792887028
v -47.7431167019 109.698904161 12.5370647605
v -46.9889171186 109.640409404 12.5686573711
v -46.540198288 110.711124161 13.3758537906
v -34.7876690754 134.767868684 103.191473804
v -28.1939158697 134.692727252 103.3761718
v -26.347562579 140.671044179 102.169506067
v -34.3971897652 140.64863012 101.96797007
v -74.8197833486 79.1991500514 -105.301990135
v -70.7102886057 79.0955850311 -105.132766044
v -68.5640424535 84.3426697253 -101.63411489
v -77.7948593183 84.180467455 -102.268226183
v -57.8259052692 102.311913446 -42.6793946729
v -55.8043511887 102.270332861 -42.6348642383
v -55.9232399201 103.097895062 -46.0483537828
v -61.7242097316 103.163233424 -45.9529954437
v -58.743053334 101.933044131 -41.0554441817
v -55.7450416174 101.857490039 -40.9319896356
v -55.4441397916 100.812377764 -35.3141707588
v -61.4705986728 100.942184446 -35.4431042098
v -63.8299461656 100.085083271 -30.588387387
v -55.1719208844 99.8668889139 -30.2318602343
v -54.9290481483 99.7330697163 -27.7410029989
v -64.6338505294 99.9669278844 -27.9324420909
v -67.0159581523 99.6168130448 -20.0624169726
v -67.0203414448 99.6281157365 -19.9791069477
v -59.7159831146 110.44782448 12.0379712314
v -59.6060433621 110.552798544 12.1864335129
v -51.6633211027 118.136768996 22.9122596198
v -43.0052958215 117.918574639 23.2687867725
v -40.5750413392 123.132407326 29.3253513538
v -45.7713102119 123.504957775 29.3841808472
v -41.709778246 127.205404146 33.8454616278
v -38.7117665294 127.129850054 33.9689161739
v -36.5629318804 131.822886132 39.085280321
v -44.0380389315 131.621311697 38.3644496373
v -26.2943915571 149.162958356 96.3643225862
v -24.199621357 149.135051128 96.4203670049
v -23.922129347 150.578111469 94.6710414277
v -28.0503505446 150.584292049 94.6198699829
v -28.5866081098 147.795555807 98.0004684908
v -24.4771133669 147.691990787 98.169692582
v -25.6796531842 143.178119041 100.741232588
v -35.4859790405 143.248343583 100.439459794
v -73.4116701063 91.5043956152 -94.7616557933
v -65.3822653174 91.4216457834 -94.4326366424
v -63.782021388 94.4596909812 -89.3069879869
v -70.3844756613 94.6083001682 -89.4440726935
v -67.2545987186 97.8174892271 -83.9461170658
v -62.0416506423 97.7637653723 -83.7325072411
v -60.6716929321 99.7251478812 -77.5032578284
v -66.0130079145 99.8066678777 -77.6394033235
v -65.1500907598 101.189165537 -73.2561786256
v -59.688441804 101.132878609 -73.0323778397
v -58.849505875 101.841391439 -67.7993601554
v -65.4053478984 101.921133865 -67.9797132677
v -65.6633081771 102.660853643 -62.6473708241
v -57.973040951 102.581598912 -62.3322484383
v -57.5340275564 102.718847143 -58.921461453
v -66.2889995009 102.813683433 -59.1699158742
v -67.5643897823 103.125207057 -52.0815768196
v -56.5957927819 103.012166354 -51.632119037
v -56.449874015 103.030766271 -50.4206512304
v -67.8507625467 103.150617731 -50.7465715417
v -45.6644646692 135.618241362 44.2195877926
v -34.6958676688 135.50520066 44.6690455752
v -34.0180321695 136.824216255 46.7476045531
v -44.2113108154 137.068945122 46.5459424909
v -38.8967330388 142.374562239 55.0540525908
v -31.2064658128 142.295307507 55.3691749766
v -29.6798152897 145.091581649 60.5529472699
v -36.2267915268 145.227691434 60.4096758122
v -33.5168655964 148.123548423 65.845503592
v -28.0552166406 148.067261494 66.0693043779
v -26.5838076242 150.322027467 72.3333327388
v -31.8776525582 150.407763905 72.2016200988
v -30.7547235301 151.972546403 76.5558239545
v -25.5417754537 151.918822548 76.7694337793
v -24.7992357107 152.346310536 81.9759129971
v -31.3929889165 152.421451969 81.7912150017
v -32.0451448926 152.880127081 87.1405440297
v -24.0157401037 152.797377249 87.4695631806
v -23.9823131048 152.004910683 90.0411031863
v -33.788638961 152.075135226 89.739330393
v -135.111604041 -151.764907596 -95.5235364347
v -133.101582533 -151.489905559 -95.2729136228
v -133.133783748 -150.726499116 -97.7501540413
v -140.425656232 -151.374443493 -99.7857725314
v -136.441205794 -152.462984029 -94.0266791718
v -133.083697475 -151.913913419 -93.8970156069
v -137.735198689 -152.297992317 -87.705325782
v -132.082737103 -151.33764994 -86.8785638358
v -138.602393458 -152.187419878 -83.4689465823
v -131.557662125 -151.035358718 -83.1968862055
v -137.171819467 -150.219808102 -78.0708711776
v -130.070144617 -148.755908326 -76.8642813667
v -135.76336033 -148.2826131 -72.7562431505
v -129.044220938 -147.183797665 -72.4967568042
v -131.801065598 -144.202668442 -65.6967125521
v -126.756707067 -142.993895791 -64.7294578403
v -129.694469094 -142.033522094 -61.9434373728
v -125.892971766 -141.411843677 -61.7966274028
v -122.802272747 -135.397581797 -52.3191063831
v -123.5843228 -135.237882854 -51.8607596771
v -124.734729762 -135.002963394 -51.1865250299
v -130.677892666 -133.899637892 -48.0289896266
v -102.834804649 -102.509929089 45.1146395823
v -102.317803327 -102.263023581 53.5529402411
v -99.3747778783 -101.775786214 53.9750700672
v -100.346278928 -102.079505422 46.4272749923
v -102.927893956 -102.319813499 55.7579860421
v -99.1263966275 -101.698135082 55.9047960121
v -103.64892828 -101.737114378 62.1077243208
v -97.9959345815 -100.743417521 62.9562616534
v -104.130135167 -101.348230214 66.3454390671
v -97.4109957745 -100.249414779 66.6049254134
v -103.108791859 -99.6779743114 71.7289329436
v -96.0265303894 -98.2672614832 72.9001417716
v -102.102518269 -98.0323627027 77.0329944381
v -95.0577869363 -96.8803015425 77.3050548148
v -97.3920721169 -93.3773651374 84.3002561677
v -92.5733799976 -92.1636827626 85.2627148011
v -95.0746805798 -91.0872525633 87.8755206513
v -91.7171722612 -90.5381819535 88.0051842162
v -90.014767928 -86.7505881026 91.8583226506
v -96.0534476051 -86.2518717444 93.2291951468
v -133.414263962 -142.938115954 -106.223665836
v -131.404242453 -142.663113917 -105.973043024
v -131.046878691 -141.321707864 -106.73723827
v -134.332972282 -141.499395669 -107.31710438
v -139.617907213 -147.173852005 -104.877868766
v -132.047659295 -145.078253158 -104.597145008
v -144.0212519 -150.012448813 -102.955159815
v -132.590721521 -147.902376137 -101.173649525
v -122.306980397 -134.330912911 -51.0964980015
v -121.835316447 -133.300802969 -49.9734685831
v -127.242387382 -127.126357254 -40.7460336791
v -117.813006132 -124.516112426 -40.3963686001
v -113.536663929 -115.341709941 -29.739072043
v -113.56373223 -115.336036341 -29.722776399
v -113.602687047 -115.327871291 -29.6993248417
v -119.212208713 -113.653147566 -24.8491746942
v -101.436061984 -97.2761855656 23.8013221651
v -106.701718017 -100.035525392 30.0737405284
v -100.956976427 -98.6281319358 31.1953766462
v -101.350557563 -97.2611197036 23.8472406523
v -110.209112294 -101.853997239 34.1548721304
v -100.779731044 -99.2437524104 34.5045372094
v -112.243568114 -102.959702763 36.2288488071
v -100.642616246 -100.198182849 38.4413268762
v -100.407055284 -101.837878606 45.2046666107
v -100.38789752 -101.91404358 45.5900540354
v -93.384731974 -78.5774462495 98.4245898599
v -85.8144840559 -76.4818474025 98.7053136175
v -83.8403428007 -71.2811217802 100.845406879
v -92.5153388207 -70.9260555608 101.747833042
v -134.34051853 -134.644409032 -109.105584585
v -128.688056944 -133.684066655 -108.278822639
v -127.450687002 -129.677580082 -109.087493393
v -134.345575797 -130.050405025 -110.30416974
v -113.508093697 -115.270563204 -29.6962391988
v -113.326216657 -114.836575553 -29.3690621651
v -118.929846099 -107.965574307 -19.3669979348
v -107.559913755 -101.07725638 -18.9961097974
v -106.186579287 -98.1279114013 -15.5822267397
v -108.393123369 -96.5908736865 -11.0813591737
v -109.656289908 -95.7109752846 -8.5047755671
v -108.171520831 -93.5080155795 -1.97575820304
v -107.222964895 -92.1006381395 2.19535383425
v -103.969089742 -91.9770388331 10.6502308351
v -100.31586015 -90.0449775503 12.039966009
v -100.43931202 -89.6006606685 9.69039534893
v -111.629871061 -97.1345628715 12.7333902693
v -100.259938718 -90.2462449451 13.1042784067
v -115.7507285 -100.013829911 13.2493079455
v -100.759811258 -93.4689274449 18.0497734687
v -101.341468634 -97.2188774792 23.804407808
v -101.346307941 -97.2413689156 23.8272137139
v -89.7545519681 -65.7810794431 102.571523243
v -82.6446563598 -67.8902070583 101.447783033
v -79.1752043053 -58.0509919878 103.195662002
v -85.468381662 -57.7934132307 103.850316814
v -132.079799229 -123.739433175 -110.171259382
v -124.978124378 -122.275533399 -108.964669571
v -123.272826438 -117.170427124 -108.879959397
v -129.849048683 -117.52602092 -110.040403648
v -106.269036258 -88.0420270035 -11.6413235608
v -105.210333908 -94.9950843497 -16.1391525775
v -102.530258565 -86.394569855 -17.6680747495
v -105.368474342 -84.4175213435 -11.8787350112
v -106.99325004 -83.2857327029 -8.56454776962
v -108.194482398 -88.8904566953 -8.53758598635
v -106.858770972 -86.9086546138 -2.66402408126
v -105.780025928 -81.4856656937 -3.22960281701
v -104.559925027 -79.6753955578 2.13558163174
v -105.761157385 -85.2801195503 2.162543415
v -96.5442415173 -78.4856358614 11.454675124
v -95.8343025586 -76.4597446403 11.7762433588
v -83.5420074508 -51.6381484461 103.75797819
v -77.4941658885 -52.9598366955 103.110226661
v -75.0917346858 -45.6838873718 102.988128006
v -81.5952331859 -45.4177002036 103.664661711
v -125.01170528 -108.895501873 -108.497230157
v -119.967346749 -107.686729222 -107.529975446
v -118.719240877 -104.105809009 -107.020239173
v -122.439879763 -104.306993832 -107.676785416
v -104.656882054 -79.2850329935 -22.3900000595
v -101.639699048 -81.588512164 -23.7855758889
v -100.803625226 -77.5243156491 -28.2393920656
v -105.677475279 -76.0692268192 -24.025324278
v -110.918629974 -74.5044791209 -19.4936745702
v -106.728705653 -80.2317375367 -19.2448921838
v -102.538781332 -85.9589959525 -18.9961097974
v -102.535678574 -86.1175689401 -18.5126316003
v -107.77515108 -80.2234325634 -14.853702401
v -111.148862299 -74.3441035501 -19.0240509572
v -109.242072091 -80.2117905421 -8.69807460059
v -108.635460035 -79.3117570375 -6.03060212429
v -106.808747079 -76.6014533971 2.00205480076
v -104.231173308 -74.0864988713 5.7927706541
v -103.618654936 -63.6734676858 12.6067136339
v -99.4287306155 -69.4007261016 12.8554960203
v -95.2388062948 -75.1279845174 13.1042784067
v -89.2996057136 -60.4557412718 22.3475606749
v -80.8186400121 -40.3540986594 102.955964758
v -73.8274216169 -41.6568890151 102.353977378
v -71.3839900619 -33.8742479121 101.128407783
v -79.7721845227 -33.5309204353 102.000999092
v -116.248029365 -90.8690051834 -104.687172037
v -115.213076371 -91.7043276698 -104.633578234
v -114.509512267 -92.272182365 -104.597145008
v -113.90955393 -90.661211916 -104.034357023
v -103.683068119 -71.051067468 -33.5024641823
v -99.9919734946 -72.8830167766 -34.5665832075
v -99.2439388691 -68.9017615611 -39.5448301047
v -105.467775582 -67.5972261269 -35.7979593447
v -106.268437822 -72.3028333129 -29.9833619178
v -100.723794562 -76.7779787755 -29.6962391988
v -100.75750791 -77.0931648656 -29.0809969832
v -107.913099992 -72.9003975649 -26.5997558251
v -111.356125732 -74.1513712537 -19.5163297647
v -111.392788231 -74.1349284505 -19.2694295638
v -104.056150694 -63.3203598186 12.5840584393
v -103.549389098 -62.8586587494 13.1406539082
v -94.1018127594 -54.2511475877 23.517285089
v -88.5571694988 -58.7262930503 23.804407808
v -82.597961886 -44.2040377853 33.652998714
v -86.468955056 -44.8861060122 31.5741570831
v -68.3891448032 -22.7338419815 98.3720486157
v -68.0407785198 -22.8326796716 98.3199261929
v -67.9323468254 -22.4445874304 98.1425256323
v -68.4286957158 -22.4035954712 98.2552044096
v -70.0148541262 -22.2725994276 98.6152865891
v -68.9799011323 -23.107921914 98.6688803919
v -68.2763370281 -23.6757766092 98.7053136175
v -70.7512382406 -31.7977286799 100.635039562
v -79.566065473 -30.2751531394 101.315752201
v -79.0360566413 -21.903363031 99.5537272697
v -121.646881856 -86.9350656742 -104.961000756
v -113.348616049 -89.1668447579 -103.47411559
v -108.564985203 -76.423007909 -98.6964239884
v -117.647626409 -77.230077192 -101.231958231
v -102.271963731 -62.4588050065 -44.3657181857
v -98.3531363736 -64.1992515892 -45.362079789
v -97.565435561 -60.102918136 -50.3277909779
v -104.196119708 -58.8719569398 -46.8049832941
v -105.164243612 -63.9065567146 -40.7018745704
v -99.1408371862 -68.2955850423 -40.3963686001
v -99.1897526048 -68.5831785842 -39.9923658644
v -107.141077897 -64.8317715706 -37.8272203292
v -88.130968524 -38.6341966993 34.1990312391
v -82.1075620982 -43.023225027 34.5045372094
v -76.0151350099 -28.1286236359 44.4359595872
v -78.8441924689 -28.585653887 43.0390442247
v -69.6745683555 -14.7344226337 95.2854408672
v -66.0887197137 -15.7217487606 94.7685239507
v -65.0155853677 -11.8085338629 92.8045925976
v -70.2197055828 -11.3787412559 93.9860073524
v -75.4137066169 -18.3386599184 98.3414578697
v -78.9910259454 -20.7513505856 99.2894150897
v -103.41864657 -62.3671214376 -93.9001012498
v -103.383700623 -62.3961340794 -93.8982806655
v -103.35941794 -62.4162939211 -93.8970156069
v -103.331790522 -62.3500501594 -93.8482392143
v -100.28838796 -53.3974841836 -54.902722985
v -96.5972933356 -55.2294334922 -55.9668420102
v -95.8007140095 -51.1761522486 -60.7316219124
v -101.963888807 -49.9175978929 -57.1194862745
v -102.994857989 -54.7371466399 -51.3873739587
v -97.4115209449 -59.3725155287 -51.0964980015
v -97.4924125253 -59.756386942 -50.6924952657
v -105.443737818 -56.0049799284 -48.5273497306
v -81.0949328758 -22.2441123346 44.9137906536
v -75.5115958318 -26.8794812233 45.2046666107
v -69.5185263774 -12.1811319489 54.8397905217
v -74.1207990044 -12.9771562956 52.4122062032
v -62.0070303309 -1.01590828966 87.9877039391
v -61.9903478604 -1.02497940989 87.9823783103
v -61.9874498652 -1.00723403807 87.9564078235
v -62.0160179374 -1.00023505879 87.9765913173
v -62.0521213563 -0.99138997194 88.0020985732
v -62.0171754088 -1.02040261371 88.0039191576
v -61.9928927263 -1.04056245543 88.0051842162
v -64.0770194538 -8.46500803189 91.3143447794
v -70.7443976105 -6.55835461743 92.3216994659
v -71.4346979765 -0.216511241265 90.1320867362
v -108.215027364 -56.4637666117 -94.1760378848
v -103.14217618 -61.8758257002 -93.5698385733
v -97.1305667607 -46.8408225629 -84.7433125906
v -107.570490878 -48.8927562298 -90.9770260342
v -97.8675217362 -43.9778664247 -65.190517665
v -94.8503387301 -46.2813455952 -66.5860934943
v -94.1726781777 -42.4521876839 -71.7365048565
v -99.1509739168 -40.824750118 -67.0153485161
v -104.129269656 -39.1973125521 -62.2941921756
v -99.647858367 -44.7130049241 -62.036375792
v -95.4805082465 -49.8421528173 -61.7966274028
v -95.6654876713 -50.6127899389 -61.1813851872
v -102.821079753 -46.4200226383 -58.7001440291
v -104.615570163 -39.0980073009 -62.0091794265
v -77.3626945178 0.516396043372 55.4072312393
v -72.8812832287 -4.99929632869 55.665047623
v -68.7139331082 -10.1284442218 55.9047960121
v -62.8852320251 3.96916106095 65.8446734658
v -64.2290358337 6.2161162025 84.3673417977
v -60.8795044637 4.02937076162 83.0596891541
v -59.9273434421 8.35779593998 78.8514811999
v -65.2886183341 9.67127105055 82.6392502007
v -66.8485021504 4.91196485398 87.7261619382
v -71.4090024706 1.94973679078 89.5888938635
v -97.7749093516 -33.9234337891 -83.4056813766
v -96.9325188932 -36.9915223127 -83.3296683881
v -95.4610013837 -42.3509680881 -83.1968862055
v -95.026293431 -42.0343344965 -80.3399289856
v -96.0849957813 -35.0812771503 -75.8420999689
v -97.2448131932 -31.9481563357 -77.5649298908
v -96.8092095629 -30.3249828496 -72.7653241778
v -95.7256663383 -34.2713790833 -72.6675508021
v -93.8328946296 -41.1650838965 -72.4967568042
v -94.0489781763 -41.983610729 -72.013278607
v -99.2884506822 -36.0894743523 -68.3543494078
v -99.4811674266 -29.4515022792 -70.2313785324
v -104.282808804 -38.638104299 -62.3080467598
v -104.603427913 -38.8277618817 -62.0699471692
v -77.5162336653 1.07560429644 55.3933766552
v -75.8501541037 2.51376191864 56.7636880529
v -65.1759843995 16.6094000359 66.3363580399
v -64.0924411749 12.6630038022 66.4341314155
v -62.1996694662 5.769298989 66.6049254134
v -61.7003940452 6.69966246252 68.2545286962
v -61.4092250783 15.9626119045 74.3069040472
v -62.986711308 18.6422473249 72.3749798168
v -61.2750341631 20.2316233865 77.0962596437
v -60.4326437047 17.1635348629 77.1722726323
v -58.9611261951 11.8040890875 77.3050548148
v -59.6261154922 9.43221250925 78.3693672124
v -65.2095703945 14.46534844 81.4544890937
v -65.0990447085 21.1684794095 79.797943272
v -93.6442442595 -21.4863050019 -83.4056813766
v -95.2544553366 -26.3345321259 -83.4056813766
v -94.9773904156 -25.1211131184 -77.5649298908
v -93.1141481011 -19.5110275484 -77.5649298908
v -92.6785444709 -17.8878540624 -72.7653241778
v -94.7497138263 -24.1239926597 -72.7653241778
v -98.4514195583 -26.3510071843 -70.2313785324
v -95.3505023345 -17.014373492 -70.2313785324
v -61.0453193075 29.0465288231 66.3363580399
v -63.1164886629 22.8103902258 66.3363580399
v -60.668518717 25.6221547165 72.3749798168
v -58.8560462159 31.0793761122 72.3749798168
v -57.144369071 32.6687521737 77.0962596437
v -58.754580148 27.8205250497 77.0962596437
v -63.985655931 24.5208111302 79.797943272
v -60.9683796164 33.6056081968 79.797943272
v -88.6930290267 -12.5359140533 -85.6509337771
v -85.0397994344 -10.6038527705 -84.2611986032
v -84.7385714845 -9.52943620119 -84.7433125906
v -95.1784956015 -11.581369868 -90.9770260342
v -85.7047887314 -12.9757293487 -83.1968862055
v -82.9655208814 -7.87130272373 -74.1463600869
v -82.4662454604 -6.94093925021 -72.4967568042
v -81.7806829015 -5.14080132216 -71.7365048565
v -92.349792752 -12.2989573759 -69.1081351554
v -86.7589786407 -3.51336375625 -67.0153485161
v -91.7372743799 -1.88592619034 -62.2941921756
v -92.223574887 -1.78662093915 -62.0091794265
v -64.9706992416 37.8277824051 55.4072312393
v -52.7673074835 39.5321308096 65.2104123371
v -50.6169367503 40.8119704678 66.1214472163
v -50.4932367489 41.2805474227 65.8446734658
v -50.833020297 39.9934436353 66.6049254134
v -49.6396214956 40.8626942353 74.4480975949
v -49.2049135429 41.1793278269 77.3050548148
v -47.5353481659 45.6691823017 78.8514811999
v -58.056287667 38.4317197186 80.8230171792
v -52.896623058 46.9826574123 82.6392502007
v -82.7653211097 -0.181477501406 -93.9001012498
v -98.7773277053 -11.745913489 -93.7519860681
v -83.7864104628 -5.20101102283 -88.9515205448
v -82.6784650614 -0.164406223148 -93.8482392143
v -75.9519818184 8.95680396063 -61.7966274028
v -75.1473885492 11.0094916876 -60.7316219124
v -91.6680085415 -1.07111725399 -61.7602519013
v -81.3105633471 12.2680460433 -57.1194862745
v -50.4896913388 48.8343756324 54.8409799972
v -49.0004272553 49.4411496777 55.2895537965
v -48.8652009171 50.0045119874 54.8397905217
v -53.4674735441 49.2084876406 52.4122062032
v -49.1854066801 48.6705125561 55.9047960121
v -49.8155761965 45.109705334 60.6942621036
v -41.4186039089 61.1165601737 87.9507182308
v -41.5237387468 60.704185439 87.6780071825
v -41.3341244049 61.1784098982 87.9564078235
v -41.3626924771 61.1854088774 87.9765913173
v -41.398795896 61.1942539643 88.0020985732
v -50.7813725162 61.969132695 90.1320867362
v -86.3336370629 5.88597431485 -98.3278122878
v -80.5888954728 7.29336777068 -97.2061761701
v -79.6503295588 10.6368936017 -98.6964239884
v -88.732970765 9.82982431867 -101.231958231
v -82.6730222003 -0.131077805784 -93.8970156069
v -82.6755670662 -0.146660851329 -93.8742097011
v -73.3329152775 23.4261241237 -51.2361925636
v -69.1543190948 25.7078409621 -51.0964980015
v -68.6507799166 26.9569833747 -50.3277909779
v -75.2814640639 28.1879445709 -46.8049832941
v -48.0361534725 58.2807631264 44.5718047588
v -47.1735024013 58.5847466808 44.800663875
v -47.1004793655 58.9312778748 44.4359595872
v -49.9295368245 58.4742476237 43.0390442247
v -51.4329901643 55.919158429 45.0649720486
v -47.2543939817 58.2008752674 45.2046666107
v -60.8574261935 49.3921408185 46.5783985374
v -48.068621591 54.0577932309 50.0750106195
v -41.3064969866 61.2446536599 88.0051842162
v -36.1009297233 75.2513676478 92.8045925976
v -47.3633944949 66.9148707111 91.5221424096
v -41.3050499384 75.6811602548 93.9860073524
v -79.0720435365 21.0651539018 -104.687172037
v -90.1781470808 11.7885885859 -102.87283341
v -78.5771952129 14.5501084994 -100.660355341
v -76.7335681012 21.2729471692 -104.034357023
v -65.5926237837 40.3273689835 -40.4996062887
v -62.5583528284 41.8515847658 -40.3963686001
v -62.0679530405 43.0323975241 -39.5448301047
v -68.291789753 44.3369329583 -35.7979593447
v -46.338813393 67.1075547686 33.8716753574
v -45.4761623218 67.411538323 34.1005344736
v -45.4219760575 67.7301212999 33.652998714
v -49.2929692275 67.048053073 31.5741570831
v -48.5593486957 65.5997289987 34.4012995208
v -45.5250777404 67.1239447811 34.5045372094
v -58.1890370985 59.0145681428 36.4316661744
v -46.312778553 63.0276113279 39.4702483983
v -31.902191858 88.6357532772 97.9793714688
v -31.3172988775 87.9952044967 97.5822841991
v -30.7563609969 89.4895716548 98.1425256323
v -31.2527098872 89.530563614 98.2552044096
v -32.8388682977 89.6615596576 98.6152865891
v -41.8600708127 90.0307960542 99.5537272697
v -76.8577021343 30.1388510523 -106.949000779
v -73.914676686 30.6260884187 -106.526870953
v -73.2819248647 32.7026076509 -107.020239173
v -77.0025637499 32.5014228281 -107.676785416
v -76.3895778984 22.504136348 -104.597145008
v -76.6251364068 21.6610394103 -104.211757584
v -61.069690004 54.8934026092 -29.8627349376
v -56.1087454277 57.5546527891 -29.6962391988
v -55.3663092129 59.2841010106 -28.2393920656
v -60.2401592663 60.7391898405 -24.025324278
v -65.4813139613 62.3039375388 -19.4936745702
v -65.7115462863 62.4643131096 -19.0240509572
v -58.1813389236 73.1349489739 12.6067136339
v -45.3976711003 75.314750559 22.7405917931
v -43.9084070168 75.9215246043 23.1891655924
v -43.862289701 76.3526753879 22.3475606749
v -48.9030649411 72.9450883344 23.6379120692
v -43.9421203649 75.6063385143 23.804407808
v -57.4627460345 67.0457241029 25.1781397346
v -44.673941432 71.7113765154 28.6747518168
v -30.1564026596 91.1005421038 98.7053136175
v -25.9466740493 102.934168748 101.128407783
v -40.674980483 92.1169241928 99.9391306189
v -34.3348685101 103.277496224 102.000999092
v -76.4914870084 39.4915518977 -109.094346101
v -70.8384933097 40.4852487539 -108.245808768
v -69.5741802408 44.5122471106 -108.879959397
v -76.1504024867 44.1566533141 -110.040403648
v -49.4271086318 73.9563442562 -18.9961097974
v -48.831612368 75.2881043791 -17.6680747495
v -63.9687735473 64.3013034141 -18.1372177565
v -51.6698281448 77.2651528906 -11.8787350112
v -53.2946038431 78.3969415313 -8.56454776962
v -52.0813797309 80.1970085405 -3.22960281701
v -50.8612788305 82.0072786763 2.13558163174
v -44.2806070861 83.6660890206 11.7097653303
v -42.1302363529 84.9459286788 12.6208002095
v -42.1356563619 85.2229295938 11.7762433588
v -42.1271335941 84.7873556913 13.1042784067
v -43.0262158785 80.4168719028 17.8937444982
v -31.757893625 108.475840537 102.666893675
v -24.6985681779 106.515088961 101.638144055
v -21.3930884891 115.998786862 102.988128006
v -27.8965869891 116.264974031 103.664661711
v -74.2540105081 50.377483606 -110.173266879
v -67.1717490381 51.7881964343 -109.002058051
v -65.4907106213 56.8793517266 -109.087493393
v -72.3855994161 56.5065267836 -110.30416974
v -47.8305044424 86.5769450421 -11.2941311637
v -48.1216734093 77.3139956001 -17.3465065147
v -44.2266029064 88.4290204073 -15.5822267397
v -46.4331469878 89.9660581221 -11.0813591737
v -47.6963135272 90.8459565241 -8.5047755671
v -50.1527574713 85.3835196437 -8.53100269299
v -48.7871381606 87.4096962119 -2.52592599266
v -46.2115444497 93.0489162291 -1.97575820304
v -45.2629885146 94.4562936691 2.19535383425
v -47.7194324587 88.9938567887 2.16912670836
v -39.4555810187 93.8234440885 10.2473211867
v -38.4793356393 96.9562711401 9.69039534893
v -25.7144408366 122.480225064 103.756983906
v -19.6877905482 121.103893138 103.07283818
v -17.2152279245 128.505939821 103.195662002
v -23.5084052811 128.763518578 103.850316814
v -66.8399506862 65.5048844223 -108.302073057
v -62.0212585668 66.7185667971 -107.339614423
v -60.8255721259 70.109481519 -106.73723827
v -64.1116657172 69.931793714 -107.31710438
v -43.3362894566 96.0787997746 -29.7137194759
v -43.319606986 96.0697286543 -29.7190451046
v -43.3153573637 96.0894794424 -29.739072043
v -43.3424256653 96.0951530422 -29.722776399
v -43.3813804819 96.1033180923 -29.6993248417
v -43.3495964784 96.0720104595 -29.6976022548
v -43.3244462922 96.0472372179 -29.6962391988
v -43.9061036689 92.2972871837 -23.9416048595
v -47.2556350389 94.4840326245 -22.6339522159
v -48.9909021476 97.7780418174 -24.8491746942
v -49.1258278247 93.7237163488 -19.2519099907
v -44.4059762089 89.0746046839 -18.9961097974
v -44.3500547768 88.8733372891 -17.9317973998
v -49.9335096791 93.9064732198 -14.8466755185
v -51.0628192026 94.1620058578 -8.68722893062
v -50.4069352951 95.1351442678 -5.80309193881
v -48.62949419 97.7723430028 2.01290047074
v -46.1749071106 100.219261214 5.92211136969
v -41.825852787 104.554727784 12.8484782133
v -37.1060011712 99.905616119 13.1042784067
v -31.3396982699 113.664935292 23.4772307744
v -31.234563432 114.077310027 23.7499418227
v -31.2147554191 114.155003817 23.8013221651
v -31.1829714156 114.123696185 23.8030447519
v -31.1578212294 114.098922943 23.804407808
v -31.1292509979 114.17006968 23.8472406523
v -22.9912156196 133.764158321 102.954889423
v -15.9778579826 132.512426394 102.386991248
v -13.6190362357 140.150067603 100.845406879
v -22.2940322557 140.505133822 101.747833042
v -64.6312415072 77.1551375621 -104.85819782
v -58.8514308706 75.3102071413 -104.597145008
v -54.6511469986 85.5789478414 -97.7501540413
v -61.9430194828 84.9310034644 -99.7857725314
v -44.6263836904 100.841241009 -51.4297630032
v -44.2780174069 100.742403319 -51.4818854261
v -44.3196359983 100.907865161 -52.3191063831
v -45.1016860514 101.067564104 -51.8607596771
v -46.2520930134 101.302483563 -51.1865250299
v -44.7339308087 100.817882283 -51.1179552207
v -44.2588596426 100.666238345 -51.0964980015
v -44.0232986804 99.0265425881 -44.3331582669
v -47.6091473221 100.013868715 -43.8162413504
v -52.195255917 102.405809066 -48.0289896266
v -48.8672113553 99.6620689297 -40.6213433112
v -43.8861838823 98.0721121492 -40.3963686001
v -43.7089384999 97.4564916745 -37.0872080369
v -50.3763166566 99.363145089 -36.0798533503
v -52.3617402703 98.9698720341 -30.1049347003
v -52.7382615962 99.044444855 -28.1125295514
v -40.1951152075 117.021557759 23.3957123065
v -37.179354018 119.875620564 27.3213660014
v -31.8339362674 124.934428945 34.2795624983
v -26.8529087943 123.344472164 34.5045372094
v -22.83059848 132.129162708 44.0816371923
v -23.4154914605 132.769711488 44.478724462
v -24.3521679003 133.795517869 45.1146395823
v -22.8340056956 133.310916588 45.1832093915
v -22.3589345295 133.15927265 45.2046666107
v -21.8636421792 134.225941536 46.4272749923
v -15.4295590385 147.395917977 95.5968110739
v -12.0751934054 146.730735876 95.2818181341
v -11.5321311789 149.554858855 91.8583226506
v -17.570810856 150.053575213 93.2291951468
v -18.3980662683 145.751543318 98.4442608056
v -12.6182556318 143.906612897 98.7053136175
v -13.2616724735 141.491473655 100.081211633
v -22.9952258245 142.813512498 100.598554132
v -61.4226819582 90.7671767171 -94.2620626065
v -52.9487426654 89.3665416923 -93.8970156069
v -52.092534929 90.9920425014 -91.1545461918
v -59.2024305373 93.1011701166 -90.0308059819
v -55.7554510272 96.7247360556 -83.4617054062
v -49.6081279903 95.7086612813 -83.1968862055
v -48.6393845372 97.0956212219 -78.7919731623
v -54.6872260995 98.4173094713 -78.1442216335
v -53.6076888079 100.127807021 -72.7704263954
v -47.2549191521 99.0777745178 -72.4967568042
v -46.6699803451 99.5717772602 -68.8480930441
v -53.6611987403 100.874567616 -68.2461056641
v -53.7333031115 101.880823852 -62.1496056881
v -45.5395182991 100.526494821 -61.7966274028
v -45.2911370483 100.604145953 -59.866901458
v -54.1059642807 102.126721494 -59.1861888193
v -55.0642149192 102.759015898 -51.5661405252
v -55.2282648326 102.823732405 -50.5123965293
v -33.164289806 135.252050204 44.735024087
v -32.1882800856 136.250882404 46.4384836121
v -26.9667279733 141.594532448 55.5518177268
v -18.7729431608 140.240203416 55.9047960121
v -17.9092078599 141.82225553 58.8376264496
v -24.968533307 143.783007106 59.8663760693
v -21.9744636445 147.062189906 66.3312558222
v -15.6216939887 146.012157403 66.6049254134
v -14.5957703098 147.584268064 70.972449976
v -20.6224205981 148.960599991 71.6565957023
v -19.2555758387 150.879793231 77.0402356141
v -13.1082528018 149.863718457 77.3050548148
v -12.5831778237 150.166009679 80.9867324451
v -19.5965354607 151.417741605 81.55463062
v -20.0561567446 152.142908183 87.6401372165
v -11.5822174518 150.742273158 88.0051842162
v -11.564332394 150.318265298 89.381082232
v -21.2978857451 151.64030414 89.8984247308
v -121.969284696 -149.343085414 -93.478004284
v -120.026631872 -148.457571981 -84.5726198677
v -117.555319627 -147.867201228 -84.0999375664
v -118.489458612 -148.404994928 -90.649856619
v -120.480241038 -148.473087105 -82.7792694626
v -117.35013847 -147.749076265 -82.66126517
v -118.171739619 -145.321177692 -74.202137035
v -115.207305574 -144.465430015 -73.5388757583
v -117.596586882 -144.535893649 -72.0651831003
v -114.836697283 -143.897515211 -71.9611357687
v -112.215109158 -139.095709577 -63.0594810156
v -112.866201002 -138.741707248 -62.0252680429
v -113.308815161 -138.501055418 -61.3222070073
v -118.055543954 -136.949318608 -56.8206566952
v -86.5422400227 -98.787346823 56.3792164076
v -85.7110597027 -97.7088140696 65.3711084121
v -83.4147774789 -97.1415876199 65.8224902731
v -84.6305488944 -98.1683521398 58.2388916959
v -85.9633617189 -97.6015107639 67.0364991174
v -83.2034721196 -96.9631323255 67.140546449
v -84.4061507719 -95.0230523934 75.4281578991
v -81.2288147476 -94.1359951069 76.1193880461
v -83.980365849 -94.3180299296 77.7226715577
v -80.8502632813 -93.5940190889 77.8406758503
v -78.3561994409 -88.8590667891 85.8292672993
v -79.5646034909 -88.3794226273 87.2250554092
v -80.6027594827 -87.9673539484 88.424195539
v -87.0479391789 -87.1341338583 90.7758260611
v -120.271944617 -140.516293772 -104.178133685
v -126.497052381 -146.32309109 -99.9275241032
v -117.928515082 -144.102399005 -98.1753002937
v -117.164894867 -140.131293498 -102.989206016
v -118.692135298 -148.073504512 -93.3613945714
v -118.634698161 -148.167446548 -92.5929639264
v -111.588858598 -137.834737305 -61.2610063673
v -111.166403358 -136.924931491 -60.2181933359
v -120.839958623 -133.762582756 -51.0442974556
v -107.254116321 -128.499372623 -50.5608769659
v -102.86626113 -118.916335267 -40.1134165293
v -103.000203109 -118.876729916 -39.9987374547
v -103.145361903 -118.833807861 -39.8744547138
v -108.284088452 -117.106888919 -34.862285893
v -86.1120868148 -93.5614478455 35.0264510957
v -92.5888704318 -97.524706733 40.4706470947
v -85.4752995538 -95.1633257953 42.2630693466
v -85.7180667383 -93.473468875 35.2928272096
v -98.9400335098 -101.269548451 45.2568671566
v -85.3541912079 -96.0063383179 45.7402876463
v -99.5873528294 -101.642385787 45.7956263191
v -85.1673668708 -96.7490904813 49.4985419474
v -84.8222834599 -98.1210287098 56.4404170476
v -84.776585066 -98.1323078693 56.8690690363
v -77.3256100845 -86.6977730468 88.5408052517
v -71.4194330018 -72.2585106448 98.1686166964
v -75.4678114602 -75.4135715475 96.7948066207
v -72.2450933813 -72.1517709031 98.4698725559
v -74.0387693781 -71.9198880161 99.1243249404
v -81.8446362763 -71.4111815052 100.494975953
v -116.631951713 -130.803988697 -105.97287867
v -114.160639468 -130.213617944 -105.500196369
v -113.677118053 -128.648021436 -105.816196956
v -116.711614745 -128.87484662 -106.536906182
v -116.361992702 -137.341391034 -104.061523973
v -116.937358082 -139.340654905 -103.293093328
v -102.685757871 -118.460606826 -39.8607475646
v -96.6049704308 -103.317986038 -30.7443558458
v -98.7955828004 -104.873608239 -30.6142928291
v -97.385534401 -103.055669938 -29.983015783
v -98.1491797432 -102.799039508 -29.2381776723
v -101.696786607 -101.053863314 -24.145350028
v -105.330015848 -99.2665668565 -18.9296057176
v -105.569975109 -98.9475818176 -17.9918647982
v -98.0300408103 -88.4355554214 13.1707824865
v -92.4685593468 -86.7329707637 18.2910382924
v -85.9825546804 -84.7473537825 24.2624693345
v -101.268099553 -97.2000283534 23.8569514645
v -84.6225019032 -88.4012487001 30.186229571
v -83.7180272537 -84.1975605302 25.9237665261
v -85.6524827827 -93.1882468109 35.0401582449
v -85.6890661251 -93.3473463396 35.181099351
v -70.1288174631 -68.7449852784 99.240934653
v -66.6458796318 -58.8675251315 100.995607636
v -80.5209084176 -68.8846457094 100.874403513
v -74.98780849 -58.3238835887 102.460387062
v -113.079719381 -118.840802765 -106.302525239
v -110.115285336 -117.985055089 -105.639263962
v -109.499257488 -116.140868478 -105.60866296
v -112.174848999 -116.340865906 -106.244130282
v -94.2320191752 -92.0817810646 -30.3675856472
v -93.4881366402 -93.7055819221 -31.4003952498
v -92.6629921725 -91.1608129001 -31.5740738356
v -93.8524925312 -90.7610697574 -30.4138687629
v -95.0162106162 -90.3699909981 -29.2788109922
v -95.6587992244 -92.9192548625 -29.2704768825
v -100.065019292 -95.2445142047 -24.3784026268
v -98.2491194834 -88.7796243624 -24.6377534336
v -102.197046721 -86.8375183469 -18.9702390375
v -104.968447685 -97.8321613268 -18.9342951078
v -105.292026692 -97.910723048 -18.0438667249
v -102.290393301 -86.7134299396 -18.6054483327
v -94.8970716833 -76.0065069118 13.1301491665
v -97.6684726471 -87.0011498917 13.1660930962
v -92.5639925996 -82.6321941358 17.1499511175
v -92.7335991282 -75.3441842548 15.1219804769
v -82.8495855533 -72.3183052729 24.2218360145
v -83.4921741616 -74.8675691373 24.2301701243
v -83.0249740339 -82.1570654591 26.0568973138
v -79.3986753278 -71.4804760932 26.7534845159
v -73.7075372543 -54.2494232725 102.403267217
v -65.9889879073 -56.8780775697 100.962222457
v -62.5624100123 -46.5004205156 100.78807364
v -71.0978710671 -45.9441665251 102.286835852
v -106.519454843 -103.19388885 -104.122724613
v -106.192294652 -104.034943706 -104.097957198
v -105.711037269 -105.272147589 -104.061523973
v -104.88877221 -102.991827952 -103.498735988
v -94.6622863991 -83.3816835042 -32.9668431468
v -91.5481412346 -86.6241432871 -34.9714623519
v -90.2231571496 -81.2323775973 -39.0092090692
v -95.0771524186 -79.6011453667 -34.2747591023
v -99.8259379378 -78.0052698938 -29.6429277553
v -97.2476561028 -84.6334493491 -29.4477408823
v -98.8923182723 -85.2310136011 -26.0641347895
v -100.238825796 -77.8021577427 -29.0501995358
v -102.335344012 -86.4819872899 -18.9807087292
v -102.372006512 -86.4655444867 -18.7338085283
v -95.0353689747 -75.6509758548 13.1196794749
v -94.5286073784 -75.1892747856 13.6762749437
v -87.659312875 -59.9535841686 23.8577192515
v -85.0810310399 -66.5817636239 24.0529061245
v -75.0954760581 -60.432652518 32.2494726807
v -73.5771801666 -56.5346538215 34.1886197495
v -59.3683630838 -35.0644580177 98.9076696513
v -59.0465374298 -35.2281815229 98.8122826643
v -58.911565106 -34.7752034666 98.6781466679
v -59.3448990239 -34.7191829144 98.8362557223
v -60.2862796042 -34.5974830939 99.179734013
v -59.9591194129 -35.4385379503 99.2045014275
v -59.4778620301 -36.6757418331 99.240934653
v -62.1056850965 -45.0456934145 100.558990829
v -70.5452837536 -42.6057691756 101.851373237
v -69.1243759968 -34.0215064295 100.731636694
v -110.514483555 -97.7330356073 -104.35993481
v -104.37704304 -101.617764922 -103.018710941
v -99.6380051283 -88.8927979395 -98.5732795964
v -112.518677566 -90.4888658564 -103.502131431
v -92.1817181284 -73.9131484628 -43.2206138634
v -89.1909782912 -76.1842345071 -44.5959975014
v -88.3566241815 -72.1545535747 -48.9653417614
v -93.1830474023 -70.7274267792 -44.8330319689
v -98.4136538484 -69.1807869024 -40.3546666766
v -94.2544291341 -74.8660816534 -40.1077071206
v -90.0952044199 -80.5513764043 -39.8607475646
v -90.1584798485 -80.8881464166 -39.4396431194
v -96.4332279153 -75.7800766358 -36.3301456852
v -98.8242479846 -69.042802757 -39.9541847464
v -100.27486625 -77.3916243347 -29.669583477
v -100.416402743 -77.4271427168 -29.2867544629
v -88.1082411869 -59.3399386095 23.8310635298
v -87.0476163283 -58.3904578288 24.8989995996
v -81.3803787604 -43.9084268871 34.5462391329
v -77.2211540462 -49.5937216381 34.7931986889
v -73.0619293319 -55.2790163891 35.0401582449
v -67.1823829506 -40.7382202697 44.1447524417
v -59.9180083354 -26.4621736645 96.2403790803
v -56.9584155456 -27.7846072688 95.4826803519
v -55.9010020038 -23.9999759049 93.7526902768
v -60.1268250503 -23.4536698552 95.2945517803
v -64.2813083162 -29.1366298516 98.9425238153
v -68.9809160713 -32.2713538016 100.388850374
v -94.6586615054 -74.6998496498 -93.3751017205
v -94.5343482944 -74.8511763921 -93.3679727068
v -94.4196411042 -74.9908097044 -93.3613945714
v -94.2496175749 -74.589579708 -93.0426607856
v -90.4843780489 -65.0863568206 -53.9207432647
v -87.4936382117 -67.3574428649 -55.2961269028
v -86.83267431 -63.5850218978 -60.4279248639
v -91.7744940394 -61.969508579 -55.741360471
v -96.7163137689 -60.3539952602 -51.054796078
v -92.2368505289 -65.8068556133 -50.7979114334
v -88.1035276301 -70.8383585755 -50.5608769659
v -88.2300759058 -71.4964560751 -49.7631093636
v -94.6407440352 -66.8753282669 -46.9760530065
v -97.157937396 -60.2234114131 -50.6766846784
v -98.7918579484 -68.7203982281 -40.3763556203
v -98.9362969298 -68.7783434629 -40.1106848233
v -81.7585828604 -43.4480382128 34.5245501892
v -80.8693252451 -42.6590170395 35.3793206363
v -74.8163886557 -27.8609609548 45.2463685342
v -70.3369254157 -33.3138213079 45.5032531788
v -66.203602517 -38.3453242701 45.7402876463
v -60.445002638 -24.4334943721 55.6073355442
v -53.1270216234 -13.4618676603 88.4430989853
v -53.0420361323 -13.532768126 88.3998641456
v -53.0280593731 -13.4289365619 88.2220714659
v -53.1701039266 -13.3725557174 88.3861424973
v -53.2921362917 -13.3241181841 88.5270981025
v -53.1678230807 -13.4754449264 88.5342271163
v -53.0531158906 -13.6150782387 88.5408052517
v -54.9531427831 -20.5435803125 92.0180235513
v -60.7038820754 -18.0534447462 93.4384628172
v -61.3201503329 -12.2862723989 91.4562519416
v -98.9613762163 -68.6253621804 -93.6331995737
v -90.3088824029 -60.7396500279 -84.1149398359
v -89.6624793458 -58.6650812967 -82.7388246791
v -89.0230703373 -59.5677862797 -82.7004698023
v -88.3694951674 -60.4904907688 -82.66126517
v -86.6987763222 -58.3984153532 -74.2009128553
v -87.4426588573 -56.7746144958 -73.1681032526
v -88.521305441 -55.8016664456 -74.2656478603
v -88.2268502982 -55.0628244293 -72.0793285977
v -87.2524557911 -56.4384553091 -72.0208796538
v -86.2564734903 -57.8445634089 -71.9611357687
v -86.4561209961 -60.1437683605 -67.071850556
v -89.5702661606 -56.9013085776 -65.0672313508
v -91.2457670085 -53.4214222869 -67.2839946404
v -94.7339176994 -51.5248949672 -61.7433159594
v -90.757705088 -57.1384332345 -61.5048032976
v -86.6933991459 -62.8763399227 -61.2610063673
v -86.7637996895 -63.2345631322 -60.8399019221
v -93.0385477563 -58.1264933514 -57.7304044879
v -95.2673158544 -51.3505236079 -61.2374689359
v -97.060108951 -59.8686320264 -51.0754185929
v -97.2389568503 -59.9515518207 -50.8108142247
v -75.1601838379 -27.375597721 45.2257460193
v -74.271327359 -26.5836865979 46.0988309393
v -67.9673425611 -11.8111863718 55.9581074556
v -63.9911299498 -17.4247246391 56.1966201174
v -59.9268240077 -23.1626313272 56.4404170476
v -58.5436059609 -19.9670870211 59.2311026118
v -57.0419135948 -10.8500724843 65.2311934868
v -64.4318662442 -10.6664193064 59.397385821
v -56.5936251348 -8.12844154376 67.02235362
v -55.6192306277 -9.50407242363 67.0808025638
v -54.6232483269 -10.9101805234 67.140546449
v -52.3114480645 -7.06946572212 76.1238073801
v -52.758844975 -5.7241352068 76.9854845399
v -53.7002100295 -5.07699309835 76.0801487496
v -53.1626041572 -4.51002412106 77.7631163413
v -52.5231951487 -5.41272910406 77.801471218
v -51.8696199789 -6.33543359323 77.8406758503
v -52.4112602747 -9.65207412335 82.6946045242
v -55.8004445708 -6.59971515264 84.5654758067
v -57.240646265 -2.89135271016 82.4735297872
v -57.5948510026 -7.24963071468 88.2690002494
v -61.4787150603 -9.63566950934 90.6428386372
v -95.1459753711 -46.3058170033 -83.1303821257
v -92.3715354854 -52.5591334377 -82.9322689891
v -91.5783188951 -51.1105559937 -77.8790496336
v -94.9802929986 -45.8900895109 -81.9001962341
v -93.7103463235 -42.7035601359 -72.4708860443
v -90.6955938631 -49.4985176349 -72.2556130195
v -92.1029579543 -49.9238470323 -68.864652395
v -93.8974483642 -42.6018316949 -72.1736877924
v -95.0492109185 -50.8142548561 -61.7658299554
v -95.3243825048 -50.9467677902 -61.3871426669
v -68.2826357802 -11.1005462606 55.9355934595
v -67.4096484496 -10.2923072982 56.968612027
v -62.0771211601 4.23082274963 66.6307961733
v -59.0623686997 -2.56413474941 66.8460691981
v -57.5600293459 -0.605378639312 71.8952584428
v -61.8977972759 4.41994099499 67.1921670607
v -58.6461001826 7.84924017234 77.3715588946
v -55.8716602969 1.59592373795 77.5696720313
v -57.9001762739 0.732495217337 81.0147970259
v -59.2381744392 8.084248455 78.0554445598
v -95.2342273392 -45.1978983355 -83.1490127013
v -95.1079862146 -44.9499731948 -82.244643133
v -93.744677232 -42.2725685653 -72.4781335267
v -93.8853061141 -42.3315862757 -72.2344555351
v -62.1114520686 4.66181432023 66.6235486909
v -61.9872492753 4.81978826253 67.0181532193
v -58.7343521506 8.95715884006 77.3529283191
v -59.1902191121 8.72812972136 77.9255567643
v -82.7539800949 -8.99443064154 -83.1303821257
v -82.5882977225 -8.57870314913 -81.9001962341
v -81.3183510474 -5.39217377416 -72.4708860443
v -81.505453088 -5.29044533318 -72.1736877924
v -49.685125884 41.5422091114 66.6307961733
v -49.5058019997 41.7313273567 67.1921670607
v -46.2541049064 45.1606265341 77.3715588946
v -46.846179163 45.3956348167 78.0554445598
v -69.0091538855 3.52056263956 -82.7388246791
v -76.4089554684 -3.21713383476 -82.9496274473
v -77.2879318842 -3.19106935593 -79.1512134947
v -67.8679799807 6.38397749057 -74.2656478603
v -67.5735248379 7.12281950693 -72.0793285977
v -78.8500722748 -3.14474686718 -72.4005706457
v -80.9498867425 -4.57494164801 -71.9247602671
v -70.5924415482 8.7642216493 -67.2839946404
v -74.0805922391 10.660748969 -61.7433159594
v -74.6139903941 10.8351203283 -61.2374689359
v -47.3140171008 50.3744575645 55.9581074556
v -43.7785407839 51.5192246298 59.397385821
v -35.9402996745 54.0572023925 67.02235362
v -47.2168471114 43.7896360183 66.7011115719
v -45.3889732904 45.5776196203 69.4152961541
v -33.0468845692 57.1086508379 76.0801487496
v -32.5092786969 57.6756198152 77.7631163413
v -39.9090802799 50.9379233408 77.5523135731
v -45.717032766 46.9253974141 78.541723329
v -36.5873208047 59.2942912261 82.4735297872
v -65.744005861 12.3600518609 -93.3751017205
v -82.5973586791 -0.105320289145 -93.8444719504
v -65.9517610288 8.69345936418 -87.5151938439
v -65.3349619305 12.4703218027 -93.0426607856
v -66.4934013247 5.37681883406 -82.66126517
v -66.051573239 6.11085096294 -80.9443966997
v -63.7397729767 9.95156576421 -71.9611357687
v -59.8194153427 19.0084722619 -64.0516919315
v -58.4361972959 22.2040165681 -61.2610063673
v -57.9180186656 23.4748796129 -60.4279248639
v -73.4688956924 12.2238753088 -60.7020356112
v -62.859838395 25.0903929317 -55.741360471
v -67.8016581245 26.7059062505 -51.054796078
v -68.2432817516 26.8364900976 -50.6766846784
v -45.9017330113 59.1989405559 45.2463685342
v -32.9098906303 61.6219305381 55.546252719
v -31.599221614 62.275948373 56.0193126024
v -31.5303469936 62.6264071386 55.6073355442
v -31.6696221576 61.9177251635 56.4404170476
v -31.9069003074 59.1851536013 62.2512612363
v -32.1065478133 56.8859486497 67.140546449
v -31.6642449814 57.4398005941 69.3803235356
v -29.9935261361 59.5318760097 77.8406758503
v -24.1134037287 73.6309649488 88.2220714659
v -24.6137484933 73.2691583297 88.2143526593
v -24.2554482822 73.6873457933 88.3861424973
v -24.3774806473 73.7357833266 88.5270981025
v -32.4054946885 74.7736291118 91.4562519416
v -70.5234493985 17.2235846156 -98.6310351229
v -63.4098785205 19.5849655533 -96.838612871
v -62.4620192998 23.0413611457 -98.5732795964
v -75.3426917379 21.4452932288 -103.502131431
v -65.309905413 12.6564634795 -93.3613945714
v -65.3209851712 12.5741533669 -93.2204534653
v -52.1594187866 37.3867095109 -50.5608769659
v -51.180638353 39.7796055105 -48.9653417614
v -67.2906046092 27.9553160981 -50.2217145746
v -56.0070615737 41.206732306 -44.8330319689
v -61.2376680198 42.7533721828 -40.3546666766
v -61.6482621561 42.8913563282 -39.9541847464
v -44.2043929319 68.0257321981 34.5462391329
v -32.3725210376 69.4982923929 44.1850606712
v -30.1329453977 70.5378413159 44.942520044
v -30.006397122 71.1959388155 44.1447524417
v -30.2594936734 69.8797438163 45.7402876463
v -30.8693830919 66.3988281057 50.4755375831
v -23.9433801993 74.0321949452 88.5408052517
v -18.7250161753 87.9341831803 93.7526902768
v -27.9946972248 81.1681703044 93.2469002897
v -22.9508392218 88.48048923 95.2945517803
v -61.0821388304 33.61452781 -104.122724613
v -75.8245917166 21.9326972043 -104.0061853
v -61.404605758 26.8259925096 -100.303269672
v -59.4514561976 33.8165887075 -103.498735988
v -45.3010919716 54.3204016299 -39.8607475646
v -44.785841137 55.5760390623 -39.0092090692
v -60.6926067231 44.0306465397 -39.5022042715
v -49.6398364059 57.207271293 -34.2747591023
v -54.3886219252 58.8031467659 -29.6429277553
v -54.8015097838 59.006258917 -29.0501995358
v -42.2219968624 76.8548324911 23.8577192515
v -29.5152104714 79.2755138225 34.1459939163
v -28.2045414551 79.9295316574 34.6190537997
v -28.139864154 80.2737628382 34.1886197495
v -28.2678168836 79.5927616452 35.0401582449
v -29.1720430124 75.2256197479 39.7754081817
v -14.3832254779 101.373463158 98.6499749447
v -13.9859782634 100.659150163 98.1981216217
v -13.4742490933 102.033213193 98.6781466679
v -13.9075830112 102.089233745 98.8362557223
v -14.8489635915 102.210933566 99.179734013
v -23.6870599842 102.78691023 100.731636694
v -58.5536184309 43.5198522057 -105.83096201
v -56.2573362071 44.0870786554 -105.379580149
v -55.8006112913 45.5418057564 -105.60866296
v -58.4762028027 45.3418083278 -106.244130282
v -58.8851592735 35.717127074 -104.061523973
v -59.3164838737 34.2695667637 -103.632871984
v -41.7658528794 68.5910522955 -31.0699711254
v -43.2675452455 59.4740377588 -37.0700620004
v -38.9643459758 70.521861334 -31.5740738356
v -40.1538463345 70.9216044768 -30.4138687629
v -41.3175644194 71.3126832361 -29.2788109922
v -50.3255339728 62.691688064 -29.5297434599
v -53.8309278137 60.3220258394 -28.6324231839
v -44.5504732867 72.9030498718 -24.6377534336
v -48.4984005242 74.8451558873 -18.9702390375
v -48.5917471046 74.9692442946 -18.6054483327
v -41.1984254865 85.6761673224 13.1301491665
v -39.0349529315 86.3384899793 15.1219804769
v -29.1509393566 89.3643689613 24.2218360145
v -38.15890891 80.7433737892 23.9709035468
v -26.814880069 85.6655285279 30.1508730323
v -25.7000291311 90.2021981409 26.7534845159
v -12.6519840347 104.31353283 99.240934653
v -8.86376381553 115.182253719 100.78807364
v -22.3708967797 105.497925346 101.057169389
v -17.3992248703 115.738507709 102.286835852
v -55.5513694206 55.0324055241 -106.474041924
v -52.3740333963 55.9194628105 -105.782811777
v -51.7171416718 57.9089103723 -105.816196956
v -54.7516383639 57.6820851888 -106.536906182
v -35.7854441801 82.5437812152 -30.0158094737
v -35.3380472697 81.1984506999 -30.8774866335
v -34.6449940499 83.238945771 -30.7443558458
v -35.4255580201 83.5012618706 -29.983015783
v -36.1892033624 83.757892301 -29.2381776723
v -36.9927650536 81.8078554115 -29.2445444977
v -42.2839686305 78.8357461405 -24.4059061694
v -39.7368102263 85.5030684951 -24.145350028
v -43.3700394672 87.2903649522 -18.9296057176
v -48.2303643826 75.4956104442 -18.9681153184
v -48.4085286394 75.4341214002 -18.5828819916
v -43.6099987285 87.609349991 -17.9918647982
v -36.0700644295 98.1213763873 13.1707824865
v -40.9303893449 86.3266218793 13.1322728856
v -36.9022728929 89.7115778313 15.9146491473
v -30.508582966 99.8239610449 18.2910382924
v -24.0225782995 101.809578026 24.2624693345
v -24.8261399907 99.8595411367 24.2561025091
v -24.8748846634 92.7469671629 26.5798059302
v -21.7580508728 102.359371278 25.9237665261
v -15.9839330239 119.783767944 102.343025178
v -8.24773596796 117.02644033 100.818674643
v -4.68590325094 127.689406677 100.995607636
v -13.0278321092 128.23304822 102.460387062
v -50.0506380519 70.9148956113 -104.178133685
v -49.2112471498 69.469175484 -104.124247268
v -48.2342038404 67.7863705192 -104.061523973
v -46.9435883018 71.2998958856 -102.989206016
v -32.7589406695 92.4596320461 -39.9584538309
v -32.6739551785 92.3887315804 -40.0016886707
v -32.6449545653 92.5148541158 -40.1134165293
v -32.7788965436 92.554459467 -39.9987374547
v -32.9240553379 92.5973815224 -39.8744547138
v -32.8253872592 92.4274411205 -39.8681205145
v -32.7105385208 92.2296320518 -39.8607475646
v -33.7405194004 87.4426339409 -35.0068188907
v -37.1297036964 90.4949929116 -33.1359476082
v -38.0627818875 94.3243004639 -34.862285893
v -39.4864645361 89.4369112557 -29.4498521032
v -40.926775479 89.0004116394 -25.9864969877
v -43.848755333 88.1148784901 -18.9603378626
v -43.9141583967 88.1692545012 -18.3756078479
v -36.5487802953 98.9458899252 13.1400503415
v -35.5329922891 99.8861472673 14.3409469209
v -27.3198394732 107.488596981 24.0507949036
v -16.1270480959 117.403116541 34.7137056525
v -15.8907802499 117.869741538 35.0264510957
v -15.7921121712 117.699801136 35.032785295
v -15.6772634328 117.501992067 35.0401582449
v -15.4967601733 117.957720508 35.2928272096
v -2.01893706967 138.662147707 98.634184909
v -1.4256632219 138.382040146 98.4725040081
v -1.19812643681 139.172678738 98.1686166964
v -2.0237868163 139.27941848 98.4698725559
v -3.81746281311 139.511301367 99.1243249404
v -2.97807191093 138.06558124 99.1782113577
v -2.00102860163 136.382776275 99.240934653
v -4.20238183537 129.255003185 100.679607049
v -12.6283210784 131.585851611 101.901325419
v -11.6233297113 140.020007878 100.494975953
v -56.0772679169 73.9247285068 -104.465065352
v -44.9156900294 83.4686780122 -95.8075226037
v -43.4866479473 86.9623615436 -93.478004284
v -41.8094532313 86.124733227 -93.3981519808
v -41.0374112191 85.7391582876 -93.3613945714
v -40.0068218627 87.9004520299 -90.649856619
v -33.9082618915 97.3374166154 -61.5942713691
v -33.5864362375 97.1736931101 -61.689658356
v -33.7324724092 97.2097373806 -63.0594810156
v -34.3835642524 97.5637397096 -62.0252680429
v -34.8261784119 97.8043915391 -61.3222070073
v -33.9459310663 97.3647764514 -61.2802978734
v -33.5407378437 97.1624139507 -61.2610063673
v -33.1956544327 95.7904757221 -54.3191312671
v -36.1552472225 97.1129093264 -53.5614325386
v -39.5729072051 99.3561283499 -56.8206566952
v -36.9602282842 97.0211396333 -50.7490055376
v -33.0088300957 95.0477235587 -50.5608769659
v -32.8877217497 94.2047110361 -47.0836586663
v -38.6384610421 96.6948466025 -45.6632194005
v -40.4307303194 96.3463818429 -40.2318522664
v -41.1106341065 96.2858301971 -37.7587141791
v -23.3974552314 121.618741858 34.6690535431
v -19.5079968274 125.302128515 39.7462532829
v -15.060303171 129.514173939 45.5521590746
v -11.1089049826 127.540757864 45.7402876463
v -7.19661794541 135.966316732 55.3976040162
v -7.59386515997 136.680629727 55.8494573393
v -8.05960327359 137.518100135 56.3792164076
v -7.17935592799 137.078485047 56.4211255415
v -6.77416270541 136.876122546 56.4404170476
v -6.14791214531 138.137094818 58.2388916959
v -0.321596990183 147.488939349 87.9340555076
v 0.27167685759 147.208831788 87.7723746067
v 0.126437308208 147.446380169 85.8292672993
v -1.08196674185 147.92602433 87.2250554092
v -2.12012273363 148.338093009 88.424195539
v -0.442928017573 147.500464693 88.5040478423
v 0.329113994579 147.114889753 88.5408052517
v -0.434506221114 143.143784246 93.354710974
v -5.64003914126 144.747812814 94.2164831017
v -8.56530242986 149.171313099 90.7758260611
v -9.8440926781 142.521134263 98.8373932736
v -11.928449552 141.211936121 99.9461295759
v -51.0221576827 88.8770245707 -93.8117003626
v -49.9687869868 89.9976038502 -91.7279257113
v -45.5657631456 94.681555381 -83.0178775725
v -37.5127580223 92.6354043297 -82.66126517
v -37.134206556 93.1773803477 -80.9399773658
v -44.8527559031 95.806034645 -79.4989326059
v -43.3993834924 98.0981391864 -72.3260215552
v -35.159549184 96.0045175663 -71.9611357687
v -34.9482438246 96.1829728607 -70.6430795928
v -43.3878424818 98.6228970997 -69.3506971852
v -43.3581662458 99.9722451054 -61.7000302711
v -43.520814879 100.130520831 -60.1130906467
v -16.5915911076 139.685953701 56.0013931438
v -15.5815364618 140.805091915 58.2566517831
v -11.766158329 145.032522072 66.7756606624
v -3.52632402061 142.938900452 67.140546449
v -3.1557157295 143.506815256 68.7182864386
v -10.8919127854 146.264142871 70.2426369737
v -9.06588795704 148.836612557 77.4840634478
v -1.01288283371 146.790461505 77.8406758503
v -0.80770167639 146.908586469 79.2793482468
v -9.23364091941 149.239434896 80.5010666163
v -9.65563246903 150.252756036 88.0904994604
v -10.2311094725 150.038727763 89.2460001745
v -108.889202384 -145.646520843 -82.3442627294
v -108.052481084 -143.653686716 -76.4465205412
v -107.376478648 -142.04363959 -71.6816268006
v -109.241649068 -140.90728668 -68.3580063583
v -75.7432534847 -95.1092567048 67.4200554171
v -73.8613008568 -93.0792433633 73.4451423869
v -72.3893271953 -91.4914636672 78.1576782909
v -75.0278224276 -90.3274423296 81.5499833697
v -107.089520249 -141.090611852 -95.8265844966
v -103.139791828 -139.993116974 -94.9707127408
v -102.799544421 -138.223705527 -97.1156519458
v -114.292149786 -139.749819061 -101.814628088
v -115.65006025 -146.811452076 -93.2542824824
v -103.480039234 -141.762528421 -92.8257735359
v -116.902440307 -147.514319738 -92.1055422938
v -103.136683551 -142.324108146 -88.2321422599
v -102.680247084 -143.070638579 -82.1256441345
v -102.136419688 -142.21728024 -79.8680827633
v -100.102676623 -139.025989 -71.4255147331
v -98.8091204102 -136.421378927 -67.7106628771
v -109.992276842 -137.17237038 -61.2047903948
v -96.3767625344 -131.523761214 -60.7253853318
v -92.1529512234 -122.427299091 -50.2990843651
v -92.2820813096 -122.38055431 -50.1632458205
v -92.401233162 -122.337421626 -50.0379038908
v -97.6337471461 -120.626878447 -45.0756602101
v -70.5013080489 -89.8443873208 46.2632607214
v -76.9550993631 -93.7677089692 51.7343220096
v -69.7735631913 -91.1605241509 53.6894866915
v -70.1284830222 -89.7494795494 46.5497371165
v -83.2257017033 -97.4586617848 56.4966330201
v -69.6101873961 -91.8100526182 56.9760380831
v -83.7657265289 -97.731467548 57.1663591963
v -69.1310487502 -91.9283123806 61.4703696371
v -68.46945146 -92.0916061141 67.6761674845
v -67.9418447009 -91.3595686043 70.1424253994
v -66.1803718951 -88.9155814029 78.3762968858
v -64.8105913143 -86.0429549982 81.9802658266
v -74.2835350368 -85.4357206107 88.6479173407
v -62.1135140207 -80.3867969552 89.0764262872
v -59.4818898247 -73.9530731135 93.3663046972
v -64.2532048317 -73.2757736711 95.2857401263
v -105.494522225 -127.992937558 -103.744521532
v -115.205100227 -138.687528095 -102.805671695
v -101.439343472 -133.497316504 -98.9322716613
v -99.6311738463 -127.214338186 -101.347177042
v -91.9676360718 -121.96443122 -50.0252559304
v -86.0885111384 -107.121018155 -41.795640497
v -89.2971926551 -109.376828143 -41.4739214968
v -87.325845222 -106.716525519 -40.6222173096
v -88.5631793056 -106.312032882 -39.4487941222
v -92.3785154677 -104.891541474 -35.3190725702
v -71.5299042176 -81.039672867 35.4521116872
v -85.1882460303 -93.0775298659 35.3748470265
v -68.8761643871 -84.2894073586 41.6853524055
v -67.931592923 -80.1815029103 38.0462932483
v -70.0677109587 -89.4713969149 46.2759086818
v -70.1003996945 -89.6209750145 46.4231984863
v -57.5316634616 -62.3340410415 97.7031602704
v -56.1043177175 -64.7580921764 96.1725867478
v -54.3889302152 -60.0881828794 97.5978297938
v -56.0106120451 -59.8579813107 98.2502104382
v -59.261346986 -59.3965318026 99.5579370936
v -65.0437127856 -58.9822997544 100.683687006
v -102.28445841 -115.563264664 -103.782015005
v -103.7189642 -121.11780774 -103.76526001
v -98.7417395292 -124.563696955 -101.268341566
v -95.4155354998 -114.651134134 -100.97352173
v -84.261776232 -96.198385137 -40.9583072497
v -83.241833 -98.3628946224 -42.3340265534
v -82.1281787972 -94.9366129684 -42.5446495551
v -83.7406471438 -94.409486478 -41.0154685749
v -85.3531154903 -93.8823599876 -39.4862875947
v -86.2557925262 -97.3776114628 -39.4757443474
v -90.991614489 -100.095948768 -35.4802287796
v -88.8212031852 -92.5911529843 -35.7324279374
v -68.3198404023 -68.6099999723 35.4146182148
v -69.2225174382 -72.1052514475 35.425161462
v -66.8638060929 -77.0310578858 38.2322459126
v -63.6305950801 -67.4916505229 38.7953023064
v -52.8289811442 -49.4282260109 98.0291506513
v -51.2757242514 -50.6146869281 97.3102977736
v -50.3432383775 -47.7771293575 97.2241744814
v -52.2430414857 -47.5074478161 97.9884395506
v -56.0512831708 -46.966858908 99.5204436211
v -57.4857889611 -52.5214019842 99.5371986162
v -64.5511785012 -57.4163133685 100.662103184
v -61.1497394944 -46.6016201668 100.513045431
v -103.605318417 -111.596297747 -103.889758685
v -93.7171001717 -109.941004001 -99.8110510812
v -90.5234217643 -101.084239981 -97.6251819173
v -103.381060429 -102.791617531 -102.882278582
v -84.2304002921 -87.1200370789 -43.2944761146
v -81.0093089979 -90.5662899662 -45.4282352528
v -79.5238721221 -84.7641502085 -49.2565489068
v -84.4979332147 -83.1380969763 -44.5394084847
v -89.4719943073 -81.5120437442 -39.8222680625
v -87.1226801731 -88.567788787 -39.6306324993
v -89.0995144582 -89.493003643 -36.7559782582
v -89.8283749582 -81.3793593277 -39.436521488
v -72.4387192193 -56.2396837289 35.078637747
v -70.0894050851 -63.2954287717 35.2702733102
v -59.0639283584 -55.6235370138 44.2135239844
v -57.973571571 -52.7898557084 45.5072016582
v -51.6330049166 -39.3956547062 96.3566829382
v -48.3891801227 -41.2191515095 95.2822241346
v -46.9740219288 -36.4697659354 93.8758346687
v -51.3660806474 -35.8463028195 95.6427004276
v -57.372143178 -42.9998919909 99.4126999407
v -60.9494625065 -45.4125826581 100.360657161
v -85.611872844 -87.0302550574 -92.8384214962
v -85.5135665749 -87.1817924283 -92.8323516713
v -85.4070277611 -87.346020121 -92.8257735359
v -85.2288358554 -86.9201957442 -92.5070397501
v -81.4635963295 -77.4169728568 -53.3851222292
v -78.5944876058 -79.9854193662 -54.9587798794
v -77.8118925905 -75.915637934 -59.8923038284
v -82.4649256033 -74.2312511732 -54.9975403348
v -86.7584060651 -72.6770215712 -50.4810085656
v -83.2160688094 -78.1374716495 -50.2622903979
v -79.377082621 -84.0552007984 -50.0252559304
v -79.4534270424 -84.4239215318 -49.6254555872
v -85.6199623157 -79.2059443031 -46.440431971
v -87.5575151233 -72.415787573 -49.7231751635
v -89.771076229 -81.0510142643 -39.8407345848
v -89.9155152104 -81.1089594991 -39.5750637878
v -72.737801141 -55.778654249 35.0601712247
v -71.8485435256 -54.9896330757 35.9149416718
v -64.858480952 -40.1839872659 45.8201560466
v -61.3161436963 -45.6444373441 46.0388742143
v -57.4771575079 -51.562166493 46.2759086818
v -51.4242209185 -36.7641104083 56.1429565797
v -44.1062399039 -25.7924836965 88.9787200208
v -44.0251490194 -25.8729055913 88.9291364826
v -44.0072776537 -25.7595525981 88.7576925014
v -44.140075308 -25.7009664383 88.9284300308
v -44.2453476304 -25.6545235917 89.0637783268
v -44.1470413613 -25.8060609627 89.0698481518
v -44.0405025475 -25.9702886553 89.0764262872
v -46.0493256021 -33.1601480971 92.3629776789
v -51.683100356 -30.3840607824 93.9740838527
v -52.0216616677 -24.5506574345 92.1920841815
v -90.0157569741 -81.0105323809 -93.0999080338
v -82.5078323372 -74.0696615742 -84.2744391023
v -81.7738189876 -71.0048663135 -82.2493117277
v -80.7324312434 -72.4283518625 -82.1874779311
v -79.6910434993 -73.8518374115 -82.1256441345
v -78.1498127615 -71.8825196958 -74.4344147574
v -79.1697559936 -69.7180102104 -73.0586954538
v -80.686476508 -68.415123228 -74.5850325758
v -80.2610952519 -67.401985061 -71.5866757988
v -78.9039801475 -69.2570421713 -71.506095266
v -77.5468650431 -71.1120992816 -71.4255147331
v -77.6146288389 -72.9127066818 -66.8284940556
v -80.8357201331 -69.4664537945 -64.6947349174
v -82.7598761104 -65.8796057278 -67.1340000258
v -86.0773141483 -63.8584604598 -61.2225268652
v -81.8909538683 -69.5808471451 -60.9739560985
v -77.7045935883 -75.3032338303 -60.7253853318
v -77.7560869629 -75.5971298895 -60.3255849885
v -83.9226222362 -70.3791526609 -57.1405613723
v -86.4398155971 -63.7272358071 -60.8411930442
v -87.4309668476 -71.7576900734 -50.5209427658
v -87.7395192923 -71.8899779071 -50.0024090976
v -65.5310417345 -39.264655768 45.7802218464
v -64.0905751528 -37.9638728467 47.2955146213
v -59.3107390101 -24.1447518644 56.4788965497
v -55.12437873 -29.8671385496 56.7274673164
v -50.93801845 -35.5895252349 56.9760380831
v -49.9696001171 -33.3899686654 59.0384227806
v -48.9921808909 -23.9763242026 65.2134174839
v -57.2516811649 -23.4360036835 58.6060394336
v -48.6278700884 -20.4676021755 67.5150064188
v -47.2707549841 -22.3226592858 67.5955869517
v -45.9136398797 -24.177716396 67.6761674845
v -43.867062462 -20.8092394356 75.7198302537
v -44.5960165226 -18.7577211466 77.032161362
v -46.1066059978 -17.7479801904 75.586854347
v -45.2739437991 -16.8498091379 78.2526292927
v -44.2325560549 -18.2732946869 78.3144630893
v -43.1911683107 -19.6967802359 78.3762968858
v -43.5520442474 -22.377681605 82.9668531621
v -47.0303950327 -19.1357703242 84.9582055521
v -48.7027413551 -15.3371312037 82.6610236005
v -48.6492317605 -19.6348009152 88.8022917893
v -52.2792325293 -21.8198658079 91.2803005668
v -84.9030623926 -66.016440649 -82.4447583441
v -84.202254171 -64.7887821995 -78.2807463851
v -83.105534139 -62.8675752662 -71.7643340645
v -84.0074942197 -63.0126287164 -68.8563664623
v -86.3696086551 -63.3925045623 -61.2407830265
v -86.5208350514 -63.4553762147 -60.9753225905
v -59.6030335168 -23.6787959669 56.4606403884
v -59.1450645169 -23.2425191862 57.0732788996
v -51.4723089756 -15.9331923807 67.3373481531
v -50.3015592879 -14.3799568425 71.4265449508
v -48.403187204 -11.8613834734 78.0571826762
v -49.7633519701 -12.3223974002 81.0466541854
v -52.8591633432 16.0550351972 -82.2493117277
v -51.7718208636 18.6447782827 -74.5850325758
v -51.3464396075 19.6579164497 -71.5866757988
v -53.845220466 21.1802957829 -67.1340000258
v -57.1626585039 23.2014410509 -61.2225268652
v -57.5251599527 23.3326657036 -60.8411930442
v -30.3960833657 62.9151496463 56.4788965497
v -28.3370255205 63.6238978272 58.6060394336
v -19.713214444 66.5922993352 67.5150064188
v -17.1919503534 69.3119213203 75.586854347
v -16.3592881547 70.2100923728 78.2526292927
v -19.7880857107 71.722770307 82.6610236005
v -48.4358870155 24.9039040278 -92.8384214962
v -64.8201650765 12.8439698405 -93.0267057897
v -48.5080834332 21.6320923478 -86.7162004108
v -48.0528500269 25.013963341 -92.5070397501
v -48.8689593698 18.9511909787 -82.1256441345
v -48.1930652186 20.0636501784 -79.4691775023
v -46.1464878008 23.4321271389 -71.4255147331
v -42.0905275635 32.6443794083 -62.7877700292
v -41.1221092305 34.8439359777 -60.7253853318
v -40.635906762 36.0185211512 -59.8923038284
v -56.5724828102 24.4514917041 -60.3862229404
v -45.2889397748 37.702907912 -54.9975403348
v -49.5824202366 39.257137514 -50.4810085656
v -50.3815292948 39.5183715122 -49.7231751635
v -27.6824951235 71.7501718193 45.8201560466
v -15.5937709454 74.1934365857 56.1012546563
v -14.3040407177 74.8515406324 56.5762377399
v -14.24823509 75.1700486769 56.1429565797
v -14.3555340923 74.5576445732 56.9760380831
v -14.4454988416 72.1671174246 63.0791468069
v -14.5132626374 70.3665100244 67.6761674845
v -13.9103149191 71.1369304387 70.6850675088
v -12.3690841813 73.1062481543 78.3762968858
v -6.83129182515 86.1746064871 88.7576925014
v -7.34608867915 85.8009584493 88.7417375056
v -6.96408947949 86.2331926468 88.9284300308
v -7.06936180184 86.2796354935 89.0637783268
v -14.8456758392 87.3835016506 92.1920841815
v -53.1923382502 29.8073740216 -98.0674896094
v -46.0108020785 32.41455884 -96.1123249275
v -45.0861057517 35.7241766782 -97.6251819173
v -57.9437444166 34.0167991282 -102.882278582
v -48.0196251331 25.2246993982 -92.8257735359
v -48.0349786611 25.1273163341 -92.6784837313
v -34.5829701727 50.8165772359 -50.0252559304
v -34.0865561095 52.0442664512 -49.2565489068
v -48.8145144374 41.4772519331 -49.0056499909
v -39.0606172021 53.6703196833 -44.5394084847
v -44.0346782947 55.2963729155 -39.8222680625
v -44.3910589456 55.429057332 -39.436521488
v -27.0014032067 80.5687329308 35.078637747
v -13.8964308659 83.0202282279 45.4011252549
v -12.6067006382 83.6783322746 45.8761083385
v -12.5362555584 84.0185609513 45.5072016582
v -12.6830450596 83.3096115412 46.2759086818
v -13.4656400748 79.2398301091 51.2094326308
v -6.65309991941 86.6004308639 89.0764262872
v -1.53670591621 100.338650724 93.8758346687
v -10.6635860766 93.7519597104 93.8104458032
v -5.92876463476 100.96211384 95.6427004276
v -48.5858122128 46.1194095704 -103.782015005
v -58.3056253366 34.6704070851 -103.335581824
v -43.6709475579 40.4735622524 -99.0315713832
v -41.716889303 47.0315401004 -100.97352173
v -32.018780096 64.2915922195 -41.7878765296
v -32.9961993222 54.8779477566 -47.962871233
v -28.4295326005 66.7460612658 -42.5446495551
v -30.042000947 67.2731877562 -41.0154685749
v -31.6544692936 67.8003142465 -39.4862875947
v -41.6484684988 57.7064313635 -39.757509876
v -43.8690038015 56.1986055937 -39.2278857127
v -35.1225569885 69.0915212498 -35.7324279374
v -14.6211942056 93.0726742618 35.4146182148
v -24.6151934108 82.9787913788 35.1433959335
v -11.0508186827 89.820700709 41.6788880042
v -9.93194888334 94.1910237112 38.7953023064
v -0.0296701136871 111.517571776 97.5166230553
v 1.65697249118 109.195414743 96.0617038325
v 3.35540781923 113.905544877 97.2241744814
v 1.45560471104 114.175226418 97.9884395506
v -2.35263697403 114.715815326 99.5204436211
v -7.45109329765 115.081054067 100.513045431
v -43.534545844 58.5639942502 -103.744521532
v -45.7514493806 53.1023056807 -103.760976695
v -40.7844034291 49.869097671 -101.059645022
v -37.6711974654 59.3425936222 -101.347177042
v -25.9252756483 78.3369869176 -40.669262053
v -25.1963215876 76.2854686287 -41.9815931612
v -24.1285347575 79.4359136532 -41.795640497
v -25.3658688411 79.8404062898 -40.6222173096
v -26.6032029247 80.2448989264 -39.4487941222
v -27.8572551007 77.1553452665 -39.4581024357
v -33.328158493 73.8879595795 -35.5747490627
v -30.4185390868 81.6653903343 -35.3190725702
v -9.56992783672 105.517258942 35.4521116872
v -10.8239800127 102.427705282 35.4428033738
v -8.8182946806 97.6173053653 38.5846793047
v -5.97161654216 106.375428898 38.0462932483
v 5.32433777829 124.957054891 98.2138013353
v 6.68161184868 123.818107698 97.5189943173
v 7.5710461657 126.468748929 97.5978297938
v 5.94936433576 126.698950498 98.2502104382
v 2.69862939484 127.160400006 99.5579370936
v 0.481725858219 121.698711436 99.5414819306
v -6.94899595327 116.517390159 100.532663402
v -3.08373640471 127.574632054 100.683687006
v -45.6126907593 62.6420429858 -103.884697054
v -35.955809963 64.0125029192 -99.9219339965
v -32.5782378559 73.2074838564 -97.1156519458
v -44.0708432205 71.6813703217 -101.814628088
v -22.0408188706 88.9558076521 -50.1229621968
v -21.9597279861 88.8753857574 -50.172545735
v -21.9316446584 89.0038902922 -50.2990843651
v -22.0607747447 89.0506350729 -50.1632458205
v -22.179926597 89.0937677569 -50.0379038908
v -22.0970114798 88.9310592344 -50.0323110807
v -21.9924167219 88.7258076577 -50.0252559304
v -23.1839632935 83.5438181015 -45.4346996542
v -26.6623140789 86.7857293822 -43.4433472641
v -27.4124405812 90.8043109364 -45.0756602101
v -29.30380974 85.5444360893 -39.6309560907
v -31.0926110957 84.772310664 -36.6547692296
v -12.270534652 110.816796105 35.2699497188
v -0.556728361202 121.108125018 45.9412199001
v -0.280001483891 121.586802062 46.2632607214
v -0.197086366693 121.42409354 46.2688535315
v -0.0924916087588 121.218841963 46.2759086818
v 0.0928235428121 121.681709834 46.5497371165
v 5.96217603689 134.532312016 96.2232529753
v 9.3792157914 132.751727247 95.1829244127
v 10.7394167403 137.47811627 93.3663046972
v 5.96810173323 138.155415712 95.2857401263
v 0.620484479563 131.238448742 99.4177615722
v -2.92484693917 128.867244266 100.471960306
v -34.3794930262 82.0784967389 -93.0398558346
v -29.9466136599 79.641207698 -92.8257735359
v -27.2495363662 85.2973657411 -85.7296130752
v -28.6768821103 87.721416876 -84.1990395527
v -30.4065656347 90.6589261148 -82.3442627294
v -27.3864095931 88.9983816665 -82.1984067531
v -25.8797557855 88.1699921458 -82.1256441345
v -24.1182829796 90.6139793471 -73.8917726481
v -25.6715398724 91.8004402644 -73.1729197704
v -29.5698443347 92.6517602417 -76.4465205412
v -28.893841899 94.2618073673 -71.6816268006
v -25.3557237989 92.3164766335 -71.5107562684
v -23.5906762206 91.346016857 -71.4255147331
v -22.9290789304 91.1827231235 -65.2197168858
v -26.1729037243 93.0062199269 -64.1452580821
v -30.7590123191 95.3981602775 -68.3580063583
v -26.530464509 93.308020235 -60.9224509259
v -22.4499402844 91.0644633611 -60.7253853318
v -22.2865644893 90.4149348938 -57.4388339401
v -27.9203392431 93.1910222084 -55.8277277663
v -29.4046564653 93.0660741239 -50.3868163358
v -30.2138114959 92.9284255408 -47.8213816509
v -7.50473135215 125.559108429 45.9143482764
v -3.87422575865 129.059126279 51.0099281978
v 0.236110629287 133.02172883 56.778972489
v 4.31663485382 130.778171957 56.9760380831
v 6.74899272964 135.67578967 63.9613156285
v 5.06235012478 137.997946703 65.4162348512
v 2.73938326444 141.196190253 67.4200554171
v 6.27750136454 139.250859519 67.5909259492
v 8.04254894282 138.280399742 67.6761674845
v 10.0762920077 141.471690983 76.1187355146
v 8.71901793727 142.610638176 76.8135425326
v 4.62133589226 143.226203594 73.4451423869
v 6.09330955381 144.81398329 78.1576782909
v 9.11346559543 143.153438842 78.3035342673
v 10.620119403 142.325049321 78.3762968858
v 11.0765558709 141.578518889 84.4827950113
v 7.65951611638 143.359103659 85.5231235739
v 3.45481432148 145.978004628 81.5499833697
v 6.98703218746 143.454228205 88.8623439884
v 11.4199115538 141.016939164 89.0764262872
v 11.0796641471 139.247527717 91.2213654922
v 3.71148322802 141.740831367 92.5865420503
v -35.9709805812 92.2065826263 -82.5924875202
v -35.6963971499 92.639144549 -81.2400966392
v -33.8001255127 95.6264147618 -71.9004927973
v -33.7920212347 95.8160836172 -70.8414132609
v -2.1669003493 142.560797647 67.2011894204
v -1.85697571481 142.997765085 68.4322751981
v 0.528894607368 146.361639802 77.9094535002
v 0.46983321981 146.52082755 79.071701503
v -90.1158148076 -136.681431352 -92.348933268
v -93.4577161843 -138.973939507 -85.7038227521
v -87.8669259912 -137.038806422 -84.2434082912
v -88.3684370543 -136.218553666 -90.9529430949
v -97.1193097498 -140.956362323 -81.927227918
v -87.6685959925 -137.363187557 -81.590023099
v -95.7224314484 -139.212973938 -77.6810881412
v -85.9219831333 -134.622452794 -74.3394032242
v -93.5880287829 -136.549110657 -71.1930697875
v -85.0910255323 -133.318537978 -70.8898936976
v -81.3865759484 -125.859529548 -60.2514063461
v -81.4093668334 -125.847509523 -60.2163014965
v -81.4252034001 -125.83915724 -60.1919083986
v -86.8478448546 -124.114537707 -55.1913026247
v -54.6586282618 -86.1254486442 57.5095150163
v -59.2837421725 -88.3412010182 64.1592092911
v -53.7281193225 -86.3174356674 65.6761904984
v -54.5919646741 -86.10422359 57.5733011685
v -61.9548036195 -89.6147277718 67.9086124302
v -53.4578003689 -86.3841550929 68.21178852
v -61.4099077774 -88.4667138346 72.2609028111
v -51.9341129753 -84.2700875488 75.3341500702
v -60.6194345612 -86.8013051469 78.5747131024
v -51.168720804 -83.2081303817 78.9119179214
v -47.6101035682 -75.745199472 88.2748379173
v -48.2166514093 -75.5111924542 88.9555240499
v -48.7492895939 -75.3056998867 89.553266555
v -56.1493469763 -74.3730726088 92.1823313153
v -91.7603761048 -130.147147864 -96.4039521534
v -86.1695859117 -128.21201478 -94.9435376926
v -85.3839031175 -125.481945714 -95.9928582765
v -94.3533946586 -126.572588261 -99.3637156002
v -88.1563182066 -135.115457773 -92.2901525003
v -88.2623776305 -135.667005719 -91.6215477976
v -81.3537283004 -125.782036386 -60.1897642963
v -75.1609204297 -110.314052424 -51.0390452582
v -77.3593392025 -111.881257027 -50.9433095608
v -75.9492908031 -110.063318726 -50.3120325147
v -76.7551275896 -109.807030002 -49.5689127415
v -81.6603936687 -108.395365868 -45.483580936
v -54.8552024765 -77.3139956962 46.7322518707
v -69.6179262956 -89.3725213886 46.6023612742
v -53.4947704909 -81.0697703341 52.5895712418
v -52.5562900087 -76.7754431396 48.3609400806
v -54.5871531621 -86.068327791 57.5116591187
v -54.589278606 -86.08418445 57.5388889614
v -46.7897929929 -73.7397263069 89.6120473227
v -42.3333073209 -61.6075498494 93.3147530989
v -52.9643594515 -69.2610046683 93.3467118762
v -47.7691756207 -60.922468803 95.2459880949
v -92.3277512894 -121.559390654 -99.0813469439
v -82.5273029744 -116.96886951 -95.7396620269
v -81.1682647711 -112.918741662 -95.6192029641
v -89.2326079243 -113.89932297 -98.6498931715
v -72.7957755774 -99.0894298526 -50.6966023789
v -72.0242119178 -100.645556644 -51.6842882673
v -71.2148524075 -98.1508112823 -51.8507792128
v -72.4162489334 -97.7687185455 -50.7428854946
v -73.644262502 -97.3781605113 -49.6104462961
v -74.2954363413 -99.979801674 -49.6017523916
v -80.27349269 -103.599773162 -45.6447371455
v -78.1030813863 -96.0949773784 -45.8969363032
v -51.7443373889 -64.8851262059 46.6907183161
v -52.3955112282 -67.4867673686 46.6994122206
v -51.8801325927 -74.7837569561 48.4881304836
v -48.2410278467 -64.0644267069 49.1726740352
v -45.7555527489 -54.3017794054 95.1009327486
v -40.980562354 -57.4911424816 93.1898151739
v -38.2876154832 -49.2964963276 92.9410977865
v -44.0137536276 -48.5748326492 94.9754587692
v -76.3331831616 -99.358782313 -92.2922966027
v -76.3213554642 -99.3879821881 -92.2914175589
v -76.3043338647 -99.4300046169 -92.2901525003
v -76.2694453633 -99.341898268 -92.2413761077
v -73.2260428012 -90.3893322923 -53.2958598784
v -70.0659020232 -93.5193432401 -55.2255004489
v -68.7383688511 -88.1680003572 -59.1247588058
v -73.6409088207 -86.6087941548 -54.6037758339
v -78.6520649829 -85.0150436054 -49.9826300973
v -75.9325128305 -91.7289947486 -49.7805108521
v -78.3813926593 -92.9968280371 -46.920486624
v -79.1102531593 -84.8831837217 -49.6010298539
v -56.7521398698 -52.5220093 46.3185345149
v -54.0325877174 -59.2359604433 46.5206537601
v -44.2543785439 -53.8019289737 54.1855650486
v -42.4561812191 -49.1729800575 56.4466536282
v -34.9446851726 -38.0077563983 89.5945670456
v -34.9307165644 -38.023462296 89.58481748
v -34.9251047068 -37.9990821467 89.5632709301
v -34.9472293012 -37.9905464468 89.5880998117
v -34.966657948 -37.9830508473 89.6099032204
v -34.9548302505 -38.0122507224 89.6107822641
v -34.9378086511 -38.0542731513 89.6120473227
v -37.4892159274 -46.6170027208 92.1476453443
v -43.6820524522 -43.5502027261 93.9285625725
v -43.2456565652 -36.9396508377 92.5512349413
v -80.9198127774 -93.2865942528 -92.5619575027
v -72.267318964 -85.4008821004 -83.0436977649
v -71.6631073511 -83.326655075 -81.6693009456
v -70.9815068984 -84.2290183521 -81.6292277313
v -70.3146800515 -85.1118230163 -81.590023099
v -68.6295317589 -82.9919733594 -73.08454707
v -69.4010954184 -81.4358465682 -72.0968611816
v -70.5454648325 -80.4785729147 -73.2417882809
v -70.2495823431 -79.7245772269 -71.0107050989
v -69.2108923522 -81.0996873816 -70.9496375828
v -68.194715839 -82.4449921931 -70.8898936976
v -68.3685619438 -84.6925515979 -65.9256298503
v -71.5287027217 -81.5625406501 -63.9959892798
v -73.3134101847 -78.1086993089 -66.2914844422
v -76.9547249034 -76.1882519632 -60.6827594986
v -72.7161416491 -81.799665307 -60.4335612265
v -68.5694291649 -87.2894519576 -60.1897642963
v -68.653899008 -87.7287261574 -59.6572615511
v -74.9969843174 -82.7877254238 -56.6591624169
v -77.3880043867 -76.0504515451 -60.2832014781
v -79.0185455121 -84.5298640989 -50.0041765219
v -79.1973934114 -84.6127838931 -49.7395721536
v -57.118620399 -52.0368297935 46.2969880903
v -56.2297639201 -51.2449186703 47.1700730104
v -50.1881497652 -36.4745433678 57.0186639163
v -45.9495665109 -42.0859567115 57.2678621884
v -41.8028540266 -47.5757433621 57.5116591187
v -40.173596388 -43.8253428456 60.8377531887
v -39.0003501559 -35.5113045567 66.3024355579
v -47.170126963 -35.5136335268 59.9064182095
v -38.6163571797 -32.7901943413 68.0909771188
v -37.5776671888 -34.1653044961 68.1520446348
v -36.5614906756 -35.5106093076 68.21178852
v -34.2451824187 -31.6703065055 77.2353171551
v -34.7172815361 -30.3853672793 78.0567266109
v -35.717296627 -29.7522127597 77.1091074187
v -35.1632321626 -29.1715978994 78.8326400747
v -34.4816317098 -30.0739611765 78.872713289
v -33.8148048629 -30.9567658407 78.9119179214
v -34.3278846 -34.2110847696 83.8340057982
v -37.7588811319 -31.2609472251 85.6367178778
v -39.2983569177 -27.5762609006 83.4732007804
v -39.5532875637 -31.9108627871 89.3402423204
v -43.4371516214 -34.2969015818 91.7140807082
v -75.8822806731 -78.3470566852 -81.9091373086
v -75.1814724516 -77.1193982357 -77.7451253495
v -74.0847524195 -75.1981913024 -71.228713029
v -74.9867125003 -75.3432447527 -68.3207454267
v -77.3488269356 -75.7231205986 -60.705161991
v -77.5000533319 -75.7859922509 -60.439701555
v -50.5822517974 -36.0094120031 56.996261424
v -50.1242827975 -35.5731352224 57.6088999351
v -42.4515272561 -28.2638084169 67.8729691887
v -41.2807775685 -26.7105728787 71.9621659863
v -39.3824054846 -24.1919995096 78.5928037117
v -40.7425702507 -24.6530134365 81.5822752209
v -34.4871215226 28.6075040102 -81.6693009456
v -33.369479004 31.4555861704 -73.2417882809
v -33.0735965145 32.2095818583 -71.0107050989
v -36.1374243562 33.8254597763 -66.2914844422
v -39.7787390749 35.745907122 -60.6827594986
v -40.2120185582 35.8837075401 -60.2832014781
v -13.0121639367 75.4596157174 57.0186639163
v -9.99414113445 76.4205255584 59.9064182095
v -1.44037135115 79.1439647439 68.0909771188
v 1.45868920154 82.1819463255 77.1091074187
v 2.01275366594 82.7625611858 78.8326400747
v -2.12237108914 84.3578981846 83.4732007804
v -30.895867149 37.4496343467 -92.2922966027
v -47.5525052623 25.37576996 -92.4993209435
v -31.4293494575 33.6785210145 -86.5121109758
v -30.8321293507 37.4665183916 -92.2413761077
v -31.9424291946 30.4242020856 -81.590023099
v -31.5120516388 31.1377427504 -79.9134223327
v -29.1957433819 34.9780455525 -70.8898936976
v -25.5836376695 43.2927790905 -63.5158583663
v -23.9543800309 47.0431796071 -60.1897642963
v -23.3010528385 48.6404163024 -59.1247588058
v -39.2563631253 37.0229977517 -59.8312210032
v -28.2035928081 50.1996225049 -54.6037758339
v -33.2147489703 51.7933730543 -49.9826300973
v -33.6729371467 51.925232938 -49.6010298539
v -11.3148238572 84.2864073596 46.3185345149
v 1.30264193679 86.421052981 56.4170673271
v 2.89666495046 87.1961624023 56.9791563734
v 2.98113479358 87.6354366022 56.4466536282
v 2.81219510734 86.7568882025 57.5116591187
v 2.61132788622 84.1599878428 63.2475246727
v 2.43748178147 81.912428438 68.21178852
v 2.87229770133 82.4594096043 70.4064418924
v 4.55744599395 84.5792592612 78.9119179214
v 10.5122113058 98.8093345129 89.5632709301
v 10.4311049235 98.7502485789 89.5595036663
v 10.4900867115 98.8178702128 89.5880998117
v 10.4706580647 98.8253658123 89.6099032204
v 2.19165944746 99.868765822 92.5512349413
v -33.8236409801 44.0606736149 -96.3427317293
v -28.2680181302 46.0844389657 -94.8257505219
v -27.4696185743 48.7639325725 -95.6192029641
v -35.5339617275 47.7833512642 -98.6498931715
v -30.8194254065 37.5217093962 -92.2901525003
v -30.8265174931 37.4908985409 -92.2629226576
v -20.3296092816 61.5834035075 -51.398987857
v -21.5028555137 53.2693652186 -56.8636702262
v -17.5162062108 63.5318629518 -51.8507792128
v -18.7176027366 63.9139556887 -50.7428854946
v -19.9456163053 64.3045137229 -49.6104462961
v -29.7540453107 55.056385897 -49.8855613683
v -33.1508820026 52.6947811997 -49.3923940785
v -24.4044351895 65.5876968558 -45.8969363032
v 1.95430880783 96.7975480283 46.6907183161
v -7.8541201976 87.5494202023 46.4156032439
v 4.30866796571 92.986779485 52.5473952713
v 5.45761835 97.6182475272 49.1726740352
v 10.5470998072 98.8974408618 89.6120473227
v 15.4110307135 112.386177907 92.9410977865
v 5.14660158786 105.089570011 93.5072229682
v 9.6848925691 113.107841585 94.9754587692
v -34.2524665056 52.7619524407 -98.9411676106
v -24.7766717035 56.9585787265 -95.8679203515
v -23.4239267367 61.0749860943 -95.9928582765
v -32.3934182777 59.9843435481 -99.3637156002
v -14.3492005822 75.5361324272 -50.3448262053
v -13.8771014649 74.251193201 -51.1662356612
v -13.2009440488 76.2428793845 -51.0390452582
v -13.9893144222 76.4936130825 -50.3120325147
v -14.7951512087 76.749901807 -49.5689127415
v -15.6215590772 74.7530012463 -49.5755769273
v -22.6100366941 70.3841351855 -45.7392574286
v -19.7004172879 78.1615659402 -45.483580936
v 7.1047739044 109.242936112 46.7322518707
v 6.27836603588 107.246035552 46.7255876849
v 6.26697786031 100.112992889 49.0061830897
v 9.40368637214 109.781488669 48.3609400806
v 12.1089657829 119.846870912 95.1209972187
v 16.7700689168 116.436305754 93.0615568493
v 19.62666906 124.949381959 93.3147530989
v 14.1908007601 125.634463006 95.2459880949
v -19.8945082426 74.7497580308 -92.348933268
v -19.4610484146 74.0285015924 -92.3214497134
v -18.9674410646 73.2071625518 -92.2901525003
v -18.1471304893 75.2126357169 -90.9529430949
v -11.1819240597 85.5673265925 -60.2072445734
v -11.1679554516 85.5516206949 -60.216994139
v -11.1652693834 85.5716598349 -60.2514063461
v -11.1880602685 85.5836798601 -60.2163014965
v -11.2038968351 85.5920321435 -60.1919083986
v -11.1880858435 85.565723409 -60.1909059014
v -11.1700808954 85.5357640359 -60.1897642963
v -12.2624635667 80.537206579 -55.2676764194
v -15.6934600985 83.4873441236 -53.4649643398
v -16.6265382896 87.3166516759 -55.1913026247
v -18.1603069875 82.3493601994 -49.7822807097
v -20.3744892968 81.26848627 -46.8192775954
v 3.7396181256 114.842394505 46.5188839025
v 15.523125162 125.230623506 57.4591154622
v 15.5626783031 125.305740739 57.5095150163
v 15.5784892948 125.279432004 57.5105175135
v 15.5964942429 125.249472631 57.5116591187
v 15.6293418909 125.326965793 57.5733011685
v 22.1303190513 135.493999947 89.1646903977
v 22.5051435729 135.134441964 88.94344262
v 22.6112029967 135.685989911 88.2748379173
v 22.0046551557 135.919996929 88.9555240499
v 21.472016971 136.125489496 89.553266555
v 21.9054767991 135.404233058 89.5807501097
v 22.3990841491 134.582894018 89.6120473227
v 20.4123518542 127.679451025 92.2654325149
v 14.1395260505 130.563264384 93.9241556879
v 14.0719595887 137.058116774 92.1823313153
v -26.8253689196 78.1223804561 -92.6777115015
v -24.1095781002 80.7944532491 -88.5554879469
v -19.6797232129 85.1529975953 -81.8315340879
v -14.5885132535 82.6755666266 -81.590023099
v -13.8231210822 83.7375237937 -78.0122552478
v -18.5981114771 86.9268868698 -76.1011376731
v -17.6625090873 88.4613146033 -71.144301128
v -12.2994336886 85.8515913378 -70.8898936976
v -12.0291147351 85.7848719123 -68.354295676
v -18.2219512598 88.851671907 -66.5733784478
v -18.9579699451 89.3652375328 -60.5597372409
v -19.6743905086 89.2781814091 -58.0877309107
v 7.80860519315 129.078946128 57.141686174
v 10.2386218263 131.569944938 61.4068347641
v 13.9707160761 135.395697489 67.9573810896
v 19.3337914748 132.785974223 68.21178852
v 20.1647490758 134.089889039 71.6612980466
v 15.5036459419 137.500454197 73.720738416
v 16.8201519756 139.308054771 78.6704069324
v 21.911361935 136.830623802 78.9119179214
v 22.1096919336 136.506242667 81.5653031136
v 15.83686613 139.390056026 83.2240262866
v 14.5411562941 139.498111922 89.2244883216
v 12.9896412624 138.673738349 90.9147909513
v -73.2652844607 -133.098347396 -81.1555719362
v -73.1326125376 -133.062544005 -81.1275155573
v -73.1464315738 -133.039942106 -81.3123954358
v -75.6082982294 -133.554021399 -82.8715686245
v -73.3361250057 -133.133159025 -81.0620995565
v -73.1271475945 -133.071482262 -81.0544020635
v -72.4233369591 -131.967082815 -78.132710886
v -71.7195857797 -129.596585387 -71.1221861306
v -71.6465549969 -129.35059037 -70.3946788447
v -76.3397215168 -127.668445142 -65.5072081575
v -40.0133298335 -82.4162074848 68.707003373
v -36.8570528283 -79.0183789977 79.2941417797
v -36.6483626329 -78.945687102 79.3489542853
v -37.2523100404 -79.7836448209 76.5258477794
v -36.8362498171 -78.9781018491 79.4398414639
v -36.627272406 -78.9164250864 79.4475389569
v -36.5292154257 -78.7107855302 79.7055323292
v -42.3715690732 -77.1471922242 84.2236641897
v -71.5679443812 -124.271555754 -91.8557013376
v -71.4352724581 -124.235752363 -91.8276449587
v -71.4136231272 -124.160525861 -91.8565587758
v -71.6143921886 -124.17951619 -91.9160021777
v -74.1854702666 -126.154793559 -91.8411578669
v -71.4900164659 -124.425975343 -91.7545314648
v -86.5283315828 -134.912876207 -91.0681805404
v -72.3182240198 -128.732958724 -86.5334634503
v -70.3892824363 -128.544197137 -70.3542726621
v -68.6356484655 -124.407077758 -67.063394952
v -80.8441240741 -125.455184904 -60.1733866531
v -64.6874265597 -115.092553956 -59.6541432607
v -63.7883181101 -112.84682062 -58.3255877851
v -69.5424212103 -111.565336496 -54.6388751255
v -39.4938603035 -75.3593765092 56.8106116399
v -37.7622528486 -74.6531252451 57.332662344
v -37.6259987053 -74.0296494412 56.7187246785
v -44.5182696266 -75.2971902868 52.8605202684
v -54.0775489358 -85.741476309 57.5280367619
v -37.9208514214 -75.3788453609 58.0472801542
v -54.5104109595 -86.0467148747 57.566125104
v -38.3197263798 -78.3546116978 63.1574139763
v -38.7560572729 -81.6098142516 68.7474095555
v -38.6340461698 -81.4616424432 69.3785367876
v -32.8189450529 -64.779062093 90.0610419562
v -30.1234912522 -63.0502438769 90.1476683582
v -30.0006936882 -62.7159442012 90.2496956692
v -39.1401982211 -61.8945307114 92.5211611595
v -68.2518748379 -111.697007086 -91.7949376474
v -68.4409112507 -112.546273973 -91.7911387755
v -70.2625348644 -120.73011852 -91.7545314648
v -67.1035571064 -111.45721897 -91.0676739611
v -67.9106538957 -105.755987387 -54.8719277243
v -63.3329122287 -111.443091257 -58.4192679789
v -59.842250088 -100.683579479 -59.1373217397
v -66.0947540866 -99.2910975445 -55.1312785311
v -38.1245796996 -65.1848070732 55.2369094135
v -33.5362756984 -61.9829801094 57.4880329858
v -33.3107365433 -61.3186330085 57.5304586331
v -35.9918996611 -61.8117192212 56.029578084
v -26.5458454819 -50.8479649086 89.7757457499
v -26.2803954571 -51.2597704429 89.5165411262
v -26.0494295248 -50.5449935173 89.4608108545
v -26.4337248865 -50.4421442734 89.7580022302
v -26.8853496243 -50.3212756203 90.1072621757
v -27.074386037 -51.1705425072 90.1110610475
v -28.8960096507 -59.3543870545 90.1476683582
v -29.9634190734 -62.6025174263 90.2462530299
v -38.2006828065 -58.7808603609 92.4470865017
v -35.4167361933 -49.5545167671 92.227590483
v -72.1319004863 -105.786230757 -92.0335537427
v -65.2409683065 -106.753494473 -88.4636537547
v -61.0474398829 -96.1632867078 -82.6008284486
v -75.8040032727 -99.2447061069 -91.9465978235
v -61.7843948584 -93.3003305696 -63.0480335229
v -58.8779227183 -95.8744726787 -64.6240819876
v -58.0895512999 -91.7746518288 -69.5940207144
v -62.8049880832 -90.0845243952 -64.6833577414
v -67.1899629895 -88.51284255 -60.1168382651
v -63.5647314892 -94.035469069 -59.8938916499
v -59.6662941367 -99.9742935286 -59.6541432607
v -59.7710421077 -100.396537071 -59.3464753171
v -66.7379528754 -95.7424867832 -56.5576598871
v -68.0844603996 -88.3136309247 -59.5437246333
v -40.4233878512 -48.7991339546 57.5845851498
v -36.7981563509 -54.3217604736 57.807531765
v -32.8997189985 -60.2605849331 58.0472801542
v -26.8021051473 -45.3533030839 67.9871576078
v -28.1459089559 -43.1063479424 86.5098259398
v -24.8973751675 -45.5400095461 85.0375345361
v -23.8442165643 -40.9646682049 80.993965342
v -28.9656945891 -39.59400336 84.9546144969
v -30.7653752726 -44.4104992909 89.8686460803
v -35.3258755928 -47.3727273541 91.7313780056
v -65.3091903271 -89.5509815463 -81.3254058825
v -60.182891859 -94.0972802753 -81.0544020635
v -59.9382320697 -93.7895079726 -79.8195267816
v -64.5159737367 -88.1024041024 -76.272186527
v -63.6332487047 -86.4903657436 -70.648749913
v -58.0629276465 -91.430449452 -70.3542726621
v -58.0737020282 -91.5697454286 -70.0466047185
v -65.0406127959 -86.915695141 -67.2577892884
v -67.9868657601 -87.8061029648 -60.1589668488
v -68.2620373465 -87.9386158989 -59.7802795604
v -41.2202906219 -48.0923943693 57.5424565661
v -40.3473032912 -47.2841554069 58.5754751335
v -32.0000235413 -39.5559828581 68.4529323047
v -26.4297024831 -44.4960665665 68.7474095555
v -26.28614569 -44.2580578501 69.3066567239
v -30.4976841876 -37.597226748 73.5021215494
v -28.8093151385 -35.3959243707 79.1765351378
v -23.6830166705 -39.9422230997 79.4475389569
v -23.7575086193 -40.4147043566 80.1621567671
v -30.8378311155 -36.2593528913 82.6216601325
v -17.4284392702 39.3889148395 -82.2910705777
v -15.6968318153 40.0951661035 -81.7690198736
v -15.6101238703 40.6451299519 -82.6008284486
v -30.3666872601 37.5637105528 -91.9465978235
v -23.2363917563 35.3763889127 -81.3016608217
v -15.7713237641 39.6226848466 -81.0544020635
v -17.7564987458 40.7366926333 -73.1646434027
v -13.1681947445 43.9385195971 -70.9135198304
v -15.9286249248 42.5246762352 -70.4504588206
v -13.0246379514 44.1765283135 -70.3542726621
v -12.6522352872 45.0337648309 -69.5940207144
v -17.3676720705 46.7238922644 -64.6833577414
v -21.7526469769 48.2955741097 -60.1168382651
v -22.647144387 48.494785735 -59.5437246333
v 5.01392816141 88.0092827051 57.5845851498
v 17.8044147064 90.8892539016 68.1754130185
v 18.6193615937 91.2502071755 68.4397416119
v 18.6352108653 91.4551135757 67.9871576078
v 15.7046002386 89.4590591207 68.651223397
v 18.608587212 91.110911199 68.7474095555
v 14.142459848 89.5053816095 75.401866246
v 20.4838916352 93.4699697196 78.212663675
v 13.2634834322 89.5314460883 79.2002801986
v 20.7285514245 93.7777420222 79.4475389569
v 21.5930994484 95.8437484548 80.993965342
v 16.4716214235 97.2144132997 84.9546144969
v -14.5532286412 49.9856671482 -91.7949376474
v -30.7476498467 37.5283681161 -92.235686515
v -14.556965267 45.220471293 -86.6443976427
v -13.4049109097 50.2254552642 -91.0676739611
v -6.55462143605 59.9410466801 -59.6541432607
v -6.14360389123 60.9990947554 -59.1373217397
v -21.6765624168 49.8105526574 -59.1259482814
v -12.3961078899 62.3915766897 -55.1312785311
v 19.5017547858 99.7160455438 57.4752836171
v 20.3167016732 100.076998818 57.7396122105
v 20.3879096535 100.364041226 57.5304586331
v 17.7067465357 99.870955013 56.029578084
v 20.2119537022 99.6547552755 58.0472801542
v 19.4235822838 95.5549344256 63.017218881
v 26.6110739497 110.390841779 89.4670177839
v 25.786627872 106.43395622 86.8567906481
v 27.6492166719 111.137680717 89.4608108545
v 27.2649213102 111.240529961 89.7580022302
v 26.8132965725 111.361398614 90.1072621757
v 18.2819100034 112.128157467 92.227590483
v -9.6996115565 62.2102872775 -91.907928642
v -9.49092136108 62.2829791733 -91.8531161364
v -9.45364674632 62.3964059481 -91.8565587758
v -9.6544158077 62.3774156184 -91.9160021777
v -10.5583307838 59.0348488014 -91.7545314648
v -13.1739449775 50.9402321898 -91.1234042327
v -10.1296032337 68.3242729585 -54.8994312669
v -5.91806473612 61.6634418563 -59.0948960924
v -1.82834172926 73.7101111882 -58.3255877851
v -7.58244482944 74.991595313 -54.6388751255
v 17.537140007 107.158964894 54.0016074433
v 23.8785717942 111.123553004 56.8124048723
v 24.3339776756 112.527282367 56.7187246785
v 17.4417067543 111.259741522 52.8605202684
v 30.8081944299 120.410580267 90.1476683582
v 31.9592826927 123.840987607 90.2496956692
v 19.366610701 115.124256591 92.2977635922
v 22.8197781598 124.662401097 92.5211611595
v -14.4117034432 68.2543753477 -92.0369354987
v -9.33084918234 62.7307056238 -91.7545314648
v -2.92512500885 78.3912472772 -81.3123954358
v -5.38699166444 77.8771679844 -82.8715686245
v -1.08574428962 81.5539097244 -70.7261952704
v -0.820294264744 81.1421041902 -70.9853998942
v -2.20203039412 79.4641065678 -78.132710886
v -1.49827921471 81.8346039966 -71.1221861306
v -1.42524843194 82.0805990128 -70.3946788447
v -1.03248900458 81.6536091315 -70.3728484908
v -0.698283161577 81.2902759986 -70.3542726621
v -1.13461405467 78.0350734448 -64.7642770829
v -4.38314784311 80.4687350484 -63.2919856792
v -6.11841495186 83.7627442413 -65.5072081575
v -5.98742744521 79.9014229423 -59.90170206
v -1.53348901314 75.0593071078 -59.6541432607
v -1.69208758593 74.3335869921 -58.9395254506
v -8.7724100822 78.4889384573 -56.4800220852
v 20.7791476931 119.615131538 57.7997213549
v 25.2330861251 114.773015703 58.0472801542
v 29.181308031 124.087539505 65.4565318454
v 30.0057541086 128.044425063 68.0667589812
v 30.2079767315 129.014981898 68.707003373
v 30.6007361588 128.587992017 68.7288337269
v 30.9349420018 128.224658884 68.7474095555
v 32.9689965246 131.647544562 76.5258477794
v 29.3180152096 130.714072629 86.3015932464
v 32.8638835853 128.413420471 84.9266003437
v 33.6920911393 132.720403853 79.7055323292
v 27.8497374918 134.283997159 84.2236641897
v 26.9548217705 129.630106813 89.8652643244
v 32.0356760313 124.106437089 90.1476683582
v 31.9809320236 123.91621411 90.2207818521
v 22.7237202448 126.927567326 91.8569173089
v -11.5432887056 81.6195317948 -81.4513423251
v -2.82706802856 78.5968868334 -81.0544020635
v -2.80597780164 78.6261488489 -80.9558173918
v -11.0432415347 82.4478059143 -78.75498392
v -9.56151531046 84.9021253367 -70.7652077726
v -9.86577440046 85.0291472789 -68.7705630148
v 22.0717098529 131.836508222 68.336474445
v 22.7612908599 132.777839876 70.8975047895
v 24.9565864829 135.77458897 79.0505986952
v 33.67280716 132.751944009 79.4475389569
v 33.6782721031 132.743005752 79.5206524508
v 24.4210603243 135.754358968 81.1567879075
v -72.3877378808 -132.947222961 -81.0258921083
v -72.3935453576 -132.787327217 -80.5539112733
v -35.8878626923 -78.7921657858 79.476048912
v -36.329267257 -78.7361566438 79.6339885646
v -70.6903978013 -124.120431319 -91.7260215097
v -63.0842114367 -126.372990848 -84.6668052024
v -57.6800936697 -124.991842164 -83.5743612717
v -57.1953931003 -122.471221231 -86.6299415154
v -58.1647942392 -127.512463097 -80.5187810279
v -56.8485555412 -125.297510382 -75.4853459426
v -68.6264146689 -127.870583908 -70.2914186003
v -55.3667201302 -122.80389325 -69.8186516266
v -51.8875551005 -114.595954018 -63.2896342625
v -54.802514374 -114.109995657 -61.9039010029
v -59.8944685479 -113.261106368 -59.4832530304
v -62.6974879136 -112.962879394 -58.6498982616
v -33.1278934096 -73.5473977725 58.2181703846
v -28.851945482 -75.6924904559 65.2294471912
v -23.5083716994 -74.1900009678 66.3988935992
v -23.2238680919 -72.0674905421 62.754013227
v -36.9931895055 -80.9362010229 68.8102636173
v -23.7334949668 -75.8695103642 69.2830305911
v -37.0292044535 -80.7760081934 69.8826462536
v -22.750485458 -74.6757313326 74.3678470892
v -21.6649190506 -73.3574059217 79.9831599924
v -17.9160300921 -64.1922233289 86.0943204799
v -35.5384756241 -77.9379937067 80.0455937744
v -21.4725397888 -63.7409433188 87.3668807358
v -29.3238725877 -62.7446998535 90.1761783134
v -29.8978689441 -62.7203128484 90.2385266863
v -70.6205981273 -123.567350629 -91.7306724981
v -55.1512154617 -116.47071874 -86.1854753439
v -52.8498587124 -109.715289737 -85.6850906394
v -65.4309139878 -111.252807044 -90.4360385283
v -52.6784272635 -105.561148974 -62.4638653899
v -49.7691899748 -107.990068424 -63.9450897215
v -48.0284349736 -102.561717926 -64.483706674
v -51.7778653468 -101.936643314 -62.7012768403
v -58.327503214 -100.844740826 -59.5876652322
v -59.4760854839 -109.945910462 -59.5111313095
v -62.4195394957 -111.926020624 -58.7019001882
v -59.4179061056 -100.728727516 -59.2634817961
v -31.5609280758 -61.1310322304 58.1137581827
v -32.7095103457 -70.2322018669 58.1902921055
v -21.2922458241 -66.4334860096 63.2779538907
v -18.8216580347 -59.227469059 63.9480856384
v -19.3572371438 -55.6271448257 86.9131684464
v -15.8610625458 -57.8326560514 85.5984728956
v -14.0002342958 -52.0738972483 85.1494696039
v -18.2890155258 -51.5297004368 86.6840450739
v -29.2540729136 -62.1916191638 90.1715273249
v -29.8690519229 -62.6234969029 90.235913279
v -56.4997883889 -95.6075230835 -80.8835118331
v -51.828610296 -98.6446024938 -80.6515632104
v -49.1545300833 -100.383220417 -80.5187810279
v -48.0718498953 -99.1632767816 -74.6452191228
v -50.981087184 -96.7343573314 -73.1639947913
v -56.5345987222 -94.6490992472 -78.0544328923
v -56.6301631346 -92.0179491836 -70.2877946336
v -50.6217577411 -95.9244592644 -69.9894456245
v -47.1821633492 -98.1607947455 -69.8186516266
v -47.6052991614 -100.361256336 -67.1511791503
v -54.184542085 -97.7425545335 -65.6762442302
v -57.5582533042 -91.8632255202 -69.8465927864
v -59.1789002064 -100.29118448 -59.6299415822
v -59.4995193158 -100.480842063 -59.3918419916
v -32.4123250681 -60.5774758847 58.0714818328
v -30.7462455065 -59.1393182625 59.4417932306
v -24.9969379712 -45.0835662981 68.8138875841
v -18.9885325777 -48.9900763789 69.1122365931
v -15.5489381858 -51.2264118599 69.2830305911
v -13.9246220207 -48.42131809 75.2881072914
v -16.305316481 -45.6904682766 76.9850092248
v -24.226563319 -44.5237716546 70.4795877479
v -19.9999132004 -41.4524659079 79.6184291873
v -15.3287351074 -44.4895453182 79.8503778099
v -12.6546548948 -46.2281632415 79.9831599924
v -13.405836225 -49.4915947741 82.8672969842
v -20.1056617973 -47.1877317411 84.1325942713
v -22.6457163048 -41.1167440476 80.5651281035
v -59.1511004614 -94.5203624804 -81.0065285592
v -59.0248593368 -94.2724373397 -80.102158991
v -57.6615503542 -91.5950327102 -70.3356493846
v -57.8021792363 -91.6540504206 -70.091971393
v -26.0283251908 -44.6606498247 68.766032833
v -25.9041223975 -44.5026758824 69.1606373614
v -22.6512252728 -40.3653053048 79.4954124611
v -23.1070922343 -40.5943344235 80.0680409064
v -11.0624723763 41.2008935761 -80.8835118331
v -11.0972827096 42.1593174124 -78.0544328923
v -11.1928471219 44.790467476 -70.2877946336
v -12.1209372916 44.9451911395 -69.8465927864
v 20.4403780415 91.7248503616 68.8138875841
v 21.2107526936 92.284645005 70.4795877479
v 25.4374028122 95.3559507517 79.6184291873
v 22.7915997078 95.6916726121 80.5651281035
v -5.08918436919 47.882592535 -84.5723644278
v 0.254389413456 49.3850820231 -83.4029180197
v 0.848787484337 51.9673844972 -85.6850906394
v -11.732267791 50.4298671905 -90.4360385283
v -0.496791916701 46.1216504905 -80.5187810279
v 0.773175209214 48.314805339 -75.8237283269
v 2.39749137426 51.1198991089 -69.8186516266
v 5.67021122316 59.120956308 -64.483706674
v -10.3781645526 46.782181444 -68.9597595857
v 1.92078084991 59.7460309205 -62.7012768403
v -4.6288570173 60.8379334083 -59.5876652322
v -5.71925990882 60.9539467185 -59.2634817961
v 22.137718121 100.551642004 58.1137581827
v 29.2043207159 98.6132696295 65.3587879067
v 34.4538523499 100.254743585 66.6155581147
v 34.8769881621 102.455205175 63.9480856384
v 34.0307165377 98.0542819944 69.2830305911
v 34.9204030838 99.0567640306 74.1095980873
v 36.0030832718 100.276707666 79.9831599924
v 39.6984119009 109.608776986 85.1494696039
v 25.5475569905 98.8502263068 81.9015865285
v 35.4096306709 110.152973797 86.6840450739
v -8.73042142048 62.4365004895 -91.7260215097
v -11.5691032611 51.6258664397 -90.6192947668
v 2.70961573429 57.7261433004 -86.1340939311
v 4.76458328056 64.0857105779 -86.6299415154
v 5.76010455233 69.057823072 -62.1166729928
v 8.14079901262 66.3269732586 -63.8135749262
v 10.0724212804 71.9609777911 -63.2896342625
v 7.1574620069 72.446936152 -61.9039010029
v 2.06550783295 73.2958254407 -59.4832530304
v -3.59680910289 62.7585250966 -59.5715683511
v -5.5360414436 61.4188238241 -59.2409154549
v -0.737511532752 73.5940524149 -58.6498982616
v 28.8320829712 113.009534036 58.2181703846
v 23.1697660354 102.472233692 58.1298550638
v 36.6177431632 107.883555673 63.409468686
v 38.736108289 114.489441267 62.754013227
v 38.8916614077 118.836449902 87.1522895874
v 41.9997686502 116.364205989 85.6498543084
v 44.0439462888 122.36470848 86.0943204799
v 40.4874365921 122.81598849 87.3668807358
v 32.6361037932 123.812231955 90.1761783134
v 32.0621074368 123.83661896 90.2385266863
v -9.14365978539 62.6389842125 -91.7456431994
v -8.38103435225 63.2906725685 -91.1564766473
v -2.16643131585 78.4839664218 -81.0258921083
v 5.18390483247 74.8823564179 -80.6768780104
v 8.51347223911 73.2508931707 -80.5187810279
v 9.59903864652 74.5692185816 -74.9034681248
v 6.10286404856 76.7747298073 -73.5887725739
v -2.1722387926 78.6438621659 -80.5539112733
v 6.56693575146 77.7303728064 -70.0093001637
v 10.5820481552 75.7629976132 -69.8186516266
v 10.3569248879 74.0834882167 -66.9345146348
v 3.65709931558 76.3873512497 -65.6692173477
v -0.411465529155 74.5095239519 -59.6008665117
v -1.04167120098 74.1539569251 -59.0336413112
v 26.3551096091 114.223232547 58.1005569032
v 28.9422371495 116.503809591 60.5013277258
v 38.2001609149 124.664755692 69.092382054
v 42.2152733187 122.697380499 69.2830305911
v 43.6971087296 125.190997631 74.949724907
v 40.5890014872 127.663241544 76.452160186
v 34.3334438727 132.639023597 79.476048912
v 41.683780021 129.037413593 79.82506301
v 45.0133474277 127.405950346 79.9831599924
v 44.5286468582 124.885329413 83.0387402362
v 37.7338813515 126.940454825 84.1384253682
v 33.892039308 132.695032739 79.6339885646
v 32.2228654283 124.014715678 90.1565566237
v 32.0554691345 123.904384343 90.2157074288
v -2.72670206644 78.579731617 -81.0500707433
v -2.71161065114 78.6051693724 -80.9661571427
v 33.7731731221 132.734788793 79.451870277
v 33.752809214 132.731175985 79.5155780274
v -48.2842370522 -124.915745705 -83.1916947466
v -44.5286468582 -124.885329413 -83.0387402362
v -44.0439462888 -122.36470848 -86.0943204799
v -51.5551266768 -122.425541063 -86.4002295008
v -52.5245278156 -127.46678293 -80.2890690133
v -45.0133474277 -127.405950346 -79.9831599924
v -50.6619991621 -125.247405846 -75.2333850913
v -43.6971087296 -125.190997631 -74.949724907
v -48.5651447565 -122.748807713 -69.5416428003
v -42.2152733187 -122.697380499 -69.2830305911
v -38.736108289 -114.489441267 -62.754013227
v -43.862790037 -114.530961944 -62.962808398
v -13.9017954985 -74.1121979037 66.7901421338
v -10.3569248879 -74.0834882167 66.9345146348
v -10.0724212804 -71.9609777911 63.2896342625
v -18.0971863439 -72.025969865 62.962808398
v -16.9319195931 -75.8144248276 69.5600394173
v -10.5820481552 -75.7629976132 69.8186516266
v -16.5007765794 -74.6251153285 74.6223799623
v -9.59903864652 -74.5692185816 74.9034681248
v -16.0246526271 -73.3117257542 80.212872007
v -8.51347223911 -73.2508931707 80.5187810279
v -4.76458328056 -64.0857105779 86.6299415154
v -10.4048497041 -64.1313907454 86.4002295008
v -48.9646590826 -116.420614204 -85.9335144926
v -41.9997686502 -116.364205989 -85.6498543084
v -39.6984119009 -109.608776986 -85.1494696039
v -46.0482833388 -109.6602042 -85.4080818132
v -42.5500401784 -107.931600978 -63.6510742763
v -36.6177431632 -107.883555673 -63.409468686
v -34.8769881621 -102.455205175 -63.9480856384
v -41.471295134 -102.508612058 -64.216653012
v -15.5215926331 -66.3867498478 63.5129761877
v -8.14079901262 -66.3269732586 63.8135749262
v -5.67021122316 -59.120956308 64.483706674
v -12.2273510628 -59.1740621763 64.216653012
v -8.95932461292 -57.7767593045 85.8795610581
v -2.70961573429 -57.7261433004 86.1340939311
v -0.848787484337 -51.9673844972 85.6850906394
v -7.65036285798 -52.0224700338 85.4080818132
v -41.1297650198 -100.318228343 -80.1919551635
v -36.0030832718 -100.276707666 -79.9831599924
v -34.9204030838 -99.0567640306 -74.1095980873
v -40.8527000989 -99.1048093358 -74.3512036776
v -40.6250235096 -98.1076888771 -69.5515979646
v -34.0307165377 -98.0542819944 -69.2830305911
v -34.4538523499 -100.254743585 -66.6155581147
v -44.3267292416 -100.334703402 -67.0176523193
v -8.99179834616 -51.1733059916 69.550084253
v -2.39749137426 -51.1198991089 69.8186516266
v -0.773175209214 -48.314805339 75.8237283269
v -6.54382840028 -48.3615415009 75.58870603
v -4.62988983131 -46.1631711676 80.3099858569
v 0.496791916701 -46.1216504905 80.5187810279
v -0.254389413456 -49.3850820231 83.4029180197
v -9.86096561433 -49.4628850872 83.0116694852
v 9.86096561433 49.4628850872 -83.0116694852
v 13.405836225 49.4915947741 -82.8672969842
v 14.0002342958 52.0738972483 -85.1494696039
v 7.65036285798 52.0224700338 -85.4080818132
v 4.62988983131 46.1631711676 -80.3099858569
v 12.6546548948 46.2281632415 -79.9831599924
v 6.54382840028 48.3615415009 -75.58870603
v 13.9246220207 48.42131809 -75.2881072914
v 8.99179834616 51.1733059916 -69.550084253
v 15.5489381858 51.2264118599 -69.2830305911
v 18.8216580347 59.227469059 -63.9480856384
v 12.2273510628 59.1740621763 -64.216653012
v 44.3267292416 100.334703402 67.0176523193
v 47.6052991614 100.361256336 67.1511791503
v 48.0284349736 102.561717926 64.483706674
v 41.471295134 102.508612058 64.216653012
v 40.6250235096 98.1076888771 69.5515979646
v 47.1821633492 98.1607947455 69.8186516266
v 40.8527000989 99.1048093358 74.3512036776
v 48.0718498953 99.1632767816 74.6452191228
v 41.1297650198 100.318228343 80.1919551635
v 49.1545300833 100.383220417 80.5187810279
v 52.8498587124 109.715289737 85.6850906394
v 46.0482833388 109.6602042 85.4080818132
v 8.95932461292 57.7767593045 -85.8795610581
v 15.8610625458 57.8326560514 -85.5984728956
v 17.9160300921 64.1922233289 -86.0943204799
v 10.4048497041 64.1313907454 -86.4002295008
v 15.5215926331 66.3867498478 -63.5129761877
v 21.2922458241 66.4334860096 -63.2779538907
v 23.2238680919 72.0674905421 -62.754013227
v 18.0971863439 72.025969865 -62.962808398
v 42.5500401784 107.931600978 63.6510742763
v 49.7691899748 107.990068424 63.9450897215
v 51.8875551005 114.595954018 63.2896342625
v 43.862790037 114.530961944 62.962808398
v 48.9646590826 116.420614204 85.9335144926
v 55.1512154617 116.47071874 86.1854753439
v 57.1953931003 122.471221231 86.6299415154
v 51.5551266768 122.425541063 86.4002295008
v 16.0246526271 73.3117257542 -80.212872007
v 21.6649190506 73.3574059217 -79.9831599924
v 22.750485458 74.6757313326 -74.3678470892
v 16.5007765794 74.6251153285 -74.6223799623
v 16.9319195931 75.8144248276 -69.5600394173
v 23.7334949668 75.8695103642 -69.2830305911
v 23.5083716994 74.1900009678 -66.3988935992
v 13.9017954985 74.1121979037 -66.7901421338
v 48.5651447565 122.748807713 69.5416428003
v 55.3667201302 122.80389325 69.8186516266
v 56.8485555412 125.297510382 75.4853459426
v 50.6619991621 125.247405846 75.2333850913
v 52.5245278156 127.46678293 80.2890690133
v 58.1647942392 127.512463097 80.5187810279
v 57.6800936697 124.991842164 83.5743612717
v 48.2842370522 124.915745705 83.1916947466
v -33.752809214 -132.731175985 -79.5155780274
v -33.6782721031 -132.743005752 -79.5206524508
v -33.6920911393 -132.720403853 -79.7055323292
v -33.892039308 -132.695032739 -79.6339885646
v -34.3334438727 -132.639023597 -79.476048912
v -33.7731731221 -132.734788793 -79.451870277
v -33.67280716 -132.751944009 -79.4475389569
v -32.9689965246 -131.647544562 -76.5258477794
v 2.71161065114 -78.6051693724 80.9661571427
v 2.80597780164 -78.6261488489 80.9558173918
v 2.20203039412 -79.4641065678 78.132710886
v 2.1722387926 -78.6438621659 80.5539112733
v 2.16643131585 -78.4839664218 81.0258921083
v 2.72670206644 -78.579731617 81.0500707433
v 2.82706802856 -78.5968868334 81.0544020635
v 2.92512500885 -78.3912472772 81.3123954358
v -32.0554691345 -123.904384343 -90.2157074288
v -31.9809320236 -123.91621411 -90.2207818521
v -31.9592826927 -123.840987607 -90.2496956692
v -32.0621074368 -123.83661896 -90.2385266863
v -32.6361037932 -123.812231955 -90.1761783134
v -32.2228654283 -124.014715678 -90.1565566237
v -32.0356760313 -124.106437089 -90.1476683582
v -37.7338813515 -126.940454825 -84.1384253682
v -32.8638835853 -128.413420471 -84.9266003437
v -40.4874365921 -122.81598849 -87.3668807358
v -41.683780021 -129.037413593 -79.82506301
v -40.5890014872 -127.663241544 -76.452160186
v -38.2001609149 -124.664755692 -69.092382054
v -30.9349420018 -128.224658884 -68.7474095555
v -28.9422371495 -116.503809591 -60.5013277258
v -29.181308031 -124.087539505 -65.4565318454
v -28.8320829712 -113.009534036 -58.2181703846
v -26.3551096091 -114.223232547 -58.1005569032
v -25.2330861251 -114.773015703 -58.0472801542
v -24.3339776756 -112.527282367 -56.7187246785
v 1.04167120098 -74.1539569251 59.0336413112
v 1.69208758593 -74.3335869921 58.9395254506
v 1.82834172926 -73.7101111882 58.3255877851
v 0.737511532752 -73.5940524149 58.6498982616
v -2.06550783295 -73.2958254407 59.4832530304
v 0.411465529155 -74.5095239519 59.6008665117
v 1.53348901314 -75.0593071078 59.6541432607
v -3.65709931558 -76.3873512497 65.6692173477
v 1.13461405467 -78.0350734448 64.7642770829
v -7.1574620069 -72.446936152 61.9039010029
v -6.56693575146 -77.7303728064 70.0093001637
v 0.698283161577 -81.2902759986 70.3542726621
v -6.10286404856 -76.7747298073 73.5887725739
v 0.820294264744 -81.1421041902 70.9853998942
v -5.18390483247 -74.8823564179 80.6768780104
v 8.38103435225 -63.2906725685 91.1564766473
v 8.73042142048 -62.4365004895 91.7260215097
v 9.14365978539 -62.6389842125 91.7456431994
v 9.33084918234 -62.7307056238 91.7545314648
v 9.45364674632 -62.3964059481 91.8565587758
v -30.8081944299 -120.410580267 -90.1476683582
v -38.8916614077 -118.836449902 -87.1522895874
v -27.6492166719 -111.137680717 -89.4608108545
v -35.4096306709 -110.152973797 -86.6840450739
v -22.137718121 -100.551642004 -58.1137581827
v -23.1697660354 -102.472233692 -58.1298550638
v -20.3879096535 -100.364041226 -57.5304586331
v -23.8785717942 -111.123553004 -56.8124048723
v 5.5360414436 -61.4188238241 59.2409154549
v 5.91806473612 -61.6634418563 59.0948960924
v 6.14360389123 -60.9990947554 59.1373217397
v 5.71925990882 -60.9539467185 59.2634817961
v 4.6288570173 -60.8379334083 59.5876652322
v 3.59680910289 -62.7585250966 59.5715683511
v -5.76010455233 -69.057823072 62.1166729928
v -1.92078084991 -59.7460309205 62.7012768403
v 11.5691032611 -51.6258664397 90.6192947668
v 13.1739449775 -50.9402321898 91.1234042327
v 13.4049109097 -50.2254552642 91.0676739611
v 11.732267791 -50.4298671905 90.4360385283
v 10.5583307838 -59.0348488014 91.7545314648
v 9.49092136108 -62.2829791733 91.8531161364
v -25.5475569905 -98.8502263068 -81.9015865285
v -25.786627872 -106.43395622 -86.8567906481
v -21.5930994484 -95.8437484548 -80.993965342
v -22.7915997078 -95.6916726121 -80.5651281035
v -25.4374028122 -95.3559507517 -79.6184291873
v -21.2107526936 -92.284645005 -70.4795877479
v -20.4403780415 -91.7248503616 -68.8138875841
v -29.2043207159 -98.6132696295 -65.3587879067
v -19.4235822838 -95.5549344256 -63.017218881
v -18.6352108653 -91.4551135757 -67.9871576078
v -20.2119537022 -99.6547552755 -58.0472801542
v -20.3167016732 -100.076998818 -57.7396122105
v 6.55462143605 -59.9410466801 59.6541432607
v 10.3781645526 -46.782181444 68.9597595857
v 12.6522352872 -45.0337648309 69.5940207144
v 12.1209372916 -44.9451911395 69.8465927864
v 11.1928471219 -44.790467476 70.2877946336
v 11.0972827096 -42.1593174124 78.0544328923
v 11.0624723763 -41.2008935761 80.8835118331
v 5.08918436919 -47.882592535 84.5723644278
v 14.556965267 -45.220471293 86.6443976427
v 15.6101238703 -40.6451299519 82.6008284486
v -20.7285514245 -93.7777420222 -79.4475389569
v -20.4838916352 -93.4699697196 -78.212663675
v -18.608587212 -91.110911199 -68.7474095555
v -18.6193615937 -91.2502071755 -68.4397416119
v 13.0246379514 -44.1765283135 70.3542726621
v 13.1681947445 -43.9385195971 70.9135198304
v 15.7713237641 -39.6226848466 81.0544020635
v 15.6968318153 -40.0951661035 81.7690198736
v 23.1070922343 40.5943344235 -80.0680409064
v 23.7575086193 40.4147043566 -80.1621567671
v 23.8442165643 40.9646682049 -80.993965342
v 22.6457163048 41.1167440476 -80.5651281035
v 19.9999132004 41.4524659079 -79.6184291873
v 22.6512252728 40.3653053048 -79.4954124611
v 23.6830166705 39.9422230997 -79.4475389569
v 25.9041223975 44.5026758824 -69.1606373614
v 26.28614569 44.2580578501 -69.3066567239
v 24.226563319 44.5237716546 -70.4795877479
v 24.9969379712 45.0835662981 -68.8138875841
v 26.0283251908 44.6606498247 -68.766032833
v 26.4297024831 44.4960665665 -68.7474095555
v 26.8021051473 45.3533030839 -67.9871576078
v 57.8021792363 91.6540504206 70.091971393
v 58.0737020282 91.5697454286 70.0466047185
v 58.0895512999 91.7746518288 69.5940207144
v 57.5582533042 91.8632255202 69.8465927864
v 56.6301631346 92.0179491836 70.2877946336
v 57.6615503542 91.5950327102 70.3356493846
v 58.0629276465 91.430449452 70.3542726621
v 59.0248593368 94.2724373397 80.102158991
v 59.9382320697 93.7895079726 79.8195267816
v 56.5345987222 94.6490992472 78.0544328923
v 56.4997883889 95.6075230835 80.8835118331
v 59.1511004614 94.5203624804 81.0065285592
v 60.182891859 94.0972802753 81.0544020635
v 61.0474398829 96.1632867078 82.6008284486
v 20.1056617973 47.1877317411 -84.1325942713
v 24.8973751675 45.5400095461 -85.0375345361
v 26.0494295248 50.5449935173 -89.4608108545
v 18.2890155258 51.5297004368 -86.6840450739
v 15.3287351074 44.4895453182 -79.8503778099
v 16.305316481 45.6904682766 -76.9850092248
v 18.9885325777 48.9900763789 -69.1122365931
v 30.7462455065 59.1393182625 -59.4417932306
v 31.5609280758 61.1310322304 -58.1137581827
v 32.4123250681 60.5774758847 -58.0714818328
v 32.8997189985 60.2605849331 -58.0472801542
v 33.3107365433 61.3186330085 -57.5304586331
v 59.4995193158 100.480842063 59.3918419916
v 59.7710421077 100.396537071 59.3464753171
v 59.842250088 100.683579479 59.1373217397
v 59.4179061056 100.728727516 59.2634817961
v 58.327503214 100.844740826 59.5876652322
v 59.1789002064 100.29118448 59.6299415822
v 59.6662941367 99.9742935286 59.6541432607
v 54.184542085 97.7425545335 65.6762442302
v 58.8779227183 95.8744726787 64.6240819876
v 51.7778653468 101.936643314 62.7012768403
v 50.6217577411 95.9244592644 69.9894456245
v 50.981087184 96.7343573314 73.1639947913
v 51.828610296 98.6446024938 80.6515632104
v 67.1035571064 111.45721897 91.0676739611
v 65.2409683065 106.753494473 88.4636537547
v 65.4309139878 111.252807044 90.4360385283
v 29.8690519229 62.6234969029 -90.235913279
v 29.9634190734 62.6025174263 -90.2462530299
v 30.0006936882 62.7159442012 -90.2496956692
v 29.8978689441 62.7203128484 -90.2385266863
v 29.3238725877 62.7446998535 -90.1761783134
v 29.2540729136 62.1916191638 -90.1715273249
v 28.8960096507 59.3543870545 -90.1476683582
v 19.3572371438 55.6271448257 -86.9131684464
v 26.2803954571 51.2597704429 -89.5165411262
v 21.4725397888 63.7409433188 -87.3668807358
v 33.1278934096 73.5473977725 -58.2181703846
v 32.7095103457 70.2322018669 -58.1902921055
v 37.6259987053 74.0296494412 -56.7187246785
v 33.5362756984 61.9829801094 -57.4880329858
v 62.4195394957 111.926020624 58.7019001882
v 63.3329122287 111.443091257 58.4192679789
v 63.7883181101 112.84682062 58.3255877851
v 62.6974879136 112.962879394 58.6498982616
v 59.8944685479 113.261106368 59.4832530304
v 59.4760854839 109.945910462 59.5111313095
v 52.6784272635 105.561148974 62.4638653899
v 54.802514374 114.109995657 61.9039010029
v 70.6903978013 124.120431319 91.7260215097
v 70.6205981273 123.567350629 91.7306724981
v 70.2625348644 120.73011852 91.7545314648
v 71.4136231272 124.160525861 91.8565587758
v 30.1234912522 63.0502438769 -90.1476683582
v 35.5384756241 77.9379937067 -80.0455937744
v 36.5292154257 78.7107855302 -79.7055323292
v 36.329267257 78.7361566438 -79.6339885646
v 35.8878626923 78.7921657858 -79.476048912
v 37.0292044535 80.7760081934 -69.8826462536
v 38.6340461698 81.4616424432 -69.3785367876
v 37.2523100404 79.7836448209 -76.5258477794
v 36.9931895055 80.9362010229 -68.8102636173
v 38.7560572729 81.6098142516 -68.7474095555
v 38.3197263798 78.3546116978 -63.1574139763
v 28.851945482 75.6924904559 -65.2294471912
v 37.9208514214 75.3788453609 -58.0472801542
v 37.7622528486 74.6531252451 -57.332662344
v 64.6874265597 115.092553956 59.6541432607
v 68.6356484655 124.407077758 67.063394952
v 68.6264146689 127.870583908 70.2914186003
v 70.3892824363 128.544197137 70.3542726621
v 72.4233369591 131.967082815 78.132710886
v 72.3935453576 132.787327217 80.5539112733
v 72.3877378808 132.947222961 81.0258921083
v 63.0842114367 126.372990848 84.6668052024
v 72.3182240198 128.732958724 86.5334634503
v 73.1464315738 133.039942106 81.3123954358
v 71.4900164659 124.425975343 91.7545314648
v 71.4352724581 124.235752363 91.8276449587
v 36.627272406 78.9164250864 -79.4475389569
v 36.6483626329 78.945687102 -79.3489542853
v 73.1271475945 133.071482262 81.0544020635
v 73.1326125376 133.062544005 81.1275155573
v -24.4210603243 -135.754358968 -81.1567879075
v -22.1096919336 -136.506242667 -81.5653031136
v -22.6112029967 -135.685989911 -88.2748379173
v -27.8497374918 -134.283997159 -84.2236641897
v -24.9565864829 -135.77458897 -79.0505986952
v -21.911361935 -136.830623802 -78.9119179214
v -22.7612908599 -132.777839876 -70.8975047895
v -20.1647490758 -134.089889039 -71.6612980466
v -30.2079767315 -129.014981898 -68.707003373
v -22.0717098529 -131.836508222 -68.336474445
v -19.3337914748 -132.785974223 -68.21178852
v -15.6293418909 -125.326965793 -57.5733011685
v 9.86577440046 -85.0291472789 68.7705630148
v 12.0291147351 -85.7848719123 68.354295676
v 11.1652693834 -85.5716598349 60.2514063461
v 6.11841495186 -83.7627442413 65.5072081575
v 1.42524843194 -82.0805990128 70.3946788447
v 9.56151531046 -84.9021253367 70.7652077726
v 12.2994336886 -85.8515913378 70.8898936976
v 11.0432415347 -82.4478059143 78.75498392
v 13.8231210822 -83.7375237937 78.0122552478
v 1.49827921471 -81.8346039966 71.1221861306
v 11.5432887056 -81.6195317948 81.4513423251
v 14.5885132535 -82.6755666266 81.590023099
v 18.1471304893 -75.2126357169 90.9529430949
v 5.38699166444 -77.8771679844 82.8715686245
v -22.7237202448 -126.927567326 -91.8569173089
v -20.4123518542 -127.679451025 -92.2654325149
v -19.62666906 -124.949381959 -93.3147530989
v -22.8197781598 -124.662401097 -92.5211611595
v -26.9548217705 -129.630106813 -89.8652643244
v -22.3990841491 -134.582894018 -89.6120473227
v -29.3180152096 -130.714072629 -86.3015932464
v -22.5051435729 -135.134441964 -88.94344262
v -30.6007361588 -128.587992017 -68.7288337269
v -30.0057541086 -128.044425063 -68.0667589812
v -20.7791476931 -119.615131538 -57.7997213549
v -15.5964942429 -125.249472631 -57.5116591187
v -9.40368637214 -109.781488669 -48.3609400806
v -17.4417067543 -111.259741522 -52.8605202684
v 8.7724100822 -78.4889384573 56.4800220852
v 12.2624635667 -80.537206579 55.2676764194
v 13.2009440488 -76.2428793845 51.0390452582
v 7.58244482944 -74.991595313 54.6388751255
v 5.98742744521 -79.9014229423 59.90170206
v 11.1700808954 -85.5357640359 60.1897642963
v 4.38314784311 -80.4687350484 63.2919856792
v 11.1679554516 -85.5516206949 60.216994139
v 1.03248900458 -81.6536091315 70.3728484908
v 1.08574428962 -81.5539097244 70.7261952704
v 14.4117034432 -68.2543753477 92.0369354987
v 18.9674410646 -73.2071625518 92.2901525003
v 23.4239267367 -61.0749860943 95.9928582765
v 9.6544158077 -62.3774156184 91.9160021777
v -19.366610701 -115.124256591 -92.2977635922
v -16.7700689168 -116.436305754 -93.0615568493
v -15.4110307135 -112.386177907 -92.9410977865
v -18.2819100034 -112.128157467 -92.227590483
v -26.8132965725 -111.361398614 -90.1072621757
v -27.2649213102 -111.240529961 -89.7580022302
v -17.537140007 -107.158964894 -54.0016074433
v -6.26697786031 -100.112992889 -49.0061830897
v -5.45761835 -97.6182475272 -49.1726740352
v -17.7067465357 -99.870955013 -56.029578084
v 10.1296032337 -68.3242729585 54.8994312669
v 13.8771014649 -74.251193201 51.1662356612
v 17.5162062108 -63.5318629518 51.8507792128
v 12.3961078899 -62.3915766897 55.1312785311
v 14.5532286412 -49.9856671482 91.7949376474
v 9.6996115565 -62.2102872775 91.907928642
v 24.7766717035 -56.9585787265 95.8679203515
v 27.4696185743 -48.7639325725 95.6192029641
v -10.5470998072 -98.8974408618 -89.6120473227
v -26.6110739497 -110.390841779 -89.4670177839
v -10.5122113058 -98.8093345129 -89.5632709301
v -16.4716214235 -97.2144132997 -84.9546144969
v -5.01392816141 -88.0092827051 -57.5845851498
v -19.5017547858 -99.7160455438 -57.4752836171
v -4.30866796571 -92.986779485 -52.5473952713
v -2.98113479358 -87.6354366022 -56.4466536282
v 21.6765624168 -49.8105526574 59.1259482814
v 21.5028555137 -53.2693652186 56.8636702262
v 23.3010528385 -48.6404163024 59.1247588058
v 22.647144387 -48.494785735 59.5437246333
v 21.7526469769 -48.2955741097 60.1168382651
v 17.3676720705 -46.7238922644 64.6833577414
v 30.7476498467 -37.5283681161 92.235686515
v 30.8265174931 -37.4908985409 92.2629226576
v 30.8321293507 -37.4665183916 92.2413761077
v 30.3666872601 -37.5637105528 91.9465978235
v 30.8194254065 -37.5217093962 92.2901525003
v 28.2680181302 -46.0844389657 94.8257505219
v -13.2634834322 -89.5314460883 -79.2002801986
v -4.55744599395 -84.5792592612 -78.9119179214
v -2.87229770133 -82.4594096043 -70.4064418924
v -14.142459848 -89.5053816095 -75.401866246
v -15.7046002386 -89.4590591207 -68.651223397
v -2.43748178147 -81.912428438 -68.21178852
v -2.61132788622 -84.1599878428 -63.2475246727
v -17.8044147064 -90.8892539016 -68.1754130185
v -2.81219510734 -86.7568882025 -57.5116591187
v -2.89666495046 -87.1961624023 -56.9791563734
v 23.9543800309 -47.0431796071 60.1897642963
v 25.5836376695 -43.2927790905 63.5158583663
v 15.9286249248 -42.5246762352 70.4504588206
v 29.1957433819 -34.9780455525 70.8898936976
v 31.5120516388 -31.1377427504 79.9134223327
v 17.7564987458 -40.7366926333 73.1646434027
v 23.2363917563 -35.3763889127 81.3016608217
v 31.9424291946 -30.4242020856 81.590023099
v 31.4293494575 -33.6785210145 86.5121109758
v 17.4284392702 -39.3889148395 82.2910705777
v 30.8378311155 36.2593528913 -82.6216601325
v 34.3278846 34.2110847696 -83.8340057982
v 34.9251047068 37.9990821467 -89.5632709301
v 28.9656945891 39.59400336 -84.9546144969
v 28.8093151385 35.3959243707 -79.1765351378
v 33.8148048629 30.9567658407 -78.9119179214
v 30.4976841876 37.597226748 -73.5021215494
v 34.2451824187 31.6703065055 -77.2353171551
v 32.0000235413 39.5559828581 -68.4529323047
v 36.5614906756 35.5106093076 -68.21178852
v 40.3473032912 47.2841554069 -58.5754751335
v 40.173596388 43.8253428456 -60.8377531887
v 40.4233878512 48.7991339546 -57.5845851498
v 41.2202906219 48.0923943693 -57.5424565661
v 41.8028540266 47.5757433621 -57.5116591187
v 42.4561812191 49.1729800575 -56.4466536282
v 68.2620373465 87.9386158989 59.7802795604
v 68.653899008 87.7287261574 59.6572615511
v 68.7383688511 88.1680003572 59.1247588058
v 68.0844603996 88.3136309247 59.5437246333
v 67.1899629895 88.51284255 60.1168382651
v 67.9868657601 87.8061029648 60.1589668488
v 68.5694291649 87.2894519576 60.1897642963
v 65.0406127959 86.915695141 67.2577892884
v 68.3685619438 84.6925515979 65.9256298503
v 62.8049880832 90.0845243952 64.6833577414
v 63.6332487047 86.4903657436 70.648749913
v 68.194715839 82.4449921931 70.8898936976
v 64.5159737367 88.1024041024 76.272186527
v 68.6295317589 82.9919733594 73.08454707
v 65.3091903271 89.5509815463 81.3254058825
v 70.3146800515 85.1118230163 81.590023099
v 76.2694453633 99.341898268 92.2413761077
v 75.8040032727 99.2447061069 91.9465978235
v 35.3258755928 47.3727273541 -91.7313780056
v 37.4892159274 46.6170027208 -92.1476453443
v 38.2876154832 49.2964963276 -92.9410977865
v 35.4167361933 49.5545167671 -92.227590483
v 26.8853496243 50.3212756203 -90.1072621757
v 30.7653752726 44.4104992909 -89.8686460803
v 34.9378086511 38.0542731513 -89.6120473227
v 28.1459089559 43.1063479424 -86.5098259398
v 34.9307165644 38.023462296 -89.58481748
v 26.4337248865 50.4421442734 -89.7580022302
v 36.7981563509 54.3217604736 -57.807531765
v 48.2410278467 64.0644267069 -49.1726740352
v 44.2543785439 53.8019289737 -54.1855650486
v 35.9918996611 61.8117192212 -56.029578084
v 66.7379528754 95.7424867832 56.5576598871
v 70.0659020232 93.5193432401 55.2255004489
v 71.2148524075 98.1508112823 51.8507792128
v 66.0947540866 99.2910975445 55.1312785311
v 63.5647314892 94.035469069 59.8938916499
v 61.7843948584 93.3003305696 63.0480335229
v 68.2518748379 111.697007086 91.7949376474
v 72.1319004863 105.786230757 92.0335537427
v 76.3043338647 99.4300046169 92.2901525003
v 81.1682647711 112.918741662 95.6192029641
v 38.2006828065 58.7808603609 -92.4470865017
v 40.980562354 57.4911424816 -93.1898151739
v 42.3333073209 61.6075498494 -93.3147530989
v 39.1401982211 61.8945307114 -92.5211611595
v 27.074386037 51.1705425072 -90.1110610475
v 26.5458454819 50.8479649086 -89.7757457499
v 38.1245796996 65.1848070732 -55.2369094135
v 51.8801325927 74.7837569561 -48.4881304836
v 52.5562900087 76.7754431396 -48.3609400806
v 44.5182696266 75.2971902868 -52.8605202684
v 67.9106538957 105.755987387 54.8719277243
v 72.0242119178 100.645556644 51.6842882673
v 75.1609204297 110.314052424 51.0390452582
v 69.5424212103 111.565336496 54.6388751255
v 68.4409112507 112.546273973 91.7911387755
v 85.3839031175 125.481945714 95.9928582765
v 82.5273029744 116.96886951 95.7396620269
v 71.6143921886 124.17951619 91.9160021777
v 32.8189450529 64.779062093 -90.0610419562
v 46.7897929929 73.7397263069 -89.6120473227
v 47.6101035682 75.745199472 -88.2748379173
v 42.3715690732 77.1471922242 -84.2236641897
v 40.0133298335 82.4162074848 -68.707003373
v 54.5104109595 86.0467148747 -57.566125104
v 54.589278606 86.08418445 -57.5388889614
v 54.5919646741 86.10422359 -57.5733011685
v 54.0775489358 85.741476309 -57.5280367619
v 54.5871531621 86.068327791 -57.5116591187
v 53.4947704909 81.0697703341 -52.5895712418
v 39.4938603035 75.3593765092 -56.8106116399
v 80.8441240741 125.455184904 60.1733866531
v 81.3537283004 125.782036386 60.1897642963
v 81.3865759484 125.859529548 60.2514063461
v 76.3397215168 127.668445142 65.5072081575
v 71.6465549969 129.35059037 70.3946788447
v 71.7195857797 129.596585387 71.1221861306
v 86.5283315828 134.912876207 91.0681805404
v 88.2623776305 135.667005719 91.6215477976
v 88.3684370543 136.218553666 90.9529430949
v 75.6082982294 133.554021399 82.8715686245
v 74.1854702666 126.154793559 91.8411578669
v 88.1563182066 135.115457773 92.2901525003
v 86.1695859117 128.21201478 94.9435376926
v 71.5679443812 124.271555754 91.8557013376
v 36.8362498171 78.9781018491 -79.4398414639
v 51.168720804 83.2081303817 -78.9119179214
v 51.9341129753 84.2700875488 -75.3341500702
v 36.8570528283 79.0183789977 -79.2941417797
v 53.4578003689 86.3841550929 -68.21178852
v 53.7281193225 86.3174356674 -65.6761904984
v 85.0910255323 133.318537978 70.8898936976
v 85.9219831333 134.622452794 74.3394032242
v 73.3361250057 133.133159025 81.0620995565
v 87.6685959925 137.363187557 81.590023099
v 87.8669259912 137.038806422 84.2434082912
v 73.2652844607 133.098347396 81.1555719362
v -12.9896412624 -138.673738349 -90.9147909513
v -11.0796641471 -139.247527717 -91.2213654922
v -10.7394167403 -137.47811627 -93.3663046972
v -14.0719595887 -137.058116774 -92.1823313153
v -21.472016971 -136.125489496 -89.553266555
v -14.5411562941 -139.498111922 -89.2244883216
v -11.4199115538 -141.016939164 -89.0764262872
v -15.83686613 -139.390056026 -83.2240262866
v -11.0765558709 -141.578518889 -84.4827950113
v -22.0046551557 -135.919996929 -88.9555240499
v -16.8201519756 -139.308054771 -78.6704069324
v -10.620119403 -142.325049321 -78.3762968858
v -15.5036459419 -137.500454197 -73.720738416
v -10.0762920077 -141.471690983 -76.1187355146
v -13.9707160761 -135.395697489 -67.9573810896
v -8.04254894282 -138.280399742 -67.6761674845
v -10.2386218263 -131.569944938 -61.4068347641
v -6.74899272964 -135.67578967 -63.9613156285
v -15.5626783031 -125.305740739 -57.5095150163
v -7.80860519315 -129.078946128 -57.141686174
v -4.31663485382 -130.778171957 -56.9760380831
v -0.0928235428121 -121.681709834 -46.5497371165
v 19.6743905086 -89.2781814091 58.0877309107
v 22.2865644893 -90.4149348938 57.4388339401
v 21.9316446584 -89.0038902922 50.2990843651
v 16.6265382896 -87.3166516759 55.1913026247
v 11.2038968351 -85.5920321435 60.1919083986
v 18.9579699451 -89.3652375328 60.5597372409
v 22.4499402844 -91.0644633611 60.7253853318
v 18.2219512598 -88.851671907 66.5733784478
v 22.9290789304 -91.1827231235 65.2197168858
v 11.1880602685 -85.5836798601 60.2163014965
v 17.6625090873 -88.4613146033 71.144301128
v 23.5906762206 -91.346016857 71.4255147331
v 18.5981114771 -86.9268868698 76.1011376731
v 24.1182829796 -90.6139793471 73.8917726481
v 19.6797232129 -85.1529975953 81.8315340879
v 25.8797557855 -88.1699921458 82.1256441345
v 24.1095781002 -80.7944532491 88.5554879469
v 27.2495363662 -85.2973657411 85.7296130752
v 19.8945082426 -74.7497580308 92.348933268
v 26.8253689196 -78.1223804561 92.6777115015
v 29.9466136599 -79.641207698 92.8257735359
v 32.5782378559 -73.2074838564 97.1156519458
v -14.1395260505 -130.563264384 -93.9241556879
v -9.3792157914 -132.751727247 -95.1829244127
v -7.5710461657 -126.468748929 -97.5978297938
v -14.1908007601 -125.634463006 -95.2459880949
v -21.9054767991 -135.404233058 -89.5807501097
v -22.1303190513 -135.493999947 -89.1646903977
v -15.5784892948 -125.279432004 -57.5105175135
v -15.523125162 -125.230623506 -57.4591154622
v -7.1047739044 -109.242936112 -46.7322518707
v -3.7396181256 -114.842394505 -46.5188839025
v 0.0924916087588 -121.218841963 -46.2759086818
v 5.97161654216 -106.375428898 -38.0462932483
v 20.3744892968 -81.26848627 46.8192775954
v 23.1839632935 -83.5438181015 45.4346996542
v 24.1285347575 -79.4359136532 41.795640497
v 19.7004172879 -78.1615659402 45.483580936
v 14.7951512087 -76.749901807 49.5689127415
v 18.1603069875 -82.3493601994 49.7822807097
v 21.9924167219 -88.7258076577 50.0252559304
v 15.6934600985 -83.4873441236 53.4649643398
v 21.9597279861 -88.8753857574 50.172545735
v 13.9893144222 -76.4936130825 50.3120325147
v 11.1880858435 -85.565723409 60.1909059014
v 11.1819240597 -85.5673265925 60.2072445734
v 19.4610484146 -74.0285015924 92.3214497134
v 37.6711974654 -59.3425936222 101.347177042
v 35.955809963 -64.0125029192 99.9219339965
v 32.3934182777 -59.9843435481 99.3637156002
v -12.1089657829 -119.846870912 -95.1209972187
v -6.68161184868 -123.818107698 -97.5189943173
v -3.35540781923 -113.905544877 -97.2241744814
v -9.6848925691 -113.107841585 -94.9754587692
v -1.95430880783 -96.7975480283 -46.6907183161
v -6.27836603588 -107.246035552 -46.7255876849
v 9.93194888334 -94.1910237112 -38.7953023064
v 8.8182946806 -97.6173053653 -38.5846793047
v 22.6100366941 -70.3841351855 45.7392574286
v 25.1963215876 -76.2854686287 41.9815931612
v 28.4295326005 -66.7460612658 42.5446495551
v 24.4044351895 -65.5876968558 45.8969363032
v 19.9456163053 -64.3045137229 49.6104462961
v 15.6215590772 -74.7530012463 49.5755769273
v 14.3492005822 -75.5361324272 50.3448262053
v 18.7176027366 -63.9139556887 50.7428854946
v 34.2524665056 -52.7619524407 98.9411676106
v 40.7844034291 -49.869097671 101.059645022
v 41.716889303 -47.0315401004 100.97352173
v 35.5339617275 -47.7833512642 98.6498931715
v -5.14660158786 -105.089570011 -93.5072229682
v -1.65697249118 -109.195414743 -96.0617038325
v 1.53670591621 -100.338650724 -93.8758346687
v -2.19165944746 -99.868765822 -92.5512349413
v -10.4706580647 -98.8253658123 -89.6099032204
v -10.4900867115 -98.8178702128 -89.5880998117
v 11.3148238572 -84.2864073596 -46.3185345149
v 7.8541201976 -87.5494202023 -46.4156032439
v 12.5362555584 -84.0185609513 -45.5072016582
v 11.0508186827 -89.820700709 -41.6788880042
v 33.1508820026 -52.6947811997 49.3923940785
v 32.9961993222 -54.8779477566 47.962871233
v 34.0865561095 -52.0442664512 49.2565489068
v 33.6729371467 -51.925232938 49.6010298539
v 33.2147489703 -51.7933730543 49.9826300973
v 29.7540453107 -55.056385897 49.8855613683
v 20.3296092816 -61.5834035075 51.398987857
v 28.2035928081 -50.1996225049 54.6037758339
v 30.895867149 -37.4496343467 92.2922966027
v 33.8236409801 -44.0606736149 96.3427317293
v 43.6709475579 -40.4735622524 99.0315713832
v 45.0861057517 -35.7241766782 97.6251819173
v 6.65309991941 -86.6004308639 -89.0764262872
v -10.4311049235 -98.7502485789 -89.5595036663
v 6.83129182515 -86.1746064871 -88.7576925014
v 2.12237108914 -84.3578981846 -83.4732007804
v -2.01275366594 -82.7625611858 -78.8326400747
v -1.45868920154 -82.1819463255 -77.1091074187
v 1.44037135115 -79.1439647439 -68.0909771188
v 9.99414113445 -76.4205255584 -59.9064182095
v 13.0121639367 -75.4596157174 -57.0186639163
v -1.30264193679 -86.421052981 -56.4170673271
v 13.4656400748 -79.2398301091 -51.2094326308
v 14.24823509 -75.1700486769 -56.1429565797
v 12.6830450596 -83.3096115412 -46.2759086818
v 12.6067006382 -83.6783322746 -45.8761083385
v 34.5829701727 -50.8165772359 50.0252559304
v 39.2563631253 -37.0229977517 59.8312210032
v 40.635906762 -36.0185211512 59.8923038284
v 40.2120185582 -35.8837075401 60.2832014781
v 39.7787390749 -35.745907122 60.6827594986
v 36.1374243562 -33.8254597763 66.2914844422
v 33.0735965145 -32.2095818583 71.0107050989
v 33.369479004 -31.4555861704 73.2417882809
v 34.4871215226 -28.6075040102 81.6693009456
v 47.5525052623 -25.37576996 92.4993209435
v 48.0349786611 -25.1273163341 92.6784837313
v 48.0528500269 -25.013963341 92.5070397501
v 48.0196251331 -25.2246993982 92.8257735359
v 46.0108020785 -32.41455884 96.1123249275
v 12.3690841813 -73.1062481543 -78.3762968858
v 13.9103149191 -71.1369304387 -70.6850675088
v 14.5132626374 -70.3665100244 -67.6761674845
v 14.4454988416 -72.1671174246 -63.0791468069
v 14.3555340923 -74.5576445732 -56.9760380831
v 14.3040407177 -74.8515406324 -56.5762377399
v 41.1221092305 -34.8439359777 60.7253853318
v 42.0905275635 -32.6443794083 62.7877700292
v 46.1464878008 -23.4321271389 71.4255147331
v 48.1930652186 -20.0636501784 79.4691775023
v 48.8689593698 -18.9511909787 82.1256441345
v 48.5080834332 -21.6320923478 86.7162004108
v 40.7425702507 24.6530134365 -81.5822752209
v 43.5520442474 22.377681605 -82.9668531621
v 44.0072776537 25.7595525981 -88.7576925014
v 39.2983569177 27.5762609006 -83.4732007804
v 35.1632321626 29.1715978994 -78.8326400747
v 39.3824054846 24.1919995096 -78.5928037117
v 43.1911683107 19.6967802359 -78.3762968858
v 41.2807775685 26.7105728787 -71.9621659863
v 43.867062462 20.8092394356 -75.7198302537
v 35.717296627 29.7522127597 -77.1091074187
v 38.6163571797 32.7901943413 -68.0909771188
v 42.4515272561 28.2638084169 -67.8729691887
v 45.9136398797 24.177716396 -67.6761674845
v 50.1242827975 35.5731352224 -57.6088999351
v 49.9696001171 33.3899686654 -59.0384227806
v 47.170126963 35.5136335268 -59.9064182095
v 50.1881497652 36.4745433678 -57.0186639163
v 50.5822517974 36.0094120031 -56.996261424
v 50.93801845 35.5895252349 -56.9760380831
v 51.4242209185 36.7641104083 -56.1429565797
v 77.5000533319 75.7859922509 60.439701555
v 77.7560869629 75.5971298895 60.3255849885
v 77.8118925905 75.915637934 59.8923038284
v 77.3880043867 76.0504515451 60.2832014781
v 76.9547249034 76.1882519632 60.6827594986
v 77.3488269356 75.7231205986 60.705161991
v 77.7045935883 75.3032338303 60.7253853318
v 74.9867125003 75.3432447527 68.3207454267
v 77.6146288389 72.9127066818 66.8284940556
v 73.3134101847 78.1086993089 66.2914844422
v 70.2495823431 79.7245772269 71.0107050989
v 74.0847524195 75.1981913024 71.228713029
v 77.5468650431 71.1120992816 71.4255147331
v 75.1814724516 77.1193982357 77.7451253495
v 78.1498127615 71.8825196958 74.4344147574
v 70.5454648325 80.4785729147 73.2417882809
v 71.6631073511 83.326655075 81.6693009456
v 75.8822806731 78.3470566852 81.9091373086
v 79.6910434993 73.8518374115 82.1256441345
v 85.2288358554 86.9201957442 92.5070397501
v 43.4371516214 34.2969015818 -91.7140807082
v 46.0493256021 33.1601480971 -92.3629776789
v 46.9740219288 36.4697659354 -93.8758346687
v 43.2456565652 36.9396508377 -92.5512349413
v 34.966657948 37.9830508473 -89.6099032204
v 39.5532875637 31.9108627871 -89.3402423204
v 44.0405025475 25.9702886553 -89.0764262872
v 37.7588811319 31.2609472251 -85.6367178778
v 44.0251490194 25.8729055913 -88.9291364826
v 34.9472293012 37.9905464468 -89.5880998117
v 34.4816317098 30.0739611765 -78.872713289
v 34.7172815361 30.3853672793 -78.0567266109
v 37.5776671888 34.1653044961 -68.1520446348
v 39.0003501559 35.5113045567 -66.3024355579
v 45.9495665109 42.0859567115 -57.2678621884
v 56.2297639201 51.2449186703 -47.1700730104
v 56.7521398698 52.5220093 -46.3185345149
v 57.118620399 52.0368297935 -46.2969880903
v 57.4771575079 51.562166493 -46.2759086818
v 57.973571571 52.7898557084 -45.5072016582
v 79.1973934114 84.6127838931 49.7395721536
v 79.4534270424 84.4239215318 49.6254555872
v 79.5238721221 84.7641502085 49.2565489068
v 79.1102531593 84.8831837217 49.6010298539
v 78.6520649829 85.0150436054 49.9826300973
v 79.0185455121 84.5298640989 50.0041765219
v 79.377082621 84.0552007984 50.0252559304
v 74.9969843174 82.7877254238 56.6591624169
v 78.5944876058 79.9854193662 54.9587798794
v 73.6409088207 86.6087941548 54.6037758339
v 72.7161416491 81.799665307 60.4335612265
v 71.5287027217 81.5625406501 63.9959892798
v 69.2108923522 81.0996873816 70.9496375828
v 69.4010954184 81.4358465682 72.0968611816
v 70.9815068984 84.2290183521 81.6292277313
v 72.267318964 85.4008821004 83.0436977649
v 76.3331831616 99.358782313 92.2922966027
v 80.9198127774 93.2865942528 92.5619575027
v 85.4070277611 87.346020121 92.8257735359
v 90.5234217643 101.084239981 97.6251819173
v 43.6820524522 43.5502027261 -93.9285625725
v 48.3891801227 41.2191515095 -95.2822241346
v 50.3432383775 47.7771293575 -97.2241744814
v 44.0137536276 48.5748326492 -94.9754587692
v 34.9548302505 38.0122507224 -89.6107822641
v 34.9446851726 38.0077563983 -89.5945670456
v 51.7443373889 64.8851262059 -46.6907183161
v 54.0325877174 59.2359604433 -46.5206537601
v 63.6305950801 67.4916505229 -38.7953023064
v 59.0639283584 55.6235370138 -44.2135239844
v 78.3813926593 92.9968280371 46.920486624
v 81.0093089979 90.5662899662 45.4282352528
v 82.1281787972 94.9366129684 42.5446495551
v 78.1030813863 96.0949773784 45.8969363032
v 73.644262502 97.3781605113 49.6104462961
v 75.9325128305 91.7289947486 49.7805108521
v 73.2260428012 90.3893322923 53.2958598784
v 72.4162489334 97.7687185455 50.7428854946
v 76.3213554642 99.3879821881 92.2914175589
v 95.4155354998 114.651134134 100.97352173
v 93.7171001717 109.941004001 99.8110510812
v 89.2326079243 113.89932297 98.6498931715
v 45.7555527489 54.3017794054 -95.1009327486
v 51.2757242514 50.6146869281 -97.3102977736
v 54.3889302152 60.0881828794 -97.5978297938
v 47.7691756207 60.922468803 -95.2459880949
v 54.8552024765 77.3139956962 -46.7322518707
v 52.3955112282 67.4867673686 -46.6994122206
v 67.931592923 80.1815029103 -38.0462932483
v 66.8638060929 77.0310578858 -38.2322459126
v 80.27349269 103.599773162 45.6447371455
v 83.241833 98.3628946224 42.3340265534
v 86.0885111384 107.121018155 41.795640497
v 81.6603936687 108.395365868 45.483580936
v 76.7551275896 109.807030002 49.5689127415
v 74.2954363413 99.979801674 49.6017523916
v 72.7957755774 99.0894298526 50.6966023789
v 75.9492908031 110.063318726 50.3120325147
v 92.3277512894 121.559390654 99.0813469439
v 98.7417395292 124.563696955 101.268341566
v 99.6311738463 127.214338186 101.347177042
v 94.3533946586 126.572588261 99.3637156002
v 52.9643594515 69.2610046683 -93.3467118762
v 56.1043177175 64.7580921764 -96.1725867478
v 59.4818898247 73.9530731135 -93.3663046972
v 56.1493469763 74.3730726088 -92.1823313153
v 48.7492895939 75.3056998867 -89.553266555
v 48.2166514093 75.5111924542 -88.9555240499
v 54.6586282618 86.1254486442 -57.5095150163
v 69.6179262956 89.3725213886 -46.6023612742
v 70.1003996945 89.6209750145 -46.4231984863
v 70.1284830222 89.7494795494 -46.5497371165
v 70.0677109587 89.4713969149 -46.2759086818
v 68.8761643871 84.2894073586 -41.6853524055
v 91.9676360718 121.96443122 50.0252559304
v 77.3593392025 111.881257027 50.9433095608
v 92.1529512234 122.427299091 50.2990843651
v 86.8478448546 124.114537707 55.1913026247
v 81.4252034001 125.83915724 60.1919083986
v 81.4093668334 125.847509523 60.2163014965
v 90.1158148076 136.681431352 92.348933268
v 91.7603761048 130.147147864 96.4039521534
v 101.439343472 133.497316504 98.9322716613
v 102.799544421 138.223705527 97.1156519458
v 62.1135140207 80.3867969552 -89.0764262872
v 64.8105913143 86.0429549982 -81.9802658266
v 60.6194345612 86.8013051469 -78.5747131024
v 66.1803718951 88.9155814029 -78.3762968858
v 67.9418447009 91.3595686043 -70.1424253994
v 61.4099077774 88.4667138346 -72.2609028111
v 61.9548036195 89.6147277718 -67.9086124302
v 68.46945146 92.0916061141 -67.6761674845
v 69.1310487502 91.9283123806 -61.4703696371
v 59.2837421725 88.3412010182 -64.1592092911
v 69.6101873961 91.8100526182 -56.9760380831
v 69.7735631913 91.1605241509 -53.6894866915
v 96.3767625344 131.523761214 60.7253853318
v 98.8091204102 136.421378927 67.7106628771
v 93.5880287829 136.549110657 71.1930697875
v 100.102676623 139.025989 71.4255147331
v 102.136419688 142.21728024 79.8680827633
v 95.7224314484 139.212973938 77.6810881412
v 97.1193097498 140.956362323 81.927227918
v 102.680247084 143.070638579 82.1256441345
v 103.136683551 142.324108146 88.2321422599
v 93.4577161843 138.973939507 85.7038227521
v 103.480039234 141.762528421 92.8257735359
v 103.139791828 139.993116974 94.9707127408
v -0.46983321981 -146.52082755 -79.071701503
v 0.80770167639 -146.908586469 -79.2793482468
v -0.126437308208 -147.446380169 -85.8292672993
v -3.45481432148 -145.978004628 -81.5499833697
v -6.09330955381 -144.81398329 -78.1576782909
v -0.528894607368 -146.361639802 -77.9094535002
v 1.01288283371 -146.790461505 -77.8406758503
v 1.85697571481 -142.997765085 -68.4322751981
v 3.1557157295 -143.506815256 -68.7182864386
v -4.62133589226 -143.226203594 -73.4451423869
v -2.73938326444 -141.196190253 -67.4200554171
v 2.1669003493 -142.560797647 -67.2011894204
v 3.52632402061 -142.938900452 -67.140546449
v 6.14791214531 -138.137094818 -58.2388916959
v 33.7920212347 -95.8160836172 70.8414132609
v 34.9482438246 -96.1829728607 70.6430795928
v 33.7324724092 -97.2097373806 63.0594810156
v 30.7590123191 -95.3981602775 68.3580063583
v 28.893841899 -94.2618073673 71.6816268006
v 33.8001255127 -95.6264147618 71.9004927973
v 35.159549184 -96.0045175663 71.9611357687
v 35.6963971499 -92.639144549 81.2400966392
v 37.134206556 -93.1773803477 80.9399773658
v 29.5698443347 -92.6517602417 76.4465205412
v 30.4065656347 -90.6589261148 82.3442627294
v 35.9709805812 -92.2065826263 82.5924875202
v 37.5127580223 -92.6354043297 82.66126517
v 40.0068218627 -87.9004520299 90.649856619
v -3.71148322802 -141.740831367 -92.5865420503
v 0.434506221114 -143.143784246 -93.354710974
v 1.19812643681 -139.172678738 -98.1686166964
v -5.96810173323 -138.155415712 -95.2857401263
v -6.98703218746 -143.454228205 -88.8623439884
v -0.329113994579 -147.114889753 -88.5408052517
v -7.65951611638 -143.359103659 -85.5231235739
v -0.27167685759 -147.208831788 -87.7723746067
v -9.11346559543 -143.153438842 -78.3035342673
v -8.71901793727 -142.610638176 -76.8135425326
v -6.27750136454 -139.250859519 -67.5909259492
v -5.06235012478 -137.997946703 -65.4162348512
v -0.236110629287 -133.02172883 -56.778972489
v 6.77416270541 -136.876122546 -56.4404170476
v 3.87422575865 -129.059126279 -51.0099281978
v 7.19661794541 -135.966316732 -55.3976040162
v 0.280001483891 -121.586802062 -46.2632607214
v 7.50473135215 -125.559108429 -45.9143482764
v 11.1089049826 -127.540757864 -45.7402876463
v 15.4967601733 -117.957720508 -35.2928272096
v 30.2138114959 -92.9284255408 47.8213816509
v 32.8877217497 -94.2047110361 47.0836586663
v 32.6449545653 -92.5148541158 40.1134165293
v 27.4124405812 -90.8043109364 45.0756602101
v 22.179926597 -89.0937677569 50.0379038908
v 29.4046564653 -93.0660741239 50.3868163358
v 33.0088300957 -95.0477235587 50.5608769659
v 27.9203392431 -93.1910222084 55.8277277663
v 33.1956544327 -95.7904757221 54.3191312671
v 22.0607747447 -89.0506350729 50.1632458205
v 26.530464509 -93.308020235 60.9224509259
v 33.5407378437 -97.1624139507 61.2610063673
v 26.1729037243 -93.0062199269 64.1452580821
v 33.5864362375 -97.1736931101 61.689658356
v 25.3557237989 -92.3164766335 71.5107562684
v 25.6715398724 -91.8004402644 73.1729197704
v 27.3864095931 -88.9983816665 82.1984067531
v 28.6768821103 -87.721416876 84.1990395527
v 34.3794930262 -82.0784967389 93.0398558346
v 41.0374112191 -85.7391582876 93.3613945714
v 46.9435883018 -71.2998958856 102.989206016
v 44.0708432205 -71.6813703217 101.814628088
v 2.92484693917 -128.867244266 -100.471960306
v 4.20238183537 -129.255003185 -100.679607049
v 4.68590325094 -127.689406677 -100.995607636
v 3.08373640471 -127.574632054 -100.683687006
v -2.69862939484 -127.160400006 -99.5579370936
v -0.620484479563 -131.238448742 -99.4177615722
v 2.00102860163 -136.382776275 -99.240934653
v -5.96217603689 -134.532312016 -96.2232529753
v 1.4256632219 -138.382040146 -98.4725040081
v -5.94936433576 -126.698950498 -98.2502104382
v 0.197086366693 -121.42409354 -46.2688535315
v 0.556728361202 -121.108125018 -45.9412199001
v 9.56992783672 -105.517258942 -35.4521116872
v 12.270534652 -110.816796105 -35.2699497188
v 15.6772634328 -117.501992067 -35.0401582449
v 21.7580508728 -102.359371278 -25.9237665261
v 31.0926110957 -84.772310664 36.6547692296
v 33.7405194004 -87.4426339409 35.0068188907
v 34.6449940499 -83.238945771 30.7443558458
v 30.4185390868 -81.6653903343 35.3190725702
v 26.6032029247 -80.2448989264 39.4487941222
v 29.30380974 -85.5444360893 39.6309560907
v 32.7105385208 -92.2296320518 39.8607475646
v 26.6623140789 -86.7857293822 43.4433472641
v 32.6739551785 -92.3887315804 40.0016886707
v 25.3658688411 -79.8404062898 40.6222173096
v 22.0970114798 -88.9310592344 50.0323110807
v 22.0408188706 -88.9558076521 50.1229621968
v 43.534545844 -58.5639942502 103.744521532
v 45.6126907593 -62.6420429858 103.884697054
v 48.2342038404 -67.7863705192 104.061523973
v 51.7171416718 -57.9089103723 105.816196956
v 6.94899595327 -116.517390159 -100.532663402
v 8.24773596796 -117.02644033 -100.818674643
v 8.86376381553 -115.182253719 -100.78807364
v 7.45109329765 -115.081054067 -100.513045431
v 2.35263697403 -114.715815326 -99.5204436211
v -0.481725858219 -121.698711436 -99.5414819306
v -5.32433777829 -124.957054891 -98.2138013353
v -1.45560471104 -114.175226418 -97.9884395506
v 14.6211942056 -93.0726742618 -35.4146182148
v 10.8239800127 -102.427705282 -35.4428033738
v 25.7000291311 -90.2021981409 -26.7534845159
v 24.8748846634 -92.7469671629 -26.5798059302
v 33.328158493 -73.8879595795 35.5747490627
v 35.3380472697 -81.1984506999 30.8774866335
v 38.9643459758 -70.521861334 31.5740738356
v 35.1225569885 -69.0915212498 35.7324279374
v 31.6544692936 -67.8003142465 39.4862875947
v 27.8572551007 -77.1553452665 39.4581024357
v 25.9252756483 -78.3369869176 40.669262053
v 30.042000947 -67.2731877562 41.0154685749
v 48.5858122128 -46.1194095704 103.782015005
v 45.7514493806 -53.1023056807 103.760976695
v 55.8006112913 -45.5418057564 105.60866296
v 52.3740333963 -55.9194628105 105.782811777
v 12.6519840347 -104.31353283 -99.240934653
v 0.0296701136871 -111.517571776 -97.5166230553
v 13.4742490933 -102.033213193 -98.6781466679
v 5.92876463476 -100.96211384 -95.6427004276
v 27.0014032067 -80.5687329308 -35.078637747
v 24.6151934108 -82.9787913788 -35.1433959335
v 28.139864154 -80.2737628382 -34.1886197495
v 26.814880069 -85.6655285279 -30.1508730323
v 43.8690038015 -56.1986055937 39.2278857127
v 43.2675452455 -59.4740377588 37.0700620004
v 44.785841137 -55.5760390623 39.0092090692
v 44.3910589456 -55.429057332 39.436521488
v 44.0346782947 -55.2963729155 39.8222680625
v 41.6484684988 -57.7064313635 39.757509876
v 32.018780096 -64.2915922195 41.7878765296
v 39.0606172021 -53.6703196833 44.5394084847
v 58.3056253366 -34.6704070851 103.335581824
v 59.3164838737 -34.2695667637 103.632871984
v 59.4514561976 -33.8165887075 103.498735988
v 57.9437444166 -34.0167991282 102.882278582
v 58.8851592735 -35.717127074 104.061523973
v 56.2573362071 -44.0870786554 105.379580149
v 10.6635860766 -93.7519597104 -93.8104458032
v 13.9859782634 -100.659150163 -98.1981216217
v 18.7250161753 -87.9341831803 -93.7526902768
v 14.8456758392 -87.3835016506 -92.1920841815
v 7.06936180184 -86.2796354935 -89.0637783268
v 6.96408947949 -86.2331926468 -88.9284300308
v 27.6824951235 -71.7501718193 -45.8201560466
v 13.8964308659 -83.0202282279 -45.4011252549
v 29.1720430124 -75.2256197479 -39.7754081817
v 30.006397122 -71.1959388155 -44.1447524417
v 28.2678168836 -79.5927616452 -35.0401582449
v 28.2045414551 -79.9295316574 -34.6190537997
v 45.3010919716 -54.3204016299 39.8607475646
v 48.8145144374 -41.4772519331 49.0056499909
v 51.180638353 -39.7796055105 48.9653417614
v 50.3815292948 -39.5183715122 49.7231751635
v 49.5824202366 -39.257137514 50.4810085656
v 45.2889397748 -37.702907912 54.9975403348
v 48.4358870155 -24.9039040278 92.8384214962
v 53.1923382502 -29.8073740216 98.0674896094
v 61.404605758 -26.8259925096 100.303269672
v 62.4620192998 -23.0413611457 98.5732795964
v 23.9433801993 -74.0321949452 -88.5408052517
v 7.34608867915 -85.8009584493 -88.7417375056
v 24.1134037287 -73.6309649488 -88.2220714659
v 19.7880857107 -71.722770307 -82.6610236005
v 16.3592881547 -70.2100923728 -78.2526292927
v 17.1919503534 -69.3119213203 -75.586854347
v 19.713214444 -66.5922993352 -67.5150064188
v 28.3370255205 -63.6238978272 -58.6060394336
v 30.3960833657 -62.9151496463 -56.4788965497
v 15.5937709454 -74.1934365857 -56.1012546563
v 30.8693830919 -66.3988281057 -50.4755375831
v 31.5303469936 -62.6264071386 -55.6073355442
v 30.2594936734 -69.8797438163 -45.7402876463
v 30.1329453977 -70.5378413159 -44.942520044
v 52.1594187866 -37.3867095109 50.5608769659
v 56.5724828102 -24.4514917041 60.3862229404
v 57.9180186656 -23.4748796129 60.4279248639
v 57.5251599527 -23.3326657036 60.8411930442
v 57.1626585039 -23.2014410509 61.2225268652
v 53.845220466 -21.1802957829 67.1340000258
v 51.3464396075 -19.6579164497 71.5866757988
v 51.7718208636 -18.6447782827 74.5850325758
v 52.8591633432 -16.0550351972 82.2493117277
v 64.8201650765 -12.8439698405 93.0267057897
v 65.3209851712 -12.5741533669 93.2204534653
v 65.3349619305 -12.4703218027 93.0426607856
v 65.309905413 -12.6564634795 93.3613945714
v 63.4098785205 -19.5849655533 96.838612871
v 29.9935261361 -59.5318760097 -77.8406758503
v 31.6642449814 -57.4398005941 -69.3803235356
v 32.1065478133 -56.8859486497 -67.140546449
v 31.9069003074 -59.1851536013 -62.2512612363
v 31.6696221576 -61.9177251635 -56.4404170476
v 31.599221614 -62.275948373 -56.0193126024
v 58.4361972959 -22.2040165681 61.2610063673
v 59.8194153427 -19.0084722619 64.0516919315
v 63.7397729767 -9.95156576421 71.9611357687
v 66.051573239 -6.11085096294 80.9443966997
v 66.4934013247 -5.37681883406 82.66126517
v 65.9517610288 -8.69345936418 87.5151938439
v 49.7633519701 12.3223974002 -81.0466541854
v 52.4112602747 9.65207412335 -82.6946045242
v 53.0280593731 13.4289365619 -88.2220714659
v 48.7027413551 15.3371312037 -82.6610236005
v 45.2739437991 16.8498091379 -78.2526292927
v 48.403187204 11.8613834734 -78.0571826762
v 51.8696199789 6.33543359323 -77.8406758503
v 50.3015592879 14.3799568425 -71.4265449508
v 52.3114480645 7.06946572212 -76.1238073801
v 46.1066059978 17.7479801904 -75.586854347
v 48.6278700884 20.4676021755 -67.5150064188
v 51.4723089756 15.9331923807 -67.3373481531
v 54.6232483269 10.9101805234 -67.140546449
v 59.1450645169 23.2425191862 -57.0732788996
v 58.5436059609 19.9670870211 -59.2311026118
v 57.2516811649 23.4360036835 -58.6060394336
v 59.3107390101 24.1447518644 -56.4788965497
v 59.6030335168 23.6787959669 -56.4606403884
v 59.9268240077 23.1626313272 -56.4404170476
v 60.445002638 24.4334943721 -55.6073355442
v 86.5208350514 63.4553762147 60.9753225905
v 86.7637996895 63.2345631322 60.8399019221
v 86.83267431 63.5850218978 60.4279248639
v 86.4398155971 63.7272358071 60.8411930442
v 86.0773141483 63.8584604598 61.2225268652
v 86.3696086551 63.3925045623 61.2407830265
v 86.6933991459 62.8763399227 61.2610063673
v 84.0074942197 63.0126287164 68.8563664623
v 86.4561209961 60.1437683605 67.071850556
v 82.7598761104 65.8796057278 67.1340000258
v 80.2610952519 67.401985061 71.5866757988
v 83.105534139 62.8675752662 71.7643340645
v 86.2564734903 57.8445634089 71.9611357687
v 84.202254171 64.7887821995 78.2807463851
v 86.6987763222 58.3984153532 74.2009128553
v 80.686476508 68.415123228 74.5850325758
v 81.7738189876 71.0048663135 82.2493117277
v 84.9030623926 66.016440649 82.4447583441
v 88.3694951674 60.4904907688 82.66126517
v 94.2496175749 74.589579708 93.0426607856
v 52.2792325293 21.8198658079 -91.2803005668
v 54.9531427831 20.5435803125 -92.0180235513
v 55.9010020038 23.9999759049 -93.7526902768
v 52.0216616677 24.5506574345 -92.1920841815
v 44.2453476304 25.6545235917 -89.0637783268
v 48.6492317605 19.6348009152 -88.8022917893
v 53.0531158906 13.6150782387 -88.5408052517
v 47.0303950327 19.1357703242 -84.9582055521
v 53.0420361323 13.532768126 -88.3998641456
v 44.140075308 25.7009664383 -88.9284300308
v 44.2325560549 18.2732946869 -78.3144630893
v 44.5960165226 18.7577211466 -77.032161362
v 47.2707549841 22.3226592858 -67.5955869517
v 48.9921808909 23.9763242026 -65.2134174839
v 55.12437873 29.8671385496 -56.7274673164
v 64.0905751528 37.9638728467 -47.2955146213
v 64.858480952 40.1839872659 -45.8201560466
v 65.5310417345 39.264655768 -45.7802218464
v 66.203602517 38.3453242701 -45.7402876463
v 67.1823829506 40.7382202697 -44.1447524417
v 87.7395192923 71.8899779071 50.0024090976
v 88.2300759058 71.4964560751 49.7631093636
v 88.3566241815 72.1545535747 48.9653417614
v 87.5575151233 72.415787573 49.7231751635
v 86.7584060651 72.6770215712 50.4810085656
v 87.4309668476 71.7576900734 50.5209427658
v 88.1035276301 70.8383585755 50.5608769659
v 83.9226222362 70.3791526609 57.1405613723
v 87.4936382117 67.3574428649 55.2961269028
v 82.4649256033 74.2312511732 54.9975403348
v 81.8909538683 69.5808471451 60.9739560985
v 80.8357201331 69.4664537945 64.6947349174
v 78.9039801475 69.2570421713 71.506095266
v 79.1697559936 69.7180102104 73.0586954538
v 80.7324312434 72.4283518625 82.1874779311
v 82.5078323372 74.0696615742 84.2744391023
v 85.611872844 87.0302550574 92.8384214962
v 90.0157569741 81.0105323809 93.0999080338
v 94.4196411042 74.9908097044 93.3613945714
v 99.6380051283 88.8927979395 98.5732795964
v 51.683100356 30.3840607824 -93.9740838527
v 56.9584155456 27.7846072688 -95.4826803519
v 58.911565106 34.7752034666 -98.6781466679
v 51.3660806474 35.8463028195 -95.6427004276
v 44.1470413613 25.8060609627 -89.0698481518
v 44.1062399039 25.7924836965 -88.9787200208
v 61.3161436963 45.6444373441 -46.0388742143
v 71.8485435256 54.9896330757 -35.9149416718
v 72.4387192193 56.2396837289 -35.078637747
v 72.737801141 55.778654249 -35.0601712247
v 73.0619293319 55.2790163891 -35.0401582449
v 73.5771801666 56.5346538215 -34.1886197495
v 89.9155152104 81.1089594991 39.5750637878
v 90.1584798485 80.8881464166 39.4396431194
v 90.2231571496 81.2323775973 39.0092090692
v 89.8283749582 81.3793593277 39.436521488
v 89.4719943073 81.5120437442 39.8222680625
v 89.771076229 81.0510142643 39.8407345848
v 90.0952044199 80.5513764043 39.8607475646
v 85.6199623157 79.2059443031 46.440431971
v 89.1909782912 76.1842345071 44.5959975014
v 84.4979332147 83.1380969763 44.5394084847
v 83.2160688094 78.1374716495 50.2622903979
v 81.4635963295 77.4169728568 53.3851222292
v 85.5135665749 87.1817924283 92.8323516713
v 104.88877221 102.991827952 103.498735988
v 104.37704304 101.617764922 103.018710941
v 103.381060429 102.791617531 102.882278582
v 60.9494625065 45.4125826581 -100.360657161
v 62.1056850965 45.0456934145 -100.558990829
v 62.5624100123 46.5004205156 -100.78807364
v 61.1497394944 46.6016201668 -100.513045431
v 56.0512831708 46.966858908 -99.5204436211
v 57.372143178 42.9998919909 -99.4126999407
v 59.4778620301 36.6757418331 -99.240934653
v 51.6330049166 39.3956547062 -96.3566829382
v 59.0465374298 35.2281815229 -98.8122826643
v 52.2430414857 47.5074478161 -97.9884395506
v 68.3198404023 68.6099999723 -35.4146182148
v 70.0894050851 63.2954287717 -35.2702733102
v 79.3986753278 71.4804760932 -26.7534845159
v 75.0954760581 60.432652518 -32.2494726807
v 89.0995144582 89.493003643 36.7559782582
v 91.5481412346 86.6241432871 34.9714623519
v 92.6629921725 91.1608129001 31.5740738356
v 88.8212031852 92.5911529843 35.7324279374
v 85.3531154903 93.8823599876 39.4862875947
v 87.1226801731 88.567788787 39.6306324993
v 84.2304002921 87.1200370789 43.2944761146
v 83.7406471438 94.409486478 41.0154685749
v 102.28445841 115.563264664 103.782015005
v 103.605318417 111.596297747 103.889758685
v 105.711037269 105.272147589 104.061523973
v 109.499257488 116.140868478 105.60866296
v 64.5511785012 57.4163133685 -100.662103184
v 65.9889879073 56.8780775697 -100.962222457
v 66.6458796318 58.8675251315 -100.995607636
v 65.0437127856 58.9822997544 -100.683687006
v 59.261346986 59.3965318026 -99.5579370936
v 57.4857889611 52.5214019842 -99.5371986162
v 52.8289811442 49.4282260109 -98.0291506513
v 56.0106120451 59.8579813107 -98.2502104382
v 71.5299042176 81.039672867 -35.4521116872
v 69.2225174382 72.1052514475 -35.425161462
v 83.7180272537 84.1975605302 -25.9237665261
v 83.0249740339 82.1570654591 -26.0568973138
v 90.991614489 100.095948768 35.4802287796
v 93.4881366402 93.7055819221 31.4003952498
v 96.6049704308 103.317986038 30.7443558458
v 92.3785154677 104.891541474 35.3190725702
v 88.5631793056 106.312032882 39.4487941222
v 86.2557925262 97.3776114628 39.4757443474
v 84.261776232 96.198385137 40.9583072497
v 87.325845222 106.716525519 40.6222173096
v 105.494522225 127.992937558 103.744521532
v 103.7189642 121.11780774 103.76526001
v 113.677118053 128.648021436 105.816196956
v 110.115285336 117.985055089 105.639263962
v 70.1288174631 68.7449852784 -99.240934653
v 57.5316634616 62.3340410415 -97.7031602704
v 71.4194330018 72.2585106448 -98.1686166964
v 64.2532048317 73.2757736711 -95.2857401263
v 70.5013080489 89.8443873208 -46.2632607214
v 85.1882460303 93.0775298659 -35.3748470265
v 85.6890661251 93.3473463396 -35.181099351
v 85.7180667383 93.473468875 -35.2928272096
v 85.6524827827 93.1882468109 -35.0401582449
v 84.6225019032 88.4012487001 -30.186229571
v 102.685757871 118.460606826 39.8607475646
v 89.2971926551 109.376828143 41.4739214968
v 102.86626113 118.916335267 40.1134165293
v 97.6337471461 120.626878447 45.0756602101
v 92.401233162 122.337421626 50.0379038908
v 92.2820813096 122.38055431 50.1632458205
v 115.205100227 138.687528095 102.805671695
v 116.937358082 139.340654905 103.293093328
v 117.164894867 140.131293498 102.989206016
v 114.292149786 139.749819061 101.814628088
v 116.361992702 137.341391034 104.061523973
v 114.160639468 130.213617944 105.500196369
v 74.2835350368 85.4357206107 -88.6479173407
v 77.3256100845 86.6977730468 -88.5408052517
v 78.3561994409 88.8590667891 -85.8292672993
v 75.0278224276 90.3274423296 -81.5499833697
v 72.3893271953 91.4914636672 -78.1576782909
v 73.8613008568 93.0792433633 -73.4451423869
v 75.7432534847 95.1092567048 -67.4200554171
v 83.7657265289 97.731467548 -57.1663591963
v 84.776585066 98.1323078693 -56.8690690363
v 84.6305488944 98.1683521398 -58.2388916959
v 83.2257017033 97.4586617848 -56.4966330201
v 84.8222834599 98.1210287098 -56.4404170476
v 85.1673668708 96.7490904813 -49.4985419474
v 76.9550993631 93.7677089692 -51.7343220096
v 85.3541912079 96.0063383179 -45.7402876463
v 85.4752995538 95.1633257953 -42.2630693466
v 107.254116321 128.499372623 50.5608769659
v 111.166403358 136.924931491 60.2181933359
v 109.992276842 137.17237038 61.2047903948
v 111.588858598 137.834737305 61.2610063673
v 112.215109158 139.095709577 63.0594810156
v 109.241649068 140.90728668 68.3580063583
v 107.376478648 142.04363959 71.6816268006
v 108.052481084 143.653686716 76.4465205412
v 108.889202384 145.646520843 82.3442627294
v 116.902440307 147.514319738 92.1055422938
v 118.634698161 148.167446548 92.5929639264
v 118.489458612 148.404994928 90.649856619
v 115.65006025 146.811452076 93.2542824824
v 118.692135298 148.073504512 93.3613945714
v 117.928515082 144.102399005 98.1753002937
v 107.089520249 141.090611852 95.8265844966
v 80.8502632813 93.5940190889 -77.8406758503
v 81.2288147476 94.1359951069 -76.1193880461
v 83.2034721196 96.9631323255 -67.140546449
v 83.4147774789 97.1415876199 -65.8224902731
v 114.836697283 143.897515211 71.9611357687
v 115.207305574 144.465430015 73.5388757583
v 117.35013847 147.749076265 82.66126517
v 117.555319627 147.867201228 84.0999375664
v 10.2311094725 -150.038727763 -89.2460001745
v 11.564332394 -150.318265298 -89.381082232
v 11.5321311789 -149.554858855 -91.8583226506
v 8.56530242986 -149.171313099 -90.7758260611
v 2.12012273363 -148.338093009 -88.424195539
v 9.65563246903 -150.252756036 -88.0904994604
v 11.5822174518 -150.742273158 -88.0051842162
v 9.23364091941 -149.239434896 -80.5010666163
v 12.5831778237 -150.166009679 -80.9867324451
v 1.08196674185 -147.92602433 -87.2250554092
v 9.06588795704 -148.836612557 -77.4840634478
v 13.1082528018 -149.863718457 -77.3050548148
v 10.8919127854 -146.264142871 -70.2426369737
v 14.5957703098 -147.584268064 -70.972449976
v 11.766158329 -145.032522072 -66.7756606624
v 15.6216939887 -146.012157403 -66.6049254134
v 15.5815364618 -140.805091915 -58.2566517831
v 17.9092078599 -141.82225553 -58.8376264496
v 8.05960327359 -137.518100135 -56.3792164076
v 16.5915911076 -139.685953701 -56.0013931438
v 18.7729431608 -140.240203416 -55.9047960121
v 21.8636421792 -134.225941536 -46.4272749923
v 43.520814879 -100.130520831 60.1130906467
v 45.2911370483 -100.604145953 59.866901458
v 44.3196359983 -100.907865161 52.3191063831
v 39.5729072051 -99.3561283499 56.8206566952
v 34.8261784119 -97.8043915391 61.3222070073
v 43.3581662458 -99.9722451054 61.7000302711
v 45.5395182991 -100.526494821 61.7966274028
v 43.3878424818 -98.6228970997 69.3506971852
v 46.6699803451 -99.5717772602 68.8480930441
v 34.3835642524 -97.5637397096 62.0252680429
v 43.3993834924 -98.0981391864 72.3260215552
v 47.2549191521 -99.0777745178 72.4967568042
v 44.8527559031 -95.806034645 79.4989326059
v 48.6393845372 -97.0956212219 78.7919731623
v 45.5657631456 -94.681555381 83.0178775725
v 49.6081279903 -95.7086612813 83.1968862055
v 49.9687869868 -89.9976038502 91.7279257113
v 52.092534929 -90.9920425014 91.1545461918
v 43.4866479473 -86.9623615436 93.478004284
v 51.0221576827 -88.8770245707 93.8117003626
v 52.9487426654 -89.3665416923 93.8970156069
v 54.6511469986 -85.5789478414 97.7501540413
v 11.928449552 -141.211936121 -99.9461295759
v 13.2616724735 -141.491473655 -100.081211633
v 13.6190362357 -140.150067603 -100.845406879
v 11.6233297113 -140.020007878 -100.494975953
v 3.81746281311 -139.511301367 -99.1243249404
v 9.8440926781 -142.521134263 -98.8373932736
v 12.6182556318 -143.906612897 -98.7053136175
v 5.64003914126 -144.747812814 -94.2164831017
v 12.0751934054 -146.730735876 -95.2818181341
v 2.0237868163 -139.27941848 -98.4698725559
v 0.442928017573 -147.500464693 -88.5040478423
v 0.321596990183 -147.488939349 -87.9340555076
v 7.17935592799 -137.078485047 -56.4211255415
v 7.59386515997 -136.680629727 -55.8494573393
v 15.060303171 -129.514173939 -45.5521590746
v 22.3589345295 -133.15927265 -45.2046666107
v 19.5079968274 -125.302128515 -39.7462532829
v 22.83059848 -132.129162708 -44.0816371923
v 15.8907802499 -117.869741538 -35.0264510957
v 23.3974552314 -121.618741858 -34.6690535431
v 26.8529087943 -123.344472164 -34.5045372094
v 31.1292509979 -114.17006968 -23.8472406523
v 41.1106341065 -96.2858301971 37.7587141791
v 43.7089384999 -97.4564916745 37.0872080369
v 43.3153573637 -96.0894794424 29.739072043
v 38.0627818875 -94.3243004639 34.862285893
v 32.9240553379 -92.5973815224 39.8744547138
v 40.4307303194 -96.3463818429 40.2318522664
v 43.8861838823 -98.0721121492 40.3963686001
v 38.6384610421 -96.6948466025 45.6632194005
v 44.0232986804 -99.0265425881 44.3331582669
v 32.7788965436 -92.554459467 39.9987374547
v 36.9602282842 -97.0211396333 50.7490055376
v 44.2588596426 -100.666238345 51.0964980015
v 36.1552472225 -97.1129093264 53.5614325386
v 44.2780174069 -100.742403319 51.4818854261
v 33.9459310663 -97.3647764514 61.2802978734
v 33.9082618915 -97.3374166154 61.5942713691
v 41.8094532313 -86.124733227 93.3981519808
v 44.9156900294 -83.4686780122 95.8075226037
v 50.0506380519 -70.9148956113 104.178133685
v 56.0772679169 -73.9247285068 104.465065352
v 58.8514308706 -75.3102071413 104.597145008
v 60.8255721259 -70.109481519 106.73723827
v 12.6283210784 -131.585851611 -101.901325419
v 15.9778579826 -132.512426394 -102.386991248
v 17.2152279245 -128.505939821 -103.195662002
v 13.0278321092 -128.23304822 -102.460387062
v 2.97807191093 -138.06558124 -99.1782113577
v 2.01893706967 -138.662147707 -98.634184909
v 15.7921121712 -117.699801136 -35.032785295
v 16.1270480959 -117.403116541 -34.7137056525
v 24.0225782995 -101.809578026 -24.2624693345
v 27.3198394732 -107.488596981 -24.0507949036
v 31.1578212294 -114.098922943 -23.804407808
v 35.5329922891 -99.8861472673 -14.3409469209
v 31.3396982699 -113.664935292 -23.4772307744
v 30.508582966 -99.8239610449 -18.2910382924
v 36.0700644295 -98.1213763873 -13.1707824865
v 36.5487802953 -98.9458899252 -13.1400503415
v 37.1060011712 -99.905616119 -13.1042784067
v 38.4793356393 -96.9562711401 -9.69039534893
v 43.9141583967 -88.1692545012 18.3756078479
v 44.3500547768 -88.8733372891 17.9317973998
v 44.2266029064 -88.4290204073 15.5822267397
v 43.6099987285 -87.609349991 17.9918647982
v 43.3700394672 -87.2903649522 18.9296057176
v 43.848755333 -88.1148784901 18.9603378626
v 44.4059762089 -89.0746046839 18.9961097974
v 40.926775479 -89.0004116394 25.9864969877
v 43.9061036689 -92.2972871837 23.9416048595
v 39.7368102263 -85.5030684951 24.145350028
v 36.1892033624 -83.757892301 29.2381776723
v 39.4864645361 -89.4369112557 29.4498521032
v 43.3244462922 -96.0472372179 29.6962391988
v 37.1297036964 -90.4949929116 33.1359476082
v 43.319606986 -96.0697286543 29.7190451046
v 35.4255580201 -83.5012618706 29.983015783
v 32.8253872592 -92.4274411205 39.8681205145
v 32.7589406695 -92.4596320461 39.9584538309
v 49.2112471498 -69.469175484 104.124247268
v 65.4907106213 -56.8793517266 109.087493393
v 62.0212585668 -66.7185667971 107.339614423
v 54.7516383639 -57.6820851888 106.536906182
v 15.9839330239 -119.783767944 -102.343025178
v 19.6877905482 -121.103893138 -103.07283818
v 21.3930884891 -115.998786862 -102.988128006
v 17.3992248703 -115.738507709 -102.286835852
v 29.1509393566 -89.3643689613 -24.2218360145
v 24.8261399907 -99.8595411367 -24.2561025091
v 36.9022728929 -89.7115778313 -15.9146491473
v 39.0349529315 -86.3384899793 -15.1219804769
v 41.1984254865 -85.6761673224 -13.1301491665
v 40.9303893449 -86.3266218793 -13.1322728856
v 42.1356563619 -85.2229295938 -11.7762433588
v 39.4555810187 -93.8234440885 -10.2473211867
v 48.4085286394 -75.4341214002 18.5828819916
v 48.1216734093 -77.3139956001 17.3465065147
v 48.831612368 -75.2881043791 17.6680747495
v 48.5917471046 -74.9692442946 18.6054483327
v 48.4984005242 -74.8451558873 18.9702390375
v 48.2303643826 -75.4956104442 18.9681153184
v 42.2839686305 -78.8357461405 24.4059061694
v 44.5504732867 -72.9030498718 24.6377534336
v 41.3175644194 -71.3126832361 29.2788109922
v 36.9927650536 -81.8078554115 29.2445444977
v 35.7854441801 -82.5437812152 30.0158094737
v 40.1538463345 -70.9216044768 30.4138687629
v 55.5513694206 -55.0324055241 106.474041924
v 67.1717490381 -51.7881964343 109.002058051
v 69.5741802408 -44.5122471106 108.879959397
v 58.4762028027 -45.3418083278 106.244130282
v 22.3708967797 -105.497925346 -101.057169389
v 24.6985681779 -106.515088961 -101.638144055
v 25.9466740493 -102.934168748 -101.128407783
v 23.6870599842 -102.78691023 -100.731636694
v 14.8489635915 -102.210933566 -99.179734013
v 13.9075830112 -102.089233745 -98.8362557223
v 42.2219968624 -76.8548324911 -23.8577192515
v 38.15890891 -80.7433737892 -23.9709035468
v 43.862289701 -76.3526753879 -22.3475606749
v 43.0262158785 -80.4168719028 -17.8937444982
v 42.1271335941 -84.7873556913 -13.1042784067
v 42.1302363529 -84.9459286788 -12.6208002095
v 49.4271086318 -73.9563442562 18.9961097974
v 53.8309278137 -60.3220258394 28.6324231839
v 55.3663092129 -59.2841010106 28.2393920656
v 54.8015097838 -59.006258917 29.0501995358
v 54.3886219252 -58.8031467659 29.6429277553
v 50.3255339728 -62.691688064 29.5297434599
v 41.7658528794 -68.5910522955 31.0699711254
v 49.6398364059 -57.207271293 34.2747591023
v 61.0821388304 -33.61452781 104.122724613
v 58.5536184309 -43.5198522057 105.83096201
v 70.8384933097 -40.4852487539 108.245808768
v 73.2819248647 -32.7026076509 107.020239173
v 30.1564026596 -91.1005421038 -98.7053136175
v 14.3832254779 -101.373463158 -98.6499749447
v 30.7563609969 -89.4895716548 -98.1425256323
v 22.9508392218 -88.48048923 -95.2945517803
v 44.2043929319 -68.0257321981 -34.5462391329
v 29.5152104714 -79.2755138225 -34.1459939163
v 44.673941432 -71.7113765154 -28.6747518168
v 45.4219760575 -67.7301212999 -33.652998714
v 43.9421203649 -75.6063385143 -23.804407808
v 43.9084070168 -75.9215246043 -23.1891655924
v 56.1087454277 -57.5546527891 29.6962391988
v 60.6926067231 -44.0306465397 39.5022042715
v 62.0679530405 -43.0323975241 39.5448301047
v 61.6482621561 -42.8913563282 39.9541847464
v 61.2376680198 -42.7533721828 40.3546666766
v 56.0070615737 -41.206732306 44.8330319689
v 75.8245917166 -21.9326972043 104.0061853
v 76.6251364068 -21.6610394103 104.211757584
v 76.7335681012 -21.2729471692 104.034357023
v 75.3426917379 -21.4452932288 103.502131431
v 76.3895778984 -22.504136348 104.597145008
v 73.914676686 -30.6260884187 106.526870953
v 27.9946972248 -81.1681703044 -93.2469002897
v 31.3172988775 -87.9952044967 -97.5822841991
v 36.1009297233 -75.2513676478 -92.8045925976
v 32.4054946885 -74.7736291118 -91.4562519416
v 24.3774806473 -73.7357833266 -88.5270981025
v 24.2554482822 -73.6873457933 -88.3861424973
v 45.9017330113 -59.1989405559 -45.2463685342
v 32.3725210376 -69.4982923929 -44.1850606712
v 46.312778553 -63.0276113279 -39.4702483983
v 47.1004793655 -58.9312778748 -44.4359595872
v 45.5250777404 -67.1239447811 -34.5045372094
v 45.4761623218 -67.411538323 -34.1005344736
v 62.5583528284 -41.8515847658 40.3963686001
v 67.2906046092 -27.9553160981 50.2217145746
v 68.6507799166 -26.9569833747 50.3277909779
v 68.2432817516 -26.8364900976 50.6766846784
v 67.8016581245 -26.7059062505 51.054796078
v 62.859838395 -25.0903929317 55.741360471
v 65.744005861 -12.3600518609 93.3751017205
v 70.5234493985 -17.2235846156 98.6310351229
v 78.5771952129 -14.5501084994 100.660355341
v 79.6503295588 -10.6368936017 98.6964239884
v 41.3064969866 -61.2446536599 -88.0051842162
v 24.6137484933 -73.2691583297 -88.2143526593
v 41.3341244049 -61.1784098982 -87.9564078235
v 36.5873208047 -59.2942912261 -82.4735297872
v 32.5092786969 -57.6756198152 -77.7631163413
v 33.0468845692 -57.1086508379 -76.0801487496
v 35.9402996745 -54.0572023925 -67.02235362
v 43.7785407839 -51.5192246298 -59.397385821
v 47.3140171008 -50.3744575645 -55.9581074556
v 32.9098906303 -61.6219305381 -55.546252719
v 48.068621591 -54.0577932309 -50.0750106195
v 48.8652009171 -50.0045119874 -54.8397905217
v 47.2543939817 -58.2008752674 -45.2046666107
v 47.1735024013 -58.5847466808 -44.800663875
v 69.1543190948 -25.7078409621 51.0964980015
v 73.4688956924 -12.2238753088 60.7020356112
v 75.1473885492 -11.0094916876 60.7316219124
v 74.6139903941 -10.8351203283 61.2374689359
v 74.0805922391 -10.660748969 61.7433159594
v 70.5924415482 -8.7642216493 67.2839946404
v 67.5735248379 -7.12281950693 72.0793285977
v 67.8679799807 -6.38397749057 74.2656478603
v 69.0091538855 -3.52056263956 82.7388246791
v 82.5973586791 0.105320289145 93.8444719504
v 82.6755670662 0.146660851329 93.8742097011
v 82.6784650614 0.164406223148 93.8482392143
v 82.6730222003 0.131077805784 93.8970156069
v 80.5888954728 -7.29336777068 97.2061761701
v 45.717032766 -46.9253974141 -78.541723329
v 41.5237387468 -60.704185439 -87.6780071825
v 47.5353481659 -45.6691823017 -78.8514811999
v 46.846179163 -45.3956348167 -78.0554445598
v 46.2541049064 -45.1606265341 -77.3715588946
v 39.9090802798 -50.9379233408 -77.5523135731
v 45.3889732904 -45.5776196203 -69.4152961541
v 49.5058019997 -41.7313273567 -67.1921670607
v 49.685125884 -41.5422091114 -66.6307961733
v 47.2168471114 -43.7896360183 -66.7011115719
v 50.4932367489 -41.2805474227 -65.8446734658
v 49.8155761965 -45.109705334 -60.6942621036
v 49.1854066801 -48.6705125561 -55.9047960121
v 49.0004272553 -49.4411496777 -55.2895537965
v 75.9519818184 -8.95680396063 61.7966274028
v 80.9498867425 4.57494164801 71.9247602671
v 81.7806829015 5.14080132216 71.7365048565
v 81.505453088 5.29044533318 72.1736877924
v 81.3183510474 5.39217377416 72.4708860443
v 78.8500722748 3.14474686718 72.4005706457
v 77.2879318842 3.19106935593 79.1512134947
v 82.5882977225 8.57870314913 81.9001962341
v 82.7539800949 8.99443064154 83.1303821257
v 76.4089554684 3.21713383476 82.9496274473
v 84.7385714845 9.52943620119 84.7433125906
v 83.7864104628 5.20101102283 88.9515205448
v 49.2049135429 -41.1793278269 -77.3050548148
v 49.6396214956 -40.8626942353 -74.4480975949
v 50.833020297 -39.9934436353 -66.6049254134
v 50.6169367503 -40.8119704678 -66.1214472163
v 82.4662454604 6.94093925021 72.4967568042
v 82.9655208814 7.87130272373 74.1463600869
v 85.7047887314 12.9757293487 83.1968862055
v 85.0397994344 10.6038527705 84.2611986032
v 59.1902191121 -8.72812972136 -77.9255567643
v 59.6261154922 -9.43221250925 -78.3693672124
v 59.9273434421 -8.35779593998 -78.8514811999
v 59.2381744392 -8.084248455 -78.0554445598
v 58.6461001826 -7.84924017234 -77.3715588946
v 58.7343521506 -8.95715884006 -77.3529283191
v 58.9611261951 -11.8040890875 -77.3050548148
v 61.9872492753 -4.81978826253 -67.0181532193
v 61.7003940452 -6.69966246252 -68.2545286962
v 61.8977972759 -4.41994099499 -67.1921670607
v 62.0771211601 -4.23082274963 -66.6307961733
v 62.1114520686 -4.66181432023 -66.6235486909
v 62.1996694662 -5.769298989 -66.6049254134
v 62.8852320251 -3.96916106095 -65.8446734658
v 93.8853061141 42.3315862757 72.2344555351
v 94.0489781763 41.983610729 72.013278607
v 94.1726781777 42.4521876839 71.7365048565
v 93.8974483642 42.6018316949 72.1736877924
v 93.7103463235 42.7035601359 72.4708860443
v 93.744677232 42.2725685653 72.4781335267
v 93.8328946296 41.1650838965 72.4967568042
v 95.1079862146 44.9499731948 82.244643133
v 95.026293431 42.0343344965 80.3399289856
v 94.9802929986 45.8900895109 81.9001962341
v 95.1459753711 46.3058170033 83.1303821257
v 95.2342273392 45.1978983355 83.1490127013
v 95.4610013837 42.3509680881 83.1968862055
v 97.1305667607 46.8408225629 84.7433125906
v 57.9001762739 -0.732495217337 -81.0147970259
v 60.8795044637 -4.02937076162 -83.0596891541
v 61.9874498652 1.00723403807 -87.9564078235
v 57.240646265 2.89135271016 -82.4735297872
v 53.1626041572 4.51002412106 -77.7631163413
v 55.8716602969 -1.59592373795 -77.5696720313
v 57.5600293459 0.605378639312 -71.8952584428
v 53.7002100295 5.07699309835 -76.0801487496
v 56.5936251348 8.12844154376 -67.02235362
v 59.0623686997 2.56413474941 -66.8460691981
v 67.4096484496 10.2923072982 -56.968612027
v 64.4318662442 10.6664193064 -59.397385821
v 67.9673425611 11.8111863718 -55.9581074556
v 68.2826357802 11.1005462606 -55.9355934595
v 68.7139331082 10.1284442218 -55.9047960121
v 69.5185263774 12.1811319489 -54.8397905217
v 95.3243825048 50.9467677902 61.3871426669
v 95.6654876713 50.6127899389 61.1813851872
v 95.8007140095 51.1761522486 60.7316219124
v 95.2673158544 51.3505236079 61.2374689359
v 94.7339176994 51.5248949672 61.7433159594
v 95.0492109185 50.8142548561 61.7658299554
v 95.4805082465 49.8421528173 61.7966274028
v 92.1029579543 49.9238470323 68.864652395
v 94.8503387301 46.2813455952 66.5860934943
v 91.2457670085 53.4214222869 67.2839946404
v 88.2268502982 55.0628244293 72.0793285977
v 90.6955938631 49.4985176349 72.2556130195
v 91.5783188951 51.1105559937 77.8790496336
v 88.521305441 55.8016664456 74.2656478603
v 89.6624793458 58.6650812967 82.7388246791
v 92.3715354854 52.5591334377 82.9322689891
v 103.331790522 62.3500501594 93.8482392143
v 103.14217618 61.8758257002 93.5698385733
v 61.4787150603 9.63566950934 -90.6428386372
v 64.0770194538 8.46500803189 -91.3143447794
v 65.0155853677 11.8085338629 -92.8045925976
v 61.3201503329 12.2862723989 -91.4562519416
v 53.2921362917 13.3241181841 -88.5270981025
v 57.5948510026 7.24963071468 -88.2690002494
v 61.9928927263 1.04056245543 -88.0051842162
v 55.8004445708 6.59971515264 -84.5654758067
v 61.9903478604 1.02497940989 -87.9823783103
v 53.1701039266 13.3725557174 -88.3861424973
v 52.5231951487 5.41272910406 -77.801471218
v 52.758844975 5.7241352068 -76.9854845399
v 55.6192306277 9.50407242363 -67.0808025638
v 57.0419135948 10.8500724843 -65.2311934868
v 63.9911299498 17.4247246391 -56.1966201174
v 74.271327359 26.5836865979 -46.0988309393
v 74.8163886558 27.8609609548 -45.2463685342
v 75.1601838379 27.375597721 -45.2257460193
v 75.5115958318 26.8794812233 -45.2046666107
v 76.0151350099 28.1286236359 -44.4359595872
v 97.2389568503 59.9515518207 50.8108142247
v 97.4924125253 59.756386942 50.6924952657
v 97.565435561 60.102918136 50.3277909779
v 97.157937396 60.2234114131 50.6766846784
v 96.7163137689 60.3539952602 51.054796078
v 97.060108951 59.8686320264 51.0754185929
v 97.4115209449 59.3725155287 51.0964980015
v 93.0385477563 58.1264933514 57.7304044879
v 96.5972933356 55.2294334922 55.9668420102
v 91.7744940394 61.969508579 55.741360471
v 90.757705088 57.1384332345 61.5048032976
v 89.5702661606 56.9013085776 65.0672313508
v 87.2524557911 56.4384553091 72.0208796538
v 87.4426588573 56.7746144958 73.1681032526
v 89.0230703373 59.5677862797 82.7004698023
v 90.3088824029 60.7396500279 84.1149398359
v 94.6586615054 74.6998496498 93.3751017205
v 98.9613762163 68.6253621804 93.6331995737
v 103.35941794 62.4162939211 93.8970156069
v 108.564985203 76.423007909 98.6964239884
v 60.7038820754 18.0534447462 -93.4384628172
v 66.0887197137 15.7217487606 -94.7685239507
v 67.9323468254 22.4445874304 -98.1425256323
v 60.1268250503 23.4536698552 -95.2945517803
v 53.1678230807 13.4754449264 -88.5342271163
v 53.1270216234 13.4618676603 -88.4430989853
v 70.3369254157 33.3138213079 -45.5032531788
v 80.8693252451 42.6590170395 -35.3793206363
v 81.3803787604 43.9084268871 -34.5462391329
v 81.7585828604 43.4480382128 -34.5245501892
v 82.1075620982 43.023225027 -34.5045372094
v 82.597961886 44.2040377853 -33.652998714
v 98.9362969298 68.7783434629 40.1106848233
v 99.1897526048 68.5831785842 39.9923658644
v 99.2439388691 68.9017615611 39.5448301047
v 98.8242479846 69.042802757 39.9541847464
v 98.4136538484 69.1807869024 40.3546666766
v 98.7918579484 68.7203982281 40.3763556203
v 99.1408371862 68.2955850423 40.3963686001
v 94.6407440352 66.8753282669 46.9760530065
v 98.3531363736 64.1992515892 45.362079789
v 93.1830474023 70.7274267792 44.8330319689
v 92.2368505289 65.8068556133 50.7979114334
v 90.4843780489 65.0863568206 53.9207432647
v 94.5343482944 74.8511763921 93.3679727068
v 113.90955393 90.661211916 104.034357023
v 113.348616049 89.1668447579 103.47411559
v 112.518677566 90.4888658564 103.502131431
v 68.9809160713 32.2713538016 -100.388850374
v 70.7512382406 31.7977286799 -100.635039562
v 71.3839900619 33.8742479121 -101.128407783
v 69.1243759968 34.0215064295 -100.731636694
v 60.2862796042 34.5974830939 -99.179734013
v 64.2813083162 29.1366298516 -98.9425238153
v 68.2763370281 23.6757766092 -98.7053136175
v 59.9180083354 26.4621736645 -96.2403790803
v 68.0407785198 22.8326796716 -98.3199261929
v 59.3448990239 34.7191829144 -98.8362557223
v 77.2211540462 49.5937216381 -34.7931986889
v 87.0476163283 58.3904578288 -24.8989995996
v 87.659312875 59.9535841686 -23.8577192515
v 88.1082411869 59.3399386095 -23.8310635298
v 88.5571694988 58.7262930503 -23.804407808
v 89.2996057136 60.4557412718 -22.3475606749
v 100.416402743 77.4271427168 29.2867544629
v 100.75750791 77.0931648656 29.0809969832
v 100.803625226 77.5243156491 28.2393920656
v 100.238825796 77.8021577427 29.0501995358
v 99.8259379378 78.0052698938 29.6429277553
v 100.27486625 77.3916243347 29.669583477
v 100.723794562 76.7779787755 29.6962391988
v 96.4332279153 75.7800766358 36.3301456852
v 99.9919734946 72.8830167766 34.5665832075
v 95.0771524186 79.6011453667 34.2747591023
v 94.2544291341 74.8660816534 40.1077071206
v 92.1817181284 73.9131484628 43.2206138634
v 106.519454843 103.19388885 104.122724613
v 110.514483555 97.7330356073 104.35993481
v 114.509512267 92.272182365 104.597145008
v 118.719240877 104.105809009 107.020239173
v 70.5452837536 42.6057691756 -101.851373237
v 73.8274216169 41.6568890151 -102.353977378
v 75.0917346858 45.6838873718 -102.988128006
v 71.0978710671 45.9441665251 -102.286835852
v 59.9591194129 35.4385379503 -99.2045014275
v 59.3683630838 35.0644580177 -98.9076696513
v 82.8495855533 72.3183052729 -24.2218360145
v 85.0810310399 66.5817636239 -24.0529061245
v 94.5286073784 75.1892747856 -13.6762749437
v 92.7335991282 75.3441842548 -15.1219804769
v 94.8970716833 76.0065069118 -13.1301491665
v 95.0353689747 75.6509758548 -13.1196794749
v 95.2388062948 75.1279845174 -13.1042784067
v 95.8343025586 76.4597446403 -11.7762433588
v 102.372006512 86.4655444867 18.7338085283
v 102.535678574 86.1175689401 18.5126316003
v 102.530258565 86.394569855 17.6680747495
v 102.290393301 86.7134299396 18.6054483327
v 102.197046721 86.8375183469 18.9702390375
v 102.335344012 86.4819872899 18.9807087292
v 102.538781332 85.9589959525 18.9961097974
v 98.8923182723 85.2310136011 26.0641347895
v 101.639699048 81.588512164 23.7855758889
v 98.2491194834 88.7796243624 24.6377534336
v 95.0162106162 90.3699909981 29.2788109922
v 97.2476561028 84.6334493491 29.4477408823
v 94.6622863991 83.3816835042 32.9668431468
v 93.8524925312 90.7610697574 30.4138687629
v 106.192294652 104.034943706 104.097957198
v 123.272826438 117.170427124 108.879959397
v 119.967346749 107.686729222 107.529975446
v 112.174848999 116.340865906 106.244130282
v 73.7075372543 54.2494232725 -102.403267217
v 77.4941658885 52.9598366955 -103.110226661
v 79.1752043053 58.0509919878 -103.195662002
v 74.98780849 58.3238835887 -102.460387062
v 85.9825546804 84.7473537825 -24.2624693345
v 83.4921741616 74.8675691373 -24.2301701243
v 92.5639925996 82.6321941358 -17.1499511175
v 92.4685593468 86.7329707637 -18.2910382924
v 98.0300408103 88.4355554214 -13.1707824865
v 97.6684726471 87.0011498917 -13.1660930962
v 100.43931202 89.6006606685 -9.69039534893
v 96.5442415173 78.4856358614 -11.454675124
v 105.292026692 97.910723048 18.0438667249
v 105.210333908 94.9950843497 16.1391525775
v 106.186579287 98.1279114013 15.5822267397
v 105.569975109 98.9475818176 17.9918647982
v 105.330015848 99.2665668565 18.9296057176
v 104.968447685 97.8321613268 18.9342951078
v 100.065019292 95.2445142047 24.3784026268
v 101.696786607 101.053863314 24.145350028
v 98.1491797432 102.799039508 29.2381776723
v 95.6587992244 92.9192548625 29.2704768825
v 94.2320191752 92.0817810646 30.3675856472
v 97.385534401 103.055669938 29.983015783
v 113.079719381 118.840802765 106.302525239
v 124.978124378 122.275533399 108.964669571
v 127.450687002 129.677580082 109.087493393
v 116.711614745 128.87484662 106.536906182
v 80.5209084176 68.8846457094 -100.874403513
v 82.6446563598 67.8902070583 -101.447783033
v 83.8403428007 71.2811217802 -100.845406879
v 81.8446362763 71.4111815052 -100.494975953
v 74.0387693781 71.9198880161 -99.1243249404
v 72.2450933813 72.1517709031 -98.4698725559
v 86.1120868148 93.5614478455 -35.0264510957
v 101.268099553 97.2000283534 -23.8569514645
v 101.346307941 97.2413689156 -23.8272137139
v 101.350557563 97.2611197036 -23.8472406523
v 101.341468634 97.2188774792 -23.804407808
v 100.759811258 93.4689274449 -18.0497734687
v 100.259938718 90.2462449451 -13.1042784067
v 100.31586015 90.0449775503 -12.039966009
v 107.559913755 101.07725638 18.9961097974
v 113.326216657 114.836575553 29.3690621651
v 113.508093697 115.270563204 29.6962391988
v 98.7955828004 104.873608239 30.6142928291
v 113.536663929 115.341709941 29.739072043
v 108.284088452 117.106888919 34.862285893
v 103.145361903 118.833807861 39.8744547138
v 103.000203109 118.876729916 39.9987374547
v 120.271944617 140.516293772 104.178133685
v 116.631951713 130.803988697 105.97287867
v 128.688056944 133.684066655 108.278822639
v 131.046878691 141.321707864 106.73723827
v 85.8144840559 76.4818474025 -98.7053136175
v 75.4678114602 75.4135715475 -96.7948066207
v 90.014767928 86.7505881026 -91.8583226506
v 87.0479391789 87.1341338583 -90.7758260611
v 80.6027594827 87.9673539484 -88.424195539
v 79.5646034909 88.3794226273 -87.2250554092
v 86.5422400227 98.787346823 -56.3792164076
v 99.5873528294 101.642385787 -45.7956263191
v 100.38789752 101.91404358 -45.5900540354
v 100.346278928 102.079505422 -46.4272749923
v 98.9400335098 101.269548451 -45.2568671566
v 100.407055284 101.837878606 -45.2046666107
v 100.642616246 100.198182849 -38.4413268762
v 92.5888704318 97.524706733 -40.4706470947
v 100.779731044 99.2437524104 -34.5045372094
v 100.956976427 98.6281319358 -31.1953766462
v 117.813006132 124.516112426 40.3963686001
v 121.835316447 133.300802969 49.9734685831
v 120.839958623 133.762582756 51.0442974556
v 122.306980397 134.330912911 51.0964980015
v 122.802272747 135.397581797 52.3191063831
v 118.055543954 136.949318608 56.8206566952
v 113.308815161 138.501055418 61.3222070073
v 112.866201002 138.741707248 62.0252680429
v 121.969284696 149.343085414 93.478004284
v 126.497052381 146.32309109 99.9275241032
v 132.590721521 147.902376137 101.173649525
v 133.133783748 150.726499116 97.7501540413
v 132.047659295 145.078253158 104.597145008
v 131.404242453 142.663113917 105.973043024
v 91.7171722612 90.5381819535 -88.0051842162
v 92.5733799976 92.1636827626 -85.2627148011
v 83.980365849 94.3180299296 -77.7226715577
v 95.0577869363 96.8803015425 -77.3050548148
v 96.0265303894 98.2672614832 -72.9001417716
v 84.4061507719 95.0230523934 -75.4281578991
v 85.9633617189 97.6015107639 -67.0364991174
v 97.4109957745 100.249414779 -66.6049254134
v 97.9959345815 100.743417521 -62.9562616534
v 85.7110597027 97.7088140696 -65.3711084121
v 99.1263966275 101.698135082 -55.9047960121
v 99.3747778783 101.775786214 -53.9750700672
v 125.892971766 141.411843677 61.7966274028
v 126.756707067 142.993895791 64.7294578403
v 117.596586882 144.535893649 72.0651831003
v 129.044220938 147.183797665 72.4967568042
v 130.070144617 148.755908326 76.8642813667
v 118.171739619 145.321177692 74.202137035
v 120.480241038 148.473087105 82.7792694626
v 131.557662125 151.035358718 83.1968862055
v 132.082737103 151.33764994 86.8785638358
v 120.026631872 148.457571981 84.5726198677
v 133.083697475 151.913913419 93.8970156069
v 133.101582533 151.489905559 95.2729136228
v 21.2978857451 -151.64030414 -89.8984247308
v 23.9823131048 -152.004910683 -90.0411031863
v 23.922129347 -150.578111469 -94.6710414277
v 17.570810856 -150.053575213 -93.2291951468
v 20.0561567446 -152.142908183 -87.6401372165
v 24.0157401037 -152.797377249 -87.4695631806
v 19.5965354607 -151.417741605 -81.55463062
v 24.7992357107 -152.346310536 -81.9759129971
v 19.2555758387 -150.879793231 -77.0402356141
v 25.5417754537 -151.918822548 -76.7694337793
v 20.6224205981 -148.960599991 -71.6565957023
v 26.5838076242 -150.322027467 -72.3333327388
v 21.9744636445 -147.062189906 -66.3312558222
v 28.0552166406 -148.067261494 -66.0693043779
v 24.968533307 -143.783007106 -59.8663760693
v 29.6798152897 -145.091581649 -60.5529472699
v 26.9667279733 -141.594532448 -55.5518177268
v 31.2064658128 -142.295307507 -55.3691749766
v 32.1882800856 -136.250882404 -46.4384836121
v 34.0180321695 -136.824216255 -46.7476045531
v 24.3521679003 -133.795517869 -45.1146395823
v 33.164289806 -135.252050204 -44.735024087
v 34.6958676688 -135.50520066 -44.6690455752
v 36.5629318804 -131.822886132 -39.085280321
v 55.2282648326 -102.823732405 50.5123965293
v 56.449874015 -103.030766271 50.4206512304
v 55.9232399201 -103.097895062 46.0483537828
v 52.195255917 -102.405809066 48.0289896266
v 46.2520930134 -101.302483563 51.1865250299
v 55.0642149192 -102.759015898 51.5661405252
v 56.5957927819 -103.012166354 51.632119037
v 54.1059642807 -102.126721494 59.1861888193
v 57.5340275564 -102.718847143 58.921461453
v 45.1016860514 -101.067564104 51.8607596771
v 53.7333031115 -101.880823852 62.1496056881
v 57.973040951 -102.581598912 62.3322484383
v 53.6611987403 -100.874567616 68.2461056641
v 58.849505875 -101.841391439 67.7993601554
v 53.6076888079 -100.127807021 72.7704263954
v 59.688441804 -101.132878609 73.0323778397
v 54.6872260995 -98.4173094713 78.1442216335
v 60.6716929321 -99.7251478812 77.5032578284
v 55.7554510272 -96.7247360556 83.4617054062
v 62.0416506423 -97.7637653723 83.7325072411
v 59.2024305373 -93.1011701166 90.0308059819
v 63.782021388 -94.4596909812 89.3069879869
v 61.4226819582 -90.7671767171 94.2620626065
v 65.3822653174 -91.4216457834 94.4326366424
v 68.5640424535 -84.3426697253 101.63411489
v 61.9430194828 -84.9310034644 99.7857725314
v 22.9952258245 -142.813512498 -100.598554132
v 25.6796531842 -143.178119041 -100.741232588
v 26.347562579 -140.671044179 -102.169506067
v 22.2940322557 -140.505133822 -101.747833042
v 18.3980662684 -145.751543318 -98.4442608056
v 24.4771133669 -147.691990787 -98.169692582
v 15.4295590385 -147.395917977 -95.5968110739
v 24.199621357 -149.135051128 -96.4203670049
v 22.8340056956 -133.310916588 -45.1832093915
v 23.4154914605 -132.769711488 -44.478724462
v 31.8339362674 -124.934428945 -34.2795624983
v 38.7117665294 -127.129850054 -33.9689161739
v 37.179354018 -119.875620564 -27.3213660014
v 40.5750413392 -123.132407326 -29.3253513538
v 31.2147554191 -114.155003817 -23.8013221651
v 40.1951152075 -117.021557759 -23.3957123065
v 43.0052958215 -117.918574639 -23.2687867725
v 46.540198288 -110.711124161 -13.3758537906
v 52.7382615962 -99.044444855 28.1125295514
v 54.9290481483 -99.7330697163 27.7410029989
v 54.2073036966 -99.3353994594 20.3389272524
v 48.9909021476 -97.7780418174 24.8491746942
v 43.3813804819 -96.1033180923 29.6993248417
v 52.3617402703 -98.9698720341 30.1049347003
v 55.1719208844 -99.8668889139 30.2318602343
v 50.3763166566 -99.363145089 36.0798533503
v 55.4441397916 -100.812377764 35.3141707588
v 43.3424256653 -96.0951530422 29.722776399
v 48.8672113553 -99.6620689297 40.6213433112
v 55.7450416174 -101.857490039 40.9319896356
v 47.6091473221 -100.013868715 43.8162413504
v 55.8043511887 -102.270332861 42.6348642383
v 44.7339308087 -100.817882283 51.1179552207
v 44.6263836904 -100.841241009 51.4297630032
v 64.6312415072 -77.1551375621 104.85819782
v 70.7102886057 -79.0955850311 105.132766044
v 74.3999394056 -69.3754794405 109.132579529
v 64.1116657172 -69.931793714 107.31710438
v 22.9912156196 -133.764158321 -102.954889423
v 28.1939158697 -134.692727252 -103.3761718
v 29.9437542678 -129.026916397 -104.51976119
v 23.5084052811 -128.763518578 -103.850316814
v 31.1829714156 -114.123696185 -23.8030447519
v 31.234563432 -114.077310027 -23.7499418227
v 41.825852787 -104.554727784 -12.8484782133
v 46.9889171186 -109.640409404 -12.5686573711
v 46.1749071106 -100.219261214 -5.92211136969
v 47.4940346393 -108.555629361 -11.3130184964
v 45.2629885146 -94.4562936691 -2.19535383425
v 48.62949419 -97.7723430028 -2.01290047074
v 51.2933576258 -100.396281122 -1.86852796979
v 50.4069352951 -95.1351442678 5.80309193881
v 52.5518080244 -98.5291116338 3.66529182009
v 46.2115444497 -93.0489162291 1.97575820304
v 47.6963135272 -90.8459565241 8.5047755671
v 51.0628192026 -94.1620058578 8.68722893062
v 53.7266826384 -96.7859439773 8.83160143157
v 49.9335096791 -93.9064732198 14.8466755185
v 53.9267950593 -97.5061706259 12.6401972143
v 46.4331469878 -89.9660581221 11.0813591737
v 49.1258278247 -93.7237163488 19.2519099907
v 54.2888921563 -98.8093979687 19.5317308329
v 47.2556350389 -94.4840326245 22.6339522159
v 54.251383707 -99.0512152587 19.9028211323
v 43.3495964784 -96.0720104595 29.6976022548
v 43.3362894566 -96.0787997746 29.7137194759
v 66.8399506862 -65.5048844223 108.302073057
v 76.6346657308 -63.0378928152 110.258414699
v 79.0650779009 -56.1453496481 111.482834652
v 72.3855994161 -56.5065267836 110.30416974
v 25.7144408366 -122.480225064 -103.756983906
v 31.6758278626 -123.84165254 -104.433720943
v 34.1216148324 -116.519763439 -104.312227194
v 27.8965869891 -116.264974031 -103.664661711
v 50.8612788305 -82.0072786763 -2.13558163174
v 47.7194324587 -88.9938567887 -2.16912670836
v 48.7871381606 -87.4096962119 2.52592599266
v 52.0813797309 -80.1970085405 3.22960281701
v 53.2946038431 -78.3969415313 8.56454776962
v 50.1527574713 -85.3835196437 8.53100269299
v 47.8305044424 -86.5769450421 11.2941311637
v 51.6698281448 -77.2651528906 11.8787350112
v 74.2540105081 -50.377483606 110.173266879
v 81.4423342662 -48.945644273 111.362015456
v 83.1485475205 -43.7782450321 111.275300656
v 76.1504024867 -44.1566533141 110.040403648
v 31.757893625 -108.475840537 -102.666893675
v 36.4691756076 -109.78441508 -103.353464875
v 38.6752003926 -103.455145324 -102.45250697
v 34.3348685101 -103.277496224 -102.000999092
v 58.1813389236 -73.1349489739 -12.6067136339
v 44.2806070861 -83.6660890206 -11.7097653303
v 59.4560178853 -74.6341150124 -5.28048858696
v 59.4177682654 -72.6792880556 -11.2406223233
v 59.4779144068 -75.7531826181 -1.86852796979
v 60.691138519 -73.9531156089 3.46641698282
v 61.9112394194 -72.142845473 8.83160143157
v 63.9687735473 -64.3013034141 18.1372177565
v 66.1137242715 -62.7444628409 18.2036957851
v 65.7115462863 -62.4643131096 19.0240509572
v 65.4813139613 -62.3039375388 19.4936745702
v 60.2401592663 -60.7391898405 24.025324278
v 76.4914870084 -39.4915518977 109.094346101
v 84.9618614027 -38.002609073 110.365783728
v 86.8562921443 -31.9686055724 109.415580432
v 77.0025637499 -32.5014228281 107.676785416
v 40.674980483 -92.1169241928 -99.9391306189
v 42.5047325669 -92.6902580437 -100.24825156
v 43.4279876227 -90.094970642 -99.7168315693
v 41.8600708127 -90.0307960542 -99.5537272697
v 32.8388682977 -89.6615596576 -98.6152865891
v 31.2527098872 -89.530563614 -98.2552044096
v 57.4627460345 -67.0457241029 -25.1781397346
v 60.0809426121 -66.0905452916 -24.462293487
v 60.2642529382 -65.1149150644 -25.6822424449
v 49.2929692275 -67.048053073 -31.5741570831
v 48.9030649411 -72.9450883344 -23.6379120692
v 59.9016055148 -67.0450288537 -23.2687867725
v 59.6376302496 -69.5129335988 -18.451444792
v 45.3976711003 -75.314750559 -22.7405917931
v 59.3152719084 -72.5266617187 -12.5686573711
v 59.3439854269 -72.5694187421 -12.196619184
v 66.6152469461 -61.6956502836 19.5317308329
v 67.5944869554 -59.4145857844 21.4532467446
v 61.069690004 -54.8934026092 29.8627349376
v 72.0682305777 -48.9933431285 30.2318602343
v 73.5285697829 -45.4345782575 32.6453159067
v 68.291789753 -44.3369329583 35.7979593447
v 79.0720435365 -21.0651539018 104.687172037
v 76.8577021343 -30.1388510523 106.949000779
v 87.9746798008 -28.2983617272 108.543553029
v 90.3648350984 -20.4545226799 106.679905031
v 45.9353737679 -83.082746946 -98.169692582
v 31.902191858 -88.6357532772 -97.9793714688
v 48.4909278915 -76.2746202619 -95.6173113748
v 41.3050499384 -75.6811602548 -93.9860073524
v 58.1890370985 -59.0145681428 -36.4316661744
v 61.5229313518 -57.8880297163 -35.5786776869
v 61.778284594 -56.5600990964 -37.1884391999
v 49.9295368245 -58.4742476237 -43.0390442247
v 48.5593486957 -65.5997289987 -34.4012995208
v 61.2675781097 -59.2159603362 -33.9689161739
v 60.7915619151 -62.0146521877 -30.0373982508
v 46.338813393 -67.1075547686 -33.8716753574
v 65.5926237837 -40.3273689835 40.4996062887
v 78.3008531976 -33.943600321 40.9319896356
v 80.2758683112 -29.115136651 44.1515126616
v 75.2814640639 -28.1879445709 46.8049832941
v 90.1781470808 -11.7885885859 102.87283341
v 93.0990363276 -11.0932927247 103.429891441
v 93.5632250137 -9.40061548558 102.580384837
v 88.732970765 -9.82982431867 101.231958231
v 92.1685490067 -14.4863411903 105.132766044
v 90.7561734217 -19.1596509563 106.34423385
v 47.3633944949 -66.9148707111 -91.5221424096
v 50.7590818161 -70.1716574729 -93.526127762
v 53.7174169007 -62.2116117535 -90.7986136444
v 50.7813725162 -61.969132695 -90.1320867362
v 41.398795896 -61.1942539643 -88.0020985732
v 41.3626924771 -61.1854088774 -87.9765913173
v 60.8574261935 -49.3921408185 -46.5783985374
v 63.4756227711 -48.4369620072 -45.8625522897
v 63.6708292643 -47.4436813742 -47.0301898931
v 53.4674735441 -49.2084876406 -52.4122062032
v 51.4329901643 -55.919158429 -45.0649720486
v 63.2760914614 -49.4522488576 -44.6690455752
v 62.4889019946 -53.1878605455 -40.7375276522
v 48.0361534725 -58.2807631264 -44.5718047588
v 73.3329152775 -23.4261241237 51.2361925636
v 85.1760165745 -16.9592145523 51.632119037
v 86.6446538251 -13.3572967988 53.9932633549
v 81.3105633471 -12.2680460433 57.1194862745
v 82.7653211097 0.181477501406 93.9001012498
v 86.3336370629 -5.88597431485 98.3278122878
v 95.1565878041 -3.72445617873 100.050455519
v 96.5980661886 1.41063358057 97.7616871062
v 58.2935348944 -49.5894582206 -87.4695631806
v 41.4186039089 -61.1165601737 -87.9507182308
v 58.7613428459 -48.4194730256 -86.7827056769
v 52.896623058 -46.9826574123 -82.6392502007
v 64.9706992416 -37.8277824051 -55.4072312393
v 50.4896913388 -48.8343756324 -54.8409799972
v 64.7296504881 -43.0325586721 -50.5518329961
v 66.0226498644 -37.6458335344 -54.8523534555
v 91.6680085415 1.07111725399 61.7602519013
v 91.4929410378 -0.988289947782 60.4107325266
v 92.5541634091 1.71911293589 61.8154269173
v 92.223574887 1.78662093915 62.0091794265
v 91.7372743799 1.88592619034 62.2941921756
v 86.7589786407 3.51336375625 67.0153485161
v 98.7773277053 11.745913489 93.7519860681
v 99.7440240477 12.1679645999 94.061546343
v 99.8154704275 12.4927524271 93.7457791387
v 95.1784956015 11.581369868 90.9770260342
v 99.6600601081 11.7862732451 94.4326366424
v 97.369019527 4.02302741534 96.9234938778
v 58.056287667 -38.4317197186 -80.8230171792
v 59.3754151957 -46.7680878653 -86.2139243059
v 63.9942595205 -34.3469277563 -81.9357433908
v 60.9683796164 -33.6056081968 -79.797943272
v 57.144369071 -32.6687521737 -77.0962596437
v 58.8560462159 -31.0793761122 -72.3749798168
v 61.0453193075 -29.0465288231 -66.3363580399
v 52.7673074835 -39.5321308096 -65.2104123371
v 67.9427182827 -30.5001568013 -58.7811355937
v 68.8156832593 -27.1933559456 -60.7343594253
v 66.4177921211 -36.2765937393 -55.3691749766
v 66.1333457448 -37.2622521733 -54.9971367894
v 93.1843672594 3.43711485619 62.3322484383
v 92.349792752 12.2989573759 69.1081351554
v 98.0224601982 16.1408929216 67.6974328871
v 95.3505023345 17.014373492 70.2313785324
v 92.6785444709 17.8878540624 72.7653241778
v 93.1141481011 19.5110275484 77.5649298908
v 93.6442442595 21.4863050019 83.4056813766
v 88.6930290267 12.5359140533 85.6509337771
v 101.765952775 19.4497116093 90.6240408596
v 102.843883937 23.2944647323 88.8988168525
v 63.985655931 -24.5208111302 -79.797943272
v 66.1305286603 -27.9147784962 -81.9357433908
v 68.1249246125 -21.9097989691 -81.9357433908
v 65.0990447085 -21.1684794095 -79.797943272
v 61.2750341631 -20.2316233865 -77.0962596437
v 58.754580148 -27.8205250497 -77.0962596437
v 60.668518717 -25.6221547165 -72.3749798168
v 62.986711308 -18.6422473249 -72.3749798168
v 65.1759843995 -16.6094000359 -66.3363580399
v 63.1164886629 -22.8103902258 -66.3363580399
v 72.9463483514 -14.7562271583 -60.7343594253
v 70.875178996 -20.9923657557 -60.7343594253
v 98.4514195583 26.3510071843 70.2313785324
v 100.093629554 22.3770315189 67.6974328871
v 102.15312529 28.5780217088 67.6974328871
v 99.4811674266 29.4515022792 70.2313785324
v 96.8092095629 30.3249828496 72.7653241778
v 94.7497138263 24.1239926597 72.7653241778
v 94.9773904156 25.1211131184 77.5649298908
v 97.2448131932 31.9481563357 77.5649298908
v 97.7749093516 33.9234337891 83.4056813766
v 95.2544553366 26.3345321259 83.4056813766
v 106.974549029 35.7315935196 88.8988168525
v 104.838279889 29.2994442595 88.8988168525
v 65.2095703945 -14.46534844 -81.4544890937
v 69.2028557747 -18.0650458461 -83.6609673979
v 71.1533381221 -11.1080866638 -86.7827056769
v 65.2886183341 -9.67127105055 -82.6392502007
v 60.4326437047 -17.1635348629 -77.1722726323
v 61.4092250783 -15.9626119045 -74.3069040472
v 64.0924411749 -12.6630038022 -66.4341314155
v 75.8501541037 -2.51376191864 -56.7636880529
v 77.3626945178 -0.516396043372 -55.4072312393
v 77.5162336653 -1.07560429644 -55.3933766552
v 77.7844412902 -2.05244909294 -55.3691749766
v 78.4146451405 -0.334447172632 -54.8523534555
v 104.603427913 38.8277618817 62.0699471692
v 104.835462805 38.6469179366 61.9602102512
v 104.946158685 39.0304992976 61.8154269173
v 104.615570163 39.0980073009 62.0091794265
v 104.129269656 39.1973125521 62.2941921756
v 104.282808804 38.638104299 62.3080467598
v 104.551016429 37.6612595025 62.3322484383
v 99.2884506822 36.0894743523 68.3543494078
v 103.026090267 31.8848225646 65.7442090555
v 99.1509739168 40.824750118 67.0153485161
v 95.7256663383 34.2713790833 72.6675508021
v 96.0849957813 35.0812771503 75.8420999689
v 96.9325188932 36.9915223127 83.3296683881
v 112.207465704 49.8041387888 93.7457791387
v 111.593393354 48.1527536285 93.1769977677
v 107.570490878 48.8927562298 90.9770260342
v 71.4090024706 -1.94973679078 -89.5888938635
v 73.5997890226 -2.63836165209 -89.960420416
v 74.370742361 -0.025967817313 -90.7986136444
v 71.4346979765 0.216511241265 -90.1320867362
v 62.0521213563 0.99138997194 -88.0020985732
v 66.8485021504 -4.91196485398 -87.7261619382
v 71.3087484415 -10.4016074819 -87.4695631806
v 64.2290358337 -6.2161162025 -84.3673417977
v 71.2247845019 -10.7832988367 -87.0984728812
v 62.0160179374 1.00023505879 -87.9765913173
v 72.8812832287 4.99929632869 -55.665047623
v 84.3241547245 14.741962562 -47.0301898931
v 79.4758675118 2.37295571104 -53.4476590648
v 74.1207990044 12.9771562956 -52.4122062032
v 102.821079753 46.4200226383 58.7001440291
v 106.239158062 44.4172244354 57.5149064579
v 107.297979285 48.8283471375 53.9932633549
v 101.963888807 49.9175978929 57.1194862745
v 99.647858367 44.7130049241 62.036375792
v 97.8675217362 43.9778664247 65.190517665
v 103.41864657 62.3671214376 93.9001012498
v 108.215027364 56.4637666117 94.1760378848
v 112.675273655 50.9741239838 94.4326366424
v 117.251391649 63.5962775168 97.7616871062
v 70.7443976105 6.55835461743 -92.3216994659
v 75.8122207455 5.10912194199 -93.0873820575
v 77.4055835359 10.7852812488 -95.6173113748
v 70.2197055828 11.3787412559 -93.9860073524
v 62.0171754088 1.02040261371 -88.0039191576
v 62.0070303309 1.01590828966 -87.9877039391
v 81.0949328758 22.2441123346 -44.9137906536
v 85.7927919751 18.3438803155 -44.6690455752
v 90.6929402384 30.4998024143 -37.1884391999
v 78.8441924689 28.585653887 -43.0390442247
v 105.443737818 56.0049799284 48.5273497306
v 108.479906555 54.5725263087 47.700601114
v 109.190523956 57.9447648597 44.1515126616
v 104.196119708 58.8719569398 46.8049832941
v 102.994857989 54.7371466399 51.3873739587
v 107.692717088 50.8369146209 51.632119037
v 100.28838796 53.3974841836 54.902722985
v 107.493185778 49.8216277704 52.8256257515
v 103.383700623 62.3961340794 93.8982806655
v 122.477880658 77.6592860251 102.580384837
v 120.209726734 71.5563232362 100.489201224
v 117.647626409 77.230077192 101.231958231
v 78.9910259454 20.7513505856 -99.2894150897
v 80.2126351279 20.5443167196 -99.3811603886
v 80.6039734512 21.8391884431 -99.7168315693
v 79.0360566413 21.903363031 -99.5537272697
v 70.0148541262 22.2725994276 -98.6152865891
v 75.4137066169 18.3386599184 -98.3414578697
v 78.8002595429 15.8710069535 -98.169692582
v 69.6745683555 14.7344226337 -95.2854408672
v 77.869772222 12.4779584879 -96.4668179793
v 68.4286957158 22.4035954712 -98.2552044096
v 88.130968524 38.6341966993 -34.1990312391
v 92.667955352 35.3282660842 -33.9689161739
v 97.4402387667 46.8192440208 -25.6822424449
v 86.468955056 44.8861060122 -31.5741570831
v 107.141077897 64.8317715706 37.8272203292
v 110.177246635 63.3993179509 37.0004717126
v 110.704555611 66.4995808277 32.6453159067
v 105.467775582 67.5972261269 35.7979593447
v 105.164243612 63.9065567146 40.7018745704
v 109.70123044 60.6006260995 40.9319896356
v 102.271963731 62.4588050065 44.3657181857
v 109.445877198 59.2726954796 42.5417511486
v 116.248029365 90.8690051834 104.687172037
v 121.646881856 86.9350656742 104.961000756
v 125.033434782 84.4674127093 105.132766044
v 127.540820927 91.4796364053 106.679905031
v 79.566065473 30.2751531394 -101.315752201
v 82.9941287488 29.6830274904 -101.580479567
v 84.1125164053 33.3532713356 -102.45250697
v 79.7721845227 33.5309204353 -102.000999092
v 68.9799011323 23.107921914 -98.6688803919
v 68.3891448032 22.7338419815 -98.3720486157
v 94.1018127594 54.2511475877 -23.517285089
v 98.9005779719 50.3780088918 -23.2687867725
v 103.549389098 62.8586587494 -13.1406539082
v 103.374321594 60.7992515476 -14.4901732829
v 103.618654936 63.6734676858 -12.6067136339
v 104.056150694 63.3203598186 -12.5840584393
v 104.353561604 63.0803160468 -12.5686573711
v 104.855084278 64.1291286041 -11.2406223233
v 111.392788231 74.1349284505 19.2694295638
v 111.624823123 73.9540845054 19.1596926458
v 111.551040284 74.0639538188 18.2036957851
v 111.148862299 74.3441035501 19.0240509572
v 110.918629974 74.5044791209 19.4936745702
v 111.356125732 74.1513712537 19.5163297647
v 111.653536641 73.9113274819 19.5317308329
v 107.913099992 72.9003975649 26.5997558251
v 111.3311783 70.897599362 25.4145182538
v 105.677475279 76.0692268192 24.025324278
v 106.268437822 72.3028333129 29.9833619178
v 111.067203035 68.429694617 30.2318602343
v 103.683068119 71.051067468 33.5024641823
v 110.887865937 67.4752110548 31.4253669488
v 115.213076371 91.7043276698 104.633578234
v 132.293608157 104.839811087 109.415580432
v 128.464075983 94.0749238069 107.211325022
v 122.439879763 104.306993832 107.676785416
v 80.8186400121 40.3540986594 -102.955964758
v 86.0069471469 39.3872748362 -103.402710266
v 87.8202610291 45.1629107954 -104.312227194
v 81.5952331859 45.4177002036 -103.664661711
v 99.4287306155 69.4007261016 -12.8554960203
v 104.231173308 74.0864988713 -5.7927706541
v 104.559925027 79.6753955578 -2.13558163174
v 106.808747079 76.6014533971 -2.00205480076
v 109.05756913 73.5275112363 -1.86852796979
v 108.635460035 79.3117570375 6.03060212429
v 110.277670031 75.3377813722 3.49665647896
v 105.780025928 81.4856656937 3.22960281701
v 106.99325004 83.2857327029 8.56454776962
v 109.242072091 80.2117905421 8.69807460059
v 111.490894143 77.1378483813 8.83160143157
v 107.77515108 80.2234325634 14.853702401
v 111.512790664 76.0187807756 12.2435620487
v 105.368474342 84.4175213435 11.8787350112
v 106.728705653 80.2317375367 19.2448921838
v 104.656882054 79.2850329935 22.3900000595
v 125.01170528 108.895501873 108.497230157
v 134.499632942 111.169080843 110.316538337
v 136.847193717 117.904429202 111.275300656
v 129.849048683 117.52602092 110.040403648
v 83.5420074508 51.6381484461 -103.75797819
v 89.5264742834 50.3303100363 -104.398941995
v 91.9037306487 57.5300154113 -104.51976119
v 85.468381662 57.7934132307 -103.850316814
v 107.222964895 92.1006381395 -2.19535383425
v 105.761157385 85.2801195503 -2.162543415
v 106.858770972 86.9086546138 2.66402408126
v 108.171520831 93.5080155795 1.97575820304
v 109.656289908 95.7109752846 8.5047755671
v 108.194482398 88.8904566953 8.53758598635
v 106.269036258 88.0420270035 11.6413235608
v 108.393123369 96.5908736865 11.0813591737
v 132.079799229 123.739433175 110.171259382
v 139.292980687 125.226318303 111.396794405
v 141.025054282 130.411582161 111.482834652
v 134.345575797 130.050405025 110.30416974
v 89.7545519681 65.7810794431 -102.571523243
v 94.3341428188 64.4225585784 -103.295341238
v 96.568869144 70.7601452037 -102.169506067
v 92.5153388207 70.9260555608 -101.747833042
v 101.436061984 97.2761855656 -23.8013221651
v 115.7507285 100.013829911 -13.2493079455
v 116.717424843 100.435881022 -12.9397476706
v 116.761504853 100.720065223 -13.3758537906
v 111.629871061 97.1345628715 -12.7333902693
v 116.679916393 100.194063732 -12.5686573711
v 117.04201349 98.8908363891 -5.67712375256
v 103.969089742 91.9770388331 -10.6502308351
v 117.242125911 98.1706097406 -1.86852796979
v 118.417000525 99.9137773971 3.29778164169
v 119.675450924 101.780946886 8.83160143157
v 123.47477391 109.940295124 18.2760919582
v 118.929846099 107.965574307 19.3669979348
v 123.979891431 111.025075167 19.5317308329
v 124.428610262 112.095789924 20.3389272524
v 119.212208713 113.653147566 24.8491746942
v 113.602687047 115.327871291 29.6993248417
v 113.56373223 115.336036341 29.722776399
v 134.34051853 134.644409032 109.105584585
v 142.77489268 136.077393015 110.339245262
v 144.621245971 142.055709943 109.132579529
v 134.332972282 141.499395669 107.31710438
v 93.384731974 78.5774462495 -98.4245898599
v 100.258519944 80.4802507944 -98.169692582
v 102.404766096 85.7273354885 -94.6710414277
v 96.0534476051 86.2518717444 -93.2291951468
v 102.834804649 102.509929089 -45.1146395823
v 112.243568114 102.959702763 -36.2288488071
v 115.164457361 103.654998624 -35.6717907765
v 115.045568629 104.482560826 -39.085280321
v 110.209112294 101.853997239 -34.1548721304
v 115.223766932 103.242155802 -33.9689161739
v 115.524668758 102.197043528 -28.351097297
v 106.701718017 100.035525392 -30.0737405284
v 115.796887665 101.251554677 -23.2687867725
v 116.039760401 101.11773548 -20.7779295372
v 127.963512728 119.303240402 30.2318602343
v 130.39376721 124.517073089 36.2884248156
v 127.242387382 127.126357254 40.7460336791
v 132.25704202 128.514515818 40.9319896356
v 134.405876669 133.207551895 46.0483537828
v 130.677892666 133.899637892 48.0289896266
v 124.734729762 135.002963394 51.1865250299
v 123.5843228 135.237882854 51.8607596771
v 144.0212519 150.012448813 102.955159815
v 146.769187193 150.519716891 103.383440467
v 147.046679203 151.962777232 101.63411489
v 140.425656232 151.374443493 99.7857725314
v 139.617907213 147.173852005 104.877868766
v 146.491695183 149.07665655 105.132766044
v 145.289155365 144.562784804 107.704306049
v 133.414263962 142.938115954 106.223665836
v 95.0746805798 91.0872525633 -87.8755206513
v 105.586543232 92.8063115466 -87.4695631806
v 107.186787162 95.8443567445 -82.3439145251
v 97.3920721169 93.3773651374 -84.3002561677
v 102.102518269 98.0323627027 -77.0329944381
v 108.927157907 99.1484311356 -76.7694337793
v 110.297115618 101.109813644 -70.5401843667
v 103.108791859 99.6779743114 -71.7289329436
v 104.130135167 101.348230214 -66.3454390671
v 111.280366746 102.517544372 -66.0693043779
v 112.119302675 103.226057202 -60.8362866936
v 103.64892828 101.737114378 -62.1077243208
v 102.927893956 102.319813499 -55.7579860421
v 112.995767599 103.966264675 -55.3691749766
v 113.434780993 104.103512906 -51.9583879912
v 102.317803327 102.263023581 -53.5529402411
v 114.373015768 104.396832118 -44.6690455752
v 114.518934535 104.415432035 -43.4575777686
v 136.272940881 136.889866423 51.632119037
v 136.95077638 138.208882018 53.7106780149
v 129.694469094 142.033522094 61.9434373728
v 139.762342737 143.679973271 62.3322484383
v 141.28899326 146.476247412 67.5160207316
v 131.801065598 144.202668442 65.6967125521
v 135.76336033 148.2826131 72.7562431505
v 142.913591909 149.451927258 73.0323778397
v 144.385000925 151.70669323 79.2964062006
v 137.171819467 150.219808102 78.0708711776
v 138.602393458 152.187419878 83.4689465823
v 145.427033096 153.303488311 83.7325072411
v 146.169572839 153.7309763 88.9389864589
v 137.735198689 152.297992317 87.705325782
v 136.441205794 152.462984029 94.0266791718
v 146.953068446 154.182043012 94.4326366424
v 146.986495445 153.389576446 97.0041766481
v 135.111604041 151.764907596 95.5235364347
v 33.788638961 -152.075135226 -89.739330393
v 37.0519093514 -152.098503985 -89.6389088656
v 36.9886029041 -150.597673983 -94.5090757046
v 28.0503505446 -150.584292049 -94.6198699829
v 32.0451448926 -152.880127081 -87.1405440297
v 37.0870707409 -152.932088406 -86.9339421451
v 31.3929889165 -152.421451969 -81.7912150017
v 37.8462985408 -152.494992927 -81.6104509794
v 30.7547235301 -151.972546403 -76.5558239545
v 38.6131060909 -152.053533705 -76.2338127438
v 31.8776525582 -150.407763905 -72.2016200988
v 39.6054246802 -150.532918999 -72.009350533
v 33.5168655964 -148.123548423 -65.845503592
v 41.1265472778 -148.201972652 -65.5336833424
v 36.2267915268 -145.227691434 -60.4096758122
v 42.677168431 -145.361792946 -60.2685182965
v 38.8967330388 -142.374562239 -55.0540525908
v 44.2777964499 -142.430018665 -54.833553941
v 44.2113108154 -137.068945122 -46.5459424909
v 46.9984376145 -137.135860822 -46.4908024563
v 45.6644646692 -135.618241362 -44.2195877926
v 47.7671983059 -135.639911817 -44.1334245397
v 49.8847114428 -131.463649781 -37.8006502274
v 44.0380389315 -131.621311697 -38.3644496373
v 67.8507625467 -103.150617731 50.7465715417
v 69.501631036 -103.167972431 50.7937653696
v 68.9043539808 -103.244105912 45.8349657602
v 61.7242097316 -103.163233424 45.9529954437
v 67.5643897823 -103.125207057 52.0815768196
v 69.6671234191 -103.146877512 52.1677400725
v 66.2889995009 -102.813683433 59.1699158742
v 70.5840847515 -102.860208991 59.2918046623
v 65.6633081771 -102.660853643 62.6473708241
v 71.0443715882 -102.716310069 62.8678694739
v 65.4053478984 -101.921133865 67.9797132677
v 71.8924919059 -102.000040679 68.1581764776
v 65.1500907598 -101.189165537 73.2561786256
v 72.7597724412 -101.267589766 73.5679988752
v 66.0130079145 -99.8066678777 77.6394033235
v 73.698250384 -99.9239612672 77.835293501
v 67.2545987186 -97.8174892271 83.9461170658
v 75.1129812794 -97.8984765298 84.2681282766
v 70.3844756613 -94.6083001682 89.4440726935
v 76.7703218993 -94.7520339038 89.5766600347
v 73.4116701063 -91.5043956152 94.7616557933
v 78.4535959545 -91.5563569408 94.9682576779
v 81.8004625194 -84.1100817089 102.543391237
v 77.7948593183 -84.180467455 102.268226183
v 35.4859790405 -143.248343583 -100.439459794
v 38.7492494309 -143.271712343 -100.339038267
v 39.451813918 -140.6345556 -101.841419027
v 34.3971897652 -140.64863012 -101.96797007
v 28.5866081098 -147.795555807 -98.0004684908
v 37.4843147307 -148.01979047 -97.6340715465
v 26.2943915571 -149.162958356 -96.3643225862
v 37.2364588174 -149.308732227 -96.0715736256
v 41.709778246 -127.205404146 -33.8454616278
v 51.7189678933 -127.457649737 -33.4332951383
v 45.7713102119 -123.504957775 -29.3841808472
v 53.3094689774 -124.0454118 -29.4695240179
v 51.6633211027 -118.136768996 -22.9122596198
v 56.0124971854 -118.246374322 -22.733165737
v 59.6060433621 -110.552798544 -12.1864335129
v 59.7808781647 -110.562875399 -12.1868095555
v 56.2841821134 -110.361338291 -12.1792887028
v 59.7159831146 -110.44782448 -12.0379712314
v 59.8358237845 -110.450844633 -12.0330363356
v 60.0047309391 -110.140084299 -11.4634914732
v 67.0203414448 -99.6281157365 19.9791069477
v 67.1221053642 -99.6310117918 19.9808248605
v 67.0456646685 -99.6934138185 19.497807006
v 66.4809695862 -99.6668085301 19.5668610783
v 63.5841571511 -99.5303268555 19.9210995013
v 67.0159581523 -99.6168130448 20.0624169726
v 67.1357988222 -99.6198331975 20.0673518684
v 64.6338505294 -99.9669278844 27.9324420909
v 67.9089892801 -100.045849424 27.9970482069
v 55.0888882094 -99.3537259667 20.2996443014
v 63.8299461656 -100.085083271 30.588387387
v 68.1791222482 -100.194688597 30.7674812698
v 61.4705986728 -100.942184446 35.4431042098
v 68.4375418133 -101.092248652 35.5921589101
v 58.743053334 -101.933044131 41.0554441817
v 68.7522429812 -102.185289722 41.4676106712
v 57.8259052692 -102.311913446 42.6793946729
v 68.8028699402 -102.537694505 42.9211933029
v 74.8197833486 -79.1991500514 105.301990135
v 83.7174899696 -79.423384714 105.668387079
v 87.5985816897 -69.1989425181 109.87573456
v 79.431307275 -69.308182958 109.415872785
v 34.7876690754 -134.767868684 -103.191473804
v 41.2409786998 -134.841409643 -103.010709782
v 43.0480056068 -128.990427818 -104.19167415
v 35.1698313755 -129.012364469 -104.388917533
v 47.7431167019 -109.698904161 -12.5370647605
v 48.715769938 -108.806603346 -11.4334206731
v 57.3697338134 -100.867557102 -1.61399509677
v 64.0800553409 -101.388001074 -1.33290693427
v 58.5260760132 -99.1518860867 3.47082140141
v 65.1236364436 -99.839634292 3.25606197958
v 59.803058826 -97.2572199574 9.08613430458
v 66.5133803535 -97.7776639288 9.36722246709
v 58.2058667451 -97.7976761714 12.6017223789
v 66.6793253451 -98.3749182354 12.5255341426
v 55.0430917396 -98.8678927256 19.5633234435
v 54.6763532843 -99.0730316945 19.9036534413
v 83.1752777939 -62.7896374771 110.652175028
v 89.9492588426 -62.5325243905 111.059984723
v 92.263720185 -55.9688127257 112.225989683
v 87.0528331507 -56.0385103461 111.932588526
v 36.9696727967 -123.927388979 -104.302008303
v 44.6974449187 -124.052544073 -104.109738737
v 47.2258661714 -116.483274859 -103.984140154
v 39.5970191832 -116.504517262 -104.175141209
v 89.3212712757 -48.7012355284 111.8007028
v 94.7186704373 -48.5338053849 112.101221855
v 96.3471898045 -43.6017081098 112.018455687
v 90.8752456277 -43.67489747 111.710355599
v 43.0161518448 -109.920524865 -103.210193418
v 49.466528749 -110.054626377 -103.069035902
v 51.7794517316 -103.418656744 -102.124419931
v 46.3848358836 -103.433677966 -102.259483239
v 69.4396579105 -73.7210634288 -4.33105770189
v 73.0732962526 -73.3887498403 -3.98550352941
v 73.0435594465 -71.8689880636 -8.61915327789
v 61.5184110725 -72.5543668068 -10.8364791788
v 67.1174048816 -74.9144888272 -1.56792923122
v 73.0903194967 -74.2587583937 -1.33290693427
v 74.5750885741 -72.0557986886 5.1961104298
v 68.4830241923 -72.888312259 4.43714746911
v 69.5507298942 -71.3041516822 9.13220017014
v 75.5236445093 -70.6484212487 9.36722246709
v 78.7908267135 -63.3417373308 16.6534688107
v 75.4060135032 -63.1822637766 17.0673826972
v 91.5557215163 -37.8177834067 110.720057368
v 98.221768995 -37.6309343312 111.078209477
v 100.054934428 -31.79206865 110.158735464
v 92.2436470263 -31.8965476266 109.718917685
v 52.6980112128 -92.9349869106 -100.046589498
v 55.4851380119 -93.0019026114 -99.9914494631
v 56.5322389616 -90.0584820624 -99.3887445297
v 54.4242095008 -90.0643518369 -99.4415226036
v 72.4639364533 -65.4236112195 -23.5883570474
v 73.4840962155 -65.3686665661 -23.5163587244
v 73.6043865835 -64.7284466637 -24.3169034195
v 71.4639213624 -64.7904566999 -24.5359762397
v 71.2566155798 -66.1595370232 -22.8170920714
v 73.3664131264 -65.9950097809 -22.733165737
v 73.0767419661 -68.7031454483 -17.4468937827
v 65.9654120029 -69.1316462942 -17.9784537431
v 60.0190162508 -72.4717819905 -12.5406628922
v 72.78007952 -71.4766426459 -12.0330363356
v 72.8538912724 -71.5865550147 -11.0766648407
v 59.8408519941 -72.5332710345 -12.1554295653
v 67.3189912885 -61.6407705554 19.5597253119
v 80.0800545577 -60.6456312108 20.0673518684
v 82.5973155913 -54.7818646935 25.0068529959
v 71.3471077405 -58.2558146034 22.3421015736
v 83.4232406427 -48.107851298 30.6835549354
v 85.5330381893 -47.9433240557 30.7674812698
v 86.4913297606 -45.6080211562 32.3512189523
v 76.2419661997 -45.4708837465 32.5837548175
v 92.2654476095 -28.1836244902 108.770477604
v 101.227516229 -27.943974377 109.244451891
v 103.563477382 -20.2779857575 107.423060063
v 92.3109821925 -20.4284922132 106.789483651
v 53.4771495334 -82.5344707177 -97.8691453045
v 59.3759671359 -82.1056351799 -97.6340715465
v 61.5574014486 -76.2941827762 -95.4553456517
v 51.5026011733 -76.2791291985 -95.579980121
v 73.3033232657 -57.2997894808 -34.7774306622
v 74.904117817 -57.2198556577 -34.6685521223
v 75.1000641564 -56.2008627453 -35.9038091063
v 71.7927337905 -56.2900485246 -36.2227376771
v 71.3713438133 -58.481431132 -33.566271045
v 74.7081714776 -58.2388485701 -33.4332951383
v 74.1844933124 -61.3177644358 -29.1081269698
v 65.9004404209 -61.7488168189 -29.682917672
v 88.4046189013 -33.2090711167 41.3346347645
v 91.7414465656 -32.9664885548 41.4676106712
v 93.2569823718 -29.2613475001 43.9381246391
v 83.9261862604 -29.1562514648 44.0915074783
v 104.552936692 -10.6797215073 104.105632726
v 106.403411199 -10.6129055782 104.214804448
v 106.79964508 -9.16802746918 103.489661185
v 104.00696571 -9.21709993377 103.297817976
v 99.7103247722 -13.938064962 105.433313321
v 105.609142375 -13.5092294241 105.668387079
v 104.007310024 -18.8094192947 107.042361782
v 92.2796029607 -19.1193862398 106.424494793
v 55.9553506889 -70.5442079215 -93.5849572554
v 63.4935094543 -71.084661947 -93.670300426
v 66.7838904578 -62.2311742679 -90.6366479213
v 62.4148957226 -62.2246332129 -90.6908038792
v 75.8586166123 -47.7700279351 -44.9886158501
v 76.8787763745 -47.7150832817 -44.9166175271
v 77.0068731457 -47.0632809777 -45.682834903
v 74.9172515578 -47.1228858266 -45.8939516404
v 74.5862581173 -48.553159116 -44.2193665721
v 76.7478416084 -48.3813263215 -44.1334245397
v 75.8818333919 -52.4909727936 -39.8082563711
v 67.5977805004 -52.9220251767 -40.3830470734
v 96.4861832304 -16.0601248106 52.0817980401
v 98.6477667215 -15.8882920161 52.1677400725
v 99.6115035666 -13.5246716932 53.7171504358
v 89.3042235786 -13.3916262786 53.9366311287
v 102.316782977 -3.45928944984 100.477207574
v 108.466079405 -3.23155978895 100.843709439
v 109.834486254 1.64322159697 98.6709634541
v 100.865225529 1.48561534464 98.054819769
v 71.4874239186 -48.7652570485 -87.0873393223
v 71.6622587211 -48.7753339039 -87.087715365
v 71.7333887287 -48.5791383779 -87.0359694561
v 71.6130019599 -48.5789581404 -87.0374617126
v 68.1655626698 -48.5737967952 -87.0801945123
v 59.5243828105 -48.4319945538 -86.806843338
v 71.0574322414 -42.6512713676 -50.0788419472
v 78.1687622045 -42.2227705217 -49.5472819868
v 79.3586937458 -37.2654331379 -53.5049984654
v 66.7196643114 -37.6259517333 -54.7819333293
v 98.7241754821 -3.81657943211 58.822196763
v 102.793006025 -5.40798553664 57.9283683464
v 105.521013151 1.55173804142 61.5393139982
v 104.02454132 1.57105436109 61.5711795024
v 109.532087883 12.8019346705 94.8220053108
v 100.553646176 4.14871226525 97.1183529119
v 110.691972018 4.5488326254 97.7386907409
v 113.146318168 12.8654432814 95.0702849889
v 71.9764572555 -47.8827116792 -86.9339421451
v 60.5971504945 -47.0190618501 -86.3343264826
v 76.9308370362 -34.5592177119 -82.3449732313
v 70.1418602003 -34.4478102249 -82.1302138094
v 77.9263583079 -29.5871052178 -57.8317047087
v 81.5599966501 -29.2547916293 -57.4861505362
v 82.238675036 -26.6839504987 -59.0046659783
v 76.3488720782 -26.9074697973 -59.763628939
v 68.5694446527 -35.8864031931 -55.2866000669
v 80.3744571911 -33.7456280348 -54.833553941
v 79.6432515904 -36.2793884459 -53.8771824462
v 66.630212312 -37.2261044657 -54.9559471707
v 95.336019791 3.8273054023 62.414823348
v 107.141032329 5.96808056067 62.8678694739
v 110.902362045 15.8445129767 67.0389815112
v 103.8322699 16.0072031544 67.4004215249
v 111.057915163 20.1915216121 91.4372578715
v 115.316316112 20.5314847209 91.8099460024
v 116.210200044 23.71978019 90.3792887641
v 109.922567257 23.5197080538 89.6828617413
v 113.342982469 13.4930197865 94.9682576779
v 113.176196014 12.9607866351 95.0547846859
v 72.1047966491 -28.537552949 -82.1302138094
v 78.7023570795 -29.2253011543 -82.3449732313
v 81.0615021282 -22.1220889247 -82.3449732313
v 74.2725252923 -22.0106814377 -82.1302138094
v 78.6670646692 -19.9275624058 -59.763628939
v 84.759129051 -19.0950488354 -59.0046659783
v 86.3693401281 -14.2468217114 -59.0046659783
v 80.4795371703 -14.4703410101 -59.763628939
v 105.695512215 21.6172887244 67.4004215249
v 112.512573122 20.6927401007 67.0389815112
v 115.033027137 28.281641764 67.0389815112
v 107.962934992 28.4443319417 67.4004215249
v 112.110131119 30.1063019502 89.6828617413
v 118.569345093 30.8229924196 90.3792887641
v 120.340865136 36.1569089772 90.3792887641
v 114.053232349 35.956836841 89.6828617413
v 83.9937422396 -11.3601993145 -87.0221870659
v 84.0955061591 -11.3630953698 -87.0204691531
v 84.1253840049 -11.2677520161 -87.0359694561
v 84.004997236 -11.2675717787 -87.0374617126
v 80.557557946 -11.2624104335 -87.0801945123
v 83.3787632303 -11.7920770535 -86.9578011118
v 83.9287197035 -11.8953285212 -86.9339421451
v 73.4819274605 -18.3565513916 -83.6994422333
v 81.9553860605 -18.9337934556 -83.7756304696
v 71.9163780867 -11.120608192 -86.806843338
v 86.8342006624 -3.75149435044 -54.9765658923
v 90.1306698433 -4.37038929538 -54.833553941
v 91.750689022 0.045953223873 -53.5049984654
v 79.1116595875 -0.314565371525 -54.7819333293
v 116.544229812 37.9423244068 61.9156264014
v 117.628450582 37.8770797112 61.911497979
v 117.913008427 38.8631244032 61.5393139982
v 116.416536597 38.8824407228 61.5711795024
v 113.600775801 35.962214245 62.7248575226
v 116.897244982 35.3433193001 62.8678694739
v 106.80311758 31.5774527562 65.6775916031
v 115.711705523 30.8524828946 65.520466069
v 121.92408316 50.1133210322 94.8220053108
v 124.745288444 49.5836544122 94.9443987113
v 125.295244917 49.4804029444 94.9682576779
v 125.538313444 50.1768296432 95.0702849889
v 83.3045914037 -2.87221982019 -89.7689813241
v 86.5797301544 -2.95114136011 -89.7043752081
v 87.4372159181 -0.0455303316758 -90.6366479213
v 83.0682211829 -0.0389892766707 -90.6908038792
v 72.1782946343 -10.4825376739 -87.4329558699
v 71.6497540792 -10.8051152725 -87.0976405723
v 83.2284882969 3.53172689206 -52.5588042359
v 94.4786961477 7.00567680193 -49.8940528136
v 97.660198606 15.1223629585 -45.682834903
v 95.5705770181 15.0627581096 -45.8939516404
v 113.014562493 44.1029072057 57.5500329019
v 119.102939968 43.820461787 57.5815975196
v 120.264829027 48.660972243 53.7171504358
v 109.957549039 48.7940176576 53.9366311287
v 113.544819848 50.8931937918 94.4692439531
v 130.487811715 63.8288655332 98.6709634541
v 125.609443452 50.3730251692 95.1220308978
v 121.518550989 63.6712592809 98.054819769
v 81.8386796267 4.97931526055 -92.9584486065
v 88.8056227671 4.82925105424 -92.8093939062
v 90.472057093 10.7657187345 -95.4553456517
v 80.4172568177 10.7807723122 -95.579980121
v 88.478638106 18.1643032237 -44.5569280785
v 98.6239354511 17.4859832814 -44.1334245397
v 104.014719801 30.8590387654 -35.9038091063
v 100.707389435 30.7698529861 -36.2227376771
v 116.356619568 54.2773090174 47.7872212876
v 121.389868781 54.0886640589 47.842571904
v 122.171638016 57.7985540106 43.9381246391
v 112.840841905 57.9036500459 44.0915074783
v 110.378563219 50.6573375291 51.7442365337
v 120.523860564 49.9790175868 52.1677400725
v 108.878902455 49.7669657077 52.839086521
v 120.392925798 49.312774547 52.9509330599
v 128.410878167 72.2369265088 101.223831086
v 133.778192718 72.6823532123 101.704615959
v 135.714300724 77.8918740415 103.489661185
v 132.921621354 77.8428015769 103.297817976
v 91.6135236595 20.4244652598 -99.0552400773
v 93.2643921488 20.40711056 -99.0080462493
v 93.7082247901 21.8756770228 -99.3887445297
v 91.6001953293 21.8698072483 -99.4415226036
v 84.5481341195 15.5295538756 -97.9303355096
v 91.6625597979 15.1069206894 -97.6340715465
v 79.8913263025 12.4363779022 -96.4222875447
v 90.8682909736 12.2105968435 -96.1804889147
v 96.2848625966 35.1134033389 -33.8182983555
v 105.530255607 34.5641798201 -33.4332951383
v 110.780372412 47.2057124215 -24.3169034195
v 108.639907191 47.1437023853 -24.5359762397
v 118.053959647 63.1041006596 37.0870918862
v 123.08720886 62.9154557011 37.1424425026
v 123.667315589 66.326137929 32.3512189523
v 113.417952028 66.4632753387 32.5837548175
v 113.318137685 60.3857633542 41.082607454
v 122.563530695 59.8365398354 41.4676106712
v 111.32412139 59.2065370283 42.5651703563
v 122.367584356 58.817546923 42.7028676551
v 130.781309358 84.1259596313 105.372123116
v 137.895735037 83.7033264452 105.668387079
v 140.739463211 91.6561733276 107.423060063
v 129.486968021 91.505666872 106.789483651
v 91.7491006932 29.5881912 -101.332025146
v 96.0441859438 29.5416656423 -101.210136358
v 97.2167677442 33.3897599153 -102.124419931
v 91.8221518962 33.3747386932 -102.259483239
v 101.5337376 50.2063370649 -23.1589280532
v 111.738663983 49.541015321 -22.733165737
v 110.605556038 57.9709620633 -16.0787090465
v 114.674386581 56.3795559588 -16.9725374631
v 115.710036086 62.3399178192 -12.0948510252
v 117.191647615 62.243322476 -12.0330363356
v 118.480875459 64.9394285961 -8.61915327789
v 106.955727085 64.2540498529 -10.8364791788
v 123.33359013 73.2494909756 19.1151087959
v 124.4178109 73.18424628 19.1109803735
v 124.228142726 73.4666793289 16.6534688107
v 120.843329516 73.6261528831 17.0673826972
v 123.010011124 73.1709292543 20.0055371789
v 124.491622653 73.0743339112 20.0673518684
v 118.106582731 70.5832821323 25.4496446978
v 124.194960207 70.3008367136 25.4812093156
v 113.700362663 68.2580227901 30.3417189535
v 123.905289046 67.5927010462 30.7674812698
v 112.273582614 67.4205489921 31.4388277183
v 123.787605957 66.9663578314 31.5506742572
v 131.12128282 94.1795706925 107.37376731
v 141.786564161 94.5995938767 108.025764996
v 145.492250441 105.01634801 110.158735464
v 137.680963039 104.911869033 109.718917685
v 92.5627891702 39.3075324099 -103.222357154
v 99.0499331777 39.2286255965 -103.043893944
v 100.924512368 45.1993993751 -103.984140154
v 93.29566538 45.1781569718 -104.175141209
v 114.781939104 72.949503514 -1.62692237948
v 121.748057663 72.2461125139 -1.33290693427
v 115.879552691 74.5780385776 3.19964511678
v 122.696613599 73.6534899539 2.83820510302
v 117.215264117 76.5598406591 9.07320702187
v 124.181382676 75.856449659 9.36722246709
v 115.289817978 75.7114109673 12.1769445963
v 124.19840592 74.9864411056 12.0198190622
v 141.100580948 111.408817139 110.706880417
v 147.805173424 111.652317642 111.103351435
v 150.045836001 118.080966124 112.018455687
v 144.573891824 118.007776764 111.710355599
v 94.8677892657 50.2487900398 -104.2627965
v 102.553031735 50.1314966502 -104.066906322
v 105.007981988 57.566503991 -104.19167415
v 97.1298077563 57.54456734 -104.388917533
v 147.224941203 125.479493754 111.843079497
v 152.574257254 125.650235338 112.14405427
v 154.223696566 130.588119083 112.225989683
v 149.012809532 130.518421463 111.932588526
v 100.936597092 64.2739493915 -103.158256531
v 107.32244333 64.1302156558 -103.02566919
v 109.673120483 70.7966337834 -101.841419027
v 104.61849633 70.7825592627 -101.96797007
v 126.505488678 101.069851092 -12.1792887028
v 126.333975879 99.632646392 -4.86390674068
v 130.592376827 99.9726095007 -4.49121860978
v 130.226037504 101.291105084 -11.4634914732
v 124.400184254 98.8086323249 -1.58486778554
v 130.758321819 99.3753551941 -1.33290693427
v 132.148065729 101.437325557 4.77825355324
v 125.688851755 100.720635088 4.08182653045
v 126.833509266 102.41896947 9.11526161582
v 133.191646832 102.985692339 9.36722246709
v 137.266971234 111.737775565 19.497807006
v 136.702276151 111.764380853 19.5668610783
v 133.805463716 111.900862528 19.9210995013
v 125.310194774 112.077463416 20.2996443014
v 149.329156844 136.256237262 110.688213877
v 156.030723473 136.439100908 111.045025315
v 157.819888255 142.232246865 109.87573456
v 149.65261384 142.123006425 109.415872785
v 109.530672061 80.8574115533 -97.7961610936
v 113.554212203 81.0210759793 -97.6340715465
v 115.471239653 85.7077729742 -94.5090757046
v 106.532987294 85.7211549084 -94.6198699829
v 126.618357726 104.068569841 -34.9960494916
v 128.468832232 104.13538577 -34.8868777701
v 128.367348192 104.841797177 -37.8006502274
v 122.520675681 104.68413526 -38.3644496373
v 125.714274308 103.66887526 -33.5463028707
v 128.519459191 103.782980987 -33.4332951383
v 128.834160359 102.689939917 -27.5578433772
v 122.684863931 102.462210257 -27.9243452423
v 120.083155185 101.425905992 -23.0961131725
v 129.092579924 101.792379862 -22.733165737
v 129.362712893 101.64354069 -19.962732674
v 119.22438705 101.243420329 -20.583070503
v 130.13590335 101.217524463 -12.0330363356
v 130.149596808 101.228703057 -11.9465093277
v 137.435878388 112.048535898 20.0673518684
v 137.490824008 112.160566665 20.2211250883
v 132.249780248 119.477591717 30.4045338343
v 141.259204987 119.844065587 30.7674812698
v 143.962233195 125.643103066 37.5038395507
v 138.594918644 125.197676362 37.0230546779
v 142.747549396 128.941235275 41.3546029388
v 145.552734279 129.055341002 41.4676106712
v 147.38699073 133.061341046 45.8349657602
v 140.206846481 133.142213534 45.9529954437
v 158.063628188 150.848950752 103.998518077
v 160.035243355 150.906423492 104.105889158
v 160.283099268 152.195365249 102.543391237
v 156.277496067 152.124979503 102.268226183
v 155.7638473 149.453817309 105.506297532
v 159.787387442 149.617481735 105.668387079
v 158.522452742 144.869403608 108.3733538
v 148.509644729 144.637404347 107.867127235
v 110.630460586 92.9388699581 -87.2653825982
v 118.818106218 93.1540482061 -86.9339421451
v 120.501380273 96.3497251691 -81.5423445019
v 113.727399225 96.0926120826 -81.9501541962
v 116.934836609 99.3588797005 -76.4452784877
v 122.158720893 99.4961677951 -76.2338127438
v 123.573451789 101.521652533 -69.8009779682
v 118.176052627 101.354222389 -70.1014970228
v 119.026337163 102.721115022 -65.7557431834
v 124.511929731 102.865281032 -65.5336833424
v 125.379210267 103.597731944 -60.1238609448
v 118.713162788 103.410882869 -60.4820130536
v 118.396559886 104.108202062 -55.1505478982
v 126.227330584 104.314001335 -54.833553941
v 126.687617421 104.457900256 -51.2574891294
v 117.725548802 104.218250143 -51.7314634163
v 116.324017037 104.44810608 -44.5900679577
v 127.604578754 104.744568777 -44.1334245397
v 127.770071137 104.765663696 -42.7594498368
v 116.042364074 104.455696751 -43.3773168261
v 138.223942151 136.941140385 51.7110966545
v 149.504503867 137.237603082 52.1677400725
v 150.273264558 138.733552088 54.5251179891
v 139.607983217 138.313528904 53.8731203033
v 145.163135024 143.821910657 62.5508755167
v 152.993905723 144.02770993 62.8678694739
v 154.594533742 146.959484211 68.3028338293
v 147.889941266 146.715983708 67.9063628117
v 150.659562326 149.655497908 73.3459390343
v 156.145154895 149.799663917 73.5679988752
v 157.666277492 152.130610265 80.0436660658
v 152.316961441 151.959868681 79.7426912934
v 153.434711797 153.513936876 84.0566625327
v 158.658596082 153.651224971 84.2681282766
v 159.425403632 154.092684192 89.6447665122
v 152.723837003 153.909820547 89.2879550738
v 151.9969858 154.314601424 94.6368172248
v 160.184631432 154.529779672 94.9682576779
v 160.219792821 153.69619525 97.6732243984
v 150.206984808 153.464195989 97.1669978333
v 49.3010671104 -150.034136195 -87.8581953213
v 51.1302872352 -149.725855154 -87.5922736053
v 51.1023442331 -149.063399786 -89.7419295725
v 43.8069799276 -149.856463011 -92.2060577523
v 48.0190089906 -150.725057365 -86.5174483801
v 51.1458072149 -150.093793212 -86.3983211096
v 46.5438278454 -150.67672355 -80.1161482135
v 52.179860051 -149.49847805 -79.1478343143
v 45.5879048295 -150.645403054 -75.9680812586
v 52.6718425649 -149.21523851 -75.6981917082
v 47.0444277594 -148.649977993 -70.5174712914
v 54.2271513199 -146.831905788 -69.0769884653
v 48.4507723264 -146.723296897 -65.254639133
v 55.1852837518 -145.363677457 -64.9980623069
v 52.6616330682 -142.430906654 -58.002860954
v 57.5736760265 -140.989002666 -56.8882287128
v 54.7332442769 -140.319185491 -54.4352138909
v 58.336532924 -139.59172347 -54.2979329055
v 61.0662593365 -134.279886436 -45.9273218238
v 59.7709798953 -133.92913975 -44.9135533467
v 58.2632865089 -133.520873825 -43.7335361399
v 53.5896391597 -132.373335058 -40.4241170203
v 80.1632116221 -101.027839519 52.5676284723
v 82.1231523836 -100.509077032 61.2344006138
v 84.8837360507 -99.9465968831 61.6991434185
v 84.02569971 -100.214843755 55.0328794277
v 81.4998194151 -100.605476896 63.266209524
v 85.1031080622 -99.8780148743 63.4034905094
v 80.6386741352 -100.108818905 69.7017892502
v 86.2722218442 -98.8906544743 70.696053487
v 80.0839974898 -99.7889140119 73.8470430847
v 86.8185089152 -98.4292945714 74.1036199107
v 81.1025974602 -98.1121245622 79.2795643276
v 88.2640286438 -96.3597291456 80.6764526729
v 82.087780018 -96.4903458786 84.5338597618
v 89.1717177535 -95.0601813348 84.8037493121
v 87.1266235672 -91.5597218072 92.0260202477
v 91.7693475911 -90.128610148 93.1240670089
v 89.3855342042 -89.3493258991 95.384751443
v 92.5123324286 -88.7180617458 95.5038787135
v 93.9896148135 -85.4313304048 98.8474871764
v 87.9842686487 -84.7803781812 100.668383556
v 50.9984071899 -141.207344553 -98.5583247227
v 52.8276273147 -140.899063512 -98.2924030066
v 53.1377341328 -139.735041844 -98.9555428688
v 50.0938538306 -139.935102355 -99.597389486
v 44.626968358 -145.59222209 -97.3753119393
v 52.2692944041 -142.994830416 -97.098450511
v 39.8664833875 -148.711787219 -95.5889775986
v 51.6858193186 -146.029115101 -93.4201900417
v 62.0099733017 -132.247490169 -43.5978035042
v 62.9086664811 -130.284752126 -41.4580197083
v 56.6987775323 -125.765165536 -33.2528896962
v 66.5039475666 -122.432689683 -32.8976741028
v 70.3262912045 -114.232289131 -23.3718111682
v 69.6826883791 -114.053260788 -22.8540679743
v 68.9497782808 -113.849390211 -22.2644819748
v 64.8096489162 -112.185436164 -17.4214194686
v 60.1923079561 -110.329686622 -12.0201218491
v 60.1338289334 -110.27057619 -11.8465867279
v 67.4922829938 -99.498675187 20.080266355
v 69.6957224581 -98.9001143486 21.8845184295
v 81.1164033437 -95.7977044855 31.236165032
v 77.7001870949 -98.3135752192 37.7329461177
v 83.378794557 -96.6100666413 39.0453887129
v 83.0269980262 -95.3881834852 32.4773687721
v 73.7320526203 -100.492805521 41.6480161133
v 83.5372226546 -97.1603296681 42.0032317067
v 71.5493693061 -101.736714452 43.5410060893
v 83.6861773784 -98.197175614 46.2799649702
v 83.9098984149 -99.7544558637 52.703361108
v 83.946400997 -99.8995781336 53.4376657958
v 90.8601435968 -76.9958163339 105.927146686
v 98.5024696429 -74.3984246602 106.204008115
v 100.215555098 -69.8854307722 108.061100473
v 91.6662006311 -69.4202612556 109.290709947
v 49.9385080043 -133.023140266 -101.516407016
v 55.57454021 -131.844894766 -100.548093117
v 56.7339258215 -128.090914061 -101.305797992
v 49.8378433156 -128.544162435 -102.759937705
v 71.1095467954 -112.281794641 -22.1975447015
v 76.0957230197 -100.383982248 -13.2279554591
v 77.0577267372 -98.0884878171 -11.4974153001
v 77.2868428427 -97.5964427611 -10.9278704377
v 60.9246205664 -109.472413253 -11.4349815181
v 74.9905564016 -95.275362865 -4.1136945567
v 73.9503807776 -94.2239562607 -1.02699791338
v 75.3401246874 -92.1619858975 5.08416257413
v 76.3837057901 -90.6136191156 9.67313148798
v 83.4078869448 -87.8174433267 20.0049180864
v 84.3483722918 -87.2238985444 20.4254115617
v 84.3277765721 -87.1497722802 20.0334280415
v 84.3577017749 -87.2574763819 20.602972904
v 83.7874694819 -90.9337688049 26.2445730386
v 83.2761718582 -94.230108916 31.3031023053
v 83.1435018232 -94.846713767 31.9283283651
v 94.3939995069 -64.2667163135 110.086343585
v 101.253126774 -66.9429226444 108.583819819
v 104.880693593 -56.6553009798 110.411355596
v 98.6035408638 -56.3137617312 111.314166036
v 52.1364479978 -122.169603066 -102.617859495
v 59.3191715584 -120.351530861 -101.177376669
v 60.9117863861 -115.583761103 -101.098263996
v 54.3558639372 -116.014652291 -102.480675993
v 80.6353725075 -85.8862088488 -11.8693379084
v 80.8393678104 -86.4482572294 -12.2287214579
v 81.1044220952 -85.623841084 -12.3046117196
v 80.7474931029 -85.4803882136 -11.8870814282
v 80.4437760016 -85.3583216657 -11.5317976252
v 80.2686340521 -86.0913478178 -11.5290079107
v 78.2852083387 -94.3926309947 -11.4974153001
v 77.4497117901 -97.073787028 -11.0207834767
v 77.1058590467 -87.1615643719 -4.56740684612
v 78.1740806646 -83.064119983 -4.79653021861
v 76.9197369195 -81.7962328425 -1.074294725
v 75.5086669658 -87.7020205859 -1.05181877176
v 76.7856497786 -85.8073544567 4.56349413141
v 78.0946115335 -80.053065186 4.09201488647
v 79.3530619321 -78.1858956975 9.62583467635
v 77.9419919783 -84.0916834409 9.64831062959
v 86.5959558537 -76.1526371978 19.4677362059
v 86.7591203836 -74.9566379486 19.2844799675
v 87.7437510393 -74.5273102306 20.5685905789
v 87.5686090898 -75.2603363827 20.5713802934
v 85.5851833764 -83.5616195596 20.602972904
v 88.7715275037 -74.2481163828 21.4101693234
v 100.524056716 -50.1913718589 111.225789337
v 106.4557858 -51.8850120045 110.331304754
v 108.964163213 -44.2881963639 110.2038216
v 102.486368816 -43.9357402223 111.135489294
v 59.4509933862 -107.123740085 -100.803378559
v 64.3630363444 -105.681836097 -99.6887463182
v 65.4653719464 -102.519142988 -99.2385437724
v 61.9576370211 -102.749690571 -99.9782009114
v 82.9546546158 -76.5498247326 -22.2150249786
v 82.9698241749 -76.5625945777 -22.2228168431
v 82.9755867086 -76.5391450647 -22.2403775457
v 82.9521104872 -76.5326147811 -22.2214922124
v 82.9253766708 -76.5251783457 -22.1999863226
v 82.9413475939 -76.5566140476 -22.1989077576
v 82.9615311373 -76.5963414855 -22.1975447015
v 81.999258156 -81.2739984003 -17.0714579189
v 79.0353090334 -78.1445918826 -15.1352577186
v 78.2155234002 -74.6322473002 -16.6904691614
v 74.167906346 -73.0054747571 -11.9556261969
v 77.1651162476 -78.9049081583 -11.7532154934
v 76.3574343932 -78.7221512873 -7.34798102124
v 73.8173798856 -72.6511635938 -10.915447189
v 75.2281248697 -78.4666186494 -1.18853443332
v 75.8840087772 -77.4934802393 1.69560255849
v 77.6614498823 -74.8562815043 9.51159496804
v 80.1160369618 -72.4093632931 13.420805867
v 81.4678813837 -62.174463322 20.1447620072
v 84.4650912853 -68.0738967232 20.3471727106
v 95.0563806403 -58.5513144802 31.24863632
v 94.6754180537 -58.5866569169 30.9595476285
v 95.0920017336 -58.4734926205 31.3006606842
v 95.1079726567 -58.5049283224 31.3017392492
v 95.1281562001 -58.5446557603 31.3031023053
v 95.1616930744 -58.4585548276 31.3459351496
v 103.299728453 -38.8644661866 110.45358392
v 110.14493268 -40.5272950336 109.611574539
v 112.671907837 -32.4785569042 108.344101376
v 104.396155643 -32.0282740597 109.534360049
v 66.7499869064 -89.3869156138 -97.2341831466
v 68.0589152031 -90.828832987 -97.1611738063
v 69.1834329122 -92.0676033804 -97.098450511
v 70.3265740511 -88.9981125853 -96.0261325543
v 84.5112216833 -67.8383764248 -32.9953803692
v 84.6020529512 -67.8949852931 -33.0290858575
v 84.6252077876 -67.7831543551 -33.1503430675
v 84.4773862793 -67.7468591666 -33.0456703592
v 84.2909141931 -67.7010739518 -32.9136290987
v 84.4447750937 -67.8705673504 -32.9050470527
v 84.5769590398 -68.0161813836 -32.8976741028
v 83.7850453322 -72.2309736821 -27.6274074289
v 80.1404586564 -69.8030155593 -26.1728741464
v 78.6009828707 -66.1183292348 -28.3363912438
v 77.7836978168 -70.8610972152 -22.4867786414
v 76.3433868738 -71.2975968315 -19.0234235259
v 73.4214070199 -72.1831299808 -11.9972644008
v 73.3560039561 -72.1287539697 -11.4125343861
v 80.7213820576 -61.3521185457 20.1031238033
v 81.7371700638 -60.4118612036 21.3040203827
v 89.9503228796 -52.80941149 31.0138683654
v 101.143114257 -42.8948919301 41.6767791143
v 101.324189281 -42.4287139365 41.9872767108
v 101.478050182 -42.5982073352 41.9958587568
v 101.610234128 -42.7438213683 42.0032317067
v 101.77340218 -42.3402879628 42.2559006714
v 115.251225283 -21.6358607638 105.597258371
v 115.865433686 -21.8647880899 105.469703427
v 116.072035916 -21.1253297326 105.131690158
v 115.196670974 -21.0304441523 105.397111803
v 112.983162145 -20.7905098581 106.068275479
v 114.292090442 -22.2324272312 106.141284819
v 115.416608151 -23.4711976247 106.204008115
v 113.230758553 -30.6445609827 107.908355206
v 104.641841274 -28.7121568595 108.864398881
v 105.259876621 -20.3702866695 107.179075726
v 62.6366898742 -85.3253494489 -97.4572446273
v 71.3953668785 -86.1507939152 -94.9586667151
v 75.6711427775 -74.7599085783 -90.6881995196
v 66.31112764 -75.7774155159 -93.8496971636
v 86.2085617628 -59.0115847826 -43.6955097705
v 86.2993930307 -59.0681936509 -43.7292152589
v 86.317735975 -58.9635021424 -43.8716319389
v 86.1654794596 -58.9222728397 -43.7524662586
v 85.9882542726 -58.8742823096 -43.6137585
v 86.1523691536 -59.0363332003 -43.6048586545
v 86.2824674956 -59.164795361 -43.5978035042
v 85.4538376416 -63.473974858 -38.3740732859
v 81.5870665545 -61.1816630525 -37.0158948379
v 79.9147202321 -57.3830239319 -39.3130767895
v 78.9455708934 -62.4229563454 -33.2035036644
v 77.1567695377 -63.1950817707 -30.2273168033
v 95.9788459814 -37.1505963301 41.6974021451
v 107.692652272 -26.8592674166 52.3686723264
v 107.888179386 -26.3812480042 52.6874061122
v 108.052294267 -26.5432988949 52.6963059577
v 108.182392609 -26.6717610556 52.703361108
v 108.342204176 -26.2856826009 52.9771895427
v 114.21155667 -13.4350804182 102.650705402
v 117.822997384 -14.7403989673 101.927274851
v 118.988797374 -10.4892761651 99.7937571235
v 113.755919424 -9.92205598436 101.380431438
v 108.869865113 -16.7289436931 105.845213998
v 105.324533694 -19.100148169 106.899412732
v 79.1338187578 -60.8886403575 -86.4652583829
v 79.7675504993 -61.6082748061 -86.4296183226
v 80.3240601455 -62.2402196593 -86.3983211096
v 81.0814684246 -60.4241406815 -85.0611117042
v 88.0466748542 -50.0694498059 -54.3154131826
v 88.0618444134 -50.0822196511 -54.3232050472
v 88.0633295305 -50.0651165635 -54.3595749553
v 88.0376872477 -50.0537765751 -54.3265258044
v 88.0173969092 -50.0448034191 -54.3003745266
v 88.0405130705 -50.0710529895 -54.2990745107
v 88.0608124588 -50.0941039717 -54.2979329055
v 87.1797254912 -54.5773903977 -49.0276662316
v 83.5351388154 -52.1494322749 -47.5731329491
v 82.0949371212 -48.4410698324 -49.6650789686
v 81.0682919264 -53.287416199 -43.890449319
v 78.8541096171 -54.3682901285 -40.9274462047
v 102.96821704 -20.7943818937 52.4107152932
v 114.751724076 -10.4061528929 63.3509468529
v 114.783972047 -10.3310948236 63.4010488883
v 114.807088209 -10.357344394 63.4023489042
v 114.827387597 -10.3803953763 63.4034905094
v 114.857940805 -10.3098106053 63.4651325592
v 121.358917965 -0.142776451167 95.0565217884
v 121.760353098 -0.437277529869 94.8786526537
v 121.839801911 0.0492135126412 94.1666693081
v 121.170072941 0.268152310427 94.8018053741
v 120.500343971 0.487091108213 95.4369414401
v 121.134075713 -0.232543340412 95.4725815004
v 121.690585359 -0.864488193585 95.5038787135
v 119.827720285 -7.50071629776 98.4617217072
v 113.368124964 -5.07351201459 99.8159870787
v 112.857114766 1.31558240743 97.7544645278
v 72.0736885125 -48.5421451267 -86.9210276586
v 75.7961137513 -55.0517850146 -86.6807251435
v 86.2797634966 -47.4232323944 -77.4287318672
v 87.2826921857 -44.9149130851 -75.9561850806
v 89.1220729049 -41.7522506378 -65.3699849152
v 89.3260682078 -42.3142990184 -65.7293684647
v 88.0057868004 -43.8420537944 -72.7765005308
v 88.8554488974 -41.4367577183 -65.6607821496
v 88.930476399 -41.2243634547 -65.032444632
v 89.1753281899 -41.6525512307 -65.0166381355
v 89.4630785425 -42.1557584285 -64.9980623069
v 88.7886184739 -45.9668318315 -59.8719755244
v 85.8246693514 -42.8374253138 -57.935775324
v 84.765086851 -39.3822704657 -59.663866921
v 80.957266664 -37.6983081883 -54.7561438023
v 84.2203897493 -43.4047374199 -54.5454917048
v 81.4354071123 -44.8172219049 -51.12381173
v 80.097408947 -37.4654686673 -54.0831641961
v 107.723841802 2.01540040713 62.9452796126
v 110.986964888 -3.69102882445 63.1559317101
v 120.213571303 4.73826470098 73.4229693364
v 116.614739199 4.57372108 70.6480093025
v 120.563701562 5.71001943084 74.0692375857
v 120.808553353 5.28183165479 74.0850440821
v 121.096303706 4.77862445706 74.1036199107
v 123.176813719 8.34138420002 81.8820581347
v 119.525832404 7.40791226709 91.6578036016
v 122.813725519 4.47656915019 89.8622785788
v 123.899908334 9.41424349069 85.0617426844
v 118.67006103 11.1239149148 90.0214574245
v 113.440213726 12.833586339 94.9811721645
v 117.162638965 6.32394645112 95.2214746796
v 112.931537439 3.62140696345 97.2131276641
v 113.229606087 12.8564152496 95.0450310458
v 72.0433756897 -48.3365601135 -86.9250538797
v 72.8060011228 -47.6848717575 -86.3358873276
v 85.831761334 -32.4364147653 -75.9279037229
v 86.3709403075 -36.0931879082 -75.8562886907
v 87.5612290795 -44.1658617831 -75.6981917082
v 87.633752267 -44.1130371748 -75.2215598848
v 87.2898995236 -34.2008145187 -68.7681832543
v 86.4993016917 -30.5466844726 -70.3374116781
v 87.1037773964 -28.8354829893 -65.2750711331
v 87.7539712265 -33.2451715196 -65.188710844
v 84.8441347906 -34.5881930763 -60.848628028
v 84.9546604767 -27.8850621068 -62.5051738496
v 80.7755699459 -36.4660203741 -54.780277192
v 80.1453642741 -36.8215874009 -54.2130519915
v 107.542145084 3.24768822137 62.9211462229
v 110.129272625 5.52826526521 65.3219170455
v 118.73700256 18.0988998962 73.8266110845
v 119.38719639 13.6892113659 73.9129713737
v 121.776036962 16.6876972181 81.2727495057
v 120.640689056 20.0158836598 79.5183533755
v 122.331636523 21.7186424103 84.5740372975
v 122.870815496 18.0618692674 84.6456523297
v 124.061104268 9.98919539251 84.8037493121
v 123.950162788 9.5934905319 84.9813106544
v 118.920916827 15.964910499 88.9590146879
v 119.270918283 22.7192113002 87.4766630308
v 113.409900903 13.0391713522 94.9771459433
v 113.24250461 12.9288400169 95.0362967485
v 89.962426426 -19.999285978 -75.9279037229
v 88.1909063827 -25.3332025356 -75.9279037229
v 88.667030335 -24.0198129613 -70.3374116781
v 90.6299667838 -18.1095556854 -70.3374116781
v 91.2344424885 -16.398354202 -65.2750711331
v 89.0981733487 -22.8305034622 -65.2750711331
v 86.0680492541 -24.5327303861 -62.5051738496
v 89.0853255687 -15.4479333195 -62.5051738496
v 122.867667652 30.5360286835 73.8266110845
v 120.731398512 24.1038794234 73.8266110845
v 122.828252918 26.6024775562 79.5183533755
v 124.771354148 32.453012447 79.5183533755
v 126.462301615 34.1557711976 84.5740372975
v 124.690781571 28.82185464 84.5740372975
v 120.450490808 26.270817415 87.4766630308
v 123.401583376 35.1563400874 87.4766630308
v 84.4656837887 -11.230758765 -86.9210276586
v 98.6839476602 -8.37631854686 -76.2962465258
v 99.6244330072 -7.78277376457 -75.8757530505
v 99.6746874618 -7.60352672336 -75.9561850806
v 99.5134915276 -8.17847862517 -75.6981917082
v 100.397782077 -6.53066743269 -72.7765005308
v 100.17467649 -5.53830406018 -66.1332990049
v 101.247444174 -4.12537135656 -65.6607821496
v 101.322471675 -3.91297709295 -65.032444632
v 100.138661542 -5.37811123065 -65.0609163687
v 91.9974175182 -10.6218217977 -61.4800999425
v 97.1570821272 -2.07088410401 -59.663866921
v 93.3492619401 -0.386921826586 -54.7561438023
v 92.4894042232 -0.154082305539 -54.0831641961
v 120.115837078 39.3267867689 62.9452796126
v 129.006734476 41.8851074417 70.6480093025
v 132.955696839 43.0214057926 74.0692375857
v 131.771886705 41.5562716549 74.040765849
v 135.940843529 45.9237539421 84.3271174887
v 135.568808995 45.6527705618 81.8820581347
v 136.013366716 45.9765785504 84.8037493121
v 136.29190361 46.7256298524 85.0617426844
v 126.229683473 40.0586785946 88.416152451
v 131.062056306 48.4353012766 90.0214574245
v 125.832209002 50.1449727007 94.9811721645
v 125.621601363 50.1678016114 95.0450310458
v 99.787144218 1.29700357875 -86.4652583829
v 86.9436353697 -9.20463412439 -86.847315743
v 100.760870277 -2.66585238286 -80.7567209749
v 101.734793885 1.76150325469 -85.0611117042
v 102.47829209 -2.96790768973 -64.9980623069
v 108.716654991 12.1205273727 -54.3595749553
v 108.635101276 12.0630186574 -54.3523988909
v 108.691012708 12.1318673611 -54.3265258044
v 108.67072237 12.1408405171 -54.3003745266
v 108.202239253 11.7577800916 -54.3143105487
v 93.6185506202 1.37568029183 -53.5968854268
v 102.748262581 13.7445741038 -49.6650789686
v 135.437297508 51.8545491126 63.4010488883
v 134.968814391 51.4714886871 63.3871128662
v 134.785977322 47.7775485989 68.9775331282
v 135.511266265 51.8758333309 63.4651325592
v 134.111517253 43.9664751958 74.1036199107
v 134.248527588 44.1250157858 74.8349260685
v 140.6530219 60.9291799898 94.2819067535
v 137.294832299 49.2339491618 86.5342894711
v 142.493127371 62.2348574489 94.1666693081
v 141.823398401 62.4537962466 94.8018053741
v 141.153669432 62.6727350444 95.4369414401
v 128.310160583 52.1710973413 95.05488408
v 125.692634698 50.2878595364 95.0694275507
v 133.510440226 63.5012263437 97.7544645278
v 98.0682680488 7.60792448721 -90.6686066986
v 103.746875511 9.31143306509 -89.3561641034
v 104.585798422 12.2999929324 -90.6881995196
v 95.2257832844 11.2824859948 -93.8496971636
v 101.884010436 2.67520496092 -86.3983211096
v 101.814242698 2.2479942972 -85.7730950498
v 108.747208199 12.1911121436 -54.2979329055
v 115.232391619 28.0963993683 -43.8716319389
v 114.721834893 27.7194412075 -43.9242560966
v 115.080135104 28.137628671 -43.7524662586
v 114.902909917 28.1856192011 -43.6137585
v 108.829375877 29.6768775788 -39.3130767895
v 136.80283503 60.6786535065 52.6874061122
v 122.4632478 50.2281768458 53.6214147384
v 136.394870304 56.388107165 58.1332238355
v 137.256859821 60.7742189098 52.9771895427
v 135.513783337 51.9048207391 63.4034905094
v 135.512751382 51.8929364184 63.428762651
v 143.25053565 64.0509364266 95.5038787135
v 147.903453018 76.5706253456 99.7937571235
v 136.864284702 68.4940676833 99.0820573311
v 142.670575068 77.1378455263 101.380431438
v 103.925972735 22.5472434714 -97.2341831466
v 93.6147903394 13.0115768966 -95.5606761283
v 105.751598412 16.5511157346 -92.8217172474
v 107.50255988 22.9360464999 -96.0261325543
v 115.392203187 28.4824778229 -43.5978035042
v 121.801193616 44.1510047301 -33.1503430675
v 121.271372908 43.755065721 -33.2323628845
v 121.653372108 44.1872999186 -33.0456703592
v 121.466900022 44.2330851334 -32.9136290987
v 115.776968699 45.8158298503 -28.3363912438
v 138.50017511 69.5054451487 41.9872767108
v 125.380319533 60.0543639981 43.6164056389
v 138.120758154 65.2846916253 47.4796308897
v 138.949388008 69.5938711224 42.2559006714
v 137.2921283 60.9755121283 52.703361108
v 137.275202765 60.8789104182 52.8347728627
v 151.288227105 89.3650639506 104.948155837
v 152.179228917 87.9615106825 104.064224319
v 153.248021745 90.8088293526 105.131690158
v 152.372656802 90.9037149329 105.397111803
v 150.159147974 91.1436492271 106.068275479
v 142.43586245 91.5638724157 107.179075726
v 107.583253576 31.8927976008 -99.2675404066
v 110.343837243 32.45527775 -98.8027976018
v 110.902687959 34.2892736715 -99.2385437724
v 107.394953034 34.0587260891 -99.9782009114
v 108.157987645 25.281914392 -97.098450511
v 107.70916211 23.6755048572 -96.3641458232
v 121.964361668 44.5545381356 -32.8976741028
v 128.412902721 60.269271595 -22.2403775457
v 128.330444712 60.2081802447 -22.2500883579
v 128.3894265 60.2758018786 -22.2214922124
v 128.362692683 60.283238314 -22.1999863226
v 123.652839413 62.1761693595 -16.6904691614
v 119.605222359 63.8029419025 -11.9556261969
v 119.254695898 64.1572530659 -10.915447189
v 126.905197396 74.6339533377 20.1447620072
v 140.112734066 78.2217597427 30.9595476285
v 140.529317746 78.3349240392 31.3006606842
v 125.857927959 67.8817601303 32.2211559357
v 139.789550463 74.0416904494 36.7329650328
v 140.599009087 78.349861832 31.3459351496
v 138.997636756 69.8268981509 42.0032317067
v 138.972542844 69.7057020604 42.1346434614
v 154.391162883 93.8783201477 106.204008115
v 158.109223849 104.329859756 108.344101376
v 143.694296872 93.8121405883 107.579741777
v 149.833471656 104.7801426 109.534360049
v 107.796115407 41.1198473706 -101.500281171
v 113.429663116 42.3380118009 -100.506016935
v 114.610432583 46.0989131313 -101.098263996
v 108.054510134 45.6680219428 -102.480675993
v 128.446439596 60.3553725276 -22.1975447015
v 134.803068292 76.0588331502 -12.3046117196
v 133.792291939 75.3525978386 -12.1780658745
v 134.4461393 76.2022860205 -11.8870814282
v 134.142422198 76.3243525685 -11.5317976252
v 129.6714345 72.4733307991 -11.6621481983
v 122.010653181 67.3158067606 -9.57898876403
v 131.872726861 78.6185542511 -4.79653021861
v 130.618383116 79.8864413917 -1.074294725
v 131.79325773 81.6296090482 4.09201488647
v 133.051708129 83.4967785367 9.62583467635
v 140.45776658 86.7260362855 19.2844799675
v 141.442397236 87.1553640036 20.5685905789
v 136.971409538 83.3043422342 20.4382400058
v 141.57533764 83.0847151677 26.1770155228
v 142.4701737 87.4345578513 21.4101693234
v 140.613064658 78.4070582528 31.3031023053
v 140.604771621 78.373311345 31.328374447
v 152.382081969 109.98317696 110.176826656
v 159.211559451 107.492552865 108.794303922
v 162.662809409 117.39447787 110.2038216
v 156.185015013 117.746934012 111.135489294
v 109.957378812 51.9433333553 -102.622635495
v 117.118809995 53.6957287719 -101.22574715
v 118.693902202 58.4660177472 -101.305797992
v 111.797819697 58.0127693736 -102.759937705
v 137.989412419 85.3723363269 -11.4974153001
v 139.246819224 88.9604890476 -10.9278704377
v 135.354757598 87.3020303557 -4.32828570516
v 136.950532783 91.2815689437 -4.1136945567
v 135.910357158 92.332975548 -1.02699791338
v 133.420965973 86.4780162887 -1.04924675002
v 134.709633474 88.3900190516 4.61744756597
v 137.300101068 94.3949459111 5.08416257413
v 138.343682171 95.943312693 9.67313148798
v 135.854290986 90.0883534338 9.65088265134
v 146.124884006 98.8845037953 20.1263410805
v 146.287752953 99.4071595284 20.0334280415
v 145.289387457 96.203347762 20.602972904
v 142.735227985 88.2589739968 21.3342790618
v 158.349938564 123.925621226 111.223834912
v 164.255424237 122.162247629 110.282934273
v 166.840669974 129.901630829 110.411355596
v 160.563517245 130.243170077 111.314166036
v 117.678744998 67.3225277525 -100.576308977
v 122.321469022 68.7536394117 -99.4782622155
v 123.359040698 71.6961475396 -98.9555428688
v 120.315160396 71.4960870277 -99.597389486
v 140.02965884 96.9519316131 -22.6449016265
v 140.431093972 96.6574305344 -22.8227707613
v 140.547597769 97.1989002525 -23.3718111682
v 139.903994944 97.3779285947 -22.8540679743
v 139.171084846 97.5817991724 -22.2644819748
v 139.734754392 96.8113124279 -22.2310133381
v 140.298423937 96.0408256833 -22.1975447015
v 139.787126314 92.7444855722 -17.1390154347
v 136.499233199 95.6758286891 -15.3434904119
v 135.030955481 99.2457532187 -17.4214194686
v 130.413614521 101.101502761 -12.0201218491
v 134.815254271 95.0848479551 -11.7587685746
v 139.216894021 89.0681931493 -11.4974153001
v 139.226223504 89.0346153117 -11.3198539578
v 134.196977542 95.4060352788 -7.34214992427
v 130.355135498 101.160613193 -11.8465867279
v 133.334339489 95.854165371 -1.17995242382
v 134.029211444 96.8851505526 1.87562781993
v 135.767664501 99.4645025161 9.52017697753
v 138.111064029 101.84622009 13.5152466415
v 137.713589559 111.932514196 20.080266355
v 142.115229309 105.91585939 20.3416196295
v 146.516869058 99.8992045844 20.602972904
v 147.478872776 102.194699015 22.3335130629
v 150.837062376 113.889929843 30.0811303454
v 139.917029023 112.531075035 21.8845184295
v 151.337709909 115.633484898 31.236165032
v 151.901379454 114.862998153 31.2696336687
v 152.465049 114.092511408 31.3031023053
v 153.248304591 116.043005898 32.4773687721
v 161.127273046 135.253889281 110.452577087
v 168.000055586 133.655611533 109.653650721
v 170.436861663 141.545758611 108.061100473
v 161.887507196 142.010928128 109.290709947
v 119.397485399 78.5798832157 -97.362340046
v 125.072126153 76.2091414276 -97.098450511
v 129.584980982 87.2420471721 -89.7419295725
v 122.289616677 86.4489839469 -92.2060577523
v 139.013986396 101.939222227 -44.2045532483
v 139.628194799 101.710294901 -44.3321081919
v 139.548896086 102.025560522 -45.9273218238
v 138.253616644 102.376307208 -44.9135533467
v 136.745923258 102.784573133 -43.7335361399
v 138.837537473 101.910742094 -43.6362691715
v 139.664697381 101.565172631 -43.5978035042
v 139.888418417 100.007892381 -37.1744073663
v 136.276977704 101.31321093 -36.4509768161
v 132.072275909 103.9321119 -40.4241170203
v 135.092661935 101.036839495 -33.1276195033
v 140.037373141 98.9710464355 -32.8976741028
v 140.195801239 98.4207834087 -29.9398311091
v 133.736205918 100.847987692 -28.5855657376
v 131.948756815 100.599131126 -22.6003440793
v 131.602278314 100.716115028 -20.4882957508
v 130.214604729 101.184644734 -12.0293764616
v 130.215905404 101.196756439 -11.9649972651
v 137.514579766 112.01565617 20.0710117424
v 137.574015254 112.075401032 20.1685217412
v 144.115381878 118.650816851 30.9003029275
v 147.048325179 121.454817537 34.8812809229
v 152.125937023 126.30919951 41.7732863062
v 157.070648229 124.243406451 42.0032317067
v 160.665929315 132.095468894 50.5635773121
v 159.774927502 133.499022162 51.4475088304
v 158.645848371 135.277607438 52.5676284723
v 160.737462587 134.403776399 52.6648954407
v 161.564622494 134.058206936 52.703361108
v 162.508336459 136.090603203 55.0328794277
v 168.486720461 148.719967468 102.979260525
v 171.888776477 147.839831868 102.525747646
v 172.472251563 150.874116553 98.8474871764
v 166.466905398 151.525068776 100.668383556
v 165.630660638 147.176288971 105.94011858
v 171.305301392 144.805547183 106.204008115
v 170.746968481 142.709780279 107.39796061
v 161.230381603 144.391011951 108.15728836
v 122.765531954 92.3076806674 -86.7612618835
v 131.062263367 90.5287785132 -86.3983211096
v 131.805248205 91.9393269153 -84.018509405
v 124.946120938 94.6155332461 -82.5159856399
v 128.311207561 98.1770131494 -75.964672023
v 134.402878042 96.8708981022 -75.6981917082
v 135.310567152 98.1704459129 -71.5708950691
v 129.378838068 99.8640860585 -70.6764104858
v 130.46970345 101.587874789 -65.2730603457
v 136.75608688 100.240011339 -64.9980623069
v 137.302373951 100.701371242 -61.5904958831
v 130.457169724 102.364200089 -60.7484865017
v 130.440273978 103.410704156 -54.6492586012
v 138.471487733 101.688731642 -54.2979329055
v 138.690859745 101.75731365 -52.5935858147
v 130.101942467 103.689717774 -51.6375421395
v 129.250851452 104.391591453 -44.0614082892
v 129.087294807 104.474934822 -42.902398887
v 151.150776566 136.884625759 52.239756323
v 152.180997269 137.946098799 54.0790947702
v 157.206849117 143.124412751 63.0521648137
v 165.238062872 141.402440237 63.4034905094
v 166.000919769 142.799719434 65.9937863167
v 159.171442287 145.290343529 67.3763090504
v 162.102928614 148.522257674 73.828621872
v 168.389312044 147.174394224 74.1036199107
v 169.347444476 148.642622555 78.1825460692
v 163.441958802 150.405996153 79.123446708
v 164.81108275 152.332070325 84.5372689973
v 170.902753231 151.025955278 84.8037493121
v 171.394735745 151.309194818 88.2533919182
v 164.521953205 152.907472566 89.0523182848
v 164.132057168 153.683412133 95.1409379396
v 172.428788581 151.904509979 95.5038787135
v 172.44430856 151.536571921 96.6978312091
v 162.927721682 153.217803593 97.4571589587
v 55.972320381 -147.901947405 -86.2309486452
v 59.9184539052 -146.013998645 -80.5905844669
v 63.6065803684 -144.24948821 -75.31899995
v 64.9569614893 -141.782345213 -68.0122638705
v 65.5806485082 -140.642870558 -64.6375747753
v 64.718379379 -138.809237655 -59.2384303407
v 63.8985547907 -137.065863934 -54.1050546775
v 63.0057660062 -136.187675375 -51.5272910606
v 90.6651299289 -97.3521553384 63.5963687374
v 94.0973848796 -95.4424766465 69.2922474339
v 97.2138736716 -93.7084876726 74.4641074424
v 99.2311029162 -91.1881162431 81.9392094512
v 100.106455557 -90.0944310347 85.1829410704
v 98.7023904476 -88.2842025753 90.5038751898
v 97.3388455946 -86.5262159391 95.6712511779
v 95.6642302041 -85.9787731719 97.2593691771
v 57.6696604605 -139.075155763 -96.9310780466
v 62.9840900803 -140.439432901 -89.3736810014
v 68.1192611824 -137.898869384 -87.5345043055
v 68.3844561366 -136.519758247 -89.206308537
v 67.8540662281 -139.27798052 -85.8627000741
v 68.2481074715 -139.922459654 -80.59096505
v 68.6538583789 -140.586090678 -75.1625706727
v 69.4338823155 -139.362099506 -71.9244993235
v 71.2314288391 -136.541441099 -64.4624412714
v 73.0045581529 -132.971197747 -59.3703450369
v 74.9573429281 -129.039213313 -53.76231187
v 78.3483712401 -121.736244897 -45.3917007883
v 74.5858937249 -124.467113064 -45.508310501
v 77.8086118039 -121.205312419 -43.8332445658
v 77.560151111 -120.96091493 -43.1158599554
v 75.0823785545 -118.825490793 -36.8528686296
v 73.4326636553 -117.403713397 -32.6829337917
v 72.468114611 -116.418965337 -29.7917690747
v 90.4659387432 -92.131353382 42.2179720178
v 97.6614522152 -89.2004922918 50.9920862587
v 99.4600762241 -88.4678806242 53.1853046568
v 87.7881772252 -97.4839755882 55.1494891403
v 101.592754076 -88.8040397986 61.3005493561
v 101.307811614 -87.6712022164 55.5685004632
v 101.723918066 -89.3255047173 63.9391115449
v 102.279893848 -89.462729223 69.1541772037
v 102.864654003 -89.6070582132 74.6392409463
v 103.58786572 -88.6036250773 78.0198394542
v 105.153733567 -86.431033502 85.3393703476
v 107.118440844 -82.3107604602 90.5086245346
v 109.220591442 -77.9022490543 96.039499749
v 111.271726717 -72.8876888665 99.3831082119
v 99.3899808699 -81.5116557513 99.0148596408
v 107.587281208 -71.6832194366 102.877244396
v 103.902835699 -70.4787500068 106.371380579
v 101.532227766 -70.0972961831 107.45772681
v 67.0012605274 -126.595904926 -96.7192587527
v 62.4931456338 -132.624656282 -96.8215890826
v 69.945447551 -131.095668012 -91.2910944513
v 71.5528267113 -125.510390907 -93.4378336336
v 79.924887722 -117.798526795 -43.0621824686
v 84.4489352499 -106.376366704 -36.7294081564
v 81.8039199246 -107.883758164 -34.4354484855
v 83.3249713411 -105.407698433 -33.8883983176
v 82.7642637222 -104.924462561 -32.4711144979
v 79.6212366104 -109.127667095 -32.5424585095
v 75.6531021357 -111.306897397 -28.6273885138
v 80.8482859665 -102.968361531 -26.7281122951
v 79.2749643884 -101.362092382 -22.0121967465
v 78.7591415672 -100.436599046 -19.2884308646
v 77.2827231723 -97.7875976234 -11.4923080746
v 77.2833490453 -97.7585567886 -11.4065569721
v 84.58269821 -86.9565861883 20.6080801295
v 84.6812684003 -86.9041863765 20.7644436168
v 91.4415894512 -83.3104066572 31.4884502603
v 96.7021490714 -81.0072899122 38.3766654052
v 99.7975388102 -79.6521025454 42.4297913116
v 96.6545116984 -83.8553070798 42.3584473
v 102.741720263 -81.3178978546 49.7065015434
v 103.468577788 -78.156822835 46.9062078313
v 101.824812835 -85.3054924893 53.2389821436
v 101.546722618 -86.5779860627 54.4920086907
v 113.486805843 -60.9086853973 104.694535202
v 113.904267223 -65.7209551879 101.570374963
v 116.364686327 -59.0227986323 103.614633309
v 114.799561046 -58.5111489012 105.098916591
v 113.234435766 -57.9994991701 106.583199873
v 108.726320873 -64.0282505261 106.480869543
v 102.354882041 -68.4131280628 107.663882327
v 107.863689786 -57.1352940178 109.044378532
v 70.6726687467 -114.162495632 -96.7379629793
v 69.5127241626 -118.090706528 -96.7320535666
v 72.8285624745 -121.708516222 -93.3247581262
v 75.7684650577 -112.947186854 -93.0641783212
v 86.506602242 -94.9779431331 -34.1094581046
v 86.6394835612 -99.6368999354 -37.143701803
v 88.4092675911 -94.1919615172 -37.4784172145
v 87.0925419005 -93.0571649383 -34.1501692053
v 86.4356719415 -92.4910532663 -32.4898187245
v 85.5894541772 -95.3568124484 -32.4855076134
v 82.8619088384 -96.3476721337 -26.8731676415
v 84.6037079596 -90.6207253775 -26.9986416209
v 82.9463726076 -88.9286830881 -22.0309009732
v 80.5025613456 -97.2047733084 -22.0184508186
v 79.6986569818 -97.3229286952 -19.3625055225
v 82.482603595 -88.0965851013 -19.5820015411
v 77.3165493589 -97.6730435347 -11.4924804043
v 77.3121660664 -97.6617408431 -11.4091703793
v 84.6165243966 -86.8420320996 20.6079077998
v 84.7264641491 -86.7370580357 20.7563700812
v 95.1129976705 -70.8769973629 31.4697460336
v 92.6691864085 -79.1530875832 31.4821961882
v 98.5611972993 -73.7848988048 37.9541174156
v 99.8426925211 -68.8062976283 37.6628429765
v 103.468947029 -67.218693251 42.411087085
v 102.622729265 -70.0844524332 42.4153981961
v 105.356202916 -72.5874909918 47.2349334831
v 107.769575631 -65.4669704476 47.6552168894
v 118.038115954 -48.126898224 104.934259155
v 119.132182427 -50.6012989286 103.359030642
v 120.410378164 -46.7117451105 103.240977996
v 118.658111075 -46.1389174931 104.902736821
v 116.905843985 -45.5660898758 106.564495646
v 115.745899401 -49.4943007724 106.570405059
v 108.846528471 -54.0415129962 109.009396363
v 111.800018452 -44.7445129945 108.904272818
v 70.6879151086 -101.758697365 -96.905572283
v 70.6804842846 -107.804102981 -96.8238822874
v 78.0965783913 -106.49082282 -91.470733241
v 80.6605787932 -99.380292702 -89.7158385085
v 90.6853421013 -84.117999534 -43.3954474704
v 90.8236380747 -84.7304114514 -43.7900109187
v 90.9920897934 -84.0513753827 -44.2847908502
v 90.7088061613 -83.7727244307 -43.4668613994
v 90.5784057592 -83.6444565321 -43.0903541918
v 90.5777949831 -84.1413582606 -43.0836396879
v 90.5758431551 -85.7292833494 -43.0621824686
v 89.244428004 -90.9298118324 -39.630818346
v 87.7025784696 -84.9453718284 -35.7819258176
v 87.9695027388 -81.3960199418 -36.4959083283
v 86.4509183034 -80.0872549998 -32.6574280281
v 86.4445144364 -85.2971716137 -32.5870277784
v 84.9354091351 -85.5960954543 -28.0455378175
v 85.3718050221 -78.9855435659 -29.4228654487
v 82.9499855214 -85.9893685092 -22.0706191675
v 82.5734641955 -85.9147956883 -20.0782140186
v 95.1166105843 -67.937682784 31.4300278393
v 98.1323717738 -65.083619979 35.3556815343
v 103.484193391 -54.8148949845 42.2434777814
v 103.477789524 -60.0248115984 42.3138780311
v 111.896234331 -52.1895290552 52.5130399949
v 111.534353411 -51.5359210983 52.0597367527
v 112.478330872 -51.1514222267 53.2108104204
v 112.477720096 -51.6483239552 53.2175249244
v 112.475768268 -53.2362490441 53.2389821436
v 113.448083613 -50.7332990076 54.4615905252
v 119.882166753 -37.5633225668 103.631126607
v 122.137494378 -40.9154031407 101.524563492
v 123.779594613 -35.4043816883 99.8926381834
v 120.35034248 -34.2833366488 103.144762263
v 116.921090347 -33.1622916093 106.396886343
v 116.913659523 -39.2076972255 106.478576338
v 112.316499967 -42.1457280456 108.632869665
v 114.18922726 -32.7227083252 107.648780057
v 70.2136761554 -98.7038960003 -96.9663708548
v 81.3752540429 -89.159946495 -88.3088281064
v 84.349511429 -85.6537483608 -85.9163775608
v 84.4814908411 -86.5038912802 -85.8994574835
v 84.7682047363 -88.3507534844 -85.8627000741
v 86.2841222096 -84.7281724772 -83.1511621217
v 92.3826821808 -75.2912078918 -54.0955768718
v 92.5209781542 -75.9036198091 -54.49014032
v 92.5584716631 -75.4188871265 -55.5607865183
v 92.3431312683 -74.9609613815 -54.2124210779
v 92.2757458387 -74.8176648899 -53.7904835932
v 92.3450130061 -75.2638480558 -53.7816033761
v 92.4954899559 -76.2331425195 -53.76231187
v 91.7437898747 -80.1422589511 -49.0235513601
v 90.1356968498 -75.5157151807 -46.0627380413
v 89.9268801349 -72.5072113715 -47.0085653414
v 88.6552302554 -71.2563574239 -43.3369099066
v 89.3307157882 -75.6074848739 -43.2503110403
v 87.6524830302 -75.9337779047 -38.1645249032
v 87.3139217185 -70.1003745568 -39.9465245744
v 85.8602137529 -76.2822426643 -32.7331577691
v 85.1803099658 -76.34279431 -30.2600196818
v 102.893488841 -51.009882649 42.1677480404
v 106.782947245 -47.3264959917 47.2449477802
v 110.555155369 -38.7633231185 52.9642547056
v 111.230640901 -43.1144505685 53.0508535719
v 118.697078912 -35.9479947804 63.3481518366
v 118.215178934 -35.4605908049 62.8440979677
v 119.042320977 -35.1039562945 63.9109398217
v 119.111588144 -35.5501394603 63.9198200388
v 119.262065094 -36.5194339241 63.9391115449
v 120.143031927 -34.4915296893 65.7375861932
v 125.969347082 -25.1396851579 95.4327500049
v 126.265345767 -26.1465630166 94.7864732018
v 126.417381381 -25.1822443386 93.3279617966
v 125.914792772 -24.5342685463 95.2326034367
v 125.716036643 -24.2780168951 95.9858222622
v 125.848016055 -25.1281598145 96.0027423396
v 126.13472995 -26.9750220187 96.039499749
v 124.52197423 -32.7473009229 98.6780619378
v 120.650904931 -27.8808116934 101.715177599
v 120.894036279 -22.7016733138 100.55875621
v 116.446851394 -30.1074902446 106.336087771
v 114.36249452 -31.4166883862 107.444824073
v 81.9193640527 -73.2697551863 -86.1835807985
v 82.8906693266 -78.219511732 -86.0767823728
v 88.5932802425 -72.576591595 -77.2359660909
v 86.9822872976 -70.8475006932 -78.9469450556
v 89.5536240402 -69.6172959919 -75.2716321033
v 89.8837527598 -71.2996268044 -75.2353332913
v 90.545510784 -74.6719353878 -75.1625706727
v 91.7315037997 -73.1565250088 -69.244090007
v 91.5986224805 -68.4975682065 -66.2098463086
v 91.0726919653 -66.8419626165 -67.0521537324
v 91.5276921799 -66.0106783397 -64.5902069286
v 91.914438554 -67.9815318374 -64.5476828067
v 92.6896892402 -71.9321972579 -64.4624412714
v 92.639108163 -73.276228548 -61.0310771487
v 91.0972586286 -67.291788544 -57.1821846203
v 90.5521214013 -63.9361071662 -58.4816181351
v 89.8455984624 -62.4336717154 -54.0576868309
v 90.7396978439 -66.9899882359 -53.9593774642
v 89.3498231097 -67.1069862625 -48.8646543045
v 88.7335548522 -61.3398139152 -50.8468651801
v 87.8655058876 -67.231934347 -43.423742874
v 87.0563508569 -67.3695829301 -40.8583081891
v 109.765431001 -34.7389000416 52.8774217382
v 113.395936594 -31.2388821917 57.9730016595
v 116.612173601 -22.71996312 63.6437365841
v 117.506272982 -27.2762796405 63.7420459508
v 122.332512478 -22.3000617679 72.379308313
v 120.887336162 -20.3412975007 70.7384331337
v 123.160917343 -19.0762954542 74.5114752891
v 123.547663717 -21.0471489519 74.553999411
v 124.322914404 -24.9978143723 74.6392409463
v 125.850545628 -22.4834748031 80.6432896067
v 125.98918029 -17.6873702954 83.7766159943
v 125.443209308 -16.2247487218 82.9688012441
v 126.053499229 -15.4622388163 85.230308917
v 126.383627948 -17.1445696288 85.266607729
v 127.045385973 -20.5168782122 85.3393703476
v 126.767688202 -22.5798595825 88.8718509478
v 124.929678469 -16.9389048122 92.4861970357
v 124.474041223 -13.4258803784 91.2159230726
v 123.285889266 -11.8940237206 95.7186190245
v 124.25719454 -16.8437802663 95.8254174502
v 120.981645581 -18.5571771036 99.5496155121
v 121.13734332 -11.1916499428 97.756188074
v 81.4240117138 -69.8450119786 -86.2502590752
v 84.1398025332 -67.1729391856 -82.1280355206
v 87.7616647858 -57.2281341714 -75.5128437533
v 88.5696574205 -62.8143948393 -75.4040816617
v 89.6512691564 -61.0405055649 -69.6736852469
v 88.4217276002 -56.0222010277 -71.9413299742
v 89.7357329256 -53.6215165193 -64.8314185786
v 90.5868715461 -59.5060778314 -64.7168487018
v 90.0274293736 -59.1157205277 -60.1459260216
v 89.3371290076 -52.7738771516 -62.3355387513
v 89.2914106883 -58.6021549019 -54.1322848146
v 88.5749901248 -58.6892110256 -51.6602784845
v 116.057985827 -18.8884463065 63.5691386003
v 118.48800246 -16.3974474969 67.8342871903
v 121.368958089 -6.68713363374 74.270263639
v 122.22009671 -12.5716949459 74.3848335159
v 123.753026575 -10.4669382379 80.1481908423
v 122.301469127 -5.5220334434 77.7258030374
v 124.261539974 -3.0730769958 84.989097267
v 125.069532609 -8.65933766374 85.0978593587
v 124.086246763 -8.57733640862 89.6514787128
v 123.575236565 -2.18824198659 87.589956162
v 122.790536927 -8.46928051287 95.6519407478
v 121.239021896 -9.29365408554 97.3422433775
v 87.4667636492 -44.8268477702 -75.6930844827
v 87.6853102084 -54.0172446036 -75.5595109344
v 88.1853573793 -53.1889704841 -72.8631525293
v 87.484951547 -44.7936185256 -75.5946721408
v 89.6670836035 -50.7346510617 -64.8733763819
v 89.3628245135 -50.6076291195 -62.8787316241
v 121.300308767 -3.8002681762 74.2283058357
v 121.989889774 -2.85893652279 76.7893361802
v 123.966638838 9.32820940538 84.8088565376
v 124.185185397 0.137812571982 84.942430086
v 123.649659238 0.11758256943 87.0486192982
v 123.947727886 9.35259085562 84.88052268
v 87.4811151281 -44.7264287453 -75.6938603881
v 87.4962065434 -44.7009909899 -75.6099467875
v 123.980990317 9.42862843035 84.8080806322
v 123.960626408 9.42501562292 84.8717883826
v 99.8587589254 -7.51546140849 -75.6930844827
v 99.8769468231 -7.48223216391 -75.5946721408
v 136.358634114 46.6395957671 84.8088565376
v 136.339723162 46.6639772174 84.88052268
v 108.414990246 4.95750976481 -75.5128437533
v 99.9817218533 -7.33621040444 -75.6904942152
v 100.002524864 -7.29593325586 -75.544794531
v 109.07505306 6.16344290856 -71.9413299742
v 110.389058386 8.56412741696 -64.8314185786
v 109.990454468 9.41176678464 -62.3355387513
v 142.022283549 55.4985103025 74.270263639
v 142.954794587 56.6636104928 77.7258030374
v 144.914865435 59.1125669404 84.989097267
v 136.481597042 46.8188467712 84.8114468051
v 136.410756497 46.7840351424 84.9049191849
v 144.228562025 59.9974019496 87.589956162
v 110.834019697 13.7901463244 -86.1835807985
v 115.896942942 16.2124008176 -78.9469450556
v 118.468279685 17.4426055188 -75.2716321033
v 114.744124878 12.8176089296 -75.3609868892
v 115.534598094 14.4830176172 -69.047176598
v 119.98734761 20.2179388942 -67.0521537324
v 120.442347824 21.049223171 -64.5902069286
v 116.079493936 15.6310315545 -64.694886217
v 113.408432489 14.3575048008 -60.9454830779
v 119.466777046 23.1237943445 -58.4816181351
v 118.760254107 24.6262297953 -54.0576868309
v 117.648210497 25.7200875955 -50.8468651801
v 145.526829245 64.3399383907 63.6437365841
v 149.801991806 66.71860401 70.7384331337
v 152.075572988 67.9836060565 74.5114752891
v 147.7127191 62.56541444 74.4067960006
v 149.847121765 65.2292777207 80.8948143543
v 154.357864952 70.8351527889 82.9688012441
v 154.968154873 71.5976626944 85.230308917
v 151.244000066 66.9726661052 85.1409541311
v 147.582406501 64.9902432893 88.9175489652
v 153.388696867 73.6340211323 91.2159230726
v 152.200544911 75.1658777901 95.7186190245
v 150.051998964 75.8682515679 97.756188074
v 121.525497257 26.2804107244 -85.9163775608
v 119.387443634 23.7826404296 -85.9698121631
v 123.109801217 24.6036018519 -78.6950512729
v 123.460108038 27.205986608 -83.1511621217
v 122.832103446 22.5406204816 -75.1625706727
v 124.026943791 24.5072170725 -70.4664899318
v 125.554575015 27.0215566417 -64.4624412714
v 129.734457492 36.5152719587 -55.5607865183
v 128.869635126 36.0783873669 -54.4882540187
v 129.519117097 36.9731977037 -54.2124210779
v 129.451731667 37.1164941953 -53.7904835932
v 128.329610301 35.8055816036 -53.8185278425
v 122.05900796 32.1146287881 -49.056216832
v 127.102865963 39.4269477137 -47.0085653414
v 125.831216084 40.6778016613 -43.3369099066
v 124.489907547 41.8337845284 -39.9465245744
v 147.731141197 73.1708359667 52.9642547056
v 155.391164762 76.4735682803 62.8440979677
v 156.218306805 76.8302027907 63.9109398217
v 155.096185439 75.5192901991 63.8828955724
v 157.238381256 75.2999708174 71.2078768236
v 157.319017756 77.4426293959 65.7375861932
v 157.187800178 73.9559395272 74.6392409463
v 158.145985619 75.1802672782 79.4208896819
v 159.331978635 76.6956776572 85.3393703476
v 163.593367209 86.7519147466 93.3279617966
v 162.006348904 85.8612395565 94.7836474714
v 163.090778601 87.3998905389 95.2326034367
v 162.892022471 87.6561421901 95.9858222622
v 160.753968848 85.1583718953 95.93238766
v 152.193428846 79.4375316711 98.5046896742
v 158.070022108 89.2324857714 100.55875621
v 116.125231121 35.0497192946 -96.905572283
v 111.550938338 26.0911074026 -94.6523224786
v 125.355515189 34.7710431923 -88.5012622629
v 126.097894806 37.4281239577 -89.7158385085
v 123.742759469 28.998764288 -85.8627000741
v 123.612143651 28.1703052859 -84.6096735269
v 130.615424324 38.5431761935 -53.76231187
v 136.429405806 52.757041277 -44.2847908502
v 135.670479707 52.3199216416 -43.653142177
v 136.146122174 53.035692229 -43.4668613994
v 136.015721772 53.1639601276 -43.0903541918
v 135.023160388 51.9470843056 -43.1143830145
v 128.67199731 48.2022425881 -38.3281629527
v 133.406818751 55.4123967179 -36.4959083283
v 131.888234316 56.7211616599 -32.6574280281
v 130.809121035 57.8228730937 -29.4228654487
v 148.921509404 81.9935216751 42.2434777814
v 156.971669424 85.2724955614 52.0597367527
v 157.915646885 85.6569944329 53.2108104204
v 156.923085501 84.440118611 53.1867815977
v 158.133699544 82.1660012205 59.200351035
v 158.885399625 86.0751176521 54.4615905252
v 157.381999463 78.2568847889 63.9391115449
v 157.356511264 77.9273620785 64.666939995
v 165.109284682 90.3744957537 96.039499749
v 169.216910625 101.404034971 99.8926381834
v 162.580179259 97.0006269454 102.070008245
v 165.787658493 102.525080011 103.144762263
v 162.35840636 103.64612505 106.396886343
v 159.626543272 104.085708334 107.648780057
v 124.371314943 47.5201786026 -96.7379629793
v 120.447077132 41.5855981409 -96.8177267534
v 127.73999504 42.9391454101 -91.3477638167
v 129.467111254 48.7354873798 -93.0641783212
v 137.40172115 55.2599913134 -43.0621824686
v 142.107913788 67.490712717 -37.4784172145
v 139.305913273 65.9678546541 -34.6219857006
v 140.791188097 68.6255092958 -34.1501692053
v 140.134318138 69.1916209678 -32.4898187245
v 137.271457453 64.8621491299 -32.5480090238
v 133.764063175 63.0436772829 -28.4668774219
v 138.302354156 71.0619488567 -26.9986416209
v 136.645018804 72.7539911461 -22.0309009732
v 136.181249792 73.5860891329 -19.5820015411
v 148.811643867 90.8056768713 31.4697460336
v 153.541338718 92.8763766059 37.6628429765
v 157.167593226 94.4639809831 42.411087085
v 154.304732541 90.1345091452 42.3528967857
v 160.633061415 92.9535541018 49.8076180209
v 161.468221828 96.2157037866 47.6552168894
v 159.301646264 87.7530256188 53.2389821436
v 159.053851344 86.7541537207 53.9668105936
v 171.083597059 113.020600705 104.562022922
v 171.780911027 108.51456509 101.647532916
v 174.109024361 114.970929124 103.240977996
v 172.356757272 115.543756741 104.902736821
v 170.604490182 116.116584358 106.564495646
v 166.680252371 110.182003897 106.484731872
v 160.47660912 105.946267846 107.830528943
v 165.498664649 116.93816124 108.904272818
v 128.961236908 59.9610268827 -96.7192587527
v 127.5722355 56.1961794809 -96.7249190226
v 130.745306992 52.625041198 -93.1822309675
v 133.512803092 61.0465409017 -93.4378336336
v 144.659921164 79.4073377689 -33.9248074206
v 144.521286502 74.6112332611 -37.0581338082
v 146.408911631 80.1805651044 -36.7294081564
v 145.284947722 81.1492333757 -33.8883983176
v 144.724240103 81.632469248 -32.4711144979
v 143.755837747 79.0076431876 -32.4750607996
v 140.72642737 77.8009781841 -26.8531031713
v 142.808262347 83.5885702775 -26.7281122951
v 141.234940769 85.1948394262 -22.0121967465
v 138.124718624 76.7646739193 -22.0248711014
v 137.265950489 76.582188257 -19.511828432
v 140.719117948 86.120332763 -19.2884308646
v 139.242699553 88.7693341852 -11.4923080746
v 139.243325426 88.7983750201 -11.4065569721
v 146.542674591 99.6003456203 20.6080801295
v 146.641244781 99.6527454321 20.7644436168
v 153.401565832 103.246525151 31.4884502603
v 150.291343687 94.8163596445 31.4757759054
v 156.636482083 100.53644429 38.0942967489
v 158.662125452 105.549641896 38.3766654052
v 161.757515191 106.904829263 42.4297913116
v 160.789112835 104.280003203 42.4258450099
v 163.238005857 101.660642205 47.3205014779
v 165.428554169 108.400108974 46.9062078313
v 176.105191627 126.187718679 105.069760148
v 177.048926944 123.732258491 103.501557801
v 178.324662707 127.534133176 103.614633309
v 176.759537427 128.045782907 105.098916591
v 175.194412147 128.557432639 106.583199873
v 173.805410739 124.792585237 106.577539603
v 166.551208168 119.976172274 108.938369306
v 169.823666167 129.421637791 109.044378532
v 127.890967025 72.3560336206 -96.9310780466
v 128.418267118 66.2492671795 -96.8267190105
v 135.973222195 67.7446974573 -91.3935752885
v 138.605762702 74.9114311359 -89.206308537
v 148.034768115 89.6086061908 -43.6689322127
v 148.330766801 88.6017283321 -44.3152090158
v 148.569677805 89.6949444858 -45.3917007883
v 148.029918369 90.2258769637 -43.8332445658
v 147.781457676 90.4702744535 -43.1158599554
v 147.858319193 89.5801260577 -43.100648136
v 148.052676584 87.3292347587 -43.0621824686
v 147.135769155 83.3416401239 -39.5297018685
v 145.297759423 88.9825948942 -35.9153557806
v 145.303685119 92.6056985897 -36.8528686296
v 143.65397022 94.0274759858 -32.6829337917
v 144.113443655 88.7062234588 -32.5919984678
v 142.756987638 88.5173716556 -28.0499447021
v 142.689421176 95.0122240461 -29.7917690747
v 140.969538534 88.2685150896 -22.0647230438
v 140.623060033 88.3854989915 -19.9526747153
v 139.235386448 88.8540286983 -11.4937554261
v 139.236687124 88.8661404028 -11.4293762296
v 146.535361486 99.6850401334 20.606632778
v 146.594796974 99.7447849956 20.7041427767
v 153.136163597 106.320200815 31.435923963
v 156.069106898 109.1242015 35.4169019584
v 160.687245308 119.299836001 42.2179720178
v 161.146718743 113.978583474 42.3089073417
v 168.795709222 121.168406125 51.983129866
v 167.88275878 122.230697091 50.9920862587
v 169.681382789 122.963308759 53.1853046568
v 169.758244306 122.073160363 53.2005164762
v 169.952601697 119.822269064 53.2389821436
v 171.529118179 123.759987167 55.5685004632
v 177.507502181 136.389351431 103.514881561
v 179.932041868 133.119410281 101.467894126
v 181.493033282 138.543500517 99.3831082119
v 177.808587773 139.747969946 102.877244396
v 174.124142264 140.952439376 106.371380579
v 174.651442357 134.845672935 106.475739615
v 170.251163322 132.060395915 108.692909396
v 171.753534331 141.3338932 107.45772681
v 126.481546589 74.2825875241 -97.0147642788
v 129.942102301 77.3705938084 -93.5874695836
v 134.45495713 88.4034995529 -86.2309486452
v 137.555927553 84.1647454383 -86.0468243596
v 140.656897977 79.9259913236 -85.8627000741
v 142.759048575 84.3345027296 -80.3318248597
v 142.341587194 89.1467725202 -77.2076646206
v 138.401090654 90.2914483124 -80.5905844669
v 142.089217118 92.0559587473 -75.31899995
v 143.406486484 90.2553672593 -75.2407853113
v 144.723755851 88.4547757714 -75.1625706727
v 146.289623699 90.6273673467 -67.8430397793
v 145.195557226 93.1017680512 -66.2678112672
v 143.439598238 94.5231017449 -68.0122638705
v 144.063285257 95.6625763995 -64.6375747753
v 145.538060337 93.646688441 -64.5500080233
v 147.012835416 91.6308004826 -64.4624412714
v 147.597595571 91.4864714924 -58.9773775288
v 145.342267946 94.8385520662 -56.8708144137
v 143.201016128 97.496209303 -59.2384303407
v 142.38119154 99.2395830238 -54.1050546775
v 145.267381446 95.2944150052 -53.9336832738
v 148.153571352 91.3492469867 -53.76231187
v 148.284735343 90.8277820679 -51.1237496812
v 144.413666044 95.6942712975 -48.08663402
v 141.488402755 100.117771583 -51.5272910606
v 143.723077528 96.0177235423 -43.3568317298
v 143.047066614 96.1911142451 -39.5520667055
v 141.845671681 96.4992612106 -32.7903039473
v 141.60710285 96.6278456209 -31.0593094387
v 158.878946769 121.771621226 42.1106018622
v 160.680129244 123.571489882 45.0040426674
v 165.623002642 128.510757848 52.9443328824
v 169.369539577 132.307793514 59.2694906399
v 169.147766678 138.953291619 63.5963687374
v 172.033956584 135.008123601 63.7677401411
v 174.920146491 131.062955582 63.9391115449
v 176.872931266 134.994940016 69.5471447118
v 176.175617297 139.500975631 72.4616347174
v 172.580021629 140.862970311 69.2922474339
v 175.696510421 142.596959285 74.4641074424
v 177.1712855 140.581071327 74.5516741943
v 178.64606058 138.565183368 74.6392409463
v 180.443607103 141.385841776 82.1012989984
v 179.499871786 143.841301964 83.6695013452
v 177.713739665 145.117330715 81.9392094512
v 178.589092306 146.211015923 85.1829410704
v 179.906361673 144.410424435 85.261155709
v 181.22363104 142.609832947 85.3393703476
v 181.629381947 141.946201924 90.7677647249
v 179.20484226 145.216143074 92.8147521593
v 177.185027197 148.021244382 90.5038751898
v 175.821482344 149.779231019 95.6712511779
v 178.922452767 145.540476904 95.8553754634
v 182.023423191 141.301722789 96.039499749
v 181.758228236 139.922611653 97.7113039804
v 176.206605672 144.376092906 100.419455835
v 174.146866953 150.326673786 97.2593691771
v 172.714721828 142.87899328 106.287694347
v 171.63559237 142.247377333 107.127840208
v 132.273743488 89.7698732326 -86.3385549098
v 132.907003472 90.4691214968 -84.9384468979
v 137.147554586 95.1515553852 -75.5627880116
v 137.701309822 96.0139449212 -72.8928034604
v 139.365377961 98.6054778908 -64.8693376094
v 139.473941239 99.0829382297 -62.5692007567
v 139.867584396 100.814177358 -54.2290589796
v 139.822595713 100.985186247 -53.0571169472
v 166.634159534 140.527885953 63.4723644353
v 167.265969438 141.253434414 65.0300113372
v 170.998603124 145.539860776 74.2323446083
v 171.643228406 146.456547201 76.8379811016
v 173.647429775 149.306612561 84.9391530088
v 173.645843481 149.713979199 87.2926505929
v 173.640268702 151.145604698 95.5636449133
v 173.33293245 151.074168975 96.4277108071
v 71.4273667644 -135.373103157 -85.7697387935
v 72.6110319853 -134.56492612 -83.363761099
v 76.7493722857 -131.739370768 -74.9519616483
v 77.5895742518 -130.347573961 -70.8286721489
v 78.9276188589 -128.131099487 -64.2622208665
v 78.9746099624 -126.987245865 -60.8843008117
v 79.0751760377 -124.539274634 -53.65518429
v 78.9271907078 -123.968547416 -51.9726495349
v 105.841751176 -84.8255660382 64.0462391249
v 106.984152913 -83.94709129 66.6590709171
v 110.560844022 -81.1967166014 74.8394613511
v 111.585672672 -79.8196561401 78.9223476871
v 113.249247474 -77.584313592 85.5499793721
v 113.102444229 -76.4279100436 88.9616932154
v 112.793891978 -73.997371691 96.1324610296
v 112.250349565 -73.6011205771 97.2932184445
v 78.4467123652 -122.912579125 -85.6520910496
v 72.9885367459 -132.601762753 -85.7435728036
v 75.247447383 -130.391366845 -82.3848416083
v 81.1283726844 -121.081608466 -80.2012128805
v 83.7687178865 -119.278846736 -74.8343139045
v 80.2862909321 -125.460742773 -74.8926811224
v 81.2714734899 -123.83896409 -69.6383856882
v 85.0782628256 -117.109582038 -68.4077246864
v 85.9469644596 -115.670575456 -64.1445731227
v 82.2900734603 -122.16217464 -64.2058644453
v 81.7353968149 -121.842269747 -60.0606106108
v 86.0215671211 -113.854603535 -58.7818170389
v 86.0945216385 -112.078750602 -53.5375365462
v 80.874251535 -121.345611756 -53.6250308846
v 80.2509185665 -121.44201162 -51.5932219744
v 85.784018494 -110.881249499 -50.0072384254
v 85.1654490405 -108.495645307 -42.9743480393
v 85.0099923996 -108.035841271 -41.619430116
v 107.065374154 -76.0026110014 53.3268165729
v 108.342247359 -75.2012071589 55.7143643527
v 112.861096777 -72.3650420069 64.1638868688
v 107.640826673 -81.6319031609 64.0763925303
v 109.712437882 -79.5201819984 67.6440395934
v 115.258086612 -70.5218243597 69.6461362771
v 117.580189623 -68.7361925701 74.9571090949
v 113.923298624 -75.2277917546 74.8958177724
v 115.329643191 -73.3011106591 80.1586499307
v 119.207198548 -66.5499835282 81.4390634284
v 120.268593075 -65.1237895607 85.6676271159
v 116.786166121 -71.3056855978 85.609259898
v 115.830243105 -71.2743651015 89.7573268528
v 120.039784462 -63.3214105192 90.985149304
v 119.813237579 -61.5368476597 96.2501087734
v 114.35506196 -71.2260312873 96.1586270195
v 113.07300384 -71.9169524568 97.4993739607
v 118.581811585 -60.6391184119 98.8798701661
v 82.3222990178 -110.477516203 -85.6624796692
v 79.9416191244 -118.116077001 -85.6560981895
v 82.9688135694 -115.012172448 -80.3385150896
v 84.8716822469 -108.736861035 -80.4804745924
v 87.6443045391 -106.843783813 -74.844702524
v 86.098690512 -111.802983389 -74.840559462
v 87.3402813162 -109.813804738 -68.5338457196
v 88.912405202 -104.74317167 -68.6215010105
v 89.8225511123 -103.235512533 -64.1549617423
v 88.2031984708 -108.431307078 -64.1506210217
v 87.9479413322 -107.69933875 -58.8741556638
v 89.8947155971 -101.478890508 -58.9674721427
v 89.9701082911 -99.6436876796 -53.5479251657
v 87.6899810536 -106.959618973 -53.5418132202
v 87.0642897297 -106.806789183 -50.0643582703
v 89.673955917 -98.5015324354 -50.1807896357
v 89.0410356932 -96.060582384 -42.9847366588
v 85.7888994484 -106.495265559 -42.9760192157
v 85.502526684 -106.469854885 -41.6410139378
v 88.9039656907 -95.6551616831 -41.7900716906
v 110.940960806 -63.5675480786 53.3164279534
v 107.688824562 -74.0022312536 53.3251453965
v 109.141978415 -72.5515274942 55.6515000948
v 112.066811797 -62.8609302979 55.421588453
v 116.736683429 -59.9299790841 64.1534982492
v 114.456556192 -67.2459103771 64.1596101947
v 117.126497704 -64.3927811821 69.5152334161
v 119.022889682 -58.1719508901 69.3823701845
v 121.455776276 -56.3011296473 74.9467204754
v 119.836423634 -61.4969241929 74.9510611959
v 121.475636672 -59.2127087104 81.3071777027
v 123.029611024 -54.1863706521 81.2168305017
v 124.144179728 -52.6887266379 85.6572384963
v 122.598565701 -57.6479262131 85.6613815584
v 121.960300314 -57.199020647 90.8967726055
v 123.922612414 -50.9433890104 90.8064725622
v 123.688824232 -49.1017847369 96.2397201538
v 121.308144338 -56.7403455349 96.2461016336
v 119.56465027 -57.5453373903 98.8448879969
v 122.518140251 -48.2483373885 98.7397644522
v 84.1671962761 -98.0588997071 -85.755572494
v 82.909825553 -106.522679862 -85.6921260382
v 85.1300769739 -104.188686463 -81.4608694135
v 85.5312393472 -97.1275651815 -82.9829496736
v 89.4892017974 -94.425167318 -74.9377953489
v 88.577056484 -100.565120524 -74.8917688379
v 89.6452814117 -98.8725471082 -69.5742850652
v 90.3859186858 -92.9397533915 -70.5371589797
v 91.6674483706 -90.8168960374 -64.2480545671
v 90.7248187033 -97.1620495589 -64.2004898271
v 90.6713087709 -96.4152889637 -59.6761690958
v 91.7177642603 -89.5921107396 -60.6311347611
v 91.8150055494 -87.2250711841 -53.6410179905
v 90.5992043997 -95.4090327275 -53.5796691198
v 90.2265432305 -95.1631350859 -50.616252251
v 91.6474509873 -86.5788723399 -51.7359887935
v 89.268292592 -94.5308406814 -42.9962039569
v 89.1042426787 -94.4661241744 -41.9424599609
v 111.168217705 -62.0378063761 53.3049606553
v 112.144227426 -61.0389741758 55.0084201805
v 118.581580688 -47.5113625886 64.0604054244
v 117.365779538 -55.695324132 64.1217542951
v 119.363974204 -53.5068494738 68.4363126376
v 119.875050946 -46.5167204042 67.0187519524
v 123.300673534 -43.8825131518 74.8536276505
v 122.358043867 -50.2276666734 74.9011923906
v 123.710086913 -48.3292565888 80.2265322706
v 124.398012423 -42.4080208086 79.2253925872
v 125.989076986 -40.2701101424 85.5641456715
v 125.076931673 -46.4100633484 85.6101721824
v 124.735972051 -45.8721149746 90.1245671884
v 125.832399241 -39.0359228477 89.2053433178
v 125.53372149 -36.6831682414 96.146627329
v 124.276350767 -45.1469483968 96.2100737849
v 123.034621766 -45.6495524396 98.4683612992
v 124.907349058 -36.2265327192 97.4842716908
v 84.2895681091 -96.0822159726 -85.7773848298
v 85.342938805 -94.9616366931 -83.6936101785
v 90.257469279 -82.0152703802 -75.0747362433
v 89.7459626462 -90.2776851623 -74.9835620397
v 90.4589698887 -89.1532058984 -71.464617073
v 90.6078752526 -81.4348219466 -73.3551196156
v 92.4357158522 -78.4069990996 -64.3849954616
v 91.9123422994 -86.861101357 -64.2917060224
v 91.92388331 -86.3363434437 -61.3163816523
v 92.4538921418 -77.9645533353 -63.0784065837
v 91.9535595459 -84.9869954379 -53.6657147383
v 91.7909109128 -84.8287197119 -52.0787751139
v 118.720134684 -45.2732868425 64.0357086766
v 119.73018933 -44.1541486283 66.2909673159
v 124.068941016 -31.472616214 74.7166867561
v 123.545567463 -39.9267184715 74.8099761952
v 124.419813006 -38.6950976723 78.2769525066
v 124.465347589 -30.9399653953 76.2959585534
v 126.757344468 -27.8602132046 85.427204777
v 126.245837835 -36.1226279867 85.5183789807
v 126.078084872 -35.7198056475 88.5353821492
v 126.696120219 -27.3779354575 86.8500589945
v 125.656093323 -34.706484507 96.1248149933
v 125.080616319 -34.9205127803 97.2803157073
v 90.3199634911 -80.4220418808 -75.0937930229
v 90.5945469224 -79.9894799582 -73.7414021419
v 92.4908185596 -77.0022097453 -64.4017983
v 92.4989228376 -76.81254089 -63.3427187636
v 124.124043723 -30.0678268598 74.6998839177
v 124.433968357 -29.6308594219 75.9309696954
v 126.81983868 -26.2669847052 85.4081479975
v 126.760777292 -26.107796957 86.5703960003
v 127.433455108 29.918888705 -75.0747362433
v 127.783861081 30.4993371385 -73.3551196156
v 129.611701681 33.5271599856 -64.3849954616
v 129.62987797 33.9696057499 -63.0784065837
v 161.244926844 80.4615428712 74.7166867561
v 161.641333418 80.9941936899 76.2959585534
v 163.933330296 84.0739458806 85.427204777
v 163.872106047 84.5562236277 86.8500589945
v 129.604512289 38.7495169526 -85.755572494
v 130.96855536 39.6808514782 -82.9829496736
v 134.92651781 42.3832493417 -74.9377953489
v 129.084274446 32.6649497485 -75.0445663801
v 129.510059369 33.3699722123 -72.7500527215
v 135.823234698 43.8686632681 -70.5371589797
v 137.104764383 45.9915206223 -64.2480545671
v 131.067270316 35.9484305827 -64.3583939397
v 130.8149683 36.0557338885 -62.6930032345
v 137.155080273 47.2163059201 -60.6311347611
v 137.252321562 49.5833454756 -53.6410179905
v 137.084767 50.2295443198 -51.7359887935
v 164.0188967 89.2970540711 64.0604054244
v 165.312366958 90.2916962555 67.0187519524
v 168.737989547 92.9259035078 74.8536276505
v 162.70049548 82.8828134683 74.7432882779
v 163.275648216 83.6680975105 76.8802422126
v 169.835328436 94.4003958511 79.2253925872
v 171.426392999 96.5383065173 85.5641456715
v 165.584149635 86.8200069241 85.4573746402
v 165.13054047 86.8044918003 87.2507250453
v 171.269715254 97.7724938119 89.2053433178
v 170.971037502 100.125248418 96.146627329
v 170.344665071 100.58188394 97.4842716908
v 136.020945215 51.2051580316 -85.6624796692
v 131.157807458 41.7647884184 -85.7330365092
v 133.475198995 44.0549009925 -82.1577720256
v 138.570328444 52.945813199 -80.4804745924
v 141.342950736 54.8388904207 -74.844702524
v 138.185645147 48.7098985578 -74.890510296
v 139.191918737 50.3555101665 -69.5864488015
v 142.611051399 56.939502564 -68.6215010105
v 143.521197309 58.4471617013 -64.1549617423
v 140.213262045 52.0257660691 -64.202954925
v 139.732055158 52.4146502327 -59.9652401787
v 143.593361794 60.2037837263 -58.9674721427
v 143.668754488 62.0389865546 -53.5479251657
v 139.011020834 52.997349354 -53.6155019
v 138.400930204 52.9405594359 -51.410456099
v 143.372602114 63.1811417988 -50.1807896357
v 142.73968189 65.6220918502 -42.9847366588
v 142.602611887 66.0275125511 -41.7900716906
v 164.639607003 98.1151261556 53.3164279534
v 165.765457994 98.8217439363 55.421588453
v 170.435329626 101.75269515 64.1534982492
v 165.777595972 92.7110579494 64.0859215149
v 167.884192475 94.8802042973 67.8391966941
v 172.721535879 103.510723344 69.3823701845
v 175.154422472 105.381544587 74.9467204754
v 171.846487208 98.9601489546 74.8987272926
v 173.254946345 100.897343957 80.2133553197
v 176.728257221 107.496303582 81.2168305017
v 177.842825924 108.993947596 85.6572384963
v 174.685520336 102.864955733 85.6114307244
v 173.818325567 102.975528172 89.8478099241
v 177.621258611 110.739285224 90.8064725622
v 177.387470428 112.580889497 96.2397201538
v 172.524332671 103.140519884 96.1691633138
v 171.194730919 102.442443452 97.6660205768
v 176.216786448 113.434336846 98.7397644522
v 140.406688746 63.6443526833 -85.6520910496
v 137.692805745 55.9470218495 -85.6585194917
v 140.789744383 59.1007639739 -80.3432910896
v 143.088349065 65.4753233426 -80.2012128805
v 145.728694267 67.2780850724 -74.8343139045
v 143.997181767 62.3670315918 -74.8384153811
v 145.238397785 64.3623742804 -68.4946339163
v 147.038239206 69.4473497703 -68.4077246864
v 147.90694084 70.886356353 -64.1445731227
v 146.088682321 65.7292669135 -64.1488800768
v 145.775507946 66.4190347598 -58.875149947
v 147.981543502 72.7023282736 -58.7818170389
v 148.054498019 74.4781812063 -53.5375365462
v 145.458905044 67.1163539528 -53.5436847917
v 144.78789396 67.2264020342 -50.1246003097
v 147.743994875 75.6756823096 -50.0072384254
v 147.125425421 78.0612865019 -42.9743480393
v 143.386362196 67.4562579714 -42.9832048512
v 143.104709232 67.4638486424 -41.7704537195
v 146.96996878 78.5210905379 -41.619430116
v 169.025350535 110.554320807 53.3268165729
v 165.286287309 99.9492922768 53.3179597611
v 166.670328375 101.321680795 55.4799834099
v 170.302223739 111.35572465 55.7143643527
v 174.821073158 114.191889802 64.1638868688
v 172.225480182 106.830062548 64.1577386232
v 174.952286424 109.724135599 69.5132259183
v 177.218062993 116.035107449 69.6461362771
v 179.540166004 117.820739239 74.9571090949
v 177.721907484 112.663649799 74.9528021408
v 179.3793066 114.968020572 81.3495544
v 181.167174928 120.00694828 81.4390634284
v 182.228569456 121.433142248 85.6676271159
v 180.497056955 116.522088767 85.6635256392
v 179.786182162 116.917972438 90.8948181804
v 181.999760842 123.235521289 90.985149304
v 181.77321396 125.020084149 96.2501087734
v 179.059330959 117.322753315 96.2436803314
v 177.269329967 116.47234788 98.7738609399
v 180.541787966 125.917813397 98.8798701661
v 141.648673329 76.0580862265 -85.7697387935
v 140.807095393 67.6464485949 -85.6900198124
v 142.987684377 69.9543011737 -81.4447435689
v 142.83233855 76.8662632631 -83.363761099
v 146.970678851 79.6918186156 -74.9519616483
v 146.352771 73.5157810769 -74.893429952
v 147.420401507 75.2028539861 -69.6051684148
v 147.810880817 81.083615422 -70.8286721489
v 149.148925424 83.3000898962 -64.2622208665
v 148.511266889 76.9266427163 -64.2018182746
v 148.498733163 77.7029680162 -59.6772444306
v 149.195916527 84.443943518 -60.8843008117
v 149.296482603 86.8919147495 -53.65518429
v 148.481837417 78.7494720833 -53.5780165301
v 148.143505906 79.0284857011 -50.5663000685
v 149.148497273 87.4626419676 -51.9726495349
v 147.292414891 79.7303593808 -42.9901662182
v 147.128858246 79.8137027494 -41.831156816
v 169.192340004 112.223393686 53.310998394
v 170.222560708 113.284866727 55.1503368413
v 176.063057741 126.605623345 64.0462391249
v 175.248412556 118.463180679 64.1234068848
v 177.213005726 120.629111456 68.4475511214
v 177.205459478 127.484098093 66.6590709171
v 180.782150587 130.234472782 74.8394613511
v 180.144492053 123.861025602 74.899863943
v 181.483522241 125.74476408 80.194688779
v 181.806979237 131.611533243 78.9223476871
v 183.470554039 133.846875791 85.5499793721
v 182.852646189 127.670838253 85.6085110684
v 182.563516644 128.246240493 90.1235603558
v 183.323750794 135.003279339 88.9616932154
v 183.015198543 137.433817692 96.1324610296
v 182.173620607 129.022180061 96.2121800106
v 180.969285121 128.556571521 98.5284010298
v 182.47165613 137.830068806 97.2932184445
v 141.294525208 77.4392571964 -85.8029338742
v 141.927785191 78.1385054606 -84.4028258624
v 146.168336306 82.8209393489 -75.027166976
v 146.722091541 83.683328885 -72.3571824248
v 148.38615968 86.2748618546 -64.3337165738
v 148.494722958 86.7523221935 -62.0335797212
v 148.888366116 88.4835613216 -53.6934379441
v 148.843377432 88.6545702106 -52.5214959116
v 175.654941254 128.197269917 64.0079854709
v 176.286751158 128.922818378 65.5656323727
v 180.019384844 133.20924474 74.7679656438
v 180.664010126 134.125931165 77.3736021372
v 182.668211494 136.975996525 85.4747740443
v 182.6666252 137.383363163 87.8282716284
v 182.661050421 138.814988662 96.0992659488
v 182.353714169 138.743552939 96.9633318426
f 1 3 2
f 1 4 3
f 1 5 4
f 1 6 5
f 1 7 6
f 1 2 7
f 6 9 8
f 6 7 9
f 6 8 10
f 6 10 5
f 8 11 10
f 8 12 11
f 8 13 12
f 8 9 13
f 12 15 14
f 12 13 15
f 12 14 16
f 12 16 11
f 14 17 16
f 14 18 17
f 14 19 18
f 14 15 19
f 18 21 20
f 18 19 21
f 18 20 22
f 18 22 17
f 20 23 22
f 20 24 23
f 20 25 24
f 20 21 25
f 24 25 26
f 24 26 23
f 27 29 28
f 27 30 29
f 27 31 30
f 27 32 31
f 27 33 32
f 27 28 33
f 32 35 34
f 32 33 35
f 32 34 36
f 32 36 31
f 34 37 36
f 34 38 37
f 34 39 38
f 34 35 39
f 38 41 40
f 38 39 41
f 38 40 42
f 38 42 37
f 40 43 42
f 40 44 43
f 40 45 44
f 40 41 45
f 44 47 46
f 44 45 47
f 44 46 48
f 44 48 43
f 46 49 48
f 46 50 49
f 46 51 50
f 46 47 51
f 50 51 52
f 50 52 49
f 53 55 54
f 53 56 55
f 53 57 56
f 53 58 57
f 4 58 53
f 4 5 58
f 4 53 54
f 4 54 3
f 5 59 58
f 58 59 60
f 58 60 57
f 59 61 60
f 59 62 61
f 10 62 59
f 10 11 62
f 10 59 5
f 11 63 62
f 62 63 64
f 62 64 61
f 63 65 64
f 63 66 65
f 16 66 63
f 16 17 66
f 16 63 11
f 17 67 66
f 66 67 68
f 66 68 65
f 67 69 68
f 67 70 69
f 22 70 67
f 22 23 70
f 22 67 17
f 23 71 70
f 70 71 72
f 70 72 69
f 71 73 72
f 71 74 73
f 71 75 74
f 23 75 71
f 23 26 75
f 74 75 76
f 74 76 73
f 77 79 78
f 77 80 79
f 77 81 80
f 77 82 81
f 77 83 82
f 77 78 83
f 82 85 84
f 82 83 85
f 82 84 86
f 82 86 81
f 84 87 86
f 84 88 87
f 30 88 84
f 30 31 88
f 30 84 85
f 30 85 29
f 31 89 88
f 88 89 90
f 88 90 87
f 89 91 90
f 89 92 91
f 36 92 89
f 36 37 92
f 36 89 31
f 37 93 92
f 92 93 94
f 92 94 91
f 93 95 94
f 93 96 95
f 42 96 93
f 42 43 96
f 42 93 37
f 43 97 96
f 96 97 98
f 96 98 95
f 97 99 98
f 97 100 99
f 48 100 97
f 48 49 100
f 48 97 43
f 49 101 100
f 49 102 101
f 100 101 99
f 49 52 102
f 103 105 104
f 103 106 105
f 103 107 106
f 103 108 107
f 56 108 103
f 56 57 108
f 56 103 104
f 56 104 55
f 57 109 108
f 108 109 110
f 108 110 107
f 109 111 110
f 109 112 111
f 60 112 109
f 60 61 112
f 60 109 57
f 61 113 112
f 112 113 114
f 112 114 111
f 113 115 114
f 113 116 115
f 64 116 113
f 64 65 116
f 64 113 61
f 65 117 116
f 116 117 118
f 116 118 115
f 117 119 118
f 117 120 119
f 68 120 117
f 68 69 120
f 68 117 65
f 69 121 120
f 120 121 122
f 120 122 119
f 121 123 122
f 121 124 123
f 72 124 121
f 72 73 124
f 72 121 69
f 73 125 124
f 73 126 125
f 124 125 123
f 73 76 126
f 127 129 128
f 127 130 129
f 127 131 130
f 127 132 131
f 80 132 127
f 80 81 132
f 80 127 128
f 80 128 79
f 81 133 132
f 132 133 134
f 132 134 131
f 133 135 134
f 133 136 135
f 86 136 133
f 86 87 136
f 86 133 81
f 87 137 136
f 136 137 138
f 136 138 135
f 137 139 138
f 137 140 139
f 90 140 137
f 90 91 140
f 90 137 87
f 91 141 140
f 140 141 142
f 140 142 139
f 141 143 142
f 141 144 143
f 94 144 141
f 94 95 144
f 94 141 91
f 95 145 144
f 144 145 146
f 144 146 143
f 145 147 146
f 145 148 147
f 98 148 145
f 98 99 148
f 98 145 95
f 99 149 148
f 99 150 149
f 148 149 147
f 99 101 150
f 151 153 152
f 151 154 153
f 151 155 154
f 151 156 155
f 106 156 151
f 106 107 156
f 106 151 152
f 106 152 105
f 107 157 156
f 156 157 158
f 156 158 155
f 157 159 158
f 157 160 159
f 110 160 157
f 110 111 160
f 110 157 107
f 111 161 160
f 160 161 162
f 160 162 159
f 161 163 162
f 161 164 163
f 114 164 161
f 114 115 164
f 114 161 111
f 115 165 164
f 164 165 166
f 164 166 163
f 165 167 166
f 165 168 167
f 118 168 165
f 118 119 168
f 118 165 115
f 119 169 168
f 119 170 169
f 168 169 167
f 122 123 171
f 122 170 119
f 122 171 170
f 123 172 171
f 123 125 172
f 130 131 173
f 130 173 129
f 131 174 175
f 131 175 173
f 174 176 175
f 174 177 176
f 174 178 177
f 134 178 174
f 134 135 178
f 134 174 131
f 135 179 178
f 178 179 180
f 178 180 177
f 179 181 180
f 179 182 181
f 138 182 179
f 138 139 182
f 138 179 135
f 139 183 182
f 182 183 184
f 182 184 181
f 183 185 184
f 183 186 185
f 142 186 183
f 142 143 186
f 142 183 139
f 143 187 186
f 186 187 188
f 186 188 185
f 187 189 188
f 187 190 189
f 146 190 187
f 146 147 190
f 146 187 143
f 147 191 190
f 147 192 191
f 190 191 189
f 147 149 192
f 154 155 193
f 154 193 153
f 155 194 195
f 155 195 193
f 194 196 195
f 194 197 196
f 194 198 197
f 158 198 194
f 158 159 198
f 158 194 155
f 159 199 198
f 198 199 200
f 198 200 197
f 199 201 200
f 199 202 201
f 162 202 199
f 162 163 202
f 162 199 159
f 163 203 202
f 163 204 203
f 202 203 201
f 166 167 205
f 166 204 163
f 166 205 204
f 167 206 205
f 167 169 206
f 176 177 207
f 176 207 175
f 177 208 209
f 177 209 207
f 208 210 209
f 208 211 210
f 208 212 211
f 180 212 208
f 180 181 212
f 180 208 177
f 181 213 212
f 212 213 214
f 212 214 211
f 213 215 214
f 213 216 215
f 184 216 213
f 184 185 216
f 184 213 181
f 185 217 216
f 185 218 217
f 216 217 215
f 188 189 219
f 188 218 185
f 188 219 218
f 189 220 219
f 189 191 220
f 196 197 221
f 196 221 195
f 197 222 221
f 200 201 223
f 200 222 197
f 200 223 222
f 201 224 223
f 201 203 224
f 210 211 225
f 210 225 209
f 211 226 225
f 214 215 227
f 214 226 211
f 214 227 226
f 215 228 227
f 215 217 228
f 229 231 230
f 229 232 231
f 229 233 232
f 229 234 233
f 229 235 234
f 229 230 235
f 234 237 236
f 234 235 237
f 234 236 238
f 234 238 233
f 236 239 238
f 236 240 239
f 236 241 240
f 236 237 241
f 240 241 242
f 240 242 239
f 243 245 244
f 243 246 245
f 243 247 246
f 243 248 247
f 243 249 248
f 243 244 249
f 248 251 250
f 248 249 251
f 248 250 252
f 248 252 247
f 250 253 252
f 250 254 253
f 250 255 254
f 250 251 255
f 254 255 256
f 254 256 253
f 257 259 258
f 257 260 259
f 257 261 260
f 257 262 261
f 257 263 262
f 257 258 263
f 262 265 264
f 262 263 265
f 262 264 266
f 262 266 261
f 264 267 266
f 264 268 267
f 232 268 264
f 232 233 268
f 232 264 265
f 232 265 231
f 233 269 268
f 268 269 270
f 268 270 267
f 269 271 270
f 269 272 271
f 238 272 269
f 238 239 272
f 238 269 233
f 239 273 272
f 272 273 274
f 272 274 271
f 273 275 274
f 273 276 275
f 273 277 276
f 239 277 273
f 239 242 277
f 276 277 278
f 276 278 275
f 279 281 280
f 279 282 281
f 279 283 282
f 279 284 283
f 279 285 284
f 279 280 285
f 284 287 286
f 284 285 287
f 284 286 288
f 284 288 283
f 286 289 288
f 286 290 289
f 246 290 286
f 246 247 290
f 246 286 287
f 246 287 245
f 247 291 290
f 290 291 292
f 290 292 289
f 291 293 292
f 291 294 293
f 252 294 291
f 252 253 294
f 252 291 247
f 253 295 294
f 294 295 296
f 294 296 293
f 295 297 296
f 295 298 297
f 295 299 298
f 253 299 295
f 253 256 299
f 298 299 300
f 298 300 297
f 301 303 302
f 301 304 303
f 301 305 304
f 301 306 305
f 260 306 301
f 260 261 306
f 260 301 302
f 260 302 259
f 261 307 306
f 306 307 308
f 306 308 305
f 307 309 308
f 307 310 309
f 266 310 307
f 266 267 310
f 266 307 261
f 267 311 310
f 310 311 312
f 310 312 309
f 311 313 312
f 311 314 313
f 270 314 311
f 270 271 314
f 270 311 267
f 271 315 314
f 314 315 316
f 314 316 313
f 315 317 316
f 315 318 317
f 274 318 315
f 274 275 318
f 274 315 271
f 275 319 318
f 318 319 320
f 318 320 317
f 319 321 320
f 319 322 321
f 319 323 322
f 275 323 319
f 275 278 323
f 322 323 324
f 322 324 321
f 325 327 326
f 325 328 327
f 325 329 328
f 325 330 329
f 325 331 330
f 325 326 331
f 330 333 332
f 330 331 333
f 330 332 334
f 330 334 329
f 332 335 334
f 332 336 335
f 282 336 332
f 282 283 336
f 282 332 333
f 282 333 281
f 283 337 336
f 336 337 338
f 336 338 335
f 337 339 338
f 337 340 339
f 288 340 337
f 288 289 340
f 288 337 283
f 289 341 340
f 340 341 342
f 340 342 339
f 341 343 342
f 341 344 343
f 292 344 341
f 292 293 344
f 292 341 289
f 293 345 344
f 344 345 346
f 344 346 343
f 345 347 346
f 345 348 347
f 296 348 345
f 296 297 348
f 296 345 293
f 297 349 348
f 297 350 349
f 348 349 347
f 297 300 350
f 351 353 352
f 351 354 353
f 351 355 354
f 351 356 355
f 304 356 351
f 304 305 356
f 304 351 352
f 304 352 303
f 305 357 356
f 356 357 358
f 356 358 355
f 357 359 358
f 357 360 359
f 308 360 357
f 308 309 360
f 308 357 305
f 309 361 360
f 360 361 362
f 360 362 359
f 361 363 362
f 361 364 363
f 312 364 361
f 312 313 364
f 312 361 309
f 313 365 364
f 364 365 366
f 364 366 363
f 365 367 366
f 365 368 367
f 316 368 365
f 316 317 368
f 316 365 313
f 317 369 368
f 368 369 370
f 368 370 367
f 369 371 370
f 369 372 371
f 320 372 369
f 320 321 372
f 320 369 317
f 321 373 372
f 321 374 373
f 372 373 371
f 321 324 374
f 375 377 376
f 375 378 377
f 375 379 378
f 375 380 379
f 328 380 375
f 328 329 380
f 328 375 376
f 328 376 327
f 329 381 380
f 380 381 382
f 380 382 379
f 381 383 382
f 381 384 383
f 334 384 381
f 334 335 384
f 334 381 329
f 335 385 384
f 384 385 386
f 384 386 383
f 385 387 386
f 385 388 387
f 338 388 385
f 338 339 388
f 338 385 335
f 339 389 388
f 388 389 390
f 388 390 387
f 389 391 390
f 389 392 391
f 342 392 389
f 342 343 392
f 342 389 339
f 343 393 392
f 392 393 394
f 392 394 391
f 393 395 394
f 393 396 395
f 346 396 393
f 346 347 396
f 346 393 343
f 347 397 396
f 347 398 397
f 396 397 395
f 347 349 398
f 399 401 400
f 399 402 401
f 399 403 402
f 399 404 403
f 354 404 399
f 354 355 404
f 354 399 400
f 354 400 353
f 355 405 404
f 404 405 406
f 404 406 403
f 405 407 406
f 405 408 407
f 358 408 405
f 358 359 408
f 358 405 355
f 359 409 408
f 408 409 410
f 408 410 407
f 409 411 410
f 409 412 411
f 362 412 409
f 362 363 412
f 362 409 359
f 363 413 412
f 412 413 414
f 412 414 411
f 413 415 414
f 413 416 415
f 366 416 413
f 366 367 416
f 366 413 363
f 367 417 416
f 367 418 417
f 416 417 415
f 370 371 419
f 370 418 367
f 370 419 418
f 371 420 419
f 371 373 420
f 378 379 421
f 378 421 377
f 379 422 423
f 379 423 421
f 422 424 423
f 422 425 424
f 422 426 425
f 382 426 422
f 382 383 426
f 382 422 379
f 383 427 426
f 426 427 428
f 426 428 425
f 427 429 428
f 427 430 429
f 386 430 427
f 386 387 430
f 386 427 383
f 387 431 430
f 430 431 432
f 430 432 429
f 431 433 432
f 431 434 433
f 390 434 431
f 390 391 434
f 390 431 387
f 391 435 434
f 434 435 436
f 434 436 433
f 435 437 436
f 435 438 437
f 394 438 435
f 394 395 438
f 394 435 391
f 395 439 438
f 395 440 439
f 438 439 437
f 395 397 440
f 402 403 441
f 402 441 401
f 403 442 441
f 406 407 443
f 406 442 403
f 406 443 442
f 407 444 443
f 410 411 445
f 410 444 407
f 410 445 444
f 411 446 445
f 414 415 447
f 414 446 411
f 414 447 446
f 415 448 447
f 415 417 448
f 424 425 449
f 424 449 423
f 425 450 449
f 428 429 451
f 428 450 425
f 428 451 450
f 429 452 451
f 432 433 453
f 432 452 429
f 432 453 452
f 433 454 453
f 436 437 455
f 436 454 433
f 436 455 454
f 437 456 455
f 437 439 456
f 457 459 458
f 457 460 459
f 457 461 460
f 457 462 461
f 457 463 462
f 457 458 463
f 462 465 464
f 462 463 465
f 462 464 466
f 462 466 461
f 464 467 466
f 464 468 467
f 464 469 468
f 464 465 469
f 468 471 470
f 468 469 471
f 468 470 472
f 468 472 467
f 470 473 472
f 470 474 473
f 470 475 474
f 470 471 475
f 474 477 476
f 474 475 477
f 474 476 478
f 474 478 473
f 476 479 478
f 476 480 479
f 476 481 480
f 476 477 481
f 480 481 482
f 480 482 479
f 483 485 484
f 483 486 485
f 483 487 486
f 483 488 487
f 483 489 488
f 483 484 489
f 488 491 490
f 488 489 491
f 488 490 492
f 488 492 487
f 490 493 492
f 490 494 493
f 490 495 494
f 490 491 495
f 494 497 496
f 494 495 497
f 494 496 498
f 494 498 493
f 496 499 498
f 496 500 499
f 496 501 500
f 496 497 501
f 500 503 502
f 500 501 503
f 500 502 504
f 500 504 499
f 502 505 504
f 502 506 505
f 502 507 506
f 502 503 507
f 506 507 508
f 506 508 505
f 509 511 510
f 509 512 511
f 509 513 512
f 509 514 513
f 509 515 514
f 509 510 515
f 514 517 516
f 514 515 517
f 514 516 518
f 514 518 513
f 2 518 516
f 2 3 518
f 2 516 519
f 2 519 7
f 460 519 516
f 460 461 519
f 460 516 517
f 460 517 459
f 461 520 519
f 519 520 7
f 7 520 9
f 9 520 521
f 9 521 13
f 466 521 520
f 466 467 521
f 466 520 461
f 467 522 521
f 521 522 13
f 13 522 15
f 15 522 523
f 15 523 19
f 472 523 522
f 472 473 523
f 472 522 467
f 473 524 523
f 523 524 19
f 19 524 21
f 21 524 525
f 21 525 25
f 478 525 524
f 478 479 525
f 478 524 473
f 479 526 525
f 525 526 25
f 25 526 527
f 25 527 26
f 526 528 527
f 526 529 528
f 479 529 526
f 479 482 529
f 528 531 530
f 528 529 531
f 528 530 532
f 528 532 527
f 530 533 532
f 530 534 533
f 530 535 534
f 530 531 535
f 534 535 536
f 534 536 533
f 537 539 538
f 537 540 539
f 537 541 540
f 537 542 541
f 537 543 542
f 537 538 543
f 542 545 544
f 542 543 545
f 542 544 546
f 542 546 541
f 544 547 546
f 544 548 547
f 544 549 548
f 544 545 549
f 548 551 550
f 548 549 551
f 548 550 552
f 548 552 547
f 28 552 550
f 28 29 552
f 28 550 553
f 28 553 33
f 486 553 550
f 486 487 553
f 486 550 551
f 486 551 485
f 487 554 553
f 553 554 33
f 33 554 35
f 35 554 555
f 35 555 39
f 492 555 554
f 492 493 555
f 492 554 487
f 493 556 555
f 555 556 39
f 39 556 41
f 41 556 557
f 41 557 45
f 498 557 556
f 498 499 557
f 498 556 493
f 499 558 557
f 557 558 45
f 45 558 47
f 47 558 559
f 47 559 51
f 504 559 558
f 504 505 559
f 504 558 499
f 505 560 559
f 559 560 51
f 51 560 561
f 51 561 52
f 560 562 561
f 560 563 562
f 505 563 560
f 505 508 563
f 562 563 564
f 562 564 561
f 565 567 566
f 565 568 567
f 565 569 568
f 565 570 569
f 512 570 565
f 512 513 570
f 512 565 566
f 512 566 511
f 513 571 570
f 570 571 572
f 570 572 569
f 54 572 571
f 54 55 572
f 54 571 3
f 3 571 518
f 518 571 513
f 26 573 75
f 26 527 573
f 527 574 573
f 573 574 75
f 75 574 575
f 75 575 76
f 574 576 575
f 532 576 574
f 532 533 576
f 532 574 527
f 533 577 576
f 576 577 578
f 576 578 575
f 577 579 578
f 577 580 579
f 577 581 580
f 533 581 577
f 533 536 581
f 580 583 582
f 580 581 583
f 580 582 584
f 580 584 579
f 582 585 584
f 582 586 585
f 582 587 586
f 582 583 587
f 586 587 588
f 586 588 585
f 589 591 590
f 589 592 591
f 589 593 592
f 589 594 593
f 589 595 594
f 589 590 595
f 594 597 596
f 594 595 597
f 594 596 598
f 594 598 593
f 596 599 598
f 596 600 599
f 596 601 600
f 596 597 601
f 600 603 602
f 600 601 603
f 600 602 604
f 600 604 599
f 602 605 604
f 602 606 605
f 540 606 602
f 540 541 606
f 540 602 603
f 540 603 539
f 541 607 606
f 606 607 608
f 606 608 605
f 78 608 607
f 78 79 608
f 78 607 609
f 78 609 83
f 546 609 607
f 546 547 609
f 546 607 541
f 547 610 609
f 609 610 83
f 83 610 85
f 85 610 29
f 29 610 552
f 552 610 547
f 102 611 101
f 102 612 611
f 102 52 612
f 52 561 612
f 561 613 612
f 561 614 613
f 612 613 611
f 561 564 614
f 615 617 616
f 615 618 617
f 615 619 618
f 615 620 619
f 568 620 615
f 568 569 620
f 568 615 616
f 568 616 567
f 569 621 620
f 620 621 622
f 620 622 619
f 104 622 621
f 104 105 622
f 104 621 55
f 55 621 572
f 572 621 569
f 126 623 125
f 126 624 623
f 126 76 624
f 76 575 624
f 575 625 624
f 624 625 626
f 624 626 623
f 625 627 626
f 625 628 627
f 578 628 625
f 578 579 628
f 578 625 575
f 579 629 628
f 579 630 629
f 628 629 627
f 584 585 631
f 584 630 579
f 584 631 630
f 585 632 631
f 585 588 632
f 592 593 633
f 592 633 591
f 593 634 635
f 593 635 633
f 634 636 635
f 634 637 636
f 634 638 637
f 598 638 634
f 598 599 638
f 598 634 593
f 599 639 638
f 638 639 640
f 638 640 637
f 639 641 640
f 639 642 641
f 604 642 639
f 604 605 642
f 604 639 599
f 605 643 642
f 642 643 644
f 642 644 641
f 128 644 643
f 128 129 644
f 128 643 79
f 79 643 608
f 608 643 605
f 150 645 149
f 150 646 645
f 150 101 646
f 101 611 646
f 611 647 646
f 611 648 647
f 646 647 645
f 611 613 648
f 649 651 650
f 649 652 651
f 649 653 652
f 649 654 653
f 618 654 649
f 618 619 654
f 618 649 650
f 618 650 617
f 619 655 654
f 654 655 656
f 654 656 653
f 152 656 655
f 152 153 656
f 152 655 105
f 105 655 622
f 622 655 619
f 170 657 169
f 170 171 657
f 171 658 657
f 171 659 658
f 171 172 659
f 172 660 659
f 172 125 660
f 125 623 660
f 623 661 660
f 623 662 661
f 660 661 659
f 626 627 663
f 626 662 623
f 626 663 662
f 627 664 663
f 627 629 664
f 636 637 665
f 636 665 635
f 637 666 667
f 637 667 665
f 666 668 667
f 666 669 668
f 666 670 669
f 640 670 666
f 640 641 670
f 640 666 637
f 641 671 670
f 670 671 672
f 670 672 669
f 671 673 672
f 129 673 671
f 129 173 673
f 129 671 644
f 644 671 641
f 173 674 673
f 173 175 674
f 192 675 191
f 192 676 675
f 192 149 676
f 149 645 676
f 645 677 676
f 645 678 677
f 676 677 675
f 645 647 678
f 652 653 679
f 652 679 651
f 653 680 681
f 653 681 679
f 680 682 681
f 680 683 682
f 153 683 680
f 153 193 683
f 153 680 656
f 656 680 653
f 193 684 683
f 193 195 684
f 204 685 203
f 204 205 685
f 205 686 685
f 205 687 686
f 205 206 687
f 206 688 687
f 206 169 688
f 169 657 688
f 657 689 688
f 657 690 689
f 688 689 687
f 658 659 691
f 658 690 657
f 658 691 690
f 659 692 691
f 659 661 692
f 668 669 693
f 668 693 667
f 669 694 695
f 669 695 693
f 694 696 695
f 694 697 696
f 694 698 697
f 672 698 694
f 672 673 698
f 672 694 669
f 673 699 698
f 698 699 700
f 698 700 697
f 699 701 700
f 175 701 699
f 175 207 701
f 175 699 674
f 674 699 673
f 207 702 701
f 207 209 702
f 218 703 217
f 218 219 703
f 704 705 706
f 219 706 703
f 219 704 706
f 219 220 704
f 220 191 704
f 191 675 707
f 191 707 704
f 704 707 705
f 675 708 707
f 675 677 708
f 709 711 710
f 709 712 711
f 709 713 712
f 709 714 713
f 682 714 709
f 682 683 714
f 682 709 710
f 682 710 681
f 683 715 714
f 714 715 716
f 714 716 713
f 715 717 716
f 195 717 715
f 195 221 717
f 195 715 684
f 684 715 683
f 221 718 717
f 221 719 718
f 221 222 719
f 222 223 719
f 223 720 719
f 223 721 720
f 223 224 721
f 224 722 721
f 224 203 722
f 203 685 722
f 685 723 722
f 685 724 723
f 722 723 721
f 686 687 725
f 686 724 685
f 686 725 724
f 687 726 725
f 687 689 726
f 696 697 727
f 696 727 695
f 697 728 729
f 697 729 727
f 728 730 729
f 728 731 730
f 728 732 731
f 700 732 728
f 700 701 732
f 700 728 697
f 701 733 732
f 732 733 734
f 732 734 731
f 733 735 734
f 209 735 733
f 209 225 735
f 209 733 702
f 702 733 701
f 225 736 735
f 225 737 736
f 225 226 737
f 226 227 737
f 227 738 737
f 227 739 738
f 227 228 739
f 228 740 739
f 228 217 740
f 217 703 740
f 703 741 740
f 703 742 741
f 740 741 739
f 703 706 742
f 712 713 743
f 712 743 711
f 713 744 745
f 713 745 743
f 744 746 745
f 744 747 746
f 744 748 747
f 716 748 744
f 716 717 748
f 716 744 713
f 717 749 748
f 748 749 750
f 748 750 747
f 749 751 750
f 749 752 751
f 718 752 749
f 718 719 752
f 718 749 717
f 719 753 752
f 719 754 753
f 752 753 751
f 720 721 755
f 720 754 719
f 720 755 754
f 721 756 755
f 721 723 756
f 730 731 757
f 730 757 729
f 731 758 759
f 731 759 757
f 758 760 759
f 758 761 760
f 758 762 761
f 734 762 758
f 734 735 762
f 734 758 731
f 735 763 762
f 762 763 764
f 762 764 761
f 763 765 764
f 763 766 765
f 736 766 763
f 736 737 766
f 736 763 735
f 737 767 766
f 737 768 767
f 766 767 765
f 738 739 769
f 738 768 737
f 738 769 768
f 739 770 769
f 739 741 770
f 771 773 772
f 771 774 773
f 771 775 774
f 771 776 775
f 746 776 771
f 746 747 776
f 746 771 772
f 746 772 745
f 747 777 776
f 747 778 777
f 776 777 775
f 750 751 779
f 750 778 747
f 750 779 778
f 751 780 779
f 751 753 780
f 760 761 781
f 760 781 759
f 761 782 783
f 761 783 781
f 782 784 783
f 782 785 784
f 782 786 785
f 764 786 782
f 764 765 786
f 764 782 761
f 765 787 786
f 765 788 787
f 786 787 785
f 765 767 788
f 774 775 789
f 774 789 773
f 775 790 789
f 775 777 790
f 784 785 791
f 784 791 783
f 785 792 791
f 785 787 792
f 793 795 794
f 793 796 795
f 793 797 796
f 793 798 797
f 793 799 798
f 793 794 799
f 798 799 800
f 798 800 797
f 801 803 802
f 801 804 803
f 801 805 804
f 801 806 805
f 801 807 806
f 801 802 807
f 806 807 808
f 806 808 805
f 809 811 810
f 809 812 811
f 809 813 812
f 809 814 813
f 796 814 809
f 796 797 814
f 796 809 810
f 796 810 795
f 797 815 814
f 814 815 816
f 814 816 813
f 815 817 816
f 815 818 817
f 815 819 818
f 797 819 815
f 797 800 819
f 818 819 820
f 818 820 817
f 821 823 822
f 821 824 823
f 821 825 824
f 821 826 825
f 821 827 826
f 821 822 827
f 826 829 828
f 826 827 829
f 826 828 830
f 826 830 825
f 828 831 830
f 828 832 831
f 804 832 828
f 804 805 832
f 804 828 829
f 804 829 803
f 805 833 832
f 805 834 833
f 832 833 831
f 805 808 834
f 835 837 836
f 835 838 837
f 835 839 838
f 835 840 839
f 835 841 840
f 835 836 841
f 840 843 842
f 840 841 843
f 840 842 844
f 840 844 839
f 842 845 844
f 842 846 845
f 812 846 842
f 812 813 846
f 812 842 843
f 812 843 811
f 813 847 846
f 846 847 848
f 846 848 845
f 847 849 848
f 847 850 849
f 816 850 847
f 816 817 850
f 816 847 813
f 817 851 850
f 850 851 852
f 850 852 849
f 851 853 852
f 851 854 853
f 851 855 854
f 817 855 851
f 817 820 855
f 854 855 856
f 854 856 853
f 857 859 858
f 857 860 859
f 857 861 860
f 857 862 861
f 857 863 862
f 857 858 863
f 862 865 864
f 862 863 865
f 862 864 866
f 862 866 861
f 864 867 866
f 864 868 867
f 824 868 864
f 824 825 868
f 824 864 865
f 824 865 823
f 825 869 868
f 868 869 870
f 868 870 867
f 869 871 870
f 869 872 871
f 830 872 869
f 830 831 872
f 830 869 825
f 831 873 872
f 872 873 874
f 872 874 871
f 873 875 874
f 873 876 875
f 873 877 876
f 831 877 873
f 831 833 877
f 876 877 878
f 876 878 875
f 879 881 880
f 879 882 881
f 879 883 882
f 879 884 883
f 838 884 879
f 838 839 884
f 838 879 880
f 838 880 837
f 839 885 884
f 884 885 886
f 884 886 883
f 230 886 885
f 230 231 886
f 230 885 887
f 230 887 235
f 844 887 885
f 844 845 887
f 844 885 839
f 845 888 887
f 887 888 235
f 235 888 237
f 237 888 889
f 237 889 241
f 848 889 888
f 848 849 889
f 848 888 845
f 849 890 889
f 889 890 241
f 241 890 891
f 241 891 242
f 890 892 891
f 852 892 890
f 852 853 892
f 852 890 849
f 853 893 892
f 892 893 894
f 892 894 891
f 893 895 894
f 893 896 895
f 893 897 896
f 853 897 893
f 853 856 897
f 896 897 898
f 896 898 895
f 899 901 900
f 899 902 901
f 899 903 902
f 899 904 903
f 899 905 904
f 899 900 905
f 904 907 906
f 904 905 907
f 904 906 908
f 904 908 903
f 906 909 908
f 906 910 909
f 860 910 906
f 860 861 910
f 860 906 907
f 860 907 859
f 861 911 910
f 910 911 912
f 910 912 909
f 244 912 911
f 244 245 912
f 244 911 913
f 244 913 249
f 866 913 911
f 866 867 913
f 866 911 861
f 867 914 913
f 913 914 249
f 249 914 251
f 251 914 915
f 251 915 255
f 870 915 914
f 870 871 915
f 870 914 867
f 871 916 915
f 915 916 255
f 255 916 917
f 255 917 256
f 916 918 917
f 874 918 916
f 874 875 918
f 874 916 871
f 875 919 918
f 875 920 919
f 918 919 917
f 875 878 920
f 921 923 922
f 921 924 923
f 921 925 924
f 921 926 925
f 921 927 926
f 921 922 927
f 926 929 928
f 926 927 929
f 926 928 930
f 926 930 925
f 258 930 928
f 258 259 930
f 258 928 931
f 258 931 263
f 882 931 928
f 882 883 931
f 882 928 929
f 882 929 881
f 883 932 931
f 931 932 263
f 263 932 265
f 265 932 231
f 231 932 886
f 886 932 883
f 242 933 277
f 242 891 933
f 891 934 933
f 933 934 277
f 277 934 935
f 277 935 278
f 934 936 935
f 894 936 934
f 894 895 936
f 894 934 891
f 895 937 936
f 936 937 938
f 936 938 935
f 937 939 938
f 937 940 939
f 937 941 940
f 895 941 937
f 895 898 941
f 940 941 942
f 940 942 939
f 943 945 944
f 943 946 945
f 943 947 946
f 943 948 947
f 943 949 948
f 943 944 949
f 948 951 950
f 948 949 951
f 948 950 952
f 948 952 947
f 950 953 952
f 950 954 953
f 902 954 950
f 902 903 954
f 902 950 951
f 902 951 901
f 903 955 954
f 954 955 956
f 954 956 953
f 280 956 955
f 280 281 956
f 280 955 957
f 280 957 285
f 908 957 955
f 908 909 957
f 908 955 903
f 909 958 957
f 957 958 285
f 285 958 287
f 287 958 245
f 245 958 912
f 912 958 909
f 256 959 299
f 256 917 959
f 917 960 959
f 959 960 299
f 299 960 961
f 299 961 300
f 960 962 961
f 960 963 962
f 917 963 960
f 917 919 963
f 962 963 964
f 962 964 961
f 965 967 966
f 965 968 967
f 965 969 968
f 965 970 969
f 924 970 965
f 924 925 970
f 924 965 966
f 924 966 923
f 925 971 970
f 970 971 972
f 970 972 969
f 302 972 971
f 302 303 972
f 302 971 259
f 259 971 930
f 930 971 925
f 278 973 323
f 278 935 973
f 935 974 973
f 973 974 323
f 323 974 975
f 323 975 324
f 974 976 975
f 938 976 974
f 938 939 976
f 938 974 935
f 939 977 976
f 976 977 978
f 976 978 975
f 977 979 978
f 977 980 979
f 977 981 980
f 939 981 977
f 939 942 981
f 980 981 982
f 980 982 979
f 983 985 984
f 983 986 985
f 983 987 986
f 983 988 987
f 983 989 988
f 983 984 989
f 988 991 990
f 988 989 991
f 988 990 992
f 988 992 987
f 990 993 992
f 990 994 993
f 946 994 990
f 946 947 994
f 946 990 991
f 946 991 945
f 947 995 994
f 994 995 996
f 994 996 993
f 326 996 995
f 326 327 996
f 326 995 997
f 326 997 331
f 952 997 995
f 952 953 997
f 952 995 947
f 953 998 997
f 997 998 331
f 331 998 333
f 333 998 281
f 281 998 956
f 956 998 953
f 350 999 349
f 350 1000 999
f 350 300 1000
f 300 961 1000
f 961 1001 1000
f 961 1002 1001
f 1000 1001 999
f 961 964 1002
f 1003 1005 1004
f 1003 1006 1005
f 1003 1007 1006
f 1003 1008 1007
f 968 1008 1003
f 968 969 1008
f 968 1003 1004
f 968 1004 967
f 969 1009 1008
f 1008 1009 1010
f 1008 1010 1007
f 352 1010 1009
f 352 353 1010
f 352 1009 303
f 303 1009 972
f 972 1009 969
f 374 1011 373
f 374 1012 1011
f 374 324 1012
f 324 975 1012
f 975 1013 1012
f 1012 1013 1014
f 1012 1014 1011
f 1013 1015 1014
f 1013 1016 1015
f 978 1016 1013
f 978 979 1016
f 978 1013 975
f 979 1017 1016
f 1016 1017 1018
f 1016 1018 1015
f 1017 1019 1018
f 1017 1020 1019
f 1017 1021 1020
f 979 1021 1017
f 979 982 1021
f 1020 1021 1022
f 1020 1022 1019
f 1023 1025 1024
f 1023 1026 1025
f 1023 1027 1026
f 1023 1028 1027
f 1023 1029 1028
f 1023 1024 1029
f 1028 1031 1030
f 1028 1029 1031
f 1028 1030 1032
f 1028 1032 1027
f 1030 1033 1032
f 1030 1034 1033
f 986 1034 1030
f 986 987 1034
f 986 1030 1031
f 986 1031 985
f 987 1035 1034
f 1034 1035 1036
f 1034 1036 1033
f 1035 1037 1036
f 1035 1038 1037
f 992 1038 1035
f 992 993 1038
f 992 1035 987
f 993 1039 1038
f 1038 1039 1040
f 1038 1040 1037
f 376 1040 1039
f 376 377 1040
f 376 1039 327
f 327 1039 996
f 996 1039 993
f 398 1041 397
f 398 1042 1041
f 398 349 1042
f 349 999 1042
f 999 1043 1042
f 999 1044 1043
f 1042 1043 1041
f 999 1001 1044
f 1045 1047 1046
f 1045 1048 1047
f 1045 1049 1048
f 1045 1050 1049
f 1006 1050 1045
f 1006 1007 1050
f 1006 1045 1046
f 1006 1046 1005
f 1007 1051 1050
f 1050 1051 1052
f 1050 1052 1049
f 400 1052 1051
f 400 401 1052
f 400 1051 353
f 353 1051 1010
f 1010 1051 1007
f 418 1053 417
f 418 419 1053
f 419 1054 1053
f 419 1055 1054
f 419 420 1055
f 420 1056 1055
f 420 373 1056
f 373 1011 1056
f 1011 1057 1056
f 1011 1058 1057
f 1056 1057 1055
f 1014 1015 1059
f 1014 1058 1011
f 1014 1059 1058
f 1015 1060 1059
f 1018 1019 1061
f 1018 1060 1015
f 1018 1061 1060
f 1019 1062 1061
f 1019 1022 1062
f 1026 1027 1063
f 1026 1063 1025
f 1027 1064 1063
f 1032 1033 1065
f 1032 1064 1027
f 1032 1065 1064
f 1033 1066 1067
f 1033 1067 1065
f 1066 1068 1067
f 1066 1069 1068
f 1066 1070 1069
f 1036 1070 1066
f 1036 1037 1070
f 1036 1066 1033
f 1037 1071 1070
f 1070 1071 1072
f 1070 1072 1069
f 1071 1073 1072
f 377 1073 1071
f 377 421 1073
f 377 1071 1040
f 1040 1071 1037
f 421 1074 1073
f 421 423 1074
f 440 1075 439
f 440 1076 1075
f 440 397 1076
f 397 1041 1076
f 1041 1077 1076
f 1041 1078 1077
f 1076 1077 1075
f 1041 1043 1078
f 1048 1049 1079
f 1048 1079 1047
f 1049 1080 1081
f 1049 1081 1079
f 1080 1082 1081
f 1080 1083 1082
f 401 1083 1080
f 401 441 1083
f 401 1080 1052
f 1052 1080 1049
f 441 1084 1083
f 441 1085 1084
f 441 442 1085
f 442 443 1085
f 443 1086 1085
f 443 1087 1086
f 443 444 1087
f 444 445 1087
f 445 1088 1087
f 445 1089 1088
f 445 446 1089
f 446 447 1089
f 1090 1091 1092
f 447 1092 1089
f 447 1090 1092
f 447 448 1090
f 448 417 1090
f 417 1053 1093
f 417 1093 1090
f 1090 1093 1091
f 1053 1094 1093
f 1054 1055 1095
f 1054 1094 1053
f 1054 1095 1094
f 1055 1096 1095
f 1055 1057 1096
f 1068 1069 1097
f 1068 1097 1067
f 1069 1098 1097
f 1072 1073 1099
f 1072 1098 1069
f 1072 1099 1098
f 1073 1100 1101
f 1073 1101 1099
f 1100 1102 1101
f 1100 1103 1102
f 423 1103 1100
f 423 449 1103
f 423 1100 1074
f 1074 1100 1073
f 449 1104 1103
f 449 1105 1104
f 449 450 1105
f 450 451 1105
f 451 1106 1105
f 451 1107 1106
f 451 452 1107
f 452 453 1107
f 453 1108 1107
f 453 1109 1108
f 453 454 1109
f 454 455 1109
f 1110 1111 1112
f 455 1112 1109
f 455 1110 1112
f 455 456 1110
f 456 439 1110
f 439 1075 1113
f 439 1113 1110
f 1110 1113 1111
f 1075 1114 1113
f 1075 1077 1114
f 1082 1083 1115
f 1082 1115 1081
f 1083 1116 1115
f 1084 1085 1117
f 1084 1116 1083
f 1084 1117 1116
f 1085 1118 1117
f 1086 1087 1119
f 1086 1118 1085
f 1086 1119 1118
f 1087 1120 1119
f 1088 1089 1121
f 1088 1120 1087
f 1088 1121 1120
f 1089 1122 1121
f 1089 1092 1122
f 1102 1103 1123
f 1102 1123 1101
f 1103 1124 1123
f 1104 1105 1125
f 1104 1124 1103
f 1104 1125 1124
f 1105 1126 1125
f 1106 1107 1127
f 1106 1126 1105
f 1106 1127 1126
f 1107 1128 1127
f 1108 1109 1129
f 1108 1128 1107
f 1108 1129 1128
f 1109 1130 1129
f 1109 1112 1130
f 1131 1133 1132
f 1131 1134 1133
f 458 1134 1131
f 458 459 1134
f 458 1131 1135
f 458 1135 463
f 1131 1136 1135
f 1131 1132 1136
f 1135 1138 1137
f 1135 1136 1138
f 1135 1137 463
f 463 1137 465
f 465 1137 1139
f 465 1139 469
f 1137 1140 1139
f 1137 1138 1140
f 1139 1142 1141
f 1139 1140 1142
f 1139 1141 469
f 469 1141 471
f 471 1141 1143
f 471 1143 475
f 1141 1144 1143
f 1141 1142 1144
f 1143 1146 1145
f 1143 1144 1146
f 1143 1145 475
f 475 1145 477
f 477 1145 1147
f 477 1147 481
f 1145 1148 1147
f 1145 1146 1148
f 1147 1150 1149
f 1147 1148 1150
f 1147 1149 481
f 481 1149 1151
f 481 1151 482
f 1149 1152 1151
f 1149 1153 1152
f 1149 1150 1153
f 1152 1153 1154
f 1152 1154 1151
f 1155 1157 1156
f 1155 1158 1157
f 1155 1159 1158
f 1155 1160 1159
f 1155 1161 1160
f 1155 1156 1161
f 1160 1163 1162
f 1160 1161 1163
f 1160 1162 1164
f 1160 1164 1159
f 484 1164 1162
f 484 485 1164
f 484 1162 1165
f 484 1165 489
f 1162 1166 1165
f 1162 1163 1166
f 1165 1168 1167
f 1165 1166 1168
f 1165 1167 489
f 489 1167 491
f 491 1167 1169
f 491 1169 495
f 1167 1170 1169
f 1167 1168 1170
f 1169 1172 1171
f 1169 1170 1172
f 1169 1171 495
f 495 1171 497
f 497 1171 1173
f 497 1173 501
f 1171 1174 1173
f 1171 1172 1174
f 1173 1176 1175
f 1173 1174 1176
f 1173 1175 501
f 501 1175 503
f 503 1175 1177
f 503 1177 507
f 1175 1178 1177
f 1175 1176 1178
f 1177 1178 1179
f 1177 1180 507
f 1177 1179 1180
f 507 1180 508
f 1181 1183 1182
f 1181 1184 1183
f 510 1184 1181
f 510 511 1184
f 510 1181 1185
f 510 1185 515
f 1181 1186 1185
f 1181 1182 1186
f 1185 1188 1187
f 1185 1186 1188
f 1185 1187 515
f 515 1187 517
f 517 1187 459
f 459 1187 1134
f 1134 1187 1188
f 1134 1188 1133
f 482 1189 529
f 482 1151 1189
f 1151 1190 1189
f 1189 1190 529
f 529 1190 531
f 531 1190 1191
f 531 1191 535
f 1190 1192 1191
f 1151 1192 1190
f 1151 1154 1192
f 1191 1194 1193
f 1191 1192 1194
f 1191 1193 535
f 535 1193 1195
f 535 1195 536
f 1193 1196 1195
f 1193 1197 1196
f 1193 1194 1197
f 1196 1199 1198
f 1196 1197 1199
f 1196 1198 1200
f 1196 1200 1195
f 1198 1201 1200
f 1198 1202 1201
f 1198 1203 1202
f 1198 1199 1203
f 1202 1203 1204
f 1202 1204 1201
f 1205 1207 1206
f 1205 1208 1207
f 1205 1209 1208
f 1205 1210 1209
f 1205 1211 1210
f 1205 1206 1211
f 1210 1213 1212
f 1210 1211 1213
f 1210 1212 1214
f 1210 1214 1209
f 1212 1215 1214
f 1212 1216 1215
f 1212 1217 1216
f 1212 1213 1217
f 1216 1219 1218
f 1216 1217 1219
f 1216 1218 1220
f 1216 1220 1215
f 538 1220 1218
f 538 539 1220
f 538 1218 1221
f 538 1221 543
f 1218 1222 1221
f 1218 1219 1222
f 1221 1224 1223
f 1221 1222 1224
f 1221 1223 543
f 543 1223 545
f 545 1223 1225
f 545 1225 549
f 1158 1225 1223
f 1158 1159 1225
f 1158 1223 1224
f 1158 1224 1157
f 1159 1226 1225
f 1225 1226 549
f 549 1226 551
f 551 1226 485
f 485 1226 1164
f 1164 1226 1159
f 508 1227 563
f 508 1228 1227
f 508 1180 1228
f 1180 1179 1228
f 1227 1228 1229
f 1227 1230 563
f 1227 1229 1230
f 563 1230 564
f 1231 1233 1232
f 1231 1234 1233
f 566 1234 1231
f 566 567 1234
f 566 1231 511
f 511 1231 1184
f 1184 1231 1232
f 1184 1232 1183
f 536 1235 581
f 536 1195 1235
f 1195 1236 1235
f 1235 1236 581
f 581 1236 583
f 583 1236 1237
f 583 1237 587
f 1200 1237 1236
f 1200 1201 1237
f 1200 1236 1195
f 1201 1238 1237
f 1237 1238 587
f 587 1238 1239
f 587 1239 588
f 1238 1240 1239
f 1238 1241 1240
f 1201 1241 1238
f 1201 1204 1241
f 1240 1243 1242
f 1240 1241 1243
f 1240 1242 1244
f 1240 1244 1239
f 1242 1245 1244
f 1242 1246 1245
f 1242 1247 1246
f 1242 1243 1247
f 1246 1249 1248
f 1246 1247 1249
f 1246 1248 1250
f 1246 1250 1245
f 590 1250 1248
f 590 591 1250
f 590 1248 1251
f 590 1251 595
f 1208 1251 1248
f 1208 1209 1251
f 1208 1248 1249
f 1208 1249 1207
f 1209 1252 1251
f 1251 1252 595
f 595 1252 597
f 597 1252 1253
f 597 1253 601
f 1214 1253 1252
f 1214 1215 1253
f 1214 1252 1209
f 1215 1254 1253
f 1253 1254 601
f 601 1254 603
f 603 1254 539
f 539 1254 1220
f 1220 1254 1215
f 1255 1256 1257
f 1255 1257 1258
f 614 1258 613
f 614 1255 1258
f 614 564 1255
f 564 1230 1255
f 1230 1229 1256
f 1230 1256 1255
f 1259 1261 1260
f 1259 1262 1261
f 616 1262 1259
f 616 617 1262
f 616 1259 567
f 567 1259 1234
f 1234 1259 1260
f 1234 1260 1233
f 630 1263 629
f 630 631 1263
f 631 1264 1263
f 631 1265 1264
f 631 632 1265
f 632 1266 1265
f 632 588 1266
f 588 1239 1266
f 1239 1267 1266
f 1266 1267 1268
f 1266 1268 1265
f 1267 1269 1268
f 1267 1270 1269
f 1244 1270 1267
f 1244 1245 1270
f 1244 1267 1239
f 1245 1271 1270
f 1270 1271 1272
f 1270 1272 1269
f 1271 1273 1272
f 591 1273 1271
f 591 633 1273
f 591 1271 1250
f 1250 1271 1245
f 633 1274 1273
f 633 635 1274
f 1275 1276 1277
f 1275 1277 1278
f 648 1278 647
f 648 1275 1278
f 648 613 1275
f 613 1258 1275
f 1258 1257 1276
f 1258 1276 1275
f 1279 1281 1280
f 1279 1282 1281
f 650 1282 1279
f 650 651 1282
f 650 1279 617
f 617 1279 1262
f 1262 1279 1280
f 1262 1280 1261
f 662 1283 661
f 662 663 1283
f 663 1284 1283
f 663 1285 1284
f 663 664 1285
f 664 1286 1285
f 664 629 1286
f 629 1263 1286
f 1263 1287 1286
f 1263 1288 1287
f 1286 1287 1285
f 1264 1265 1289
f 1264 1288 1263
f 1264 1289 1288
f 1265 1290 1289
f 1268 1269 1291
f 1268 1290 1265
f 1268 1291 1290
f 1269 1292 1293
f 1269 1293 1291
f 1292 1294 1293
f 1292 1295 1294
f 1292 1296 1295
f 1272 1296 1292
f 1272 1273 1296
f 1272 1292 1269
f 1273 1297 1296
f 1296 1297 1298
f 1296 1298 1295
f 1297 1299 1298
f 635 1299 1297
f 635 665 1299
f 635 1297 1274
f 1274 1297 1273
f 665 1300 1299
f 665 667 1300
f 1301 1302 1303
f 1301 1303 1304
f 678 1304 677
f 678 1301 1304
f 678 647 1301
f 647 1278 1301
f 1278 1277 1302
f 1278 1302 1301
f 1305 1307 1306
f 1305 1308 1307
f 1305 1309 1308
f 651 1309 1305
f 651 679 1309
f 651 1305 1282
f 1282 1305 1306
f 1282 1306 1281
f 679 1310 1309
f 679 681 1310
f 690 1311 689
f 690 691 1311
f 1312 1313 1314
f 691 1314 1311
f 691 1312 1314
f 691 692 1312
f 692 661 1312
f 661 1283 1315
f 661 1315 1312
f 1312 1315 1313
f 1283 1316 1315
f 1284 1285 1317
f 1284 1316 1283
f 1284 1317 1316
f 1285 1318 1317
f 1285 1287 1318
f 1294 1295 1319
f 1294 1319 1293
f 1295 1320 1319
f 1298 1299 1321
f 1298 1320 1295
f 1298 1321 1320
f 1299 1322 1323
f 1299 1323 1321
f 1322 1324 1323
f 1322 1325 1324
f 667 1325 1322
f 667 693 1325
f 667 1322 1300
f 1300 1322 1299
f 693 1326 1325
f 693 695 1326
f 705 1327 706
f 705 707 1327
f 1328 1329 1330
f 707 1330 1327
f 707 1328 1330
f 707 708 1328
f 708 677 1328
f 677 1304 1328
f 1304 1303 1329
f 1304 1329 1328
f 1308 1309 1331
f 1308 1331 1307
f 1309 1332 1333
f 1309 1333 1331
f 1332 1334 1333
f 710 1334 1332
f 710 711 1334
f 710 1332 681
f 681 1332 1310
f 1310 1332 1309
f 724 1335 723
f 724 725 1335
f 1336 1337 1338
f 725 1338 1335
f 725 1336 1338
f 725 726 1336
f 726 689 1336
f 689 1311 1339
f 689 1339 1336
f 1336 1339 1337
f 1311 1340 1339
f 1311 1314 1340
f 1324 1325 1341
f 1324 1341 1323
f 1325 1342 1343
f 1325 1343 1341
f 1342 1344 1343
f 1342 1345 1344
f 695 1345 1342
f 695 727 1345
f 695 1342 1326
f 1326 1342 1325
f 727 1346 1345
f 727 729 1346
f 1347 1348 1349
f 1347 1349 1350
f 742 1350 741
f 742 1347 1350
f 742 706 1347
f 706 1327 1351
f 706 1351 1347
f 1347 1351 1348
f 1327 1352 1351
f 1327 1330 1352
f 1353 1355 1354
f 1353 1356 1355
f 1353 1357 1356
f 711 1357 1353
f 711 743 1357
f 711 1353 1334
f 1334 1353 1354
f 1334 1354 1333
f 743 1358 1357
f 743 745 1358
f 754 1359 753
f 754 755 1359
f 1360 1361 1362
f 755 1362 1359
f 755 1360 1362
f 755 756 1360
f 756 723 1360
f 723 1335 1363
f 723 1363 1360
f 1360 1363 1361
f 1335 1364 1363
f 1335 1338 1364
f 1344 1345 1365
f 1344 1365 1343
f 1345 1366 1367
f 1345 1367 1365
f 1366 1368 1367
f 1366 1369 1368
f 729 1369 1366
f 729 757 1369
f 729 1366 1346
f 1346 1366 1345
f 757 1370 1369
f 757 759 1370
f 768 1371 767
f 768 769 1371
f 1372 1373 1374
f 769 1374 1371
f 769 1372 1374
f 769 770 1372
f 770 741 1372
f 741 1350 1372
f 1350 1349 1373
f 1350 1373 1372
f 1375 1377 1376
f 1375 1378 1377
f 1375 1379 1378
f 1375 1380 1379
f 1356 1380 1375
f 1356 1357 1380
f 1356 1375 1376
f 1356 1376 1355
f 1357 1381 1380
f 1380 1381 1382
f 1380 1382 1379
f 772 1382 1381
f 772 773 1382
f 772 1381 745
f 745 1381 1358
f 1358 1381 1357
f 778 1383 777
f 778 779 1383
f 779 1384 1383
f 779 1385 1384
f 779 780 1385
f 780 1386 1385
f 780 753 1386
f 753 1359 1386
f 1359 1387 1386
f 1359 1388 1387
f 1386 1387 1385
f 1359 1362 1388
f 1389 1391 1390
f 1389 1392 1391
f 1389 1393 1392
f 1389 1394 1393
f 1368 1394 1389
f 1368 1369 1394
f 1368 1389 1390
f 1368 1390 1367
f 1369 1395 1394
f 1394 1395 1396
f 1394 1396 1393
f 1395 1397 1396
f 759 1397 1395
f 759 781 1397
f 759 1395 1370
f 1370 1395 1369
f 781 1398 1397
f 781 783 1398
f 788 1399 787
f 788 1400 1399
f 788 767 1400
f 767 1371 1400
f 1371 1401 1400
f 1371 1402 1401
f 1400 1401 1399
f 1371 1374 1402
f 1378 1379 1403
f 1378 1403 1377
f 1379 1404 1405
f 1379 1405 1403
f 1404 1406 1405
f 1404 1407 1406
f 773 1407 1404
f 773 789 1407
f 773 1404 1382
f 1382 1404 1379
f 789 1408 1407
f 789 1409 1408
f 789 790 1409
f 790 1410 1409
f 790 777 1410
f 777 1383 1410
f 1383 1411 1410
f 1383 1412 1411
f 1410 1411 1409
f 1384 1385 1413
f 1384 1412 1383
f 1384 1413 1412
f 1385 1414 1413
f 1385 1387 1414
f 1392 1393 1415
f 1392 1415 1391
f 1393 1416 1417
f 1393 1417 1415
f 1416 1418 1417
f 1416 1419 1418
f 1416 1420 1419
f 1396 1420 1416
f 1396 1397 1420
f 1396 1416 1393
f 1397 1421 1420
f 1420 1421 1422
f 1420 1422 1419
f 1421 1423 1422
f 783 1423 1421
f 783 791 1423
f 783 1421 1398
f 1398 1421 1397
f 1424 1425 1426
f 791 1426 1423
f 791 1424 1426
f 791 792 1424
f 792 787 1424
f 787 1399 1427
f 787 1427 1424
f 1424 1427 1425
f 1399 1428 1427
f 1399 1401 1428
f 1429 1431 1430
f 1429 1432 1431
f 1429 1433 1432
f 1429 1434 1433
f 1406 1434 1429
f 1406 1407 1434
f 1406 1429 1430
f 1406 1430 1405
f 1407 1435 1434
f 1434 1435 1436
f 1434 1436 1433
f 1435 1437 1436
f 1435 1438 1437
f 1408 1438 1435
f 1408 1409 1438
f 1408 1435 1407
f 1409 1439 1438
f 1409 1440 1439
f 1438 1439 1437
f 1409 1411 1440
f 1441 1443 1442
f 1441 1444 1443
f 1441 1445 1444
f 1441 1446 1445
f 1418 1446 1441
f 1418 1419 1446
f 1418 1441 1442
f 1418 1442 1417
f 1419 1447 1446
f 1446 1447 1448
f 1446 1448 1445
f 1447 1449 1448
f 1447 1450 1449
f 1422 1450 1447
f 1422 1423 1450
f 1422 1447 1419
f 1423 1451 1450
f 1423 1452 1451
f 1450 1451 1449
f 1423 1426 1452
f 1453 1455 1454
f 1453 1456 1455
f 1453 1457 1456
f 1453 1458 1457
f 1453 1459 1458
f 1453 1454 1459
f 1458 1461 1460
f 1458 1459 1461
f 1458 1460 1462
f 1458 1462 1457
f 794 1462 1460
f 794 795 1462
f 794 1460 1463
f 794 1463 799
f 1432 1463 1460
f 1432 1433 1463
f 1432 1460 1461
f 1432 1461 1431
f 1433 1464 1463
f 1463 1464 799
f 799 1464 1465
f 799 1465 800
f 1464 1466 1465
f 1436 1466 1464
f 1436 1437 1466
f 1436 1464 1433
f 1437 1467 1466
f 1466 1467 1468
f 1466 1468 1465
f 1467 1469 1468
f 1467 1470 1469
f 1467 1471 1470
f 1437 1471 1467
f 1437 1439 1471
f 1470 1471 1472
f 1470 1472 1469
f 1473 1475 1474
f 1473 1476 1475
f 1473 1477 1476
f 1473 1478 1477
f 1473 1479 1478
f 1473 1474 1479
f 1478 1481 1480
f 1478 1479 1481
f 1478 1480 1482
f 1478 1482 1477
f 1480 1483 1482
f 1480 1484 1483
f 1444 1484 1480
f 1444 1445 1484
f 1444 1480 1481
f 1444 1481 1443
f 1445 1485 1484
f 1484 1485 1486
f 1484 1486 1483
f 802 1486 1485
f 802 803 1486
f 802 1485 1487
f 802 1487 807
f 1448 1487 1485
f 1448 1449 1487
f 1448 1485 1445
f 1449 1488 1487
f 1487 1488 807
f 807 1488 1489
f 807 1489 808
f 1488 1490 1489
f 1488 1491 1490
f 1449 1491 1488
f 1449 1451 1491
f 1490 1491 1492
f 1490 1492 1489
f 1493 1495 1494
f 1493 1496 1495
f 1493 1497 1496
f 1493 1498 1497
f 1456 1498 1493
f 1456 1457 1498
f 1456 1493 1494
f 1456 1494 1455
f 1457 1499 1498
f 1498 1499 1500
f 1498 1500 1497
f 810 1500 1499
f 810 811 1500
f 810 1499 795
f 795 1499 1462
f 1462 1499 1457
f 800 1501 819
f 800 1465 1501
f 1465 1502 1501
f 1501 1502 819
f 819 1502 1503
f 819 1503 820
f 1502 1504 1503
f 1468 1504 1502
f 1468 1469 1504
f 1468 1502 1465
f 1469 1505 1504
f 1469 1506 1505
f 1504 1505 1503
f 1469 1472 1506
f 1507 1509 1508
f 1507 1510 1509
f 1507 1511 1510
f 1507 1512 1511
f 1476 1512 1507
f 1476 1477 1512
f 1476 1507 1508
f 1476 1508 1475
f 1477 1513 1512
f 1512 1513 1514
f 1512 1514 1511
f 822 1514 1513
f 822 823 1514
f 822 1513 1515
f 822 1515 827
f 1482 1515 1513
f 1482 1483 1515
f 1482 1513 1477
f 1483 1516 1515
f 1515 1516 827
f 827 1516 829
f 829 1516 803
f 803 1516 1486
f 1486 1516 1483
f 834 1517 833
f 834 1518 1517
f 834 808 1518
f 808 1489 1518
f 1489 1519 1518
f 1489 1520 1519
f 1518 1519 1517
f 1489 1492 1520
f 1521 1523 1522
f 1521 1524 1523
f 836 1524 1521
f 836 837 1524
f 836 1521 1525
f 836 1525 841
f 1496 1525 1521
f 1496 1497 1525
f 1496 1521 1522
f 1496 1522 1495
f 1497 1526 1525
f 1525 1526 841
f 841 1526 843
f 843 1526 811
f 811 1526 1500
f 1500 1526 1497
f 820 1527 855
f 820 1503 1527
f 1503 1528 1527
f 1527 1528 855
f 855 1528 1529
f 855 1529 856
f 1528 1530 1529
f 1528 1531 1530
f 1503 1531 1528
f 1503 1505 1531
f 1530 1531 1532
f 1530 1532 1529
f 1533 1535 1534
f 1533 1536 1535
f 1533 1537 1536
f 1533 1538 1537
f 1533 1539 1538
f 1533 1534 1539
f 1538 1541 1540
f 1538 1539 1541
f 1538 1540 1542
f 1538 1542 1537
f 858 1542 1540
f 858 859 1542
f 858 1540 1543
f 858 1543 863
f 1510 1543 1540
f 1510 1511 1543
f 1510 1540 1541
f 1510 1541 1509
f 1511 1544 1543
f 1543 1544 863
f 863 1544 865
f 865 1544 823
f 823 1544 1514
f 1514 1544 1511
f 833 1545 877
f 833 1517 1545
f 1517 1546 1545
f 1517 1547 1546
f 1545 1548 877
f 1545 1546 1548
f 877 1548 878
f 1517 1519 1547
f 1549 1551 1550
f 1549 1552 1551
f 1549 1553 1552
f 1549 1554 1553
f 1549 1555 1554
f 1549 1550 1555
f 1554 1557 1556
f 1554 1555 1557
f 1554 1556 1558
f 1554 1558 1553
f 880 1558 1556
f 880 881 1558
f 880 1556 837
f 837 1556 1524
f 1524 1556 1557
f 1524 1557 1523
f 856 1559 897
f 856 1529 1559
f 1529 1560 1559
f 1559 1560 897
f 897 1560 1561
f 897 1561 898
f 1560 1562 1561
f 1560 1563 1562
f 1529 1563 1560
f 1529 1532 1563
f 1562 1563 1564
f 1562 1564 1561
f 1565 1567 1566
f 1565 1568 1567
f 1565 1569 1568
f 1565 1570 1569
f 1565 1571 1570
f 1565 1566 1571
f 1570 1573 1572
f 1570 1571 1573
f 1570 1572 1574
f 1570 1574 1569
f 900 1574 1572
f 900 901 1574
f 900 1572 1575
f 900 1575 905
f 1536 1575 1572
f 1536 1537 1575
f 1536 1572 1573
f 1536 1573 1535
f 1537 1576 1575
f 1575 1576 905
f 905 1576 907
f 907 1576 859
f 859 1576 1542
f 1542 1576 1537
f 920 1577 919
f 920 1578 1577
f 920 878 1578
f 878 1579 1578
f 878 1548 1579
f 1548 1546 1579
f 1578 1579 1580
f 1578 1580 1577
f 1581 1583 1582
f 1581 1584 1583
f 922 1584 1581
f 922 923 1584
f 922 1581 1585
f 922 1585 927
f 1552 1585 1581
f 1552 1553 1585
f 1552 1581 1582
f 1552 1582 1551
f 1553 1586 1585
f 1585 1586 927
f 927 1586 929
f 929 1586 881
f 881 1586 1558
f 1558 1586 1553
f 898 1587 941
f 898 1561 1587
f 1561 1588 1587
f 1587 1588 941
f 941 1588 1589
f 941 1589 942
f 1588 1590 1589
f 1588 1591 1590
f 1561 1591 1588
f 1561 1564 1591
f 1590 1593 1592
f 1590 1591 1593
f 1590 1592 1594
f 1590 1594 1589
f 1592 1595 1594
f 1592 1596 1595
f 1592 1597 1596
f 1592 1593 1597
f 1596 1597 1598
f 1596 1598 1595
f 1599 1601 1600
f 1599 1602 1601
f 1599 1603 1602
f 1599 1604 1603
f 1599 1605 1604
f 1599 1600 1605
f 1604 1607 1606
f 1604 1605 1607
f 1604 1606 1608
f 1604 1608 1603
f 1606 1609 1608
f 1606 1610 1609
f 1606 1611 1610
f 1606 1607 1611
f 1610 1613 1612
f 1610 1611 1613
f 1610 1612 1614
f 1610 1614 1609
f 944 1614 1612
f 944 945 1614
f 944 1612 1615
f 944 1615 949
f 1568 1615 1612
f 1568 1569 1615
f 1568 1612 1613
f 1568 1613 1567
f 1569 1616 1615
f 1615 1616 949
f 949 1616 951
f 951 1616 901
f 901 1616 1574
f 1574 1616 1569
f 919 1617 963
f 919 1577 1617
f 1577 1618 1617
f 1577 1619 1618
f 1617 1620 963
f 1617 1618 1620
f 963 1620 964
f 1577 1580 1619
f 1621 1623 1622
f 1621 1624 1623
f 966 1624 1621
f 966 967 1624
f 966 1621 923
f 923 1621 1584
f 1584 1621 1622
f 1584 1622 1583
f 942 1625 981
f 942 1589 1625
f 1589 1626 1625
f 1625 1626 981
f 981 1626 1627
f 981 1627 982
f 1626 1628 1627
f 1594 1628 1626
f 1594 1595 1628
f 1594 1626 1589
f 1595 1629 1628
f 1628 1629 1630
f 1628 1630 1627
f 1629 1631 1630
f 1629 1632 1631
f 1629 1633 1632
f 1595 1633 1629
f 1595 1598 1633
f 1632 1635 1634
f 1632 1633 1635
f 1632 1634 1636
f 1632 1636 1631
f 1634 1637 1636
f 1634 1638 1637
f 1634 1639 1638
f 1634 1635 1639
f 1638 1641 1640
f 1638 1639 1641
f 1638 1640 1642
f 1638 1642 1637
f 1640 1643 1642
f 1640 1644 1643
f 1602 1644 1640
f 1602 1603 1644
f 1602 1640 1641
f 1602 1641 1601
f 1603 1645 1644
f 1644 1645 1646
f 1644 1646 1643
f 984 1646 1645
f 984 985 1646
f 984 1645 1647
f 984 1647 989
f 1608 1647 1645
f 1608 1609 1647
f 1608 1645 1603
f 1609 1648 1647
f 1647 1648 989
f 989 1648 991
f 991 1648 945
f 945 1648 1614
f 1614 1648 1609
f 1649 1650 1651
f 1649 1651 1652
f 1002 1652 1001
f 1002 1649 1652
f 1002 964 1649
f 964 1620 1649
f 1620 1618 1650
f 1620 1650 1649
f 1653 1655 1654
f 1653 1656 1655
f 1004 1656 1653
f 1004 1005 1656
f 1004 1653 967
f 967 1653 1624
f 1624 1653 1654
f 1624 1654 1623
f 982 1657 1021
f 982 1627 1657
f 1627 1658 1657
f 1657 1658 1021
f 1021 1658 1659
f 1021 1659 1022
f 1658 1660 1659
f 1630 1660 1658
f 1630 1631 1660
f 1630 1658 1627
f 1631 1661 1660
f 1660 1661 1662
f 1660 1662 1659
f 1661 1663 1662
f 1661 1664 1663
f 1636 1664 1661
f 1636 1637 1664
f 1636 1661 1631
f 1637 1665 1664
f 1664 1665 1666
f 1664 1666 1663
f 1024 1666 1665
f 1024 1025 1666
f 1024 1665 1667
f 1024 1667 1029
f 1642 1667 1665
f 1642 1643 1667
f 1642 1665 1637
f 1643 1668 1667
f 1667 1668 1029
f 1029 1668 1031
f 1031 1668 985
f 985 1668 1646
f 1646 1668 1643
f 1669 1670 1671
f 1669 1671 1672
f 1044 1672 1043
f 1044 1669 1672
f 1044 1001 1669
f 1001 1652 1669
f 1652 1651 1670
f 1652 1670 1669
f 1673 1675 1674
f 1673 1676 1675
f 1046 1676 1673
f 1046 1047 1676
f 1046 1673 1005
f 1005 1673 1656
f 1656 1673 1674
f 1656 1674 1655
f 1058 1677 1057
f 1058 1059 1677
f 1059 1678 1677
f 1059 1679 1678
f 1059 1060 1679
f 1060 1061 1679
f 1680 1681 1682
f 1061 1682 1679
f 1061 1680 1682
f 1061 1062 1680
f 1062 1022 1680
f 1022 1659 1683
f 1022 1683 1680
f 1680 1683 1681
f 1659 1684 1683
f 1662 1663 1685
f 1662 1684 1659
f 1662 1685 1684
f 1663 1686 1687
f 1663 1687 1685
f 1686 1688 1687
f 1686 1689 1688
f 1025 1689 1686
f 1025 1063 1689
f 1025 1686 1666
f 1666 1686 1663
f 1063 1690 1689
f 1063 1691 1690
f 1063 1064 1691
f 1064 1065 1691
f 1065 1692 1691
f 1065 1067 1692
f 1693 1694 1695
f 1693 1695 1696
f 1078 1696 1077
f 1078 1693 1696
f 1078 1043 1693
f 1043 1672 1693
f 1672 1671 1694
f 1672 1694 1693
f 1047 1079 1697
f 1047 1698 1676
f 1047 1697 1698
f 1676 1698 1675
f 1697 1699 1698
f 1697 1700 1699
f 1697 1079 1700
f 1079 1081 1700
f 1091 1701 1092
f 1091 1093 1701
f 1702 1703 1704
f 1093 1704 1701
f 1093 1702 1704
f 1093 1094 1702
f 1094 1095 1705
f 1094 1705 1702
f 1702 1705 1706
f 1702 1706 1703
f 1705 1707 1706
f 1705 1708 1707
f 1705 1095 1708
f 1095 1096 1708
f 1096 1057 1708
f 1057 1677 1709
f 1057 1709 1708
f 1708 1709 1707
f 1677 1710 1709
f 1678 1679 1711
f 1678 1710 1677
f 1678 1711 1710
f 1679 1712 1711
f 1679 1682 1712
f 1688 1689 1713
f 1688 1713 1687
f 1689 1714 1713
f 1690 1691 1715
f 1690 1714 1689
f 1690 1715 1714
f 1691 1716 1715
f 1067 1097 1717
f 1067 1718 1692
f 1067 1717 1718
f 1692 1716 1691
f 1692 1718 1716
f 1717 1719 1718
f 1717 1720 1719
f 1717 1097 1720
f 1097 1721 1720
f 1097 1098 1721
f 1098 1099 1721
f 1099 1722 1721
f 1099 1101 1722
f 1723 1724 1725
f 1723 1725 1726
f 1111 1726 1112
f 1111 1723 1726
f 1111 1113 1727
f 1111 1727 1723
f 1723 1727 1728
f 1723 1728 1724
f 1727 1729 1728
f 1727 1730 1729
f 1727 1113 1730
f 1113 1114 1730
f 1114 1077 1730
f 1077 1696 1730
f 1696 1695 1729
f 1696 1729 1730
f 1081 1115 1731
f 1081 1732 1700
f 1081 1731 1732
f 1700 1732 1699
f 1731 1733 1732
f 1731 1734 1733
f 1731 1115 1734
f 1115 1116 1734
f 1116 1117 1735
f 1116 1735 1734
f 1734 1735 1736
f 1734 1736 1733
f 1735 1737 1736
f 1735 1738 1737
f 1735 1117 1738
f 1117 1118 1738
f 1118 1119 1739
f 1118 1739 1738
f 1738 1739 1740
f 1738 1740 1737
f 1739 1741 1740
f 1739 1742 1741
f 1739 1119 1742
f 1119 1120 1742
f 1120 1121 1743
f 1120 1743 1742
f 1742 1743 1744
f 1742 1744 1741
f 1743 1745 1744
f 1743 1746 1745
f 1743 1121 1746
f 1121 1122 1746
f 1122 1092 1746
f 1092 1701 1747
f 1092 1747 1746
f 1746 1747 1745
f 1701 1748 1747
f 1701 1704 1748
f 1720 1721 1749
f 1720 1749 1719
f 1721 1750 1749
f 1101 1123 1751
f 1101 1752 1722
f 1101 1751 1752
f 1722 1750 1721
f 1722 1752 1750
f 1751 1753 1752
f 1751 1754 1753
f 1751 1123 1754
f 1123 1124 1754
f 1124 1125 1755
f 1124 1755 1754
f 1754 1755 1756
f 1754 1756 1753
f 1755 1757 1756
f 1755 1758 1757
f 1755 1125 1758
f 1125 1126 1758
f 1126 1127 1759
f 1126 1759 1758
f 1758 1759 1760
f 1758 1760 1757
f 1759 1761 1760
f 1759 1762 1761
f 1759 1127 1762
f 1127 1128 1762
f 1128 1129 1763
f 1128 1763 1762
f 1762 1763 1764
f 1762 1764 1761
f 1763 1765 1764
f 1763 1766 1765
f 1763 1129 1766
f 1129 1130 1766
f 1130 1112 1766
f 1112 1726 1766
f 1726 1725 1765
f 1726 1765 1766
f 1767 1769 1768
f 1767 1770 1769
f 1132 1770 1767
f 1132 1133 1770
f 1132 1767 1771
f 1132 1771 1136
f 1767 1772 1771
f 1767 1768 1772
f 1771 1774 1773
f 1771 1772 1774
f 1771 1773 1136
f 1136 1773 1138
f 1138 1773 1775
f 1138 1775 1140
f 1773 1776 1775
f 1773 1774 1776
f 1775 1778 1777
f 1775 1776 1778
f 1775 1777 1140
f 1140 1777 1142
f 1142 1777 1779
f 1142 1779 1144
f 1777 1780 1779
f 1777 1778 1780
f 1779 1782 1781
f 1779 1780 1782
f 1779 1781 1144
f 1144 1781 1146
f 1146 1781 1783
f 1146 1783 1148
f 1781 1784 1783
f 1781 1782 1784
f 1783 1786 1785
f 1783 1784 1786
f 1783 1785 1148
f 1148 1785 1150
f 1150 1785 1787
f 1150 1787 1153
f 1785 1788 1787
f 1785 1786 1788
f 1787 1788 1789
f 1787 1790 1153
f 1787 1789 1790
f 1153 1790 1154
f 1791 1793 1792
f 1791 1794 1793
f 1156 1794 1791
f 1156 1157 1794
f 1156 1791 1795
f 1156 1795 1161
f 1791 1796 1795
f 1791 1792 1796
f 1795 1798 1797
f 1795 1796 1798
f 1795 1797 1161
f 1161 1797 1163
f 1163 1797 1799
f 1163 1799 1166
f 1797 1800 1799
f 1797 1798 1800
f 1799 1802 1801
f 1799 1800 1802
f 1799 1801 1166
f 1166 1801 1168
f 1168 1801 1803
f 1168 1803 1170
f 1801 1804 1803
f 1801 1802 1804
f 1803 1806 1805
f 1803 1804 1806
f 1803 1805 1170
f 1170 1805 1172
f 1172 1805 1807
f 1172 1807 1174
f 1805 1808 1807
f 1805 1806 1808
f 1807 1810 1809
f 1807 1808 1810
f 1807 1809 1174
f 1174 1809 1176
f 1176 1809 1811
f 1176 1811 1178
f 1809 1812 1811
f 1809 1810 1812
f 1811 1812 1813
f 1811 1814 1178
f 1811 1813 1814
f 1178 1814 1179
f 1815 1817 1816
f 1815 1818 1817
f 1182 1818 1815
f 1182 1183 1818
f 1182 1815 1819
f 1182 1819 1186
f 1815 1820 1819
f 1815 1816 1820
f 1819 1822 1821
f 1819 1820 1822
f 1819 1821 1186
f 1186 1821 1188
f 1188 1821 1133
f 1133 1821 1770
f 1770 1821 1822
f 1770 1822 1769
f 1154 1823 1192
f 1154 1824 1823
f 1154 1790 1824
f 1790 1789 1824
f 1823 1826 1825
f 1823 1824 1826
f 1823 1825 1192
f 1192 1825 1194
f 1194 1825 1827
f 1194 1827 1197
f 1825 1828 1827
f 1825 1826 1828
f 1827 1828 1829
f 1827 1830 1197
f 1827 1829 1830
f 1197 1831 1199
f 1197 1830 1831
f 1199 1831 1203
f 1203 1831 1832
f 1203 1832 1204
f 1206 1207 1833
f 1206 1833 1211
f 1834 1836 1835
f 1211 1836 1834
f 1211 1833 1836
f 1211 1834 1213
f 1213 1834 1837
f 1213 1837 1217
f 1834 1838 1837
f 1834 1835 1838
f 1837 1840 1839
f 1837 1838 1840
f 1837 1839 1217
f 1217 1839 1219
f 1219 1839 1841
f 1219 1841 1222
f 1839 1842 1841
f 1839 1840 1842
f 1841 1844 1843
f 1841 1842 1844
f 1841 1843 1222
f 1222 1843 1224
f 1224 1843 1157
f 1157 1843 1794
f 1794 1843 1844
f 1794 1844 1793
f 1179 1845 1228
f 1179 1846 1845
f 1179 1814 1846
f 1814 1813 1846
f 1845 1846 1847
f 1845 1848 1228
f 1845 1847 1848
f 1228 1848 1229
f 1849 1851 1850
f 1849 1852 1851
f 1232 1852 1849
f 1232 1233 1852
f 1232 1849 1183
f 1183 1849 1818
f 1818 1849 1850
f 1818 1850 1817
f 1830 1853 1831
f 1830 1829 1853
f 1831 1853 1854
f 1204 1855 1241
f 1204 1856 1855
f 1204 1832 1856
f 1832 1854 1856
f 1832 1831 1854
f 1855 1858 1857
f 1855 1856 1858
f 1855 1857 1241
f 1241 1857 1243
f 1243 1857 1859
f 1243 1859 1247
f 1857 1860 1859
f 1857 1858 1860
f 1859 1862 1861
f 1859 1860 1862
f 1859 1861 1247
f 1247 1861 1249
f 1249 1861 1207
f 1207 1861 1863
f 1207 1863 1833
f 1861 1862 1863
f 1833 1863 1864
f 1833 1864 1836
f 1865 1866 1867
f 1865 1867 1868
f 1256 1868 1257
f 1256 1865 1868
f 1256 1229 1865
f 1229 1848 1865
f 1848 1847 1866
f 1848 1866 1865
f 1869 1871 1870
f 1869 1872 1871
f 1260 1872 1869
f 1260 1261 1872
f 1260 1869 1233
f 1233 1869 1852
f 1852 1869 1870
f 1852 1870 1851
f 1873 1874 1875
f 1873 1875 1876
f 1276 1876 1277
f 1276 1873 1876
f 1276 1257 1873
f 1257 1868 1873
f 1868 1867 1874
f 1868 1874 1873
f 1877 1879 1878
f 1877 1880 1879
f 1280 1880 1877
f 1280 1281 1880
f 1280 1877 1261
f 1261 1877 1872
f 1872 1877 1878
f 1872 1878 1871
f 1881 1882 1883
f 1881 1883 1884
f 1288 1884 1287
f 1288 1881 1884
f 1288 1289 1885
f 1288 1885 1881
f 1881 1885 1886
f 1881 1886 1882
f 1885 1887 1886
f 1885 1888 1887
f 1885 1289 1888
f 1289 1290 1888
f 1290 1291 1889
f 1290 1889 1888
f 1888 1889 1890
f 1888 1890 1887
f 1889 1891 1890
f 1889 1892 1891
f 1889 1291 1892
f 1291 1293 1892
f 1893 1894 1895
f 1893 1895 1896
f 1302 1896 1303
f 1302 1893 1896
f 1302 1277 1893
f 1277 1876 1893
f 1876 1875 1894
f 1876 1894 1893
f 1897 1899 1898
f 1897 1900 1899
f 1306 1900 1897
f 1306 1307 1900
f 1306 1897 1281
f 1281 1897 1880
f 1880 1897 1898
f 1880 1898 1879
f 1901 1902 1903
f 1901 1903 1904
f 1313 1904 1314
f 1313 1901 1904
f 1313 1315 1905
f 1313 1905 1901
f 1901 1905 1906
f 1901 1906 1902
f 1905 1907 1906
f 1905 1908 1907
f 1905 1315 1908
f 1315 1316 1908
f 1316 1317 1909
f 1316 1909 1908
f 1908 1909 1910
f 1908 1910 1907
f 1909 1911 1910
f 1909 1912 1911
f 1909 1317 1912
f 1317 1318 1912
f 1318 1287 1912
f 1287 1884 1912
f 1884 1883 1911
f 1884 1911 1912
f 1293 1319 1913
f 1293 1914 1892
f 1293 1913 1914
f 1892 1914 1891
f 1913 1915 1914
f 1913 1916 1915
f 1913 1319 1916
f 1319 1320 1916
f 1320 1321 1917
f 1320 1917 1916
f 1916 1917 1918
f 1916 1918 1915
f 1917 1919 1918
f 1917 1920 1919
f 1917 1321 1920
f 1321 1323 1920
f 1921 1922 1923
f 1921 1923 1924
f 1329 1924 1330
f 1329 1921 1924
f 1329 1303 1921
f 1303 1896 1921
f 1896 1895 1922
f 1896 1922 1921
f 1307 1331 1925
f 1307 1926 1900
f 1307 1925 1926
f 1900 1926 1899
f 1925 1927 1926
f 1925 1928 1927
f 1925 1331 1928
f 1331 1333 1928
f 1929 1930 1931
f 1929 1931 1932
f 1337 1932 1338
f 1337 1929 1932
f 1337 1339 1933
f 1337 1933 1929
f 1929 1933 1934
f 1929 1934 1930
f 1933 1935 1934
f 1933 1936 1935
f 1933 1339 1936
f 1339 1340 1936
f 1340 1314 1936
f 1314 1904 1936
f 1904 1903 1935
f 1904 1935 1936
f 1323 1341 1937
f 1323 1938 1920
f 1323 1937 1938
f 1920 1938 1919
f 1937 1939 1938
f 1937 1940 1939
f 1937 1341 1940
f 1341 1343 1940
f 1941 1942 1943
f 1941 1943 1944
f 1348 1944 1349
f 1348 1941 1944
f 1348 1351 1945
f 1348 1945 1941
f 1941 1945 1946
f 1941 1946 1942
f 1945 1947 1946
f 1945 1948 1947
f 1945 1351 1948
f 1351 1352 1948
f 1352 1330 1948
f 1330 1924 1948
f 1924 1923 1947
f 1924 1947 1948
f 1949 1951 1950
f 1949 1952 1951
f 1354 1952 1949
f 1354 1355 1952
f 1354 1949 1333
f 1333 1949 1928
f 1928 1949 1950
f 1928 1950 1927
f 1953 1954 1955
f 1953 1955 1956
f 1361 1956 1362
f 1361 1953 1956
f 1361 1363 1957
f 1361 1957 1953
f 1953 1957 1958
f 1953 1958 1954
f 1957 1959 1958
f 1957 1960 1959
f 1957 1363 1960
f 1363 1364 1960
f 1364 1338 1960
f 1338 1932 1960
f 1932 1931 1959
f 1932 1959 1960
f 1343 1365 1961
f 1343 1962 1940
f 1343 1961 1962
f 1940 1962 1939
f 1961 1963 1962
f 1961 1964 1963
f 1961 1365 1964
f 1365 1367 1964
f 1965 1966 1967
f 1965 1967 1968
f 1373 1968 1374
f 1373 1965 1968
f 1373 1349 1965
f 1349 1944 1965
f 1944 1943 1966
f 1944 1966 1965
f 1376 1377 1969
f 1376 1970 1355
f 1376 1969 1970
f 1355 1971 1952
f 1355 1970 1971
f 1952 1971 1951
f 1970 1972 1971
f 1970 1969 1972
f 1973 1974 1975
f 1973 1975 1976
f 1388 1976 1387
f 1388 1973 1976
f 1388 1362 1973
f 1362 1956 1973
f 1956 1955 1974
f 1956 1974 1973
f 1977 1979 1978
f 1977 1980 1979
f 1390 1980 1977
f 1390 1391 1980
f 1390 1977 1367
f 1367 1977 1964
f 1964 1977 1978
f 1964 1978 1963
f 1981 1982 1983
f 1981 1983 1984
f 1981 1984 1985
f 1981 1985 1986
f 1981 1986 1987
f 1981 1987 1982
f 1986 1988 1987
f 1986 1989 1988
f 1986 1985 1990
f 1986 1990 1989
f 1402 1990 1401
f 1402 1989 1990
f 1402 1374 1989
f 1374 1968 1989
f 1968 1967 1988
f 1968 1988 1989
f 1377 1403 1991
f 1377 1991 1969
f 1969 1993 1992
f 1969 1991 1993
f 1991 1994 1993
f 1991 1403 1994
f 1403 1405 1994
f 1969 1992 1972
f 1995 1996 1997
f 1995 1997 1998
f 1412 1998 1411
f 1412 1995 1998
f 1412 1413 1999
f 1412 1999 1995
f 1995 1999 2000
f 1995 2000 1996
f 1999 2001 2000
f 1999 2002 2001
f 1999 1413 2002
f 1413 1414 2002
f 1414 1387 2002
f 1387 1976 2002
f 1976 1975 2001
f 1976 2001 2002
f 1391 1415 2003
f 1391 2004 1980
f 1391 2003 2004
f 1980 2004 1979
f 2003 2005 2004
f 2003 2006 2005
f 2003 1415 2006
f 1415 1417 2006
f 2007 2008 2009
f 2007 2009 2010
f 1425 2010 1426
f 1425 2007 2010
f 1425 1427 2011
f 1425 2011 2007
f 1984 2011 1985
f 1984 2007 2011
f 1984 1983 2008
f 1984 2008 2007
f 1985 2011 2012
f 2011 1427 2012
f 1427 1428 2012
f 1428 1401 2012
f 1401 1990 2012
f 1990 1985 2012
f 2013 2015 2014
f 2013 2016 2015
f 1430 2016 2013
f 1430 1431 2016
f 1430 2013 1405
f 1405 2013 1994
f 1994 2013 2014
f 1994 2014 1993
f 2017 2018 2019
f 2017 2019 2020
f 1440 2020 1439
f 1440 2017 2020
f 1440 1411 2017
f 1411 1998 2017
f 1998 1997 2018
f 1998 2018 2017
f 2021 2023 2022
f 2021 2024 2023
f 1442 2024 2021
f 1442 1443 2024
f 1442 2021 1417
f 1417 2021 2006
f 2006 2021 2022
f 2006 2022 2005
f 2025 2026 2027
f 2025 2027 2028
f 1452 2028 1451
f 1452 2025 2028
f 1452 1426 2025
f 1426 2010 2025
f 2010 2009 2026
f 2010 2026 2025
f 1454 1455 2029
f 1454 2029 1459
f 2030 2032 2031
f 1459 2032 2030
f 1459 2029 2032
f 1459 2030 1461
f 1461 2030 1431
f 1431 2030 2016
f 2016 2030 2031
f 2016 2031 2015
f 1439 2033 1471
f 1439 2034 2033
f 1439 2020 2034
f 2020 2019 2034
f 2033 2034 2035
f 2033 2036 1471
f 2033 2035 2036
f 1471 2036 1472
f 2037 2039 2038
f 2037 2040 2039
f 1474 2040 2037
f 1474 1475 2040
f 1474 2037 2041
f 1474 2041 1479
f 2037 2042 2041
f 2037 2038 2042
f 2041 2044 2043
f 2041 2042 2044
f 2041 2043 1479
f 1479 2043 1481
f 1481 2043 1443
f 1443 2043 2024
f 2024 2043 2044
f 2024 2044 2023
f 2045 2046 2047
f 2045 2047 2048
f 2045 2048 2049
f 1451 2049 1491
f 1451 2045 2049
f 1451 2028 2045
f 2028 2027 2046
f 2028 2046 2045
f 1491 2049 2050
f 1491 2050 1492
f 2051 2053 2052
f 2051 2054 2053
f 1494 2054 2051
f 1494 1495 2054
f 1494 2051 1455
f 1455 2051 2055
f 1455 2055 2029
f 2051 2052 2055
f 2029 2055 2056
f 2029 2056 2032
f 2057 2058 2059
f 2057 2059 2060
f 1506 2060 1505
f 1506 2057 2060
f 1506 1472 2057
f 1472 2036 2057
f 2036 2035 2058
f 2036 2058 2057
f 2061 2063 2062
f 2061 2064 2063
f 1508 2064 2061
f 1508 1509 2064
f 1508 2061 1475
f 1475 2061 2040
f 2040 2061 2062
f 2040 2062 2039
f 2048 2065 2049
f 2048 2047 2065
f 2049 2065 2066
f 2049 2066 2067
f 2067 2066 2068
f 1520 2068 1519
f 1520 2067 2068
f 1520 1492 2067
f 1492 2050 2067
f 2050 2049 2067
f 2069 2071 2070
f 2069 2072 2071
f 1522 2072 2069
f 1522 1523 2072
f 1522 2069 1495
f 1495 2069 2054
f 2054 2069 2070
f 2054 2070 2053
f 1505 2073 1531
f 1505 2074 2073
f 1505 2060 2074
f 2060 2059 2074
f 2073 2074 2075
f 2073 2076 1531
f 2073 2075 2076
f 1531 2076 1532
f 2077 2079 2078
f 2077 2080 2079
f 1534 2080 2077
f 1534 1535 2080
f 1534 2077 2081
f 1534 2081 1539
f 2077 2082 2081
f 2077 2078 2082
f 2081 2084 2083
f 2081 2082 2084
f 2081 2083 1539
f 1539 2083 1541
f 1541 2083 1509
f 1509 2083 2064
f 2064 2083 2084
f 2064 2084 2063
f 2085 2086 2087
f 2085 2087 2088
f 1547 2088 1546
f 1547 2085 2088
f 1547 1519 2085
f 1519 2068 2085
f 2068 2066 2086
f 2068 2086 2085
f 2089 2091 2090
f 2089 2092 2091
f 1550 2092 2089
f 1550 1551 2092
f 1550 2089 2093
f 1550 2093 1555
f 2089 2094 2093
f 2089 2090 2094
f 2093 2096 2095
f 2093 2094 2096
f 2093 2095 1555
f 1555 2095 1557
f 1557 2095 1523
f 1523 2095 2072
f 2072 2095 2096
f 2072 2096 2071
f 1532 2097 1563
f 1532 2098 2097
f 1532 2076 2098
f 2076 2075 2098
f 2097 2098 2099
f 2097 2100 1563
f 2097 2099 2100
f 1563 2100 1564
f 2101 2103 2102
f 2101 2104 2103
f 1566 2104 2101
f 1566 1567 2104
f 1566 2101 2105
f 1566 2105 1571
f 2101 2106 2105
f 2101 2102 2106
f 2105 2108 2107
f 2105 2106 2108
f 2105 2107 1571
f 1571 2107 1573
f 1573 2107 1535
f 1535 2107 2080
f 2080 2107 2108
f 2080 2108 2079
f 1546 2109 1579
f 1546 2110 2109
f 1546 2088 2110
f 2088 2087 2110
f 2109 2110 2111
f 2109 2112 1579
f 2109 2111 2112
f 1579 2112 1580
f 2113 2115 2114
f 2113 2116 2115
f 1582 2116 2113
f 1582 1583 2116
f 1582 2113 1551
f 1551 2113 2092
f 2092 2113 2114
f 2092 2114 2091
f 1564 2117 1591
f 1564 2118 2117
f 1564 2100 2118
f 2100 2099 2118
f 2117 2120 2119
f 2117 2118 2120
f 2117 2119 1591
f 1591 2119 1593
f 1593 2119 2121
f 1593 2121 1597
f 2119 2122 2121
f 2119 2120 2122
f 2121 2122 2123
f 2121 2124 1597
f 2121 2123 2124
f 1597 2124 1598
f 2125 2127 2126
f 2125 2128 2127
f 1600 2128 2125
f 1600 1601 2128
f 1600 2125 2129
f 1600 2129 1605
f 2125 2130 2129
f 2125 2126 2130
f 2129 2132 2131
f 2129 2130 2132
f 2129 2131 1605
f 1605 2131 1607
f 1607 2131 2133
f 1607 2133 1611
f 2131 2134 2133
f 2131 2132 2134
f 2133 2136 2135
f 2133 2134 2136
f 2133 2135 1611
f 1611 2135 1613
f 1613 2135 1567
f 1567 2135 2104
f 2104 2135 2136
f 2104 2136 2103
f 2137 2138 2139
f 2137 2139 2140
f 1619 2140 1618
f 1619 2137 2140
f 1619 1580 2137
f 1580 2112 2137
f 2112 2111 2138
f 2112 2138 2137
f 2141 2143 2142
f 2141 2144 2143
f 1622 2144 2141
f 1622 1623 2144
f 1622 2141 1583
f 1583 2141 2116
f 2116 2141 2142
f 2116 2142 2115
f 1598 2145 1633
f 1598 2146 2145
f 1598 2124 2146
f 2124 2123 2146
f 2145 2148 2147
f 2145 2146 2148
f 2145 2147 1633
f 1633 2147 1635
f 1635 2147 2149
f 1635 2149 1639
f 2147 2150 2149
f 2147 2148 2150
f 2149 2152 2151
f 2149 2150 2152
f 2149 2151 1639
f 1639 2151 1641
f 1641 2151 1601
f 1601 2151 2128
f 2128 2151 2152
f 2128 2152 2127
f 2153 2154 2155
f 2153 2155 2156
f 1650 2156 1651
f 1650 2153 2156
f 1650 1618 2153
f 1618 2140 2153
f 2140 2139 2154
f 2140 2154 2153
f 2157 2159 2158
f 2157 2160 2159
f 1654 2160 2157
f 1654 1655 2160
f 1654 2157 1623
f 1623 2157 2144
f 2144 2157 2158
f 2144 2158 2143
f 2161 2162 2163
f 2161 2163 2164
f 1670 2164 1671
f 1670 2161 2164
f 1670 1651 2161
f 1651 2156 2161
f 2156 2155 2162
f 2156 2162 2161
f 2165 2167 2166
f 2165 2168 2167
f 1674 2168 2165
f 1674 1675 2168
f 1674 2165 1655
f 1655 2165 2160
f 2160 2165 2166
f 2160 2166 2159
f 2169 2170 2171
f 2169 2171 2172
f 2169 2172 2173
f 2169 2173 2174
f 2169 2174 2175
f 2169 2175 2170
f 2174 2176 2175
f 2174 2177 2176
f 2174 2173 2178
f 2174 2178 2177
f 1681 2178 1682
f 1681 2177 2178
f 1681 1683 2179
f 1681 2179 2177
f 2177 2179 2180
f 2177 2180 2176
f 2179 2181 2180
f 2179 2182 2181
f 2179 1683 2182
f 1683 1684 2182
f 1684 1685 2183
f 1684 2183 2182
f 2182 2183 2184
f 2182 2184 2181
f 2183 2185 2184
f 2183 2186 2185
f 2183 1685 2186
f 1685 1687 2187
f 1685 2187 2186
f 2186 2187 2188
f 2186 2188 2189
f 2186 2189 2185
f 2188 2190 2189
f 2188 2187 2190
f 2191 2192 2193
f 2191 2193 2194
f 1694 2194 1695
f 1694 2191 2194
f 1694 1671 2191
f 1671 2164 2191
f 2164 2163 2192
f 2164 2192 2191
f 1675 1698 2195
f 1675 2196 2168
f 1675 2195 2196
f 2168 2196 2167
f 2195 2197 2196
f 2195 2198 2197
f 2195 1698 2198
f 1698 1699 2198
f 2199 2200 2201
f 2199 2201 2202
f 1703 2202 1704
f 1703 2199 2202
f 1703 1706 2203
f 1703 2203 2199
f 2199 2203 2204
f 2199 2204 2200
f 2203 2205 2204
f 2203 2206 2205
f 2203 1706 2206
f 1706 1707 2206
f 1707 1709 2207
f 1707 2207 2206
f 2206 2207 2208
f 2206 2208 2205
f 2207 2209 2208
f 2207 2210 2209
f 2207 1709 2210
f 1709 1710 2210
f 1710 1711 2211
f 1710 2211 2210
f 2172 2211 2173
f 2172 2210 2211
f 2172 2171 2209
f 2172 2209 2210
f 2173 2211 2212
f 2211 1711 2212
f 1711 1712 2212
f 1712 1682 2212
f 1682 2178 2212
f 2178 2173 2212
f 1687 1713 2213
f 1687 2213 2187
f 2187 2213 2214
f 2213 1713 2214
f 1713 1714 2214
f 1714 1715 2215
f 1714 2215 2214
f 2214 2215 2216
f 2187 2216 2190
f 2187 2214 2216
f 2215 2217 2216
f 2215 2218 2217
f 2215 1715 2218
f 1715 1716 2218
f 1716 1718 2219
f 1716 2219 2218
f 2218 2219 2220
f 2218 2220 2217
f 2219 2221 2220
f 2219 2222 2221
f 2219 1718 2222
f 1718 1719 2222
f 2223 2224 2225
f 2223 2225 2226
f 1724 2226 1725
f 1724 2223 2226
f 1724 1728 2227
f 1724 2227 2223
f 2223 2227 2228
f 2223 2228 2224
f 2227 2229 2228
f 2227 2230 2229
f 2227 1728 2230
f 1728 1729 2230
f 1729 1695 2230
f 1695 2194 2230
f 2194 2193 2229
f 2194 2229 2230
f 1699 1732 2231
f 1699 2232 2198
f 1699 2231 2232
f 2198 2232 2197
f 2231 2233 2232
f 2231 2234 2233
f 2231 1732 2234
f 1732 1733 2234
f 1733 1736 2235
f 1733 2235 2234
f 2234 2235 2236
f 2234 2236 2233
f 2235 2237 2236
f 2235 2238 2237
f 2235 1736 2238
f 1736 1737 2238
f 1737 1740 2239
f 1737 2239 2238
f 2238 2239 2240
f 2238 2240 2237
f 2239 2241 2240
f 2239 2242 2241
f 2239 1740 2242
f 1740 1741 2242
f 1741 1744 2243
f 1741 2243 2242
f 2242 2243 2244
f 2242 2244 2241
f 2243 2245 2244
f 2243 2246 2245
f 2243 1744 2246
f 1744 1745 2246
f 1745 1747 2247
f 1745 2247 2246
f 2246 2247 2248
f 2246 2248 2245
f 2247 2249 2248
f 2247 2250 2249
f 2247 1747 2250
f 1747 1748 2250
f 1748 1704 2250
f 1704 2202 2250
f 2202 2201 2249
f 2202 2249 2250
f 1719 1749 2251
f 1719 2252 2222
f 1719 2251 2252
f 2222 2252 2221
f 2251 2253 2252
f 2251 2254 2253
f 2251 1749 2254
f 1749 1750 2254
f 1750 1752 2255
f 1750 2255 2254
f 2254 2255 2256
f 2254 2256 2253
f 2255 2257 2256
f 2255 2258 2257
f 2255 1752 2258
f 1752 1753 2258
f 1753 1756 2259
f 1753 2259 2258
f 2258 2259 2260
f 2258 2260 2257
f 2259 2261 2260
f 2259 2262 2261
f 2259 1756 2262
f 1756 1757 2262
f 1757 1760 2263
f 1757 2263 2262
f 2262 2263 2264
f 2262 2264 2261
f 2263 2265 2264
f 2263 2266 2265
f 2263 1760 2266
f 1760 1761 2266
f 1761 1764 2267
f 1761 2267 2266
f 2266 2267 2268
f 2266 2268 2265
f 2267 2269 2268
f 2267 2270 2269
f 2267 1764 2270
f 1764 1765 2270
f 1765 1725 2270
f 1725 2226 2270
f 2226 2225 2269
f 2226 2269 2270
f 2271 2273 2272
f 2271 2274 2273
f 1768 2274 2271
f 1768 1769 2274
f 1768 2271 2275
f 1768 2275 1772
f 2271 2276 2275
f 2271 2272 2276
f 2275 2278 2277
f 2275 2276 2278
f 2275 2277 1772
f 1772 2277 1774
f 1774 2277 2279
f 1774 2279 1776
f 2277 2280 2279
f 2277 2278 2280
f 2279 2282 2281
f 2279 2280 2282
f 2279 2281 1776
f 1776 2281 1778
f 1778 2281 2283
f 1778 2283 1780
f 2281 2284 2283
f 2281 2282 2284
f 2283 2286 2285
f 2283 2284 2286
f 2283 2285 1780
f 1780 2285 1782
f 1782 2285 2287
f 1782 2287 1784
f 2285 2288 2287
f 2285 2286 2288
f 2287 2288 2289
f 2287 2290 1784
f 2287 2289 2290
f 1784 2291 1786
f 1784 2290 2291
f 1786 2291 1788
f 1788 2291 2292
f 1788 2292 1789
f 1792 1793 2293
f 1792 2293 1796
f 2294 2296 2295
f 1796 2296 2294
f 1796 2293 2296
f 1796 2294 1798
f 1798 2294 2297
f 1798 2297 1800
f 2294 2298 2297
f 2294 2295 2298
f 2297 2300 2299
f 2297 2298 2300
f 2297 2299 1800
f 1800 2299 1802
f 1802 2299 2301
f 1802 2301 1804
f 2299 2302 2301
f 2299 2300 2302
f 2301 2304 2303
f 2301 2302 2304
f 2301 2303 1804
f 1804 2303 1806
f 1806 2303 2305
f 1806 2305 1808
f 2303 2306 2305
f 2303 2304 2306
f 2305 2308 2307
f 2305 2306 2308
f 2305 2307 1808
f 1808 2307 1810
f 1810 2307 2309
f 1810 2309 1812
f 2307 2310 2309
f 2307 2308 2310
f 2309 2310 2311
f 2309 2312 1812
f 2309 2311 2312
f 1812 2312 1813
f 2313 2315 2314
f 2313 2316 2315
f 1816 2316 2313
f 1816 1817 2316
f 1816 2313 2317
f 1816 2317 1820
f 2313 2318 2317
f 2313 2314 2318
f 2317 2320 2319
f 2317 2318 2320
f 2317 2319 1820
f 1820 2319 1822
f 1822 2319 1769
f 1769 2319 2274
f 2274 2319 2320
f 2274 2320 2273
f 2290 2321 2291
f 2290 2289 2321
f 2291 2321 2322
f 1789 2323 1824
f 1789 2324 2323
f 1789 2292 2324
f 2292 2322 2324
f 2292 2291 2322
f 2323 2324 2325
f 2323 2326 1824
f 2323 2325 2326
f 1824 2327 1826
f 1824 2326 2327
f 1826 2327 1828
f 1828 2327 2328
f 1828 2328 1829
f 1835 1836 2329
f 1835 2329 1838
f 2330 2332 2331
f 1838 2332 2330
f 1838 2329 2332
f 1838 2330 1840
f 1840 2330 2333
f 1840 2333 1842
f 2330 2334 2333
f 2330 2331 2334
f 2333 2336 2335
f 2333 2334 2336
f 2333 2335 1842
f 1842 2335 1844
f 1844 2335 1793
f 1793 2335 2337
f 1793 2337 2293
f 2335 2336 2337
f 2293 2337 2338
f 2293 2338 2296
f 1813 2339 1846
f 1813 2340 2339
f 1813 2312 2340
f 2312 2311 2340
f 2339 2340 2341
f 2339 2342 1846
f 2339 2341 2342
f 1846 2342 1847
f 2343 2345 2344
f 2343 2346 2345
f 1850 2346 2343
f 1850 1851 2346
f 1850 2343 1817
f 1817 2343 2316
f 2316 2343 2344
f 2316 2344 2315
f 2326 2347 2327
f 2326 2325 2347
f 2327 2347 2348
f 1829 2349 1853
f 1829 2350 2349
f 1829 2328 2350
f 2328 2348 2350
f 2328 2327 2348
f 2349 2350 2351
f 2349 2352 1853
f 2349 2351 2352
f 1853 2353 1854
f 1853 2352 2353
f 1854 2353 1856
f 1856 2353 2354
f 1856 2355 1858
f 1856 2354 2355
f 1858 2355 1860
f 2356 2358 2357
f 1860 2358 2356
f 1860 2355 2358
f 1860 2356 1862
f 1862 2356 2359
f 1862 2359 1863
f 2356 2360 2359
f 2356 2357 2360
f 2359 2362 2361
f 2359 2360 2362
f 2359 2361 1863
f 1863 2361 1864
f 1864 2361 1836
f 1836 2361 2363
f 1836 2363 2329
f 2361 2362 2363
f 2329 2363 2364
f 2329 2364 2332
f 2365 2366 2367
f 2365 2367 2368
f 1866 2368 1867
f 1866 2365 2368
f 1866 1847 2365
f 1847 2342 2365
f 2342 2341 2366
f 2342 2366 2365
f 2369 2371 2370
f 2369 2372 2371
f 1870 2372 2369
f 1870 1871 2372
f 1870 2369 1851
f 1851 2369 2346
f 2346 2369 2370
f 2346 2370 2345
f 2373 2374 2375
f 2373 2375 2376
f 2373 2376 2377
f 2373 2377 2378
f 2352 2378 2353
f 2352 2373 2378
f 2352 2351 2374
f 2352 2374 2373
f 2353 2378 2379
f 2378 2377 2380
f 2378 2380 2379
f 2379 2380 2381
f 2379 2381 2382
f 2354 2382 2355
f 2354 2379 2382
f 2354 2353 2379
f 2355 2384 2383
f 2355 2382 2384
f 2382 2381 2384
f 2355 2383 2358
f 2385 2386 2387
f 2385 2387 2388
f 1874 2388 1875
f 1874 2385 2388
f 1874 1867 2385
f 1867 2368 2385
f 2368 2367 2386
f 2368 2386 2385
f 2389 2391 2390
f 2389 2392 2391
f 1878 2392 2389
f 1878 1879 2392
f 1878 2389 1871
f 1871 2389 2372
f 2372 2389 2390
f 2372 2390 2371
f 2393 2394 2395
f 2393 2395 2396
f 2393 2396 2397
f 2393 2397 2398
f 2393 2398 2399
f 2393 2399 2394
f 2398 2400 2399
f 2398 2401 2400
f 2398 2397 2402
f 2398 2402 2401
f 1882 2402 1883
f 1882 2401 2402
f 1882 1886 2403
f 1882 2403 2401
f 2376 2403 2377
f 2376 2401 2403
f 2376 2375 2400
f 2376 2400 2401
f 2377 2403 2404
f 2403 1886 2404
f 1886 1887 2404
f 1887 1890 2405
f 1887 2405 2404
f 2380 2405 2381
f 2380 2404 2405
f 2380 2377 2404
f 2381 2405 2406
f 2405 1890 2406
f 1890 1891 2407
f 1890 2407 2406
f 2406 2407 2408
f 2406 2408 2409
f 2381 2409 2384
f 2381 2406 2409
f 2408 2410 2409
f 2408 2407 2410
f 2411 2412 2413
f 2411 2413 2414
f 1894 2414 1895
f 1894 2411 2414
f 1894 1875 2411
f 1875 2388 2411
f 2388 2387 2412
f 2388 2412 2411
f 1898 1899 2415
f 1898 2416 1879
f 1898 2415 2416
f 1879 2417 2392
f 1879 2416 2417
f 2392 2417 2391
f 2416 2418 2417
f 2416 2415 2418
f 2419 2420 2421
f 2419 2421 2422
f 1902 2422 1903
f 1902 2419 2422
f 1902 1906 2423
f 1902 2423 2419
f 2419 2423 2424
f 2419 2424 2420
f 2423 2425 2424
f 2423 2426 2425
f 2423 1906 2426
f 1906 1907 2426
f 1907 1910 2427
f 1907 2427 2426
f 2396 2427 2397
f 2396 2426 2427
f 2396 2395 2425
f 2396 2425 2426
f 2397 2427 2428
f 2427 1910 2428
f 1910 1911 2428
f 1911 1883 2428
f 1883 2402 2428
f 2402 2397 2428
f 1891 1914 2429
f 1891 2429 2407
f 2407 2429 2430
f 2429 1914 2430
f 1914 1915 2430
f 1915 1918 2431
f 1915 2431 2430
f 2430 2431 2432
f 2407 2432 2410
f 2407 2430 2432
f 2431 2433 2432
f 2431 2434 2433
f 2431 1918 2434
f 1918 1919 2434
f 2435 2436 2437
f 2435 2437 2438
f 2435 2438 2439
f 2435 2439 2440
f 2435 2440 2441
f 2435 2441 2436
f 2440 2442 2441
f 2440 2443 2442
f 2440 2439 2444
f 2440 2444 2443
f 1922 2444 1923
f 1922 2443 2444
f 1922 1895 2443
f 1895 2414 2443
f 2414 2413 2442
f 2414 2442 2443
f 1899 1926 2445
f 1899 2445 2415
f 2415 2447 2446
f 2415 2445 2447
f 2445 2448 2447
f 2445 1926 2448
f 1926 1927 2448
f 2415 2446 2418
f 2449 2450 2451
f 2449 2451 2452
f 1930 2452 1931
f 1930 2449 2452
f 1930 1934 2453
f 1930 2453 2449
f 2449 2453 2454
f 2449 2454 2450
f 2453 2455 2454
f 2453 2456 2455
f 2453 1934 2456
f 1934 1935 2456
f 1935 1903 2456
f 1903 2422 2456
f 2422 2421 2455
f 2422 2455 2456
f 1919 1938 2457
f 1919 2458 2434
f 1919 2457 2458
f 2434 2458 2433
f 2457 2459 2458
f 2457 2460 2459
f 2457 1938 2460
f 1938 1939 2460
f 2461 2462 2463
f 2461 2463 2464
f 1942 2464 1943
f 1942 2461 2464
f 1942 1946 2465
f 1942 2465 2461
f 2438 2465 2439
f 2438 2461 2465
f 2438 2437 2462
f 2438 2462 2461
f 2439 2465 2466
f 2465 1946 2466
f 1946 1947 2466
f 1947 1923 2466
f 1923 2444 2466
f 2444 2439 2466
f 1950 1951 2467
f 1950 2468 1927
f 1950 2467 2468
f 1927 2469 2448
f 1927 2468 2469
f 2448 2469 2447
f 2468 2470 2469
f 2468 2467 2470
f 2471 2472 2473
f 2471 2473 2474
f 1954 2474 1955
f 1954 2471 2474
f 1954 1958 2475
f 1954 2475 2471
f 2471 2475 2476
f 2471 2476 2472
f 2475 2477 2476
f 2475 2478 2477
f 2475 1958 2478
f 1958 1959 2478
f 1959 1931 2478
f 1931 2452 2478
f 2452 2451 2477
f 2452 2477 2478
f 1939 1962 2479
f 1939 2480 2460
f 1939 2479 2480
f 2460 2480 2459
f 2479 2481 2480
f 2479 2482 2481
f 2479 1962 2482
f 1962 1963 2482
f 2483 2484 2485
f 2483 2485 2486
f 2483 2486 2487
f 2483 2487 2488
f 2483 2488 2489
f 2483 2489 2484
f 2488 2490 2489
f 2488 2491 2490
f 2488 2487 2492
f 2488 2492 2491
f 1966 2492 1967
f 1966 2491 2492
f 1966 1943 2491
f 1943 2464 2491
f 2464 2463 2490
f 2464 2490 2491
f 1951 1971 2493
f 1951 2493 2467
f 2467 2495 2494
f 2467 2493 2495
f 2493 2496 2495
f 2493 1971 2496
f 1971 1972 2496
f 2467 2494 2470
f 2497 2498 2499
f 2497 2499 2500
f 2497 2500 2501
f 2497 2501 2502
f 2497 2502 2503
f 2497 2503 2498
f 2502 2504 2503
f 2502 2505 2504
f 2502 2501 2506
f 2502 2506 2505
f 1974 2506 1975
f 1974 2505 2506
f 1974 1955 2505
f 1955 2474 2505
f 2474 2473 2504
f 2474 2504 2505
f 1978 1979 2507
f 1978 2508 1963
f 1978 2507 2508
f 1963 2509 2482
f 1963 2508 2509
f 2482 2509 2481
f 2508 2510 2509
f 2508 2507 2510
f 2511 2512 2513
f 2511 2513 2514
f 1982 2514 1983
f 1982 2511 2514
f 1982 1987 2515
f 1982 2515 2511
f 2486 2515 2487
f 2486 2511 2515
f 2486 2485 2512
f 2486 2512 2511
f 2487 2515 2516
f 2515 1987 2516
f 1987 1988 2516
f 1988 1967 2516
f 1967 2492 2516
f 2492 2487 2516
f 1992 1993 2517
f 1992 2518 1972
f 1992 2517 2518
f 1972 2519 2496
f 1972 2518 2519
f 2496 2519 2495
f 2518 2520 2519
f 2518 2521 2520
f 2518 2517 2522
f 2518 2522 2521
f 2521 2522 2523
f 2521 2523 2524
f 2521 2524 2525
f 2521 2525 2520
f 2524 2526 2525
f 2524 2527 2526
f 2524 2523 2528
f 2524 2528 2527
f 1996 2528 1997
f 1996 2527 2528
f 1996 2000 2529
f 1996 2529 2527
f 2500 2529 2501
f 2500 2527 2529
f 2500 2499 2526
f 2500 2526 2527
f 2501 2529 2530
f 2529 2000 2530
f 2000 2001 2530
f 2001 1975 2530
f 1975 2506 2530
f 2506 2501 2530
f 1979 2004 2531
f 1979 2531 2507
f 2507 2531 2532
f 2531 2004 2532
f 2004 2005 2533
f 2004 2533 2532
f 2532 2533 2534
f 2532 2534 2535
f 2507 2535 2510
f 2507 2532 2535
f 2534 2536 2535
f 2534 2537 2536
f 2534 2533 2538
f 2534 2538 2537
f 2537 2538 2539
f 2537 2539 2540
f 2537 2540 2541
f 2537 2541 2536
f 2540 2542 2541
f 2540 2543 2542
f 2540 2539 2544
f 2540 2544 2543
f 2008 2544 2009
f 2008 2543 2544
f 2008 1983 2543
f 1983 2514 2543
f 2514 2513 2542
f 2514 2542 2543
f 2014 2015 2545
f 2014 2546 1993
f 2014 2545 2546
f 1993 2546 2517
f 2517 2546 2547
f 2546 2545 2548
f 2546 2548 2547
f 2547 2548 2549
f 2547 2549 2550
f 2522 2550 2523
f 2522 2547 2550
f 2522 2517 2547
f 2523 2550 2551
f 2550 2549 2552
f 2550 2552 2551
f 2018 2552 2019
f 2018 2551 2552
f 2018 1997 2551
f 1997 2528 2551
f 2528 2523 2551
f 2022 2023 2553
f 2022 2554 2005
f 2022 2553 2554
f 2005 2554 2533
f 2533 2554 2555
f 2554 2553 2556
f 2554 2556 2555
f 2555 2556 2557
f 2555 2557 2558
f 2538 2558 2539
f 2538 2555 2558
f 2538 2533 2555
f 2539 2558 2559
f 2558 2557 2560
f 2558 2560 2559
f 2026 2560 2027
f 2026 2559 2560
f 2026 2009 2559
f 2009 2544 2559
f 2544 2539 2559
f 2561 2563 2562
f 2561 2564 2563
f 2031 2564 2561
f 2031 2032 2564
f 2031 2561 2015
f 2015 2561 2565
f 2015 2565 2545
f 2561 2562 2565
f 2545 2565 2566
f 2548 2567 2549
f 2548 2566 2567
f 2548 2545 2566
f 2549 2567 2568
f 2549 2568 2569
f 2569 2568 2570
f 2569 2570 2571
f 2019 2571 2034
f 2019 2569 2571
f 2019 2552 2569
f 2552 2549 2569
f 2034 2571 2572
f 2034 2572 2035
f 2038 2039 2573
f 2038 2573 2042
f 2574 2576 2575
f 2042 2576 2574
f 2042 2573 2576
f 2042 2574 2044
f 2044 2574 2023
f 2023 2574 2577
f 2023 2577 2553
f 2574 2575 2577
f 2553 2577 2578
f 2556 2579 2557
f 2556 2578 2579
f 2556 2553 2578
f 2557 2579 2580
f 2557 2580 2581
f 2581 2580 2582
f 2046 2582 2047
f 2046 2581 2582
f 2046 2027 2581
f 2027 2560 2581
f 2560 2557 2581
f 2052 2053 2583
f 2052 2583 2055
f 2584 2586 2585
f 2055 2586 2584
f 2055 2583 2586
f 2055 2584 2056
f 2056 2584 2032
f 2032 2584 2564
f 2564 2584 2585
f 2564 2585 2563
f 2570 2587 2571
f 2570 2568 2587
f 2571 2587 2588
f 2571 2588 2589
f 2589 2588 2590
f 2058 2590 2059
f 2058 2589 2590
f 2058 2035 2589
f 2035 2572 2589
f 2572 2571 2589
f 2591 2593 2592
f 2591 2594 2593
f 2062 2594 2591
f 2062 2063 2594
f 2062 2591 2039
f 2039 2591 2595
f 2039 2595 2573
f 2591 2592 2595
f 2573 2595 2596
f 2573 2596 2576
f 2597 2598 2599
f 2597 2599 2600
f 2597 2600 2601
f 2047 2601 2065
f 2047 2597 2601
f 2047 2582 2597
f 2582 2580 2598
f 2582 2598 2597
f 2065 2601 2602
f 2065 2602 2066
f 2603 2605 2604
f 2603 2606 2605
f 2070 2606 2603
f 2070 2071 2606
f 2070 2603 2053
f 2053 2603 2607
f 2053 2607 2583
f 2603 2604 2607
f 2583 2607 2608
f 2583 2608 2586
f 2059 2609 2074
f 2059 2610 2609
f 2059 2590 2610
f 2590 2588 2610
f 2609 2610 2611
f 2609 2612 2074
f 2609 2611 2612
f 2074 2612 2075
f 2613 2615 2614
f 2613 2616 2615
f 2078 2616 2613
f 2078 2079 2616
f 2078 2613 2617
f 2078 2617 2082
f 2613 2618 2617
f 2613 2614 2618
f 2617 2620 2619
f 2617 2618 2620
f 2617 2619 2082
f 2082 2619 2084
f 2084 2619 2063
f 2063 2619 2594
f 2594 2619 2620
f 2594 2620 2593
f 2600 2621 2601
f 2600 2599 2621
f 2601 2621 2622
f 2601 2622 2623
f 2623 2622 2624
f 2086 2624 2087
f 2086 2623 2624
f 2086 2066 2623
f 2066 2602 2623
f 2602 2601 2623
f 2090 2091 2625
f 2090 2625 2094
f 2626 2628 2627
f 2094 2628 2626
f 2094 2625 2628
f 2094 2626 2096
f 2096 2626 2071
f 2071 2626 2606
f 2606 2626 2627
f 2606 2627 2605
f 2075 2629 2098
f 2075 2630 2629
f 2075 2612 2630
f 2612 2611 2630
f 2629 2630 2631
f 2629 2632 2098
f 2629 2631 2632
f 2098 2632 2099
f 2633 2635 2634
f 2633 2636 2635
f 2102 2636 2633
f 2102 2103 2636
f 2102 2633 2637
f 2102 2637 2106
f 2633 2638 2637
f 2633 2634 2638
f 2637 2640 2639
f 2637 2638 2640
f 2637 2639 2106
f 2106 2639 2108
f 2108 2639 2079
f 2079 2639 2616
f 2616 2639 2640
f 2616 2640 2615
f 2641 2642 2643
f 2641 2643 2644
f 2641 2644 2645
f 2087 2645 2110
f 2087 2641 2645
f 2087 2624 2641
f 2624 2622 2642
f 2624 2642 2641
f 2110 2645 2646
f 2110 2646 2111
f 2647 2649 2648
f 2647 2650 2649
f 2114 2650 2647
f 2114 2115 2650
f 2114 2647 2091
f 2091 2647 2651
f 2091 2651 2625
f 2647 2648 2651
f 2625 2651 2652
f 2625 2652 2628
f 2099 2653 2118
f 2099 2654 2653
f 2099 2632 2654
f 2632 2631 2654
f 2653 2654 2655
f 2653 2656 2118
f 2653 2655 2656
f 2118 2657 2120
f 2118 2656 2657
f 2120 2657 2122
f 2122 2657 2658
f 2122 2658 2123
f 2126 2127 2659
f 2126 2659 2130
f 2660 2662 2661
f 2130 2662 2660
f 2130 2659 2662
f 2130 2660 2132
f 2132 2660 2663
f 2132 2663 2134
f 2660 2664 2663
f 2660 2661 2664
f 2663 2666 2665
f 2663 2664 2666
f 2663 2665 2134
f 2134 2665 2136
f 2136 2665 2103
f 2103 2665 2636
f 2636 2665 2666
f 2636 2666 2635
f 2644 2667 2645
f 2644 2643 2667
f 2645 2667 2668
f 2645 2668 2669
f 2669 2668 2670
f 2138 2670 2139
f 2138 2669 2670
f 2138 2111 2669
f 2111 2646 2669
f 2646 2645 2669
f 2671 2673 2672
f 2671 2674 2673
f 2142 2674 2671
f 2142 2143 2674
f 2142 2671 2115
f 2115 2671 2650
f 2650 2671 2672
f 2650 2672 2649
f 2656 2675 2657
f 2656 2655 2675
f 2657 2675 2676
f 2657 2676 2677
f 2677 2676 2678
f 2677 2678 2679
f 2123 2679 2146
f 2123 2677 2679
f 2123 2658 2677
f 2658 2657 2677
f 2146 2679 2680
f 2146 2681 2148
f 2146 2680 2681
f 2148 2681 2150
f 2682 2684 2683
f 2150 2684 2682
f 2150 2681 2684
f 2150 2682 2152
f 2152 2682 2127
f 2127 2682 2685
f 2127 2685 2659
f 2682 2683 2685
f 2659 2685 2686
f 2659 2686 2662
f 2687 2688 2689
f 2687 2689 2690
f 2154 2690 2155
f 2154 2687 2690
f 2154 2139 2687
f 2139 2670 2687
f 2670 2668 2688
f 2670 2688 2687
f 2691 2693 2692
f 2691 2694 2693
f 2158 2694 2691
f 2158 2159 2694
f 2158 2691 2143
f 2143 2691 2674
f 2674 2691 2692
f 2674 2692 2673
f 2695 2696 2697
f 2695 2697 2698
f 2695 2698 2699
f 2695 2699 2700
f 2678 2700 2679
f 2678 2695 2700
f 2678 2676 2696
f 2678 2696 2695
f 2679 2700 2701
f 2700 2699 2702
f 2700 2702 2701
f 2701 2702 2703
f 2701 2703 2704
f 2680 2704 2681
f 2680 2701 2704
f 2680 2679 2701
f 2681 2706 2705
f 2681 2704 2706
f 2704 2703 2706
f 2681 2705 2684
f 2707 2708 2709
f 2707 2709 2710
f 2162 2710 2163
f 2162 2707 2710
f 2162 2155 2707
f 2155 2690 2707
f 2690 2689 2708
f 2690 2708 2707
f 2711 2713 2712
f 2711 2714 2713
f 2166 2714 2711
f 2166 2167 2714
f 2166 2711 2159
f 2159 2711 2694
f 2694 2711 2712
f 2694 2712 2693
f 2715 2716 2717
f 2715 2717 2718
f 2715 2718 2719
f 2715 2719 2720
f 2715 2720 2721
f 2715 2721 2716
f 2720 2722 2721
f 2720 2723 2722
f 2720 2719 2724
f 2720 2724 2723
f 2170 2724 2171
f 2170 2723 2724
f 2170 2175 2725
f 2170 2725 2723
f 2723 2725 2726
f 2723 2726 2722
f 2725 2727 2726
f 2725 2728 2727
f 2725 2175 2728
f 2175 2176 2728
f 2176 2180 2729
f 2176 2729 2728
f 2698 2729 2699
f 2698 2728 2729
f 2698 2697 2727
f 2698 2727 2728
f 2699 2729 2730
f 2729 2180 2730
f 2180 2181 2730
f 2181 2184 2731
f 2181 2731 2730
f 2702 2731 2703
f 2702 2730 2731
f 2702 2699 2730
f 2703 2731 2732
f 2731 2184 2732
f 2184 2185 2732
f 2185 2189 2733
f 2185 2733 2732
f 2732 2733 2734
f 2703 2734 2706
f 2703 2732 2734
f 2733 2735 2734
f 2733 2736 2735
f 2733 2189 2736
f 2189 2190 2737
f 2189 2737 2736
f 2736 2737 2738
f 2736 2738 2739
f 2736 2739 2735
f 2738 2740 2739
f 2738 2737 2740
f 2741 2742 2743
f 2741 2743 2744
f 2192 2744 2193
f 2192 2741 2744
f 2192 2163 2741
f 2163 2710 2741
f 2710 2709 2742
f 2710 2742 2741
f 2167 2196 2745
f 2167 2746 2714
f 2167 2745 2746
f 2714 2746 2713
f 2745 2747 2746
f 2745 2748 2747
f 2745 2196 2748
f 2196 2197 2748
f 2749 2750 2751
f 2749 2751 2752
f 2749 2752 2753
f 2749 2753 2754
f 2749 2754 2755
f 2749 2755 2750
f 2754 2756 2755
f 2754 2757 2756
f 2754 2753 2758
f 2754 2758 2757
f 2200 2758 2201
f 2200 2757 2758
f 2200 2204 2759
f 2200 2759 2757
f 2757 2759 2760
f 2757 2760 2756
f 2759 2761 2760
f 2759 2762 2761
f 2759 2204 2762
f 2204 2205 2762
f 2205 2208 2763
f 2205 2763 2762
f 2718 2763 2719
f 2718 2762 2763
f 2718 2717 2761
f 2718 2761 2762
f 2719 2763 2764
f 2763 2208 2764
f 2208 2209 2764
f 2209 2171 2764
f 2171 2724 2764
f 2724 2719 2764
f 2190 2216 2765
f 2190 2765 2737
f 2737 2765 2766
f 2765 2216 2766
f 2216 2217 2766
f 2217 2220 2767
f 2217 2767 2766
f 2766 2767 2768
f 2737 2768 2740
f 2737 2766 2768
f 2767 2769 2768
f 2767 2770 2769
f 2767 2220 2770
f 2220 2221 2771
f 2220 2771 2770
f 2770 2771 2772
f 2770 2772 2773
f 2770 2773 2769
f 2772 2774 2773
f 2772 2771 2774
f 2775 2776 2777
f 2775 2777 2778
f 2224 2778 2225
f 2224 2775 2778
f 2224 2228 2779
f 2224 2779 2775
f 2775 2779 2780
f 2775 2780 2776
f 2779 2781 2780
f 2779 2782 2781
f 2779 2228 2782
f 2228 2229 2782
f 2229 2193 2782
f 2193 2744 2782
f 2744 2743 2781
f 2744 2781 2782
f 2197 2232 2783
f 2197 2784 2748
f 2197 2783 2784
f 2748 2784 2747
f 2783 2785 2784
f 2783 2786 2785
f 2783 2232 2786
f 2232 2233 2786
f 2233 2236 2787
f 2233 2787 2786
f 2786 2787 2788
f 2786 2788 2785
f 2787 2789 2788
f 2787 2790 2789
f 2787 2236 2790
f 2236 2237 2790
f 2237 2240 2791
f 2237 2791 2790
f 2790 2791 2792
f 2790 2792 2789
f 2791 2793 2792
f 2791 2794 2793
f 2791 2240 2794
f 2240 2241 2794
f 2241 2244 2795
f 2241 2795 2794
f 2794 2795 2796
f 2794 2796 2793
f 2795 2797 2796
f 2795 2798 2797
f 2795 2244 2798
f 2244 2245 2798
f 2245 2248 2799
f 2245 2799 2798
f 2752 2799 2753
f 2752 2798 2799
f 2752 2751 2797
f 2752 2797 2798
f 2753 2799 2800
f 2799 2248 2800
f 2248 2249 2800
f 2249 2201 2800
f 2201 2758 2800
f 2758 2753 2800
f 2221 2252 2801
f 2221 2801 2771
f 2771 2801 2802
f 2801 2252 2802
f 2252 2253 2802
f 2253 2256 2803
f 2253 2803 2802
f 2802 2803 2804
f 2771 2804 2774
f 2771 2802 2804
f 2803 2805 2804
f 2803 2806 2805
f 2803 2256 2806
f 2256 2257 2806
f 2257 2260 2807
f 2257 2807 2806
f 2806 2807 2808
f 2806 2808 2805
f 2807 2809 2808
f 2807 2810 2809
f 2807 2260 2810
f 2260 2261 2810
f 2261 2264 2811
f 2261 2811 2810
f 2810 2811 2812
f 2810 2812 2809
f 2811 2813 2812
f 2811 2814 2813
f 2811 2264 2814
f 2264 2265 2814
f 2265 2268 2815
f 2265 2815 2814
f 2814 2815 2816
f 2814 2816 2813
f 2815 2817 2816
f 2815 2818 2817
f 2815 2268 2818
f 2268 2269 2818
f 2269 2225 2818
f 2225 2778 2818
f 2778 2777 2817
f 2778 2817 2818
f 2272 2273 2819
f 2272 2819 2276
f 2820 2822 2821
f 2276 2822 2820
f 2276 2819 2822
f 2276 2820 2278
f 2278 2820 2823
f 2278 2823 2280
f 2820 2824 2823
f 2820 2821 2824
f 2823 2826 2825
f 2823 2824 2826
f 2823 2825 2280
f 2280 2825 2282
f 2282 2825 2827
f 2282 2827 2284
f 2825 2828 2827
f 2825 2826 2828
f 2827 2828 2829
f 2827 2830 2284
f 2827 2829 2830
f 2284 2831 2286
f 2284 2830 2831
f 2286 2831 2288
f 2288 2831 2832
f 2288 2832 2289
f 2295 2296 2833
f 2295 2833 2298
f 2834 2836 2835
f 2298 2836 2834
f 2298 2833 2836
f 2298 2834 2300
f 2300 2834 2837
f 2300 2837 2302
f 2834 2838 2837
f 2834 2835 2838
f 2837 2840 2839
f 2837 2838 2840
f 2837 2839 2302
f 2302 2839 2304
f 2304 2839 2841
f 2304 2841 2306
f 2839 2842 2841
f 2839 2840 2842
f 2841 2842 2843
f 2841 2844 2306
f 2841 2843 2844
f 2306 2845 2308
f 2306 2844 2845
f 2308 2845 2310
f 2310 2845 2846
f 2310 2846 2311
f 2314 2315 2847
f 2314 2847 2318
f 2848 2850 2849
f 2318 2850 2848
f 2318 2847 2850
f 2318 2848 2320
f 2320 2848 2273
f 2273 2848 2851
f 2273 2851 2819
f 2848 2849 2851
f 2819 2851 2852
f 2819 2852 2822
f 2830 2853 2831
f 2830 2829 2853
f 2831 2853 2854
f 2289 2855 2321
f 2289 2856 2855
f 2289 2832 2856
f 2832 2854 2856
f 2832 2831 2854
f 2855 2856 2857
f 2855 2858 2321
f 2855 2857 2858
f 2321 2859 2322
f 2321 2858 2859
f 2322 2859 2324
f 2324 2859 2860
f 2324 2860 2325
f 2331 2332 2861
f 2331 2861 2334
f 2862 2864 2863
f 2334 2864 2862
f 2334 2861 2864
f 2334 2862 2336
f 2336 2862 2865
f 2336 2865 2337
f 2862 2866 2865
f 2862 2863 2866
f 2865 2868 2867
f 2865 2866 2868
f 2865 2867 2337
f 2337 2867 2338
f 2338 2867 2296
f 2296 2867 2869
f 2296 2869 2833
f 2867 2868 2869
f 2833 2869 2870
f 2833 2870 2836
f 2844 2871 2845
f 2844 2843 2871
f 2845 2871 2872
f 2845 2872 2873
f 2873 2872 2874
f 2873 2874 2875
f 2311 2875 2340
f 2311 2873 2875
f 2311 2846 2873
f 2846 2845 2873
f 2340 2875 2876
f 2340 2876 2341
f 2877 2879 2878
f 2877 2880 2879
f 2344 2880 2877
f 2344 2345 2880
f 2344 2877 2315
f 2315 2877 2881
f 2315 2881 2847
f 2877 2878 2881
f 2847 2881 2882
f 2847 2882 2850
f 2858 2883 2859
f 2858 2857 2883
f 2859 2883 2884
f 2859 2884 2885
f 2885 2884 2886
f 2885 2886 2887
f 2325 2887 2347
f 2325 2885 2887
f 2325 2860 2885
f 2860 2859 2885
f 2347 2887 2888
f 2347 2889 2348
f 2347 2888 2889
f 2348 2889 2350
f 2350 2889 2890
f 2350 2890 2351
f 2357 2358 2891
f 2357 2891 2360
f 2360 2891 2892
f 2360 2893 2362
f 2360 2892 2893
f 2362 2893 2363
f 2894 2896 2895
f 2363 2896 2894
f 2363 2893 2896
f 2363 2894 2364
f 2364 2894 2332
f 2332 2894 2897
f 2332 2897 2861
f 2894 2895 2897
f 2861 2897 2898
f 2861 2898 2864
f 2874 2899 2875
f 2874 2872 2899
f 2875 2899 2900
f 2875 2900 2901
f 2901 2900 2902
f 2366 2902 2367
f 2366 2901 2902
f 2366 2341 2901
f 2341 2876 2901
f 2876 2875 2901
f 2903 2905 2904
f 2903 2906 2905
f 2370 2906 2903
f 2370 2371 2906
f 2370 2903 2345
f 2345 2903 2880
f 2880 2903 2904
f 2880 2904 2879
f 2907 2908 2909
f 2907 2909 2910
f 2907 2910 2911
f 2907 2911 2912
f 2886 2912 2887
f 2886 2907 2912
f 2886 2884 2908
f 2886 2908 2907
f 2887 2912 2913
f 2912 2911 2914
f 2912 2914 2913
f 2913 2914 2915
f 2913 2915 2916
f 2888 2916 2889
f 2888 2913 2916
f 2888 2887 2913
f 2889 2916 2917
f 2916 2915 2918
f 2916 2918 2917
f 2374 2918 2375
f 2374 2917 2918
f 2374 2351 2917
f 2351 2890 2917
f 2890 2889 2917
f 2383 2384 2919
f 2383 2920 2358
f 2383 2919 2920
f 2358 2920 2891
f 2891 2920 2921
f 2920 2919 2922
f 2920 2922 2921
f 2921 2922 2923
f 2921 2923 2924
f 2892 2924 2893
f 2892 2921 2924
f 2892 2891 2921
f 2893 2926 2925
f 2893 2924 2926
f 2924 2923 2926
f 2893 2925 2896
f 2927 2928 2929
f 2927 2929 2930
f 2386 2930 2387
f 2386 2927 2930
f 2386 2367 2927
f 2367 2902 2927
f 2902 2900 2928
f 2902 2928 2927
f 2390 2391 2931
f 2390 2932 2371
f 2390 2931 2932
f 2371 2933 2906
f 2371 2932 2933
f 2906 2933 2905
f 2932 2934 2933
f 2932 2931 2934
f 2935 2936 2937
f 2935 2937 2938
f 2935 2938 2939
f 2935 2939 2940
f 2910 2940 2911
f 2910 2935 2940
f 2910 2909 2936
f 2910 2936 2935
f 2911 2940 2941
f 2940 2939 2942
f 2940 2942 2941
f 2394 2942 2395
f 2394 2941 2942
f 2394 2399 2943
f 2394 2943 2941
f 2914 2943 2915
f 2914 2941 2943
f 2914 2911 2941
f 2915 2943 2944
f 2943 2399 2944
f 2399 2400 2944
f 2400 2375 2944
f 2375 2918 2944
f 2918 2915 2944
f 2384 2409 2945
f 2384 2945 2919
f 2919 2945 2946
f 2945 2409 2946
f 2409 2410 2947
f 2409 2947 2946
f 2946 2947 2948
f 2922 2948 2923
f 2922 2946 2948
f 2922 2919 2946
f 2923 2950 2949
f 2923 2948 2950
f 2948 2947 2950
f 2923 2949 2926
f 2951 2952 2953
f 2951 2953 2954
f 2951 2954 2955
f 2951 2955 2956
f 2951 2956 2957
f 2951 2957 2952
f 2956 2958 2957
f 2956 2959 2958
f 2956 2955 2960
f 2956 2960 2959
f 2412 2960 2413
f 2412 2959 2960
f 2412 2387 2959
f 2387 2930 2959
f 2930 2929 2958
f 2930 2958 2959
f 2391 2417 2961
f 2391 2961 2931
f 2931 2963 2962
f 2931 2961 2963
f 2961 2964 2963
f 2961 2417 2964
f 2417 2418 2964
f 2931 2962 2934
f 2965 2966 2967
f 2965 2967 2968
f 2965 2968 2969
f 2965 2969 2970
f 2965 2970 2971
f 2965 2971 2966
f 2970 2972 2971
f 2970 2973 2972
f 2970 2969 2974
f 2970 2974 2973
f 2420 2974 2421
f 2420 2973 2974
f 2420 2424 2975
f 2420 2975 2973
f 2938 2975 2939
f 2938 2973 2975
f 2938 2937 2972
f 2938 2972 2973
f 2939 2975 2976
f 2975 2424 2976
f 2424 2425 2976
f 2425 2395 2976
f 2395 2942 2976
f 2942 2939 2976
f 2410 2432 2977
f 2410 2977 2947
f 2947 2977 2978
f 2977 2432 2978
f 2432 2433 2979
f 2432 2979 2978
f 2978 2979 2980
f 2978 2980 2981
f 2947 2981 2950
f 2947 2978 2981
f 2980 2982 2981
f 2980 2979 2982
f 2983 2984 2985
f 2983 2985 2986
f 2436 2986 2437
f 2436 2983 2986
f 2436 2441 2987
f 2436 2987 2983
f 2954 2987 2955
f 2954 2983 2987
f 2954 2953 2984
f 2954 2984 2983
f 2955 2987 2988
f 2987 2441 2988
f 2441 2442 2988
f 2442 2413 2988
f 2413 2960 2988
f 2960 2955 2988
f 2446 2447 2989
f 2446 2990 2418
f 2446 2989 2990
f 2418 2991 2964
f 2418 2990 2991
f 2964 2991 2963
f 2990 2992 2991
f 2990 2989 2992
f 2993 2994 2995
f 2993 2995 2996
f 2993 2996 2997
f 2993 2997 2998
f 2993 2998 2999
f 2993 2999 2994
f 2998 3000 2999
f 2998 3001 3000
f 2998 2997 3002
f 2998 3002 3001
f 2450 3002 2451
f 2450 3001 3002
f 2450 2454 3003
f 2450 3003 3001
f 2968 3003 2969
f 2968 3001 3003
f 2968 2967 3000
f 2968 3000 3001
f 2969 3003 3004
f 3003 2454 3004
f 2454 2455 3004
f 2455 2421 3004
f 2421 2974 3004
f 2974 2969 3004
f 2433 2458 3005
f 2433 3005 2979
f 2979 3005 3006
f 3005 2458 3006
f 2458 2459 3007
f 2458 3007 3006
f 3006 3007 3008
f 3006 3008 3009
f 2979 3009 2982
f 2979 3006 3009
f 3008 3010 3009
f 3008 3007 3010
f 3011 3012 3013
f 3011 3013 3014
f 3011 3014 3015
f 3011 3015 3016
f 3011 3016 3017
f 3011 3017 3012
f 3016 3018 3017
f 3016 3019 3018
f 3016 3015 3020
f 3016 3020 3019
f 2462 3020 2463
f 2462 3019 3020
f 2462 2437 3019
f 2437 2986 3019
f 2986 2985 3018
f 2986 3018 3019
f 2447 2469 3021
f 2447 3021 2989
f 2989 3021 3022
f 3021 2469 3022
f 2469 2470 3023
f 2469 3023 3022
f 3022 3023 3024
f 3022 3024 3025
f 2989 3025 2992
f 2989 3022 3025
f 3024 3026 3025
f 3024 3027 3026
f 3024 3023 3028
f 3024 3028 3027
f 3027 3028 3029
f 3027 3029 3030
f 3027 3030 3031
f 3027 3031 3026
f 3030 3032 3031
f 3030 3033 3032
f 3030 3029 3034
f 3030 3034 3033
f 3033 3034 3035
f 3033 3035 3036
f 3033 3036 3037
f 3033 3037 3032
f 3036 3038 3037
f 3036 3039 3038
f 3036 3035 3040
f 3036 3040 3039
f 2472 3040 2473
f 2472 3039 3040
f 2472 2476 3041
f 2472 3041 3039
f 2996 3041 2997
f 2996 3039 3041
f 2996 2995 3038
f 2996 3038 3039
f 2997 3041 3042
f 3041 2476 3042
f 2476 2477 3042
f 2477 2451 3042
f 2451 3002 3042
f 3002 2997 3042
f 2459 2480 3043
f 2459 3043 3007
f 3007 3043 3044
f 3043 2480 3044
f 2480 2481 3045
f 2480 3045 3044
f 3044 3045 3046
f 3044 3046 3047
f 3007 3047 3010
f 3007 3044 3047
f 3046 3048 3047
f 3046 3049 3048
f 3046 3045 3050
f 3046 3050 3049
f 3049 3050 3051
f 3049 3051 3052
f 3049 3052 3053
f 3049 3053 3048
f 3052 3054 3053
f 3052 3055 3054
f 3052 3051 3056
f 3052 3056 3055
f 3055 3056 3057
f 3055 3057 3058
f 3055 3058 3059
f 3055 3059 3054
f 3058 3060 3059
f 3058 3061 3060
f 3058 3057 3062
f 3058 3062 3061
f 2484 3062 2485
f 2484 3061 3062
f 2484 2489 3063
f 2484 3063 3061
f 3014 3063 3015
f 3014 3061 3063
f 3014 3013 3060
f 3014 3060 3061
f 3015 3063 3064
f 3063 2489 3064
f 2489 2490 3064
f 2490 2463 3064
f 2463 3020 3064
f 3020 3015 3064
f 2494 2495 3065
f 2494 3066 2470
f 2494 3065 3066
f 2470 3066 3023
f 3023 3066 3067
f 3066 3065 3068
f 3066 3068 3067
f 3067 3068 3069
f 3067 3069 3070
f 3028 3070 3029
f 3028 3067 3070
f 3028 3023 3067
f 3029 3070 3071
f 3070 3069 3072
f 3070 3072 3071
f 2498 3072 2499
f 2498 3071 3072
f 2498 2503 3073
f 2498 3073 3071
f 3034 3073 3035
f 3034 3071 3073
f 3034 3029 3071
f 3035 3073 3074
f 3073 2503 3074
f 2503 2504 3074
f 2504 2473 3074
f 2473 3040 3074
f 3040 3035 3074
f 2481 2509 3075
f 2481 3075 3045
f 3045 3075 3076
f 3075 2509 3076
f 2509 2510 3077
f 2509 3077 3076
f 3076 3077 3078
f 3050 3078 3051
f 3050 3076 3078
f 3050 3045 3076
f 3051 3078 3079
f 3078 3077 3080
f 3078 3080 3079
f 3079 3080 3081
f 3079 3081 3082
f 3056 3082 3057
f 3056 3079 3082
f 3056 3051 3079
f 3057 3082 3083
f 3082 3081 3084
f 3082 3084 3083
f 2512 3084 2513
f 2512 3083 3084
f 2512 2485 3083
f 2485 3062 3083
f 3062 3057 3083
f 2495 2519 3085
f 2495 3085 3065
f 3065 3085 3086
f 3085 2519 3086
f 2519 2520 3086
f 2520 2525 3087
f 2520 3087 3086
f 3068 3087 3069
f 3068 3086 3087
f 3068 3065 3086
f 3069 3087 3088
f 3087 2525 3088
f 2525 2526 3088
f 2526 2499 3088
f 2499 3072 3088
f 3072 3069 3088
f 2510 2535 3089
f 2510 3089 3077
f 3077 3089 3090
f 3089 2535 3090
f 2535 2536 3090
f 2536 2541 3091
f 2536 3091 3090
f 3080 3091 3081
f 3080 3090 3091
f 3080 3077 3090
f 3081 3091 3092
f 3091 2541 3092
f 2541 2542 3092
f 2542 2513 3092
f 2513 3084 3092
f 3084 3081 3092
f 2562 2563 3093
f 2562 3093 2565
f 2565 3093 3094
f 2565 3095 2566
f 2565 3094 3095
f 2566 3095 2567
f 2567 3095 3096
f 2567 3096 2568
f 2575 2576 3097
f 2575 3097 2577
f 2577 3097 3098
f 2577 3099 2578
f 2577 3098 3099
f 2578 3099 2579
f 2579 3099 3100
f 2579 3100 2580
f 2585 2586 3101
f 2585 3102 2563
f 2585 3101 3102
f 2563 3102 3093
f 3093 3102 3103
f 3102 3101 3104
f 3102 3104 3103
f 3103 3104 3105
f 3103 3105 3106
f 3094 3106 3095
f 3094 3103 3106
f 3094 3093 3103
f 3095 3106 3107
f 3106 3105 3108
f 3106 3108 3107
f 3107 3108 3109
f 2568 3109 2587
f 2568 3107 3109
f 2568 3096 3107
f 3096 3095 3107
f 2587 3109 3110
f 2587 3110 2588
f 2592 2593 3111
f 2592 3111 2595
f 2595 3111 3112
f 2595 3113 2596
f 2595 3112 3113
f 2596 3114 2576
f 2596 3113 3114
f 2576 3114 3097
f 3097 3114 3115
f 3114 3113 3116
f 3114 3116 3115
f 3115 3116 3117
f 3115 3117 3118
f 3098 3118 3099
f 3098 3115 3118
f 3098 3097 3115
f 3099 3118 3119
f 3118 3117 3120
f 3118 3120 3119
f 2598 3120 2599
f 2598 3119 3120
f 2598 2580 3119
f 2580 3100 3119
f 3100 3099 3119
f 2604 2605 3121
f 2604 3121 2607
f 3122 3124 3123
f 2607 3124 3122
f 2607 3121 3124
f 2607 3122 2608
f 2608 3122 2586
f 2586 3122 3125
f 2586 3125 3101
f 3122 3123 3125
f 3101 3125 3126
f 3104 3127 3105
f 3104 3126 3127
f 3104 3101 3126
f 3105 3127 3128
f 3108 3129 3109
f 3108 3128 3129
f 3108 3105 3128
f 3109 3129 3130
f 3109 3130 3131
f 3131 3130 3132
f 3131 3132 3133
f 2588 3133 2610
f 2588 3131 3133
f 2588 3110 3131
f 3110 3109 3131
f 2610 3133 3134
f 2610 3134 2611
f 2614 2615 3135
f 2614 3135 2618
f 3136 3138 3137
f 2618 3138 3136
f 2618 3135 3138
f 2618 3136 2620
f 2620 3136 2593
f 2593 3136 3139
f 2593 3139 3111
f 3136 3137 3139
f 3111 3139 3140
f 3112 3141 3113
f 3112 3140 3141
f 3112 3111 3140
f 3113 3141 3142
f 3116 3143 3117
f 3116 3142 3143
f 3116 3113 3142
f 3117 3143 3144
f 3117 3144 3145
f 3145 3144 3146
f 3145 3146 3147
f 2599 3147 2621
f 2599 3145 3147
f 2599 3120 3145
f 3120 3117 3145
f 2621 3147 3148
f 2621 3148 2622
f 3149 3151 3150
f 3149 3152 3151
f 2627 3152 3149
f 2627 2628 3152
f 2627 3149 2605
f 2605 3149 3153
f 2605 3153 3121
f 3149 3150 3153
f 3121 3153 3154
f 3121 3154 3124
f 3132 3155 3133
f 3132 3130 3155
f 3133 3155 3156
f 3133 3156 3157
f 3157 3156 3158
f 3157 3158 3159
f 2611 3159 2630
f 2611 3157 3159
f 2611 3134 3157
f 3134 3133 3157
f 2630 3159 3160
f 2630 3160 2631
f 2634 2635 3161
f 2634 3161 2638
f 3162 3164 3163
f 2638 3164 3162
f 2638 3161 3164
f 2638 3162 2640
f 2640 3162 2615
f 2615 3162 3165
f 2615 3165 3135
f 3162 3163 3165
f 3135 3165 3166
f 3135 3166 3138
f 3146 3167 3147
f 3146 3144 3167
f 3147 3167 3168
f 3147 3168 3169
f 3169 3168 3170
f 2642 3170 2643
f 2642 3169 3170
f 2642 2622 3169
f 2622 3148 3169
f 3148 3147 3169
f 2648 2649 3171
f 2648 3171 2651
f 3172 3174 3173
f 2651 3174 3172
f 2651 3171 3174
f 2651 3172 2652
f 2652 3172 2628
f 2628 3172 3152
f 3152 3172 3173
f 3152 3173 3151
f 3158 3175 3159
f 3158 3156 3175
f 3159 3175 3176
f 3159 3176 3177
f 3177 3176 3178
f 3177 3178 3179
f 2631 3179 2654
f 2631 3177 3179
f 2631 3160 3177
f 3160 3159 3177
f 2654 3179 3180
f 2654 3180 2655
f 2661 2662 3181
f 2661 3181 2664
f 3182 3184 3183
f 2664 3184 3182
f 2664 3181 3184
f 2664 3182 2666
f 2666 3182 2635
f 2635 3182 3185
f 2635 3185 3161
f 3182 3183 3185
f 3161 3185 3186
f 3161 3186 3164
f 3187 3188 3189
f 3187 3189 3190
f 3187 3190 3191
f 2643 3191 2667
f 2643 3187 3191
f 2643 3170 3187
f 3170 3168 3188
f 3170 3188 3187
f 2667 3191 3192
f 2667 3192 2668
f 3193 3195 3194
f 3193 3196 3195
f 2672 3196 3193
f 2672 2673 3196
f 2672 3193 2649
f 2649 3193 3197
f 2649 3197 3171
f 3193 3194 3197
f 3171 3197 3198
f 3171 3198 3174
f 3199 3200 3201
f 3199 3201 3202
f 3199 3202 3203
f 3199 3203 3204
f 3178 3204 3179
f 3178 3199 3204
f 3178 3176 3200
f 3178 3200 3199
f 3179 3204 3205
f 3204 3203 3206
f 3204 3206 3205
f 3205 3206 3207
f 2655 3207 2675
f 2655 3205 3207
f 2655 3180 3205
f 3180 3179 3205
f 2675 3207 3208
f 2675 3208 2676
f 2683 2684 3209
f 2683 3209 2685
f 2685 3209 3210
f 2685 3211 2686
f 2685 3210 3211
f 2686 3212 2662
f 2686 3211 3212
f 2662 3212 3181
f 3181 3214 3213
f 3181 3212 3214
f 3212 3211 3214
f 3181 3213 3184
f 3190 3215 3191
f 3190 3189 3215
f 3191 3215 3216
f 3191 3216 3217
f 3217 3216 3218
f 2688 3218 2689
f 2688 3217 3218
f 2688 2668 3217
f 2668 3192 3217
f 3192 3191 3217
f 3219 3221 3220
f 3219 3222 3221
f 2692 3222 3219
f 2692 2693 3222
f 2692 3219 2673
f 2673 3219 3196
f 3196 3219 3220
f 3196 3220 3195
f 3223 3224 3225
f 3223 3225 3226
f 3223 3226 3227
f 3223 3227 3228
f 3202 3228 3203
f 3202 3223 3228
f 3202 3201 3224
f 3202 3224 3223
f 3203 3228 3229
f 3228 3227 3230
f 3228 3230 3229
f 3229 3230 3231
f 3229 3231 3232
f 3206 3232 3207
f 3206 3229 3232
f 3206 3203 3229
f 3207 3232 3233
f 3232 3231 3234
f 3232 3234 3233
f 2696 3234 2697
f 2696 3233 3234
f 2696 2676 3233
f 2676 3208 3233
f 3208 3207 3233
f 2705 2706 3235
f 2705 3236 2684
f 2705 3235 3236
f 2684 3236 3209
f 3209 3236 3237
f 3236 3235 3238
f 3236 3238 3237
f 3237 3238 3239
f 3237 3239 3240
f 3210 3240 3211
f 3210 3237 3240
f 3210 3209 3237
f 3211 3242 3241
f 3211 3240 3242
f 3240 3239 3242
f 3211 3241 3214
f 3243 3244 3245
f 3243 3245 3246
f 2708 3246 2709
f 2708 3243 3246
f 2708 2689 3243
f 2689 3218 3243
f 3218 3216 3244
f 3218 3244 3243
f 2712 2713 3247
f 2712 3248 2693
f 2712 3247 3248
f 2693 3249 3222
f 2693 3248 3249
f 3222 3249 3221
f 3248 3250 3249
f 3248 3247 3250
f 3251 3252 3253
f 3251 3253 3254
f 3251 3254 3255
f 3251 3255 3256
f 3251 3256 3257
f 3251 3257 3252
f 3256 3258 3257
f 3256 3259 3258
f 3256 3255 3260
f 3256 3260 3259
f 2716 3260 2717
f 2716 3259 3260
f 2716 2721 3261
f 2716 3261 3259
f 3226 3261 3227
f 3226 3259 3261
f 3226 3225 3258
f 3226 3258 3259
f 3227 3261 3262
f 3261 2721 3262
f 2721 2722 3262
f 2722 2726 3263
f 2722 3263 3262
f 3230 3263 3231
f 3230 3262 3263
f 3230 3227 3262
f 3231 3263 3264
f 3263 2726 3264
f 2726 2727 3264
f 2727 2697 3264
f 2697 3234 3264
f 3234 3231 3264
f 2706 2734 3265
f 2706 3265 3235
f 3235 3265 3266
f 3265 2734 3266
f 2734 2735 3266
f 2735 2739 3267
f 2735 3267 3266
f 3238 3267 3239
f 3238 3266 3267
f 3238 3235 3266
f 3239 3267 3268
f 3267 2739 3268
f 2739 2740 3269
f 2739 3269 3268
f 3268 3269 3270
f 3268 3270 3271
f 3239 3271 3242
f 3239 3268 3271
f 3270 3272 3271
f 3270 3269 3272
f 3273 3274 3275
f 3273 3275 3276
f 3273 3276 3277
f 3273 3277 3278
f 3273 3278 3279
f 3273 3279 3274
f 3278 3280 3279
f 3278 3281 3280
f 3278 3277 3282
f 3278 3282 3281
f 2742 3282 2743
f 2742 3281 3282
f 2742 2709 3281
f 2709 3246 3281
f 3246 3245 3280
f 3246 3280 3281
f 2713 2746 3283
f 2713 3283 3247
f 3247 3283 3284
f 3283 2746 3284
f 2746 2747 3285
f 2746 3285 3284
f 3284 3285 3286
f 3284 3286 3287
f 3247 3287 3250
f 3247 3284 3287
f 3286 3288 3287
f 3286 3285 3288
f 3289 3290 3291
f 3289 3291 3292
f 3289 3292 3293
f 3289 3293 3294
f 3289 3294 3295
f 3289 3295 3290
f 3294 3296 3295
f 3294 3297 3296
f 3294 3293 3298
f 3294 3298 3297
f 2750 3298 2751
f 2750 3297 3298
f 2750 2755 3299
f 2750 3299 3297
f 3297 3299 3300
f 3297 3300 3296
f 3299 3301 3300
f 3299 3302 3301
f 3299 2755 3302
f 2755 2756 3302
f 2756 2760 3303
f 2756 3303 3302
f 3254 3303 3255
f 3254 3302 3303
f 3254 3253 3301
f 3254 3301 3302
f 3255 3303 3304
f 3303 2760 3304
f 2760 2761 3304
f 2761 2717 3304
f 2717 3260 3304
f 3260 3255 3304
f 2740 2768 3305
f 2740 3305 3269
f 3269 3305 3306
f 3305 2768 3306
f 2768 2769 3306
f 2769 2773 3307
f 2769 3307 3306
f 3306 3307 3308
f 3269 3308 3272
f 3269 3306 3308
f 3307 3309 3308
f 3307 3310 3309
f 3307 2773 3310
f 2773 2774 3311
f 2773 3311 3310
f 3310 3311 3312
f 3310 3312 3313
f 3310 3313 3309
f 3312 3314 3313
f 3312 3311 3314
f 3315 3316 3317
f 3315 3317 3318
f 3315 3318 3319
f 3315 3319 3320
f 3315 3320 3321
f 3315 3321 3316
f 3320 3322 3321
f 3320 3323 3322
f 3320 3319 3324
f 3320 3324 3323
f 2776 3324 2777
f 2776 3323 3324
f 2776 2780 3325
f 2776 3325 3323
f 3276 3325 3277
f 3276 3323 3325
f 3276 3275 3322
f 3276 3322 3323
f 3277 3325 3326
f 3325 2780 3326
f 2780 2781 3326
f 2781 2743 3326
f 2743 3282 3326
f 3282 3277 3326
f 2747 2784 3327
f 2747 3327 3285
f 3285 3327 3328
f 3327 2784 3328
f 2784 2785 3328
f 2785 2788 3329
f 2785 3329 3328
f 3328 3329 3330
f 3285 3330 3288
f 3285 3328 3330
f 3329 3331 3330
f 3329 3332 3331
f 3329 2788 3332
f 2788 2789 3332
f 2789 2792 3333
f 2789 3333 3332
f 3332 3333 3334
f 3332 3334 3331
f 3333 3335 3334
f 3333 3336 3335
f 3333 2792 3336
f 2792 2793 3336
f 2793 2796 3337
f 2793 3337 3336
f 3292 3337 3293
f 3292 3336 3337
f 3292 3291 3335
f 3292 3335 3336
f 3293 3337 3338
f 3337 2796 3338
f 2796 2797 3338
f 2797 2751 3338
f 2751 3298 3338
f 3298 3293 3338
f 2774 2804 3339
f 2774 3339 3311
f 3311 3339 3340
f 3339 2804 3340
f 2804 2805 3340
f 2805 2808 3341
f 2805 3341 3340
f 3340 3341 3342
f 3311 3342 3314
f 3311 3340 3342
f 3341 3343 3342
f 3341 3344 3343
f 3341 2808 3344
f 2808 2809 3344
f 2809 2812 3345
f 2809 3345 3344
f 3344 3345 3346
f 3344 3346 3343
f 3345 3347 3346
f 3345 3348 3347
f 3345 2812 3348
f 2812 2813 3348
f 2813 2816 3349
f 2813 3349 3348
f 3318 3349 3319
f 3318 3348 3349
f 3318 3317 3347
f 3318 3347 3348
f 3319 3349 3350
f 3349 2816 3350
f 2816 2817 3350
f 2817 2777 3350
f 2777 3324 3350
f 3324 3319 3350
f 2821 2822 3351
f 2821 3351 2824
f 2824 3351 3352
f 2824 3353 2826
f 2824 3352 3353
f 2826 3353 2828
f 2828 3353 3354
f 2828 3354 2829
f 2835 2836 3355
f 2835 3355 2838
f 2838 3355 3356
f 2838 3357 2840
f 2838 3356 3357
f 2840 3357 2842
f 2842 3357 3358
f 2842 3358 2843
f 3359 3361 3360
f 3359 3362 3361
f 2849 3362 3359
f 2849 2850 3362
f 2849 3359 3363
f 2849 3363 2851
f 3359 3364 3363
f 3359 3360 3364
f 3363 3366 3365
f 3363 3364 3366
f 3363 3365 2851
f 2851 3365 2852
f 2852 3365 2822
f 2822 3365 3367
f 2822 3367 3351
f 3365 3366 3367
f 3351 3367 3368
f 3352 3369 3353
f 3352 3368 3369
f 3352 3351 3368
f 3353 3369 3370
f 2829 3371 2853
f 2829 3372 3371
f 2829 3354 3372
f 3354 3370 3372
f 3354 3353 3370
f 3371 3372 3373
f 3371 3374 2853
f 3371 3373 3374
f 2853 3375 2854
f 2853 3374 3375
f 2854 3375 2856
f 2856 3375 3376
f 2856 3376 2857
f 2863 2864 3377
f 2863 3377 2866
f 3378 3380 3379
f 2866 3380 3378
f 2866 3377 3380
f 2866 3378 2868
f 2868 3378 3381
f 2868 3381 2869
f 3378 3382 3381
f 3378 3379 3382
f 3381 3384 3383
f 3381 3382 3384
f 3381 3383 2869
f 2869 3383 2870
f 2870 3383 2836
f 2836 3383 3385
f 2836 3385 3355
f 3383 3384 3385
f 3355 3385 3386
f 3356 3387 3357
f 3356 3386 3387
f 3356 3355 3386
f 3357 3387 3388
f 2843 3389 2871
f 2843 3390 3389
f 2843 3358 3390
f 3358 3388 3390
f 3358 3357 3388
f 3389 3390 3391
f 3389 3392 2871
f 3389 3391 3392
f 2871 3392 2872
f 2878 2879 3393
f 2878 3393 2881
f 3394 3396 3395
f 2881 3396 3394
f 2881 3393 3396
f 2881 3394 2882
f 2882 3394 2850
f 2850 3394 3362
f 3362 3394 3395
f 3362 3395 3361
f 3374 3397 3375
f 3374 3373 3397
f 3375 3397 3398
f 3375 3398 3399
f 3399 3398 3400
f 3399 3400 3401
f 2857 3401 2883
f 2857 3399 3401
f 2857 3376 3399
f 3376 3375 3399
f 2883 3401 3402
f 2883 3402 2884
f 2895 2896 3403
f 2895 3403 2897
f 3404 3406 3405
f 2897 3406 3404
f 2897 3403 3406
f 2897 3404 2898
f 2898 3404 2864
f 2864 3404 3407
f 2864 3407 3377
f 3404 3405 3407
f 3377 3407 3408
f 3377 3408 3380
f 3409 3410 3411
f 3409 3411 3412
f 3409 3412 3413
f 2872 3413 2899
f 2872 3409 3413
f 2872 3392 3409
f 3392 3391 3410
f 3392 3410 3409
f 2899 3413 3414
f 2899 3414 2900
f 2904 2905 3415
f 2904 3416 2879
f 2904 3415 3416
f 2879 3416 3393
f 3393 3418 3417
f 3393 3416 3418
f 3416 3415 3418
f 3393 3417 3396
f 3419 3420 3421
f 3419 3421 3422
f 3419 3422 3423
f 3419 3423 3424
f 3400 3424 3401
f 3400 3419 3424
f 3400 3398 3420
f 3400 3420 3419
f 3401 3424 3425
f 3424 3423 3426
f 3424 3426 3425
f 2908 3426 2909
f 2908 3425 3426
f 2908 2884 3425
f 2884 3402 3425
f 3402 3401 3425
f 2925 2926 3427
f 2925 3428 2896
f 2925 3427 3428
f 2896 3428 3403
f 3403 3430 3429
f 3403 3428 3430
f 3428 3427 3430
f 3403 3429 3406
f 3431 3432 3433
f 3431 3433 3434
f 3431 3434 3435
f 3431 3435 3436
f 3412 3436 3413
f 3412 3431 3436
f 3412 3411 3432
f 3412 3432 3431
f 3413 3436 3437
f 3436 3435 3438
f 3436 3438 3437
f 2928 3438 2929
f 2928 3437 3438
f 2928 2900 3437
f 2900 3414 3437
f 3414 3413 3437
f 2905 2933 3439
f 2905 3439 3415
f 3415 3441 3440
f 3415 3439 3441
f 3439 3442 3441
f 3439 2933 3442
f 2933 2934 3442
f 3415 3440 3418
f 3443 3444 3445
f 3443 3445 3446
f 3443 3446 3447
f 3443 3447 3448
f 3422 3448 3423
f 3422 3443 3448
f 3422 3421 3444
f 3422 3444 3443
f 3423 3448 3449
f 3448 3447 3450
f 3448 3450 3449
f 2936 3450 2937
f 2936 3449 3450
f 2936 2909 3449
f 2909 3426 3449
f 3426 3423 3449
f 2949 2950 3451
f 2949 3452 2926
f 2949 3451 3452
f 2926 3452 3427
f 3427 3454 3453
f 3427 3452 3454
f 3452 3451 3454
f 3427 3453 3430
f 3455 3456 3457
f 3455 3457 3458
f 2952 3458 2953
f 2952 3455 3458
f 2952 2957 3459
f 2952 3459 3455
f 3434 3459 3435
f 3434 3455 3459
f 3434 3433 3456
f 3434 3456 3455
f 3435 3459 3460
f 3459 2957 3460
f 2957 2958 3460
f 2958 2929 3460
f 2929 3438 3460
f 3438 3435 3460
f 2962 2963 3461
f 2962 3462 2934
f 2962 3461 3462
f 2934 3463 3442
f 2934 3462 3463
f 3442 3463 3441
f 3462 3464 3463
f 3462 3461 3464
f 3465 3466 3467
f 3465 3467 3468
f 3465 3468 3469
f 3465 3469 3470
f 3465 3470 3471
f 3465 3471 3466
f 3470 3472 3471
f 3470 3473 3472
f 3470 3469 3474
f 3470 3474 3473
f 2966 3474 2967
f 2966 3473 3474
f 2966 2971 3475
f 2966 3475 3473
f 3446 3475 3447
f 3446 3473 3475
f 3446 3445 3472
f 3446 3472 3473
f 3447 3475 3476
f 3475 2971 3476
f 2971 2972 3476
f 2972 2937 3476
f 2937 3450 3476
f 3450 3447 3476
f 2950 2981 3477
f 2950 3477 3451
f 3451 3477 3478
f 3477 2981 3478
f 2981 2982 3479
f 2981 3479 3478
f 3478 3479 3480
f 3478 3480 3481
f 3451 3481 3454
f 3451 3478 3481
f 3480 3482 3481
f 3480 3479 3482
f 3483 3484 3485
f 3483 3485 3486
f 3483 3486 3487
f 3483 3487 3488
f 3483 3488 3489
f 3483 3489 3484
f 3488 3490 3489
f 3488 3491 3490
f 3488 3487 3492
f 3488 3492 3491
f 2984 3492 2985
f 2984 3491 3492
f 2984 2953 3491
f 2953 3458 3491
f 3458 3457 3490
f 3458 3490 3491
f 2963 2991 3493
f 2963 3493 3461
f 3461 3493 3494
f 3493 2991 3494
f 2991 2992 3495
f 2991 3495 3494
f 3494 3495 3496
f 3494 3496 3497
f 3461 3497 3464
f 3461 3494 3497
f 3496 3498 3497
f 3496 3499 3498
f 3496 3495 3500
f 3496 3500 3499
f 3499 3500 3501
f 3499 3501 3502
f 3499 3502 3503
f 3499 3503 3498
f 3502 3504 3503
f 3502 3505 3504
f 3502 3501 3506
f 3502 3506 3505
f 3505 3506 3507
f 3505 3507 3508
f 3505 3508 3509
f 3505 3509 3504
f 3508 3510 3509
f 3508 3511 3510
f 3508 3507 3512
f 3508 3512 3511
f 2994 3512 2995
f 2994 3511 3512
f 2994 2999 3513
f 2994 3513 3511
f 3468 3513 3469
f 3468 3511 3513
f 3468 3467 3510
f 3468 3510 3511
f 3469 3513 3514
f 3513 2999 3514
f 2999 3000 3514
f 3000 2967 3514
f 2967 3474 3514
f 3474 3469 3514
f 2982 3009 3515
f 2982 3515 3479
f 3479 3515 3516
f 3515 3009 3516
f 3009 3010 3517
f 3009 3517 3516
f 3516 3517 3518
f 3516 3518 3519
f 3479 3519 3482
f 3479 3516 3519
f 3518 3520 3519
f 3518 3521 3520
f 3518 3517 3522
f 3518 3522 3521
f 3521 3522 3523
f 3521 3523 3524
f 3521 3524 3525
f 3521 3525 3520
f 3524 3526 3525
f 3524 3527 3526
f 3524 3523 3528
f 3524 3528 3527
f 3527 3528 3529
f 3527 3529 3530
f 3527 3530 3531
f 3527 3531 3526
f 3530 3532 3531
f 3530 3533 3532
f 3530 3529 3534
f 3530 3534 3533
f 3012 3534 3013
f 3012 3533 3534
f 3012 3017 3535
f 3012 3535 3533
f 3486 3535 3487
f 3486 3533 3535
f 3486 3485 3532
f 3486 3532 3533
f 3487 3535 3536
f 3535 3017 3536
f 3017 3018 3536
f 3018 2985 3536
f 2985 3492 3536
f 3492 3487 3536
f 2992 3025 3537
f 2992 3537 3495
f 3495 3537 3538
f 3537 3025 3538
f 3025 3026 3538
f 3026 3031 3539
f 3026 3539 3538
f 3500 3539 3501
f 3500 3538 3539
f 3500 3495 3538
f 3501 3539 3540
f 3539 3031 3540
f 3031 3032 3540
f 3032 3037 3541
f 3032 3541 3540
f 3506 3541 3507
f 3506 3540 3541
f 3506 3501 3540
f 3507 3541 3542
f 3541 3037 3542
f 3037 3038 3542
f 3038 2995 3542
f 2995 3512 3542
f 3512 3507 3542
f 3010 3047 3543
f 3010 3543 3517
f 3517 3543 3544
f 3543 3047 3544
f 3047 3048 3544
f 3048 3053 3545
f 3048 3545 3544
f 3522 3545 3523
f 3522 3544 3545
f 3522 3517 3544
f 3523 3545 3546
f 3545 3053 3546
f 3053 3054 3546
f 3054 3059 3547
f 3054 3547 3546
f 3528 3547 3529
f 3528 3546 3547
f 3528 3523 3546
f 3529 3547 3548
f 3547 3059 3548
f 3059 3060 3548
f 3060 3013 3548
f 3013 3534 3548
f 3534 3529 3548
f 3123 3124 3549
f 3123 3549 3125
f 3125 3549 3550
f 3125 3551 3126
f 3125 3550 3551
f 3126 3551 3127
f 3127 3551 3552
f 3127 3553 3128
f 3127 3552 3553
f 3128 3553 3129
f 3129 3553 3554
f 3129 3554 3130
f 3137 3138 3555
f 3137 3555 3139
f 3139 3555 3556
f 3139 3557 3140
f 3139 3556 3557
f 3140 3557 3141
f 3141 3557 3558
f 3141 3559 3142
f 3141 3558 3559
f 3142 3559 3143
f 3143 3559 3560
f 3143 3560 3144
f 3150 3151 3561
f 3150 3561 3153
f 3562 3564 3563
f 3153 3564 3562
f 3153 3561 3564
f 3153 3562 3154
f 3154 3562 3124
f 3124 3562 3565
f 3124 3565 3549
f 3562 3563 3565
f 3549 3565 3566
f 3550 3567 3551
f 3550 3566 3567
f 3550 3549 3566
f 3551 3567 3568
f 3552 3569 3553
f 3552 3568 3569
f 3552 3551 3568
f 3553 3569 3570
f 3553 3570 3571
f 3571 3570 3572
f 3571 3572 3573
f 3130 3573 3155
f 3130 3571 3573
f 3130 3554 3571
f 3554 3553 3571
f 3155 3573 3574
f 3155 3574 3156
f 3163 3164 3575
f 3163 3575 3165
f 3576 3578 3577
f 3165 3578 3576
f 3165 3575 3578
f 3165 3576 3166
f 3166 3576 3138
f 3138 3576 3579
f 3138 3579 3555
f 3576 3577 3579
f 3555 3579 3580
f 3556 3581 3557
f 3556 3580 3581
f 3556 3555 3580
f 3557 3581 3582
f 3558 3583 3559
f 3558 3582 3583
f 3558 3557 3582
f 3559 3583 3584
f 3559 3584 3585
f 3585 3584 3586
f 3585 3586 3587
f 3144 3587 3167
f 3144 3585 3587
f 3144 3560 3585
f 3560 3559 3585
f 3167 3587 3588
f 3167 3588 3168
f 3589 3591 3590
f 3589 3592 3591
f 3173 3592 3589
f 3173 3174 3592
f 3173 3589 3151
f 3151 3589 3593
f 3151 3593 3561
f 3589 3590 3593
f 3561 3593 3594
f 3561 3594 3564
f 3572 3595 3573
f 3572 3570 3595
f 3573 3595 3596
f 3573 3596 3597
f 3597 3596 3598
f 3597 3598 3599
f 3156 3599 3175
f 3156 3597 3599
f 3156 3574 3597
f 3574 3573 3597
f 3175 3599 3600
f 3175 3600 3176
f 3183 3184 3601
f 3183 3601 3185
f 3602 3604 3603
f 3185 3604 3602
f 3185 3601 3604
f 3185 3602 3186
f 3186 3602 3164
f 3164 3602 3605
f 3164 3605 3575
f 3602 3603 3605
f 3575 3605 3606
f 3575 3606 3578
f 3586 3607 3587
f 3586 3584 3607
f 3587 3607 3608
f 3587 3608 3609
f 3609 3608 3610
f 3188 3610 3189
f 3188 3609 3610
f 3188 3168 3609
f 3168 3588 3609
f 3588 3587 3609
f 3194 3195 3611
f 3194 3611 3197
f 3612 3614 3613
f 3197 3614 3612
f 3197 3611 3614
f 3197 3612 3198
f 3198 3612 3174
f 3174 3612 3592
f 3592 3612 3613
f 3592 3613 3591
f 3615 3616 3617
f 3615 3617 3618
f 3615 3618 3619
f 3615 3619 3620
f 3598 3620 3599
f 3598 3615 3620
f 3598 3596 3616
f 3598 3616 3615
f 3599 3620 3621
f 3620 3619 3622
f 3620 3622 3621
f 3200 3622 3201
f 3200 3621 3622
f 3200 3176 3621
f 3176 3600 3621
f 3600 3599 3621
f 3213 3214 3623
f 3213 3624 3184
f 3213 3623 3624
f 3184 3624 3601
f 3601 3626 3625
f 3601 3624 3626
f 3624 3623 3626
f 3601 3625 3604
f 3627 3628 3629
f 3627 3629 3630
f 3627 3630 3631
f 3189 3631 3215
f 3189 3627 3631
f 3189 3610 3627
f 3610 3608 3628
f 3610 3628 3627
f 3215 3631 3632
f 3215 3632 3216
f 3220 3221 3633
f 3220 3634 3195
f 3220 3633 3634
f 3195 3634 3611
f 3611 3636 3635
f 3611 3634 3636
f 3634 3633 3636
f 3611 3635 3614
f 3637 3638 3639
f 3637 3639 3640
f 3637 3640 3641
f 3637 3641 3642
f 3618 3642 3619
f 3618 3637 3642
f 3618 3617 3638
f 3618 3638 3637
f 3619 3642 3643
f 3642 3641 3644
f 3642 3644 3643
f 3224 3644 3225
f 3224 3643 3644
f 3224 3201 3643
f 3201 3622 3643
f 3622 3619 3643
f 3241 3242 3645
f 3241 3646 3214
f 3241 3645 3646
f 3214 3646 3623
f 3623 3648 3647
f 3623 3646 3648
f 3646 3645 3648
f 3623 3647 3626
f 3649 3650 3651
f 3649 3651 3652
f 3649 3652 3653
f 3649 3653 3654
f 3630 3654 3631
f 3630 3649 3654
f 3630 3629 3650
f 3630 3650 3649
f 3631 3654 3655
f 3654 3653 3656
f 3654 3656 3655
f 3244 3656 3245
f 3244 3655 3656
f 3244 3216 3655
f 3216 3632 3655
f 3632 3631 3655
f 3221 3249 3657
f 3221 3657 3633
f 3633 3659 3658
f 3633 3657 3659
f 3657 3660 3659
f 3657 3249 3660
f 3249 3250 3660
f 3633 3658 3636
f 3661 3662 3663
f 3661 3663 3664
f 3661 3664 3665
f 3661 3665 3666
f 3661 3666 3667
f 3661 3667 3662
f 3666 3668 3667
f 3666 3669 3668
f 3666 3665 3670
f 3666 3670 3669
f 3252 3670 3253
f 3252 3669 3670
f 3252 3257 3671
f 3252 3671 3669
f 3640 3671 3641
f 3640 3669 3671
f 3640 3639 3668
f 3640 3668 3669
f 3641 3671 3672
f 3671 3257 3672
f 3257 3258 3672
f 3258 3225 3672
f 3225 3644 3672
f 3644 3641 3672
f 3242 3271 3673
f 3242 3673 3645
f 3645 3673 3674
f 3673 3271 3674
f 3271 3272 3675
f 3271 3675 3674
f 3674 3675 3676
f 3674 3676 3677
f 3645 3677 3648
f 3645 3674 3677
f 3676 3678 3677
f 3676 3675 3678
f 3679 3680 3681
f 3679 3681 3682
f 3274 3682 3275
f 3274 3679 3682
f 3274 3279 3683
f 3274 3683 3679
f 3652 3683 3653
f 3652 3679 3683
f 3652 3651 3680
f 3652 3680 3679
f 3653 3683 3684
f 3683 3279 3684
f 3279 3280 3684
f 3280 3245 3684
f 3245 3656 3684
f 3656 3653 3684
f 3250 3287 3685
f 3250 3686 3660
f 3250 3685 3686
f 3660 3686 3659
f 3685 3687 3686
f 3685 3688 3687
f 3685 3287 3688
f 3287 3288 3689
f 3287 3689 3688
f 3688 3689 3690
f 3688 3690 3691
f 3688 3691 3687
f 3690 3692 3691
f 3690 3693 3692
f 3690 3689 3694
f 3690 3694 3693
f 3693 3694 3695
f 3693 3695 3696
f 3693 3696 3697
f 3693 3697 3692
f 3696 3698 3697
f 3696 3699 3698
f 3696 3695 3700
f 3696 3700 3699
f 3290 3700 3291
f 3290 3699 3700
f 3290 3295 3701
f 3290 3701 3699
f 3699 3701 3702
f 3699 3702 3698
f 3701 3703 3702
f 3701 3704 3703
f 3701 3295 3704
f 3295 3296 3704
f 3296 3300 3705
f 3296 3705 3704
f 3664 3705 3665
f 3664 3704 3705
f 3664 3663 3703
f 3664 3703 3704
f 3665 3705 3706
f 3705 3300 3706
f 3300 3301 3706
f 3301 3253 3706
f 3253 3670 3706
f 3670 3665 3706
f 3272 3308 3707
f 3272 3707 3675
f 3675 3707 3708
f 3707 3308 3708
f 3308 3309 3708
f 3309 3313 3709
f 3309 3709 3708
f 3708 3709 3710
f 3675 3710 3678
f 3675 3708 3710
f 3709 3711 3710
f 3709 3712 3711
f 3709 3313 3712
f 3313 3314 3713
f 3313 3713 3712
f 3712 3713 3714
f 3712 3714 3715
f 3712 3715 3711
f 3714 3716 3715
f 3714 3717 3716
f 3714 3713 3718
f 3714 3718 3717
f 3717 3718 3719
f 3717 3719 3720
f 3717 3720 3721
f 3717 3721 3716
f 3720 3722 3721
f 3720 3723 3722
f 3720 3719 3724
f 3720 3724 3723
f 3316 3724 3317
f 3316 3723 3724
f 3316 3321 3725
f 3316 3725 3723
f 3723 3725 3726
f 3723 3726 3722
f 3725 3727 3726
f 3725 3728 3727
f 3725 3321 3728
f 3321 3322 3728
f 3322 3275 3728
f 3275 3682 3728
f 3682 3681 3727
f 3682 3727 3728
f 3288 3330 3729
f 3288 3729 3689
f 3689 3729 3730
f 3729 3330 3730
f 3330 3331 3730
f 3331 3334 3731
f 3331 3731 3730
f 3694 3731 3695
f 3694 3730 3731
f 3694 3689 3730
f 3695 3731 3732
f 3731 3334 3732
f 3334 3335 3732
f 3335 3291 3732
f 3291 3700 3732
f 3700 3695 3732
f 3314 3342 3733
f 3314 3733 3713
f 3713 3733 3734
f 3733 3342 3734
f 3342 3343 3734
f 3343 3346 3735
f 3343 3735 3734
f 3718 3735 3719
f 3718 3734 3735
f 3718 3713 3734
f 3719 3735 3736
f 3735 3346 3736
f 3346 3347 3736
f 3347 3317 3736
f 3317 3724 3736
f 3724 3719 3736
f 3360 3361 3737
f 3360 3737 3364
f 3738 3740 3739
f 3364 3740 3738
f 3364 3737 3740
f 3364 3738 3366
f 3366 3738 3741
f 3366 3741 3367
f 3738 3742 3741
f 3738 3739 3742
f 3741 3744 3743
f 3741 3742 3744
f 3741 3743 3367
f 3367 3743 3368
f 3368 3743 3745
f 3368 3745 3369
f 3743 3746 3745
f 3743 3744 3746
f 3745 3746 3747
f 3745 3748 3369
f 3745 3747 3748
f 3369 3749 3370
f 3369 3748 3749
f 3370 3749 3372
f 3372 3749 3750
f 3372 3750 3373
f 3379 3380 3751
f 3379 3751 3382
f 3752 3754 3753
f 3382 3754 3752
f 3382 3751 3754
f 3382 3752 3384
f 3384 3752 3755
f 3384 3755 3385
f 3752 3756 3755
f 3752 3753 3756
f 3755 3758 3757
f 3755 3756 3758
f 3755 3757 3385
f 3385 3757 3386
f 3386 3757 3759
f 3386 3759 3387
f 3757 3760 3759
f 3757 3758 3760
f 3759 3760 3761
f 3759 3762 3387
f 3759 3761 3762
f 3387 3763 3388
f 3387 3762 3763
f 3388 3763 3390
f 3390 3763 3764
f 3390 3764 3391
f 3765 3767 3766
f 3765 3768 3767
f 3395 3768 3765
f 3395 3396 3768
f 3395 3765 3361
f 3361 3765 3769
f 3361 3769 3737
f 3765 3766 3769
f 3737 3769 3770
f 3737 3770 3740
f 3748 3771 3749
f 3748 3747 3771
f 3749 3771 3772
f 3749 3772 3773
f 3773 3772 3774
f 3773 3774 3775
f 3373 3775 3397
f 3373 3773 3775
f 3373 3750 3773
f 3750 3749 3773
f 3397 3775 3776
f 3397 3776 3398
f 3405 3406 3777
f 3405 3777 3407
f 3778 3780 3779
f 3407 3780 3778
f 3407 3777 3780
f 3407 3778 3408
f 3408 3778 3380
f 3380 3778 3781
f 3380 3781 3751
f 3778 3779 3781
f 3751 3781 3782
f 3751 3782 3754
f 3762 3783 3763
f 3762 3761 3783
f 3763 3783 3784
f 3763 3784 3785
f 3785 3784 3786
f 3410 3786 3411
f 3410 3785 3786
f 3410 3391 3785
f 3391 3764 3785
f 3764 3763 3785
f 3787 3789 3788
f 3787 3790 3789
f 3417 3790 3787
f 3417 3418 3790
f 3417 3787 3396
f 3396 3787 3768
f 3768 3787 3788
f 3768 3788 3767
f 3791 3792 3793
f 3791 3793 3794
f 3791 3794 3795
f 3791 3795 3796
f 3774 3796 3775
f 3774 3791 3796
f 3774 3772 3792
f 3774 3792 3791
f 3775 3796 3797
f 3796 3795 3798
f 3796 3798 3797
f 3420 3798 3421
f 3420 3797 3798
f 3420 3398 3797
f 3398 3776 3797
f 3776 3775 3797
f 3429 3430 3799
f 3429 3800 3406
f 3429 3799 3800
f 3406 3800 3777
f 3777 3802 3801
f 3777 3800 3802
f 3800 3799 3802
f 3777 3801 3780
f 3803 3804 3805
f 3803 3805 3806
f 3432 3806 3433
f 3432 3803 3806
f 3432 3411 3803
f 3411 3786 3803
f 3786 3784 3804
f 3786 3804 3803
f 3440 3441 3807
f 3440 3808 3418
f 3440 3807 3808
f 3418 3809 3790
f 3418 3808 3809
f 3790 3809 3789
f 3808 3810 3809
f 3808 3807 3810
f 3811 3812 3813
f 3811 3813 3814
f 3811 3814 3815
f 3811 3815 3816
f 3794 3816 3795
f 3794 3811 3816
f 3794 3793 3812
f 3794 3812 3811
f 3795 3816 3817
f 3816 3815 3818
f 3816 3818 3817
f 3444 3818 3445
f 3444 3817 3818
f 3444 3421 3817
f 3421 3798 3817
f 3798 3795 3817
f 3453 3454 3819
f 3453 3820 3430
f 3453 3819 3820
f 3430 3820 3799
f 3799 3822 3821
f 3799 3820 3822
f 3820 3819 3822
f 3799 3821 3802
f 3823 3824 3825
f 3823 3825 3826
f 3823 3826 3827
f 3823 3827 3828
f 3823 3828 3829
f 3823 3829 3824
f 3828 3830 3829
f 3828 3831 3830
f 3828 3827 3832
f 3828 3832 3831
f 3456 3832 3457
f 3456 3831 3832
f 3456 3433 3831
f 3433 3806 3831
f 3806 3805 3830
f 3806 3830 3831
f 3441 3463 3833
f 3441 3833 3807
f 3807 3833 3834
f 3833 3463 3834
f 3463 3464 3835
f 3463 3835 3834
f 3834 3835 3836
f 3834 3836 3837
f 3807 3837 3810
f 3807 3834 3837
f 3836 3838 3837
f 3836 3839 3838
f 3836 3835 3840
f 3836 3840 3839
f 3839 3840 3841
f 3839 3841 3842
f 3839 3842 3843
f 3839 3843 3838
f 3842 3844 3843
f 3842 3845 3844
f 3842 3841 3846
f 3842 3846 3845
f 3845 3846 3847
f 3845 3847 3848
f 3845 3848 3849
f 3845 3849 3844
f 3848 3850 3849
f 3848 3851 3850
f 3848 3847 3852
f 3848 3852 3851
f 3466 3852 3467
f 3466 3851 3852
f 3466 3471 3853
f 3466 3853 3851
f 3814 3853 3815
f 3814 3851 3853
f 3814 3813 3850
f 3814 3850 3851
f 3815 3853 3854
f 3853 3471 3854
f 3471 3472 3854
f 3472 3445 3854
f 3445 3818 3854
f 3818 3815 3854
f 3454 3481 3855
f 3454 3855 3819
f 3819 3855 3856
f 3855 3481 3856
f 3481 3482 3857
f 3481 3857 3856
f 3856 3857 3858
f 3856 3858 3859
f 3819 3859 3822
f 3819 3856 3859
f 3858 3860 3859
f 3858 3861 3860
f 3858 3857 3862
f 3858 3862 3861
f 3861 3862 3863
f 3861 3863 3864
f 3861 3864 3865
f 3861 3865 3860
f 3864 3866 3865
f 3864 3867 3866
f 3864 3863 3868
f 3864 3868 3867
f 3867 3868 3869
f 3867 3869 3870
f 3867 3870 3871
f 3867 3871 3866
f 3870 3872 3871
f 3870 3873 3872
f 3870 3869 3874
f 3870 3874 3873
f 3484 3874 3485
f 3484 3873 3874
f 3484 3489 3875
f 3484 3875 3873
f 3826 3875 3827
f 3826 3873 3875
f 3826 3825 3872
f 3826 3872 3873
f 3827 3875 3876
f 3875 3489 3876
f 3489 3490 3876
f 3490 3457 3876
f 3457 3832 3876
f 3832 3827 3876
f 3464 3497 3877
f 3464 3877 3835
f 3835 3877 3878
f 3877 3497 3878
f 3497 3498 3878
f 3498 3503 3879
f 3498 3879 3878
f 3840 3879 3841
f 3840 3878 3879
f 3840 3835 3878
f 3841 3879 3880
f 3879 3503 3880
f 3503 3504 3880
f 3504 3509 3881
f 3504 3881 3880
f 3846 3881 3847
f 3846 3880 3881
f 3846 3841 3880
f 3847 3881 3882
f 3881 3509 3882
f 3509 3510 3882
f 3510 3467 3882
f 3467 3852 3882
f 3852 3847 3882
f 3482 3519 3883
f 3482 3883 3857
f 3857 3883 3884
f 3883 3519 3884
f 3519 3520 3884
f 3520 3525 3885
f 3520 3885 3884
f 3862 3885 3863
f 3862 3884 3885
f 3862 3857 3884
f 3863 3885 3886
f 3885 3525 3886
f 3525 3526 3886
f 3526 3531 3887
f 3526 3887 3886
f 3868 3887 3869
f 3868 3886 3887
f 3868 3863 3886
f 3869 3887 3888
f 3887 3531 3888
f 3531 3532 3888
f 3532 3485 3888
f 3485 3874 3888
f 3874 3869 3888
f 3563 3564 3889
f 3563 3889 3565
f 3565 3889 3890
f 3565 3891 3566
f 3565 3890 3891
f 3566 3891 3567
f 3567 3891 3892
f 3567 3893 3568
f 3567 3892 3893
f 3568 3893 3569
f 3569 3893 3894
f 3569 3894 3570
f 3577 3578 3895
f 3577 3895 3579
f 3579 3895 3896
f 3579 3897 3580
f 3579 3896 3897
f 3580 3897 3581
f 3581 3897 3898
f 3581 3899 3582
f 3581 3898 3899
f 3582 3899 3583
f 3583 3899 3900
f 3583 3900 3584
f 3590 3591 3901
f 3590 3901 3593
f 3902 3904 3903
f 3593 3904 3902
f 3593 3901 3904
f 3593 3902 3594
f 3594 3902 3564
f 3564 3902 3905
f 3564 3905 3889
f 3902 3903 3905
f 3889 3905 3906
f 3890 3907 3891
f 3890 3906 3907
f 3890 3889 3906
f 3891 3907 3908
f 3892 3909 3893
f 3892 3908 3909
f 3892 3891 3908
f 3893 3909 3910
f 3893 3910 3911
f 3911 3910 3912
f 3911 3912 3913
f 3570 3913 3595
f 3570 3911 3913
f 3570 3894 3911
f 3894 3893 3911
f 3595 3913 3914
f 3595 3914 3596
f 3603 3604 3915
f 3603 3915 3605
f 3916 3918 3917
f 3605 3918 3916
f 3605 3915 3918
f 3605 3916 3606
f 3606 3916 3578
f 3578 3916 3919
f 3578 3919 3895
f 3916 3917 3919
f 3895 3919 3920
f 3896 3921 3897
f 3896 3920 3921
f 3896 3895 3920
f 3897 3921 3922
f 3898 3923 3899
f 3898 3922 3923
f 3898 3897 3922
f 3899 3923 3924
f 3899 3924 3925
f 3925 3924 3926
f 3925 3926 3927
f 3584 3927 3607
f 3584 3925 3927
f 3584 3900 3925
f 3900 3899 3925
f 3607 3927 3928
f 3607 3928 3608
f 3929 3931 3930
f 3929 3932 3931
f 3613 3932 3929
f 3613 3614 3932
f 3613 3929 3591
f 3591 3929 3933
f 3591 3933 3901
f 3929 3930 3933
f 3901 3933 3934
f 3901 3934 3904
f 3935 3936 3937
f 3935 3937 3938
f 3935 3938 3939
f 3935 3939 3940
f 3912 3940 3913
f 3912 3935 3940
f 3912 3910 3936
f 3912 3936 3935
f 3913 3940 3941
f 3940 3939 3942
f 3940 3942 3941
f 3616 3942 3617
f 3616 3941 3942
f 3616 3596 3941
f 3596 3914 3941
f 3914 3913 3941
f 3625 3626 3943
f 3625 3944 3604
f 3625 3943 3944
f 3604 3944 3915
f 3915 3946 3945
f 3915 3944 3946
f 3944 3943 3946
f 3915 3945 3918
f 3926 3947 3927
f 3926 3924 3947
f 3927 3947 3948
f 3927 3948 3949
f 3949 3948 3950
f 3628 3950 3629
f 3628 3949 3950
f 3628 3608 3949
f 3608 3928 3949
f 3928 3927 3949
f 3951 3953 3952
f 3951 3954 3953
f 3635 3954 3951
f 3635 3636 3954
f 3635 3951 3614
f 3614 3951 3932
f 3932 3951 3952
f 3932 3952 3931
f 3955 3956 3957
f 3955 3957 3958
f 3955 3958 3959
f 3955 3959 3960
f 3938 3960 3939
f 3938 3955 3960
f 3938 3937 3956
f 3938 3956 3955
f 3939 3960 3961
f 3960 3959 3962
f 3960 3962 3961
f 3638 3962 3639
f 3638 3961 3962
f 3638 3617 3961
f 3617 3942 3961
f 3942 3939 3961
f 3647 3648 3963
f 3647 3964 3626
f 3647 3963 3964
f 3626 3964 3943
f 3943 3966 3965
f 3943 3964 3966
f 3964 3963 3966
f 3943 3965 3946
f 3967 3968 3969
f 3967 3969 3970
f 3650 3970 3651
f 3650 3967 3970
f 3650 3629 3967
f 3629 3950 3967
f 3950 3948 3968
f 3950 3968 3967
f 3658 3659 3971
f 3658 3972 3636
f 3658 3971 3972
f 3636 3973 3954
f 3636 3972 3973
f 3954 3973 3953
f 3972 3974 3973
f 3972 3971 3974
f 3975 3976 3977
f 3975 3977 3978
f 3975 3978 3979
f 3975 3979 3980
f 3975 3980 3981
f 3975 3981 3976
f 3980 3982 3981
f 3980 3983 3982
f 3980 3979 3984
f 3980 3984 3983
f 3662 3984 3663
f 3662 3983 3984
f 3662 3667 3985
f 3662 3985 3983
f 3958 3985 3959
f 3958 3983 3985
f 3958 3957 3982
f 3958 3982 3983
f 3959 3985 3986
f 3985 3667 3986
f 3667 3668 3986
f 3668 3639 3986
f 3639 3962 3986
f 3962 3959 3986
f 3648 3677 3987
f 3648 3987 3963
f 3963 3987 3988
f 3987 3677 3988
f 3677 3678 3989
f 3677 3989 3988
f 3988 3989 3990
f 3988 3990 3991
f 3963 3991 3966
f 3963 3988 3991
f 3990 3992 3991
f 3990 3989 3992
f 3993 3994 3995
f 3993 3995 3996
f 3993 3996 3997
f 3993 3997 3998
f 3993 3998 3999
f 3993 3999 3994
f 3998 4000 3999
f 3998 4001 4000
f 3998 3997 4002
f 3998 4002 4001
f 3680 4002 3681
f 3680 4001 4002
f 3680 3651 4001
f 3651 3970 4001
f 3970 3969 4000
f 3970 4000 4001
f 3659 3686 4003
f 3659 4003 3971
f 3971 4003 4004
f 4003 3686 4004
f 3686 3687 4004
f 3687 3691 4005
f 3687 4005 4004
f 4004 4005 4006
f 3971 4006 3974
f 3971 4004 4006
f 4005 4007 4006
f 4005 4008 4007
f 4005 3691 4008
f 3691 3692 4008
f 3692 3697 4009
f 3692 4009 4008
f 4008 4009 4010
f 4008 4010 4007
f 4009 4011 4010
f 4009 4012 4011
f 4009 3697 4012
f 3697 3698 4012
f 3698 3702 4013
f 3698 4013 4012
f 3978 4013 3979
f 3978 4012 4013
f 3978 3977 4011
f 3978 4011 4012
f 3979 4013 4014
f 4013 3702 4014
f 3702 3703 4014
f 3703 3663 4014
f 3663 3984 4014
f 3984 3979 4014
f 3678 3710 4015
f 3678 4015 3989
f 3989 4015 4016
f 4015 3710 4016
f 3710 3711 4016
f 3711 3715 4017
f 3711 4017 4016
f 4016 4017 4018
f 3989 4018 3992
f 3989 4016 4018
f 4017 4019 4018
f 4017 4020 4019
f 4017 3715 4020
f 3715 3716 4020
f 3716 3721 4021
f 3716 4021 4020
f 4020 4021 4022
f 4020 4022 4019
f 4021 4023 4022
f 4021 4024 4023
f 4021 3721 4024
f 3721 3722 4024
f 3722 3726 4025
f 3722 4025 4024
f 3996 4025 3997
f 3996 4024 4025
f 3996 3995 4023
f 3996 4023 4024
f 3997 4025 4026
f 4025 3726 4026
f 3726 3727 4026
f 3727 3681 4026
f 3681 4002 4026
f 4002 3997 4026
f 4027 4029 4028
f 4027 4030 4029
f 3739 4030 4027
f 3739 3740 4030
f 3739 4027 4031
f 3739 4031 3742
f 4027 4032 4031
f 4027 4028 4032
f 4031 4032 4033
f 4031 4034 3742
f 4031 4033 4034
f 3742 4035 3744
f 3742 4034 4035
f 3744 4035 3746
f 3746 4035 4036
f 3746 4036 3747
f 3753 3754 4037
f 3753 4037 3756
f 4038 4040 4039
f 3756 4040 4038
f 3756 4037 4040
f 3756 4038 3758
f 3758 4038 4041
f 3758 4041 3760
f 4038 4042 4041
f 4038 4039 4042
f 4041 4042 4043
f 4041 4044 3760
f 4041 4043 4044
f 3760 4044 3761
f 4045 4047 4046
f 4045 4048 4047
f 3766 4048 4045
f 3766 3767 4048
f 3766 4045 4049
f 3766 4049 3769
f 4045 4050 4049
f 4045 4046 4050
f 4049 4052 4051
f 4049 4050 4052
f 4049 4051 3769
f 3769 4051 3770
f 3770 4051 3740
f 3740 4051 4030
f 4030 4051 4052
f 4030 4052 4029
f 4034 4053 4035
f 4034 4033 4053
f 4035 4053 4054
f 3747 4055 3771
f 3747 4056 4055
f 3747 4036 4056
f 4036 4054 4056
f 4036 4035 4054
f 4055 4056 4057
f 4055 4058 3771
f 4055 4057 4058
f 3771 4058 3772
f 4059 4061 4060
f 4059 4062 4061
f 3779 4062 4059
f 3779 3780 4062
f 3779 4059 4063
f 3779 4063 3781
f 4059 4064 4063
f 4059 4060 4064
f 4063 4066 4065
f 4063 4064 4066
f 4063 4065 3781
f 3781 4065 3782
f 3782 4065 3754
f 3754 4065 4067
f 3754 4067 4037
f 4065 4066 4067
f 4037 4067 4068
f 4037 4068 4040
f 3761 4069 3783
f 3761 4070 4069
f 3761 4044 4070
f 4044 4043 4070
f 4069 4070 4071
f 4069 4072 3783
f 4069 4071 4072
f 3783 4072 3784
f 3788 3789 4073
f 3788 4074 3767
f 3788 4073 4074
f 3767 4075 4048
f 3767 4074 4075
f 4048 4075 4047
f 4074 4076 4075
f 4074 4073 4076
f 4077 4078 4079
f 4077 4079 4080
f 3792 4080 3793
f 3792 4077 4080
f 3792 3772 4077
f 3772 4058 4077
f 4058 4057 4078
f 4058 4078 4077
f 4081 4083 4082
f 4081 4084 4083
f 3801 4084 4081
f 3801 3802 4084
f 3801 4081 3780
f 3780 4081 4062
f 4062 4081 4082
f 4062 4082 4061
f 4085 4086 4087
f 4085 4087 4088
f 4085 4088 4089
f 4085 4089 4090
f 4085 4090 4091
f 4085 4091 4086
f 4090 4092 4091
f 4090 4093 4092
f 4090 4089 4094
f 4090 4094 4093
f 3804 4094 3805
f 3804 4093 4094
f 3804 3784 4093
f 3784 4072 4093
f 4072 4071 4092
f 4072 4092 4093
f 3789 3809 4095
f 3789 4095 4073
f 4073 4097 4096
f 4073 4095 4097
f 4095 4098 4097
f 4095 3809 4098
f 3809 3810 4098
f 4073 4096 4076
f 4099 4100 4101
f 4099 4101 4102
f 4099 4102 4103
f 4099 4103 4104
f 4099 4104 4105
f 4099 4105 4100
f 4104 4106 4105
f 4104 4107 4106
f 4104 4103 4108
f 4104 4108 4107
f 3812 4108 3813
f 3812 4107 4108
f 3812 3793 4107
f 3793 4080 4107
f 4080 4079 4106
f 4080 4106 4107
f 3821 3822 4109
f 3821 4110 3802
f 3821 4109 4110
f 3802 4111 4084
f 3802 4110 4111
f 4084 4111 4083
f 4110 4112 4111
f 4110 4109 4112
f 4113 4114 4115
f 4113 4115 4116
f 3824 4116 3825
f 3824 4113 4116
f 3824 3829 4117
f 3824 4117 4113
f 4088 4117 4089
f 4088 4113 4117
f 4088 4087 4114
f 4088 4114 4113
f 4089 4117 4118
f 4117 3829 4118
f 3829 3830 4118
f 3830 3805 4118
f 3805 4094 4118
f 4094 4089 4118
f 3810 3837 4119
f 3810 4120 4098
f 3810 4119 4120
f 4098 4120 4097
f 4119 4121 4120
f 4119 4122 4121
f 4119 3837 4122
f 3837 3838 4122
f 3838 3843 4123
f 3838 4123 4122
f 4122 4123 4124
f 4122 4124 4121
f 4123 4125 4124
f 4123 4126 4125
f 4123 3843 4126
f 3843 3844 4126
f 3844 3849 4127
f 3844 4127 4126
f 4102 4127 4103
f 4102 4126 4127
f 4102 4101 4125
f 4102 4125 4126
f 4103 4127 4128
f 4127 3849 4128
f 3849 3850 4128
f 3850 3813 4128
f 3813 4108 4128
f 4108 4103 4128
f 3822 3859 4129
f 3822 4129 4109
f 4109 4129 4130
f 4129 3859 4130
f 3859 3860 4130
f 3860 3865 4131
f 3860 4131 4130
f 4130 4131 4132
f 4109 4132 4112
f 4109 4130 4132
f 4131 4133 4132
f 4131 4134 4133
f 4131 3865 4134
f 3865 3866 4134
f 3866 3871 4135
f 3866 4135 4134
f 4134 4135 4136
f 4134 4136 4133
f 4135 4137 4136
f 4135 4138 4137
f 4135 3871 4138
f 3871 3872 4138
f 3872 3825 4138
f 3825 4116 4138
f 4116 4115 4137
f 4116 4137 4138
f 4139 4141 4140
f 4139 4142 4141
f 3903 4142 4139
f 3903 3904 4142
f 3903 4139 4143
f 3903 4143 3905
f 4139 4144 4143
f 4139 4140 4144
f 4143 4146 4145
f 4143 4144 4146
f 4143 4145 3905
f 3905 4145 3906
f 3906 4145 4147
f 3906 4147 3907
f 4145 4148 4147
f 4145 4146 4148
f 4147 4148 4149
f 4147 4150 3907
f 4147 4149 4150
f 3907 4151 3908
f 3907 4150 4151
f 3908 4151 3909
f 3909 4151 4152
f 3909 4152 3910
f 3917 3918 4153
f 3917 4153 3919
f 4154 4156 4155
f 3919 4156 4154
f 3919 4153 4156
f 3919 4154 3920
f 3920 4154 4157
f 3920 4157 3921
f 4154 4158 4157
f 4154 4155 4158
f 4157 4160 4159
f 4157 4158 4160
f 4157 4159 3921
f 3921 4159 3922
f 3922 4159 4161
f 3922 4161 3923
f 4159 4162 4161
f 4159 4160 4162
f 4161 4162 4163
f 4161 4164 3923
f 4161 4163 4164
f 3923 4164 3924
f 3930 3931 4165
f 3930 4165 3933
f 4166 4168 4167
f 3933 4168 4166
f 3933 4165 4168
f 3933 4166 3934
f 3934 4166 3904
f 3904 4166 4142
f 4142 4166 4167
f 4142 4167 4141
f 4150 4169 4151
f 4150 4149 4169
f 4151 4169 4170
f 4151 4170 4171
f 4171 4170 4172
f 3936 4172 3937
f 3936 4171 4172
f 3936 3910 4171
f 3910 4152 4171
f 4152 4151 4171
f 4173 4175 4174
f 4173 4176 4175
f 3945 4176 4173
f 3945 3946 4176
f 3945 4173 3918
f 3918 4173 4177
f 3918 4177 4153
f 4173 4174 4177
f 4153 4177 4178
f 4153 4178 4156
f 4179 4180 4181
f 4179 4181 4182
f 4179 4182 4183
f 3924 4183 3947
f 3924 4179 4183
f 3924 4164 4179
f 4164 4163 4180
f 4164 4180 4179
f 3947 4183 4184
f 3947 4184 3948
f 4185 4187 4186
f 4185 4188 4187
f 3952 4188 4185
f 3952 3953 4188
f 3952 4185 3931
f 3931 4185 4189
f 3931 4189 4165
f 4185 4186 4189
f 4165 4189 4190
f 4165 4190 4168
f 4191 4192 4193
f 4191 4193 4194
f 3956 4194 3957
f 3956 4191 4194
f 3956 3937 4191
f 3937 4172 4191
f 4172 4170 4192
f 4172 4192 4191
f 4195 4197 4196
f 4195 4198 4197
f 3965 4198 4195
f 3965 3966 4198
f 3965 4195 3946
f 3946 4195 4176
f 4176 4195 4196
f 4176 4196 4175
f 4182 4199 4183
f 4182 4181 4199
f 4183 4199 4200
f 4183 4200 4201
f 4201 4200 4202
f 3968 4202 3969
f 3968 4201 4202
f 3968 3948 4201
f 3948 4184 4201
f 4184 4183 4201
f 3953 3973 4203
f 3953 4204 4188
f 3953 4203 4204
f 4188 4204 4187
f 4203 4205 4204
f 4203 4206 4205
f 4203 3973 4206
f 3973 3974 4206
f 4207 4208 4209
f 4207 4209 4210
f 4207 4210 4211
f 4207 4211 4212
f 4207 4212 4213
f 4207 4213 4208
f 4212 4214 4213
f 4212 4215 4214
f 4212 4211 4216
f 4212 4216 4215
f 3976 4216 3977
f 3976 4215 4216
f 3976 3981 4217
f 3976 4217 4215
f 4215 4217 4218
f 4215 4218 4214
f 4217 4219 4218
f 4217 4220 4219
f 4217 3981 4220
f 3981 3982 4220
f 3982 3957 4220
f 3957 4194 4220
f 4194 4193 4219
f 4194 4219 4220
f 3966 3991 4221
f 3966 4222 4198
f 3966 4221 4222
f 4198 4222 4197
f 4221 4223 4222
f 4221 4224 4223
f 4221 3991 4224
f 3991 3992 4225
f 3991 4225 4224
f 4224 4225 4226
f 4224 4226 4227
f 4224 4227 4223
f 4226 4228 4227
f 4226 4225 4228
f 4229 4230 4231
f 4229 4231 4232
f 3994 4232 3995
f 3994 4229 4232
f 3994 3999 4233
f 3994 4233 4229
f 4229 4233 4234
f 4229 4234 4230
f 4233 4235 4234
f 4233 4236 4235
f 4233 3999 4236
f 3999 4000 4236
f 4000 3969 4236
f 3969 4202 4236
f 4202 4200 4235
f 4202 4235 4236
f 3974 4006 4237
f 3974 4238 4206
f 3974 4237 4238
f 4206 4238 4205
f 4237 4239 4238
f 4237 4240 4239
f 4237 4006 4240
f 4006 4007 4240
f 4007 4010 4241
f 4007 4241 4240
f 4210 4241 4211
f 4210 4240 4241
f 4210 4209 4239
f 4210 4239 4240
f 4211 4241 4242
f 4241 4010 4242
f 4010 4011 4242
f 4011 3977 4242
f 3977 4216 4242
f 4216 4211 4242
f 3992 4018 4243
f 3992 4243 4225
f 4225 4243 4244
f 4243 4018 4244
f 4018 4019 4244
f 4019 4022 4245
f 4019 4245 4244
f 4244 4245 4246
f 4225 4246 4228
f 4225 4244 4246
f 4245 4247 4246
f 4245 4248 4247
f 4245 4022 4248
f 4022 4023 4248
f 4023 3995 4248
f 3995 4232 4248
f 4232 4231 4247
f 4232 4247 4248
f 4028 4029 4249
f 4028 4249 4032
f 4032 4249 4250
f 4032 4250 4033
f 4039 4040 4251
f 4039 4251 4042
f 4042 4251 4252
f 4042 4252 4043
f 4046 4047 4253
f 4046 4253 4050
f 4254 4256 4255
f 4050 4256 4254
f 4050 4253 4256
f 4050 4254 4052
f 4052 4254 4029
f 4029 4254 4257
f 4029 4257 4249
f 4254 4255 4257
f 4249 4257 4258
f 4033 4259 4053
f 4033 4260 4259
f 4033 4250 4260
f 4250 4258 4260
f 4250 4249 4258
f 4259 4260 4261
f 4259 4262 4053
f 4259 4261 4262
f 4053 4263 4054
f 4053 4262 4263
f 4054 4263 4056
f 4056 4263 4264
f 4056 4264 4057
f 4060 4061 4265
f 4060 4265 4064
f 4266 4268 4267
f 4064 4268 4266
f 4064 4265 4268
f 4064 4266 4066
f 4066 4266 4269
f 4066 4269 4067
f 4266 4270 4269
f 4266 4267 4270
f 4269 4272 4271
f 4269 4270 4272
f 4269 4271 4067
f 4067 4271 4068
f 4068 4271 4040
f 4040 4271 4273
f 4040 4273 4251
f 4271 4272 4273
f 4251 4273 4274
f 4251 4274 4275
f 4275 4274 4276
f 4275 4276 4277
f 4043 4277 4070
f 4043 4275 4277
f 4043 4252 4275
f 4252 4251 4275
f 4070 4277 4278
f 4070 4278 4071
f 4047 4075 4279
f 4047 4279 4253
f 4253 4281 4280
f 4253 4279 4281
f 4279 4282 4281
f 4279 4075 4282
f 4075 4076 4282
f 4253 4280 4256
f 4283 4284 4285
f 4283 4285 4286
f 4283 4286 4287
f 4283 4287 4288
f 4262 4288 4263
f 4262 4283 4288
f 4262 4261 4284
f 4262 4284 4283
f 4263 4288 4289
f 4288 4287 4290
f 4288 4290 4289
f 4078 4290 4079
f 4078 4289 4290
f 4078 4057 4289
f 4057 4264 4289
f 4264 4263 4289
f 4082 4083 4291
f 4082 4292 4061
f 4082 4291 4292
f 4061 4292 4265
f 4265 4294 4293
f 4265 4292 4294
f 4292 4291 4294
f 4265 4293 4268
f 4295 4296 4297
f 4295 4297 4298
f 4086 4298 4087
f 4086 4295 4298
f 4086 4091 4299
f 4086 4299 4295
f 4276 4299 4277
f 4276 4295 4299
f 4276 4274 4296
f 4276 4296 4295
f 4277 4299 4300
f 4299 4091 4300
f 4091 4092 4300
f 4092 4071 4300
f 4071 4278 4300
f 4278 4277 4300
f 4096 4097 4301
f 4096 4302 4076
f 4096 4301 4302
f 4076 4303 4282
f 4076 4302 4303
f 4282 4303 4281
f 4302 4304 4303
f 4302 4305 4304
f 4302 4301 4306
f 4302 4306 4305
f 4305 4306 4307
f 4305 4307 4308
f 4305 4308 4309
f 4305 4309 4304
f 4308 4310 4309
f 4308 4311 4310
f 4308 4307 4312
f 4308 4312 4311
f 4100 4312 4101
f 4100 4311 4312
f 4100 4105 4313
f 4100 4313 4311
f 4286 4313 4287
f 4286 4311 4313
f 4286 4285 4310
f 4286 4310 4311
f 4287 4313 4314
f 4313 4105 4314
f 4105 4106 4314
f 4106 4079 4314
f 4079 4290 4314
f 4290 4287 4314
f 4083 4111 4315
f 4083 4315 4291
f 4291 4315 4316
f 4315 4111 4316
f 4111 4112 4317
f 4111 4317 4316
f 4316 4317 4318
f 4316 4318 4319
f 4291 4319 4294
f 4291 4316 4319
f 4318 4320 4319
f 4318 4321 4320
f 4318 4317 4322
f 4318 4322 4321
f 4321 4322 4323
f 4321 4323 4324
f 4321 4324 4325
f 4321 4325 4320
f 4324 4326 4325
f 4324 4327 4326
f 4324 4323 4328
f 4324 4328 4327
f 4114 4328 4115
f 4114 4327 4328
f 4114 4087 4327
f 4087 4298 4327
f 4298 4297 4326
f 4298 4326 4327
f 4097 4120 4329
f 4097 4329 4301
f 4301 4329 4330
f 4329 4120 4330
f 4120 4121 4330
f 4121 4124 4331
f 4121 4331 4330
f 4306 4331 4307
f 4306 4330 4331
f 4306 4301 4330
f 4307 4331 4332
f 4331 4124 4332
f 4124 4125 4332
f 4125 4101 4332
f 4101 4312 4332
f 4312 4307 4332
f 4112 4132 4333
f 4112 4333 4317
f 4317 4333 4334
f 4333 4132 4334
f 4132 4133 4334
f 4133 4136 4335
f 4133 4335 4334
f 4322 4335 4323
f 4322 4334 4335
f 4322 4317 4334
f 4323 4335 4336
f 4335 4136 4336
f 4136 4137 4336
f 4137 4115 4336
f 4115 4328 4336
f 4328 4323 4336
f 4140 4141 4337
f 4140 4337 4144
f 4144 4337 4338
f 4144 4339 4146
f 4144 4338 4339
f 4146 4339 4148
f 4148 4339 4340
f 4148 4340 4149
f 4155 4156 4341
f 4155 4341 4158
f 4158 4341 4342
f 4158 4343 4160
f 4158 4342 4343
f 4160 4343 4162
f 4162 4343 4344
f 4162 4344 4163
f 4345 4347 4346
f 4345 4348 4347
f 4167 4348 4345
f 4167 4168 4348
f 4167 4345 4141
f 4141 4345 4349
f 4141 4349 4337
f 4345 4346 4349
f 4337 4349 4350
f 4338 4351 4339
f 4338 4350 4351
f 4338 4337 4350
f 4339 4351 4352
f 4339 4352 4353
f 4353 4352 4354
f 4353 4354 4355
f 4149 4355 4169
f 4149 4353 4355
f 4149 4340 4353
f 4340 4339 4353
f 4169 4355 4356
f 4169 4356 4170
f 4174 4175 4357
f 4174 4357 4177
f 4358 4360 4359
f 4177 4360 4358
f 4177 4357 4360
f 4177 4358 4178
f 4178 4358 4156
f 4156 4358 4361
f 4156 4361 4341
f 4358 4359 4361
f 4341 4361 4362
f 4342 4363 4343
f 4342 4362 4363
f 4342 4341 4362
f 4343 4363 4364
f 4343 4364 4365
f 4365 4364 4366
f 4180 4366 4181
f 4180 4365 4366
f 4180 4163 4365
f 4163 4344 4365
f 4344 4343 4365
f 4186 4187 4367
f 4186 4367 4189
f 4368 4370 4369
f 4189 4370 4368
f 4189 4367 4370
f 4189 4368 4190
f 4190 4368 4168
f 4168 4368 4348
f 4348 4368 4369
f 4348 4369 4347
f 4371 4372 4373
f 4371 4373 4374
f 4371 4374 4375
f 4371 4375 4376
f 4354 4376 4355
f 4354 4371 4376
f 4354 4352 4372
f 4354 4372 4371
f 4355 4376 4377
f 4376 4375 4378
f 4376 4378 4377
f 4192 4378 4193
f 4192 4377 4378
f 4192 4170 4377
f 4170 4356 4377
f 4356 4355 4377
f 4196 4197 4379
f 4196 4380 4175
f 4196 4379 4380
f 4175 4380 4357
f 4357 4382 4381
f 4357 4380 4382
f 4380 4379 4382
f 4357 4381 4360
f 4383 4384 4385
f 4383 4385 4386
f 4383 4386 4387
f 4181 4387 4199
f 4181 4383 4387
f 4181 4366 4383
f 4366 4364 4384
f 4366 4384 4383
f 4199 4387 4388
f 4199 4388 4200
f 4187 4204 4389
f 4187 4389 4367
f 4367 4389 4390
f 4389 4204 4390
f 4204 4205 4391
f 4204 4391 4390
f 4390 4391 4392
f 4390 4392 4393
f 4367 4393 4370
f 4367 4390 4393
f 4392 4394 4393
f 4392 4395 4394
f 4392 4391 4396
f 4392 4396 4395
f 4208 4396 4209
f 4208 4395 4396
f 4208 4213 4397
f 4208 4397 4395
f 4395 4397 4398
f 4395 4398 4394
f 4397 4399 4398
f 4397 4400 4399
f 4397 4213 4400
f 4213 4214 4400
f 4214 4218 4401
f 4214 4401 4400
f 4374 4401 4375
f 4374 4400 4401
f 4374 4373 4399
f 4374 4399 4400
f 4375 4401 4402
f 4401 4218 4402
f 4218 4219 4402
f 4219 4193 4402
f 4193 4378 4402
f 4378 4375 4402
f 4197 4222 4403
f 4197 4403 4379
f 4379 4403 4404
f 4403 4222 4404
f 4222 4223 4404
f 4223 4227 4405
f 4223 4405 4404
f 4404 4405 4406
f 4379 4406 4382
f 4379 4404 4406
f 4405 4407 4406
f 4405 4408 4407
f 4405 4227 4408
f 4227 4228 4409
f 4227 4409 4408
f 4408 4409 4410
f 4408 4410 4411
f 4408 4411 4407
f 4410 4412 4411
f 4410 4413 4412
f 4410 4409 4414
f 4410 4414 4413
f 4230 4414 4231
f 4230 4413 4414
f 4230 4234 4415
f 4230 4415 4413
f 4386 4415 4387
f 4386 4413 4415
f 4386 4385 4412
f 4386 4412 4413
f 4387 4415 4416
f 4415 4234 4416
f 4234 4235 4416
f 4235 4200 4416
f 4200 4388 4416
f 4388 4387 4416
f 4205 4238 4417
f 4205 4417 4391
f 4391 4417 4418
f 4417 4238 4418
f 4238 4239 4418
f 4239 4209 4418
f 4209 4396 4418
f 4396 4391 4418
f 4228 4246 4419
f 4228 4419 4409
f 4409 4419 4420
f 4419 4246 4420
f 4246 4247 4420
f 4247 4231 4420
f 4231 4414 4420
f 4414 4409 4420
f 4421 4423 4422
f 4421 4424 4423
f 4255 4424 4421
f 4255 4256 4424
f 4255 4421 4425
f 4255 4425 4257
f 4421 4426 4425
f 4421 4422 4426
f 4425 4428 4427
f 4425 4426 4428
f 4425 4427 4257
f 4257 4427 4258
f 4258 4427 4429
f 4258 4429 4260
f 4427 4430 4429
f 4427 4428 4430
f 4429 4430 4431
f 4429 4432 4260
f 4429 4431 4432
f 4260 4432 4261
f 4433 4435 4434
f 4433 4436 4435
f 4267 4436 4433
f 4267 4268 4436
f 4267 4433 4437
f 4267 4437 4270
f 4433 4438 4437
f 4433 4434 4438
f 4437 4440 4439
f 4437 4438 4440
f 4437 4439 4270
f 4270 4439 4272
f 4272 4439 4441
f 4272 4441 4273
f 4439 4442 4441
f 4439 4440 4442
f 4441 4442 4443
f 4441 4444 4273
f 4441 4443 4444
f 4273 4444 4274
f 4445 4447 4446
f 4445 4448 4447
f 4280 4448 4445
f 4280 4281 4448
f 4280 4445 4256
f 4256 4445 4424
f 4424 4445 4446
f 4424 4446 4423
f 4449 4450 4451
f 4449 4451 4452
f 4284 4452 4285
f 4284 4449 4452
f 4284 4261 4449
f 4261 4432 4449
f 4432 4431 4450
f 4432 4450 4449
f 4453 4455 4454
f 4453 4456 4455
f 4293 4456 4453
f 4293 4294 4456
f 4293 4453 4268
f 4268 4453 4436
f 4436 4453 4454
f 4436 4454 4435
f 4457 4458 4459
f 4457 4459 4460
f 4296 4460 4297
f 4296 4457 4460
f 4296 4274 4457
f 4274 4444 4457
f 4444 4443 4458
f 4444 4458 4457
f 4281 4303 4461
f 4281 4462 4448
f 4281 4461 4462
f 4448 4462 4447
f 4461 4463 4462
f 4461 4464 4463
f 4461 4303 4464
f 4303 4304 4464
f 4304 4309 4465
f 4304 4465 4464
f 4464 4465 4466
f 4464 4466 4463
f 4465 4467 4466
f 4465 4468 4467
f 4465 4309 4468
f 4309 4310 4468
f 4310 4285 4468
f 4285 4452 4468
f 4452 4451 4467
f 4452 4467 4468
f 4294 4319 4469
f 4294 4470 4456
f 4294 4469 4470
f 4456 4470 4455
f 4469 4471 4470
f 4469 4472 4471
f 4469 4319 4472
f 4319 4320 4472
f 4320 4325 4473
f 4320 4473 4472
f 4472 4473 4474
f 4472 4474 4471
f 4473 4475 4474
f 4473 4476 4475
f 4473 4325 4476
f 4325 4326 4476
f 4326 4297 4476
f 4297 4460 4476
f 4460 4459 4475
f 4460 4475 4476
f 4477 4479 4478
f 4477 4480 4479
f 4346 4480 4477
f 4346 4347 4480
f 4346 4477 4481
f 4346 4481 4349
f 4477 4482 4481
f 4477 4478 4482
f 4481 4484 4483
f 4481 4482 4484
f 4481 4483 4349
f 4349 4483 4350
f 4350 4483 4485
f 4350 4485 4351
f 4483 4486 4485
f 4483 4484 4486
f 4485 4486 4487
f 4485 4488 4351
f 4485 4487 4488
f 4351 4488 4352
f 4489 4491 4490
f 4489 4492 4491
f 4359 4492 4489
f 4359 4360 4492
f 4359 4489 4493
f 4359 4493 4361
f 4489 4494 4493
f 4489 4490 4494
f 4493 4496 4495
f 4493 4494 4496
f 4493 4495 4361
f 4361 4495 4362
f 4362 4495 4497
f 4362 4497 4363
f 4495 4498 4497
f 4495 4496 4498
f 4497 4498 4499
f 4497 4500 4363
f 4497 4499 4500
f 4363 4500 4364
f 4501 4503 4502
f 4501 4504 4503
f 4369 4504 4501
f 4369 4370 4504
f 4369 4501 4347
f 4347 4501 4480
f 4480 4501 4502
f 4480 4502 4479
f 4505 4506 4507
f 4505 4507 4508
f 4372 4508 4373
f 4372 4505 4508
f 4372 4352 4505
f 4352 4488 4505
f 4488 4487 4506
f 4488 4506 4505
f 4509 4511 4510
f 4509 4512 4511
f 4381 4512 4509
f 4381 4382 4512
f 4381 4509 4360
f 4360 4509 4492
f 4492 4509 4510
f 4492 4510 4491
f 4513 4514 4515
f 4513 4515 4516
f 4384 4516 4385
f 4384 4513 4516
f 4384 4364 4513
f 4364 4500 4513
f 4500 4499 4514
f 4500 4514 4513
f 4370 4393 4517
f 4370 4518 4504
f 4370 4517 4518
f 4504 4518 4503
f 4517 4519 4518
f 4517 4520 4519
f 4517 4393 4520
f 4393 4394 4520
f 4394 4398 4521
f 4394 4521 4520
f 4520 4521 4522
f 4520 4522 4519
f 4521 4523 4522
f 4521 4524 4523
f 4521 4398 4524
f 4398 4399 4524
f 4399 4373 4524
f 4373 4508 4524
f 4508 4507 4523
f 4508 4523 4524
f 4382 4406 4525
f 4382 4526 4512
f 4382 4525 4526
f 4512 4526 4511
f 4525 4527 4526
f 4525 4528 4527
f 4525 4406 4528
f 4406 4407 4528
f 4407 4411 4529
f 4407 4529 4528
f 4528 4529 4530
f 4528 4530 4527
f 4529 4531 4530
f 4529 4532 4531
f 4529 4411 4532
f 4411 4412 4532
f 4412 4385 4532
f 4385 4516 4532
f 4516 4515 4531
f 4516 4531 4532
f 4533 4535 4534
f 4533 4536 4535
f 4533 4537 4536
f 4533 4538 4537
f 4533 4539 4538
f 4533 4534 4539
f 4538 4539 4540
f 4538 4540 4537
f 4541 4543 4542
f 4541 4544 4543
f 4541 4545 4544
f 4541 4546 4545
f 4541 4547 4546
f 4541 4542 4547
f 4546 4547 4548
f 4546 4548 4545
f 4549 4551 4550
f 4549 4552 4551
f 4549 4553 4552
f 4549 4554 4553
f 4549 4555 4554
f 4549 4550 4555
f 4554 4557 4556
f 4554 4555 4557
f 4554 4556 4558
f 4554 4558 4553
f 4422 4558 4556
f 4422 4423 4558
f 4422 4556 4559
f 4422 4559 4426
f 4536 4559 4556
f 4536 4537 4559
f 4536 4556 4557
f 4536 4557 4535
f 4537 4560 4559
f 4559 4560 4426
f 4426 4560 4428
f 4428 4560 4561
f 4428 4561 4430
f 4560 4562 4561
f 4537 4562 4560
f 4537 4540 4562
f 4561 4564 4563
f 4561 4562 4564
f 4561 4563 4430
f 4430 4563 4565
f 4430 4565 4431
f 4563 4566 4565
f 4563 4567 4566
f 4563 4564 4567
f 4566 4567 4568
f 4566 4568 4565
f 4569 4571 4570
f 4569 4572 4571
f 4569 4573 4572
f 4569 4574 4573
f 4569 4575 4574
f 4569 4570 4575
f 4574 4577 4576
f 4574 4575 4577
f 4574 4576 4578
f 4574 4578 4573
f 4434 4578 4576
f 4434 4435 4578
f 4434 4576 4579
f 4434 4579 4438
f 4576 4580 4579
f 4576 4577 4580
f 4579 4582 4581
f 4579 4580 4582
f 4579 4581 4438
f 4438 4581 4440
f 4440 4581 4583
f 4440 4583 4442
f 4544 4583 4581
f 4544 4545 4583
f 4544 4581 4582
f 4544 4582 4543
f 4545 4584 4583
f 4583 4584 4442
f 4442 4584 4585
f 4442 4585 4443
f 4584 4586 4585
f 4584 4587 4586
f 4545 4587 4584
f 4545 4548 4587
f 4586 4587 4588
f 4586 4588 4585
f 4552 4553 4589
f 4552 4589 4551
f 4553 4590 4591
f 4553 4591 4589
f 4590 4592 4591
f 4446 4592 4590
f 4446 4447 4592
f 4446 4590 4423
f 4423 4590 4558
f 4558 4590 4553
f 4450 4593 4451
f 4450 4594 4593
f 4450 4431 4594
f 4431 4565 4594
f 4565 4595 4594
f 4565 4596 4595
f 4594 4595 4593
f 4565 4568 4596
f 4597 4599 4598
f 4597 4600 4599
f 4597 4601 4600
f 4597 4602 4601
f 4572 4602 4597
f 4572 4573 4602
f 4572 4597 4598
f 4572 4598 4571
f 4573 4603 4602
f 4602 4603 4604
f 4602 4604 4601
f 4454 4604 4603
f 4454 4455 4604
f 4454 4603 4435
f 4435 4603 4578
f 4578 4603 4573
f 4605 4606 4607
f 4605 4607 4608
f 4458 4608 4459
f 4458 4605 4608
f 4458 4443 4605
f 4443 4585 4609
f 4443 4609 4605
f 4605 4609 4606
f 4585 4610 4609
f 4585 4588 4610
f 4611 4613 4612
f 4611 4614 4613
f 4611 4615 4614
f 4447 4615 4611
f 4447 4462 4615
f 4447 4611 4592
f 4592 4611 4612
f 4592 4612 4591
f 4462 4616 4615
f 4462 4617 4616
f 4462 4463 4617
f 4463 4466 4617
f 4618 4619 4620
f 4466 4620 4617
f 4466 4618 4620
f 4466 4467 4618
f 4467 4451 4618
f 4451 4593 4621
f 4451 4621 4618
f 4618 4621 4619
f 4593 4622 4621
f 4593 4595 4622
f 4600 4601 4623
f 4600 4623 4599
f 4601 4624 4625
f 4601 4625 4623
f 4624 4626 4625
f 4624 4627 4626
f 4455 4627 4624
f 4455 4470 4627
f 4455 4624 4604
f 4604 4624 4601
f 4470 4628 4627
f 4470 4629 4628
f 4470 4471 4629
f 4471 4474 4629
f 4630 4631 4632
f 4474 4632 4629
f 4474 4630 4632
f 4474 4475 4630
f 4475 4459 4630
f 4459 4608 4630
f 4608 4607 4631
f 4608 4631 4630
f 4614 4615 4633
f 4614 4633 4613
f 4615 4634 4633
f 4616 4617 4635
f 4616 4634 4615
f 4616 4635 4634
f 4617 4636 4635
f 4617 4620 4636
f 4626 4627 4637
f 4626 4637 4625
f 4627 4638 4637
f 4628 4629 4639
f 4628 4638 4627
f 4628 4639 4638
f 4629 4640 4639
f 4629 4632 4640
f 4641 4643 4642
f 4641 4644 4643
f 4641 4645 4644
f 4641 4646 4645
f 4641 4647 4646
f 4641 4642 4647
f 4646 4649 4648
f 4646 4647 4649
f 4646 4648 4650
f 4646 4650 4645
f 4648 4651 4650
f 4648 4652 4651
f 4648 4653 4652
f 4648 4649 4653
f 4652 4653 4654
f 4652 4654 4651
f 4655 4657 4656
f 4655 4658 4657
f 4655 4659 4658
f 4655 4660 4659
f 4655 4661 4660
f 4655 4656 4661
f 4660 4663 4662
f 4660 4661 4663
f 4660 4662 4664
f 4660 4664 4659
f 4662 4665 4664
f 4662 4666 4665
f 4662 4667 4666
f 4662 4663 4667
f 4666 4667 4668
f 4666 4668 4665
f 4669 4671 4670
f 4669 4672 4671
f 4478 4672 4669
f 4478 4479 4672
f 4478 4669 4673
f 4478 4673 4482
f 4644 4673 4669
f 4644 4645 4673
f 4644 4669 4670
f 4644 4670 4643
f 4645 4674 4673
f 4673 4674 4482
f 4482 4674 4484
f 4484 4674 4675
f 4484 4675 4486
f 4650 4675 4674
f 4650 4651 4675
f 4650 4674 4645
f 4651 4676 4675
f 4675 4676 4486
f 4486 4676 4677
f 4486 4677 4487
f 4676 4678 4677
f 4676 4679 4678
f 4651 4679 4676
f 4651 4654 4679
f 4678 4679 4680
f 4678 4680 4677
f 4681 4683 4682
f 4681 4684 4683
f 4681 4685 4684
f 4681 4686 4685
f 4681 4687 4686
f 4681 4682 4687
f 4686 4689 4688
f 4686 4687 4689
f 4686 4688 4690
f 4686 4690 4685
f 4490 4690 4688
f 4490 4491 4690
f 4490 4688 4691
f 4490 4691 4494
f 4658 4691 4688
f 4658 4659 4691
f 4658 4688 4689
f 4658 4689 4657
f 4659 4692 4691
f 4691 4692 4494
f 4494 4692 4496
f 4496 4692 4693
f 4496 4693 4498
f 4664 4693 4692
f 4664 4665 4693
f 4664 4692 4659
f 4665 4694 4693
f 4665 4695 4694
f 4693 4696 4498
f 4693 4694 4696
f 4498 4696 4499
f 4665 4668 4695
f 4697 4699 4698
f 4697 4700 4699
f 4697 4701 4700
f 4697 4702 4701
f 4697 4703 4702
f 4697 4698 4703
f 4702 4705 4704
f 4702 4703 4705
f 4702 4704 4706
f 4702 4706 4701
f 4502 4706 4704
f 4502 4503 4706
f 4502 4704 4479
f 4479 4704 4672
f 4672 4704 4705
f 4672 4705 4671
f 4506 4707 4507
f 4506 4708 4707
f 4506 4487 4708
f 4487 4677 4708
f 4677 4709 4708
f 4677 4710 4709
f 4708 4709 4707
f 4677 4680 4710
f 4711 4713 4712
f 4711 4714 4713
f 4711 4715 4714
f 4711 4716 4715
f 4684 4716 4711
f 4684 4685 4716
f 4684 4711 4712
f 4684 4712 4683
f 4685 4717 4716
f 4716 4717 4718
f 4716 4718 4715
f 4510 4718 4717
f 4510 4511 4718
f 4510 4717 4491
f 4491 4717 4690
f 4690 4717 4685
f 4514 4719 4515
f 4514 4720 4719
f 4514 4499 4720
f 4499 4721 4720
f 4499 4696 4721
f 4696 4694 4721
f 4720 4721 4722
f 4720 4722 4719
f 4700 4701 4723
f 4700 4723 4699
f 4701 4724 4725
f 4701 4725 4723
f 4724 4726 4725
f 4724 4727 4726
f 4503 4727 4724
f 4503 4518 4727
f 4503 4724 4706
f 4706 4724 4701
f 4728 4729 4730
f 4518 4730 4727
f 4518 4728 4730
f 4518 4519 4728
f 4519 4522 4731
f 4519 4731 4728
f 4728 4731 4732
f 4728 4732 4729
f 4731 4733 4732
f 4731 4734 4733
f 4731 4522 4734
f 4522 4523 4734
f 4523 4507 4734
f 4507 4707 4735
f 4507 4735 4734
f 4734 4735 4733
f 4707 4736 4735
f 4707 4709 4736
f 4714 4715 4737
f 4714 4737 4713
f 4715 4738 4737
f 4511 4526 4739
f 4511 4740 4718
f 4511 4739 4740
f 4718 4738 4715
f 4718 4740 4738
f 4739 4741 4740
f 4739 4742 4741
f 4739 4526 4742
f 4526 4743 4742
f 4526 4527 4743
f 4527 4530 4743
f 4744 4745 4746
f 4530 4746 4743
f 4530 4744 4746
f 4530 4531 4744
f 4531 4515 4744
f 4515 4719 4747
f 4515 4747 4744
f 4744 4747 4745
f 4719 4748 4747
f 4719 4722 4748
f 4726 4727 4749
f 4726 4749 4725
f 4727 4750 4749
f 4727 4730 4750
f 4742 4743 4751
f 4742 4751 4741
f 4743 4752 4751
f 4743 4746 4752
f 4753 4755 4754
f 4753 4756 4755
f 4534 4756 4753
f 4534 4535 4756
f 4534 4753 4757
f 4534 4757 4539
f 4753 4758 4757
f 4753 4754 4758
f 4757 4760 4759
f 4757 4758 4760
f 4757 4759 4539
f 4539 4759 4761
f 4539 4761 4540
f 4759 4762 4761
f 4759 4763 4762
f 4759 4760 4763
f 4762 4763 4764
f 4762 4764 4761
f 4765 4767 4766
f 4765 4768 4767
f 4765 4769 4768
f 4765 4770 4769
f 4765 4771 4770
f 4765 4766 4771
f 4770 4773 4772
f 4770 4771 4773
f 4770 4772 4774
f 4770 4774 4769
f 4542 4774 4772
f 4542 4543 4774
f 4542 4772 4775
f 4542 4775 4547
f 4772 4776 4775
f 4772 4773 4776
f 4775 4776 4777
f 4775 4778 4547
f 4775 4777 4778
f 4547 4778 4548
f 4779 4781 4780
f 4779 4782 4781
f 4550 4782 4779
f 4550 4551 4782
f 4550 4779 4783
f 4550 4783 4555
f 4779 4784 4783
f 4779 4780 4784
f 4783 4786 4785
f 4783 4784 4786
f 4783 4785 4555
f 4555 4785 4557
f 4557 4785 4535
f 4535 4785 4756
f 4756 4785 4786
f 4756 4786 4755
f 4540 4787 4562
f 4540 4761 4787
f 4761 4788 4787
f 4787 4788 4562
f 4562 4788 4564
f 4564 4788 4789
f 4564 4789 4567
f 4788 4790 4789
f 4761 4790 4788
f 4761 4764 4790
f 4789 4790 4791
f 4789 4792 4567
f 4789 4791 4792
f 4567 4792 4568
f 4793 4795 4794
f 4793 4796 4795
f 4570 4796 4793
f 4570 4571 4796
f 4570 4793 4797
f 4570 4797 4575
f 4793 4798 4797
f 4793 4794 4798
f 4797 4800 4799
f 4797 4798 4800
f 4797 4799 4575
f 4575 4799 4577
f 4577 4799 4801
f 4577 4801 4580
f 4768 4801 4799
f 4768 4769 4801
f 4768 4799 4800
f 4768 4800 4767
f 4769 4802 4801
f 4801 4802 4580
f 4580 4802 4582
f 4582 4802 4543
f 4543 4802 4774
f 4774 4802 4769
f 4548 4803 4587
f 4548 4804 4803
f 4548 4778 4804
f 4778 4777 4804
f 4803 4804 4805
f 4803 4806 4587
f 4803 4805 4806
f 4587 4806 4588
f 4807 4809 4808
f 4807 4810 4809
f 4807 4811 4810
f 4551 4811 4807
f 4551 4589 4811
f 4551 4807 4782
f 4782 4807 4808
f 4782 4808 4781
f 4589 4812 4811
f 4589 4591 4812
f 4813 4814 4815
f 4813 4815 4816
f 4596 4816 4595
f 4596 4813 4816
f 4596 4568 4813
f 4568 4792 4813
f 4792 4791 4814
f 4792 4814 4813
f 4817 4819 4818
f 4817 4820 4819
f 4598 4820 4817
f 4598 4599 4820
f 4598 4817 4571
f 4571 4817 4796
f 4796 4817 4818
f 4796 4818 4795
f 4606 4821 4607
f 4606 4609 4821
f 4822 4823 4824
f 4609 4824 4821
f 4609 4822 4824
f 4609 4610 4822
f 4610 4588 4822
f 4588 4806 4822
f 4806 4805 4823
f 4806 4823 4822
f 4810 4811 4825
f 4810 4825 4809
f 4811 4826 4827
f 4811 4827 4825
f 4826 4828 4827
f 4612 4828 4826
f 4612 4613 4828
f 4612 4826 4591
f 4591 4826 4812
f 4812 4826 4811
f 4619 4829 4620
f 4619 4621 4829
f 4830 4831 4832
f 4621 4832 4829
f 4621 4830 4832
f 4621 4622 4830
f 4622 4595 4830
f 4595 4816 4830
f 4816 4815 4831
f 4816 4831 4830
f 4833 4835 4834
f 4833 4836 4835
f 4833 4837 4836
f 4599 4837 4833
f 4599 4623 4837
f 4599 4833 4820
f 4820 4833 4834
f 4820 4834 4819
f 4623 4838 4837
f 4623 4625 4838
f 4839 4840 4841
f 4839 4841 4842
f 4631 4842 4632
f 4631 4839 4842
f 4631 4607 4839
f 4607 4821 4843
f 4607 4843 4839
f 4839 4843 4840
f 4821 4844 4843
f 4821 4824 4844
f 4613 4633 4845
f 4613 4846 4828
f 4613 4845 4846
f 4828 4846 4827
f 4845 4847 4846
f 4845 4848 4847
f 4845 4633 4848
f 4633 4634 4848
f 4634 4635 4849
f 4634 4849 4848
f 4848 4849 4850
f 4848 4850 4847
f 4849 4851 4850
f 4849 4852 4851
f 4849 4635 4852
f 4635 4636 4852
f 4636 4620 4852
f 4620 4829 4853
f 4620 4853 4852
f 4852 4853 4851
f 4829 4854 4853
f 4829 4832 4854
f 4836 4837 4855
f 4836 4855 4835
f 4837 4856 4855
f 4625 4637 4857
f 4625 4858 4838
f 4625 4857 4858
f 4838 4856 4837
f 4838 4858 4856
f 4857 4859 4858
f 4857 4860 4859
f 4857 4637 4860
f 4637 4638 4860
f 4638 4639 4861
f 4638 4861 4860
f 4860 4861 4862
f 4860 4862 4859
f 4861 4863 4862
f 4861 4864 4863
f 4861 4639 4864
f 4639 4640 4864
f 4640 4632 4864
f 4632 4842 4864
f 4842 4841 4863
f 4842 4863 4864
f 4865 4867 4866
f 4865 4868 4867
f 4642 4868 4865
f 4642 4643 4868
f 4642 4865 4869
f 4642 4869 4647
f 4865 4870 4869
f 4865 4866 4870
f 4869 4872 4871
f 4869 4870 4872
f 4869 4871 4647
f 4647 4871 4649
f 4649 4871 4873
f 4649 4873 4653
f 4871 4874 4873
f 4871 4872 4874
f 4873 4876 4875
f 4873 4874 4876
f 4873 4875 4653
f 4653 4875 4877
f 4653 4877 4654
f 4875 4878 4877
f 4875 4879 4878
f 4875 4876 4879
f 4878 4879 4880
f 4878 4880 4877
f 4881 4883 4882
f 4881 4884 4883
f 4881 4885 4884
f 4881 4886 4885
f 4881 4887 4886
f 4881 4882 4887
f 4886 4889 4888
f 4886 4887 4889
f 4886 4888 4890
f 4886 4890 4885
f 4656 4890 4888
f 4656 4657 4890
f 4656 4888 4891
f 4656 4891 4661
f 4888 4892 4891
f 4888 4889 4892
f 4891 4894 4893
f 4891 4892 4894
f 4891 4893 4661
f 4661 4893 4663
f 4663 4893 4895
f 4663 4895 4667
f 4893 4896 4895
f 4893 4894 4896
f 4895 4896 4897
f 4895 4898 4667
f 4895 4897 4898
f 4667 4898 4668
f 4899 4901 4900
f 4899 4902 4901
f 4899 4903 4902
f 4899 4904 4903
f 4899 4905 4904
f 4899 4900 4905
f 4904 4907 4906
f 4904 4905 4907
f 4904 4906 4908
f 4904 4908 4903
f 4670 4908 4906
f 4670 4671 4908
f 4670 4906 4643
f 4643 4906 4868
f 4868 4906 4907
f 4868 4907 4867
f 4654 4909 4679
f 4654 4877 4909
f 4877 4910 4909
f 4877 4911 4910
f 4909 4912 4679
f 4909 4910 4912
f 4679 4912 4680
f 4877 4880 4911
f 4913 4915 4914
f 4913 4916 4915
f 4682 4916 4913
f 4682 4683 4916
f 4682 4913 4917
f 4682 4917 4687
f 4884 4917 4913
f 4884 4885 4917
f 4884 4913 4914
f 4884 4914 4883
f 4885 4918 4917
f 4917 4918 4687
f 4687 4918 4689
f 4689 4918 4657
f 4657 4918 4890
f 4890 4918 4885
f 4695 4919 4694
f 4695 4920 4919
f 4695 4668 4920
f 4668 4921 4920
f 4668 4898 4921
f 4898 4897 4921
f 4920 4921 4922
f 4920 4922 4919
f 4923 4925 4924
f 4923 4926 4925
f 4698 4926 4923
f 4698 4699 4926
f 4698 4923 4927
f 4698 4927 4703
f 4902 4927 4923
f 4902 4903 4927
f 4902 4923 4924
f 4902 4924 4901
f 4903 4928 4927
f 4927 4928 4703
f 4703 4928 4705
f 4705 4928 4671
f 4671 4928 4908
f 4908 4928 4903
f 4929 4930 4931
f 4929 4931 4932
f 4710 4932 4709
f 4710 4929 4932
f 4710 4680 4929
f 4680 4912 4929
f 4912 4910 4930
f 4912 4930 4929
f 4933 4935 4934
f 4933 4936 4935
f 4712 4936 4933
f 4712 4713 4936
f 4712 4933 4683
f 4683 4933 4916
f 4916 4933 4934
f 4916 4934 4915
f 4694 4937 4721
f 4694 4919 4937
f 4919 4938 4937
f 4919 4939 4938
f 4937 4940 4721
f 4937 4938 4940
f 4721 4940 4722
f 4919 4922 4939
f 4699 4723 4941
f 4699 4942 4926
f 4699 4941 4942
f 4926 4942 4925
f 4941 4943 4942
f 4941 4944 4943
f 4941 4723 4944
f 4723 4725 4944
f 4729 4945 4730
f 4729 4732 4945
f 4946 4947 4948
f 4732 4948 4945
f 4732 4946 4948
f 4732 4733 4946
f 4733 4735 4949
f 4733 4949 4946
f 4946 4949 4950
f 4946 4950 4947
f 4949 4951 4950
f 4949 4952 4951
f 4949 4735 4952
f 4735 4736 4952
f 4736 4709 4952
f 4709 4932 4952
f 4932 4931 4951
f 4932 4951 4952
f 4713 4737 4953
f 4713 4954 4936
f 4713 4953 4954
f 4936 4954 4935
f 4953 4955 4954
f 4953 4956 4955
f 4953 4737 4956
f 4737 4957 4956
f 4737 4738 4957
f 4738 4740 4957
f 4740 4958 4957
f 4740 4741 4958
f 4959 4960 4961
f 4959 4961 4962
f 4745 4962 4746
f 4745 4959 4962
f 4745 4747 4963
f 4745 4963 4959
f 4959 4963 4964
f 4959 4964 4960
f 4963 4965 4964
f 4963 4966 4965
f 4963 4747 4966
f 4747 4748 4966
f 4748 4722 4966
f 4722 4940 4966
f 4940 4938 4965
f 4940 4965 4966
f 4725 4749 4967
f 4725 4968 4944
f 4725 4967 4968
f 4944 4968 4943
f 4967 4969 4968
f 4967 4970 4969
f 4967 4749 4970
f 4749 4750 4970
f 4750 4730 4970
f 4730 4945 4971
f 4730 4971 4970
f 4970 4971 4969
f 4945 4972 4971
f 4945 4948 4972
f 4956 4957 4973
f 4956 4973 4955
f 4957 4974 4973
f 4741 4751 4975
f 4741 4976 4958
f 4741 4975 4976
f 4958 4974 4957
f 4958 4976 4974
f 4975 4977 4976
f 4975 4978 4977
f 4975 4751 4978
f 4751 4752 4978
f 4752 4746 4978
f 4746 4962 4978
f 4962 4961 4977
f 4962 4977 4978
f 4979 4981 4980
f 4979 4982 4981
f 4979 4983 4982
f 4979 4984 4983
f 4979 4985 4984
f 4979 4980 4985
f 4984 4987 4986
f 4984 4985 4987
f 4984 4986 4988
f 4984 4988 4983
f 4754 4988 4986
f 4754 4755 4988
f 4754 4986 4989
f 4754 4989 4758
f 4986 4990 4989
f 4986 4987 4990
f 4989 4992 4991
f 4989 4990 4992
f 4989 4991 4758
f 4758 4991 4760
f 4760 4991 4993
f 4760 4993 4763
f 4991 4994 4993
f 4991 4992 4994
f 4993 4996 4995
f 4993 4994 4996
f 4993 4995 4763
f 4763 4995 4997
f 4763 4997 4764
f 4995 4998 4997
f 4995 4999 4998
f 4995 4996 4999
f 4998 4999 5000
f 4998 5000 4997
f 5001 5003 5002
f 5001 5004 5003
f 5001 5005 5004
f 5001 5006 5005
f 5001 5007 5006
f 5001 5002 5007
f 5006 5009 5008
f 5006 5007 5009
f 5006 5008 5010
f 5006 5010 5005
f 4766 5010 5008
f 4766 4767 5010
f 4766 5008 5011
f 4766 5011 4771
f 5008 5012 5011
f 5008 5009 5012
f 5011 5014 5013
f 5011 5012 5014
f 5011 5013 4771
f 4771 5013 4773
f 4773 5013 5015
f 4773 5015 4776
f 5013 5016 5015
f 5013 5014 5016
f 5015 5018 5017
f 5015 5016 5018
f 5015 5017 4776
f 4776 5017 5019
f 4776 5019 4777
f 5017 5020 5019
f 5017 5021 5020
f 5017 5018 5021
f 5020 5021 5022
f 5020 5022 5019
f 5023 5025 5024
f 5023 5026 5025
f 4780 5026 5023
f 4780 4781 5026
f 4780 5023 5027
f 4780 5027 4784
f 4982 5027 5023
f 4982 4983 5027
f 4982 5023 5024
f 4982 5024 4981
f 4983 5028 5027
f 5027 5028 4784
f 4784 5028 4786
f 4786 5028 4755
f 4755 5028 4988
f 4988 5028 4983
f 4764 5029 4790
f 4764 4997 5029
f 4997 5030 5029
f 5029 5030 4790
f 4790 5030 5031
f 4790 5031 4791
f 5030 5032 5031
f 5030 5033 5032
f 4997 5033 5030
f 4997 5000 5033
f 5032 5033 5034
f 5032 5034 5031
f 5035 5037 5036
f 5035 5038 5037
f 5035 5039 5038
f 5035 5040 5039
f 5035 5041 5040
f 5035 5036 5041
f 5040 5043 5042
f 5040 5041 5043
f 5040 5042 5044
f 5040 5044 5039
f 4794 5044 5042
f 4794 4795 5044
f 4794 5042 5045
f 4794 5045 4798
f 5004 5045 5042
f 5004 5005 5045
f 5004 5042 5043
f 5004 5043 5003
f 5005 5046 5045
f 5045 5046 4798
f 4798 5046 4800
f 4800 5046 4767
f 4767 5046 5010
f 5010 5046 5005
f 4777 5047 4804
f 4777 5019 5047
f 5019 5048 5047
f 5019 5049 5048
f 5047 5050 4804
f 5047 5048 5050
f 4804 5050 4805
f 5019 5022 5049
f 5051 5053 5052
f 5051 5054 5053
f 4808 5054 5051
f 4808 4809 5054
f 4808 5051 4781
f 4781 5051 5026
f 5026 5051 5052
f 5026 5052 5025
f 4814 5055 4815
f 4814 5056 5055
f 4814 4791 5056
f 4791 5031 5056
f 5031 5057 5056
f 5031 5058 5057
f 5056 5057 5055
f 5031 5034 5058
f 5059 5061 5060
f 5059 5062 5061
f 5059 5063 5062
f 5059 5064 5063
f 5038 5064 5059
f 5038 5039 5064
f 5038 5059 5060
f 5038 5060 5037
f 5039 5065 5064
f 5064 5065 5066
f 5064 5066 5063
f 4818 5066 5065
f 4818 4819 5066
f 4818 5065 4795
f 4795 5065 5044
f 5044 5065 5039
f 5067 5068 5069
f 5067 5069 5070
f 4823 5070 4824
f 4823 5067 5070
f 4823 4805 5067
f 4805 5050 5067
f 5050 5048 5068
f 5050 5068 5067
f 5071 5073 5072
f 5071 5074 5073
f 5071 5075 5074
f 4809 5075 5071
f 4809 4825 5075
f 4809 5071 5054
f 5054 5071 5072
f 5054 5072 5053
f 4825 5076 5075
f 4825 4827 5076
f 4831 5077 4832
f 4831 5078 5077
f 4831 4815 5078
f 4815 5055 5078
f 5055 5079 5078
f 5055 5080 5079
f 5078 5079 5077
f 5055 5057 5080
f 5081 5083 5082
f 5081 5084 5083
f 5081 5085 5084
f 5081 5086 5085
f 5062 5086 5081
f 5062 5063 5086
f 5062 5081 5082
f 5062 5082 5061
f 5063 5087 5086
f 5086 5087 5088
f 5086 5088 5085
f 4834 5088 5087
f 4834 4835 5088
f 4834 5087 4819
f 4819 5087 5066
f 5066 5087 5063
f 4840 5089 4841
f 4840 4843 5089
f 5090 5091 5092
f 4843 5092 5089
f 4843 5090 5092
f 4843 4844 5090
f 4844 4824 5090
f 4824 5070 5090
f 5070 5069 5091
f 5070 5091 5090
f 5074 5075 5093
f 5074 5093 5073
f 5075 5094 5095
f 5075 5095 5093
f 5094 5096 5095
f 5094 5097 5096
f 4827 5097 5094
f 4827 4846 5097
f 4827 5094 5076
f 5076 5094 5075
f 4846 5098 5097
f 4846 5099 5098
f 4846 4847 5099
f 4847 4850 5099
f 4850 5100 5099
f 4850 5101 5100
f 4850 4851 5101
f 4851 4853 5101
f 5102 5103 5104
f 4853 5104 5101
f 4853 5102 5104
f 4853 4854 5102
f 4854 4832 5102
f 4832 5077 5105
f 4832 5105 5102
f 5102 5105 5103
f 5077 5106 5105
f 5077 5079 5106
f 5084 5085 5107
f 5084 5107 5083
f 5085 5108 5109
f 5085 5109 5107
f 5108 5110 5109
f 5108 5111 5110
f 4835 5111 5108
f 4835 4855 5111
f 4835 5108 5088
f 5088 5108 5085
f 4855 5112 5111
f 4855 5113 5112
f 4855 4856 5113
f 4856 4858 5113
f 4858 5114 5113
f 4858 5115 5114
f 4858 4859 5115
f 4859 4862 5115
f 5116 5117 5118
f 4862 5118 5115
f 4862 5116 5118
f 4862 4863 5116
f 4863 4841 5116
f 4841 5089 5119
f 4841 5119 5116
f 5116 5119 5117
f 5089 5120 5119
f 5089 5092 5120
f 5096 5097 5121
f 5096 5121 5095
f 5097 5122 5121
f 5098 5099 5123
f 5098 5122 5097
f 5098 5123 5122
f 5099 5124 5123
f 5100 5101 5125
f 5100 5124 5099
f 5100 5125 5124
f 5101 5126 5125
f 5101 5104 5126
f 5110 5111 5127
f 5110 5127 5109
f 5111 5128 5127
f 5112 5113 5129
f 5112 5128 5111
f 5112 5129 5128
f 5113 5130 5129
f 5114 5115 5131
f 5114 5130 5113
f 5114 5131 5130
f 5115 5132 5131
f 5115 5118 5132
f 5133 5135 5134
f 5133 5136 5135
f 5133 5137 5136
f 5133 5138 5137
f 5133 5139 5138
f 5133 5134 5139
f 5138 5141 5140
f 5138 5139 5141
f 5138 5140 5142
f 5138 5142 5137
f 5140 5143 5142
f 5140 5144 5143
f 5140 5145 5144
f 5140 5141 5145
f 5144 5147 5146
f 5144 5145 5147
f 5144 5146 5148
f 5144 5148 5143
f 5146 5149 5148
f 5146 5150 5149
f 5146 5151 5150
f 5146 5147 5151
f 5150 5151 5152
f 5150 5152 5149
f 5153 5155 5154
f 5153 5156 5155
f 5153 5157 5156
f 5153 5158 5157
f 5153 5159 5158
f 5153 5154 5159
f 5158 5161 5160
f 5158 5159 5161
f 5158 5160 5162
f 5158 5162 5157
f 5160 5163 5162
f 5160 5164 5163
f 5160 5165 5164
f 5160 5161 5165
f 5164 5167 5166
f 5164 5165 5167
f 5164 5166 5168
f 5164 5168 5163
f 5166 5169 5168
f 5166 5170 5169
f 5166 5171 5170
f 5166 5167 5171
f 5170 5171 5172
f 5170 5172 5169
f 5173 5175 5174
f 5173 5176 5175
f 5173 5177 5176
f 5173 5178 5177
f 5173 5179 5178
f 5173 5174 5179
f 5178 5181 5180
f 5178 5179 5181
f 5178 5180 5182
f 5178 5182 5177
f 4866 5182 5180
f 4866 4867 5182
f 4866 5180 5183
f 4866 5183 4870
f 5136 5183 5180
f 5136 5137 5183
f 5136 5180 5181
f 5136 5181 5135
f 5137 5184 5183
f 5183 5184 4870
f 4870 5184 4872
f 4872 5184 5185
f 4872 5185 4874
f 5142 5185 5184
f 5142 5143 5185
f 5142 5184 5137
f 5143 5186 5185
f 5185 5186 4874
f 4874 5186 4876
f 4876 5186 5187
f 4876 5187 4879
f 5148 5187 5186
f 5148 5149 5187
f 5148 5186 5143
f 5149 5188 5187
f 5187 5188 4879
f 4879 5188 5189
f 4879 5189 4880
f 5188 5190 5189
f 5188 5191 5190
f 5149 5191 5188
f 5149 5152 5191
f 5190 5191 5192
f 5190 5192 5189
f 5193 5195 5194
f 5193 5196 5195
f 5193 5197 5196
f 5193 5198 5197
f 5193 5199 5198
f 5193 5194 5199
f 5198 5201 5200
f 5198 5199 5201
f 5198 5200 5202
f 5198 5202 5197
f 4882 5202 5200
f 4882 4883 5202
f 4882 5200 5203
f 4882 5203 4887
f 5156 5203 5200
f 5156 5157 5203
f 5156 5200 5201
f 5156 5201 5155
f 5157 5204 5203
f 5203 5204 4887
f 4887 5204 4889
f 4889 5204 5205
f 4889 5205 4892
f 5162 5205 5204
f 5162 5163 5205
f 5162 5204 5157
f 5163 5206 5205
f 5205 5206 4892
f 4892 5206 4894
f 4894 5206 5207
f 4894 5207 4896
f 5168 5207 5206
f 5168 5169 5207
f 5168 5206 5163
f 5169 5208 5207
f 5207 5208 4896
f 4896 5208 5209
f 4896 5209 4897
f 5208 5210 5209
f 5208 5211 5210
f 5169 5211 5208
f 5169 5172 5211
f 5210 5211 5212
f 5210 5212 5209
f 5213 5215 5214
f 5213 5216 5215
f 4900 5216 5213
f 4900 4901 5216
f 4900 5213 5217
f 4900 5217 4905
f 5176 5217 5213
f 5176 5177 5217
f 5176 5213 5214
f 5176 5214 5175
f 5177 5218 5217
f 5217 5218 4905
f 4905 5218 4907
f 4907 5218 4867
f 4867 5218 5182
f 5182 5218 5177
f 4911 5219 4910
f 4911 5220 5219
f 4911 4880 5220
f 4880 5189 5220
f 5189 5221 5220
f 5189 5222 5221
f 5220 5221 5219
f 5189 5192 5222
f 5223 5225 5224
f 5223 5226 5225
f 5223 5227 5226
f 5223 5228 5227
f 5196 5228 5223
f 5196 5197 5228
f 5196 5223 5224
f 5196 5224 5195
f 5197 5229 5228
f 5228 5229 5230
f 5228 5230 5227
f 4914 5230 5229
f 4914 4915 5230
f 4914 5229 4883
f 4883 5229 5202
f 5202 5229 5197
f 4897 5231 4921
f 4897 5209 5231
f 5209 5232 5231
f 5209 5233 5232
f 5231 5234 4921
f 5231 5232 5234
f 4921 5234 4922
f 5209 5212 5233
f 5235 5237 5236
f 5235 5238 5237
f 4924 5238 5235
f 4924 4925 5238
f 4924 5235 4901
f 4901 5235 5216
f 5216 5235 5236
f 5216 5236 5215
f 4930 5239 4931
f 4930 5240 5239
f 4930 4910 5240
f 4910 5219 5240
f 5219 5241 5240
f 5219 5242 5241
f 5240 5241 5239
f 5219 5221 5242
f 5243 5245 5244
f 5243 5246 5245
f 5243 5247 5246
f 5243 5248 5247
f 5226 5248 5243
f 5226 5227 5248
f 5226 5243 5244
f 5226 5244 5225
f 5227 5249 5248
f 5248 5249 5250
f 5248 5250 5247
f 4934 5250 5249
f 4934 4935 5250
f 4934 5249 4915
f 4915 5249 5230
f 5230 5249 5227
f 5251 5252 5253
f 5251 5253 5254
f 4939 5254 4938
f 4939 5251 5254
f 4939 4922 5251
f 4922 5234 5251
f 5234 5232 5252
f 5234 5252 5251
f 5255 5257 5256
f 5255 5258 5257
f 5255 5259 5258
f 4925 5259 5255
f 4925 4942 5259
f 4925 5255 5238
f 5238 5255 5256
f 5238 5256 5237
f 4942 5260 5259
f 4942 4943 5260
f 4947 5261 4948
f 4947 4950 5261
f 5262 5263 5264
f 4950 5264 5261
f 4950 5262 5264
f 4950 4951 5262
f 4951 4931 5262
f 4931 5239 5265
f 4931 5265 5262
f 5262 5265 5263
f 5239 5266 5265
f 5239 5241 5266
f 5246 5247 5267
f 5246 5267 5245
f 5247 5268 5269
f 5247 5269 5267
f 5268 5270 5269
f 5268 5271 5270
f 4935 5271 5268
f 4935 4954 5271
f 4935 5268 5250
f 5250 5268 5247
f 4954 5272 5271
f 4954 4955 5272
f 4960 5273 4961
f 4960 4964 5273
f 5274 5275 5276
f 4964 5276 5273
f 4964 5274 5276
f 4964 4965 5274
f 4965 4938 5274
f 4938 5254 5274
f 5254 5253 5275
f 5254 5275 5274
f 5258 5259 5277
f 5258 5277 5257
f 5259 5278 5277
f 4943 4968 5279
f 4943 5280 5260
f 4943 5279 5280
f 5260 5278 5259
f 5260 5280 5278
f 5279 5281 5280
f 5279 5282 5281
f 5279 4968 5282
f 4968 4969 5282
f 4969 4971 5283
f 4969 5283 5282
f 5282 5283 5284
f 5282 5284 5281
f 5283 5285 5284
f 5283 5286 5285
f 5283 4971 5286
f 4971 4972 5286
f 4972 4948 5286
f 4948 5261 5287
f 4948 5287 5286
f 5286 5287 5285
f 5261 5288 5287
f 5261 5264 5288
f 5270 5271 5289
f 5270 5289 5269
f 5271 5290 5289
f 4955 4973 5291
f 4955 5292 5272
f 4955 5291 5292
f 5272 5290 5271
f 5272 5292 5290
f 5291 5293 5292
f 5291 5294 5293
f 5291 4973 5294
f 4973 4974 5294
f 4974 4976 5295
f 4974 5295 5294
f 5294 5295 5296
f 5294 5296 5293
f 5295 5297 5296
f 5295 5298 5297
f 5295 4976 5298
f 4976 4977 5298
f 4977 4961 5298
f 4961 5273 5299
f 4961 5299 5298
f 5298 5299 5297
f 5273 5300 5299
f 5273 5276 5300
f 5301 5303 5302
f 5301 5304 5303
f 5301 5305 5304
f 5301 5306 5305
f 5301 5307 5306
f 5301 5302 5307
f 5306 5309 5308
f 5306 5307 5309
f 5306 5308 5310
f 5306 5310 5305
f 5308 5311 5310
f 5308 5312 5311
f 5308 5313 5312
f 5308 5309 5313
f 5312 5313 5314
f 5312 5314 5311
f 5315 5317 5316
f 5315 5318 5317
f 5315 5319 5318
f 5315 5320 5319
f 5315 5321 5320
f 5315 5316 5321
f 5320 5323 5322
f 5320 5321 5323
f 5320 5322 5324
f 5320 5324 5319
f 5322 5325 5324
f 5322 5326 5325
f 5322 5327 5326
f 5322 5323 5327
f 5326 5327 5328
f 5326 5328 5325
f 5329 5331 5330
f 5329 5332 5331
f 4980 5332 5329
f 4980 4981 5332
f 4980 5329 5333
f 4980 5333 4985
f 5329 5334 5333
f 5329 5330 5334
f 5333 5336 5335
f 5333 5334 5336
f 5333 5335 4985
f 4985 5335 4987
f 4987 5335 5337
f 4987 5337 4990
f 5304 5337 5335
f 5304 5305 5337
f 5304 5335 5336
f 5304 5336 5303
f 5305 5338 5337
f 5337 5338 4990
f 4990 5338 4992
f 4992 5338 5339
f 4992 5339 4994
f 5310 5339 5338
f 5310 5311 5339
f 5310 5338 5305
f 5311 5340 5339
f 5339 5340 4994
f 4994 5340 4996
f 4996 5340 5341
f 4996 5341 4999
f 5340 5342 5341
f 5311 5342 5340
f 5311 5314 5342
f 5341 5344 5343
f 5341 5342 5344
f 5341 5343 4999
f 4999 5343 5345
f 4999 5345 5000
f 5343 5346 5345
f 5343 5347 5346
f 5343 5344 5347
f 5346 5347 5348
f 5346 5348 5345
f 5349 5351 5350
f 5349 5352 5351
f 5349 5353 5352
f 5349 5354 5353
f 5349 5355 5354
f 5349 5350 5355
f 5354 5357 5356
f 5354 5355 5357
f 5354 5356 5358
f 5354 5358 5353
f 5002 5358 5356
f 5002 5003 5358
f 5002 5356 5359
f 5002 5359 5007
f 5356 5360 5359
f 5356 5357 5360
f 5359 5362 5361
f 5359 5360 5362
f 5359 5361 5007
f 5007 5361 5009
f 5009 5361 5363
f 5009 5363 5012
f 5318 5363 5361
f 5318 5319 5363
f 5318 5361 5362
f 5318 5362 5317
f 5319 5364 5363
f 5363 5364 5012
f 5012 5364 5014
f 5014 5364 5365
f 5014 5365 5016
f 5324 5365 5364
f 5324 5325 5365
f 5324 5364 5319
f 5325 5366 5365
f 5365 5366 5016
f 5016 5366 5018
f 5018 5366 5367
f 5018 5367 5021
f 5366 5368 5367
f 5325 5368 5366
f 5325 5328 5368
f 5367 5368 5369
f 5367 5370 5021
f 5367 5369 5370
f 5021 5370 5022
f 5371 5373 5372
f 5371 5374 5373
f 5371 5375 5374
f 5371 5376 5375
f 5371 5377 5376
f 5371 5372 5377
f 5376 5379 5378
f 5376 5377 5379
f 5376 5378 5380
f 5376 5380 5375
f 5024 5380 5378
f 5024 5025 5380
f 5024 5378 4981
f 4981 5378 5332
f 5332 5378 5379
f 5332 5379 5331
f 5000 5381 5033
f 5000 5345 5381
f 5345 5382 5381
f 5381 5382 5033
f 5033 5382 5383
f 5033 5383 5034
f 5382 5384 5383
f 5382 5385 5384
f 5345 5385 5382
f 5345 5348 5385
f 5384 5385 5386
f 5384 5386 5383
f 5387 5389 5388
f 5387 5390 5389
f 5387 5391 5390
f 5387 5392 5391
f 5387 5393 5392
f 5387 5388 5393
f 5392 5395 5394
f 5392 5393 5395
f 5392 5394 5396
f 5392 5396 5391
f 5036 5396 5394
f 5036 5037 5396
f 5036 5394 5397
f 5036 5397 5041
f 5352 5397 5394
f 5352 5353 5397
f 5352 5394 5395
f 5352 5395 5351
f 5353 5398 5397
f 5397 5398 5041
f 5041 5398 5043
f 5043 5398 5003
f 5003 5398 5358
f 5358 5398 5353
f 5049 5399 5048
f 5049 5400 5399
f 5049 5022 5400
f 5022 5401 5400
f 5022 5370 5401
f 5370 5369 5401
f 5400 5401 5402
f 5400 5402 5399
f 5403 5405 5404
f 5403 5406 5405
f 5403 5407 5406
f 5403 5408 5407
f 5374 5408 5403
f 5374 5375 5408
f 5374 5403 5404
f 5374 5404 5373
f 5375 5409 5408
f 5408 5409 5410
f 5408 5410 5407
f 5052 5410 5409
f 5052 5053 5410
f 5052 5409 5025
f 5025 5409 5380
f 5380 5409 5375
f 5058 5411 5057
f 5058 5412 5411
f 5058 5034 5412
f 5034 5383 5412
f 5383 5413 5412
f 5383 5414 5413
f 5412 5413 5411
f 5383 5386 5414
f 5415 5417 5416
f 5415 5418 5417
f 5415 5419 5418
f 5415 5420 5419
f 5390 5420 5415
f 5390 5391 5420
f 5390 5415 5416
f 5390 5416 5389
f 5391 5421 5420
f 5420 5421 5422
f 5420 5422 5419
f 5060 5422 5421
f 5060 5061 5422
f 5060 5421 5037
f 5037 5421 5396
f 5396 5421 5391
f 5068 5423 5069
f 5068 5424 5423
f 5068 5048 5424
f 5048 5399 5424
f 5399 5425 5424
f 5399 5426 5425
f 5424 5425 5423
f 5399 5402 5426
f 5406 5407 5427
f 5406 5427 5405
f 5407 5428 5429
f 5407 5429 5427
f 5428 5430 5429
f 5072 5430 5428
f 5072 5073 5430
f 5072 5428 5053
f 5053 5428 5410
f 5410 5428 5407
f 5080 5431 5079
f 5080 5432 5431
f 5080 5057 5432
f 5057 5411 5432
f 5411 5433 5432
f 5411 5434 5433
f 5432 5433 5431
f 5411 5413 5434
f 5435 5437 5436
f 5435 5438 5437
f 5435 5439 5438
f 5435 5440 5439
f 5418 5440 5435
f 5418 5419 5440
f 5418 5435 5436
f 5418 5436 5417
f 5419 5441 5440
f 5440 5441 5442
f 5440 5442 5439
f 5082 5442 5441
f 5082 5083 5442
f 5082 5441 5061
f 5061 5441 5422
f 5422 5441 5419
f 5443 5444 5445
f 5443 5445 5446
f 5091 5446 5092
f 5091 5443 5446
f 5091 5069 5443
f 5069 5423 5447
f 5069 5447 5443
f 5443 5447 5444
f 5423 5448 5447
f 5423 5425 5448
f 5449 5451 5450
f 5449 5452 5451
f 5449 5453 5452
f 5073 5453 5449
f 5073 5093 5453
f 5073 5449 5430
f 5430 5449 5450
f 5430 5450 5429
f 5093 5454 5453
f 5093 5095 5454
f 5103 5455 5104
f 5103 5105 5455
f 5456 5457 5458
f 5105 5458 5455
f 5105 5456 5458
f 5105 5106 5456
f 5106 5079 5456
f 5079 5431 5459
f 5079 5459 5456
f 5456 5459 5457
f 5431 5460 5459
f 5431 5433 5460
f 5438 5439 5461
f 5438 5461 5437
f 5439 5462 5463
f 5439 5463 5461
f 5462 5464 5463
f 5462 5465 5464
f 5083 5465 5462
f 5083 5107 5465
f 5083 5462 5442
f 5442 5462 5439
f 5107 5466 5465
f 5107 5109 5466
f 5117 5467 5118
f 5117 5119 5467
f 5468 5469 5470
f 5119 5470 5467
f 5119 5468 5470
f 5119 5120 5468
f 5120 5092 5468
f 5092 5446 5468
f 5446 5445 5469
f 5446 5469 5468
f 5452 5453 5471
f 5452 5471 5451
f 5453 5472 5473
f 5453 5473 5471
f 5472 5474 5473
f 5472 5475 5474
f 5095 5475 5472
f 5095 5121 5475
f 5095 5472 5454
f 5454 5472 5453
f 5121 5476 5475
f 5121 5477 5476
f 5121 5122 5477
f 5122 5123 5477
f 5123 5478 5477
f 5123 5479 5478
f 5123 5124 5479
f 5124 5125 5479
f 5480 5481 5482
f 5125 5482 5479
f 5125 5480 5482
f 5125 5126 5480
f 5126 5104 5480
f 5104 5455 5483
f 5104 5483 5480
f 5480 5483 5481
f 5455 5484 5483
f 5455 5458 5484
f 5464 5465 5485
f 5464 5485 5463
f 5465 5486 5487
f 5465 5487 5485
f 5486 5488 5487
f 5486 5489 5488
f 5109 5489 5486
f 5109 5127 5489
f 5109 5486 5466
f 5466 5486 5465
f 5127 5490 5489
f 5127 5491 5490
f 5127 5128 5491
f 5128 5129 5491
f 5129 5492 5491
f 5129 5493 5492
f 5129 5130 5493
f 5130 5131 5493
f 5494 5495 5496
f 5131 5496 5493
f 5131 5494 5496
f 5131 5132 5494
f 5132 5118 5494
f 5118 5467 5497
f 5118 5497 5494
f 5494 5497 5495
f 5467 5498 5497
f 5467 5470 5498
f 5474 5475 5499
f 5474 5499 5473
f 5475 5500 5499
f 5476 5477 5501
f 5476 5500 5475
f 5476 5501 5500
f 5477 5502 5501
f 5478 5479 5503
f 5478 5502 5477
f 5478 5503 5502
f 5479 5504 5503
f 5479 5482 5504
f 5488 5489 5505
f 5488 5505 5487
f 5489 5506 5505
f 5490 5491 5507
f 5490 5506 5489
f 5490 5507 5506
f 5491 5508 5507
f 5492 5493 5509
f 5492 5508 5491
f 5492 5509 5508
f 5493 5510 5509
f 5493 5496 5510
f 5511 5513 5512
f 5511 5514 5513
f 5511 5515 5514
f 5511 5516 5515
f 5511 5517 5516
f 5511 5512 5517
f 5516 5519 5518
f 5516 5517 5519
f 5516 5518 5520
f 5516 5520 5515
f 5518 5521 5520
f 5518 5522 5521
f 5518 5523 5522
f 5518 5519 5523
f 5522 5525 5524
f 5522 5523 5525
f 5522 5524 5526
f 5522 5526 5521
f 5524 5527 5526
f 5524 5528 5527
f 5524 5529 5528
f 5524 5525 5529
f 5528 5529 5530
f 5528 5530 5527
f 5531 5533 5532
f 5531 5534 5533
f 5531 5535 5534
f 5531 5536 5535
f 5531 5537 5536
f 5531 5532 5537
f 5536 5539 5538
f 5536 5537 5539
f 5536 5538 5540
f 5536 5540 5535
f 5538 5541 5540
f 5538 5542 5541
f 5538 5543 5542
f 5538 5539 5543
f 5542 5545 5544
f 5542 5543 5545
f 5542 5544 5546
f 5542 5546 5541
f 5544 5547 5546
f 5544 5548 5547
f 5544 5549 5548
f 5544 5545 5549
f 5548 5549 5550
f 5548 5550 5547
f 5551 5553 5552
f 5551 5554 5553
f 5551 5555 5554
f 5551 5556 5555
f 5551 5557 5556
f 5551 5552 5557
f 5556 5559 5558
f 5556 5557 5559
f 5556 5558 5560
f 5556 5560 5555
f 5134 5560 5558
f 5134 5135 5560
f 5134 5558 5561
f 5134 5561 5139
f 5514 5561 5558
f 5514 5515 5561
f 5514 5558 5559
f 5514 5559 5513
f 5515 5562 5561
f 5561 5562 5139
f 5139 5562 5141
f 5141 5562 5563
f 5141 5563 5145
f 5520 5563 5562
f 5520 5521 5563
f 5520 5562 5515
f 5521 5564 5563
f 5563 5564 5145
f 5145 5564 5147
f 5147 5564 5565
f 5147 5565 5151
f 5526 5565 5564
f 5526 5527 5565
f 5526 5564 5521
f 5527 5566 5565
f 5565 5566 5151
f 5151 5566 5567
f 5151 5567 5152
f 5566 5568 5567
f 5566 5569 5568
f 5527 5569 5566
f 5527 5530 5569
f 5568 5569 5570
f 5568 5570 5567
f 5571 5573 5572
f 5571 5574 5573
f 5571 5575 5574
f 5571 5576 5575
f 5571 5577 5576
f 5571 5572 5577
f 5576 5579 5578
f 5576 5577 5579
f 5576 5578 5580
f 5576 5580 5575
f 5154 5580 5578
f 5154 5155 5580
f 5154 5578 5581
f 5154 5581 5159
f 5534 5581 5578
f 5534 5535 5581
f 5534 5578 5579
f 5534 5579 5533
f 5535 5582 5581
f 5581 5582 5159
f 5159 5582 5161
f 5161 5582 5583
f 5161 5583 5165
f 5540 5583 5582
f 5540 5541 5583
f 5540 5582 5535
f 5541 5584 5583
f 5583 5584 5165
f 5165 5584 5167
f 5167 5584 5585
f 5167 5585 5171
f 5546 5585 5584
f 5546 5547 5585
f 5546 5584 5541
f 5547 5586 5585
f 5585 5586 5171
f 5171 5586 5587
f 5171 5587 5172
f 5586 5588 5587
f 5586 5589 5588
f 5547 5589 5586
f 5547 5550 5589
f 5588 5589 5590
f 5588 5590 5587
f 5591 5593 5592
f 5591 5594 5593
f 5174 5594 5591
f 5174 5175 5594
f 5174 5591 5595
f 5174 5595 5179
f 5554 5595 5591
f 5554 5555 5595
f 5554 5591 5592
f 5554 5592 5553
f 5555 5596 5595
f 5595 5596 5179
f 5179 5596 5181
f 5181 5596 5135
f 5135 5596 5560
f 5560 5596 5555
f 5152 5597 5191
f 5152 5567 5597
f 5567 5598 5597
f 5597 5598 5191
f 5191 5598 5599
f 5191 5599 5192
f 5598 5600 5599
f 5598 5601 5600
f 5567 5601 5598
f 5567 5570 5601
f 5600 5601 5602
f 5600 5602 5599
f 5603 5605 5604
f 5603 5606 5605
f 5603 5607 5606
f 5603 5608 5607
f 5603 5609 5608
f 5603 5604 5609
f 5608 5611 5610
f 5608 5609 5611
f 5608 5610 5612
f 5608 5612 5607
f 5194 5612 5610
f 5194 5195 5612
f 5194 5610 5613
f 5194 5613 5199
f 5574 5613 5610
f 5574 5575 5613
f 5574 5610 5611
f 5574 5611 5573
f 5575 5614 5613
f 5613 5614 5199
f 5199 5614 5201
f 5201 5614 5155
f 5155 5614 5580
f 5580 5614 5575
f 5172 5615 5211
f 5172 5587 5615
f 5587 5616 5615
f 5587 5617 5616
f 5615 5618 5211
f 5615 5616 5618
f 5211 5618 5212
f 5587 5590 5617
f 5619 5621 5620
f 5619 5622 5621
f 5619 5623 5622
f 5619 5624 5623
f 5619 5625 5624
f 5619 5620 5625
f 5624 5627 5626
f 5624 5625 5627
f 5624 5626 5628
f 5624 5628 5623
f 5214 5628 5626
f 5214 5215 5628
f 5214 5626 5175
f 5175 5626 5594
f 5594 5626 5627
f 5594 5627 5593
f 5222 5629 5221
f 5222 5630 5629
f 5222 5192 5630
f 5192 5599 5630
f 5599 5631 5630
f 5599 5632 5631
f 5630 5631 5629
f 5599 5602 5632
f 5633 5635 5634
f 5633 5636 5635
f 5633 5637 5636
f 5633 5638 5637
f 5606 5638 5633
f 5606 5607 5638
f 5606 5633 5634
f 5606 5634 5605
f 5607 5639 5638
f 5638 5639 5640
f 5638 5640 5637
f 5224 5640 5639
f 5224 5225 5640
f 5224 5639 5195
f 5195 5639 5612
f 5612 5639 5607
f 5233 5641 5232
f 5233 5642 5641
f 5233 5212 5642
f 5212 5643 5642
f 5212 5618 5643
f 5618 5616 5643
f 5642 5643 5644
f 5642 5644 5641
f 5645 5647 5646
f 5645 5648 5647
f 5645 5649 5648
f 5645 5650 5649
f 5622 5650 5645
f 5622 5623 5650
f 5622 5645 5646
f 5622 5646 5621
f 5623 5651 5650
f 5650 5651 5652
f 5650 5652 5649
f 5236 5652 5651
f 5236 5237 5652
f 5236 5651 5215
f 5215 5651 5628
f 5628 5651 5623
f 5242 5653 5241
f 5242 5654 5653
f 5242 5221 5654
f 5221 5629 5654
f 5629 5655 5654
f 5629 5656 5655
f 5654 5655 5653
f 5629 5631 5656
f 5657 5659 5658
f 5657 5660 5659
f 5657 5661 5660
f 5657 5662 5661
f 5636 5662 5657
f 5636 5637 5662
f 5636 5657 5658
f 5636 5658 5635
f 5637 5663 5662
f 5662 5663 5664
f 5662 5664 5661
f 5244 5664 5663
f 5244 5245 5664
f 5244 5663 5225
f 5225 5663 5640
f 5640 5663 5637
f 5252 5665 5253
f 5252 5666 5665
f 5252 5232 5666
f 5232 5641 5666
f 5641 5667 5666
f 5641 5668 5667
f 5666 5667 5665
f 5641 5644 5668
f 5648 5649 5669
f 5648 5669 5647
f 5649 5670 5671
f 5649 5671 5669
f 5670 5672 5671
f 5256 5672 5670
f 5256 5257 5672
f 5256 5670 5237
f 5237 5670 5652
f 5652 5670 5649
f 5263 5673 5264
f 5263 5265 5673
f 5674 5675 5676
f 5265 5676 5673
f 5265 5674 5676
f 5265 5266 5674
f 5266 5241 5674
f 5241 5653 5677
f 5241 5677 5674
f 5674 5677 5675
f 5653 5678 5677
f 5653 5655 5678
f 5660 5661 5679
f 5660 5679 5659
f 5661 5680 5681
f 5661 5681 5679
f 5680 5682 5681
f 5680 5683 5682
f 5245 5683 5680
f 5245 5267 5683
f 5245 5680 5664
f 5664 5680 5661
f 5267 5684 5683
f 5267 5269 5684
f 5685 5686 5687
f 5685 5687 5688
f 5275 5688 5276
f 5275 5685 5688
f 5275 5253 5685
f 5253 5665 5689
f 5253 5689 5685
f 5685 5689 5686
f 5665 5690 5689
f 5665 5667 5690
f 5257 5277 5691
f 5257 5692 5672
f 5257 5691 5692
f 5672 5692 5671
f 5691 5693 5692
f 5691 5694 5693
f 5691 5277 5694
f 5277 5695 5694
f 5277 5278 5695
f 5278 5280 5695
f 5280 5696 5695
f 5280 5697 5696
f 5280 5281 5697
f 5281 5284 5697
f 5698 5699 5700
f 5284 5700 5697
f 5284 5698 5700
f 5284 5285 5698
f 5285 5287 5701
f 5285 5701 5698
f 5698 5701 5702
f 5698 5702 5699
f 5701 5703 5702
f 5701 5704 5703
f 5701 5287 5704
f 5287 5288 5704
f 5288 5264 5704
f 5264 5673 5705
f 5264 5705 5704
f 5704 5705 5703
f 5673 5706 5705
f 5673 5676 5706
f 5682 5683 5707
f 5682 5707 5681
f 5683 5708 5707
f 5269 5289 5709
f 5269 5710 5684
f 5269 5709 5710
f 5684 5708 5683
f 5684 5710 5708
f 5709 5711 5710
f 5709 5712 5711
f 5709 5289 5712
f 5289 5713 5712
f 5289 5290 5713
f 5290 5292 5713
f 5292 5714 5713
f 5292 5715 5714
f 5292 5293 5715
f 5293 5296 5715
f 5716 5717 5718
f 5296 5718 5715
f 5296 5716 5718
f 5296 5297 5716
f 5297 5299 5719
f 5297 5719 5716
f 5716 5719 5720
f 5716 5720 5717
f 5719 5721 5720
f 5719 5722 5721
f 5719 5299 5722
f 5299 5300 5722
f 5300 5276 5722
f 5276 5688 5722
f 5688 5687 5721
f 5688 5721 5722
f 5694 5695 5723
f 5694 5723 5693
f 5695 5724 5723
f 5696 5697 5725
f 5696 5724 5695
f 5696 5725 5724
f 5697 5726 5725
f 5697 5700 5726
f 5712 5713 5727
f 5712 5727 5711
f 5713 5728 5727
f 5714 5715 5729
f 5714 5728 5713
f 5714 5729 5728
f 5715 5730 5729
f 5715 5718 5730
f 5731 5733 5732
f 5731 5734 5733
f 5731 5735 5734
f 5731 5736 5735
f 5731 5737 5736
f 5731 5732 5737
f 5736 5739 5738
f 5736 5737 5739
f 5736 5738 5740
f 5736 5740 5735
f 5302 5740 5738
f 5302 5303 5740
f 5302 5738 5741
f 5302 5741 5307
f 5738 5742 5741
f 5738 5739 5742
f 5741 5744 5743
f 5741 5742 5744
f 5741 5743 5307
f 5307 5743 5309
f 5309 5743 5745
f 5309 5745 5313
f 5743 5746 5745
f 5743 5744 5746
f 5745 5748 5747
f 5745 5746 5748
f 5745 5747 5313
f 5313 5747 5749
f 5313 5749 5314
f 5747 5750 5749
f 5747 5751 5750
f 5747 5748 5751
f 5750 5751 5752
f 5750 5752 5749
f 5753 5755 5754
f 5753 5756 5755
f 5753 5757 5756
f 5753 5758 5757
f 5753 5759 5758
f 5753 5754 5759
f 5758 5761 5760
f 5758 5759 5761
f 5758 5760 5762
f 5758 5762 5757
f 5316 5762 5760
f 5316 5317 5762
f 5316 5760 5763
f 5316 5763 5321
f 5760 5764 5763
f 5760 5761 5764
f 5763 5766 5765
f 5763 5764 5766
f 5763 5765 5321
f 5321 5765 5323
f 5323 5765 5767
f 5323 5767 5327
f 5765 5768 5767
f 5765 5766 5768
f 5767 5770 5769
f 5767 5768 5770
f 5767 5769 5327
f 5327 5769 5771
f 5327 5771 5328
f 5769 5772 5771
f 5769 5773 5772
f 5769 5770 5773
f 5772 5773 5774
f 5772 5774 5771
f 5775 5777 5776
f 5775 5778 5777
f 5775 5779 5778
f 5775 5780 5779
f 5775 5781 5780
f 5775 5776 5781
f 5780 5783 5782
f 5780 5781 5783
f 5780 5782 5784
f 5780 5784 5779
f 5330 5784 5782
f 5330 5331 5784
f 5330 5782 5785
f 5330 5785 5334
f 5734 5785 5782
f 5734 5735 5785
f 5734 5782 5783
f 5734 5783 5733
f 5735 5786 5785
f 5785 5786 5334
f 5334 5786 5336
f 5336 5786 5303
f 5303 5786 5740
f 5740 5786 5735
f 5314 5787 5342
f 5314 5749 5787
f 5749 5788 5787
f 5787 5788 5342
f 5342 5788 5344
f 5344 5788 5789
f 5344 5789 5347
f 5788 5790 5789
f 5749 5790 5788
f 5749 5752 5790
f 5789 5792 5791
f 5789 5790 5792
f 5789 5791 5347
f 5347 5791 5793
f 5347 5793 5348
f 5791 5794 5793
f 5791 5795 5794
f 5791 5792 5795
f 5794 5795 5796
f 5794 5796 5793
f 5797 5799 5798
f 5797 5800 5799
f 5797 5801 5800
f 5797 5802 5801
f 5797 5803 5802
f 5797 5798 5803
f 5802 5805 5804
f 5802 5803 5805
f 5802 5804 5806
f 5802 5806 5801
f 5350 5806 5804
f 5350 5351 5806
f 5350 5804 5807
f 5350 5807 5355
f 5804 5808 5807
f 5804 5805 5808
f 5807 5810 5809
f 5807 5808 5810
f 5807 5809 5355
f 5355 5809 5357
f 5357 5809 5811
f 5357 5811 5360
f 5756 5811 5809
f 5756 5757 5811
f 5756 5809 5810
f 5756 5810 5755
f 5757 5812 5811
f 5811 5812 5360
f 5360 5812 5362
f 5362 5812 5317
f 5317 5812 5762
f 5762 5812 5757
f 5328 5813 5368
f 5328 5771 5813
f 5771 5814 5813
f 5813 5814 5368
f 5368 5814 5815
f 5368 5815 5369
f 5814 5816 5815
f 5814 5817 5816
f 5771 5817 5814
f 5771 5774 5817
f 5816 5817 5818
f 5816 5818 5815
f 5819 5821 5820
f 5819 5822 5821
f 5372 5822 5819
f 5372 5373 5822
f 5372 5819 5823
f 5372 5823 5377
f 5778 5823 5819
f 5778 5779 5823
f 5778 5819 5820
f 5778 5820 5777
f 5779 5824 5823
f 5823 5824 5377
f 5377 5824 5379
f 5379 5824 5331
f 5331 5824 5784
f 5784 5824 5779
f 5348 5825 5385
f 5348 5793 5825
f 5793 5826 5825
f 5825 5826 5385
f 5385 5826 5827
f 5385 5827 5386
f 5826 5828 5827
f 5826 5829 5828
f 5793 5829 5826
f 5793 5796 5829
f 5828 5831 5830
f 5828 5829 5831
f 5828 5830 5832
f 5828 5832 5827
f 5830 5833 5832
f 5830 5834 5833
f 5830 5835 5834
f 5830 5831 5835
f 5834 5835 5836
f 5834 5836 5833
f 5837 5839 5838
f 5837 5840 5839
f 5837 5841 5840
f 5837 5842 5841
f 5837 5843 5842
f 5837 5838 5843
f 5842 5845 5844
f 5842 5843 5845
f 5842 5844 5846
f 5842 5846 5841
f 5844 5847 5846
f 5844 5848 5847
f 5844 5849 5848
f 5844 5845 5849
f 5848 5851 5850
f 5848 5849 5851
f 5848 5850 5852
f 5848 5852 5847
f 5388 5852 5850
f 5388 5389 5852
f 5388 5850 5853
f 5388 5853 5393
f 5800 5853 5850
f 5800 5801 5853
f 5800 5850 5851
f 5800 5851 5799
f 5801 5854 5853
f 5853 5854 5393
f 5393 5854 5395
f 5395 5854 5351
f 5351 5854 5806
f 5806 5854 5801
f 5369 5855 5401
f 5369 5815 5855
f 5815 5856 5855
f 5815 5857 5856
f 5855 5858 5401
f 5855 5856 5858
f 5401 5858 5402
f 5815 5818 5857
f 5859 5861 5860
f 5859 5862 5861
f 5404 5862 5859
f 5404 5405 5862
f 5404 5859 5373
f 5373 5859 5822
f 5822 5859 5860
f 5822 5860 5821
f 5414 5863 5413
f 5414 5864 5863
f 5414 5386 5864
f 5386 5827 5864
f 5827 5865 5864
f 5864 5865 5866
f 5864 5866 5863
f 5865 5867 5866
f 5865 5868 5867
f 5832 5868 5865
f 5832 5833 5868
f 5832 5865 5827
f 5833 5869 5868
f 5833 5870 5869
f 5868 5869 5867
f 5833 5836 5870
f 5871 5873 5872
f 5871 5874 5873
f 5871 5875 5874
f 5871 5876 5875
f 5840 5876 5871
f 5840 5841 5876
f 5840 5871 5872
f 5840 5872 5839
f 5841 5877 5876
f 5876 5877 5878
f 5876 5878 5875
f 5877 5879 5878
f 5877 5880 5879
f 5846 5880 5877
f 5846 5847 5880
f 5846 5877 5841
f 5847 5881 5880
f 5880 5881 5882
f 5880 5882 5879
f 5416 5882 5881
f 5416 5417 5882
f 5416 5881 5389
f 5389 5881 5852
f 5852 5881 5847
f 5883 5884 5885
f 5883 5885 5886
f 5426 5886 5425
f 5426 5883 5886
f 5426 5402 5883
f 5402 5858 5883
f 5858 5856 5884
f 5858 5884 5883
f 5887 5889 5888
f 5887 5890 5889
f 5887 5891 5890
f 5405 5891 5887
f 5405 5427 5891
f 5405 5887 5862
f 5862 5887 5888
f 5862 5888 5861
f 5427 5892 5891
f 5427 5429 5892
f 5434 5893 5433
f 5434 5894 5893
f 5434 5413 5894
f 5413 5863 5894
f 5863 5895 5894
f 5863 5896 5895
f 5894 5895 5893
f 5866 5867 5897
f 5866 5896 5863
f 5866 5897 5896
f 5867 5898 5897
f 5867 5869 5898
f 5874 5875 5899
f 5874 5899 5873
f 5875 5900 5901
f 5875 5901 5899
f 5900 5902 5901
f 5900 5903 5902
f 5900 5904 5903
f 5878 5904 5900
f 5878 5879 5904
f 5878 5900 5875
f 5879 5905 5904
f 5904 5905 5906
f 5904 5906 5903
f 5436 5906 5905
f 5436 5437 5906
f 5436 5905 5417
f 5417 5905 5882
f 5882 5905 5879
f 5444 5907 5445
f 5444 5447 5907
f 5908 5909 5910
f 5447 5910 5907
f 5447 5908 5910
f 5447 5448 5908
f 5448 5425 5908
f 5425 5886 5908
f 5886 5885 5909
f 5886 5909 5908
f 5890 5891 5911
f 5890 5911 5889
f 5891 5912 5913
f 5891 5913 5911
f 5912 5914 5913
f 5450 5914 5912
f 5450 5451 5914
f 5450 5912 5429
f 5429 5912 5892
f 5892 5912 5891
f 5457 5915 5458
f 5457 5459 5915
f 5916 5917 5918
f 5459 5918 5915
f 5459 5916 5918
f 5459 5460 5916
f 5460 5433 5916
f 5433 5893 5919
f 5433 5919 5916
f 5916 5919 5917
f 5893 5920 5919
f 5893 5895 5920
f 5902 5903 5921
f 5902 5921 5901
f 5903 5922 5923
f 5903 5923 5921
f 5922 5924 5923
f 5922 5925 5924
f 5437 5925 5922
f 5437 5461 5925
f 5437 5922 5906
f 5906 5922 5903
f 5461 5926 5925
f 5461 5463 5926
f 5927 5928 5929
f 5927 5929 5930
f 5469 5930 5470
f 5469 5927 5930
f 5469 5445 5927
f 5445 5907 5931
f 5445 5931 5927
f 5927 5931 5928
f 5907 5932 5931
f 5907 5910 5932
f 5933 5935 5934
f 5933 5936 5935
f 5933 5937 5936
f 5451 5937 5933
f 5451 5471 5937
f 5451 5933 5914
f 5914 5933 5934
f 5914 5934 5913
f 5471 5938 5937
f 5471 5473 5938
f 5481 5939 5482
f 5481 5483 5939
f 5940 5941 5942
f 5483 5942 5939
f 5483 5940 5942
f 5483 5484 5940
f 5484 5458 5940
f 5458 5915 5943
f 5458 5943 5940
f 5940 5943 5941
f 5915 5944 5943
f 5915 5918 5944
f 5924 5925 5945
f 5924 5945 5923
f 5925 5946 5947
f 5925 5947 5945
f 5946 5948 5947
f 5946 5949 5948
f 5463 5949 5946
f 5463 5485 5949
f 5463 5946 5926
f 5926 5946 5925
f 5485 5950 5949
f 5485 5487 5950
f 5495 5951 5496
f 5495 5497 5951
f 5952 5953 5954
f 5497 5954 5951
f 5497 5952 5954
f 5497 5498 5952
f 5498 5470 5952
f 5470 5930 5952
f 5930 5929 5953
f 5930 5953 5952
f 5936 5937 5955
f 5936 5955 5935
f 5937 5956 5957
f 5937 5957 5955
f 5956 5958 5957
f 5956 5959 5958
f 5473 5959 5956
f 5473 5499 5959
f 5473 5956 5938
f 5938 5956 5937
f 5499 5960 5959
f 5499 5961 5960
f 5499 5500 5961
f 5500 5501 5961
f 5501 5962 5961
f 5501 5963 5962
f 5501 5502 5963
f 5502 5503 5963
f 5964 5965 5966
f 5503 5966 5963
f 5503 5964 5966
f 5503 5504 5964
f 5504 5482 5964
f 5482 5939 5967
f 5482 5967 5964
f 5964 5967 5965
f 5939 5968 5967
f 5939 5942 5968
f 5948 5949 5969
f 5948 5969 5947
f 5949 5970 5971
f 5949 5971 5969
f 5970 5972 5971
f 5970 5973 5972
f 5487 5973 5970
f 5487 5505 5973
f 5487 5970 5950
f 5950 5970 5949
f 5505 5974 5973
f 5505 5975 5974
f 5505 5506 5975
f 5506 5507 5975
f 5507 5976 5975
f 5507 5977 5976
f 5507 5508 5977
f 5508 5509 5977
f 5978 5979 5980
f 5509 5980 5977
f 5509 5978 5980
f 5509 5510 5978
f 5510 5496 5978
f 5496 5951 5981
f 5496 5981 5978
f 5978 5981 5979
f 5951 5982 5981
f 5951 5954 5982
f 5983 5985 5984
f 5983 5986 5985
f 5983 5987 5986
f 5983 5988 5987
f 5958 5988 5983
f 5958 5959 5988
f 5958 5983 5984
f 5958 5984 5957
f 5959 5989 5988
f 5988 5989 5990
f 5988 5990 5987
f 5989 5991 5990
f 5989 5992 5991
f 5960 5992 5989
f 5960 5961 5992
f 5960 5989 5959
f 5961 5993 5992
f 5961 5994 5993
f 5992 5993 5991
f 5962 5963 5995
f 5962 5994 5961
f 5962 5995 5994
f 5963 5996 5995
f 5963 5966 5996
f 5972 5973 5997
f 5972 5997 5971
f 5973 5998 5999
f 5973 5999 5997
f 5998 6000 5999
f 5998 6001 6000
f 5998 6002 6001
f 5974 6002 5998
f 5974 5975 6002
f 5974 5998 5973
f 5975 6003 6002
f 6002 6003 6004
f 6002 6004 6001
f 6003 6005 6004
f 6003 6006 6005
f 5976 6006 6003
f 5976 5977 6006
f 5976 6003 5975
f 5977 6007 6006
f 5977 6008 6007
f 6006 6007 6005
f 5977 5980 6008
f 5986 5987 6009
f 5986 6009 5985
f 5987 6010 6009
f 5990 5991 6011
f 5990 6010 5987
f 5990 6011 6010
f 5991 6012 6011
f 5991 5993 6012
f 6000 6001 6013
f 6000 6013 5999
f 6001 6014 6013
f 6004 6005 6015
f 6004 6014 6001
f 6004 6015 6014
f 6005 6016 6015
f 6005 6007 6016
f 6017 6019 6018
f 6017 6020 6019
f 6017 6021 6020
f 6017 6022 6021
f 6017 6023 6022
f 6017 6018 6023
f 6022 6025 6024
f 6022 6023 6025
f 6022 6024 6026
f 6022 6026 6021
f 6024 6027 6026
f 6024 6028 6027
f 6024 6029 6028
f 6024 6025 6029
f 6028 6029 6030
f 6028 6030 6027
f 6031 6033 6032
f 6031 6034 6033
f 6031 6035 6034
f 6031 6036 6035
f 6031 6037 6036
f 6031 6032 6037
f 6036 6039 6038
f 6036 6037 6039
f 6036 6038 6040
f 6036 6040 6035
f 6038 6041 6040
f 6038 6042 6041
f 6038 6043 6042
f 6038 6039 6043
f 6042 6043 6044
f 6042 6044 6041
f 6045 6047 6046
f 6045 6048 6047
f 6045 6049 6048
f 6045 6050 6049
f 6020 6050 6045
f 6020 6021 6050
f 6020 6045 6046
f 6020 6046 6019
f 6021 6051 6050
f 6050 6051 6052
f 6050 6052 6049
f 6051 6053 6052
f 6051 6054 6053
f 6026 6054 6051
f 6026 6027 6054
f 6026 6051 6021
f 6027 6055 6054
f 6054 6055 6056
f 6054 6056 6053
f 6055 6057 6056
f 6055 6058 6057
f 6055 6059 6058
f 6027 6059 6055
f 6027 6030 6059
f 6058 6059 6060
f 6058 6060 6057
f 6061 6063 6062
f 6061 6064 6063
f 6061 6065 6064
f 6061 6066 6065
f 6061 6067 6066
f 6061 6062 6067
f 6066 6069 6068
f 6066 6067 6069
f 6066 6068 6070
f 6066 6070 6065
f 6068 6071 6070
f 6068 6072 6071
f 6034 6072 6068
f 6034 6035 6072
f 6034 6068 6069
f 6034 6069 6033
f 6035 6073 6072
f 6072 6073 6074
f 6072 6074 6071
f 6073 6075 6074
f 6073 6076 6075
f 6040 6076 6073
f 6040 6041 6076
f 6040 6073 6035
f 6041 6077 6076
f 6041 6078 6077
f 6076 6077 6075
f 6041 6044 6078
f 6079 6081 6080
f 6079 6082 6081
f 6079 6083 6082
f 6079 6084 6083
f 6079 6085 6084
f 6079 6080 6085
f 6084 6087 6086
f 6084 6085 6087
f 6084 6086 6088
f 6084 6088 6083
f 5512 6088 6086
f 5512 5513 6088
f 5512 6086 6089
f 5512 6089 5517
f 6048 6089 6086
f 6048 6049 6089
f 6048 6086 6087
f 6048 6087 6047
f 6049 6090 6089
f 6089 6090 5517
f 5517 6090 5519
f 5519 6090 6091
f 5519 6091 5523
f 6052 6091 6090
f 6052 6053 6091
f 6052 6090 6049
f 6053 6092 6091
f 6091 6092 5523
f 5523 6092 5525
f 5525 6092 6093
f 5525 6093 5529
f 6056 6093 6092
f 6056 6057 6093
f 6056 6092 6053
f 6057 6094 6093
f 6093 6094 5529
f 5529 6094 6095
f 5529 6095 5530
f 6094 6096 6095
f 6094 6097 6096
f 6057 6097 6094
f 6057 6060 6097
f 6096 6097 6098
f 6096 6098 6095
f 6099 6101 6100
f 6099 6102 6101
f 6099 6103 6102
f 6099 6104 6103
f 6099 6105 6104
f 6099 6100 6105
f 6104 6107 6106
f 6104 6105 6107
f 6104 6106 6108
f 6104 6108 6103
f 5532 6108 6106
f 5532 5533 6108
f 5532 6106 6109
f 5532 6109 5537
f 6064 6109 6106
f 6064 6065 6109
f 6064 6106 6107
f 6064 6107 6063
f 6065 6110 6109
f 6109 6110 5537
f 5537 6110 5539
f 5539 6110 6111
f 5539 6111 5543
f 6070 6111 6110
f 6070 6071 6111
f 6070 6110 6065
f 6071 6112 6111
f 6111 6112 5543
f 5543 6112 5545
f 5545 6112 6113
f 5545 6113 5549
f 6074 6113 6112
f 6074 6075 6113
f 6074 6112 6071
f 6075 6114 6113
f 6113 6114 5549
f 5549 6114 6115
f 5549 6115 5550
f 6114 6116 6115
f 6114 6117 6116
f 6075 6117 6114
f 6075 6077 6117
f 6116 6117 6118
f 6116 6118 6115
f 6119 6121 6120
f 6119 6122 6121
f 5552 6122 6119
f 5552 5553 6122
f 5552 6119 6123
f 5552 6123 5557
f 6082 6123 6119
f 6082 6083 6123
f 6082 6119 6120
f 6082 6120 6081
f 6083 6124 6123
f 6123 6124 5557
f 5557 6124 5559
f 5559 6124 5513
f 5513 6124 6088
f 6088 6124 6083
f 5530 6125 5569
f 5530 6095 6125
f 6095 6126 6125
f 6125 6126 5569
f 5569 6126 6127
f 5569 6127 5570
f 6126 6128 6127
f 6126 6129 6128
f 6095 6129 6126
f 6095 6098 6129
f 6128 6129 6130
f 6128 6130 6127
f 6131 6133 6132
f 6131 6134 6133
f 6131 6135 6134
f 6131 6136 6135
f 6131 6137 6136
f 6131 6132 6137
f 6136 6139 6138
f 6136 6137 6139
f 6136 6138 6140
f 6136 6140 6135
f 5572 6140 6138
f 5572 5573 6140
f 5572 6138 6141
f 5572 6141 5577
f 6102 6141 6138
f 6102 6103 6141
f 6102 6138 6139
f 6102 6139 6101
f 6103 6142 6141
f 6141 6142 5577
f 5577 6142 5579
f 5579 6142 5533
f 5533 6142 6108
f 6108 6142 6103
f 5550 6143 5589
f 5550 6115 6143
f 6115 6144 6143
f 6115 6145 6144
f 6143 6146 5589
f 6143 6144 6146
f 5589 6146 5590
f 6115 6118 6145
f 6147 6149 6148
f 6147 6150 6149
f 6147 6151 6150
f 6147 6152 6151
f 6147 6153 6152
f 6147 6148 6153
f 6152 6155 6154
f 6152 6153 6155
f 6152 6154 6156
f 6152 6156 6151
f 5592 6156 6154
f 5592 5593 6156
f 5592 6154 5553
f 5553 6154 6122
f 6122 6154 6155
f 6122 6155 6121
f 5570 6157 5601
f 5570 6127 6157
f 6127 6158 6157
f 6157 6158 5601
f 5601 6158 6159
f 5601 6159 5602
f 6158 6160 6159
f 6158 6161 6160
f 6127 6161 6158
f 6127 6130 6161
f 6160 6161 6162
f 6160 6162 6159
f 6163 6165 6164
f 6163 6166 6165
f 6163 6167 6166
f 6163 6168 6167
f 6163 6169 6168
f 6163 6164 6169
f 6168 6171 6170
f 6168 6169 6171
f 6168 6170 6172
f 6168 6172 6167
f 5604 6172 6170
f 5604 5605 6172
f 5604 6170 6173
f 5604 6173 5609
f 6134 6173 6170
f 6134 6135 6173
f 6134 6170 6171
f 6134 6171 6133
f 6135 6174 6173
f 6173 6174 5609
f 5609 6174 5611
f 5611 6174 5573
f 5573 6174 6140
f 6140 6174 6135
f 5617 6175 5616
f 5617 6176 6175
f 5617 5590 6176
f 5590 6177 6176
f 5590 6146 6177
f 6146 6144 6177
f 6176 6177 6178
f 6176 6178 6175
f 6179 6181 6180
f 6179 6182 6181
f 5620 6182 6179
f 5620 5621 6182
f 5620 6179 6183
f 5620 6183 5625
f 6150 6183 6179
f 6150 6151 6183
f 6150 6179 6180
f 6150 6180 6149
f 6151 6184 6183
f 6183 6184 5625
f 5625 6184 5627
f 5627 6184 5593
f 5593 6184 6156
f 6156 6184 6151
f 5632 6185 5631
f 5632 6186 6185
f 5632 5602 6186
f 5602 6159 6186
f 6159 6187 6186
f 6186 6187 6188
f 6186 6188 6185
f 6187 6189 6188
f 6187 6190 6189
f 6187 6191 6190
f 6159 6191 6187
f 6159 6162 6191
f 6190 6191 6192
f 6190 6192 6189
f 6193 6195 6194
f 6193 6196 6195
f 6193 6197 6196
f 6193 6198 6197
f 6193 6199 6198
f 6193 6194 6199
f 6198 6201 6200
f 6198 6199 6201
f 6198 6200 6202
f 6198 6202 6197
f 6200 6203 6202
f 6200 6204 6203
f 6166 6204 6200
f 6166 6167 6204
f 6166 6200 6201
f 6166 6201 6165
f 6167 6205 6204
f 6204 6205 6206
f 6204 6206 6203
f 5634 6206 6205
f 5634 5635 6206
f 5634 6205 5605
f 5605 6205 6172
f 6172 6205 6167
f 5616 6207 5643
f 5616 6175 6207
f 6175 6208 6207
f 6175 6209 6208
f 6207 6210 5643
f 6207 6208 6210
f 5643 6210 5644
f 6175 6178 6209
f 6211 6213 6212
f 6211 6214 6213
f 5646 6214 6211
f 5646 5647 6214
f 5646 6211 5621
f 5621 6211 6182
f 6182 6211 6212
f 6182 6212 6181
f 5656 6215 5655
f 5656 6216 6215
f 5656 5631 6216
f 5631 6185 6216
f 6185 6217 6216
f 6216 6217 6218
f 6216 6218 6215
f 6217 6219 6218
f 6217 6220 6219
f 6188 6220 6217
f 6188 6189 6220
f 6188 6217 6185
f 6189 6221 6220
f 6189 6222 6221
f 6220 6221 6219
f 6189 6192 6222
f 6223 6225 6224
f 6223 6226 6225
f 6223 6227 6226
f 6223 6228 6227
f 6196 6228 6223
f 6196 6197 6228
f 6196 6223 6224
f 6196 6224 6195
f 6197 6229 6228
f 6228 6229 6230
f 6228 6230 6227
f 6229 6231 6230
f 6229 6232 6231
f 6202 6232 6229
f 6202 6203 6232
f 6202 6229 6197
f 6203 6233 6232
f 6232 6233 6234
f 6232 6234 6231
f 5658 6234 6233
f 5658 5659 6234
f 5658 6233 5635
f 5635 6233 6206
f 6206 6233 6203
f 6235 6236 6237
f 6235 6237 6238
f 5668 6238 5667
f 5668 6235 6238
f 5668 5644 6235
f 5644 6210 6235
f 6210 6208 6236
f 6210 6236 6235
f 6239 6241 6240
f 6239 6242 6241
f 6239 6243 6242
f 5647 6243 6239
f 5647 5669 6243
f 5647 6239 6214
f 6214 6239 6240
f 6214 6240 6213
f 5669 6244 6243
f 5669 5671 6244
f 5675 6245 5676
f 5675 5677 6245
f 6246 6247 6248
f 5677 6248 6245
f 5677 6246 6248
f 5677 5678 6246
f 5678 5655 6246
f 5655 6215 6249
f 5655 6249 6246
f 6246 6249 6247
f 6215 6250 6249
f 6218 6219 6251
f 6218 6250 6215
f 6218 6251 6250
f 6219 6252 6251
f 6219 6221 6252
f 6226 6227 6253
f 6226 6253 6225
f 6227 6254 6253
f 6230 6231 6255
f 6230 6254 6227
f 6230 6255 6254
f 6231 6256 6257
f 6231 6257 6255
f 6256 6258 6257
f 6256 6259 6258
f 5659 6259 6256
f 5659 5679 6259
f 5659 6256 6234
f 6234 6256 6231
f 5679 6260 6259
f 5679 5681 6260
f 5686 6261 5687
f 5686 5689 6261
f 6262 6263 6264
f 5689 6264 6261
f 5689 6262 6264
f 5689 5690 6262
f 5690 5667 6262
f 5667 6238 6262
f 6238 6237 6263
f 6238 6263 6262
f 6242 6243 6265
f 6242 6265 6241
f 6243 6266 6267
f 6243 6267 6265
f 6266 6268 6267
f 6266 6269 6268
f 5671 6269 6266
f 5671 5692 6269
f 5671 6266 6244
f 6244 6266 6243
f 5692 6270 6269
f 5692 5693 6270
f 5699 6271 5700
f 5699 5702 6271
f 6272 6273 6274
f 5702 6274 6271
f 5702 6272 6274
f 5702 5703 6272
f 5703 5705 6275
f 5703 6275 6272
f 6272 6275 6276
f 6272 6276 6273
f 6275 6277 6276
f 6275 6278 6277
f 6275 5705 6278
f 5705 5706 6278
f 5706 5676 6278
f 5676 6245 6279
f 5676 6279 6278
f 6278 6279 6277
f 6245 6280 6279
f 6245 6248 6280
f 6258 6259 6281
f 6258 6281 6257
f 6259 6282 6281
f 5681 5707 6283
f 5681 6284 6260
f 5681 6283 6284
f 6260 6282 6259
f 6260 6284 6282
f 6283 6285 6284
f 6283 6286 6285
f 6283 5707 6286
f 5707 6287 6286
f 5707 5708 6287
f 5708 5710 6287
f 5710 6288 6287
f 5710 5711 6288
f 5717 6289 5718
f 5717 5720 6289
f 6290 6291 6292
f 5720 6292 6289
f 5720 6290 6292
f 5720 5721 6290
f 5721 5687 6290
f 5687 6261 6293
f 5687 6293 6290
f 6290 6293 6291
f 6261 6294 6293
f 6261 6264 6294
f 6268 6269 6295
f 6268 6295 6267
f 6269 6296 6295
f 5693 5723 6297
f 5693 6298 6270
f 5693 6297 6298
f 6270 6296 6269
f 6270 6298 6296
f 6297 6299 6298
f 6297 6300 6299
f 6297 5723 6300
f 5723 5724 6300
f 5724 5725 6301
f 5724 6301 6300
f 6300 6301 6302
f 6300 6302 6299
f 6301 6303 6302
f 6301 6304 6303
f 6301 5725 6304
f 5725 5726 6304
f 5726 5700 6304
f 5700 6271 6305
f 5700 6305 6304
f 6304 6305 6303
f 6271 6306 6305
f 6271 6274 6306
f 6286 6287 6307
f 6286 6307 6285
f 6287 6308 6307
f 5711 5727 6309
f 5711 6310 6288
f 5711 6309 6310
f 6288 6308 6287
f 6288 6310 6308
f 6309 6311 6310
f 6309 6312 6311
f 6309 5727 6312
f 5727 5728 6312
f 5728 5729 6313
f 5728 6313 6312
f 6312 6313 6314
f 6312 6314 6311
f 6313 6315 6314
f 6313 6316 6315
f 6313 5729 6316
f 5729 5730 6316
f 5730 5718 6316
f 5718 6289 6317
f 5718 6317 6316
f 6316 6317 6315
f 6289 6318 6317
f 6289 6292 6318
f 6319 6321 6320
f 6319 6322 6321
f 5732 6322 6319
f 5732 5733 6322
f 5732 6319 6323
f 5732 6323 5737
f 6319 6324 6323
f 6319 6320 6324
f 6323 6326 6325
f 6323 6324 6326
f 6323 6325 5737
f 5737 6325 5739
f 5739 6325 6327
f 5739 6327 5742
f 6325 6328 6327
f 6325 6326 6328
f 6327 6330 6329
f 6327 6328 6330
f 6327 6329 5742
f 5742 6329 5744
f 5744 6329 6331
f 5744 6331 5746
f 6329 6332 6331
f 6329 6330 6332
f 6331 6334 6333
f 6331 6332 6334
f 6331 6333 5746
f 5746 6333 5748
f 5748 6333 6335
f 5748 6335 5751
f 6333 6336 6335
f 6333 6334 6336
f 6335 6338 6337
f 6335 6336 6338
f 6335 6337 5751
f 5751 6337 6339
f 5751 6339 5752
f 6337 6340 6339
f 6337 6341 6340
f 6337 6338 6341
f 6340 6341 6342
f 6340 6342 6339
f 6343 6345 6344
f 6343 6346 6345
f 6343 6347 6346
f 6343 6348 6347
f 6343 6349 6348
f 6343 6344 6349
f 6348 6351 6350
f 6348 6349 6351
f 6348 6350 6352
f 6348 6352 6347
f 5754 6352 6350
f 5754 5755 6352
f 5754 6350 6353
f 5754 6353 5759
f 6350 6354 6353
f 6350 6351 6354
f 6353 6356 6355
f 6353 6354 6356
f 6353 6355 5759
f 5759 6355 5761
f 5761 6355 6357
f 5761 6357 5764
f 6355 6358 6357
f 6355 6356 6358
f 6357 6360 6359
f 6357 6358 6360
f 6357 6359 5764
f 5764 6359 5766
f 5766 6359 6361
f 5766 6361 5768
f 6359 6362 6361
f 6359 6360 6362
f 6361 6364 6363
f 6361 6362 6364
f 6361 6363 5768
f 5768 6363 5770
f 5770 6363 6365
f 5770 6365 5773
f 6363 6366 6365
f 6363 6364 6366
f 6365 6366 6367
f 6365 6368 5773
f 6365 6367 6368
f 5773 6368 5774
f 6369 6371 6370
f 6369 6372 6371
f 5776 6372 6369
f 5776 5777 6372
f 5776 6369 6373
f 5776 6373 5781
f 6369 6374 6373
f 6369 6370 6374
f 6373 6376 6375
f 6373 6374 6376
f 6373 6375 5781
f 5781 6375 5783
f 5783 6375 5733
f 5733 6375 6322
f 6322 6375 6376
f 6322 6376 6321
f 5752 6377 5790
f 5752 6339 6377
f 6339 6378 6377
f 6377 6378 5790
f 5790 6378 5792
f 5792 6378 6379
f 5792 6379 5795
f 6378 6380 6379
f 6339 6380 6378
f 6339 6342 6380
f 6379 6382 6381
f 6379 6380 6382
f 6379 6381 5795
f 5795 6381 6383
f 5795 6383 5796
f 6381 6384 6383
f 6381 6385 6384
f 6381 6382 6385
f 6384 6385 6386
f 6384 6386 6383
f 6387 6389 6388
f 6387 6390 6389
f 6387 6391 6390
f 6387 6392 6391
f 6387 6393 6392
f 6387 6388 6393
f 6392 6395 6394
f 6392 6393 6395
f 6392 6394 6396
f 6392 6396 6391
f 5798 6396 6394
f 5798 5799 6396
f 5798 6394 6397
f 5798 6397 5803
f 6394 6398 6397
f 6394 6395 6398
f 6397 6400 6399
f 6397 6398 6400
f 6397 6399 5803
f 5803 6399 5805
f 5805 6399 6401
f 5805 6401 5808
f 6346 6401 6399
f 6346 6347 6401
f 6346 6399 6400
f 6346 6400 6345
f 6347 6402 6401
f 6401 6402 5808
f 5808 6402 5810
f 5810 6402 5755
f 5755 6402 6352
f 6352 6402 6347
f 5774 6403 5817
f 5774 6404 6403
f 5774 6368 6404
f 6368 6367 6404
f 6403 6404 6405
f 6403 6406 5817
f 6403 6405 6406
f 5817 6406 5818
f 6407 6409 6408
f 6407 6410 6409
f 5820 6410 6407
f 5820 5821 6410
f 5820 6407 5777
f 5777 6407 6372
f 6372 6407 6408
f 6372 6408 6371
f 5796 6411 5829
f 5796 6383 6411
f 6383 6412 6411
f 6411 6412 5829
f 5829 6412 5831
f 5831 6412 6413
f 5831 6413 5835
f 6412 6414 6413
f 6383 6414 6412
f 6383 6386 6414
f 6413 6416 6415
f 6413 6414 6416
f 6413 6415 5835
f 5835 6415 6417
f 5835 6417 5836
f 6415 6418 6417
f 6415 6419 6418
f 6415 6416 6419
f 6418 6421 6420
f 6418 6419 6421
f 6418 6420 6422
f 6418 6422 6417
f 6420 6423 6422
f 6420 6424 6423
f 6420 6425 6424
f 6420 6421 6425
f 6424 6427 6426
f 6424 6425 6427
f 6424 6426 6428
f 6424 6428 6423
f 5838 6428 6426
f 5838 5839 6428
f 5838 6426 6429
f 5838 6429 5843
f 6426 6430 6429
f 6426 6427 6430
f 6429 6432 6431
f 6429 6430 6432
f 6429 6431 5843
f 5843 6431 5845
f 5845 6431 6433
f 5845 6433 5849
f 6390 6433 6431
f 6390 6391 6433
f 6390 6431 6432
f 6390 6432 6389
f 6391 6434 6433
f 6433 6434 5849
f 5849 6434 5851
f 5851 6434 5799
f 5799 6434 6396
f 6396 6434 6391
f 6435 6436 6437
f 6435 6437 6438
f 5857 6438 5856
f 5857 6435 6438
f 5857 5818 6435
f 5818 6406 6435
f 6406 6405 6436
f 6406 6436 6435
f 6439 6441 6440
f 6439 6442 6441
f 5860 6442 6439
f 5860 5861 6442
f 5860 6439 5821
f 5821 6439 6410
f 6410 6439 6440
f 6410 6440 6409
f 5870 6443 5869
f 5870 6444 6443
f 5870 5836 6444
f 5836 6417 6444
f 6417 6445 6444
f 6444 6445 6446
f 6444 6446 6443
f 6445 6447 6446
f 6445 6448 6447
f 6422 6448 6445
f 6422 6423 6448
f 6422 6445 6417
f 6423 6449 6448
f 6448 6449 6450
f 6448 6450 6447
f 5872 6450 6449
f 5872 5873 6450
f 5872 6449 5839
f 5839 6449 6428
f 6428 6449 6423
f 6451 6452 6453
f 6451 6453 6454
f 5884 6454 5885
f 5884 6451 6454
f 5884 5856 6451
f 5856 6438 6451
f 6438 6437 6452
f 6438 6452 6451
f 6455 6457 6456
f 6455 6458 6457
f 5888 6458 6455
f 5888 5889 6458
f 5888 6455 5861
f 5861 6455 6442
f 6442 6455 6456
f 6442 6456 6441
f 5896 6459 5895
f 5896 5897 6459
f 6460 6461 6462
f 5897 6462 6459
f 5897 6460 6462
f 5897 5898 6460
f 5898 5869 6460
f 5869 6443 6463
f 5869 6463 6460
f 6460 6463 6461
f 6443 6464 6463
f 6446 6447 6465
f 6446 6464 6443
f 6446 6465 6464
f 6447 6466 6467
f 6447 6467 6465
f 6466 6468 6467
f 6466 6469 6468
f 5873 6469 6466
f 5873 5899 6469
f 5873 6466 6450
f 6450 6466 6447
f 5899 6470 6469
f 5899 5901 6470
f 6471 6472 6473
f 6471 6473 6474
f 5909 6474 5910
f 5909 6471 6474
f 5909 5885 6471
f 5885 6454 6471
f 6454 6453 6472
f 6454 6472 6471
f 6475 6477 6476
f 6475 6478 6477
f 6475 6479 6478
f 5889 6479 6475
f 5889 5911 6479
f 5889 6475 6458
f 6458 6475 6476
f 6458 6476 6457
f 5911 6480 6479
f 5911 5913 6480
f 6481 6482 6483
f 6481 6483 6484
f 5917 6484 5918
f 5917 6481 6484
f 5917 5919 6485
f 5917 6485 6481
f 6481 6485 6486
f 6481 6486 6482
f 6485 6487 6486
f 6485 6488 6487
f 6485 5919 6488
f 5919 5920 6488
f 5920 5895 6488
f 5895 6459 6489
f 5895 6489 6488
f 6488 6489 6487
f 6459 6490 6489
f 6459 6462 6490
f 6468 6469 6491
f 6468 6491 6467
f 6469 6492 6491
f 5901 5921 6493
f 5901 6494 6470
f 5901 6493 6494
f 6470 6492 6469
f 6470 6494 6492
f 6493 6495 6494
f 6493 6496 6495
f 6493 5921 6496
f 5921 5923 6496
f 5928 6497 5929
f 5928 5931 6497
f 6498 6499 6500
f 5931 6500 6497
f 5931 6498 6500
f 5931 5932 6498
f 5932 5910 6498
f 5910 6474 6498
f 6474 6473 6499
f 6474 6499 6498
f 6478 6479 6501
f 6478 6501 6477
f 6479 6502 6503
f 6479 6503 6501
f 6502 6504 6503
f 5934 6504 6502
f 5934 5935 6504
f 5934 6502 5913
f 5913 6502 6480
f 6480 6502 6479
f 6505 6506 6507
f 6505 6507 6508
f 5941 6508 5942
f 5941 6505 6508
f 5941 5943 6509
f 5941 6509 6505
f 6505 6509 6510
f 6505 6510 6506
f 6509 6511 6510
f 6509 6512 6511
f 6509 5943 6512
f 5943 5944 6512
f 5944 5918 6512
f 5918 6484 6512
f 6484 6483 6511
f 6484 6511 6512
f 5923 5945 6513
f 5923 6514 6496
f 5923 6513 6514
f 6496 6514 6495
f 6513 6515 6514
f 6513 6516 6515
f 6513 5945 6516
f 5945 5947 6516
f 6517 6518 6519
f 6517 6519 6520
f 5953 6520 5954
f 5953 6517 6520
f 5953 5929 6517
f 5929 6497 6521
f 5929 6521 6517
f 6517 6521 6518
f 6497 6522 6521
f 6497 6500 6522
f 6523 6525 6524
f 6523 6526 6525
f 6523 6527 6526
f 5935 6527 6523
f 5935 5955 6527
f 5935 6523 6504
f 6504 6523 6524
f 6504 6524 6503
f 5955 6528 6527
f 5955 5957 6528
f 6529 6530 6531
f 6529 6531 6532
f 5965 6532 5966
f 5965 6529 6532
f 5965 5967 6533
f 5965 6533 6529
f 6529 6533 6534
f 6529 6534 6530
f 6533 6535 6534
f 6533 6536 6535
f 6533 5967 6536
f 5967 5968 6536
f 5968 5942 6536
f 5942 6508 6536
f 6508 6507 6535
f 6508 6535 6536
f 5947 5969 6537
f 5947 6538 6516
f 5947 6537 6538
f 6516 6538 6515
f 6537 6539 6538
f 6537 6540 6539
f 6537 5969 6540
f 5969 5971 6540
f 5979 6541 5980
f 5979 5981 6541
f 6542 6543 6544
f 5981 6544 6541
f 5981 6542 6544
f 5981 5982 6542
f 5982 5954 6542
f 5954 6520 6542
f 6520 6519 6543
f 6520 6543 6542
f 6526 6527 6545
f 6526 6545 6525
f 6527 6546 6547
f 6527 6547 6545
f 6546 6548 6547
f 5984 6548 6546
f 5984 5985 6548
f 5984 6546 5957
f 5957 6546 6528
f 6528 6546 6527
f 5994 6549 5993
f 5994 5995 6549
f 6550 6551 6552
f 5995 6552 6549
f 5995 6550 6552
f 5995 5996 6550
f 5996 5966 6550
f 5966 6532 6550
f 6532 6531 6551
f 6532 6551 6550
f 6553 6555 6554
f 6553 6556 6555
f 6553 6557 6556
f 5971 6557 6553
f 5971 5997 6557
f 5971 6553 6540
f 6540 6553 6554
f 6540 6554 6539
f 5997 6558 6557
f 5997 5999 6558
f 6559 6560 6561
f 6559 6561 6562
f 6008 6562 6007
f 6008 6559 6562
f 6008 5980 6559
f 5980 6541 6563
f 5980 6563 6559
f 6559 6563 6560
f 6541 6564 6563
f 6541 6544 6564
f 6565 6567 6566
f 6565 6568 6567
f 6565 6569 6568
f 5985 6569 6565
f 5985 6009 6569
f 5985 6565 6548
f 6548 6565 6566
f 6548 6566 6547
f 6009 6570 6569
f 6009 6571 6570
f 6009 6010 6571
f 6010 6011 6571
f 6572 6573 6574
f 6011 6574 6571
f 6011 6572 6574
f 6011 6012 6572
f 6012 5993 6572
f 5993 6549 6575
f 5993 6575 6572
f 6572 6575 6573
f 6549 6576 6575
f 6549 6552 6576
f 6556 6557 6577
f 6556 6577 6555
f 6557 6578 6579
f 6557 6579 6577
f 6578 6580 6579
f 6578 6581 6580
f 5999 6581 6578
f 5999 6013 6581
f 5999 6578 6558
f 6558 6578 6557
f 6013 6582 6581
f 6013 6583 6582
f 6013 6014 6583
f 6014 6015 6583
f 6584 6585 6586
f 6015 6586 6583
f 6015 6584 6586
f 6015 6016 6584
f 6016 6007 6584
f 6007 6562 6584
f 6562 6561 6585
f 6562 6585 6584
f 6587 6589 6588
f 6587 6590 6589
f 6587 6591 6590
f 6587 6592 6591
f 6568 6592 6587
f 6568 6569 6592
f 6568 6587 6588
f 6568 6588 6567
f 6569 6593 6592
f 6592 6593 6594
f 6592 6594 6591
f 6593 6595 6594
f 6593 6596 6595
f 6570 6596 6593
f 6570 6571 6596
f 6570 6593 6569
f 6571 6597 6596
f 6571 6598 6597
f 6596 6597 6595
f 6571 6574 6598
f 6599 6601 6600
f 6599 6602 6601
f 6599 6603 6602
f 6599 6604 6603
f 6580 6604 6599
f 6580 6581 6604
f 6580 6599 6600
f 6580 6600 6579
f 6581 6605 6604
f 6604 6605 6606
f 6604 6606 6603
f 6605 6607 6606
f 6605 6608 6607
f 6582 6608 6605
f 6582 6583 6608
f 6582 6605 6581
f 6583 6609 6608
f 6583 6610 6609
f 6608 6609 6607
f 6583 6586 6610
f 6611 6613 6612
f 6611 6614 6613
f 6018 6614 6611
f 6018 6019 6614
f 6018 6611 6615
f 6018 6615 6023
f 6590 6615 6611
f 6590 6591 6615
f 6590 6611 6612
f 6590 6612 6589
f 6591 6616 6615
f 6615 6616 6023
f 6023 6616 6025
f 6025 6616 6617
f 6025 6617 6029
f 6594 6617 6616
f 6594 6595 6617
f 6594 6616 6591
f 6595 6618 6617
f 6617 6618 6029
f 6029 6618 6619
f 6029 6619 6030
f 6618 6620 6619
f 6618 6621 6620
f 6595 6621 6618
f 6595 6597 6621
f 6620 6621 6622
f 6620 6622 6619
f 6623 6625 6624
f 6623 6626 6625
f 6623 6627 6626
f 6623 6628 6627
f 6623 6629 6628
f 6623 6624 6629
f 6628 6631 6630
f 6628 6629 6631
f 6628 6630 6632
f 6628 6632 6627
f 6032 6632 6630
f 6032 6033 6632
f 6032 6630 6633
f 6032 6633 6037
f 6602 6633 6630
f 6602 6603 6633
f 6602 6630 6631
f 6602 6631 6601
f 6603 6634 6633
f 6633 6634 6037
f 6037 6634 6039
f 6039 6634 6635
f 6039 6635 6043
f 6606 6635 6634
f 6606 6607 6635
f 6606 6634 6603
f 6607 6636 6635
f 6607 6637 6636
f 6635 6638 6043
f 6635 6636 6638
f 6043 6638 6044
f 6607 6609 6637
f 6639 6641 6640
f 6639 6642 6641
f 6639 6643 6642
f 6639 6644 6643
f 6639 6645 6644
f 6639 6640 6645
f 6644 6647 6646
f 6644 6645 6647
f 6644 6646 6648
f 6644 6648 6643
f 6046 6648 6646
f 6046 6047 6648
f 6046 6646 6019
f 6019 6646 6614
f 6614 6646 6647
f 6614 6647 6613
f 6030 6649 6059
f 6030 6619 6649
f 6619 6650 6649
f 6619 6651 6650
f 6649 6652 6059
f 6649 6650 6652
f 6059 6652 6060
f 6619 6622 6651
f 6653 6655 6654
f 6653 6656 6655
f 6062 6656 6653
f 6062 6063 6656
f 6062 6653 6657
f 6062 6657 6067
f 6626 6657 6653
f 6626 6627 6657
f 6626 6653 6654
f 6626 6654 6625
f 6627 6658 6657
f 6657 6658 6067
f 6067 6658 6069
f 6069 6658 6033
f 6033 6658 6632
f 6632 6658 6627
f 6078 6659 6077
f 6078 6660 6659
f 6078 6044 6660
f 6044 6661 6660
f 6044 6638 6661
f 6638 6636 6661
f 6660 6661 6662
f 6660 6662 6659
f 6663 6665 6664
f 6663 6666 6665
f 6080 6666 6663
f 6080 6081 6666
f 6080 6663 6667
f 6080 6667 6085
f 6642 6667 6663
f 6642 6643 6667
f 6642 6663 6664
f 6642 6664 6641
f 6643 6668 6667
f 6667 6668 6085
f 6085 6668 6087
f 6087 6668 6047
f 6047 6668 6648
f 6648 6668 6643
f 6060 6669 6097
f 6060 6670 6669
f 6060 6652 6670
f 6652 6650 6670
f 6669 6670 6671
f 6669 6672 6097
f 6669 6671 6672
f 6097 6672 6098
f 6673 6675 6674
f 6673 6676 6675
f 6100 6676 6673
f 6100 6101 6676
f 6100 6673 6677
f 6100 6677 6105
f 6673 6678 6677
f 6673 6674 6678
f 6677 6680 6679
f 6677 6678 6680
f 6677 6679 6105
f 6105 6679 6107
f 6107 6679 6063
f 6063 6679 6656
f 6656 6679 6680
f 6656 6680 6655
f 6077 6681 6117
f 6077 6659 6681
f 6659 6682 6681
f 6659 6683 6682
f 6681 6684 6117
f 6681 6682 6684
f 6117 6684 6118
f 6659 6662 6683
f 6685 6687 6686
f 6685 6688 6687
f 6685 6689 6688
f 6685 6690 6689
f 6685 6691 6690
f 6685 6686 6691
f 6690 6693 6692
f 6690 6691 6693
f 6690 6692 6694
f 6690 6694 6689
f 6120 6694 6692
f 6120 6121 6694
f 6120 6692 6081
f 6081 6692 6666
f 6666 6692 6693
f 6666 6693 6665
f 6098 6695 6129
f 6098 6696 6695
f 6098 6672 6696
f 6672 6671 6696
f 6695 6696 6697
f 6695 6698 6129
f 6695 6697 6698
f 6129 6698 6130
f 6699 6701 6700
f 6699 6702 6701
f 6132 6702 6699
f 6132 6133 6702
f 6132 6699 6703
f 6132 6703 6137
f 6699 6704 6703
f 6699 6700 6704
f 6703 6706 6705
f 6703 6704 6706
f 6703 6705 6137
f 6137 6705 6139
f 6139 6705 6101
f 6101 6705 6676
f 6676 6705 6706
f 6676 6706 6675
f 6145 6707 6144
f 6145 6708 6707
f 6145 6118 6708
f 6118 6709 6708
f 6118 6684 6709
f 6684 6682 6709
f 6708 6709 6710
f 6708 6710 6707
f 6711 6713 6712
f 6711 6714 6713
f 6148 6714 6711
f 6148 6149 6714
f 6148 6711 6715
f 6148 6715 6153
f 6688 6715 6711
f 6688 6689 6715
f 6688 6711 6712
f 6688 6712 6687
f 6689 6716 6715
f 6715 6716 6153
f 6153 6716 6155
f 6155 6716 6121
f 6121 6716 6694
f 6694 6716 6689
f 6130 6717 6161
f 6130 6718 6717
f 6130 6698 6718
f 6698 6697 6718
f 6717 6720 6719
f 6717 6718 6720
f 6717 6719 6161
f 6161 6719 6721
f 6161 6721 6162
f 6719 6722 6721
f 6719 6723 6722
f 6719 6720 6723
f 6722 6723 6724
f 6722 6724 6721
f 6725 6727 6726
f 6725 6728 6727
f 6725 6729 6728
f 6725 6730 6729
f 6725 6731 6730
f 6725 6726 6731
f 6730 6733 6732
f 6730 6731 6733
f 6730 6732 6734
f 6730 6734 6729
f 6164 6734 6732
f 6164 6165 6734
f 6164 6732 6735
f 6164 6735 6169
f 6732 6736 6735
f 6732 6733 6736
f 6735 6738 6737
f 6735 6736 6738
f 6735 6737 6169
f 6169 6737 6171
f 6171 6737 6133
f 6133 6737 6702
f 6702 6737 6738
f 6702 6738 6701
f 6144 6739 6177
f 6144 6707 6739
f 6707 6740 6739
f 6707 6741 6740
f 6739 6742 6177
f 6739 6740 6742
f 6177 6742 6178
f 6707 6710 6741
f 6743 6745 6744
f 6743 6746 6745
f 6180 6746 6743
f 6180 6181 6746
f 6180 6743 6149
f 6149 6743 6714
f 6714 6743 6744
f 6714 6744 6713
f 6162 6747 6191
f 6162 6721 6747
f 6721 6748 6747
f 6747 6748 6191
f 6191 6748 6749
f 6191 6749 6192
f 6748 6750 6749
f 6748 6751 6750
f 6721 6751 6748
f 6721 6724 6751
f 6750 6753 6752
f 6750 6751 6753
f 6750 6752 6754
f 6750 6754 6749
f 6752 6755 6754
f 6752 6756 6755
f 6752 6757 6756
f 6752 6753 6757
f 6756 6759 6758
f 6756 6757 6759
f 6756 6758 6760
f 6756 6760 6755
f 6194 6760 6758
f 6194 6195 6760
f 6194 6758 6761
f 6194 6761 6199
f 6728 6761 6758
f 6728 6729 6761
f 6728 6758 6759
f 6728 6759 6727
f 6729 6762 6761
f 6761 6762 6199
f 6199 6762 6201
f 6201 6762 6165
f 6165 6762 6734
f 6734 6762 6729
f 6763 6764 6765
f 6763 6765 6766
f 6209 6766 6208
f 6209 6763 6766
f 6209 6178 6763
f 6178 6742 6763
f 6742 6740 6764
f 6742 6764 6763
f 6767 6769 6768
f 6767 6770 6769
f 6212 6770 6767
f 6212 6213 6770
f 6212 6767 6181
f 6181 6767 6746
f 6746 6767 6768
f 6746 6768 6745
f 6222 6771 6221
f 6222 6772 6771
f 6222 6192 6772
f 6192 6749 6772
f 6749 6773 6772
f 6772 6773 6774
f 6772 6774 6771
f 6773 6775 6774
f 6773 6776 6775
f 6754 6776 6773
f 6754 6755 6776
f 6754 6773 6749
f 6755 6777 6776
f 6776 6777 6778
f 6776 6778 6775
f 6224 6778 6777
f 6224 6225 6778
f 6224 6777 6195
f 6195 6777 6760
f 6760 6777 6755
f 6779 6780 6781
f 6779 6781 6782
f 6236 6782 6237
f 6236 6779 6782
f 6236 6208 6779
f 6208 6766 6779
f 6766 6765 6780
f 6766 6780 6779
f 6783 6785 6784
f 6783 6786 6785
f 6240 6786 6783
f 6240 6241 6786
f 6240 6783 6213
f 6213 6783 6770
f 6770 6783 6784
f 6770 6784 6769
f 6247 6787 6248
f 6247 6249 6787
f 6788 6789 6790
f 6249 6790 6787
f 6249 6788 6790
f 6249 6250 6788
f 6250 6251 6791
f 6250 6791 6788
f 6788 6791 6792
f 6788 6792 6789
f 6791 6793 6792
f 6791 6794 6793
f 6791 6251 6794
f 6251 6252 6794
f 6252 6221 6794
f 6221 6771 6795
f 6221 6795 6794
f 6794 6795 6793
f 6771 6796 6795
f 6774 6775 6797
f 6774 6796 6771
f 6774 6797 6796
f 6775 6798 6797
f 6225 6253 6799
f 6225 6800 6778
f 6225 6799 6800
f 6778 6798 6775
f 6778 6800 6798
f 6799 6801 6800
f 6799 6802 6801
f 6799 6253 6802
f 6253 6803 6802
f 6253 6254 6803
f 6254 6255 6803
f 6255 6804 6803
f 6255 6257 6804
f 6805 6806 6807
f 6805 6807 6808
f 6263 6808 6264
f 6263 6805 6808
f 6263 6237 6805
f 6237 6782 6805
f 6782 6781 6806
f 6782 6806 6805
f 6241 6265 6809
f 6241 6810 6786
f 6241 6809 6810
f 6786 6810 6785
f 6809 6811 6810
f 6809 6812 6811
f 6809 6265 6812
f 6265 6267 6812
f 6273 6813 6274
f 6273 6276 6813
f 6814 6815 6816
f 6276 6816 6813
f 6276 6814 6816
f 6276 6277 6814
f 6277 6279 6817
f 6277 6817 6814
f 6814 6817 6818
f 6814 6818 6815
f 6817 6819 6818
f 6817 6820 6819
f 6817 6279 6820
f 6279 6280 6820
f 6280 6248 6820
f 6248 6787 6821
f 6248 6821 6820
f 6820 6821 6819
f 6787 6822 6821
f 6787 6790 6822
f 6802 6803 6823
f 6802 6823 6801
f 6803 6824 6823
f 6257 6281 6825
f 6257 6826 6804
f 6257 6825 6826
f 6804 6824 6803
f 6804 6826 6824
f 6825 6827 6826
f 6825 6828 6827
f 6825 6281 6828
f 6281 6829 6828
f 6281 6282 6829
f 6282 6284 6829
f 6284 6830 6829
f 6284 6285 6830
f 6831 6832 6833
f 6831 6833 6834
f 6291 6834 6292
f 6291 6831 6834
f 6291 6293 6835
f 6291 6835 6831
f 6831 6835 6836
f 6831 6836 6832
f 6835 6837 6836
f 6835 6838 6837
f 6835 6293 6838
f 6293 6294 6838
f 6294 6264 6838
f 6264 6808 6838
f 6808 6807 6837
f 6808 6837 6838
f 6267 6295 6839
f 6267 6840 6812
f 6267 6839 6840
f 6812 6840 6811
f 6839 6841 6840
f 6839 6842 6841
f 6839 6295 6842
f 6295 6296 6842
f 6296 6298 6843
f 6296 6843 6842
f 6842 6843 6844
f 6842 6844 6841
f 6843 6845 6844
f 6843 6846 6845
f 6843 6298 6846
f 6298 6299 6846
f 6299 6302 6847
f 6299 6847 6846
f 6846 6847 6848
f 6846 6848 6845
f 6847 6849 6848
f 6847 6850 6849
f 6847 6302 6850
f 6302 6303 6850
f 6303 6305 6851
f 6303 6851 6850
f 6850 6851 6852
f 6850 6852 6849
f 6851 6853 6852
f 6851 6854 6853
f 6851 6305 6854
f 6305 6306 6854
f 6306 6274 6854
f 6274 6813 6855
f 6274 6855 6854
f 6854 6855 6853
f 6813 6856 6855
f 6813 6816 6856
f 6828 6829 6857
f 6828 6857 6827
f 6829 6858 6857
f 6285 6307 6859
f 6285 6860 6830
f 6285 6859 6860
f 6830 6858 6829
f 6830 6860 6858
f 6859 6861 6860
f 6859 6862 6861
f 6859 6307 6862
f 6307 6308 6862
f 6308 6310 6863
f 6308 6863 6862
f 6862 6863 6864
f 6862 6864 6861
f 6863 6865 6864
f 6863 6866 6865
f 6863 6310 6866
f 6310 6311 6866
f 6311 6314 6867
f 6311 6867 6866
f 6866 6867 6868
f 6866 6868 6865
f 6867 6869 6868
f 6867 6870 6869
f 6867 6314 6870
f 6314 6315 6870
f 6315 6317 6871
f 6315 6871 6870
f 6870 6871 6872
f 6870 6872 6869
f 6871 6873 6872
f 6871 6874 6873
f 6871 6317 6874
f 6317 6318 6874
f 6318 6292 6874
f 6292 6834 6874
f 6834 6833 6873
f 6834 6873 6874
f 6875 6877 6876
f 6875 6878 6877
f 6320 6878 6875
f 6320 6321 6878
f 6320 6875 6879
f 6320 6879 6324
f 6875 6880 6879
f 6875 6876 6880
f 6879 6882 6881
f 6879 6880 6882
f 6879 6881 6324
f 6324 6881 6326
f 6326 6881 6883
f 6326 6883 6328
f 6881 6884 6883
f 6881 6882 6884
f 6883 6886 6885
f 6883 6884 6886
f 6883 6885 6328
f 6328 6885 6330
f 6330 6885 6887
f 6330 6887 6332
f 6885 6888 6887
f 6885 6886 6888
f 6887 6890 6889
f 6887 6888 6890
f 6887 6889 6332
f 6332 6889 6334
f 6334 6889 6891
f 6334 6891 6336
f 6889 6892 6891
f 6889 6890 6892
f 6891 6894 6893
f 6891 6892 6894
f 6891 6893 6336
f 6336 6893 6338
f 6338 6893 6895
f 6338 6895 6341
f 6893 6896 6895
f 6893 6894 6896
f 6895 6896 6897
f 6895 6898 6341
f 6895 6897 6898
f 6341 6898 6342
f 6899 6901 6900
f 6899 6902 6901
f 6344 6902 6899
f 6344 6345 6902
f 6344 6899 6903
f 6344 6903 6349
f 6899 6904 6903
f 6899 6900 6904
f 6903 6906 6905
f 6903 6904 6906
f 6903 6905 6349
f 6349 6905 6351
f 6351 6905 6907
f 6351 6907 6354
f 6905 6908 6907
f 6905 6906 6908
f 6907 6910 6909
f 6907 6908 6910
f 6907 6909 6354
f 6354 6909 6356
f 6356 6909 6911
f 6356 6911 6358
f 6909 6912 6911
f 6909 6910 6912
f 6911 6914 6913
f 6911 6912 6914
f 6911 6913 6358
f 6358 6913 6360
f 6360 6913 6915
f 6360 6915 6362
f 6913 6916 6915
f 6913 6914 6916
f 6915 6918 6917
f 6915 6916 6918
f 6915 6917 6362
f 6362 6917 6364
f 6364 6917 6919
f 6364 6919 6366
f 6917 6920 6919
f 6917 6918 6920
f 6919 6920 6921
f 6919 6922 6366
f 6919 6921 6922
f 6366 6922 6367
f 6923 6925 6924
f 6923 6926 6925
f 6370 6926 6923
f 6370 6371 6926
f 6370 6923 6927
f 6370 6927 6374
f 6923 6928 6927
f 6923 6924 6928
f 6927 6930 6929
f 6927 6928 6930
f 6927 6929 6374
f 6374 6929 6376
f 6376 6929 6321
f 6321 6929 6878
f 6878 6929 6930
f 6878 6930 6877
f 6342 6931 6380
f 6342 6932 6931
f 6342 6898 6932
f 6898 6897 6932
f 6931 6934 6933
f 6931 6932 6934
f 6931 6933 6380
f 6380 6933 6382
f 6382 6933 6935
f 6382 6935 6385
f 6933 6936 6935
f 6933 6934 6936
f 6935 6938 6937
f 6935 6936 6938
f 6935 6937 6385
f 6385 6937 6939
f 6385 6939 6386
f 6937 6940 6939
f 6937 6941 6940
f 6937 6938 6941
f 6940 6941 6942
f 6940 6942 6939
f 6943 6945 6944
f 6943 6946 6945
f 6943 6947 6946
f 6943 6948 6947
f 6943 6949 6948
f 6943 6944 6949
f 6948 6951 6950
f 6948 6949 6951
f 6948 6950 6952
f 6948 6952 6947
f 6388 6952 6950
f 6388 6389 6952
f 6388 6950 6953
f 6388 6953 6393
f 6950 6954 6953
f 6950 6951 6954
f 6953 6956 6955
f 6953 6954 6956
f 6953 6955 6393
f 6393 6955 6395
f 6395 6955 6957
f 6395 6957 6398
f 6955 6958 6957
f 6955 6956 6958
f 6957 6960 6959
f 6957 6958 6960
f 6957 6959 6398
f 6398 6959 6400
f 6400 6959 6345
f 6345 6959 6902
f 6902 6959 6960
f 6902 6960 6901
f 6367 6961 6404
f 6367 6962 6961
f 6367 6922 6962
f 6922 6921 6962
f 6961 6962 6963
f 6961 6964 6404
f 6961 6963 6964
f 6404 6964 6405
f 6965 6967 6966
f 6965 6968 6967
f 6408 6968 6965
f 6408 6409 6968
f 6408 6965 6371
f 6371 6965 6926
f 6926 6965 6966
f 6926 6966 6925
f 6386 6969 6414
f 6386 6939 6969
f 6939 6970 6969
f 6969 6970 6414
f 6414 6970 6416
f 6416 6970 6971
f 6416 6971 6419
f 6970 6972 6971
f 6939 6972 6970
f 6939 6942 6972
f 6971 6974 6973
f 6971 6972 6974
f 6971 6973 6419
f 6419 6973 6421
f 6421 6973 6975
f 6421 6975 6425
f 6973 6976 6975
f 6973 6974 6976
f 6975 6978 6977
f 6975 6976 6978
f 6975 6977 6425
f 6425 6977 6427
f 6427 6977 6979
f 6427 6979 6430
f 6946 6979 6977
f 6946 6947 6979
f 6946 6977 6978
f 6946 6978 6945
f 6947 6980 6979
f 6979 6980 6430
f 6430 6980 6432
f 6432 6980 6389
f 6389 6980 6952
f 6952 6980 6947
f 6981 6982 6983
f 6981 6983 6984
f 6436 6984 6437
f 6436 6981 6984
f 6436 6405 6981
f 6405 6964 6981
f 6964 6963 6982
f 6964 6982 6981
f 6985 6987 6986
f 6985 6988 6987
f 6440 6988 6985
f 6440 6441 6988
f 6440 6985 6409
f 6409 6985 6968
f 6968 6985 6986
f 6968 6986 6967
f 6989 6990 6991
f 6989 6991 6992
f 6452 6992 6453
f 6452 6989 6992
f 6452 6437 6989
f 6437 6984 6989
f 6984 6983 6990
f 6984 6990 6989
f 6993 6995 6994
f 6993 6996 6995
f 6456 6996 6993
f 6456 6457 6996
f 6456 6993 6441
f 6441 6993 6988
f 6988 6993 6994
f 6988 6994 6987
f 6997 6998 6999
f 6997 6999 7000
f 6461 7000 6462
f 6461 6997 7000
f 6461 6463 7001
f 6461 7001 6997
f 6997 7001 7002
f 6997 7002 6998
f 7001 7003 7002
f 7001 7004 7003
f 7001 6463 7004
f 6463 6464 7004
f 6464 6465 7005
f 6464 7005 7004
f 7004 7005 7006
f 7004 7006 7003
f 7005 7007 7006
f 7005 7008 7007
f 7005 6465 7008
f 6465 6467 7008
f 7009 7010 7011
f 7009 7011 7012
f 6472 7012 6473
f 6472 7009 7012
f 6472 6453 7009
f 6453 6992 7009
f 6992 6991 7010
f 6992 7010 7009
f 7013 7015 7014
f 7013 7016 7015
f 6476 7016 7013
f 6476 6477 7016
f 6476 7013 6457
f 6457 7013 6996
f 6996 7013 7014
f 6996 7014 6995
f 7017 7018 7019
f 7017 7019 7020
f 6482 7020 6483
f 6482 7017 7020
f 6482 6486 7021
f 6482 7021 7017
f 7017 7021 7022
f 7017 7022 7018
f 7021 7023 7022
f 7021 7024 7023
f 7021 6486 7024
f 6486 6487 7024
f 6487 6489 7025
f 6487 7025 7024
f 7024 7025 7026
f 7024 7026 7023
f 7025 7027 7026
f 7025 7028 7027
f 7025 6489 7028
f 6489 6490 7028
f 6490 6462 7028
f 6462 7000 7028
f 7000 6999 7027
f 7000 7027 7028
f 6467 6491 7029
f 6467 7030 7008
f 6467 7029 7030
f 7008 7030 7007
f 7029 7031 7030
f 7029 7032 7031
f 7029 6491 7032
f 6491 6492 7032
f 6492 6494 7033
f 6492 7033 7032
f 7032 7033 7034
f 7032 7034 7031
f 7033 7035 7034
f 7033 7036 7035
f 7033 6494 7036
f 6494 6495 7036
f 7037 7038 7039
f 7037 7039 7040
f 6499 7040 6500
f 6499 7037 7040
f 6499 6473 7037
f 6473 7012 7037
f 7012 7011 7038
f 7012 7038 7037
f 6477 6501 7041
f 6477 7042 7016
f 6477 7041 7042
f 7016 7042 7015
f 7041 7043 7042
f 7041 7044 7043
f 7041 6501 7044
f 6501 6503 7044
f 7045 7046 7047
f 7045 7047 7048
f 6506 7048 6507
f 6506 7045 7048
f 6506 6510 7049
f 6506 7049 7045
f 7045 7049 7050
f 7045 7050 7046
f 7049 7051 7050
f 7049 7052 7051
f 7049 6510 7052
f 6510 6511 7052
f 6511 6483 7052
f 6483 7020 7052
f 7020 7019 7051
f 7020 7051 7052
f 6495 6514 7053
f 6495 7054 7036
f 6495 7053 7054
f 7036 7054 7035
f 7053 7055 7054
f 7053 7056 7055
f 7053 6514 7056
f 6514 6515 7056
f 7057 7058 7059
f 7057 7059 7060
f 6518 7060 6519
f 6518 7057 7060
f 6518 6521 7061
f 6518 7061 7057
f 7057 7061 7062
f 7057 7062 7058
f 7061 7063 7062
f 7061 7064 7063
f 7061 6521 7064
f 6521 6522 7064
f 6522 6500 7064
f 6500 7040 7064
f 7040 7039 7063
f 7040 7063 7064
f 7065 7067 7066
f 7065 7068 7067
f 6524 7068 7065
f 6524 6525 7068
f 6524 7065 6503
f 6503 7065 7044
f 7044 7065 7066
f 7044 7066 7043
f 7069 7070 7071
f 7069 7071 7072
f 6530 7072 6531
f 6530 7069 7072
f 6530 6534 7073
f 6530 7073 7069
f 7069 7073 7074
f 7069 7074 7070
f 7073 7075 7074
f 7073 7076 7075
f 7073 6534 7076
f 6534 6535 7076
f 6535 6507 7076
f 6507 7048 7076
f 7048 7047 7075
f 7048 7075 7076
f 6515 6538 7077
f 6515 7078 7056
f 6515 7077 7078
f 7056 7078 7055
f 7077 7079 7078
f 7077 7080 7079
f 7077 6538 7080
f 6538 6539 7080
f 7081 7082 7083
f 7081 7083 7084
f 6543 7084 6544
f 6543 7081 7084
f 6543 6519 7081
f 6519 7060 7081
f 7060 7059 7082
f 7060 7082 7081
f 7085 7087 7086
f 7085 7088 7087
f 7085 7089 7088
f 6525 7089 7085
f 6525 6545 7089
f 6525 7085 7068
f 7068 7085 7086
f 7068 7086 7067
f 6545 7090 7089
f 6545 6547 7090
f 7091 7092 7093
f 7091 7093 7094
f 6551 7094 6552
f 6551 7091 7094
f 6551 6531 7091
f 6531 7072 7091
f 7072 7071 7092
f 7072 7092 7091
f 7095 7097 7096
f 7095 7098 7097
f 6554 7098 7095
f 6554 6555 7098
f 6554 7095 6539
f 6539 7095 7080
f 7080 7095 7096
f 7080 7096 7079
f 6560 7099 6561
f 6560 6563 7099
f 7100 7101 7102
f 6563 7102 7099
f 6563 7100 7102
f 6563 6564 7100
f 6564 6544 7100
f 6544 7084 7100
f 7084 7083 7101
f 7084 7101 7100
f 7088 7089 7103
f 7088 7103 7087
f 7089 7104 7105
f 7089 7105 7103
f 7104 7106 7105
f 6566 7106 7104
f 6566 6567 7106
f 6566 7104 6547
f 6547 7104 7090
f 7090 7104 7089
f 7107 7108 7109
f 7107 7109 7110
f 6573 7110 6574
f 6573 7107 7110
f 6573 6575 7111
f 6573 7111 7107
f 7107 7111 7112
f 7107 7112 7108
f 7111 7113 7112
f 7111 7114 7113
f 7111 6575 7114
f 6575 6576 7114
f 6576 6552 7114
f 6552 7094 7114
f 7094 7093 7113
f 7094 7113 7114
f 6555 6577 7115
f 6555 7116 7098
f 6555 7115 7116
f 7098 7116 7097
f 7115 7117 7116
f 7115 7118 7117
f 7115 6577 7118
f 6577 6579 7118
f 7119 7120 7121
f 7119 7121 7122
f 6585 7122 6586
f 6585 7119 7122
f 6585 6561 7119
f 6561 7099 7123
f 6561 7123 7119
f 7119 7123 7120
f 7099 7124 7123
f 7099 7102 7124
f 7125 7127 7126
f 7125 7128 7127
f 6588 7128 7125
f 6588 6589 7128
f 6588 7125 6567
f 6567 7125 7106
f 7106 7125 7126
f 7106 7126 7105
f 7129 7130 7131
f 7129 7131 7132
f 6598 7132 6597
f 6598 7129 7132
f 6598 6574 7129
f 6574 7110 7129
f 7110 7109 7130
f 7110 7130 7129
f 7133 7135 7134
f 7133 7136 7135
f 6600 7136 7133
f 6600 6601 7136
f 6600 7133 6579
f 6579 7133 7118
f 7118 7133 7134
f 7118 7134 7117
f 7137 7138 7139
f 7137 7139 7140
f 6610 7140 6609
f 6610 7137 7140
f 6610 6586 7137
f 6586 7122 7137
f 7122 7121 7138
f 7122 7138 7137
f 7141 7143 7142
f 7141 7144 7143
f 7141 7145 7144
f 7141 7146 7145
f 7141 7147 7146
f 7141 7142 7147
f 7146 7149 7148
f 7146 7147 7149
f 7146 7148 7150
f 7146 7150 7145
f 6612 7150 7148
f 6612 6613 7150
f 6612 7148 6589
f 6589 7148 7128
f 7128 7148 7149
f 7128 7149 7127
f 6597 7151 6621
f 6597 7152 7151
f 6597 7132 7152
f 7132 7131 7152
f 7151 7152 7153
f 7151 7154 6621
f 7151 7153 7154
f 6621 7154 6622
f 7155 7157 7156
f 7155 7158 7157
f 6624 7158 7155
f 6624 6625 7158
f 6624 7155 7159
f 6624 7159 6629
f 7155 7160 7159
f 7155 7156 7160
f 7159 7162 7161
f 7159 7160 7162
f 7159 7161 6629
f 6629 7161 6631
f 6631 7161 6601
f 6601 7161 7136
f 7136 7161 7162
f 7136 7162 7135
f 6637 7163 6636
f 6637 7164 7163
f 6637 6609 7164
f 6609 7165 7164
f 6609 7140 7165
f 7140 7139 7165
f 7164 7165 7166
f 7164 7166 7163
f 7167 7169 7168
f 7167 7170 7169
f 6640 7170 7167
f 6640 6641 7170
f 6640 7167 7171
f 6640 7171 6645
f 7144 7171 7167
f 7144 7145 7171
f 7144 7167 7168
f 7144 7168 7143
f 7145 7172 7171
f 7171 7172 6645
f 6645 7172 6647
f 6647 7172 6613
f 6613 7172 7150
f 7150 7172 7145
f 7173 7174 7175
f 7173 7175 7176
f 6651 7176 6650
f 6651 7173 7176
f 6651 6622 7173
f 6622 7154 7173
f 7154 7153 7174
f 7154 7174 7173
f 7177 7179 7178
f 7177 7180 7179
f 6654 7180 7177
f 6654 6655 7180
f 6654 7177 6625
f 6625 7177 7158
f 7158 7177 7178
f 7158 7178 7157
f 6636 7181 6661
f 6636 7163 7181
f 7163 7182 7181
f 7163 7183 7182
f 7181 7184 6661
f 7181 7182 7184
f 6661 7184 6662
f 7163 7166 7183
f 7185 7187 7186
f 7185 7188 7187
f 6664 7188 7185
f 6664 6665 7188
f 6664 7185 6641
f 6641 7185 7170
f 7170 7185 7186
f 7170 7186 7169
f 6650 7189 6670
f 6650 7190 7189
f 6650 7176 7190
f 7176 7175 7190
f 7189 7190 7191
f 7189 7192 6670
f 7189 7191 7192
f 6670 7192 6671
f 7193 7195 7194
f 7193 7196 7195
f 6674 7196 7193
f 6674 6675 7196
f 6674 7193 7197
f 6674 7197 6678
f 7193 7198 7197
f 7193 7194 7198
f 7197 7200 7199
f 7197 7198 7200
f 7197 7199 6678
f 6678 7199 6680
f 6680 7199 6655
f 6655 7199 7180
f 7180 7199 7200
f 7180 7200 7179
f 7201 7202 7203
f 7201 7203 7204
f 6683 7204 6682
f 6683 7201 7204
f 6683 6662 7201
f 6662 7184 7201
f 7184 7182 7202
f 7184 7202 7201
f 7205 7207 7206
f 7205 7208 7207
f 6686 7208 7205
f 6686 6687 7208
f 6686 7205 7209
f 6686 7209 6691
f 7205 7210 7209
f 7205 7206 7210
f 7209 7212 7211
f 7209 7210 7212
f 7209 7211 6691
f 6691 7211 6693
f 6693 7211 6665
f 6665 7211 7188
f 7188 7211 7212
f 7188 7212 7187
f 6671 7213 6696
f 6671 7214 7213
f 6671 7192 7214
f 7192 7191 7214
f 7213 7214 7215
f 7213 7216 6696
f 7213 7215 7216
f 6696 7216 6697
f 7217 7219 7218
f 7217 7220 7219
f 6700 7220 7217
f 6700 6701 7220
f 6700 7217 7221
f 6700 7221 6704
f 7217 7222 7221
f 7217 7218 7222
f 7221 7224 7223
f 7221 7222 7224
f 7221 7223 6704
f 6704 7223 6706
f 6706 7223 6675
f 6675 7223 7196
f 7196 7223 7224
f 7196 7224 7195
f 6682 7225 6709
f 6682 7226 7225
f 6682 7204 7226
f 7204 7203 7226
f 7225 7226 7227
f 7225 7228 6709
f 7225 7227 7228
f 6709 7228 6710
f 7229 7231 7230
f 7229 7232 7231
f 6712 7232 7229
f 6712 6713 7232
f 6712 7229 6687
f 6687 7229 7208
f 7208 7229 7230
f 7208 7230 7207
f 6697 7233 6718
f 6697 7234 7233
f 6697 7216 7234
f 7216 7215 7234
f 7233 7236 7235
f 7233 7234 7236
f 7233 7235 6718
f 6718 7235 6720
f 6720 7235 7237
f 6720 7237 6723
f 7235 7238 7237
f 7235 7236 7238
f 7237 7238 7239
f 7237 7240 6723
f 7237 7239 7240
f 6723 7240 6724
f 7241 7243 7242
f 7241 7244 7243
f 6726 7244 7241
f 6726 6727 7244
f 6726 7241 7245
f 6726 7245 6731
f 7241 7246 7245
f 7241 7242 7246
f 7245 7248 7247
f 7245 7246 7248
f 7245 7247 6731
f 6731 7247 6733
f 6733 7247 7249
f 6733 7249 6736
f 7247 7250 7249
f 7247 7248 7250
f 7249 7252 7251
f 7249 7250 7252
f 7249 7251 6736
f 6736 7251 6738
f 6738 7251 6701
f 6701 7251 7220
f 7220 7251 7252
f 7220 7252 7219
f 7253 7254 7255
f 7253 7255 7256
f 6741 7256 6740
f 6741 7253 7256
f 6741 6710 7253
f 6710 7228 7253
f 7228 7227 7254
f 7228 7254 7253
f 7257 7259 7258
f 7257 7260 7259
f 6744 7260 7257
f 6744 6745 7260
f 6744 7257 6713
f 6713 7257 7232
f 7232 7257 7258
f 7232 7258 7231
f 6724 7261 6751
f 6724 7262 7261
f 6724 7240 7262
f 7240 7239 7262
f 7261 7264 7263
f 7261 7262 7264
f 7261 7263 6751
f 6751 7263 6753
f 6753 7263 7265
f 6753 7265 6757
f 7263 7266 7265
f 7263 7264 7266
f 7265 7268 7267
f 7265 7266 7268
f 7265 7267 6757
f 6757 7267 6759
f 6759 7267 6727
f 6727 7267 7244
f 7244 7267 7268
f 7244 7268 7243
f 7269 7270 7271
f 7269 7271 7272
f 6764 7272 6765
f 6764 7269 7272
f 6764 6740 7269
f 6740 7256 7269
f 7256 7255 7270
f 7256 7270 7269
f 7273 7275 7274
f 7273 7276 7275
f 6768 7276 7273
f 6768 6769 7276
f 6768 7273 6745
f 6745 7273 7260
f 7260 7273 7274
f 7260 7274 7259
f 7277 7278 7279
f 7277 7279 7280
f 6780 7280 6781
f 6780 7277 7280
f 6780 6765 7277
f 6765 7272 7277
f 7272 7271 7278
f 7272 7278 7277
f 7281 7283 7282
f 7281 7284 7283
f 6784 7284 7281
f 6784 6785 7284
f 6784 7281 6769
f 6769 7281 7276
f 7276 7281 7282
f 7276 7282 7275
f 6789 7285 6790
f 6789 6792 7285
f 7286 7287 7288
f 6792 7288 7285
f 6792 7286 7288
f 6792 6793 7286
f 6793 6795 7289
f 6793 7289 7286
f 7286 7289 7290
f 7286 7290 7287
f 7289 7291 7290
f 7289 7292 7291
f 7289 6795 7292
f 6795 6796 7292
f 6796 6797 7293
f 6796 7293 7292
f 7292 7293 7294
f 7292 7294 7291
f 7293 7295 7294
f 7293 7296 7295
f 7293 6797 7296
f 6797 7297 7296
f 6797 6798 7297
f 6798 6800 7297
f 6800 7298 7297
f 6800 6801 7298
f 7299 7300 7301
f 7299 7301 7302
f 6806 7302 6807
f 6806 7299 7302
f 6806 6781 7299
f 6781 7280 7299
f 7280 7279 7300
f 7280 7300 7299
f 6785 6810 7303
f 6785 7304 7284
f 6785 7303 7304
f 7284 7304 7283
f 7303 7305 7304
f 7303 7306 7305
f 7303 6810 7306
f 6810 6811 7306
f 7307 7308 7309
f 7307 7309 7310
f 6815 7310 6816
f 6815 7307 7310
f 6815 6818 7311
f 6815 7311 7307
f 7307 7311 7312
f 7307 7312 7308
f 7311 7313 7312
f 7311 7314 7313
f 7311 6818 7314
f 6818 6819 7314
f 6819 6821 7315
f 6819 7315 7314
f 7314 7315 7316
f 7314 7316 7313
f 7315 7317 7316
f 7315 7318 7317
f 7315 6821 7318
f 6821 6822 7318
f 6822 6790 7318
f 6790 7285 7319
f 6790 7319 7318
f 7318 7319 7317
f 7285 7320 7319
f 7285 7288 7320
f 7296 7297 7321
f 7296 7321 7295
f 7297 7322 7321
f 6801 6823 7323
f 6801 7324 7298
f 6801 7323 7324
f 7298 7322 7297
f 7298 7324 7322
f 7323 7325 7324
f 7323 7326 7325
f 7323 6823 7326
f 6823 6824 7326
f 6824 6826 7327
f 6824 7327 7326
f 7326 7327 7328
f 7326 7328 7325
f 7327 7329 7328
f 7327 7330 7329
f 7327 6826 7330
f 6826 6827 7330
f 7331 7332 7333
f 7331 7333 7334
f 6832 7334 6833
f 6832 7331 7334
f 6832 6836 7335
f 6832 7335 7331
f 7331 7335 7336
f 7331 7336 7332
f 7335 7337 7336
f 7335 7338 7337
f 7335 6836 7338
f 6836 6837 7338
f 6837 6807 7338
f 6807 7302 7338
f 7302 7301 7337
f 7302 7337 7338
f 6811 6840 7339
f 6811 7340 7306
f 6811 7339 7340
f 7306 7340 7305
f 7339 7341 7340
f 7339 7342 7341
f 7339 6840 7342
f 6840 6841 7342
f 6841 6844 7343
f 6841 7343 7342
f 7342 7343 7344
f 7342 7344 7341
f 7343 7345 7344
f 7343 7346 7345
f 7343 6844 7346
f 6844 6845 7346
f 6845 6848 7347
f 6845 7347 7346
f 7346 7347 7348
f 7346 7348 7345
f 7347 7349 7348
f 7347 7350 7349
f 7347 6848 7350
f 6848 6849 7350
f 6849 6852 7351
f 6849 7351 7350
f 7350 7351 7352
f 7350 7352 7349
f 7351 7353 7352
f 7351 7354 7353
f 7351 6852 7354
f 6852 6853 7354
f 6853 6855 7355
f 6853 7355 7354
f 7354 7355 7356
f 7354 7356 7353
f 7355 7357 7356
f 7355 7358 7357
f 7355 6855 7358
f 6855 6856 7358
f 6856 6816 7358
f 6816 7310 7358
f 7310 7309 7357
f 7310 7357 7358
f 6827 6857 7359
f 6827 7360 7330
f 6827 7359 7360
f 7330 7360 7329
f 7359 7361 7360
f 7359 7362 7361
f 7359 6857 7362
f 6857 6858 7362
f 6858 6860 7363
f 6858 7363 7362
f 7362 7363 7364
f 7362 7364 7361
f 7363 7365 7364
f 7363 7366 7365
f 7363 6860 7366
f 6860 6861 7366
f 6861 6864 7367
f 6861 7367 7366
f 7366 7367 7368
f 7366 7368 7365
f 7367 7369 7368
f 7367 7370 7369
f 7367 6864 7370
f 6864 6865 7370
f 6865 6868 7371
f 6865 7371 7370
f 7370 7371 7372
f 7370 7372 7369
f 7371 7373 7372
f 7371 7374 7373
f 7371 6868 7374
f 6868 6869 7374
f 6869 6872 7375
f 6869 7375 7374
f 7374 7375 7376
f 7374 7376 7373
f 7375 7377 7376
f 7375 7378 7377
f 7375 6872 7378
f 6872 6873 7378
f 6873 6833 7378
f 6833 7334 7378
f 7334 7333 7377
f 7334 7377 7378
f 7379 7381 7380
f 7379 7382 7381
f 6876 7382 7379
f 6876 6877 7382
f 6876 7379 7383
f 6876 7383 6880
f 7379 7384 7383
f 7379 7380 7384
f 7383 7386 7385
f 7383 7384 7386
f 7383 7385 6880
f 6880 7385 6882
f 6882 7385 7387
f 6882 7387 6884
f 7385 7388 7387
f 7385 7386 7388
f 7387 7390 7389
f 7387 7388 7390
f 7387 7389 6884
f 6884 7389 6886
f 6886 7389 7391
f 6886 7391 6888
f 7389 7392 7391
f 7389 7390 7392
f 7391 7394 7393
f 7391 7392 7394
f 7391 7393 6888
f 6888 7393 6890
f 6890 7393 7395
f 6890 7395 6892
f 7393 7396 7395
f 7393 7394 7396
f 7395 7396 7397
f 7395 7398 6892
f 7395 7397 7398
f 6892 7399 6894
f 6892 7398 7399
f 6894 7399 6896
f 6896 7399 7400
f 6896 7400 6897
f 6900 6901 7401
f 6900 7401 6904
f 7402 7404 7403
f 6904 7404 7402
f 6904 7401 7404
f 6904 7402 6906
f 6906 7402 7405
f 6906 7405 6908
f 7402 7406 7405
f 7402 7403 7406
f 7405 7408 7407
f 7405 7406 7408
f 7405 7407 6908
f 6908 7407 6910
f 6910 7407 7409
f 6910 7409 6912
f 7407 7410 7409
f 7407 7408 7410
f 7409 7412 7411
f 7409 7410 7412
f 7409 7411 6912
f 6912 7411 6914
f 6914 7411 7413
f 6914 7413 6916
f 7411 7414 7413
f 7411 7412 7414
f 7413 7416 7415
f 7413 7414 7416
f 7413 7415 6916
f 6916 7415 6918
f 6918 7415 7417
f 6918 7417 6920
f 7415 7418 7417
f 7415 7416 7418
f 7417 7418 7419
f 7417 7420 6920
f 7417 7419 7420
f 6920 7420 6921
f 7421 7423 7422
f 7421 7424 7423
f 6924 7424 7421
f 6924 6925 7424
f 6924 7421 7425
f 6924 7425 6928
f 7421 7426 7425
f 7421 7422 7426
f 7425 7428 7427
f 7425 7426 7428
f 7425 7427 6928
f 6928 7427 6930
f 6930 7427 6877
f 6877 7427 7382
f 7382 7427 7428
f 7382 7428 7381
f 7398 7429 7399
f 7398 7397 7429
f 7399 7429 7430
f 6897 7431 6932
f 6897 7432 7431
f 6897 7400 7432
f 7400 7430 7432
f 7400 7399 7430
f 7431 7432 7433
f 7431 7434 6932
f 7431 7433 7434
f 6932 7435 6934
f 6932 7434 7435
f 6934 7435 6936
f 6936 7435 7436
f 6936 7437 6938
f 6936 7436 7437
f 6938 7437 6941
f 6941 7437 7438
f 6941 7438 6942
f 6944 6945 7439
f 6944 7439 6949
f 6949 7439 7440
f 6949 7441 6951
f 6949 7440 7441
f 6951 7441 6954
f 7442 7444 7443
f 6954 7444 7442
f 6954 7441 7444
f 6954 7442 6956
f 6956 7442 7445
f 6956 7445 6958
f 7442 7446 7445
f 7442 7443 7446
f 7445 7448 7447
f 7445 7446 7448
f 7445 7447 6958
f 6958 7447 6960
f 6960 7447 6901
f 6901 7447 7449
f 6901 7449 7401
f 7447 7448 7449
f 7401 7449 7450
f 7401 7450 7404
f 6921 7451 6962
f 6921 7452 7451
f 6921 7420 7452
f 7420 7419 7452
f 7451 7452 7453
f 7451 7454 6962
f 7451 7453 7454
f 6962 7454 6963
f 7455 7457 7456
f 7455 7458 7457
f 6966 7458 7455
f 6966 6967 7458
f 6966 7455 6925
f 6925 7455 7424
f 7424 7455 7456
f 7424 7456 7423
f 7434 7459 7435
f 7434 7433 7459
f 7435 7459 7460
f 7436 7461 7437
f 7436 7460 7461
f 7436 7435 7460
f 7437 7461 7462
f 7437 7462 7463
f 7463 7462 7464
f 7463 7464 7465
f 6942 7465 6972
f 6942 7463 7465
f 6942 7438 7463
f 7438 7437 7463
f 6972 7465 7466
f 6972 7467 6974
f 6972 7466 7467
f 6974 7467 6976
f 7468 7470 7469
f 6976 7470 7468
f 6976 7467 7470
f 6976 7468 6978
f 6978 7468 6945
f 6945 7468 7471
f 6945 7471 7439
f 7468 7469 7471
f 7439 7471 7472
f 7440 7473 7441
f 7440 7472 7473
f 7440 7439 7472
f 7441 7473 7474
f 7441 7474 7444
f 7475 7476 7477
f 7475 7477 7478
f 6982 7478 6983
f 6982 7475 7478
f 6982 6963 7475
f 6963 7454 7475
f 7454 7453 7476
f 7454 7476 7475
f 7479 7481 7480
f 7479 7482 7481
f 6986 7482 7479
f 6986 6987 7482
f 6986 7479 6967
f 6967 7479 7458
f 7458 7479 7480
f 7458 7480 7457
f 7483 7484 7485
f 7483 7485 7486
f 7483 7486 7487
f 7483 7487 7488
f 7483 7488 7489
f 7483 7489 7484
f 7488 7490 7489
f 7488 7491 7490
f 7488 7487 7492
f 7488 7492 7491
f 7491 7492 7493
f 7491 7493 7494
f 7464 7494 7465
f 7464 7491 7494
f 7464 7462 7490
f 7464 7490 7491
f 7465 7494 7495
f 7494 7493 7496
f 7494 7496 7495
f 7495 7496 7497
f 7495 7497 7498
f 7466 7498 7467
f 7466 7495 7498
f 7466 7465 7495
f 7467 7498 7499
f 7498 7497 7500
f 7498 7500 7499
f 7499 7500 7501
f 7499 7501 7502
f 7499 7502 7503
f 7467 7503 7470
f 7467 7499 7503
f 7502 7504 7503
f 7502 7501 7504
f 7505 7506 7507
f 7505 7507 7508
f 6990 7508 6991
f 6990 7505 7508
f 6990 6983 7505
f 6983 7478 7505
f 7478 7477 7506
f 7478 7506 7505
f 7509 7511 7510
f 7509 7512 7511
f 6994 7512 7509
f 6994 6995 7512
f 6994 7509 6987
f 6987 7509 7482
f 7482 7509 7510
f 7482 7510 7481
f 7513 7514 7515
f 7513 7515 7516
f 7513 7516 7517
f 7513 7517 7518
f 7513 7518 7519
f 7513 7519 7514
f 7518 7520 7519
f 7518 7521 7520
f 7518 7517 7522
f 7518 7522 7521
f 7521 7522 7523
f 7521 7523 7524
f 7486 7524 7487
f 7486 7521 7524
f 7486 7485 7520
f 7486 7520 7521
f 7487 7524 7525
f 7524 7523 7526
f 7524 7526 7525
f 6998 7526 6999
f 6998 7525 7526
f 6998 7002 7527
f 6998 7527 7525
f 7492 7527 7493
f 7492 7525 7527
f 7492 7487 7525
f 7493 7527 7528
f 7527 7002 7528
f 7002 7003 7528
f 7003 7006 7529
f 7003 7529 7528
f 7496 7529 7497
f 7496 7528 7529
f 7496 7493 7528
f 7497 7529 7530
f 7529 7006 7530
f 7006 7007 7531
f 7006 7531 7530
f 7530 7531 7532
f 7500 7532 7501
f 7500 7530 7532
f 7500 7497 7530
f 7501 7532 7533
f 7532 7531 7534
f 7532 7534 7533
f 7533 7534 7535
f 7533 7535 7536
f 7533 7536 7537
f 7501 7537 7504
f 7501 7533 7537
f 7536 7538 7537
f 7536 7535 7538
f 7539 7540 7541
f 7539 7541 7542
f 7010 7542 7011
f 7010 7539 7542
f 7010 6991 7539
f 6991 7508 7539
f 7508 7507 7540
f 7508 7540 7539
f 7014 7015 7543
f 7014 7544 6995
f 7014 7543 7544
f 6995 7545 7512
f 6995 7544 7545
f 7512 7545 7511
f 7544 7546 7545
f 7544 7543 7546
f 7547 7548 7549
f 7547 7549 7550
f 7547 7550 7551
f 7547 7551 7552
f 7547 7552 7553
f 7547 7553 7548
f 7552 7554 7553
f 7552 7555 7554
f 7552 7551 7556
f 7552 7556 7555
f 7018 7556 7019
f 7018 7555 7556
f 7018 7022 7557
f 7018 7557 7555
f 7516 7557 7517
f 7516 7555 7557
f 7516 7515 7554
f 7516 7554 7555
f 7517 7557 7558
f 7557 7022 7558
f 7022 7023 7558
f 7023 7026 7559
f 7023 7559 7558
f 7522 7559 7523
f 7522 7558 7559
f 7522 7517 7558
f 7523 7559 7560
f 7559 7026 7560
f 7026 7027 7560
f 7027 6999 7560
f 6999 7526 7560
f 7526 7523 7560
f 7007 7030 7561
f 7007 7561 7531
f 7531 7561 7562
f 7561 7030 7562
f 7030 7031 7562
f 7031 7034 7563
f 7031 7563 7562
f 7534 7563 7535
f 7534 7562 7563
f 7534 7531 7562
f 7535 7563 7564
f 7563 7034 7564
f 7034 7035 7565
f 7034 7565 7564
f 7564 7565 7566
f 7564 7566 7567
f 7535 7567 7538
f 7535 7564 7567
f 7566 7568 7567
f 7566 7565 7568
f 7569 7570 7571
f 7569 7571 7572
f 7569 7572 7573
f 7569 7573 7574
f 7569 7574 7575
f 7569 7575 7570
f 7574 7576 7575
f 7574 7577 7576
f 7574 7573 7578
f 7574 7578 7577
f 7038 7578 7039
f 7038 7577 7578
f 7038 7011 7577
f 7011 7542 7577
f 7542 7541 7576
f 7542 7576 7577
f 7015 7042 7579
f 7015 7579 7543
f 7543 7581 7580
f 7543 7579 7581
f 7579 7582 7581
f 7579 7042 7582
f 7042 7043 7582
f 7543 7580 7546
f 7583 7584 7585
f 7583 7585 7586
f 7583 7586 7587
f 7583 7587 7588
f 7583 7588 7589
f 7583 7589 7584
f 7588 7590 7589
f 7588 7591 7590
f 7588 7587 7592
f 7588 7592 7591
f 7046 7592 7047
f 7046 7591 7592
f 7046 7050 7593
f 7046 7593 7591
f 7550 7593 7551
f 7550 7591 7593
f 7550 7549 7590
f 7550 7590 7591
f 7551 7593 7594
f 7593 7050 7594
f 7050 7051 7594
f 7051 7019 7594
f 7019 7556 7594
f 7556 7551 7594
f 7035 7054 7595
f 7035 7595 7565
f 7565 7595 7596
f 7595 7054 7596
f 7054 7055 7597
f 7054 7597 7596
f 7596 7597 7598
f 7596 7598 7599
f 7565 7599 7568
f 7565 7596 7599
f 7598 7600 7599
f 7598 7597 7600
f 7601 7602 7603
f 7601 7603 7604
f 7058 7604 7059
f 7058 7601 7604
f 7058 7062 7605
f 7058 7605 7601
f 7572 7605 7573
f 7572 7601 7605
f 7572 7571 7602
f 7572 7602 7601
f 7573 7605 7606
f 7605 7062 7606
f 7062 7063 7606
f 7063 7039 7606
f 7039 7578 7606
f 7578 7573 7606
f 7066 7067 7607
f 7066 7608 7043
f 7066 7607 7608
f 7043 7609 7582
f 7043 7608 7609
f 7582 7609 7581
f 7608 7610 7609
f 7608 7607 7610
f 7611 7612 7613
f 7611 7613 7614
f 7611 7614 7615
f 7611 7615 7616
f 7611 7616 7617
f 7611 7617 7612
f 7616 7618 7617
f 7616 7619 7618
f 7616 7615 7620
f 7616 7620 7619
f 7070 7620 7071
f 7070 7619 7620
f 7070 7074 7621
f 7070 7621 7619
f 7586 7621 7587
f 7586 7619 7621
f 7586 7585 7618
f 7586 7618 7619
f 7587 7621 7622
f 7621 7074 7622
f 7074 7075 7622
f 7075 7047 7622
f 7047 7592 7622
f 7592 7587 7622
f 7055 7078 7623
f 7055 7623 7597
f 7597 7623 7624
f 7623 7078 7624
f 7078 7079 7625
f 7078 7625 7624
f 7624 7625 7626
f 7624 7626 7627
f 7597 7627 7600
f 7597 7624 7627
f 7626 7628 7627
f 7626 7625 7628
f 7629 7630 7631
f 7629 7631 7632
f 7629 7632 7633
f 7629 7633 7634
f 7629 7634 7635
f 7629 7635 7630
f 7634 7636 7635
f 7634 7637 7636
f 7634 7633 7638
f 7634 7638 7637
f 7082 7638 7083
f 7082 7637 7638
f 7082 7059 7637
f 7059 7604 7637
f 7604 7603 7636
f 7604 7636 7637
f 7086 7087 7639
f 7086 7640 7067
f 7086 7639 7640
f 7067 7640 7607
f 7607 7642 7641
f 7607 7640 7642
f 7640 7639 7642
f 7607 7641 7610
f 7643 7644 7645
f 7643 7645 7646
f 7643 7646 7647
f 7643 7647 7648
f 7643 7648 7649
f 7643 7649 7644
f 7648 7650 7649
f 7648 7651 7650
f 7648 7647 7652
f 7648 7652 7651
f 7651 7652 7653
f 7651 7653 7654
f 7614 7654 7615
f 7614 7651 7654
f 7614 7613 7650
f 7614 7650 7651
f 7615 7654 7655
f 7654 7653 7656
f 7654 7656 7655
f 7092 7656 7093
f 7092 7655 7656
f 7092 7071 7655
f 7071 7620 7655
f 7620 7615 7655
f 7096 7097 7657
f 7096 7658 7079
f 7096 7657 7658
f 7079 7658 7625
f 7625 7658 7659
f 7658 7657 7660
f 7658 7660 7659
f 7659 7660 7661
f 7659 7661 7662
f 7659 7662 7663
f 7625 7663 7628
f 7625 7659 7663
f 7662 7664 7663
f 7662 7661 7664
f 7665 7666 7667
f 7665 7667 7668
f 7665 7668 7669
f 7665 7669 7670
f 7632 7670 7633
f 7632 7665 7670
f 7632 7631 7666
f 7632 7666 7665
f 7633 7670 7671
f 7670 7669 7672
f 7670 7672 7671
f 7101 7672 7102
f 7101 7671 7672
f 7101 7083 7671
f 7083 7638 7671
f 7638 7633 7671
f 7087 7103 7673
f 7087 7673 7639
f 7639 7673 7674
f 7673 7103 7674
f 7103 7105 7675
f 7103 7675 7674
f 7674 7675 7676
f 7674 7676 7677
f 7639 7677 7642
f 7639 7674 7677
f 7676 7678 7677
f 7676 7679 7678
f 7676 7675 7680
f 7676 7680 7679
f 7679 7680 7681
f 7679 7681 7682
f 7646 7682 7647
f 7646 7679 7682
f 7646 7645 7678
f 7646 7678 7679
f 7647 7682 7683
f 7682 7681 7684
f 7682 7684 7683
f 7108 7684 7109
f 7108 7683 7684
f 7108 7112 7685
f 7108 7685 7683
f 7652 7685 7653
f 7652 7683 7685
f 7652 7647 7683
f 7653 7685 7686
f 7685 7112 7686
f 7112 7113 7686
f 7113 7093 7686
f 7093 7656 7686
f 7656 7653 7686
f 7097 7116 7687
f 7097 7687 7657
f 7657 7687 7688
f 7687 7116 7688
f 7116 7117 7689
f 7116 7689 7688
f 7688 7689 7690
f 7660 7690 7661
f 7660 7688 7690
f 7660 7657 7688
f 7661 7690 7691
f 7690 7689 7692
f 7690 7692 7691
f 7691 7692 7693
f 7691 7693 7694
f 7691 7694 7695
f 7661 7695 7664
f 7661 7691 7695
f 7694 7696 7695
f 7694 7697 7696
f 7694 7693 7698
f 7694 7698 7697
f 7120 7698 7121
f 7120 7697 7698
f 7120 7123 7699
f 7120 7699 7697
f 7668 7699 7669
f 7668 7697 7699
f 7668 7667 7696
f 7668 7696 7697
f 7669 7699 7700
f 7699 7123 7700
f 7123 7124 7700
f 7124 7102 7700
f 7102 7672 7700
f 7672 7669 7700
f 7126 7127 7701
f 7126 7702 7105
f 7126 7701 7702
f 7105 7702 7675
f 7675 7702 7703
f 7702 7701 7704
f 7702 7704 7703
f 7703 7704 7705
f 7703 7705 7706
f 7680 7706 7681
f 7680 7703 7706
f 7680 7675 7703
f 7681 7706 7707
f 7706 7705 7708
f 7706 7708 7707
f 7130 7708 7131
f 7130 7707 7708
f 7130 7109 7707
f 7109 7684 7707
f 7684 7681 7707
f 7134 7135 7709
f 7134 7710 7117
f 7134 7709 7710
f 7117 7710 7689
f 7689 7710 7711
f 7710 7709 7712
f 7710 7712 7711
f 7711 7712 7713
f 7711 7713 7714
f 7692 7714 7693
f 7692 7711 7714
f 7692 7689 7711
f 7693 7714 7715
f 7714 7713 7716
f 7714 7716 7715
f 7138 7716 7139
f 7138 7715 7716
f 7138 7121 7715
f 7121 7698 7715
f 7698 7693 7715
f 7142 7143 7717
f 7142 7717 7147
f 7718 7720 7719
f 7147 7720 7718
f 7147 7717 7720
f 7147 7718 7149
f 7149 7718 7127
f 7127 7718 7721
f 7127 7721 7701
f 7718 7719 7721
f 7701 7721 7722
f 7701 7722 7723
f 7723 7722 7724
f 7723 7724 7725
f 7723 7725 7726
f 7704 7726 7705
f 7704 7723 7726
f 7704 7701 7723
f 7705 7726 7727
f 7726 7725 7728
f 7726 7728 7727
f 7727 7728 7729
f 7131 7729 7152
f 7131 7727 7729
f 7131 7708 7727
f 7708 7705 7727
f 7152 7729 7730
f 7152 7730 7153
f 7156 7157 7731
f 7156 7731 7160
f 7160 7731 7732
f 7160 7733 7162
f 7160 7732 7733
f 7162 7734 7135
f 7162 7733 7734
f 7135 7734 7709
f 7709 7736 7735
f 7709 7734 7736
f 7734 7733 7736
f 7712 7737 7713
f 7712 7735 7737
f 7712 7709 7735
f 7713 7737 7738
f 7713 7738 7739
f 7739 7738 7740
f 7739 7740 7741
f 7139 7741 7165
f 7139 7739 7741
f 7139 7716 7739
f 7716 7713 7739
f 7165 7741 7742
f 7165 7742 7166
f 7168 7169 7743
f 7168 7744 7143
f 7168 7743 7744
f 7143 7744 7717
f 7717 7746 7745
f 7717 7744 7746
f 7744 7743 7746
f 7717 7745 7720
f 7724 7747 7725
f 7724 7722 7747
f 7725 7747 7748
f 7725 7748 7749
f 7749 7748 7750
f 7749 7750 7751
f 7749 7751 7752
f 7728 7752 7729
f 7728 7749 7752
f 7728 7725 7749
f 7729 7752 7753
f 7752 7751 7754
f 7752 7754 7753
f 7174 7754 7175
f 7174 7753 7754
f 7174 7153 7753
f 7153 7730 7753
f 7730 7729 7753
f 7178 7179 7755
f 7178 7756 7157
f 7178 7755 7756
f 7157 7756 7731
f 7731 7758 7757
f 7731 7756 7758
f 7756 7755 7758
f 7732 7759 7733
f 7732 7757 7759
f 7732 7731 7757
f 7733 7759 7760
f 7733 7760 7736
f 7761 7762 7763
f 7761 7763 7764
f 7761 7764 7765
f 7761 7765 7766
f 7740 7766 7741
f 7740 7761 7766
f 7740 7738 7762
f 7740 7762 7761
f 7741 7766 7767
f 7766 7765 7768
f 7766 7768 7767
f 7183 7768 7182
f 7183 7767 7768
f 7183 7166 7767
f 7166 7742 7767
f 7742 7741 7767
f 7769 7771 7770
f 7769 7772 7771
f 7186 7772 7769
f 7186 7187 7772
f 7186 7769 7169
f 7169 7769 7773
f 7169 7773 7743
f 7769 7770 7773
f 7743 7773 7774
f 7743 7774 7746
f 7750 7775 7751
f 7750 7748 7775
f 7751 7775 7776
f 7751 7776 7777
f 7777 7776 7778
f 7777 7778 7779
f 7175 7779 7190
f 7175 7777 7779
f 7175 7754 7777
f 7754 7751 7777
f 7190 7779 7780
f 7190 7780 7191
f 7194 7195 7781
f 7194 7781 7198
f 7782 7784 7783
f 7198 7784 7782
f 7198 7781 7784
f 7198 7782 7200
f 7200 7782 7179
f 7179 7782 7785
f 7179 7785 7755
f 7782 7783 7785
f 7755 7785 7786
f 7755 7786 7758
f 7764 7787 7765
f 7764 7763 7787
f 7765 7787 7788
f 7765 7788 7789
f 7789 7788 7790
f 7202 7790 7203
f 7202 7789 7790
f 7202 7182 7789
f 7182 7768 7789
f 7768 7765 7789
f 7206 7207 7791
f 7206 7791 7210
f 7792 7794 7793
f 7210 7794 7792
f 7210 7791 7794
f 7210 7792 7212
f 7212 7792 7187
f 7187 7792 7772
f 7772 7792 7793
f 7772 7793 7771
f 7778 7795 7779
f 7778 7776 7795
f 7779 7795 7796
f 7779 7796 7797
f 7797 7796 7798
f 7797 7798 7799
f 7191 7799 7214
f 7191 7797 7799
f 7191 7780 7797
f 7780 7779 7797
f 7214 7799 7800
f 7214 7800 7215
f 7218 7219 7801
f 7218 7801 7222
f 7802 7804 7803
f 7222 7804 7802
f 7222 7801 7804
f 7222 7802 7224
f 7224 7802 7195
f 7195 7802 7805
f 7195 7805 7781
f 7802 7803 7805
f 7781 7805 7806
f 7781 7806 7784
f 7807 7808 7809
f 7807 7809 7810
f 7807 7810 7811
f 7203 7811 7226
f 7203 7807 7811
f 7203 7790 7807
f 7790 7788 7808
f 7790 7808 7807
f 7226 7811 7812
f 7226 7812 7227
f 7813 7815 7814
f 7813 7816 7815
f 7230 7816 7813
f 7230 7231 7816
f 7230 7813 7207
f 7207 7813 7817
f 7207 7817 7791
f 7813 7814 7817
f 7791 7817 7818
f 7791 7818 7794
f 7798 7819 7799
f 7798 7796 7819
f 7799 7819 7820
f 7799 7820 7821
f 7821 7820 7822
f 7821 7822 7823
f 7215 7823 7234
f 7215 7821 7823
f 7215 7800 7821
f 7800 7799 7821
f 7234 7823 7824
f 7234 7825 7236
f 7234 7824 7825
f 7236 7825 7238
f 7238 7825 7826
f 7238 7826 7239
f 7242 7243 7827
f 7242 7827 7246
f 7246 7827 7828
f 7246 7829 7248
f 7246 7828 7829
f 7248 7829 7250
f 7830 7832 7831
f 7250 7832 7830
f 7250 7829 7832
f 7250 7830 7252
f 7252 7830 7219
f 7219 7830 7833
f 7219 7833 7801
f 7830 7831 7833
f 7801 7833 7834
f 7801 7834 7804
f 7810 7835 7811
f 7810 7809 7835
f 7811 7835 7836
f 7811 7836 7837
f 7837 7836 7838
f 7254 7838 7255
f 7254 7837 7838
f 7254 7227 7837
f 7227 7812 7837
f 7812 7811 7837
f 7839 7841 7840
f 7839 7842 7841
f 7258 7842 7839
f 7258 7259 7842
f 7258 7839 7231
f 7231 7839 7816
f 7816 7839 7840
f 7816 7840 7815
f 7822 7843 7823
f 7822 7820 7843
f 7823 7843 7844
f 7823 7844 7845
f 7845 7844 7846
f 7845 7846 7847
f 7845 7847 7848
f 7824 7848 7825
f 7824 7845 7848
f 7824 7823 7845
f 7825 7848 7849
f 7848 7847 7850
f 7848 7850 7849
f 7849 7850 7851
f 7239 7851 7262
f 7239 7849 7851
f 7239 7826 7849
f 7826 7825 7849
f 7262 7851 7852
f 7262 7853 7264
f 7262 7852 7853
f 7264 7853 7266
f 7266 7853 7854
f 7266 7855 7268
f 7266 7854 7855
f 7268 7856 7243
f 7268 7855 7856
f 7243 7856 7827
f 7827 7858 7857
f 7827 7856 7858
f 7856 7855 7858
f 7828 7859 7829
f 7828 7857 7859
f 7828 7827 7857
f 7829 7859 7860
f 7829 7860 7832
f 7861 7862 7863
f 7861 7863 7864
f 7270 7864 7271
f 7270 7861 7864
f 7270 7255 7861
f 7255 7838 7861
f 7838 7836 7862
f 7838 7862 7861
f 7865 7867 7866
f 7865 7868 7867
f 7274 7868 7865
f 7274 7275 7868
f 7274 7865 7259
f 7259 7865 7842
f 7842 7865 7866
f 7842 7866 7841
f 7846 7869 7847
f 7846 7844 7869
f 7847 7869 7870
f 7847 7870 7871
f 7871 7870 7872
f 7871 7872 7873
f 7871 7873 7874
f 7850 7874 7851
f 7850 7871 7874
f 7850 7847 7871
f 7851 7874 7875
f 7874 7873 7876
f 7874 7876 7875
f 7875 7876 7877
f 7875 7877 7878
f 7852 7878 7853
f 7852 7875 7878
f 7852 7851 7875
f 7853 7880 7879
f 7853 7878 7880
f 7878 7877 7880
f 7854 7881 7855
f 7854 7879 7881
f 7854 7853 7879
f 7855 7881 7882
f 7855 7882 7858
f 7883 7884 7885
f 7883 7885 7886
f 7278 7886 7279
f 7278 7883 7886
f 7278 7271 7883
f 7271 7864 7883
f 7864 7863 7884
f 7864 7884 7883
f 7887 7889 7888
f 7887 7890 7889
f 7282 7890 7887
f 7282 7283 7890
f 7282 7887 7275
f 7275 7887 7868
f 7868 7887 7888
f 7868 7888 7867
f 7891 7892 7893
f 7891 7893 7894
f 7891 7894 7895
f 7891 7895 7896
f 7891 7896 7897
f 7891 7897 7892
f 7896 7898 7897
f 7896 7899 7898
f 7896 7895 7900
f 7896 7900 7899
f 7899 7900 7901
f 7899 7901 7902
f 7899 7902 7903
f 7899 7903 7898
f 7902 7904 7903
f 7902 7905 7904
f 7902 7901 7906
f 7902 7906 7905
f 7287 7906 7288
f 7287 7905 7906
f 7287 7290 7907
f 7287 7907 7905
f 7872 7907 7873
f 7872 7905 7907
f 7872 7870 7904
f 7872 7904 7905
f 7873 7907 7908
f 7907 7290 7908
f 7290 7291 7908
f 7291 7294 7909
f 7291 7909 7908
f 7876 7909 7877
f 7876 7908 7909
f 7876 7873 7908
f 7877 7909 7910
f 7909 7294 7910
f 7294 7295 7911
f 7294 7911 7910
f 7910 7911 7912
f 7910 7912 7913
f 7877 7913 7880
f 7877 7910 7913
f 7912 7914 7913
f 7912 7915 7914
f 7912 7911 7916
f 7912 7916 7915
f 7915 7916 7917
f 7915 7917 7918
f 7915 7918 7919
f 7915 7919 7914
f 7918 7920 7919
f 7918 7917 7920
f 7921 7922 7923
f 7921 7923 7924
f 7300 7924 7301
f 7300 7921 7924
f 7300 7279 7921
f 7279 7886 7921
f 7886 7885 7922
f 7886 7922 7921
f 7283 7304 7925
f 7283 7926 7890
f 7283 7925 7926
f 7890 7926 7889
f 7925 7927 7926
f 7925 7928 7927
f 7925 7304 7928
f 7304 7305 7928
f 7929 7930 7931
f 7929 7931 7932
f 7929 7932 7933
f 7929 7933 7934
f 7929 7934 7935
f 7929 7935 7930
f 7934 7936 7935
f 7934 7937 7936
f 7934 7933 7938
f 7934 7938 7937
f 7308 7938 7309
f 7308 7937 7938
f 7308 7312 7939
f 7308 7939 7937
f 7937 7939 7940
f 7937 7940 7936
f 7939 7941 7940
f 7939 7942 7941
f 7939 7312 7942
f 7312 7313 7942
f 7313 7316 7943
f 7313 7943 7942
f 7894 7943 7895
f 7894 7942 7943
f 7894 7893 7941
f 7894 7941 7942
f 7895 7943 7944
f 7943 7316 7944
f 7316 7317 7944
f 7317 7319 7945
f 7317 7945 7944
f 7900 7945 7901
f 7900 7944 7945
f 7900 7895 7944
f 7901 7945 7946
f 7945 7319 7946
f 7319 7320 7946
f 7320 7288 7946
f 7288 7906 7946
f 7906 7901 7946
f 7295 7321 7947
f 7295 7947 7911
f 7911 7947 7948
f 7947 7321 7948
f 7321 7322 7948
f 7322 7324 7949
f 7322 7949 7948
f 7916 7949 7917
f 7916 7948 7949
f 7916 7911 7948
f 7917 7949 7950
f 7949 7324 7950
f 7324 7325 7950
f 7325 7328 7951
f 7325 7951 7950
f 7950 7951 7952
f 7917 7952 7920
f 7917 7950 7952
f 7951 7953 7952
f 7951 7954 7953
f 7951 7328 7954
f 7328 7329 7955
f 7328 7955 7954
f 7954 7955 7956
f 7954 7956 7957
f 7954 7957 7953
f 7956 7958 7957
f 7956 7955 7958
f 7959 7960 7961
f 7959 7961 7962
f 7332 7962 7333
f 7332 7959 7962
f 7332 7336 7963
f 7332 7963 7959
f 7959 7963 7964
f 7959 7964 7960
f 7963 7965 7964
f 7963 7966 7965
f 7963 7336 7966
f 7336 7337 7966
f 7337 7301 7966
f 7301 7924 7966
f 7924 7923 7965
f 7924 7965 7966
f 7305 7340 7967
f 7305 7968 7928
f 7305 7967 7968
f 7928 7968 7927
f 7967 7969 7968
f 7967 7970 7969
f 7967 7340 7970
f 7340 7341 7970
f 7341 7344 7971
f 7341 7971 7970
f 7970 7971 7972
f 7970 7972 7969
f 7971 7973 7972
f 7971 7974 7973
f 7971 7344 7974
f 7344 7345 7974
f 7345 7348 7975
f 7345 7975 7974
f 7974 7975 7976
f 7974 7976 7973
f 7975 7977 7976
f 7975 7978 7977
f 7975 7348 7978
f 7348 7349 7978
f 7349 7352 7979
f 7349 7979 7978
f 7978 7979 7980
f 7978 7980 7977
f 7979 7981 7980
f 7979 7982 7981
f 7979 7352 7982
f 7352 7353 7982
f 7353 7356 7983
f 7353 7983 7982
f 7932 7983 7933
f 7932 7982 7983
f 7932 7931 7981
f 7932 7981 7982
f 7933 7983 7984
f 7983 7356 7984
f 7356 7357 7984
f 7357 7309 7984
f 7309 7938 7984
f 7938 7933 7984
f 7329 7360 7985
f 7329 7985 7955
f 7955 7985 7986
f 7985 7360 7986
f 7360 7361 7986
f 7361 7364 7987
f 7361 7987 7986
f 7986 7987 7988
f 7955 7988 7958
f 7955 7986 7988
f 7987 7989 7988
f 7987 7990 7989
f 7987 7364 7990
f 7364 7365 7990
f 7365 7368 7991
f 7365 7991 7990
f 7990 7991 7992
f 7990 7992 7989
f 7991 7993 7992
f 7991 7994 7993
f 7991 7368 7994
f 7368 7369 7994
f 7369 7372 7995
f 7369 7995 7994
f 7994 7995 7996
f 7994 7996 7993
f 7995 7997 7996
f 7995 7998 7997
f 7995 7372 7998
f 7372 7373 7998
f 7373 7376 7999
f 7373 7999 7998
f 7998 7999 8000
f 7998 8000 7997
f 7999 8001 8000
f 7999 8002 8001
f 7999 7376 8002
f 7376 7377 8002
f 7377 7333 8002
f 7333 7962 8002
f 7962 7961 8001
f 7962 8001 8002
f 7380 7381 8003
f 7380 8003 7384
f 7384 8003 8004
f 7384 8005 7386
f 7384 8004 8005
f 7386 8005 7388
f 7388 8005 8006
f 7388 8007 7390
f 7388 8006 8007
f 7390 8007 7392
f 7392 8007 8008
f 7392 8009 7394
f 7392 8008 8009
f 7394 8009 7396
f 7396 8009 8010
f 7396 8010 7397
f 7403 7404 8011
f 7403 8011 7406
f 7406 8011 8012
f 7406 8013 7408
f 7406 8012 8013
f 7408 8013 7410
f 7410 8013 8014
f 7410 8015 7412
f 7410 8014 8015
f 7412 8015 7414
f 7414 8015 8016
f 7414 8017 7416
f 7414 8016 8017
f 7416 8017 7418
f 7418 8017 8018
f 7418 8018 7419
f 7422 7423 8019
f 7422 8019 7426
f 8020 8022 8021
f 7426 8022 8020
f 7426 8019 8022
f 7426 8020 7428
f 7428 8020 7381
f 7381 8020 8023
f 7381 8023 8003
f 8020 8021 8023
f 8003 8023 8024
f 8004 8025 8005
f 8004 8024 8025
f 8004 8003 8024
f 8005 8025 8026
f 8006 8027 8007
f 8006 8026 8027
f 8006 8005 8026
f 8007 8027 8028
f 8008 8029 8009
f 8008 8028 8029
f 8008 8007 8028
f 8009 8029 8030
f 8009 8030 8031
f 8031 8030 8032
f 8031 8032 8033
f 7397 8033 7429
f 7397 8031 8033
f 7397 8010 8031
f 8010 8009 8031
f 7429 8033 8034
f 7429 8035 7430
f 7429 8034 8035
f 7430 8035 7432
f 7432 8035 8036
f 7432 8036 7433
f 7443 7444 8037
f 7443 8037 7446
f 7446 8037 8038
f 7446 8039 7448
f 7446 8038 8039
f 7448 8039 7449
f 8040 8042 8041
f 7449 8042 8040
f 7449 8039 8042
f 7449 8040 7450
f 7450 8040 7404
f 7404 8040 8043
f 7404 8043 8011
f 8040 8041 8043
f 8011 8043 8044
f 8012 8045 8013
f 8012 8044 8045
f 8012 8011 8044
f 8013 8045 8046
f 8014 8047 8015
f 8014 8046 8047
f 8014 8013 8046
f 8015 8047 8048
f 8016 8049 8017
f 8016 8048 8049
f 8016 8015 8048
f 8017 8049 8050
f 8017 8050 8051
f 8051 8050 8052
f 8051 8052 8053
f 7419 8053 7452
f 7419 8051 8053
f 7419 8018 8051
f 8018 8017 8051
f 7452 8053 8054
f 7452 8054 7453
f 7456 7457 8055
f 7456 8056 7423
f 7456 8055 8056
f 7423 8056 8019
f 8019 8058 8057
f 8019 8056 8058
f 8056 8055 8058
f 8019 8057 8022
f 8032 8059 8033
f 8032 8030 8059
f 8033 8059 8060
f 8033 8060 8061
f 8061 8060 8062
f 8061 8062 8063
f 8061 8063 8064
f 8034 8064 8035
f 8034 8061 8064
f 8034 8033 8061
f 8035 8064 8065
f 8064 8063 8066
f 8064 8066 8065
f 8065 8066 8067
f 7433 8067 7459
f 7433 8065 8067
f 7433 8036 8065
f 8036 8035 8065
f 7459 8067 8068
f 7459 8069 7460
f 7459 8068 8069
f 7460 8069 7461
f 7461 8069 8070
f 7461 8070 7462
f 7469 7470 8071
f 7469 8071 7471
f 7471 8071 8072
f 7471 8073 7472
f 7471 8072 8073
f 7472 8073 7473
f 7473 8073 8074
f 7473 8075 7474
f 7473 8074 8075
f 7474 8076 7444
f 7474 8075 8076
f 7444 8076 8037
f 8037 8078 8077
f 8037 8076 8078
f 8076 8075 8078
f 8038 8079 8039
f 8038 8077 8079
f 8038 8037 8077
f 8039 8079 8080
f 8039 8080 8042
f 8081 8082 8083
f 8081 8083 8084
f 8081 8084 8085
f 8081 8085 8086
f 8052 8086 8053
f 8052 8081 8086
f 8052 8050 8082
f 8052 8082 8081
f 8053 8086 8087
f 8086 8085 8088
f 8086 8088 8087
f 7476 8088 7477
f 7476 8087 8088
f 7476 7453 8087
f 7453 8054 8087
f 8054 8053 8087
f 7480 7481 8089
f 7480 8090 7457
f 7480 8089 8090
f 7457 8090 8055
f 8055 8092 8091
f 8055 8090 8092
f 8090 8089 8092
f 8055 8091 8058
f 8093 8094 8095
f 8093 8095 8096
f 8093 8096 8097
f 8093 8097 8098
f 8062 8098 8063
f 8062 8093 8098
f 8062 8060 8094
f 8062 8094 8093
f 8063 8098 8099
f 8098 8097 8100
f 8098 8100 8099
f 8099 8100 8101
f 8099 8101 8102
f 8066 8102 8067
f 8066 8099 8102
f 8066 8063 8099
f 8067 8102 8103
f 8102 8101 8104
f 8102 8104 8103
f 7484 8104 7485
f 7484 8103 8104
f 7484 7489 8105
f 7484 8105 8103
f 8068 8105 8069
f 8068 8103 8105
f 8068 8067 8103
f 8069 8105 8106
f 8105 7489 8106
f 7489 7490 8106
f 7490 7462 8106
f 7462 8070 8106
f 8070 8069 8106
f 7470 7503 8107
f 7470 8107 8071
f 8071 8107 8108
f 8107 7503 8108
f 7503 7504 8109
f 7503 8109 8108
f 8108 8109 8110
f 8072 8110 8073
f 8072 8108 8110
f 8072 8071 8108
f 8073 8110 8111
f 8110 8109 8112
f 8110 8112 8111
f 8111 8112 8113
f 8111 8113 8114
f 8074 8114 8075
f 8074 8111 8114
f 8074 8073 8111
f 8075 8116 8115
f 8075 8114 8116
f 8114 8113 8116
f 8075 8115 8078
f 8117 8118 8119
f 8117 8119 8120
f 8117 8120 8121
f 8117 8121 8122
f 8084 8122 8085
f 8084 8117 8122
f 8084 8083 8118
f 8084 8118 8117
f 8085 8122 8123
f 8122 8121 8124
f 8122 8124 8123
f 7506 8124 7507
f 7506 8123 8124
f 7506 7477 8123
f 7477 8088 8123
f 8088 8085 8123
f 7510 7511 8125
f 7510 8126 7481
f 7510 8125 8126
f 7481 8126 8089
f 8089 8128 8127
f 8089 8126 8128
f 8126 8125 8128
f 8089 8127 8092
f 8129 8130 8131
f 8129 8131 8132
f 8129 8132 8133
f 8129 8133 8134
f 8129 8134 8135
f 8129 8135 8130
f 8134 8136 8135
f 8134 8137 8136
f 8134 8133 8138
f 8134 8138 8137
f 8137 8138 8139
f 8137 8139 8140
f 8096 8140 8097
f 8096 8137 8140
f 8096 8095 8136
f 8096 8136 8137
f 8097 8140 8141
f 8140 8139 8142
f 8140 8142 8141
f 7514 8142 7515
f 7514 8141 8142
f 7514 7519 8143
f 7514 8143 8141
f 8100 8143 8101
f 8100 8141 8143
f 8100 8097 8141
f 8101 8143 8144
f 8143 7519 8144
f 7519 7520 8144
f 7520 7485 8144
f 7485 8104 8144
f 8104 8101 8144
f 7504 7537 8145
f 7504 8145 8109
f 8109 8145 8146
f 8145 7537 8146
f 7537 7538 8147
f 7537 8147 8146
f 8146 8147 8148
f 8112 8148 8113
f 8112 8146 8148
f 8112 8109 8146
f 8113 8148 8149
f 8148 8147 8150
f 8148 8150 8149
f 8149 8150 8151
f 8149 8151 8152
f 8149 8152 8153
f 8113 8153 8116
f 8113 8149 8153
f 8152 8154 8153
f 8152 8151 8154
f 8155 8156 8157
f 8155 8157 8158
f 8155 8158 8159
f 8155 8159 8160
f 8120 8160 8121
f 8120 8155 8160
f 8120 8119 8156
f 8120 8156 8155
f 8121 8160 8161
f 8160 8159 8162
f 8160 8162 8161
f 7540 8162 7541
f 7540 8161 8162
f 7540 7507 8161
f 7507 8124 8161
f 8124 8121 8161
f 7511 7545 8163
f 7511 8163 8125
f 8125 8163 8164
f 8163 7545 8164
f 7545 7546 8165
f 7545 8165 8164
f 8164 8165 8166
f 8164 8166 8167
f 8125 8167 8128
f 8125 8164 8167
f 8166 8168 8167
f 8166 8165 8168
f 8169 8170 8171
f 8169 8171 8172
f 8169 8172 8173
f 8169 8173 8174
f 8169 8174 8175
f 8169 8175 8170
f 8174 8176 8175
f 8174 8177 8176
f 8174 8173 8178
f 8174 8178 8177
f 8177 8178 8179
f 8177 8179 8180
f 8132 8180 8133
f 8132 8177 8180
f 8132 8131 8176
f 8132 8176 8177
f 8133 8180 8181
f 8180 8179 8182
f 8180 8182 8181
f 7548 8182 7549
f 7548 8181 8182
f 7548 7553 8183
f 7548 8183 8181
f 8138 8183 8139
f 8138 8181 8183
f 8138 8133 8181
f 8139 8183 8184
f 8183 7553 8184
f 7553 7554 8184
f 7554 7515 8184
f 7515 8142 8184
f 8142 8139 8184
f 7538 7567 8185
f 7538 8185 8147
f 8147 8185 8186
f 8185 7567 8186
f 7567 7568 8187
f 7567 8187 8186
f 8186 8187 8188
f 8150 8188 8151
f 8150 8186 8188
f 8150 8147 8186
f 8151 8188 8189
f 8188 8187 8190
f 8188 8190 8189
f 8189 8190 8191
f 8189 8191 8192
f 8189 8192 8193
f 8151 8193 8154
f 8151 8189 8193
f 8192 8194 8193
f 8192 8191 8194
f 8195 8196 8197
f 8195 8197 8198
f 8195 8198 8199
f 8195 8199 8200
f 8195 8200 8201
f 8195 8201 8196
f 8200 8202 8201
f 8200 8203 8202
f 8200 8199 8204
f 8200 8204 8203
f 7570 8204 7571
f 7570 8203 8204
f 7570 7575 8205
f 7570 8205 8203
f 8158 8205 8159
f 8158 8203 8205
f 8158 8157 8202
f 8158 8202 8203
f 8159 8205 8206
f 8205 7575 8206
f 7575 7576 8206
f 7576 7541 8206
f 7541 8162 8206
f 8162 8159 8206
f 7580 7581 8207
f 7580 8208 7546
f 7580 8207 8208
f 7546 8208 8165
f 8165 8208 8209
f 8208 8207 8210
f 8208 8210 8209
f 8209 8210 8211
f 8209 8211 8212
f 8209 8212 8213
f 8165 8213 8168
f 8165 8209 8213
f 8212 8214 8213
f 8212 8215 8214
f 8212 8211 8216
f 8212 8216 8215
f 8215 8216 8217
f 8215 8217 8218
f 8215 8218 8219
f 8215 8219 8214
f 8218 8220 8219
f 8218 8221 8220
f 8218 8217 8222
f 8218 8222 8221
f 8221 8222 8223
f 8221 8223 8224
f 8172 8224 8173
f 8172 8221 8224
f 8172 8171 8220
f 8172 8220 8221
f 8173 8224 8225
f 8224 8223 8226
f 8224 8226 8225
f 7584 8226 7585
f 7584 8225 8226
f 7584 7589 8227
f 7584 8227 8225
f 8178 8227 8179
f 8178 8225 8227
f 8178 8173 8225
f 8179 8227 8228
f 8227 7589 8228
f 7589 7590 8228
f 7590 7549 8228
f 7549 8182 8228
f 8182 8179 8228
f 7568 7599 8229
f 7568 8229 8187
f 8187 8229 8230
f 8229 7599 8230
f 7599 7600 8231
f 7599 8231 8230
f 8230 8231 8232
f 8190 8232 8191
f 8190 8230 8232
f 8190 8187 8230
f 8191 8232 8233
f 8232 8231 8234
f 8232 8234 8233
f 8233 8234 8235
f 8233 8235 8236
f 8233 8236 8237
f 8191 8237 8194
f 8191 8233 8237
f 8236 8238 8237
f 8236 8239 8238
f 8236 8235 8240
f 8236 8240 8239
f 8239 8240 8241
f 8239 8241 8242
f 8239 8242 8243
f 8239 8243 8238
f 8242 8244 8243
f 8242 8245 8244
f 8242 8241 8246
f 8242 8246 8245
f 8245 8246 8247
f 8245 8247 8248
f 8198 8248 8199
f 8198 8245 8248
f 8198 8197 8244
f 8198 8244 8245
f 8199 8248 8249
f 8248 8247 8250
f 8248 8250 8249
f 7602 8250 7603
f 7602 8249 8250
f 7602 7571 8249
f 7571 8204 8249
f 8204 8199 8249
f 7581 7609 8251
f 7581 8251 8207
f 8207 8251 8252
f 8251 7609 8252
f 7609 7610 8253
f 7609 8253 8252
f 8252 8253 8254
f 8210 8254 8211
f 8210 8252 8254
f 8210 8207 8252
f 8211 8254 8255
f 8254 8253 8256
f 8254 8256 8255
f 8255 8256 8257
f 8255 8257 8258
f 8216 8258 8217
f 8216 8255 8258
f 8216 8211 8255
f 8217 8258 8259
f 8258 8257 8260
f 8258 8260 8259
f 7612 8260 7613
f 7612 8259 8260
f 7612 7617 8261
f 7612 8261 8259
f 8222 8261 8223
f 8222 8259 8261
f 8222 8217 8259
f 8223 8261 8262
f 8261 7617 8262
f 7617 7618 8262
f 7618 7585 8262
f 7585 8226 8262
f 8226 8223 8262
f 7600 7627 8263
f 7600 8263 8231
f 8231 8263 8264
f 8263 7627 8264
f 7627 7628 8265
f 7627 8265 8264
f 8264 8265 8266
f 8234 8266 8235
f 8234 8264 8266
f 8234 8231 8264
f 8235 8266 8267
f 8266 8265 8268
f 8266 8268 8267
f 8267 8268 8269
f 8267 8269 8270
f 8240 8270 8241
f 8240 8267 8270
f 8240 8235 8267
f 8241 8270 8271
f 8270 8269 8272
f 8270 8272 8271
f 7630 8272 7631
f 7630 8271 8272
f 7630 7635 8273
f 7630 8273 8271
f 8246 8273 8247
f 8246 8271 8273
f 8246 8241 8271
f 8247 8273 8274
f 8273 7635 8274
f 7635 7636 8274
f 7636 7603 8274
f 7603 8250 8274
f 8250 8247 8274
f 7641 7642 8275
f 7641 8276 7610
f 7641 8275 8276
f 7610 8276 8253
f 8253 8276 8277
f 8276 8275 8278
f 8276 8278 8277
f 7644 8278 7645
f 7644 8277 8278
f 7644 7649 8279
f 7644 8279 8277
f 8256 8279 8257
f 8256 8277 8279
f 8256 8253 8277
f 8257 8279 8280
f 8279 7649 8280
f 7649 7650 8280
f 7650 7613 8280
f 7613 8260 8280
f 8260 8257 8280
f 7628 7663 8281
f 7628 8281 8265
f 8265 8281 8282
f 8281 7663 8282
f 7663 7664 8283
f 7663 8283 8282
f 8282 8283 8284
f 8268 8284 8269
f 8268 8282 8284
f 8268 8265 8282
f 8269 8284 8285
f 8284 8283 8286
f 8284 8286 8285
f 7666 8286 7667
f 7666 8285 8286
f 7666 7631 8285
f 7631 8272 8285
f 8272 8269 8285
f 7642 7677 8287
f 7642 8287 8275
f 8275 8287 8288
f 8287 7677 8288
f 7677 7678 8288
f 7678 7645 8288
f 7645 8278 8288
f 8278 8275 8288
f 7664 7695 8289
f 7664 8289 8283
f 8283 8289 8290
f 8289 7695 8290
f 7695 7696 8290
f 7696 7667 8290
f 7667 8286 8290
f 8286 8283 8290
f 7719 7720 8291
f 7719 8291 7721
f 7721 8291 8292
f 7721 8292 7722
f 7735 7736 8293
f 7735 8293 7737
f 7737 8293 8294
f 7737 8294 7738
f 7745 7746 8295
f 7745 8296 7720
f 7745 8295 8296
f 7720 8296 8291
f 8291 8296 8297
f 8296 8295 8298
f 8296 8298 8297
f 8297 8298 8299
f 7722 8299 7747
f 7722 8297 8299
f 7722 8292 8297
f 8292 8291 8297
f 7747 8299 8300
f 7747 8300 7748
f 7757 7758 8301
f 7757 8301 7759
f 7759 8301 8302
f 7759 8303 7760
f 7759 8302 8303
f 7760 8304 7736
f 7760 8303 8304
f 7736 8304 8293
f 8293 8304 8305
f 8304 8303 8306
f 8304 8306 8305
f 7762 8306 7763
f 7762 8305 8306
f 7762 7738 8305
f 7738 8294 8305
f 8294 8293 8305
f 7770 7771 8307
f 7770 8307 7773
f 7773 8307 8308
f 7773 8309 7774
f 7773 8308 8309
f 7774 8310 7746
f 7774 8309 8310
f 7746 8310 8295
f 8295 8310 8311
f 8310 8309 8312
f 8310 8312 8311
f 8311 8312 8313
f 8311 8313 8314
f 8298 8314 8299
f 8298 8311 8314
f 8298 8295 8311
f 8299 8314 8315
f 8314 8313 8316
f 8314 8316 8315
f 8315 8316 8317
f 7748 8317 7775
f 7748 8315 8317
f 7748 8300 8315
f 8300 8299 8315
f 7775 8317 8318
f 7775 8318 7776
f 7783 7784 8319
f 7783 8319 7785
f 7785 8319 8320
f 7785 8321 7786
f 7785 8320 8321
f 7786 8322 7758
f 7786 8321 8322
f 7758 8322 8301
f 8301 8322 8323
f 8322 8321 8324
f 8322 8324 8323
f 8323 8324 8325
f 8323 8325 8326
f 8302 8326 8303
f 8302 8323 8326
f 8302 8301 8323
f 8303 8326 8327
f 8326 8325 8328
f 8326 8328 8327
f 8327 8328 8329
f 7763 8329 7787
f 7763 8327 8329
f 7763 8306 8327
f 8306 8303 8327
f 7787 8329 8330
f 7787 8330 7788
f 7793 7794 8331
f 7793 8332 7771
f 7793 8331 8332
f 7771 8332 8307
f 8307 8334 8333
f 8307 8332 8334
f 8332 8331 8334
f 8308 8335 8309
f 8308 8333 8335
f 8308 8307 8333
f 8309 8335 8336
f 8312 8337 8313
f 8312 8336 8337
f 8312 8309 8336
f 8313 8337 8338
f 8313 8338 8339
f 8339 8338 8340
f 8339 8340 8341
f 8339 8341 8342
f 8316 8342 8317
f 8316 8339 8342
f 8316 8313 8339
f 8317 8342 8343
f 8342 8341 8344
f 8342 8344 8343
f 8343 8344 8345
f 7776 8345 7795
f 7776 8343 8345
f 7776 8318 8343
f 8318 8317 8343
f 7795 8345 8346
f 7795 8346 7796
f 7803 7804 8347
f 7803 8347 7805
f 7805 8347 8348
f 7805 8349 7806
f 7805 8348 8349
f 7806 8350 7784
f 7806 8349 8350
f 7784 8350 8319
f 8319 8352 8351
f 8319 8350 8352
f 8350 8349 8352
f 8320 8353 8321
f 8320 8351 8353
f 8320 8319 8351
f 8321 8353 8354
f 8324 8355 8325
f 8324 8354 8355
f 8324 8321 8354
f 8325 8355 8356
f 8325 8356 8357
f 8357 8356 8358
f 8357 8358 8359
f 8357 8359 8360
f 8328 8360 8329
f 8328 8357 8360
f 8328 8325 8357
f 8329 8360 8361
f 8360 8359 8362
f 8360 8362 8361
f 7808 8362 7809
f 7808 8361 8362
f 7808 7788 8361
f 7788 8330 8361
f 8330 8329 8361
f 7814 7815 8363
f 7814 8363 7817
f 8364 8366 8365
f 7817 8366 8364
f 7817 8363 8366
f 7817 8364 7818
f 7818 8364 7794
f 7794 8364 8367
f 7794 8367 8331
f 8364 8365 8367
f 8331 8367 8368
f 8331 8368 8334
f 8340 8369 8341
f 8340 8338 8369
f 8341 8369 8370
f 8341 8370 8371
f 8371 8370 8372
f 8371 8372 8373
f 8371 8373 8374
f 8344 8374 8345
f 8344 8371 8374
f 8344 8341 8371
f 8345 8374 8375
f 8374 8373 8376
f 8374 8376 8375
f 8375 8376 8377
f 7796 8377 7819
f 7796 8375 8377
f 7796 8346 8375
f 8346 8345 8375
f 7819 8377 8378
f 7819 8378 7820
f 7831 7832 8379
f 7831 8379 7833
f 7833 8379 8380
f 7833 8381 7834
f 7833 8380 8381
f 7834 8382 7804
f 7834 8381 8382
f 7804 8382 8347
f 8347 8384 8383
f 8347 8382 8384
f 8382 8381 8384
f 8348 8385 8349
f 8348 8383 8385
f 8348 8347 8383
f 8349 8385 8386
f 8349 8386 8352
f 8358 8387 8359
f 8358 8356 8387
f 8359 8387 8388
f 8359 8388 8389
f 8389 8388 8390
f 8389 8390 8391
f 7809 8391 7835
f 7809 8389 8391
f 7809 8362 8389
f 8362 8359 8389
f 7835 8391 8392
f 7835 8392 7836
f 7840 7841 8393
f 7840 8394 7815
f 7840 8393 8394
f 7815 8394 8363
f 8363 8396 8395
f 8363 8394 8396
f 8394 8393 8396
f 8363 8395 8366
f 8372 8397 8373
f 8372 8370 8397
f 8373 8397 8398
f 8373 8398 8399
f 8399 8398 8400
f 8399 8400 8401
f 8399 8401 8402
f 8376 8402 8377
f 8376 8399 8402
f 8376 8373 8399
f 8377 8402 8403
f 8402 8401 8404
f 8402 8404 8403
f 8403 8404 8405
f 7820 8405 7843
f 7820 8403 8405
f 7820 8378 8403
f 8378 8377 8403
f 7843 8405 8406
f 7843 8406 7844
f 7857 7858 8407
f 7857 8407 7859
f 7859 8407 8408
f 7859 8409 7860
f 7859 8408 8409
f 7860 8410 7832
f 7860 8409 8410
f 7832 8410 8379
f 8379 8412 8411
f 8379 8410 8412
f 8410 8409 8412
f 8380 8413 8381
f 8380 8411 8413
f 8380 8379 8411
f 8381 8413 8414
f 8381 8414 8384
f 8415 8416 8417
f 8415 8417 8418
f 8415 8418 8419
f 8415 8419 8420
f 8390 8420 8391
f 8390 8415 8420
f 8390 8388 8416
f 8390 8416 8415
f 8391 8420 8421
f 8420 8419 8422
f 8420 8422 8421
f 7862 8422 7863
f 7862 8421 8422
f 7862 7836 8421
f 7836 8392 8421
f 8392 8391 8421
f 7866 7867 8423
f 7866 8424 7841
f 7866 8423 8424
f 7841 8424 8393
f 8393 8426 8425
f 8393 8424 8426
f 8424 8423 8426
f 8393 8425 8396
f 8427 8428 8429
f 8427 8429 8430
f 8427 8430 8431
f 8427 8431 8432
f 8400 8432 8401
f 8400 8427 8432
f 8400 8398 8428
f 8400 8428 8427
f 8401 8432 8433
f 8432 8431 8434
f 8432 8434 8433
f 8433 8434 8435
f 8433 8435 8436
f 8404 8436 8405
f 8404 8433 8436
f 8404 8401 8433
f 8405 8436 8437
f 8436 8435 8438
f 8436 8438 8437
f 8437 8438 8439
f 7844 8439 7869
f 7844 8437 8439
f 7844 8406 8437
f 8406 8405 8437
f 7869 8439 8440
f 7869 8440 7870
f 7879 7880 8441
f 7879 8441 7881
f 7881 8441 8442
f 7881 8443 7882
f 7881 8442 8443
f 7882 8444 7858
f 7882 8443 8444
f 7858 8444 8407
f 8407 8444 8445
f 8444 8443 8446
f 8444 8446 8445
f 8445 8446 8447
f 8445 8447 8448
f 8408 8448 8409
f 8408 8445 8448
f 8408 8407 8445
f 8409 8450 8449
f 8409 8448 8450
f 8448 8447 8450
f 8409 8449 8412
f 8451 8452 8453
f 8451 8453 8454
f 8451 8454 8455
f 8451 8455 8456
f 8418 8456 8419
f 8418 8451 8456
f 8418 8417 8452
f 8418 8452 8451
f 8419 8456 8457
f 8456 8455 8458
f 8456 8458 8457
f 7884 8458 7885
f 7884 8457 8458
f 7884 7863 8457
f 7863 8422 8457
f 8422 8419 8457
f 7888 7889 8459
f 7888 8460 7867
f 7888 8459 8460
f 7867 8460 8423
f 8423 8462 8461
f 8423 8460 8462
f 8460 8459 8462
f 8423 8461 8426
f 8463 8464 8465
f 8463 8465 8466
f 8463 8466 8467
f 8463 8467 8468
f 8463 8468 8469
f 8463 8469 8464
f 8468 8470 8469
f 8468 8471 8470
f 8468 8467 8472
f 8468 8472 8471
f 8471 8472 8473
f 8471 8473 8474
f 8430 8474 8431
f 8430 8471 8474
f 8430 8429 8470
f 8430 8470 8471
f 8431 8474 8475
f 8474 8473 8476
f 8474 8476 8475
f 7892 8476 7893
f 7892 8475 8476
f 7892 7897 8477
f 7892 8477 8475
f 8434 8477 8435
f 8434 8475 8477
f 8434 8431 8475
f 8435 8477 8478
f 8477 7897 8478
f 7897 7898 8478
f 7898 7903 8479
f 7898 8479 8478
f 8438 8479 8439
f 8438 8478 8479
f 8438 8435 8478
f 8439 8479 8480
f 8479 7903 8480
f 7903 7904 8480
f 7904 7870 8480
f 7870 8440 8480
f 8440 8439 8480
f 7880 7913 8481
f 7880 8481 8441
f 8441 8481 8482
f 8481 7913 8482
f 7913 7914 8482
f 7914 7919 8483
f 7914 8483 8482
f 8442 8483 8443
f 8442 8482 8483
f 8442 8441 8482
f 8443 8483 8484
f 8483 7919 8484
f 7919 7920 8485
f 7919 8485 8484
f 8484 8485 8486
f 8446 8486 8447
f 8446 8484 8486
f 8446 8443 8484
f 8447 8486 8487
f 8486 8485 8488
f 8486 8488 8487
f 8487 8488 8489
f 8487 8489 8490
f 8487 8490 8491
f 8447 8491 8450
f 8447 8487 8491
f 8490 8492 8491
f 8490 8489 8492
f 8493 8494 8495
f 8493 8495 8496
f 8493 8496 8497
f 8493 8497 8498
f 8454 8498 8455
f 8454 8493 8498
f 8454 8453 8494
f 8454 8494 8493
f 8455 8498 8499
f 8498 8497 8500
f 8498 8500 8499
f 7922 8500 7923
f 7922 8499 8500
f 7922 7885 8499
f 7885 8458 8499
f 8458 8455 8499
f 7889 7926 8501
f 7889 8501 8459
f 8459 8501 8502
f 8501 7926 8502
f 7926 7927 8503
f 7926 8503 8502
f 8502 8503 8504
f 8502 8504 8505
f 8459 8505 8462
f 8459 8502 8505
f 8504 8506 8505
f 8504 8507 8506
f 8504 8503 8508
f 8504 8508 8507
f 8507 8508 8509
f 8507 8509 8510
f 8507 8510 8511
f 8507 8511 8506
f 8510 8512 8511
f 8510 8513 8512
f 8510 8509 8514
f 8510 8514 8513
f 8513 8514 8515
f 8513 8515 8516
f 8513 8516 8517
f 8513 8517 8512
f 8516 8518 8517
f 8516 8519 8518
f 8516 8515 8520
f 8516 8520 8519
f 8519 8520 8521
f 8519 8521 8522
f 8519 8522 8523
f 8519 8523 8518
f 8522 8524 8523
f 8522 8525 8524
f 8522 8521 8526
f 8522 8526 8525
f 7930 8526 7931
f 7930 8525 8526
f 7930 7935 8527
f 7930 8527 8525
f 8466 8527 8467
f 8466 8525 8527
f 8466 8465 8524
f 8466 8524 8525
f 8467 8527 8528
f 8527 7935 8528
f 7935 7936 8528
f 7936 7940 8529
f 7936 8529 8528
f 8472 8529 8473
f 8472 8528 8529
f 8472 8467 8528
f 8473 8529 8530
f 8529 7940 8530
f 7940 7941 8530
f 7941 7893 8530
f 7893 8476 8530
f 8476 8473 8530
f 7920 7952 8531
f 7920 8531 8485
f 8485 8531 8532
f 8531 7952 8532
f 7952 7953 8532
f 7953 7957 8533
f 7953 8533 8532
f 8488 8533 8489
f 8488 8532 8533
f 8488 8485 8532
f 8489 8533 8534
f 8533 7957 8534
f 7957 7958 8535
f 7957 8535 8534
f 8534 8535 8536
f 8534 8536 8537
f 8489 8537 8492
f 8489 8534 8537
f 8536 8538 8537
f 8536 8539 8538
f 8536 8535 8540
f 8536 8540 8539
f 8539 8540 8541
f 8539 8541 8542
f 8539 8542 8543
f 8539 8543 8538
f 8542 8544 8543
f 8542 8545 8544
f 8542 8541 8546
f 8542 8546 8545
f 8545 8546 8547
f 8545 8547 8548
f 8545 8548 8549
f 8545 8549 8544
f 8548 8550 8549
f 8548 8551 8550
f 8548 8547 8552
f 8548 8552 8551
f 8551 8552 8553
f 8551 8553 8554
f 8551 8554 8555
f 8551 8555 8550
f 8554 8556 8555
f 8554 8557 8556
f 8554 8553 8558
f 8554 8558 8557
f 7960 8558 7961
f 7960 8557 8558
f 7960 7964 8559
f 7960 8559 8557
f 8496 8559 8497
f 8496 8557 8559
f 8496 8495 8556
f 8496 8556 8557
f 8497 8559 8560
f 8559 7964 8560
f 7964 7965 8560
f 7965 7923 8560
f 7923 8500 8560
f 8500 8497 8560
f 7927 7968 8561
f 7927 8561 8503
f 8503 8561 8562
f 8561 7968 8562
f 7968 7969 8562
f 7969 7972 8563
f 7969 8563 8562
f 8508 8563 8509
f 8508 8562 8563
f 8508 8503 8562
f 8509 8563 8564
f 8563 7972 8564
f 7972 7973 8564
f 7973 7976 8565
f 7973 8565 8564
f 8514 8565 8515
f 8514 8564 8565
f 8514 8509 8564
f 8515 8565 8566
f 8565 7976 8566
f 7976 7977 8566
f 7977 7980 8567
f 7977 8567 8566
f 8520 8567 8521
f 8520 8566 8567
f 8520 8515 8566
f 8521 8567 8568
f 8567 7980 8568
f 7980 7981 8568
f 7981 7931 8568
f 7931 8526 8568
f 8526 8521 8568
f 7958 7988 8569
f 7958 8569 8535
f 8535 8569 8570
f 8569 7988 8570
f 7988 7989 8570
f 7989 7992 8571
f 7989 8571 8570
f 8540 8571 8541
f 8540 8570 8571
f 8540 8535 8570
f 8541 8571 8572
f 8571 7992 8572
f 7992 7993 8572
f 7993 7996 8573
f 7993 8573 8572
f 8546 8573 8547
f 8546 8572 8573
f 8546 8541 8572
f 8547 8573 8574
f 8573 7996 8574
f 7996 7997 8574
f 7997 8000 8575
f 7997 8575 8574
f 8552 8575 8553
f 8552 8574 8575
f 8552 8547 8574
f 8553 8575 8576
f 8575 8000 8576
f 8000 8001 8576
f 8001 7961 8576
f 7961 8558 8576
f 8558 8553 8576
f 8021 8022 8577
f 8021 8577 8023
f 8023 8577 8578
f 8023 8579 8024
f 8023 8578 8579
f 8024 8579 8025
f 8025 8579 8580
f 8025 8581 8026
f 8025 8580 8581
f 8026 8581 8027
f 8027 8581 8582
f 8027 8583 8028
f 8027 8582 8583
f 8028 8583 8029
f 8029 8583 8584
f 8029 8584 8030
f 8041 8042 8585
f 8041 8585 8043
f 8043 8585 8586
f 8043 8587 8044
f 8043 8586 8587
f 8044 8587 8045
f 8045 8587 8588
f 8045 8589 8046
f 8045 8588 8589
f 8046 8589 8047
f 8047 8589 8590
f 8047 8591 8048
f 8047 8590 8591
f 8048 8591 8049
f 8049 8591 8592
f 8049 8592 8050
f 8057 8058 8593
f 8057 8594 8022
f 8057 8593 8594
f 8022 8594 8577
f 8577 8594 8595
f 8594 8593 8596
f 8594 8596 8595
f 8595 8596 8597
f 8595 8597 8598
f 8578 8598 8579
f 8578 8595 8598
f 8578 8577 8595
f 8579 8598 8599
f 8598 8597 8600
f 8598 8600 8599
f 8599 8600 8601
f 8599 8601 8602
f 8580 8602 8581
f 8580 8599 8602
f 8580 8579 8599
f 8581 8602 8603
f 8602 8601 8604
f 8602 8604 8603
f 8603 8604 8605
f 8603 8605 8606
f 8582 8606 8583
f 8582 8603 8606
f 8582 8581 8603
f 8583 8606 8607
f 8606 8605 8608
f 8606 8608 8607
f 8607 8608 8609
f 8030 8609 8059
f 8030 8607 8609
f 8030 8584 8607
f 8584 8583 8607
f 8059 8609 8610
f 8059 8610 8060
f 8077 8078 8611
f 8077 8611 8079
f 8079 8611 8612
f 8079 8613 8080
f 8079 8612 8613
f 8080 8614 8042
f 8080 8613 8614
f 8042 8614 8585
f 8585 8614 8615
f 8614 8613 8616
f 8614 8616 8615
f 8615 8616 8617
f 8615 8617 8618
f 8586 8618 8587
f 8586 8615 8618
f 8586 8585 8615
f 8587 8618 8619
f 8618 8617 8620
f 8618 8620 8619
f 8619 8620 8621
f 8619 8621 8622
f 8588 8622 8589
f 8588 8619 8622
f 8588 8587 8619
f 8589 8622 8623
f 8622 8621 8624
f 8622 8624 8623
f 8623 8624 8625
f 8623 8625 8626
f 8590 8626 8591
f 8590 8623 8626
f 8590 8589 8623
f 8591 8626 8627
f 8626 8625 8628
f 8626 8628 8627
f 8082 8628 8083
f 8082 8627 8628
f 8082 8050 8627
f 8050 8592 8627
f 8592 8591 8627
f 8091 8092 8629
f 8091 8630 8058
f 8091 8629 8630
f 8058 8630 8593
f 8593 8630 8631
f 8630 8629 8632
f 8630 8632 8631
f 8631 8632 8633
f 8631 8633 8634
f 8596 8634 8597
f 8596 8631 8634
f 8596 8593 8631
f 8597 8634 8635
f 8634 8633 8636
f 8634 8636 8635
f 8635 8636 8637
f 8635 8637 8638
f 8600 8638 8601
f 8600 8635 8638
f 8600 8597 8635
f 8601 8638 8639
f 8638 8637 8640
f 8638 8640 8639
f 8639 8640 8641
f 8639 8641 8642
f 8604 8642 8605
f 8604 8639 8642
f 8604 8601 8639
f 8605 8642 8643
f 8642 8641 8644
f 8642 8644 8643
f 8643 8644 8645
f 8643 8645 8646
f 8608 8646 8609
f 8608 8643 8646
f 8608 8605 8643
f 8609 8646 8647
f 8646 8645 8648
f 8646 8648 8647
f 8094 8648 8095
f 8094 8647 8648
f 8094 8060 8647
f 8060 8610 8647
f 8610 8609 8647
f 8115 8116 8649
f 8115 8650 8078
f 8115 8649 8650
f 8078 8650 8611
f 8611 8650 8651
f 8650 8649 8652
f 8650 8652 8651
f 8651 8652 8653
f 8651 8653 8654
f 8612 8654 8613
f 8612 8651 8654
f 8612 8611 8651
f 8613 8654 8655
f 8654 8653 8656
f 8654 8656 8655
f 8655 8656 8657
f 8655 8657 8658
f 8616 8658 8617
f 8616 8655 8658
f 8616 8613 8655
f 8617 8658 8659
f 8658 8657 8660
f 8658 8660 8659
f 8659 8660 8661
f 8659 8661 8662
f 8620 8662 8621
f 8620 8659 8662
f 8620 8617 8659
f 8621 8662 8663
f 8662 8661 8664
f 8662 8664 8663
f 8663 8664 8665
f 8663 8665 8666
f 8624 8666 8625
f 8624 8663 8666
f 8624 8621 8663
f 8625 8666 8667
f 8666 8665 8668
f 8666 8668 8667
f 8118 8668 8119
f 8118 8667 8668
f 8118 8083 8667
f 8083 8628 8667
f 8628 8625 8667
f 8127 8128 8669
f 8127 8670 8092
f 8127 8669 8670
f 8092 8670 8629
f 8629 8670 8671
f 8670 8669 8672
f 8670 8672 8671
f 8671 8672 8673
f 8671 8673 8674
f 8632 8674 8633
f 8632 8671 8674
f 8632 8629 8671
f 8633 8674 8675
f 8674 8673 8676
f 8674 8676 8675
f 8675 8676 8677
f 8675 8677 8678
f 8636 8678 8637
f 8636 8675 8678
f 8636 8633 8675
f 8637 8678 8679
f 8678 8677 8680
f 8678 8680 8679
f 8679 8680 8681
f 8679 8681 8682
f 8640 8682 8641
f 8640 8679 8682
f 8640 8637 8679
f 8641 8682 8683
f 8682 8681 8684
f 8682 8684 8683
f 8130 8684 8131
f 8130 8683 8684
f 8130 8135 8685
f 8130 8685 8683
f 8644 8685 8645
f 8644 8683 8685
f 8644 8641 8683
f 8645 8685 8686
f 8685 8135 8686
f 8135 8136 8686
f 8136 8095 8686
f 8095 8648 8686
f 8648 8645 8686
f 8116 8153 8687
f 8116 8687 8649
f 8649 8687 8688
f 8687 8153 8688
f 8153 8154 8689
f 8153 8689 8688
f 8688 8689 8690
f 8652 8690 8653
f 8652 8688 8690
f 8652 8649 8688
f 8653 8690 8691
f 8690 8689 8692
f 8690 8692 8691
f 8691 8692 8693
f 8691 8693 8694
f 8656 8694 8657
f 8656 8691 8694
f 8656 8653 8691
f 8657 8694 8695
f 8694 8693 8696
f 8694 8696 8695
f 8695 8696 8697
f 8695 8697 8698
f 8660 8698 8661
f 8660 8695 8698
f 8660 8657 8695
f 8661 8698 8699
f 8698 8697 8700
f 8698 8700 8699
f 8699 8700 8701
f 8699 8701 8702
f 8664 8702 8665
f 8664 8699 8702
f 8664 8661 8699
f 8665 8702 8703
f 8702 8701 8704
f 8702 8704 8703
f 8156 8704 8157
f 8156 8703 8704
f 8156 8119 8703
f 8119 8668 8703
f 8668 8665 8703
f 8128 8167 8705
f 8128 8705 8669
f 8669 8705 8706
f 8705 8167 8706
f 8167 8168 8707
f 8167 8707 8706
f 8706 8707 8708
f 8672 8708 8673
f 8672 8706 8708
f 8672 8669 8706
f 8673 8708 8709
f 8708 8707 8710
f 8708 8710 8709
f 8709 8710 8711
f 8709 8711 8712
f 8676 8712 8677
f 8676 8709 8712
f 8676 8673 8709
f 8677 8712 8713
f 8712 8711 8714
f 8712 8714 8713
f 8170 8714 8171
f 8170 8713 8714
f 8170 8175 8715
f 8170 8715 8713
f 8680 8715 8681
f 8680 8713 8715
f 8680 8677 8713
f 8681 8715 8716
f 8715 8175 8716
f 8175 8176 8716
f 8176 8131 8716
f 8131 8684 8716
f 8684 8681 8716
f 8154 8193 8717
f 8154 8717 8689
f 8689 8717 8718
f 8717 8193 8718
f 8193 8194 8719
f 8193 8719 8718
f 8718 8719 8720
f 8692 8720 8693
f 8692 8718 8720
f 8692 8689 8718
f 8693 8720 8721
f 8720 8719 8722
f 8720 8722 8721
f 8721 8722 8723
f 8721 8723 8724
f 8696 8724 8697
f 8696 8721 8724
f 8696 8693 8721
f 8697 8724 8725
f 8724 8723 8726
f 8724 8726 8725
f 8196 8726 8197
f 8196 8725 8726
f 8196 8201 8727
f 8196 8727 8725
f 8700 8727 8701
f 8700 8725 8727
f 8700 8697 8725
f 8701 8727 8728
f 8727 8201 8728
f 8201 8202 8728
f 8202 8157 8728
f 8157 8704 8728
f 8704 8701 8728
f 8168 8213 8729
f 8168 8729 8707
f 8707 8729 8730
f 8729 8213 8730
f 8213 8214 8730
f 8214 8219 8731
f 8214 8731 8730
f 8710 8731 8711
f 8710 8730 8731
f 8710 8707 8730
f 8711 8731 8732
f 8731 8219 8732
f 8219 8220 8732
f 8220 8171 8732
f 8171 8714 8732
f 8714 8711 8732
f 8194 8237 8733
f 8194 8733 8719
f 8719 8733 8734
f 8733 8237 8734
f 8237 8238 8734
f 8238 8243 8735
f 8238 8735 8734
f 8722 8735 8723
f 8722 8734 8735
f 8722 8719 8734
f 8723 8735 8736
f 8735 8243 8736
f 8243 8244 8736
f 8244 8197 8736
f 8197 8726 8736
f 8726 8723 8736
f 8333 8334 8737
f 8333 8737 8335
f 8335 8737 8738
f 8335 8739 8336
f 8335 8738 8739
f 8336 8739 8337
f 8337 8739 8740
f 8337 8740 8338
f 8351 8352 8741
f 8351 8741 8353
f 8353 8741 8742
f 8353 8743 8354
f 8353 8742 8743
f 8354 8743 8355
f 8355 8743 8744
f 8355 8744 8356
f 8365 8366 8745
f 8365 8745 8367
f 8367 8745 8746
f 8367 8747 8368
f 8367 8746 8747
f 8368 8748 8334
f 8368 8747 8748
f 8334 8748 8737
f 8737 8748 8749
f 8748 8747 8750
f 8748 8750 8749
f 8749 8750 8751
f 8749 8751 8752
f 8738 8752 8739
f 8738 8749 8752
f 8738 8737 8749
f 8739 8752 8753
f 8752 8751 8754
f 8752 8754 8753
f 8753 8754 8755
f 8338 8755 8369
f 8338 8753 8755
f 8338 8740 8753
f 8740 8739 8753
f 8369 8755 8756
f 8369 8756 8370
f 8383 8384 8757
f 8383 8757 8385
f 8385 8757 8758
f 8385 8759 8386
f 8385 8758 8759
f 8386 8760 8352
f 8386 8759 8760
f 8352 8760 8741
f 8741 8760 8761
f 8760 8759 8762
f 8760 8762 8761
f 8761 8762 8763
f 8761 8763 8764
f 8742 8764 8743
f 8742 8761 8764
f 8742 8741 8761
f 8743 8764 8765
f 8764 8763 8766
f 8764 8766 8765
f 8765 8766 8767
f 8356 8767 8387
f 8356 8765 8767
f 8356 8744 8765
f 8744 8743 8765
f 8387 8767 8768
f 8387 8768 8388
f 8395 8396 8769
f 8395 8770 8366
f 8395 8769 8770
f 8366 8770 8745
f 8745 8770 8771
f 8770 8769 8772
f 8770 8772 8771
f 8771 8772 8773
f 8771 8773 8774
f 8746 8774 8747
f 8746 8771 8774
f 8746 8745 8771
f 8747 8774 8775
f 8774 8773 8776
f 8774 8776 8775
f 8775 8776 8777
f 8775 8777 8778
f 8750 8778 8751
f 8750 8775 8778
f 8750 8747 8775
f 8751 8778 8779
f 8778 8777 8780
f 8778 8780 8779
f 8779 8780 8781
f 8779 8781 8782
f 8754 8782 8755
f 8754 8779 8782
f 8754 8751 8779
f 8755 8782 8783
f 8782 8781 8784
f 8782 8784 8783
f 8783 8784 8785
f 8370 8785 8397
f 8370 8783 8785
f 8370 8756 8783
f 8756 8755 8783
f 8397 8785 8786
f 8397 8786 8398
f 8411 8412 8787
f 8411 8787 8413
f 8413 8787 8788
f 8413 8789 8414
f 8413 8788 8789
f 8414 8790 8384
f 8414 8789 8790
f 8384 8790 8757
f 8757 8790 8791
f 8790 8789 8792
f 8790 8792 8791
f 8791 8792 8793
f 8791 8793 8794
f 8758 8794 8759
f 8758 8791 8794
f 8758 8757 8791
f 8759 8794 8795
f 8794 8793 8796
f 8794 8796 8795
f 8795 8796 8797
f 8795 8797 8798
f 8762 8798 8763
f 8762 8795 8798
f 8762 8759 8795
f 8763 8798 8799
f 8798 8797 8800
f 8798 8800 8799
f 8799 8800 8801
f 8799 8801 8802
f 8766 8802 8767
f 8766 8799 8802
f 8766 8763 8799
f 8767 8802 8803
f 8802 8801 8804
f 8802 8804 8803
f 8416 8804 8417
f 8416 8803 8804
f 8416 8388 8803
f 8388 8768 8803
f 8768 8767 8803
f 8425 8426 8805
f 8425 8806 8396
f 8425 8805 8806
f 8396 8806 8769
f 8769 8806 8807
f 8806 8805 8808
f 8806 8808 8807
f 8807 8808 8809
f 8807 8809 8810
f 8772 8810 8773
f 8772 8807 8810
f 8772 8769 8807
f 8773 8810 8811
f 8810 8809 8812
f 8810 8812 8811
f 8811 8812 8813
f 8811 8813 8814
f 8776 8814 8777
f 8776 8811 8814
f 8776 8773 8811
f 8777 8814 8815
f 8814 8813 8816
f 8814 8816 8815
f 8815 8816 8817
f 8815 8817 8818
f 8780 8818 8781
f 8780 8815 8818
f 8780 8777 8815
f 8781 8818 8819
f 8818 8817 8820
f 8818 8820 8819
f 8819 8820 8821
f 8819 8821 8822
f 8784 8822 8785
f 8784 8819 8822
f 8784 8781 8819
f 8785 8822 8823
f 8822 8821 8824
f 8822 8824 8823
f 8428 8824 8429
f 8428 8823 8824
f 8428 8398 8823
f 8398 8786 8823
f 8786 8785 8823
f 8449 8450 8825
f 8449 8826 8412
f 8449 8825 8826
f 8412 8826 8787
f 8787 8826 8827
f 8826 8825 8828
f 8826 8828 8827
f 8827 8828 8829
f 8827 8829 8830
f 8788 8830 8789
f 8788 8827 8830
f 8788 8787 8827
f 8789 8830 8831
f 8830 8829 8832
f 8830 8832 8831
f 8831 8832 8833
f 8831 8833 8834
f 8792 8834 8793
f 8792 8831 8834
f 8792 8789 8831
f 8793 8834 8835
f 8834 8833 8836
f 8834 8836 8835
f 8835 8836 8837
f 8835 8837 8838
f 8796 8838 8797
f 8796 8835 8838
f 8796 8793 8835
f 8797 8838 8839
f 8838 8837 8840
f 8838 8840 8839
f 8839 8840 8841
f 8839 8841 8842
f 8800 8842 8801
f 8800 8839 8842
f 8800 8797 8839
f 8801 8842 8843
f 8842 8841 8844
f 8842 8844 8843
f 8452 8844 8453
f 8452 8843 8844
f 8452 8417 8843
f 8417 8804 8843
f 8804 8801 8843
f 8461 8462 8845
f 8461 8846 8426
f 8461 8845 8846
f 8426 8846 8805
f 8805 8846 8847
f 8846 8845 8848
f 8846 8848 8847
f 8847 8848 8849
f 8847 8849 8850
f 8808 8850 8809
f 8808 8847 8850
f 8808 8805 8847
f 8809 8850 8851
f 8850 8849 8852
f 8850 8852 8851
f 8851 8852 8853
f 8851 8853 8854
f 8812 8854 8813
f 8812 8851 8854
f 8812 8809 8851
f 8813 8854 8855
f 8854 8853 8856
f 8854 8856 8855
f 8855 8856 8857
f 8855 8857 8858
f 8816 8858 8817
f 8816 8855 8858
f 8816 8813 8855
f 8817 8858 8859
f 8858 8857 8860
f 8858 8860 8859
f 8464 8860 8465
f 8464 8859 8860
f 8464 8469 8861
f 8464 8861 8859
f 8820 8861 8821
f 8820 8859 8861
f 8820 8817 8859
f 8821 8861 8862
f 8861 8469 8862
f 8469 8470 8862
f 8470 8429 8862
f 8429 8824 8862
f 8824 8821 8862
f 8450 8491 8863
f 8450 8863 8825
f 8825 8863 8864
f 8863 8491 8864
f 8491 8492 8865
f 8491 8865 8864
f 8864 8865 8866
f 8828 8866 8829
f 8828 8864 8866
f 8828 8825 8864
f 8829 8866 8867
f 8866 8865 8868
f 8866 8868 8867
f 8867 8868 8869
f 8867 8869 8870
f 8832 8870 8833
f 8832 8867 8870
f 8832 8829 8867
f 8833 8870 8871
f 8870 8869 8872
f 8870 8872 8871
f 8871 8872 8873
f 8871 8873 8874
f 8836 8874 8837
f 8836 8871 8874
f 8836 8833 8871
f 8837 8874 8875
f 8874 8873 8876
f 8874 8876 8875
f 8875 8876 8877
f 8875 8877 8878
f 8840 8878 8841
f 8840 8875 8878
f 8840 8837 8875
f 8841 8878 8879
f 8878 8877 8880
f 8878 8880 8879
f 8494 8880 8495
f 8494 8879 8880
f 8494 8453 8879
f 8453 8844 8879
f 8844 8841 8879
f 8462 8505 8881
f 8462 8881 8845
f 8845 8881 8882
f 8881 8505 8882
f 8505 8506 8882
f 8506 8511 8883
f 8506 8883 8882
f 8848 8883 8849
f 8848 8882 8883
f 8848 8845 8882
f 8849 8883 8884
f 8883 8511 8884
f 8511 8512 8884
f 8512 8517 8885
f 8512 8885 8884
f 8852 8885 8853
f 8852 8884 8885
f 8852 8849 8884
f 8853 8885 8886
f 8885 8517 8886
f 8517 8518 8886
f 8518 8523 8887
f 8518 8887 8886
f 8856 8887 8857
f 8856 8886 8887
f 8856 8853 8886
f 8857 8887 8888
f 8887 8523 8888
f 8523 8524 8888
f 8524 8465 8888
f 8465 8860 8888
f 8860 8857 8888
f 8492 8537 8889
f 8492 8889 8865
f 8865 8889 8890
f 8889 8537 8890
f 8537 8538 8890
f 8538 8543 8891
f 8538 8891 8890
f 8868 8891 8869
f 8868 8890 8891
f 8868 8865 8890
f 8869 8891 8892
f 8891 8543 8892
f 8543 8544 8892
f 8544 8549 8893
f 8544 8893 8892
f 8872 8893 8873
f 8872 8892 8893
f 8872 8869 8892
f 8873 8893 8894
f 8893 8549 8894
f 8549 8550 8894
f 8550 8555 8895
f 8550 8895 8894
f 8876 8895 8877
f 8876 8894 8895
f 8876 8873 8894
f 8877 8895 8896
f 8895 8555 8896
f 8555 8556 8896
f 8556 8495 8896
f 8495 8880 8896
f 8880 8877 8896
