# QMW procedural algebraic surface
# units: meters
v -0.182353714169 -0.138743552939 -0.0969633318426
v -0.181758228236 -0.139922611653 -0.0977113039804
v -0.181493033282 -0.138543500517 -0.0993831082119
v -0.18247165613 -0.137830068806 -0.0972932184445
v -0.183015198543 -0.137433817692 -0.0961324610296
v -0.182661050421 -0.138814988662 -0.0960992659488
v -0.182023423191 -0.141301722789 -0.096039499749
v -0.1826666252 -0.137383363163 -0.0878282716284
v -0.181629381947 -0.141946201924 -0.0907677647249
v -0.183323750794 -0.135003279339 -0.0889616932154
v -0.183470554039 -0.133846875791 -0.0855499793721
v -0.182668211494 -0.136975996525 -0.0854747740443
v -0.18122363104 -0.142609832947 -0.0853393703476
v -0.180664010126 -0.134125931165 -0.0773736021372
v -0.180443607103 -0.141385841776 -0.0821012989984
v -0.181806979237 -0.131611533243 -0.0789223476871
v -0.180782150587 -0.130234472782 -0.0748394613511
v -0.180019384844 -0.13320924474 -0.0747679656438
v -0.17864606058 -0.138565183368 -0.0746392409463
v -0.176286751158 -0.128922818378 -0.0655656323727
v -0.176872931266 -0.134994940016 -0.0695471447118
v -0.177205459478 -0.127484098093 -0.0666590709171
v -0.176063057741 -0.126605623345 -0.0640462391249
v -0.175654941254 -0.128197269917 -0.0640079854709
v -0.174920146491 -0.131062955582 -0.0639391115449
v -0.171529118179 -0.123759987167 -0.0555685004632
v -0.148843377432 -0.0886545702106 0.0525214959116
v -0.148284735343 -0.0908277820679 0.0511237496812
v -0.148569677805 -0.0896949444858 0.0453917007883
v -0.149148497273 -0.0874626419676 0.0519726495349
v -0.149296482603 -0.0868919147495 0.05365518429
v -0.148888366116 -0.0884835613216 0.0536934379441
v -0.148153571352 -0.0913492469867 0.05376231187
v -0.148494722958 -0.0867523221935 0.0620335797212
v -0.147597595571 -0.0914864714924 0.0589773775288
v -0.149195916527 -0.084443943518 0.0608843008117
v -0.149148925424 -0.0833000898962 0.0642622208665
v -0.14838615968 -0.0862748618546 0.0643337165738
v -0.147012835416 -0.0916308004826 0.0644624412714
v -0.146722091541 -0.083683328885 0.0723571824248
v -0.146289623699 -0.0906273673467 0.0678430397793
v -0.147810880817 -0.081083615422 0.0708286721489
v -0.146970678851 -0.0796918186156 0.0749519616483
v -0.146168336306 -0.0828209393489 0.075027166976
v -0.144723755851 -0.0884547757714 0.0751625706727
v -0.141927785191 -0.0781385054606 0.0844028258624
v -0.142759048575 -0.0843345027296 0.0803318248597
v -0.14283233855 -0.0768662632631 0.083363761099
v -0.141648673329 -0.0760580862265 0.0857697387935
v -0.141294525208 -0.0774392571964 0.0858029338742
v -0.140656897977 -0.0799259913236 0.0858627000741
v -0.138605762702 -0.0749114311359 0.089206308537
v -0.180969285121 -0.128556571521 -0.0985284010298
v -0.179932041868 -0.133119410281 -0.101467894126
v -0.178324662707 -0.127534133176 -0.103614633309
v -0.180541787966 -0.125917813397 -0.0988798701661
v -0.18177321396 -0.125020084149 -0.0962501087734
v -0.182173620607 -0.129022180061 -0.0962121800106
v -0.182563516644 -0.128246240493 -0.0901235603558
v -0.181999760842 -0.123235521289 -0.090985149304
v -0.182228569456 -0.121433142248 -0.0856676271159
v -0.182852646189 -0.127670838253 -0.0856085110684
v -0.181483522241 -0.12574476408 -0.080194688779
v -0.181167174928 -0.12000694828 -0.0814390634284
v -0.179540166004 -0.117820739239 -0.0749571090949
v -0.180144492053 -0.123861025602 -0.074899863943
v -0.177213005726 -0.120629111456 -0.0684475511214
v -0.177218062993 -0.116035107449 -0.0696461362771
v -0.174821073158 -0.114191889802 -0.0641638868688
v -0.175248412556 -0.118463180679 -0.0641234068848
v -0.170222560708 -0.113284866727 -0.0551503368413
v -0.170302223739 -0.11135572465 -0.0557143643527
v -0.169025350535 -0.110554320807 -0.0533268165729
v -0.169192340004 -0.112223393686 -0.053310998394
v -0.169952601697 -0.119822269064 -0.0532389821436
v -0.165428554169 -0.108400108974 -0.0469062078313
v -0.147128858246 -0.0798137027494 0.041831156816
v -0.147135769155 -0.0833416401239 0.0395297018685
v -0.146408911631 -0.0801805651044 0.0367294081564
v -0.14696996878 -0.0785210905379 0.041619430116
v -0.147125425421 -0.0780612865019 0.0429743480393
v -0.147292414891 -0.0797303593808 0.0429901662182
v -0.148052676584 -0.0873292347587 0.0430621824686
v -0.148143505906 -0.0790284857011 0.0505663000685
v -0.148330766801 -0.0886017283321 0.0443152090158
v -0.147743994875 -0.0756756823096 0.0500072384254
v -0.148054498019 -0.0744781812063 0.0535375365462
v -0.148481837417 -0.0787494720833 0.0535780165301
v -0.148498733163 -0.0777029680162 0.0596772444306
v -0.147981543502 -0.0727023282736 0.0587818170389
v -0.14790694084 -0.070886356353 0.0641445731227
v -0.148511266889 -0.0769266427163 0.0642018182746
v -0.147420401507 -0.0752028539861 0.0696051684148
v -0.147038239206 -0.0694473497703 0.0684077246864
v -0.145728694267 -0.0672780850724 0.0748343139045
v -0.146352771 -0.0735157810769 0.074893429952
v -0.142987684377 -0.0699543011737 0.0814447435689
v -0.143088349065 -0.0654753233426 0.0802012128805
v -0.140406688746 -0.0636443526833 0.0856520910496
v -0.140807095393 -0.0676464485949 0.0856900198124
v -0.133512803092 -0.0610465409017 0.0934378336336
v -0.135973222195 -0.0677446974573 0.0913935752885
v -0.177269329967 -0.11647234788 -0.0987738609399
v -0.177048926944 -0.123732258491 -0.103501557801
v -0.174109024361 -0.114970929124 -0.103240977996
v -0.176216786448 -0.113434336846 -0.0987397644522
v -0.177387470428 -0.112580889497 -0.0962397201538
v -0.179059330959 -0.117322753315 -0.0962436803314
v -0.179786182162 -0.116917972438 -0.0908948181804
v -0.177621258611 -0.110739285224 -0.0908064725622
v -0.177842825924 -0.108993947596 -0.0856572384963
v -0.180497056955 -0.116522088767 -0.0856635256392
v -0.1793793066 -0.114968020572 -0.0813495544
v -0.176728257221 -0.107496303582 -0.0812168305017
v -0.175154422472 -0.105381544587 -0.0749467204754
v -0.177721907484 -0.112663649799 -0.0749528021408
v -0.174952286424 -0.109724135599 -0.0695132259183
v -0.172721535879 -0.103510723344 -0.0693823701845
v -0.170435329626 -0.10175269515 -0.0641534982492
v -0.172225480182 -0.106830062548 -0.0641577386232
v -0.166670328375 -0.101321680795 -0.0554799834099
v -0.165765457994 -0.0988217439363 -0.055421588453
v -0.164639607003 -0.0981151261556 -0.0533164279534
v -0.165286287309 -0.0999492922768 -0.0533179597611
v -0.161468221828 -0.0962157037866 -0.0476552168894
v -0.163238005857 -0.101660642205 -0.0473205014779
v -0.143104709232 -0.0674638486424 0.0417704537195
v -0.144521286502 -0.0746112332611 0.0370581338082
v -0.142107913788 -0.067490712717 0.0374784172145
v -0.142602611887 -0.0660275125511 0.0417900716906
v -0.14273968189 -0.0656220918502 0.0429847366588
v -0.143386362196 -0.0674562579714 0.0429832048512
v -0.14478789396 -0.0672264020342 0.0501246003097
v -0.143372602114 -0.0631811417988 0.0501807896357
v -0.143668754488 -0.0620389865546 0.0535479251657
v -0.145458905044 -0.0671163539528 0.0535436847917
v -0.145775507946 -0.0664190347598 0.058875149947
v -0.143593361794 -0.0602037837263 0.0589674721427
v -0.143521197309 -0.0584471617013 0.0641549617423
v -0.146088682321 -0.0657292669135 0.0641488800768
v -0.145238397785 -0.0643623742804 0.0684946339163
v -0.142611051399 -0.056939502564 0.0686215010105
v -0.141342950736 -0.0548388904207 0.074844702524
v -0.143997181767 -0.0623670315918 0.0748384153811
v -0.140789744383 -0.0591007639739 0.0803432910896
v -0.138570328444 -0.052945813199 0.0804804745924
v -0.136020945215 -0.0512051580316 0.0856624796692
v -0.137692805745 -0.0559470218495 0.0856585194917
v -0.129467111254 -0.0487354873798 0.0930641783212
v -0.130745306992 -0.052625041198 0.0931822309675
v -0.171194730919 -0.102442443452 -0.0976660205768
v -0.171780911027 -0.10851456509 -0.101647532916
v -0.169216910625 -0.101404034971 -0.0998926381834
v -0.170344665071 -0.10058188394 -0.0974842716908
v -0.170971037502 -0.100125248418 -0.096146627329
v -0.172524332671 -0.103140519884 -0.0961691633138
v -0.173818325567 -0.102975528172 -0.0898478099241
v -0.171269715254 -0.0977724938119 -0.0892053433178
v -0.171426392999 -0.0965383065173 -0.0855641456715
v -0.174685520336 -0.102864955733 -0.0856114307244
v -0.173254946345 -0.100897343957 -0.0802133553197
v -0.169835328436 -0.0944003958511 -0.0792253925872
v -0.168737989547 -0.0929259035078 -0.0748536276505
v -0.171846487208 -0.0989601489546 -0.0748987272926
v -0.167884192475 -0.0948802042973 -0.0678391966941
v -0.165312366958 -0.0902916962555 -0.0670187519524
v -0.1640188967 -0.0892970540711 -0.0640604054244
v -0.165777595972 -0.0927110579494 -0.0640859215149
v -0.158885399625 -0.0860751176521 -0.0544615905252
v -0.159053851344 -0.0867541537207 -0.0539668105936
v -0.159301646264 -0.0877530256188 -0.0532389821436
v -0.160633061415 -0.0929535541018 -0.0498076180209
v -0.13740172115 -0.0552599913134 0.0430621824686
v -0.138400930204 -0.0529405594359 0.051410456099
v -0.136429405806 -0.052757041277 0.0442847908502
v -0.137084767 -0.0502295443198 0.0517359887935
v -0.137252321562 -0.0495833454756 0.0536410179905
v -0.139011020834 -0.052997349354 0.0536155019
v -0.139732055158 -0.0524146502327 0.0599652401787
v -0.137155080273 -0.0472163059201 0.0606311347611
v -0.137104764383 -0.0459915206223 0.0642480545671
v -0.140213262045 -0.0520257660691 0.064202954925
v -0.139191918737 -0.0503555101665 0.0695864488015
v -0.135823234698 -0.0438686632681 0.0705371589797
v -0.13492651781 -0.0423832493417 0.0749377953489
v -0.138185645147 -0.0487098985578 0.074890510296
v -0.133475198995 -0.0440549009925 0.0821577720256
v -0.13096855536 -0.0396808514782 0.0829829496736
v -0.129604512289 -0.0387495169526 0.085755572494
v -0.131157807458 -0.0417647884184 0.0857330365092
v -0.126097894806 -0.0374281239577 0.0897158385085
v -0.12773999504 -0.0429391454101 0.0913477638167
v -0.165109284682 -0.0903744957537 -0.096039499749
v -0.16513054047 -0.0868044918003 -0.0872507250453
v -0.163593367209 -0.0867519147466 -0.0933279617966
v -0.163872106047 -0.0845562236277 -0.0868500589945
v -0.163933330296 -0.0840739458806 -0.085427204777
v -0.165584149635 -0.0868200069241 -0.0854573746402
v -0.163275648216 -0.0836680975105 -0.0768802422126
v -0.161641333418 -0.0809941936899 -0.0762959585534
v -0.161244926844 -0.0804615428712 -0.0747166867561
v -0.16270049548 -0.0828828134683 -0.0747432882779
v -0.157319017756 -0.0774426293959 -0.0657375861932
v -0.157356511264 -0.0779273620785 -0.064666939995
v -0.157381999463 -0.0782568847889 -0.0639391115449
v -0.158133699544 -0.0821660012205 -0.059200351035
v -0.130615424324 -0.0385431761935 0.05376231187
v -0.1308149683 -0.0360557338885 0.0626930032345
v -0.129734457492 -0.0365152719587 0.0555607865183
v -0.12962987797 -0.0339696057499 0.0630784065837
v -0.129611701681 -0.0335271599856 0.0643849954616
v -0.131067270316 -0.0359484305827 0.0643583939397
v -0.129510059369 -0.0333699722123 0.0727500527215
v -0.127783861081 -0.0304993371385 0.0733551196156
v -0.127433455108 -0.029918888705 0.0750747362433
v -0.129084274446 -0.0326649497485 0.0750445663801
v -0.123460108038 -0.027205986608 0.0831511621217
v -0.123612143651 -0.0281703052859 0.0846096735269
v -0.123742759469 -0.028998764288 0.0858627000741
v -0.125355515189 -0.0347710431923 0.0885012622629
v -0.159331978635 -0.0766956776572 -0.0853393703476
v -0.158145985619 -0.0751802672782 -0.0794208896819
v -0.157187800178 -0.0739559395272 -0.0746392409463
v -0.157238381256 -0.0752999708174 -0.0712078768236
v -0.125554575015 -0.0270215566417 0.0644624412714
v -0.124026943791 -0.0245072170725 0.0704664899318
v -0.122832103446 -0.0225406204816 0.0751625706727
v -0.123109801217 -0.0246036018519 0.0786950512729
v -0.126760777292 0.026107796957 -0.0865703960003
v -0.126767688202 0.0225798595825 -0.0888718509478
v -0.126417381381 0.0251822443386 -0.0933279617966
v -0.126696120219 0.0273779354575 -0.0868500589945
v -0.126757344468 0.0278602132046 -0.085427204777
v -0.12681983868 0.0262669847052 -0.0854081479975
v -0.127045385973 0.0205168782122 -0.0853393703476
v -0.124433968357 0.0296308594219 -0.0759309696954
v -0.125850545628 0.0224834748031 -0.0806432896067
v -0.124465347589 0.0309399653953 -0.0762959585534
v -0.124068941016 0.031472616214 -0.0747166867561
v -0.124124043723 0.0300678268598 -0.0746998839177
v -0.124322914404 0.0249978143723 -0.0746392409463
v -0.120143031927 0.0344915296893 -0.0657375861932
v -0.0924989228376 0.07681254089 0.0633427187636
v -0.092639108163 0.073276228548 0.0610310771487
v -0.0925584716631 0.0754188871265 0.0555607865183
v -0.0924538921418 0.0779645533353 0.0630784065837
v -0.0924357158522 0.0784069990996 0.0643849954616
v -0.0924908185596 0.0770022097453 0.0644017983
v -0.0926896892402 0.0719321972579 0.0644624412714
v -0.0905945469224 0.0799894799582 0.0737414021419
v -0.0917315037997 0.0731565250088 0.069244090007
v -0.0906078752526 0.0814348219466 0.0733551196156
v -0.090257469279 0.0820152703802 0.0750747362433
v -0.0903199634911 0.0804220418808 0.0750937930229
v -0.090545510784 0.0746719353878 0.0751625706727
v -0.0862841222096 0.0847281724772 0.0831511621217
v -0.125080616319 0.0349205127803 -0.0972803157073
v -0.12452197423 0.0327473009229 -0.0986780619378
v -0.123779594613 0.0354043816883 -0.0998926381834
v -0.124907349058 0.0362265327192 -0.0974842716908
v -0.12553372149 0.0366831682414 -0.096146627329
v -0.125656093323 0.034706484507 -0.0961248149933
v -0.12613472995 0.0269750220187 -0.096039499749
v -0.126078084872 0.0357198056475 -0.0885353821492
v -0.126265345767 0.0261465630166 -0.0947864732018
v -0.125832399241 0.0390359228477 -0.0892053433178
v -0.125989076986 0.0402701101424 -0.0855641456715
v -0.126245837835 0.0361226279867 -0.0855183789807
v -0.124419813006 0.0386950976723 -0.0782769525066
v -0.124398012423 0.0424080208086 -0.0792253925872
v -0.123300673534 0.0438825131518 -0.0748536276505
v -0.123545567463 0.0399267184715 -0.0748099761952
v -0.11973018933 0.0441541486283 -0.0662909673159
v -0.119875050946 0.0465167204042 -0.0670187519524
v -0.118581580688 0.0475113625886 -0.0640604054244
v -0.118720134684 0.0452732868425 -0.0640357086766
v -0.119262065094 0.0365194339241 -0.0639391115449
v -0.113448083613 0.0507332990076 -0.0544615905252
v -0.0917909109128 0.0848287197119 0.0520787751139
v -0.0917437898747 0.0801422589511 0.0490235513601
v -0.0909920897934 0.0840513753827 0.0442847908502
v -0.0916474509873 0.0865788723399 0.0517359887935
v -0.0918150055494 0.0872250711841 0.0536410179905
v -0.0919535595459 0.0849869954379 0.0536657147383
v -0.0924954899559 0.0762331425195 0.05376231187
v -0.09192388331 0.0863363434437 0.0613163816523
v -0.0925209781542 0.0759036198091 0.05449014032
v -0.0917177642603 0.0895921107396 0.0606311347611
v -0.0916674483706 0.0908168960374 0.0642480545671
v -0.0919123422994 0.086861101357 0.0642917060224
v -0.0904589698887 0.0891532058984 0.071464617073
v -0.0903859186858 0.0929397533915 0.0705371589797
v -0.0894892017974 0.094425167318 0.0749377953489
v -0.0897459626462 0.0902776851623 0.0749835620397
v -0.085342938805 0.0949616366931 0.0836936101785
v -0.0855312393472 0.0971275651815 0.0829829496736
v -0.0841671962761 0.0980588997071 0.085755572494
v -0.0842895681091 0.0960822159726 0.0857773848298
v -0.0847682047363 0.0883507534844 0.0858627000741
v -0.0806605787932 0.099380292702 0.0897158385085
v -0.123034621766 0.0456495524396 -0.0984683612992
v -0.122137494378 0.0409154031407 -0.101524563492
v -0.120410378164 0.0467117451105 -0.103240977996
v -0.122518140251 0.0482483373885 -0.0987397644522
v -0.123688824232 0.0491017847369 -0.0962397201538
v -0.124276350767 0.0451469483968 -0.0962100737849
v -0.124735972051 0.0458721149746 -0.0901245671884
v -0.123922612414 0.0509433890104 -0.0908064725622
v -0.124144179728 0.0526887266379 -0.0856572384963
v -0.125076931673 0.0464100633484 -0.0856101721824
v -0.123710086913 0.0483292565888 -0.0802265322706
v -0.123029611024 0.0541863706521 -0.0812168305017
v -0.121455776276 0.0563011296473 -0.0749467204754
v -0.122358043867 0.0502276666734 -0.0749011923906
v -0.119363974204 0.0535068494738 -0.0684363126376
v -0.119022889682 0.0581719508901 -0.0693823701845
v -0.116736683429 0.0599299790841 -0.0641534982492
v -0.117365779538 0.055695324132 -0.0641217542951
v -0.112144227426 0.0610389741758 -0.0550084201805
v -0.112066811797 0.0628609302979 -0.055421588453
v -0.110940960806 0.0635675480786 -0.0533164279534
v -0.111168217705 0.0620378063761 -0.0533049606553
v -0.112475768268 0.0532362490441 -0.0532389821436
v -0.107769575631 0.0654669704476 -0.0476552168894
v -0.0891042426787 0.0944661241744 0.0419424599609
v -0.089244428004 0.0909298118324 0.039630818346
v -0.0884092675911 0.0941919615172 0.0374784172145
v -0.0889039656907 0.0956551616831 0.0417900716906
v -0.0890410356932 0.096060582384 0.0429847366588
v -0.089268292592 0.0945308406814 0.0429962039569
v -0.0905758431551 0.0857292833494 0.0430621824686
v -0.0902265432305 0.0951631350859 0.050616252251
v -0.0908236380747 0.0847304114514 0.0437900109187
v -0.089673955917 0.0985015324354 0.0501807896357
v -0.0899701082911 0.0996436876796 0.0535479251657
v -0.0905992043997 0.0954090327275 0.0535796691198
v -0.0906713087709 0.0964152889637 0.0596761690958
v -0.0898947155971 0.101478890508 0.0589674721427
v -0.0898225511123 0.103235512533 0.0641549617423
v -0.0907248187033 0.0971620495589 0.0642004898271
v -0.0896452814117 0.0988725471082 0.0695742850652
v -0.088912405202 0.10474317167 0.0686215010105
v -0.0876443045391 0.106843783813 0.074844702524
v -0.088577056484 0.100565120524 0.0748917688379
v -0.0851300769739 0.104188686463 0.0814608694135
v -0.0848716822469 0.108736861035 0.0804804745924
v -0.0823222990178 0.110477516203 0.0856624796692
v -0.082909825553 0.106522679862 0.0856921260382
v -0.0757684650577 0.112947186854 0.0930641783212
v -0.0780965783913 0.10649082282 0.091470733241
v -0.11956465027 0.0575453373903 -0.0988448879969
v -0.119132182427 0.0506012989286 -0.103359030642
v -0.116364686327 0.0590227986323 -0.103614633309
v -0.118581811585 0.0606391184119 -0.0988798701661
v -0.119813237579 0.0615368476597 -0.0962501087734
v -0.121308144338 0.0567403455349 -0.0962461016336
v -0.121960300314 0.057199020647 -0.0908967726055
v -0.120039784462 0.0633214105192 -0.090985149304
v -0.120268593075 0.0651237895607 -0.0856676271159
v -0.122598565701 0.0576479262131 -0.0856613815584
v -0.121475636672 0.0592127087104 -0.0813071777027
v -0.119207198548 0.0665499835282 -0.0814390634284
v -0.117580189623 0.0687361925701 -0.0749571090949
v -0.119836423634 0.0614969241929 -0.0749510611959
v -0.117126497704 0.0643927811821 -0.0695152334161
v -0.115258086612 0.0705218243597 -0.0696461362771
v -0.112861096777 0.0723650420069 -0.0641638868688
v -0.114456556192 0.0672459103771 -0.0641596101947
v -0.109141978415 0.0725515274942 -0.0556515000948
v -0.108342247359 0.0752012071589 -0.0557143643527
v -0.107065374154 0.0760026110014 -0.0533268165729
v -0.107688824562 0.0740022312536 -0.0533251453965
v -0.103468577788 0.078156822835 -0.0469062078313
v -0.105356202916 0.0725874909918 -0.0472349334831
v -0.085502526684 0.106469854885 0.0416410139378
v -0.0866394835612 0.0996368999354 0.037143701803
v -0.0844489352499 0.106376366704 0.0367294081564
v -0.0850099923996 0.108035841271 0.041619430116
v -0.0851654490405 0.108495645307 0.0429743480393
v -0.0857888994484 0.106495265559 0.0429760192157
v -0.0870642897297 0.106806789183 0.0500643582703
v -0.085784018494 0.110881249499 0.0500072384254
v -0.0860945216385 0.112078750602 0.0535375365462
v -0.0876899810536 0.106959618973 0.0535418132202
v -0.0879479413322 0.10769933875 0.0588741556638
v -0.0860215671211 0.113854603535 0.0587818170389
v -0.0859469644596 0.115670575456 0.0641445731227
v -0.0882031984708 0.108431307078 0.0641506210217
v -0.0873402813162 0.109813804738 0.0685338457196
v -0.0850782628256 0.117109582038 0.0684077246864
v -0.0837687178865 0.119278846736 0.0748343139045
v -0.086098690512 0.111802983389 0.074840559462
v -0.0829688135694 0.115012172448 0.0803385150896
v -0.0811283726844 0.121081608466 0.0802012128805
v -0.0784467123652 0.122912579125 0.0856520910496
v -0.0799416191244 0.118116077001 0.0856560981895
v -0.0715528267113 0.125510390907 0.0934378336336
v -0.0728285624745 0.121708516222 0.0933247581262
v -0.11307300384 0.0719169524568 -0.0974993739607
v -0.113904267223 0.0657209551879 -0.101570374963
v -0.111271726717 0.0728876888665 -0.0993831082119
v -0.112250349565 0.0736011205771 -0.0972932184445
v -0.112793891978 0.073997371691 -0.0961324610296
v -0.11435506196 0.0712260312873 -0.0961586270195
v -0.115830243105 0.0712743651015 -0.0897573268528
v -0.113102444229 0.0764279100436 -0.0889616932154
v -0.113249247474 0.077584313592 -0.0855499793721
v -0.116786166121 0.0713056855978 -0.085609259898
v -0.115329643191 0.0733011106591 -0.0801586499307
v -0.111585672672 0.0798196561401 -0.0789223476871
v -0.110560844022 0.0811967166014 -0.0748394613511
v -0.113923298624 0.0752277917546 -0.0748958177724
v -0.109712437882 0.0795201819984 -0.0676440395934
v -0.106984152913 0.08394709129 -0.0666590709171
v -0.105841751176 0.0848255660382 -0.0640462391249
v -0.107640826673 0.0816319031609 -0.0640763925303
v -0.101307811614 0.0876712022164 -0.0555685004632
v -0.101546722618 0.0865779860627 -0.0544920086907
v -0.101824812835 0.0853054924893 -0.0532389821436
v -0.102741720263 0.0813178978546 -0.0497065015434
v -0.079924887722 0.117798526795 0.0430621824686
v -0.0802509185665 0.12144201162 0.0515932219744
v -0.0783483712401 0.121736244897 0.0453917007883
v -0.0789271907078 0.123968547416 0.0519726495349
v -0.0790751760377 0.124539274634 0.05365518429
v -0.080874251535 0.121345611756 0.0536250308846
v -0.0817353968149 0.121842269747 0.0600606106108
v -0.0789746099624 0.126987245865 0.0608843008117
v -0.0789276188589 0.128131099487 0.0642622208665
v -0.0822900734603 0.12216217464 0.0642058644453
v -0.0812714734899 0.12383896409 0.0696383856882
v -0.0775895742518 0.130347573961 0.0708286721489
v -0.0767493722857 0.131739370768 0.0749519616483
v -0.0802862909321 0.125460742773 0.0748926811224
v -0.075247447383 0.130391366845 0.0823848416083
v -0.0726110319853 0.13456492612 0.083363761099
v -0.0714273667644 0.135373103157 0.0857697387935
v -0.0729885367459 0.132601762753 0.0857435728036
v -0.0683844561366 0.136519758247 0.089206308537
v -0.069945447551 0.131095668012 0.0912910944513
v -0.109220591442 0.0779022490543 -0.096039499749
v -0.107118440844 0.0823107604602 -0.0905086245346
v -0.105153733567 0.086431033502 -0.0853393703476
v -0.10358786572 0.0886036250773 -0.0780198394542
v -0.102864654003 0.0896070582132 -0.0746392409463
v -0.102279893848 0.089462729223 -0.0691541772037
v -0.101723918066 0.0893255047173 -0.0639391115449
v -0.101592754076 0.0888040397986 -0.0613005493561
v -0.0749573429281 0.129039213313 0.05376231187
v -0.0730045581529 0.132971197747 0.0593703450369
v -0.0712314288391 0.136541441099 0.0644624412714
v -0.0694338823155 0.139362099506 0.0719244993235
v -0.0686538583789 0.140586090678 0.0751625706727
v -0.0682481074715 0.139922459654 0.08059096505
v -0.0678540662281 0.13927798052 0.0858627000741
v -0.0681192611824 0.137898869384 0.0875345043055
v -0.17333293245 -0.151074168975 -0.0964277108071
v -0.17244430856 -0.151536571921 -0.0966978312091
v -0.172472251563 -0.150874116553 -0.0988474871764
v -0.174146866953 -0.150326673786 -0.0972593691771
v -0.175821482344 -0.149779231019 -0.0956712511779
v -0.173640268702 -0.151145604698 -0.0955636449133
v -0.172428788581 -0.151904509979 -0.0955038787135
v -0.173645843481 -0.149713979199 -0.0872926505929
v -0.171394735745 -0.151309194818 -0.0882533919182
v -0.177185027197 -0.148021244382 -0.0905038751898
v -0.178589092306 -0.146211015923 -0.0851829410704
v -0.173647429775 -0.149306612561 -0.0849391530088
v -0.170902753231 -0.151025955278 -0.0848037493121
v -0.171643228406 -0.146456547201 -0.0768379811016
v -0.169347444476 -0.148642622555 -0.0781825460692
v -0.177713739665 -0.145117330715 -0.0819392094512
v -0.175696510421 -0.142596959285 -0.0744641074424
v -0.170998603124 -0.145539860776 -0.0742323446083
v -0.168389312044 -0.147174394224 -0.0741036199107
v -0.167265969438 -0.141253434414 -0.0650300113372
v -0.166000919769 -0.142799719434 -0.0659937863167
v -0.172580021629 -0.140862970311 -0.0692922474339
v -0.169147766678 -0.138953291619 -0.0635963687374
v -0.166634159534 -0.140527885953 -0.0634723644353
v -0.165238062872 -0.141402440237 -0.0634034905094
v -0.162508336459 -0.136090603203 -0.0550328794277
v -0.139822595713 -0.100985186247 0.0530571169472
v -0.138690859745 -0.10175731365 0.0525935858147
v -0.139548896086 -0.102025560522 0.0459273218238
v -0.141488402755 -0.100117771583 0.0515272910606
v -0.14238119154 -0.0992395830238 0.0541050546775
v -0.139867584396 -0.100814177358 0.0542290589796
v -0.138471487733 -0.101688731642 0.0542979329055
v -0.139473941239 -0.0990829382297 0.0625692007567
v -0.137302373951 -0.100701371242 0.0615904958831
v -0.143201016128 -0.097496209303 0.0592384303407
v -0.144063285257 -0.0956625763995 0.0646375747753
v -0.139365377961 -0.0986054778908 0.0648693376094
v -0.13675608688 -0.100240011339 0.0649980623069
v -0.137701309822 -0.0960139449212 0.0728928034604
v -0.135310567152 -0.0981704459129 0.0715708950691
v -0.143439598238 -0.0945231017449 0.0680122638705
v -0.142089217118 -0.0920559587473 0.07531899995
v -0.137147554586 -0.0951515553852 0.0755627880116
v -0.134402878042 -0.0968708981022 0.0756981917082
v -0.132907003472 -0.0904691214968 0.0849384468979
v -0.131805248205 -0.0919393269153 0.084018509405
v -0.138401090654 -0.0902914483124 0.0805905844669
v -0.13445495713 -0.0884034995529 0.0862309486452
v -0.132273743488 -0.0897698732326 0.0863385549098
v -0.131062263367 -0.0905287785132 0.0863983211096
v -0.129584980982 -0.0872420471721 0.0897419295725
v -0.17163559237 -0.142247377333 -0.107127840208
v -0.170746968481 -0.142709780279 -0.10739796061
v -0.170436861663 -0.141545758611 -0.108061100473
v -0.171753534331 -0.1413338932 -0.10745772681
v -0.174124142264 -0.140952439376 -0.106371380579
v -0.172714721828 -0.14287899328 -0.106287694347
v -0.171305301392 -0.144805547183 -0.106204008115
v -0.176206605672 -0.144376092906 -0.100419455835
v -0.171888776477 -0.147839831868 -0.102525747646
v -0.177808587773 -0.139747969946 -0.102877244396
v -0.178922452767 -0.145540476904 -0.0958553754634
v -0.17920484226 -0.145216143074 -0.0928147521593
v -0.179906361673 -0.144410424435 -0.085261155709
v -0.179499871786 -0.143841301964 -0.0836695013452
v -0.1771712855 -0.140581071327 -0.0745516741943
v -0.176175617297 -0.139500975631 -0.0724616347174
v -0.172033956584 -0.135008123601 -0.0637677401411
v -0.169369539577 -0.132307793514 -0.0592694906399
v -0.169681382789 -0.122963308759 -0.0531853046568
v -0.165623002642 -0.128510757848 -0.0529443328824
v -0.161564622494 -0.134058206936 -0.052703361108
v -0.160680129244 -0.123571489882 -0.0450040426674
v -0.160665929315 -0.132095468894 -0.0505635773121
v -0.16788275878 -0.122230697091 -0.0509920862587
v -0.160687245308 -0.119299836001 -0.0422179720178
v -0.158878946769 -0.121771621226 -0.0421106018622
v -0.157070648229 -0.124243406451 -0.0420032317067
v -0.153248304591 -0.116043005898 -0.0324773687721
v -0.14160710285 -0.0966278456209 0.0310593094387
v -0.140195801239 -0.0984207834087 0.0299398311091
v -0.140547597769 -0.0971989002525 0.0233718111682
v -0.142689421176 -0.0950122240461 0.0297917690747
v -0.14365397022 -0.0940274759858 0.0326829337917
v -0.141845671681 -0.0964992612106 0.0327903039473
v -0.140037373141 -0.0989710464355 0.0328976741028
v -0.143047066614 -0.0961911142451 0.0395520667055
v -0.139888418417 -0.100007892381 0.0371744073663
v -0.145303685119 -0.0926056985897 0.0368528686296
v -0.147781457676 -0.0904702744535 0.0431158599554
v -0.143723077528 -0.0960177235423 0.0433568317298
v -0.139664697381 -0.101565172631 0.0435978035042
v -0.144413666044 -0.0956942712975 0.04808663402
v -0.139628194799 -0.101710294901 0.0443321081919
v -0.148029918369 -0.0902258769637 0.0438332445658
v -0.145267381446 -0.0952944150052 0.0539336832738
v -0.145342267946 -0.0948385520662 0.0568708144137
v -0.145538060337 -0.093646688441 0.0645500080233
v -0.145195557226 -0.0931017680512 0.0662678112672
v -0.143406486484 -0.0902553672593 0.0752407853113
v -0.142341587194 -0.0891467725202 0.0772076646206
v -0.137555927553 -0.0841647454383 0.0860468243596
v -0.129942102301 -0.0773705938084 0.0935874695836
v -0.127890967025 -0.0723560336206 0.0969310780466
v -0.126481546589 -0.0742825875241 0.0970147642788
v -0.125072126153 -0.0762091414276 0.097098450511
v -0.123359040698 -0.0716961475396 0.0989555428688
v -0.170251163322 -0.132060395915 -0.108692909396
v -0.168000055586 -0.133655611533 -0.109653650721
v -0.166840669974 -0.129901630829 -0.110411355596
v -0.169823666167 -0.129421637791 -0.109044378532
v -0.175194412147 -0.128557432639 -0.106583199873
v -0.174651442357 -0.134845672935 -0.106475739615
v -0.177507502181 -0.136389351431 -0.103514881561
v -0.176759537427 -0.128045782907 -0.105098916591
v -0.169758244306 -0.122073160363 -0.0532005164762
v -0.168795709222 -0.121168406125 -0.051983129866
v -0.161757515191 -0.106904829263 -0.0424297913116
v -0.161146718743 -0.113978583474 -0.0423089073417
v -0.156069106898 -0.1091242015 -0.0354169019584
v -0.158662125452 -0.105549641896 -0.0383766654052
v -0.153401565832 -0.103246525151 -0.0314884502603
v -0.153136163597 -0.106320200815 -0.031435923963
v -0.152465049 -0.114092511408 -0.0313031023053
v -0.146594796974 -0.0997447849956 -0.0207041427767
v -0.147478872776 -0.102194699015 -0.0223335130629
v -0.146641244781 -0.0996527454321 -0.0207644436168
v -0.146542674591 -0.0996003456203 -0.0206080801295
v -0.146535361486 -0.0996850401334 -0.020606632778
v -0.146516869058 -0.0998992045844 -0.020602972904
v -0.146287752953 -0.0994071595284 -0.0200334280415
v -0.139236687124 -0.0888661404028 0.0114293762296
v -0.139226223504 -0.0890346153117 0.0113198539578
v -0.139246819224 -0.0889604890476 0.0109278704377
v -0.139243325426 -0.0887983750201 0.0114065569721
v -0.139242699553 -0.0887693341852 0.0114923080746
v -0.139235386448 -0.0888540286983 0.0114937554261
v -0.139216894021 -0.0890681931493 0.0114974153001
v -0.140623060033 -0.0883854989915 0.0199526747153
v -0.139787126314 -0.0927444855722 0.0171390154347
v -0.140719117948 -0.086120332763 0.0192884308646
v -0.141234940769 -0.0851948394262 0.0220121967465
v -0.140969538534 -0.0882685150896 0.0220647230438
v -0.140298423937 -0.0960408256833 0.0221975447015
v -0.142756987638 -0.0885173716556 0.0280499447021
v -0.140431093972 -0.0966574305344 0.0228227707613
v -0.142808262347 -0.0835885702775 0.0267281122951
v -0.144724240103 -0.081632469248 0.0324711144979
v -0.144113443655 -0.0887062234588 0.0325919984678
v -0.145297759423 -0.0889825948942 0.0359153557806
v -0.145284947722 -0.0811492333757 0.0338883983176
v -0.147858319193 -0.0895801260577 0.043100648136
v -0.148034768115 -0.0896086061908 0.0436689322127
v -0.128961236908 -0.0599610268827 0.0967192587527
v -0.128418267118 -0.0662492671795 0.0968267190105
v -0.118693902202 -0.0584660177472 0.101305797992
v -0.122321469022 -0.0687536394117 0.0994782622155
v -0.166551208168 -0.119976172274 -0.108938369306
v -0.164255424237 -0.122162247629 -0.110282934273
v -0.162662809409 -0.11739447787 -0.1102038216
v -0.165498664649 -0.11693816124 -0.108904272818
v -0.170604490182 -0.116116584358 -0.106564495646
v -0.173805410739 -0.124792585237 -0.106577539603
v -0.176105191627 -0.126187718679 -0.105069760148
v -0.172356757272 -0.115543756741 -0.104902736821
v -0.157167593226 -0.0944639809831 -0.042411087085
v -0.160789112835 -0.104280003203 -0.0424258450099
v -0.156636482083 -0.10053644429 -0.0380942967489
v -0.153541338718 -0.0928763766059 -0.0376628429765
v -0.148811643867 -0.0908056768713 -0.0314697460336
v -0.150291343687 -0.0948163596445 -0.0314757759054
v -0.1424701737 -0.0874345578513 -0.0214101693234
v -0.142735227985 -0.0882589739968 -0.0213342790618
v -0.145289387457 -0.096203347762 -0.020602972904
v -0.146124884006 -0.0988845037953 -0.0201263410805
v -0.137989412419 -0.0853723363269 0.0114974153001
v -0.137265950489 -0.076582188257 0.019511828432
v -0.134803068292 -0.0760588331502 0.0123046117196
v -0.136181249792 -0.0735860891329 0.0195820015411
v -0.136645018804 -0.0727539911461 0.0220309009732
v -0.138124718624 -0.0767646739193 0.0220248711014
v -0.14072642737 -0.0778009781841 0.0268531031713
v -0.138302354156 -0.0710619488567 0.0269986416209
v -0.140134318138 -0.0691916209678 0.0324898187245
v -0.143755837747 -0.0790076431876 0.0324750607996
v -0.144659921164 -0.0794073377689 0.0339248074206
v -0.140791188097 -0.0686255092958 0.0341501692053
v -0.124371314943 -0.0475201786026 0.0967379629793
v -0.1275722355 -0.0561961794809 0.0967249190226
v -0.114610432583 -0.0460989131313 0.101098263996
v -0.117118809995 -0.0536957287719 0.10122574715
v -0.16047660912 -0.105946267846 -0.107830528943
v -0.159211559451 -0.107492552865 -0.108794303922
v -0.158109223849 -0.104329859756 -0.108344101376
v -0.159626543272 -0.104085708334 -0.107648780057
v -0.16235840636 -0.10364612505 -0.106396886343
v -0.166680252371 -0.110182003897 -0.106484731872
v -0.171083597059 -0.113020600705 -0.104562022922
v -0.165787658493 -0.102525080011 -0.103144762263
v -0.157915646885 -0.0856569944329 -0.0532108104204
v -0.156971669424 -0.0852724955614 -0.0520597367527
v -0.148921509404 -0.0819935216751 -0.0422434777814
v -0.154304732541 -0.0901345091452 -0.0423528967857
v -0.140599009087 -0.078349861832 -0.0313459351496
v -0.140604771621 -0.078373311345 -0.031328374447
v -0.140613064658 -0.0784070582528 -0.0313031023053
v -0.14157533764 -0.0830847151677 -0.0261770155228
v -0.128446439596 -0.0603553725276 0.0221975447015
v -0.133764063175 -0.0630436772829 0.0284668774219
v -0.128412902721 -0.060269271595 0.0222403775457
v -0.130809121035 -0.0578228730937 0.0294228654487
v -0.131888234316 -0.0567211616599 0.0326574280281
v -0.137271457453 -0.0648621491299 0.0325480090238
v -0.139305913273 -0.0659678546541 0.0346219857006
v -0.133406818751 -0.0554123967179 0.0364959083283
v -0.136015721772 -0.0531639601276 0.0430903541918
v -0.136146122174 -0.053035692229 0.0434668613994
v -0.116125231121 -0.0350497192946 0.096905572283
v -0.120447077132 -0.0415855981409 0.0968177267534
v -0.110902687959 -0.0342892736715 0.0992385437724
v -0.113429663116 -0.0423380118009 0.100506016935
v -0.154391162883 -0.0938783201477 -0.106204008115
v -0.162580179259 -0.0970006269454 -0.102070008245
v -0.153248021745 -0.0908088293526 -0.105131690158
v -0.158070022108 -0.0892324857714 -0.10055875621
v -0.162892022471 -0.0876561421901 -0.0959858222622
v -0.163090778601 -0.0873998905389 -0.0952326034367
v -0.156218306805 -0.0768302027907 -0.0639109398217
v -0.155391164762 -0.0764735682803 -0.0628440979677
v -0.147731141197 -0.0731708359667 -0.0529642547056
v -0.156923085501 -0.084440118611 -0.0531867815977
v -0.138949388008 -0.0695938711224 -0.0422559006714
v -0.138972542844 -0.0697057020604 -0.0421346434614
v -0.138997636756 -0.0698268981509 -0.0420032317067
v -0.139789550463 -0.0740416904494 -0.0367329650328
v -0.121964361668 -0.0445545381356 0.0328976741028
v -0.12867199731 -0.0482022425881 0.0383281629527
v -0.121801193616 -0.0441510047301 0.0331503430675
v -0.124489907547 -0.0418337845284 0.0399465245744
v -0.125831216084 -0.0406778016613 0.0433369099066
v -0.135023160388 -0.0519470843056 0.0431143830145
v -0.135670479707 -0.0523199216416 0.043653142177
v -0.127102865963 -0.0394269477137 0.0470085653414
v -0.129451731667 -0.0371164941953 0.0537904835932
v -0.129519117097 -0.0369731977037 0.0542124210779
v -0.121525497257 -0.0262804107244 0.0859163775608
v -0.111550938338 -0.0260911074026 0.0946523224786
v -0.10770916211 -0.0236755048572 0.0963641458232
v -0.10750255988 -0.0229360464999 0.0960261325543
v -0.108157987645 -0.025281914392 0.097098450511
v -0.110343837243 -0.03245527775 0.0988027976018
v -0.152193428846 -0.0794375316711 -0.0985046896742
v -0.152179228917 -0.0879615106825 -0.104064224319
v -0.147903453018 -0.0765706253456 -0.0997937571235
v -0.150051998964 -0.0758682515679 -0.097756188074
v -0.152200544911 -0.0751658777901 -0.0957186190245
v -0.160753968848 -0.0851583718953 -0.09593238766
v -0.162006348904 -0.0858612395565 -0.0947836474714
v -0.153388696867 -0.0736340211323 -0.0912159230726
v -0.154968154873 -0.0715976626944 -0.085230308917
v -0.154357864952 -0.0708351527889 -0.0829688012441
v -0.152075572988 -0.0679836060565 -0.0745114752891
v -0.149801991806 -0.06671860401 -0.0707384331337
v -0.145526829245 -0.0643399383907 -0.0636437365841
v -0.155096185439 -0.0755192901991 -0.0638828955724
v -0.137256859821 -0.0607742189098 -0.0529771895427
v -0.137275202765 -0.0608789104182 -0.0528347728627
v -0.1372921283 -0.0609755121283 -0.052703361108
v -0.138120758154 -0.0652846916253 -0.0474796308897
v -0.115392203187 -0.0284824778229 0.0435978035042
v -0.12205900796 -0.0321146287881 0.049056216832
v -0.115232391619 -0.0280963993683 0.0438716319389
v -0.117648210497 -0.0257200875955 0.0508468651801
v -0.118760254107 -0.0246262297953 0.0540576868309
v -0.128329610301 -0.0358055816036 0.0538185278425
v -0.128869635126 -0.0360783873669 0.0544882540187
v -0.119466777046 -0.0231237943445 0.0584816181351
v -0.120442347824 -0.021049223171 0.0645902069286
v -0.11998734761 -0.0202179388942 0.0670521537324
v -0.118468279685 -0.0174426055188 0.0752716321033
v -0.115896942942 -0.0162124008176 0.0789469450556
v -0.110834019697 -0.0137901463244 0.0861835807985
v -0.119387443634 -0.0237826404296 0.0859698121631
v -0.104585798422 -0.0122999929324 0.0906881995196
v -0.105751598412 -0.0165511157346 0.0928217172474
v -0.14325053565 -0.0640509364266 -0.0955038787135
v -0.147582406501 -0.0649902432893 -0.0889175489652
v -0.142493127371 -0.0622348574489 -0.0941666693081
v -0.144228562025 -0.0599974019496 -0.087589956162
v -0.144914865435 -0.0591125669404 -0.084989097267
v -0.151244000066 -0.0669726661052 -0.0851409541311
v -0.149847121765 -0.0652292777207 -0.0808948143543
v -0.142954794587 -0.0566636104928 -0.0777258030374
v -0.142022283549 -0.0554985103025 -0.074270263639
v -0.1477127191 -0.06256541444 -0.0744067960006
v -0.135511266265 -0.0518758333309 -0.0634651325592
v -0.135512751382 -0.0518929364184 -0.063428762651
v -0.135513783337 -0.0519048207391 -0.0634034905094
v -0.136394870304 -0.056388107165 -0.0581332238355
v -0.108747208199 -0.0121911121436 0.0542979329055
v -0.113408432489 -0.0143575048008 0.0609454830779
v -0.108716654991 -0.0121205273727 0.0543595749553
v -0.109990454468 -0.00941176678464 0.0623355387513
v -0.110389058386 -0.00856412741696 0.0648314185786
v -0.116079493936 -0.0156310315545 0.064694886217
v -0.115534598094 -0.0144830176172 0.069047176598
v -0.10907505306 -0.00616344290856 0.0719413299742
v -0.108414990246 -0.00495750976481 0.0755128437533
v -0.114744124878 -0.0128176089296 0.0753609868892
v -0.101734793885 -0.00176150325469 0.0850611117042
v -0.101814242698 -0.0022479942972 0.0857730950498
v -0.101884010436 -0.00267520496092 0.0863983211096
v -0.103746875511 -0.00931143306509 0.0893561641034
v -0.136410756497 -0.0467840351424 -0.0849049191849
v -0.137294832299 -0.0492339491618 -0.0865342894711
v -0.13629190361 -0.0467256298524 -0.0850617426844
v -0.136339723162 -0.0466639772174 -0.08488052268
v -0.136358634114 -0.0466395957671 -0.0848088565376
v -0.136481597042 -0.0468188467712 -0.0848114468051
v -0.135568808995 -0.0456527705618 -0.0818820581347
v -0.134248527588 -0.0441250157858 -0.0748349260685
v -0.134111517253 -0.0439664751958 -0.0741036199107
v -0.134785977322 -0.0477775485989 -0.0689775331282
v -0.10247829209 0.00296790768973 0.0649980623069
v -0.100002524864 0.00729593325586 0.075544794531
v -0.100397782077 0.00653066743269 0.0727765005308
v -0.0998769468231 0.00748223216391 0.0755946721408
v -0.0998587589254 0.00751546140849 0.0756930844827
v -0.0999817218533 0.00733621040444 0.0756904942152
v -0.0996746874618 0.00760352672336 0.0759561850806
v -0.100760870277 0.00266585238286 0.0807567209749
v -0.136013366716 -0.0459765785504 -0.0848037493121
v -0.135940843529 -0.0459237539421 -0.0843271174887
v -0.0995134915276 0.00817847862517 0.0756981917082
v -0.0996244330072 0.00778277376457 0.0758757530505
v -0.123960626408 -0.00942501562292 -0.0848717883826
v -0.123950162788 -0.0095934905319 -0.0849813106544
v -0.123899908334 -0.00941424349069 -0.0850617426844
v -0.123947727886 -0.00935259085562 -0.08488052268
v -0.123966638838 -0.00932820940538 -0.0848088565376
v -0.123980990317 -0.00942862843035 -0.0848080806322
v -0.124061104268 -0.00998919539251 -0.0848037493121
v -0.123176813719 -0.00834138420002 -0.0818820581347
v -0.0874962065434 0.0447009909899 0.0756099467875
v -0.087633752267 0.0441130371748 0.0752215598848
v -0.0880057868004 0.0438420537944 0.0727765005308
v -0.087484951547 0.0447936185256 0.0755946721408
v -0.0874667636492 0.0448268477702 0.0756930844827
v -0.0874811151281 0.0447264287453 0.0756938603881
v -0.0875612290795 0.0441658617831 0.0756981917082
v -0.0872826921857 0.0449149130851 0.0759561850806
v -0.123649659238 -0.00011758256943 -0.0870486192982
v -0.122813725519 -0.00447656915019 -0.0898622785788
v -0.121839801911 -4.92135126412e-05 -0.0941666693081
v -0.123575236565 0.00218824198659 -0.087589956162
v -0.124261539974 0.0030730769958 -0.084989097267
v -0.124185185397 -0.000137812571982 -0.084942430086
v -0.121989889774 0.00285893652279 -0.0767893361802
v -0.122301469127 0.0055220334434 -0.0777258030374
v -0.121368958089 0.00668713363374 -0.074270263639
v -0.121300308767 0.0038002681762 -0.0742283058357
v -0.121096303706 -0.00477862445706 -0.0741036199107
v -0.114857940805 0.0103098106053 -0.0634651325592
v -0.0893628245135 0.0506076291195 0.0628787316241
v -0.0887886184739 0.0459668318315 0.0598719755244
v -0.0880633295305 0.0500651165635 0.0543595749553
v -0.0893371290076 0.0527738771516 0.0623355387513
v -0.0897357329256 0.0536215165193 0.0648314185786
v -0.0896670836035 0.0507346510617 0.0648733763819
v -0.0894630785425 0.0421557584285 0.0649980623069
v -0.0881853573793 0.0531889704841 0.0728631525293
v -0.0893260682078 0.0423142990184 0.0657293684647
v -0.0884217276002 0.0560222010277 0.0719413299742
v -0.0877616647858 0.0572281341714 0.0755128437533
v -0.0876853102084 0.0540172446036 0.0755595109344
v -0.0810814684246 0.0604241406815 0.0850611117042
v -0.0862797634966 0.0474232323944 0.0774287318672
v -0.121239021896 0.00929365408554 -0.0973422433775
v -0.119827720285 0.00750071629776 -0.0984617217072
v -0.118988797374 0.0104892761651 -0.0997937571235
v -0.12113734332 0.0111916499428 -0.097756188074
v -0.123285889266 0.0118940237206 -0.0957186190245
v -0.122790536927 0.00846928051287 -0.0956519407478
v -0.121690585359 0.000864488193585 -0.0955038787135
v -0.124086246763 0.00857733640862 -0.0896514787128
v -0.121760353098 0.000437277529869 -0.0948786526537
v -0.124474041223 0.0134258803784 -0.0912159230726
v -0.126053499229 0.0154622388163 -0.085230308917
v -0.125069532609 0.00865933766374 -0.0850978593587
v -0.123753026575 0.0104669382379 -0.0801481908423
v -0.125443209308 0.0162247487218 -0.0829688012441
v -0.123160917343 0.0190762954542 -0.0745114752891
v -0.12222009671 0.0125716949459 -0.0743848335159
v -0.11848800246 0.0163974474969 -0.0678342871903
v -0.120887336162 0.0203412975007 -0.0707384331337
v -0.116612173601 0.02271996312 -0.0636437365841
v -0.116057985827 0.0188884463065 -0.0635691386003
v -0.114827387597 0.0103803953763 -0.0634034905094
v -0.108342204176 0.0262856826009 -0.0529771895427
v -0.0885749901248 0.0586892110256 0.0516602784845
v -0.0871797254912 0.0545773903977 0.0490276662316
v -0.086317735975 0.0589635021424 0.0438716319389
v -0.0887335548522 0.0613398139152 0.0508468651801
v -0.0898455984624 0.0624336717154 0.0540576868309
v -0.0892914106883 0.0586021549019 0.0541322848146
v -0.0880608124588 0.0500941039717 0.0542979329055
v -0.0900274293736 0.0591157205277 0.0601459260216
v -0.0880618444134 0.0500822196511 0.0543232050472
v -0.0905521214013 0.0639361071662 0.0584816181351
v -0.0915276921799 0.0660106783397 0.0645902069286
v -0.0905868715461 0.0595060778314 0.0647168487018
v -0.0896512691564 0.0610405055649 0.0696736852469
v -0.0910726919653 0.0668419626165 0.0670521537324
v -0.0895536240402 0.0696172959919 0.0752716321033
v -0.0885696574205 0.0628143948393 0.0754040816617
v -0.0841398025332 0.0671729391856 0.0821280355206
v -0.0869822872976 0.0708475006932 0.0789469450556
v -0.0819193640527 0.0732697551863 0.0861835807985
v -0.0814240117138 0.0698450119786 0.0862502590752
v -0.0803240601455 0.0622402196593 0.0863983211096
v -0.0756711427775 0.0747599085783 0.0906881995196
v -0.120981645581 0.0185571771036 -0.0995496155121
v -0.117822997384 0.0147403989673 -0.101927274851
v -0.116072035916 0.0211253297326 -0.105131690158
v -0.120894036279 0.0227016733138 -0.10055875621
v -0.125716036643 0.0242780168951 -0.0959858222622
v -0.12425719454 0.0168437802663 -0.0958254174502
v -0.124929678469 0.0169389048122 -0.0924861970357
v -0.125914792772 0.0245342685463 -0.0952326034367
v -0.126383627948 0.0171445696288 -0.085266607729
v -0.12598918029 0.0176873702954 -0.0837766159943
v -0.123547663717 0.0210471489519 -0.074553999411
v -0.122332512478 0.0223000617679 -0.072379308313
v -0.119042320977 0.0351039562945 -0.0639109398217
v -0.117506272982 0.0272762796405 -0.0637420459508
v -0.113395936594 0.0312388821917 -0.0579730016595
v -0.118215178934 0.0354605908049 -0.0628440979677
v -0.110555155369 0.0387633231185 -0.0529642547056
v -0.109765431001 0.0347389000416 -0.0528774217382
v -0.108182392609 0.0266717610556 -0.052703361108
v -0.10177340218 0.0423402879628 -0.0422559006714
v -0.0870563508569 0.0673695829301 0.0408583081891
v -0.0854538376416 0.063473974858 0.0383740732859
v -0.0846252077876 0.0677831543551 0.0331503430675
v -0.0873139217185 0.0701003745568 0.0399465245744
v -0.0886552302554 0.0712563574239 0.0433369099066
v -0.0878655058876 0.067231934347 0.043423742874
v -0.0862824674956 0.059164795361 0.0435978035042
v -0.0893498231097 0.0671069862625 0.0488646543045
v -0.0862993930307 0.0590681936509 0.0437292152589
v -0.0899268801349 0.0725072113715 0.0470085653414
v -0.0922757458387 0.0748176648899 0.0537904835932
v -0.0907396978439 0.0669899882359 0.0539593774642
v -0.0910972586286 0.067291788544 0.0571821846203
v -0.0923431312683 0.0749609613815 0.0542124210779
v -0.091914438554 0.0679815318374 0.0645476828067
v -0.0915986224805 0.0684975682065 0.0662098463086
v -0.0898837527598 0.0712996268044 0.0752353332913
v -0.0885932802425 0.072576591595 0.0772359660909
v -0.084349511429 0.0856537483608 0.0859163775608
v -0.0828906693266 0.078219511732 0.0860767823728
v -0.0703265740511 0.0889981125853 0.0960261325543
v -0.0713953668785 0.0861507939152 0.0949586667151
v -0.11436249452 0.0314166883862 -0.107444824073
v -0.113230758553 0.0306445609827 -0.107908355206
v -0.112671907837 0.0324785569042 -0.108344101376
v -0.11418922726 0.0327227083252 -0.107648780057
v -0.116921090347 0.0331622916093 -0.106396886343
v -0.116446851394 0.0301074902446 -0.106336087771
v -0.115416608151 0.0234711976247 -0.106204008115
v -0.120650904931 0.0278808116934 -0.101715177599
v -0.115865433686 0.0218647880899 -0.105469703427
v -0.12035034248 0.0342833366488 -0.103144762263
v -0.125848016055 0.0251281598145 -0.0960027423396
v -0.125969347082 0.0251396851579 -0.0954327500049
v -0.119111588144 0.0355501394603 -0.0639198200388
v -0.118697078912 0.0359479947804 -0.0633481518366
v -0.112478330872 0.0511514222267 -0.0532108104204
v -0.111230640901 0.0431144505685 -0.0530508535719
v -0.106782947245 0.0473264959917 -0.0472449477802
v -0.111534353411 0.0515359210983 -0.0520597367527
v -0.103484193391 0.0548148949845 -0.0422434777814
v -0.102893488841 0.051009882649 -0.0421677480404
v -0.101610234128 0.0427438213683 -0.0420032317067
v -0.0951616930744 0.0584585548276 -0.0313459351496
v -0.0851803099658 0.07634279431 0.0302600196818
v -0.0837850453322 0.0722309736821 0.0276274074289
v -0.0829755867086 0.0765391450647 0.0222403775457
v -0.0853718050221 0.0789855435659 0.0294228654487
v -0.0864509183034 0.0800872549998 0.0326574280281
v -0.0858602137529 0.0762822426643 0.0327331577691
v -0.0845769590398 0.0680161813836 0.0328976741028
v -0.0876524830302 0.0759337779047 0.0381645249032
v -0.0846020529512 0.0678949852931 0.0330290858575
v -0.0879695027388 0.0813960199418 0.0364959083283
v -0.0905784057592 0.0836444565321 0.0430903541918
v -0.0893307157882 0.0756074848739 0.0432503110403
v -0.0901356968498 0.0755157151807 0.0460627380413
v -0.0907088061613 0.0837727244307 0.0434668613994
v -0.0923450130061 0.0752638480558 0.0537816033761
v -0.0923826821808 0.0752912078918 0.0540955768718
v -0.0844814908411 0.0865038912802 0.0858994574835
v -0.0813752540429 0.089159946495 0.0883088281064
v -0.0706879151086 0.101758697365 0.096905572283
v -0.0702136761554 0.0987038960003 0.0969663708548
v -0.0691834329122 0.0920676033804 0.097098450511
v -0.0654653719464 0.102519142988 0.0992385437724
v -0.112316499967 0.0421457280456 -0.108632869665
v -0.11014493268 0.0405272950336 -0.109611574539
v -0.108964163213 0.0442881963639 -0.1102038216
v -0.111800018452 0.0447445129945 -0.108904272818
v -0.116905843985 0.0455660898758 -0.106564495646
v -0.116913659523 0.0392076972255 -0.106478576338
v -0.119882166753 0.0375633225668 -0.103631126607
v -0.118658111075 0.0461389174931 -0.104902736821
v -0.112477720096 0.0516483239552 -0.0532175249244
v -0.111896234331 0.0521895290552 -0.0525130399949
v -0.103468947029 0.067218693251 -0.042411087085
v -0.103477789524 0.0600248115984 -0.0423138780311
v -0.0981323717738 0.065083619979 -0.0353556815343
v -0.0998426925211 0.0688062976283 -0.0376628429765
v -0.0951129976705 0.0708769973629 -0.0314697460336
v -0.0951166105843 0.067937682784 -0.0314300278393
v -0.0951281562001 0.0585446557603 -0.0313031023053
v -0.0887715275037 0.0742481163828 -0.0214101693234
v -0.0825734641955 0.0859147956883 0.0200782140186
v -0.081999258156 0.0812739984003 0.0170714579189
v -0.0811044220952 0.085623841084 0.0123046117196
v -0.082482603595 0.0880965851013 0.0195820015411
v -0.0829463726076 0.0889286830881 0.0220309009732
v -0.0829499855214 0.0859893685092 0.0220706191675
v -0.0829615311373 0.0765963414855 0.0221975447015
v -0.0849354091351 0.0855960954543 0.0280455378175
v -0.0829698241749 0.0765625945777 0.0222228168431
v -0.0846037079596 0.0906207253775 0.0269986416209
v -0.0864356719415 0.0924910532663 0.0324898187245
v -0.0864445144364 0.0852971716137 0.0325870277784
v -0.0877025784696 0.0849453718284 0.0357819258176
v -0.0870925419005 0.0930571649383 0.0341501692053
v -0.0905777949831 0.0841413582606 0.0430836396879
v -0.0906853421013 0.084117999534 0.0433954474704
v -0.0706726687467 0.114162495632 0.0967379629793
v -0.0706804842846 0.107804102981 0.0968238822874
v -0.0609117863861 0.115583761103 0.101098263996
v -0.0643630363444 0.105681836097 0.0996887463182
v -0.108846528471 0.0540415129962 -0.109009396363
v -0.1064557858 0.0518850120045 -0.110331304754
v -0.104880693593 0.0566553009798 -0.110411355596
v -0.107863689786 0.0571352940178 -0.109044378532
v -0.113234435766 0.0579994991701 -0.106583199873
v -0.115745899401 0.0494943007724 -0.106570405059
v -0.118038115954 0.048126898224 -0.104934259155
v -0.114799561046 0.0585111489012 -0.105098916591
v -0.0997975388102 0.0796521025454 -0.0424297913116
v -0.102622729265 0.0700844524332 -0.0424153981961
v -0.0985611972993 0.0737848988048 -0.0379541174156
v -0.0967021490714 0.0810072899122 -0.0383766654052
v -0.0914415894512 0.0833104066572 -0.0314884502603
v -0.0926691864085 0.0791530875832 -0.0314821961882
v -0.0847264641491 0.0867370580357 -0.0207563700812
v -0.0846812684003 0.0869041863765 -0.0207644436168
v -0.08458269821 0.0869565861883 -0.0206080801295
v -0.0846165243966 0.0868420320996 -0.0206079077998
v -0.0855851833764 0.0835616195596 -0.020602972904
v -0.0843277765721 0.0871497722802 -0.0200334280415
v -0.0773121660664 0.0976617408431 0.0114091703793
v -0.0774497117901 0.097073787028 0.0110207834767
v -0.0772868428427 0.0975964427611 0.0109278704377
v -0.0772833490453 0.0977585567886 0.0114065569721
v -0.0772827231723 0.0977875976234 0.0114923080746
v -0.0773165493589 0.0976730435347 0.0114924804043
v -0.0782852083387 0.0943926309947 0.0114974153001
v -0.0796986569818 0.0973229286952 0.0193625055225
v -0.0808393678104 0.0864482572294 0.0122287214579
v -0.0787591415672 0.100436599046 0.0192884308646
v -0.0792749643884 0.101362092382 0.0220121967465
v -0.0805025613456 0.0972047733084 0.0220184508186
v -0.0828619088384 0.0963476721337 0.0268731676415
v -0.0808482859665 0.102968361531 0.0267281122951
v -0.0827642637222 0.104924462561 0.0324711144979
v -0.0855894541772 0.0953568124484 0.0324855076134
v -0.086506602242 0.0949779431331 0.0341094581046
v -0.0833249713411 0.105407698433 0.0338883983176
v -0.0670012605274 0.126595904926 0.0967192587527
v -0.0695127241626 0.118090706528 0.0967320535666
v -0.0567339258215 0.128090914061 0.101305797992
v -0.0593191715584 0.120351530861 0.101177376669
v -0.102354882041 0.0684131280628 -0.107663882327
v -0.101253126774 0.0669429226444 -0.108583819819
v -0.100215555098 0.0698854307722 -0.108061100473
v -0.101532227766 0.0700972961831 -0.10745772681
v -0.103902835699 0.0704787500068 -0.106371380579
v -0.108726320873 0.0640282505261 -0.106480869543
v -0.113486805843 0.0609086853973 -0.104694535202
v -0.107587281208 0.0716832194366 -0.102877244396
v -0.0994600762241 0.0884678806242 -0.0531853046568
v -0.0976614522152 0.0892004922918 -0.0509920862587
v -0.0904659387432 0.092131353382 -0.0422179720178
v -0.0966545116984 0.0838553070798 -0.0423584473
v -0.0830269980262 0.0953881834852 -0.0324773687721
v -0.0831435018232 0.094846713767 -0.0319283283651
v -0.0832761718582 0.094230108916 -0.0313031023053
v -0.0837874694819 0.0909337688049 -0.0262445730386
v -0.0843577017749 0.0872574763819 -0.020602972904
v -0.0843483722918 0.0872238985444 -0.0204254115617
v -0.0770577267372 0.0980884878171 0.0114974153001
v -0.0760957230197 0.100383982248 0.0132279554591
v -0.0711095467954 0.112281794641 0.0221975447015
v -0.0756531021357 0.111306897397 0.0286273885138
v -0.0703262912045 0.114232289131 0.0233718111682
v -0.072468114611 0.116418965337 0.0297917690747
v -0.0734326636553 0.117403713397 0.0326829337917
v -0.0796212366104 0.109127667095 0.0325424585095
v -0.0818039199246 0.107883758164 0.0344354484855
v -0.0750823785545 0.118825490793 0.0368528686296
v -0.077560151111 0.12096091493 0.0431158599554
v -0.0778086118039 0.121205312419 0.0438332445658
v -0.0576696604605 0.139075155763 0.0969310780466
v -0.0624931456338 0.132624656282 0.0968215890826
v -0.0531377341328 0.139735041844 0.0989555428688
v -0.05557454021 0.131844894766 0.100548093117
v -0.0985024696429 0.0743984246602 -0.106204008115
v -0.0993899808699 0.0815116557513 -0.0990148596408
v -0.0939896148135 0.0854313304048 -0.0988474871764
v -0.0956642302041 0.0859787731719 -0.0972593691771
v -0.0973388455946 0.0865262159391 -0.0956712511779
v -0.0987023904476 0.0882842025753 -0.0905038751898
v -0.100106455557 0.0900944310347 -0.0851829410704
v -0.0992311029162 0.0911881162431 -0.0819392094512
v -0.0972138736716 0.0937084876726 -0.0744641074424
v -0.0940973848796 0.0954424766465 -0.0692922474339
v -0.0906651299289 0.0973521553384 -0.0635963687374
v -0.0877881772252 0.0974839755882 -0.0551494891403
v -0.083946400997 0.0998995781336 -0.0534376657958
v -0.08402569971 0.100214843755 -0.0550328794277
v -0.0839098984149 0.0997544558637 -0.052703361108
v -0.0836861773784 0.098197175614 -0.0462799649702
v -0.0835372226546 0.0971603296681 -0.0420032317067
v -0.083378794557 0.0966100666413 -0.0390453887129
v -0.0665039475666 0.122432689683 0.0328976741028
v -0.0629086664811 0.130284752126 0.0414580197083
v -0.0620099733017 0.132247490169 0.0435978035042
v -0.0745858937249 0.124467113064 0.045508310501
v -0.0610662593365 0.134279886436 0.0459273218238
v -0.0630057660062 0.136187675375 0.0515272910606
v -0.0638985547907 0.137065863934 0.0541050546775
v -0.064718379379 0.138809237655 0.0592384303407
v -0.0655806485082 0.140642870558 0.0646375747753
v -0.0649569614893 0.141782345213 0.0680122638705
v -0.0636065803684 0.14424948821 0.07531899995
v -0.0599184539052 0.146013998645 0.0805905844669
v -0.055972320381 0.147901947405 0.0862309486452
v -0.0629840900803 0.140439432901 0.0893736810014
v -0.0516858193186 0.146029115101 0.0934201900417
v -0.0511023442331 0.149063399786 0.0897419295725
v -0.0522692944041 0.142994830416 0.097098450511
v -0.0528276273147 0.140899063512 0.0982924030066
v -0.0925123324286 0.0887180617458 -0.0955038787135
v -0.0917693475911 0.090128610148 -0.0931240670089
v -0.0891717177535 0.0950601813348 -0.0848037493121
v -0.0882640286438 0.0963597291456 -0.0806764526729
v -0.0868185089152 0.0984292945714 -0.0741036199107
v -0.0862722218442 0.0988906544743 -0.070696053487
v -0.0851031080622 0.0998780148743 -0.0634034905094
v -0.0848837360507 0.0999465968831 -0.0616991434185
v -0.058336532924 0.13959172347 0.0542979329055
v -0.0575736760265 0.140989002666 0.0568882287128
v -0.0551852837518 0.145363677457 0.0649980623069
v -0.0542271513199 0.146831905788 0.0690769884653
v -0.0526718425649 0.14921523851 0.0756981917082
v -0.052179860051 0.14949847805 0.0791478343143
v -0.0511458072149 0.150093793212 0.0863983211096
v -0.0511302872352 0.149725855154 0.0875922736053
v -0.162927721682 -0.153217803593 -0.0974571589587
v -0.160219792821 -0.15369619525 -0.0976732243984
v -0.160283099268 -0.152195365249 -0.102543391237
v -0.166466905398 -0.151525068776 -0.100668383556
v -0.164132057168 -0.153683412133 -0.0951409379396
v -0.160184631432 -0.154529779672 -0.0949682576779
v -0.164521953205 -0.152907472566 -0.0890523182848
v -0.159425403632 -0.154092684192 -0.0896447665122
v -0.16481108275 -0.152332070325 -0.0845372689973
v -0.158658596082 -0.153651224971 -0.0842681282766
v -0.163441958802 -0.150405996153 -0.079123446708
v -0.157666277492 -0.152130610265 -0.0800436660658
v -0.162102928614 -0.148522257674 -0.073828621872
v -0.156145154895 -0.149799663917 -0.0735679988752
v -0.159171442287 -0.145290343529 -0.0673763090504
v -0.154594533742 -0.146959484211 -0.0683028338293
v -0.157206849117 -0.143124412751 -0.0630521648137
v -0.152993905723 -0.14402770993 -0.0628678694739
v -0.152180997269 -0.137946098799 -0.0540790947702
v -0.150273264558 -0.138733552088 -0.0545251179891
v -0.158645848371 -0.135277607438 -0.0525676284723
v -0.151150776566 -0.136884625759 -0.052239756323
v -0.149504503867 -0.137237603082 -0.0521677400725
v -0.14738699073 -0.133061341046 -0.0458349657602
v -0.129087294807 -0.104474934822 0.042902398887
v -0.127770071137 -0.104765663696 0.0427594498368
v -0.128367348192 -0.104841797177 0.0378006502274
v -0.132072275909 -0.1039321119 0.0404241170203
v -0.136745923258 -0.102784573133 0.0437335361399
v -0.129250851452 -0.104391591453 0.0440614082892
v -0.127604578754 -0.104744568777 0.0441334245397
v -0.130101942467 -0.103689717774 0.0516375421395
v -0.126687617421 -0.104457900256 0.0512574891294
v -0.138253616644 -0.102376307208 0.0449135533467
v -0.130440273978 -0.103410704156 0.0546492586012
v -0.126227330584 -0.104314001335 0.054833553941
v -0.130457169724 -0.102364200089 0.0607484865017
v -0.125379210267 -0.103597731944 0.0601238609448
v -0.13046970345 -0.101587874789 0.0652730603457
v -0.124511929731 -0.102865281032 0.0655336833424
v -0.129378838068 -0.0998640860585 0.0706764104858
v -0.123573451789 -0.101521652533 0.0698009779682
v -0.128311207561 -0.0981770131494 0.075964672023
v -0.122158720893 -0.0994961677951 0.0762338127438
v -0.124946120938 -0.0946155332461 0.0825159856399
v -0.120501380273 -0.0963497251691 0.0815423445019
v -0.122765531954 -0.0923076806674 0.0867612618835
v -0.118818106218 -0.0931540482061 0.0869339421451
v -0.115471239653 -0.0857077729742 0.0945090757046
v -0.122289616677 -0.0864489839469 0.0922060577523
v -0.161230381603 -0.144391011951 -0.10815728836
v -0.158522452742 -0.144869403608 -0.1083733538
v -0.157819888255 -0.142232246865 -0.10987573456
v -0.161887507196 -0.142010928128 -0.109290709947
v -0.165630660638 -0.147176288971 -0.10594011858
v -0.159787387442 -0.149617481735 -0.105668387079
v -0.168486720461 -0.148719967468 -0.102979260525
v -0.160035243355 -0.150906423492 -0.104105889158
v -0.160737462587 -0.134403776399 -0.0526648954407
v -0.159774927502 -0.133499022162 -0.0514475088304
v -0.152125937023 -0.12630919951 -0.0417732863062
v -0.145552734279 -0.129055341002 -0.0414676106712
v -0.147048325179 -0.121454817537 -0.0348812809229
v -0.143962233195 -0.125643103066 -0.0375038395507
v -0.151337709909 -0.115633484898 -0.031236165032
v -0.144115381878 -0.118650816851 -0.0309003029275
v -0.141259204987 -0.119844065587 -0.0307674812698
v -0.137574015254 -0.112075401032 -0.0201685217412
v -0.137490824008 -0.112160566665 -0.0202211250883
v -0.139917029023 -0.112531075035 -0.0218845184295
v -0.137713589559 -0.111932514196 -0.020080266355
v -0.137514579766 -0.11201565617 -0.0200710117424
v -0.137435878388 -0.112048535898 -0.0200673518684
v -0.137266971234 -0.111737775565 -0.019497807006
v -0.130215905404 -0.101196756439 0.0119649972651
v -0.130149596808 -0.101228703057 0.0119465093277
v -0.130226037504 -0.101291105084 0.0114634914732
v -0.130355135498 -0.101160613193 0.0118465867279
v -0.130413614521 -0.101101502761 0.0120201218491
v -0.130214604729 -0.101184644734 0.0120293764616
v -0.13013590335 -0.101217524463 0.0120330363356
v -0.131602278314 -0.100716115028 0.0204882957508
v -0.129362712893 -0.10164354069 0.019962732674
v -0.135030955481 -0.0992457532187 0.0174214194686
v -0.139171084846 -0.0975817991724 0.0222644819748
v -0.131948756815 -0.100599131126 0.0226003440793
v -0.129092579924 -0.101792379862 0.022733165737
v -0.133736205918 -0.100847987692 0.0285855657376
v -0.128834160359 -0.102689939917 0.0275578433772
v -0.139903994944 -0.0973779285947 0.0228540679743
v -0.135092661935 -0.101036839495 0.0331276195033
v -0.128519459191 -0.103782980987 0.0334332951383
v -0.136276977704 -0.10131321093 0.0364509768161
v -0.128468832232 -0.10413538577 0.0348868777701
v -0.138837537473 -0.101910742094 0.0436362691715
v -0.139013986396 -0.101939222227 0.0442045532483
v -0.119397485399 -0.0785798832157 0.097362340046
v -0.113554212203 -0.0810210759793 0.0976340715465
v -0.109673120483 -0.0707966337834 0.101841419027
v -0.120315160396 -0.0714960870277 0.099597389486
v -0.161127273046 -0.135253889281 -0.110452577087
v -0.156030723473 -0.136439100908 -0.111045025315
v -0.154223696566 -0.130588119083 -0.112225989683
v -0.160563517245 -0.130243170077 -0.111314166036
v -0.151901379454 -0.114862998153 -0.0312696336687
v -0.150837062376 -0.113889929843 -0.0300811303454
v -0.142115229309 -0.10591585939 -0.0203416196295
v -0.138111064029 -0.10184622009 -0.0135152466415
v -0.138343682171 -0.095943312693 -0.00967313148798
v -0.135767664501 -0.0994645025161 -0.00952017697753
v -0.133191646832 -0.102985692339 -0.00936722246709
v -0.134029211444 -0.0968851505526 -0.00187562781993
v -0.132148065729 -0.101437325557 -0.00477825355324
v -0.137300101068 -0.0943949459111 -0.00508416257413
v -0.135910357158 -0.092332975548 0.00102699791338
v -0.133334339489 -0.095854165371 0.00117995242382
v -0.130758321819 -0.0993753551941 0.00133290693427
v -0.134196977542 -0.0954060352788 0.00734214992427
v -0.130592376827 -0.0999726095007 0.00449121860978
v -0.136950532783 -0.0912815689437 0.0041136945567
v -0.134815254271 -0.0950848479551 0.0117587685746
v -0.136499233199 -0.0956758286891 0.0153434904119
v -0.139734754392 -0.0968113124279 0.0222310133381
v -0.14002965884 -0.0969519316131 0.0226449016265
v -0.117678744998 -0.0673225277525 0.100576308977
v -0.10732244333 -0.0641302156558 0.10302566919
v -0.105007981988 -0.057566503991 0.10419167415
v -0.111797819697 -0.0580127693736 0.102759937705
v -0.158349938564 -0.123925621226 -0.111223834912
v -0.152574257254 -0.125650235338 -0.11214405427
v -0.150045836001 -0.118080966124 -0.112018455687
v -0.156185015013 -0.117746934012 -0.111135489294
v -0.141442397236 -0.0871553640036 -0.0205685905789
v -0.14045776658 -0.0867260362855 -0.0192844799675
v -0.133051708129 -0.0834967785367 -0.00962583467635
v -0.135854290986 -0.0900883534338 -0.00965088265134
v -0.134709633474 -0.0883900190516 -0.00461744756597
v -0.13179325773 -0.0816296090482 -0.00409201488647
v -0.130618383116 -0.0798864413917 0.001074294725
v -0.133420965973 -0.0864780162887 0.00104924675002
v -0.135354757598 -0.0873020303557 0.00432828570516
v -0.131872726861 -0.0786185542511 0.00479653021861
v -0.134142422198 -0.0763243525685 0.0115317976252
v -0.1344461393 -0.0762022860205 0.0118870814282
v -0.109957378812 -0.0519433333553 0.102622635495
v -0.102553031735 -0.0501314966502 0.104066906322
v -0.100924512368 -0.0451993993751 0.103984140154
v -0.108054510134 -0.0456680219428 0.102480675993
v -0.152382081969 -0.10998317696 -0.110176826656
v -0.147805173424 -0.111652317642 -0.111103351435
v -0.145492250441 -0.10501634801 -0.110158735464
v -0.149833471656 -0.1047801426 -0.109534360049
v -0.140529317746 -0.0783349240392 -0.0313006606842
v -0.140112734066 -0.0782217597427 -0.0309595476285
v -0.126905197396 -0.0746339533377 -0.0201447620072
v -0.136971409538 -0.0833043422342 -0.0204382400058
v -0.124228142726 -0.0734666793289 -0.0166534688107
v -0.12419840592 -0.0749864411056 -0.0120198190622
v -0.124181382676 -0.075856449659 -0.00936722246709
v -0.122696613599 -0.0736534899539 -0.00283820510302
v -0.121748057663 -0.0722461125139 0.00133290693427
v -0.122010653181 -0.0673158067606 0.00957898876403
v -0.118480875459 -0.0649394285961 0.00861915327789
v -0.119254695898 -0.0641572530659 0.010915447189
v -0.119605222359 -0.0638029419025 0.0119556261969
v -0.1296714345 -0.0724733307991 0.0116621481983
v -0.133792291939 -0.0753525978386 0.0121780658745
v -0.123652839413 -0.0621761693595 0.0166904691614
v -0.128362692683 -0.060283238314 0.0221999863226
v -0.1283894265 -0.0602758018786 0.0222214922124
v -0.107796115407 -0.0411198473706 0.101500281171
v -0.0990499331777 -0.0392286255965 0.103043893944
v -0.0972167677442 -0.0333897599153 0.102124419931
v -0.107394953034 -0.0340587260891 0.0999782009114
v -0.143694296872 -0.0938121405883 -0.107579741777
v -0.141786564161 -0.0945995938767 -0.108025764996
v -0.140739463211 -0.0916561733276 -0.107423060063
v -0.14243586245 -0.0915638724157 -0.107179075726
v -0.150159147974 -0.0911436492271 -0.106068275479
v -0.152372656802 -0.0909037149329 -0.105397111803
v -0.13850017511 -0.0695054451487 -0.0419872767108
v -0.125857927959 -0.0678817601303 -0.0322211559357
v -0.123787605957 -0.0669663578314 -0.0315506742572
v -0.123667315589 -0.066326137929 -0.0323512189523
v -0.123905289046 -0.0675927010462 -0.0307674812698
v -0.124194960207 -0.0703008367136 -0.0254812093156
v -0.124491622653 -0.0730743339112 -0.0200673518684
v -0.1244178109 -0.07318424628 -0.0191109803735
v -0.117191647615 -0.062243322476 0.0120330363356
v -0.114674386581 -0.0563795559588 0.0169725374631
v -0.111738663983 -0.049541015321 0.022733165737
v -0.128330444712 -0.0602081802447 0.0222500883579
v -0.110780372412 -0.0472057124215 0.0243169034195
v -0.115776968699 -0.0458158298503 0.0283363912438
v -0.121466900022 -0.0442330851334 0.0329136290987
v -0.121653372108 -0.0441872999186 0.0330456703592
v -0.103925972735 -0.0225472434714 0.0972341831466
v -0.107583253576 -0.0318927976008 0.0992675404066
v -0.0960441859438 -0.0295416656423 0.101210136358
v -0.0937082247901 -0.0218756770228 0.0993887445297
v -0.137895735037 -0.0837033264452 -0.105668387079
v -0.151288227105 -0.0893650639506 -0.104948155837
v -0.135714300724 -0.0778918740415 -0.103489661185
v -0.142670575068 -0.0771378455263 -0.101380431438
v -0.13680283503 -0.0606786535065 -0.0526874061122
v -0.125380319533 -0.0600543639981 -0.0436164056389
v -0.122367584356 -0.058817546923 -0.0427028676551
v -0.122171638016 -0.0577985540106 -0.0439381246391
v -0.122563530695 -0.0598365398354 -0.0414676106712
v -0.12308720886 -0.0629154557011 -0.0371424425026
v -0.105530255607 -0.0345641798201 0.0334332951383
v -0.121271372908 -0.043755065721 0.0332323628845
v -0.104014719801 -0.0308590387654 0.0359038091063
v -0.108829375877 -0.0296768775788 0.0393130767895
v -0.114902909917 -0.0281856192011 0.0436137585
v -0.115080135104 -0.028137628671 0.0437524662586
v -0.0936147903394 -0.0130115768966 0.0955606761283
v -0.0908682909736 -0.0122105968435 0.0961804889147
v -0.090472057093 -0.0107657187345 0.0954553456517
v -0.0952257832844 -0.0112824859948 0.0938496971636
v -0.0916625597979 -0.0151069206894 0.0976340715465
v -0.0932643921488 -0.02040711056 0.0990080462493
v -0.136864284702 -0.0684940676833 -0.0990820573311
v -0.133778192718 -0.0726823532123 -0.101704615959
v -0.130487811715 -0.0638288655332 -0.0986709634541
v -0.133510440226 -0.0635012263437 -0.0977544645278
v -0.141153669432 -0.0626727350444 -0.0954369414401
v -0.141823398401 -0.0624537962466 -0.0948018053741
v -0.135437297508 -0.0518545491126 -0.0634010488883
v -0.1224632478 -0.0502281768458 -0.0536214147384
v -0.120392925798 -0.049312774547 -0.0529509330599
v -0.120264829027 -0.048660972243 -0.0537171504358
v -0.120523860564 -0.0499790175868 -0.0521677400725
v -0.121389868781 -0.0540886640589 -0.047842571904
v -0.0986239354511 -0.0174859832814 0.0441334245397
v -0.114721834893 -0.0277194412075 0.0439242560966
v -0.097660198606 -0.0151223629585 0.045682834903
v -0.102748262581 -0.0137445741038 0.0496650789686
v -0.10867072237 -0.0121408405171 0.0543003745266
v -0.108691012708 -0.0121318673611 0.0543265258044
v -0.099787144218 -0.00129700357875 0.0864652583829
v -0.0980682680488 -0.00760792448721 0.0906686066986
v -0.0888056227671 -0.00482925105424 0.0928093939062
v -0.0874372159181 4.55303316758e-05 0.0906366479213
v -0.125692634698 -0.0502878595364 -0.0950694275507
v -0.125609443452 -0.0503730251692 -0.0951220308978
v -0.125538313444 -0.0501768296432 -0.0950702849889
v -0.125621601363 -0.0501678016114 -0.0950450310458
v -0.125832209002 -0.0501449727007 -0.0949811721645
v -0.128310160583 -0.0521710973413 -0.09505488408
v -0.1406530219 -0.0609291799898 -0.0942819067535
v -0.131062056306 -0.0484353012766 -0.0900214574245
v -0.132955696839 -0.0430214057926 -0.0740692375857
v -0.129006734476 -0.0418851074417 -0.0706480093025
v -0.120115837078 -0.0393267867689 -0.0629452796126
v -0.134968814391 -0.0514714886871 -0.0633871128662
v -0.117913008427 -0.0388631244032 -0.0615393139982
v -0.119102939968 -0.043820461787 -0.0575815975196
v -0.0936185506202 -0.00137568029183 0.0535968854268
v -0.0944786961477 -0.00700567680193 0.0498940528136
v -0.091750689022 -4.5953223873e-05 0.0535049984654
v -0.0924894042232 0.000154082305539 0.0540831641961
v -0.0933492619401 0.000386921826586 0.0547561438023
v -0.108202239253 -0.0117577800916 0.0543143105487
v -0.108635101276 -0.0120630186574 0.0543523988909
v -0.0971570821272 0.002070884104 0.059663866921
v -0.101322471675 0.00391297709295 0.065032444632
v -0.101247444174 0.00412537135656 0.0656607821496
v -0.0844656837887 0.011230758765 0.0869210276586
v -0.0869436353697 0.00920463412439 0.086847315743
v -0.0841253840049 0.0112677520161 0.0870359694561
v -0.0865797301544 0.00295114136011 0.0897043752081
v -0.125295244917 -0.0494804029444 -0.0949682576779
v -0.126229683473 -0.0400586785946 -0.088416152451
v -0.120340865136 -0.0361569089772 -0.0903792887641
v -0.123401583376 -0.0351563400874 -0.0874766630308
v -0.126462301615 -0.0341557711976 -0.0845740372975
v -0.124771354148 -0.032453012447 -0.0795183533755
v -0.122867667652 -0.0305360286835 -0.0738266110845
v -0.131771886705 -0.0415562716549 -0.074040765849
v -0.115033027137 -0.028281641764 -0.0670389815112
v -0.115711705523 -0.0308524828946 -0.065520466069
v -0.116897244982 -0.0353433193001 -0.0628678694739
v -0.117628450582 -0.0378770797112 -0.061911497979
v -0.0901306698433 0.00437038929538 0.054833553941
v -0.0919974175182 0.0106218217977 0.0614800999425
v -0.0863693401281 0.0142468217114 0.0590046659783
v -0.0890853255687 0.0154479333195 0.0625051738496
v -0.0912344424885 0.016398354202 0.0652750711331
v -0.100138661542 0.00537811123065 0.0650609163687
v -0.10017467649 0.00553830406018 0.0661332990049
v -0.0906299667838 0.0181095556854 0.0703374116781
v -0.089962426426 0.019999285978 0.0759279037229
v -0.0986839476602 0.00837631854686 0.0762962465258
v -0.0819553860605 0.0189337934556 0.0837756304696
v -0.0810615021282 0.0221220889247 0.0823449732313
v -0.0839287197035 0.0118953285212 0.0869339421451
v -0.0840955061591 0.0113630953698 0.0870204691531
v -0.120450490808 -0.026270817415 -0.0874766630308
v -0.118569345093 -0.0308229924196 -0.0903792887641
v -0.116210200044 -0.02371978019 -0.0903792887641
v -0.119270918283 -0.0227192113002 -0.0874766630308
v -0.122331636523 -0.0217186424103 -0.0845740372975
v -0.124690781571 -0.02882185464 -0.0845740372975
v -0.122828252918 -0.0266024775562 -0.0795183533755
v -0.120640689056 -0.0200158836598 -0.0795183533755
v -0.11873700256 -0.0180988998962 -0.0738266110845
v -0.120731398512 -0.0241038794234 -0.0738266110845
v -0.110902362045 -0.0158445129767 -0.0670389815112
v -0.112512573122 -0.0206927401007 -0.0670389815112
v -0.0860680492541 0.0245327303861 0.0625051738496
v -0.084759129051 0.0190950488354 0.0590046659783
v -0.082238675036 0.0266839504987 0.0590046659783
v -0.0849546604767 0.0278850621068 0.0625051738496
v -0.0871037773964 0.0288354829893 0.0652750711331
v -0.0890981733487 0.0228305034622 0.0652750711331
v -0.088667030335 0.0240198129613 0.0703374116781
v -0.0864993016917 0.0305466844726 0.0703374116781
v -0.085831761334 0.0324364147653 0.0759279037229
v -0.0881909063827 0.0253332025356 0.0759279037229
v -0.0769308370362 0.0345592177119 0.0823449732313
v -0.0787023570795 0.0292253011543 0.0823449732313
v -0.11324250461 -0.0129288400169 -0.0950362967485
v -0.113176196014 -0.0129607866351 -0.0950547846859
v -0.113146318168 -0.0128654432814 -0.0950702849889
v -0.113229606087 -0.0128564152496 -0.0950450310458
v -0.113440213726 -0.012833586339 -0.0949811721645
v -0.113409900903 -0.0130391713522 -0.0949771459433
v -0.113342982469 -0.0134930197865 -0.0949682576779
v -0.118920916827 -0.015964910499 -0.0889590146879
v -0.115316316112 -0.0205314847209 -0.0918099460024
v -0.11867006103 -0.0111239149148 -0.0900214574245
v -0.122870815496 -0.0180618692674 -0.0846456523297
v -0.121776036962 -0.0166876972181 -0.0812727495057
v -0.120563701562 -0.00571001943084 -0.0740692375857
v -0.11938719639 -0.0136892113659 -0.0739129713737
v -0.110129272625 -0.00552826526521 -0.0653219170455
v -0.116614739199 -0.00457372108 -0.0706480093025
v -0.107723841802 -0.00201540040713 -0.0629452796126
v -0.107542145084 -0.00324768822137 -0.0629211462229
v -0.107141032329 -0.00596808056067 -0.0628678694739
v -0.105521013151 -0.00155173804142 -0.0615393139982
v -0.0801453642741 0.0368215874009 0.0542130519915
v -0.0796432515904 0.0362793884459 0.0538771824462
v -0.0793586937458 0.0372654331379 0.0535049984654
v -0.080097408947 0.0374654686673 0.0540831641961
v -0.080957266664 0.0376983081883 0.0547561438023
v -0.0807755699459 0.0364660203741 0.054780277192
v -0.0803744571911 0.0337456280348 0.054833553941
v -0.0848441347906 0.0345881930763 0.060848628028
v -0.0815599966501 0.0292547916293 0.0574861505362
v -0.084765086851 0.0393822704657 0.059663866921
v -0.088930476399 0.0412243634547 0.065032444632
v -0.0877539712265 0.0332451715196 0.065188710844
v -0.0872898995236 0.0342008145187 0.0687681832543
v -0.0888554488974 0.0414367577183 0.0656607821496
v -0.0863709403075 0.0360931879082 0.0758562886907
v -0.0728060011228 0.0476848717575 0.0863358873276
v -0.0720736885125 0.0485421451267 0.0869210276586
v -0.0720433756897 0.0483365601135 0.0869250538797
v -0.0719764572555 0.0478827116792 0.0869339421451
v -0.0717333887287 0.0485791383779 0.0870359694561
v -0.112931537439 -0.00362140696345 -0.0972131276641
v -0.110691972018 -0.0045488326254 -0.0977386907409
v -0.109834486254 -0.00164322159697 -0.0986709634541
v -0.112857114766 -0.00131558240743 -0.0977544645278
v -0.120500343971 -0.000487091108213 -0.0954369414401
v -0.117162638965 -0.00632394645112 -0.0952214746796
v -0.119525832404 -0.00740791226709 -0.0916578036016
v -0.121170072941 -0.000268152310427 -0.0948018053741
v -0.120808553353 -0.00528183165479 -0.0740850440821
v -0.120213571303 -0.00473826470098 -0.0734229693364
v -0.114783972047 0.0103310948236 -0.0634010488883
v -0.110986964888 0.00369102882445 -0.0631559317101
v -0.0996115035666 0.0135246716932 -0.0537171504358
v -0.102793006025 0.00540798553664 -0.0579283683464
v -0.0814354071123 0.0448172219049 0.05112381173
v -0.0781687622045 0.0422227705217 0.0495472819868
v -0.0770068731457 0.0470632809777 0.045682834903
v -0.0820949371212 0.0484410698324 0.0496650789686
v -0.0880173969092 0.0500448034191 0.0543003745266
v -0.0842203897493 0.0434047374199 0.0545454917048
v -0.0858246693514 0.0428374253138 0.057935775324
v -0.0880376872477 0.0500537765751 0.0543265258044
v -0.0891753281899 0.0416525512307 0.0650166381355
v -0.0891220729049 0.0417522506378 0.0653699849152
v -0.0791338187578 0.0608886403575 0.0864652583829
v -0.0757961137513 0.0550517850146 0.0866807251435
v -0.0667838904578 0.0622311742679 0.0906366479213
v -0.0716622587211 0.0487753339039 0.087087715365
v -0.113368124964 0.00507351201459 -0.0998159870787
v -0.108466079405 0.00323155978895 -0.100843709439
v -0.10679964508 0.00916802746918 -0.103489661185
v -0.113755919424 0.00992205598436 -0.101380431438
v -0.121134075713 0.000232543340412 -0.0954725815004
v -0.121358917965 0.000142776451167 -0.0950565217884
v -0.114807088209 0.010357344394 -0.0634023489042
v -0.114751724076 0.0104061528929 -0.0633509468529
v -0.107888179386 0.0263812480042 -0.0526874061122
v -0.10296821704 0.0207943818937 -0.0524107152932
v -0.0986477667215 0.0158882920161 -0.0521677400725
v -0.0932569823718 0.0292613475001 -0.0439381246391
v -0.0788541096171 0.0543682901285 0.0409274462047
v -0.0758818333919 0.0524909727936 0.0398082563711
v -0.0751000641564 0.0562008627453 0.0359038091063
v -0.0799147202321 0.0573830239319 0.0393130767895
v -0.0859882542726 0.0588742823096 0.0436137585
v -0.0810682919264 0.053287416199 0.043890449319
v -0.0767478416084 0.0483813263215 0.0441334245397
v -0.0835351388154 0.0521494322749 0.0475731329491
v -0.0768787763745 0.0477150832817 0.0449166175271
v -0.0861654794596 0.0589222728397 0.0437524662586
v -0.0880405130705 0.0500710529895 0.0542990745107
v -0.0880466748542 0.0500694498059 0.0543154131826
v -0.0797675504993 0.0616082748061 0.0864296183226
v -0.0615574014486 0.0762941827762 0.0954553456517
v -0.0634935094543 0.071084661947 0.093670300426
v -0.06631112764 0.0757774155159 0.0938496971636
v -0.105324533694 0.019100148169 -0.106899412732
v -0.104007310024 0.0188094192947 -0.107042361782
v -0.103563477382 0.0202779857575 -0.107423060063
v -0.105259876621 0.0203702866695 -0.107179075726
v -0.112983162145 0.0207905098581 -0.106068275479
v -0.108869865113 0.0167289436931 -0.105845213998
v -0.105609142375 0.0135092294241 -0.105668387079
v -0.11421155667 0.0134350804182 -0.102650705402
v -0.106403411199 0.0106129055782 -0.104214804448
v -0.115196670974 0.0210304441523 -0.105397111803
v -0.108052294267 0.0265432988949 -0.0526963059577
v -0.107692652272 0.0268592674166 -0.0523686723264
v -0.101324189281 0.0424287139365 -0.0419872767108
v -0.0959788459814 0.0371505963301 -0.0416974021451
v -0.0917414465656 0.0329664885548 -0.0414676106712
v -0.0864913297606 0.0456080211562 -0.0323512189523
v -0.0771567695377 0.0631950817707 0.0302273168033
v -0.0741844933124 0.0613177644358 0.0291081269698
v -0.0736043865835 0.0647284466637 0.0243169034195
v -0.0786009828707 0.0661183292348 0.0283363912438
v -0.0842909141931 0.0677010739518 0.0329136290987
v -0.0789455708934 0.0624229563454 0.0332035036644
v -0.0747081714776 0.0582388485701 0.0334332951383
v -0.0815870665545 0.0611816630525 0.0370158948379
v -0.074904117817 0.0572198556577 0.0346685521223
v -0.0844773862793 0.0677468591666 0.0330456703592
v -0.0861523691536 0.0590363332003 0.0436048586545
v -0.0862085617628 0.0590115847826 0.0436955097705
v -0.0667499869064 0.0893869156138 0.0972341831466
v -0.0626366898742 0.0853253494489 0.0974572446273
v -0.0593759671359 0.0821056351799 0.0976340715465
v -0.0565322389616 0.0900584820624 0.0993887445297
v -0.104641841274 0.0287121568595 -0.108864398881
v -0.101227516229 0.027943974377 -0.109244451891
v -0.100054934428 0.03179206865 -0.110158735464
v -0.104396155643 0.0320282740597 -0.109534360049
v -0.114292090442 0.0222324272312 -0.106141284819
v -0.115251225283 0.0216358607638 -0.105597258371
v -0.101478050182 0.0425982073352 -0.0419958587568
v -0.101143114257 0.0428948919301 -0.0416767791143
v -0.0950920017336 0.0584734926205 -0.0313006606842
v -0.0899503228796 0.05280941149 -0.0310138683654
v -0.0855330381893 0.0479433240557 -0.0307674812698
v -0.0817371700638 0.0604118612036 -0.0213040203827
v -0.0825973155913 0.0547818646935 -0.0250068529959
v -0.0946754180537 0.0585866569169 -0.0309595476285
v -0.0814678813837 0.062174463322 -0.0201447620072
v -0.0807213820576 0.0613521185457 -0.0201031238033
v -0.0800800545577 0.0606456312108 -0.0200673518684
v -0.0787908267135 0.0633417373308 -0.0166534688107
v -0.0733560039561 0.0721287539697 0.0114125343861
v -0.0728538912724 0.0715865550147 0.0110766648407
v -0.0730435594465 0.0718689880636 0.00861915327789
v -0.0738173798856 0.0726511635938 0.010915447189
v -0.074167906346 0.0730054747571 0.0119556261969
v -0.0734214070199 0.0721831299808 0.0119972644008
v -0.07278007952 0.0714766426459 0.0120330363356
v -0.0763433868738 0.0712975968315 0.0190234235259
v -0.0730767419661 0.0687031454483 0.0174468937827
v -0.0782155234002 0.0746322473002 0.0166904691614
v -0.0829253766708 0.0765251783457 0.0221999863226
v -0.0777836978168 0.0708610972152 0.0224867786414
v -0.0733664131264 0.0659950097809 0.022733165737
v -0.0801404586564 0.0698030155593 0.0261728741464
v -0.0734840962155 0.0653686665661 0.0235163587244
v -0.0829521104872 0.0765326147811 0.0222214922124
v -0.0844447750937 0.0678705673504 0.0329050470527
v -0.0845112216833 0.0678383764248 0.0329953803692
v -0.0680589152031 0.090828832987 0.0971611738063
v -0.0517794517316 0.103418656744 0.102124419931
v -0.0554851380119 0.0930019026114 0.0999914494631
v -0.0619576370211 0.102749690571 0.0999782009114
v -0.103299728453 0.0388644661866 -0.11045358392
v -0.098221768995 0.0376309343312 -0.111078209477
v -0.0963471898045 0.0436017081098 -0.112018455687
v -0.102486368816 0.0439357402223 -0.111135489294
v -0.0951079726567 0.0585049283224 -0.0313017392492
v -0.0950563806403 0.0585513144802 -0.03124863632
v -0.0877437510393 0.0745273102306 -0.0205685905789
v -0.0844650912853 0.0680738967232 -0.0203471727106
v -0.0801160369618 0.0724093632931 -0.013420805867
v -0.0867591203836 0.0749566379486 -0.0192844799675
v -0.0793530619321 0.0781858956975 -0.00962583467635
v -0.0776614498823 0.0748562815043 -0.00951159496804
v -0.0755236445093 0.0706484212487 -0.00936722246709
v -0.0758840087772 0.0774934802393 -0.00169560255849
v -0.0745750885741 0.0720557986886 -0.0051961104298
v -0.0780946115335 0.080053065186 -0.00409201488647
v -0.0769197369195 0.0817962328425 0.001074294725
v -0.0752281248697 0.0784666186494 0.00118853443332
v -0.0730903194967 0.0742587583937 0.00133290693427
v -0.0763574343932 0.0787221512873 0.00734798102124
v -0.0730732962526 0.0733887498403 0.00398550352941
v -0.0781740806646 0.083064119983 0.00479653021861
v -0.0804437760016 0.0853583216657 0.0115317976252
v -0.0771651162476 0.0789049081583 0.0117532154934
v -0.0790353090334 0.0781445918826 0.0151352577186
v -0.0807474931029 0.0854803882136 0.0118870814282
v -0.0829413475939 0.0765566140476 0.0221989077576
v -0.0829546546158 0.0765498247326 0.0222150249786
v -0.0594509933862 0.107123740085 0.100803378559
v -0.049466528749 0.110054626377 0.103069035902
v -0.0472258661714 0.116483274859 0.103984140154
v -0.0543558639372 0.116014652291 0.102480675993
v -0.100524056716 0.0501913718589 -0.111225789337
v -0.0947186704373 0.0485338053849 -0.112101221855
v -0.092263720185 0.0559688127257 -0.112225989683
v -0.0986035408638 0.0563137617312 -0.111314166036
v -0.0875686090898 0.0752603363827 -0.0205713802934
v -0.0865959558537 0.0761526371978 -0.0194677362059
v -0.0763837057901 0.0906136191156 -0.00967313148798
v -0.0779419919783 0.0840916834409 -0.00964831062959
v -0.0767856497786 0.0858073544567 -0.00456349413141
v -0.0753401246874 0.0921619858975 -0.00508416257413
v -0.0739503807776 0.0942239562607 0.00102699791338
v -0.0755086669658 0.0877020205859 0.00105181877176
v -0.0771058590467 0.0871615643719 0.00456740684612
v -0.0749905564016 0.095275362865 0.0041136945567
v -0.0802686340521 0.0860913478178 0.0115290079107
v -0.0806353725075 0.0858862088488 0.0118693379084
v -0.0521364479978 0.122169603066 0.102617859495
v -0.0446974449187 0.124052544073 0.104109738737
v -0.0430480056068 0.128990427818 0.10419167415
v -0.0498378433156 0.128544162435 0.102759937705
v -0.0943939995069 0.0642667163135 -0.110086343585
v -0.0899492588426 0.0625325243905 -0.111059984723
v -0.0875985816897 0.0691989425181 -0.10987573456
v -0.0916662006311 0.0694202612556 -0.109290709947
v -0.0811164033437 0.0957977044855 -0.031236165032
v -0.0696957224581 0.0989001143486 -0.0218845184295
v -0.0674922829938 0.099498675187 -0.020080266355
v -0.0834078869448 0.0878174433267 -0.0200049180864
v -0.0666793253451 0.0983749182354 -0.0125255341426
v -0.0670456646685 0.0996934138185 -0.019497807006
v -0.0665133803535 0.0977776639288 -0.00936722246709
v -0.0651236364436 0.099839634292 -0.00325606197958
v -0.0640800553409 0.101388001074 0.00133290693427
v -0.0609246205664 0.109472413253 0.0114349815181
v -0.0600047309391 0.110140084299 0.0114634914732
v -0.0601338289334 0.11027057619 0.0118465867279
v -0.0601923079561 0.110329686622 0.0120201218491
v -0.0648096489162 0.112185436164 0.0174214194686
v -0.0689497782808 0.113849390211 0.0222644819748
v -0.0696826883791 0.114053260788 0.0228540679743
v -0.0499385080043 0.133023140266 0.101516407016
v -0.0412409786998 0.134841409643 0.103010709782
v -0.039451813918 0.1406345556 0.101841419027
v -0.0500938538306 0.139935102355 0.099597389486
v -0.0908601435968 0.0769958163339 -0.105927146686
v -0.0837174899696 0.079423384714 -0.105668387079
v -0.0818004625194 0.0841100817089 -0.102543391237
v -0.0879842686487 0.0847803781812 -0.100668383556
v -0.0801632116221 0.101027839519 -0.0525676284723
v -0.0715493693061 0.101736714452 -0.0435410060893
v -0.0688028699402 0.102537694505 -0.0429211933029
v -0.0689043539808 0.103244105912 -0.0458349657602
v -0.0737320526203 0.100492805521 -0.0416480161133
v -0.0687522429812 0.102185289722 -0.0414676106712
v -0.0684375418133 0.101092248652 -0.0355921589101
v -0.0777001870949 0.0983135752192 -0.0377329461177
v -0.0681791222482 0.100194688597 -0.0307674812698
v -0.0679089892801 0.100045849424 -0.0279970482069
v -0.0671357988222 0.0996198331975 -0.0200673518684
v -0.0671221053642 0.0996310117918 -0.0199808248605
v -0.0598358237845 0.110450844633 0.0120330363356
v -0.0597808781647 0.110562875399 0.0121868095555
v -0.0560124971854 0.118246374322 0.022733165737
v -0.0533094689774 0.1240454118 0.0294695240179
v -0.0566987775323 0.125765165536 0.0332528896962
v -0.0517189678933 0.127457649737 0.0334332951383
v -0.0498847114428 0.131463649781 0.0378006502274
v -0.0535896391597 0.132373335058 0.0404241170203
v -0.0582632865089 0.133520873825 0.0437335361399
v -0.0597709798953 0.13392913975 0.0449135533467
v -0.0398664833875 0.148711787219 0.0955889775986
v -0.0372364588174 0.149308732227 0.0960715736256
v -0.0369886029041 0.150597673983 0.0945090757046
v -0.0438069799276 0.149856463011 0.0922060577523
v -0.044626968358 0.14559222209 0.0973753119393
v -0.0374843147307 0.14801979047 0.0976340715465
v -0.0387492494309 0.143271712343 0.100339038267
v -0.0509984071899 0.141207344553 0.0985583247227
v -0.0893855342042 0.0893493258991 -0.095384751443
v -0.0784535959545 0.0915563569408 -0.0949682576779
v -0.0767703218993 0.0947520339038 -0.0895766600347
v -0.0871266235672 0.0915597218072 -0.0920260202477
v -0.082087780018 0.0964903458786 -0.0845338597618
v -0.0751129812794 0.0978984765298 -0.0842681282766
v -0.073698250384 0.0999239612672 -0.077835293501
v -0.0811025974602 0.0981121245622 -0.0792795643276
v -0.0800839974898 0.0997889140119 -0.0738470430847
v -0.0727597724412 0.101267589766 -0.0735679988752
v -0.0718924919059 0.102000040679 -0.0681581764776
v -0.0806386741352 0.100108818905 -0.0697017892502
v -0.0814998194151 0.100605476896 -0.063266209524
v -0.0710443715882 0.102716310069 -0.0628678694739
v -0.0705840847515 0.102860208991 -0.0592918046623
v -0.0821231523836 0.100509077032 -0.0612344006138
v -0.0696671234191 0.103146877512 -0.0521677400725
v -0.069501631036 0.103167972431 -0.0507937653696
v -0.0477671983059 0.135639911817 0.0441334245397
v -0.0469984376145 0.137135860822 0.0464908024563
v -0.0547332442769 0.140319185491 0.0544352138909
v -0.0442777964499 0.142430018665 0.054833553941
v -0.042677168431 0.145361792946 0.0602685182965
v -0.0526616330682 0.142430906654 0.058002860954
v -0.0484507723264 0.146723296897 0.065254639133
v -0.0411265472778 0.148201972652 0.0655336833424
v -0.0396054246802 0.150532918999 0.072009350533
v -0.0470444277594 0.148649977993 0.0705174712914
v -0.0455879048295 0.150645403054 0.0759680812586
v -0.0386131060909 0.152053533705 0.0762338127438
v -0.0378462985408 0.152494992927 0.0816104509794
v -0.0465438278454 0.15067672355 0.0801161482135
v -0.0480190089906 0.150725057365 0.0865174483801
v -0.0370870707409 0.152932088406 0.0869339421451
v -0.0370519093514 0.152098503985 0.0896389088656
v -0.0493010671104 0.150034136195 0.0878581953213
v -0.150206984808 -0.153464195989 -0.0971669978333
v -0.146986495445 -0.153389576446 -0.0970041766481
v -0.147046679203 -0.151962777232 -0.10163411489
v -0.156277496067 -0.152124979503 -0.102268226183
v -0.1519969858 -0.154314601424 -0.0946368172248
v -0.146953068446 -0.154182043012 -0.0944326366424
v -0.152723837003 -0.153909820547 -0.0892879550738
v -0.146169572839 -0.1537309763 -0.0889389864589
v -0.153434711797 -0.153513936876 -0.0840566625327
v -0.145427033096 -0.153303488311 -0.0837325072411
v -0.152316961441 -0.151959868681 -0.0797426912934
v -0.144385000925 -0.15170669323 -0.0792964062006
v -0.150659562326 -0.149655497908 -0.0733459390343
v -0.142913591909 -0.149451927258 -0.0730323778397
v -0.147889941266 -0.146715983708 -0.0679063628117
v -0.14128899326 -0.146476247412 -0.0675160207316
v -0.145163135024 -0.143821910657 -0.0625508755167
v -0.139762342737 -0.143679973271 -0.0623322484383
v -0.139607983217 -0.138313528904 -0.0538731203033
v -0.13695077638 -0.138208882018 -0.0537106780149
v -0.138223942151 -0.136941140385 -0.0517110966545
v -0.136272940881 -0.136889866423 -0.051632119037
v -0.134405876669 -0.133207551895 -0.0460483537828
v -0.140206846481 -0.133142213534 -0.0459529954437
v -0.116042364074 -0.104455696751 0.0433773168261
v -0.114518934535 -0.104415432035 0.0434575777686
v -0.115045568629 -0.104482560826 0.039085280321
v -0.122520675681 -0.10468413526 0.0383644496373
v -0.116324017037 -0.10444810608 0.0445900679577
v -0.114373015768 -0.104396832118 0.0446690455752
v -0.117725548802 -0.104218250143 0.0517314634163
v -0.113434780993 -0.104103512906 0.0519583879912
v -0.118396559886 -0.104108202062 0.0551505478982
v -0.112995767599 -0.103966264675 0.0553691749766
v -0.118713162788 -0.103410882869 0.0604820130536
v -0.112119302675 -0.103226057202 0.0608362866936
v -0.119026337163 -0.102721115022 0.0657557431834
v -0.111280366746 -0.102517544372 0.0660693043779
v -0.118176052627 -0.101354222389 0.0701014970228
v -0.110297115618 -0.101109813644 0.0705401843667
v -0.116934836609 -0.0993588797005 0.0764452784877
v -0.108927157907 -0.0991484311356 0.0767694337793
v -0.113727399225 -0.0960926120826 0.0819501541962
v -0.107186787162 -0.0958443567445 0.0823439145251
v -0.110630460586 -0.0929388699581 0.0872653825982
v -0.105586543232 -0.0928063115466 0.0874695631806
v -0.102404766096 -0.0857273354885 0.0946710414277
v -0.106532987294 -0.0857211549084 0.0946198699829
v -0.148509644729 -0.144637404347 -0.107867127235
v -0.145289155365 -0.144562784804 -0.107704306049
v -0.144621245971 -0.142055709943 -0.109132579529
v -0.14965261384 -0.142123006425 -0.109415872785
v -0.1557638473 -0.149453817309 -0.105506297532
v -0.146491695183 -0.14907665655 -0.105132766044
v -0.158063628188 -0.150848950752 -0.103998518077
v -0.146769187193 -0.150519716891 -0.103383440467
v -0.142747549396 -0.128941235275 -0.0413546029388
v -0.13225704202 -0.128514515818 -0.0409319896356
v -0.138594918644 -0.125197676362 -0.0370230546779
v -0.13039376721 -0.124517073089 -0.0362884248156
v -0.132249780248 -0.119477591717 -0.0304045338343
v -0.127963512728 -0.119303240402 -0.0302318602343
v -0.124428610262 -0.112095789924 -0.0203389272524
v -0.125310194774 -0.112077463416 -0.0202996443014
v -0.133805463716 -0.111900862528 -0.0199210995013
v -0.136702276151 -0.111764380853 -0.0195668610783
v -0.126505488678 -0.101069851092 0.0121792887028
v -0.11922438705 -0.101243420329 0.020583070503
v -0.116039760401 -0.10111773548 0.0207779295372
v -0.116761504853 -0.100720065223 0.0133758537906
v -0.120083155185 -0.101425905992 0.0230961131725
v -0.115796887665 -0.101251554677 0.0232687867725
v -0.122684863931 -0.102462210257 0.0279243452423
v -0.115524668758 -0.102197043528 0.028351097297
v -0.125714274308 -0.10366887526 0.0335463028707
v -0.115223766932 -0.103242155802 0.0339689161739
v -0.126618357726 -0.104068569841 0.0349960494916
v -0.115164457361 -0.103654998624 0.0356717907765
v -0.109530672061 -0.0808574115533 0.0977961610936
v -0.100258519944 -0.0804802507944 0.098169692582
v -0.096568869144 -0.0707601452037 0.102169506067
v -0.10461849633 -0.0707825592627 0.10196797007
v -0.149329156844 -0.136256237262 -0.110688213877
v -0.14277489268 -0.136077393015 -0.110339245262
v -0.141025054282 -0.130411582161 -0.111482834652
v -0.149012809532 -0.130518421463 -0.111932588526
v -0.123979891431 -0.111025075167 -0.0195317308329
v -0.12347477391 -0.109940295124 -0.0182760919582
v -0.126833509266 -0.10241896947 -0.00911526161582
v -0.119675450924 -0.101780946886 -0.00883160143157
v -0.125688851755 -0.100720635088 -0.00408182653045
v -0.118417000525 -0.0999137773971 -0.00329778164169
v -0.124400184254 -0.0988086323249 0.00158486778554
v -0.117242125911 -0.0981706097406 0.00186852796979
v -0.126333975879 -0.099632646392 0.00486390674068
v -0.11704201349 -0.0988908363891 0.00567712375256
v -0.116679916393 -0.100194063732 0.0125686573711
v -0.116717424843 -0.100435881022 0.0129397476706
v -0.100936597092 -0.0642739493915 0.103158256531
v -0.0943341428188 -0.0644225585784 0.103295341238
v -0.0919037306487 -0.0575300154113 0.10451976119
v -0.0971298077563 -0.05754456734 0.104388917533
v -0.147224941203 -0.125479493754 -0.111843079497
v -0.139292980687 -0.125226318303 -0.111396794405
v -0.136847193717 -0.117904429202 -0.111275300656
v -0.144573891824 -0.118007776764 -0.111710355599
v -0.0948677892657 -0.0502487900398 0.1042627965
v -0.0895264742834 -0.0503303100363 0.104398941995
v -0.0878202610291 -0.0451629107954 0.104312227194
v -0.09329566538 -0.0451781569718 0.104175141209
v -0.141100580948 -0.111408817139 -0.110706880417
v -0.134499632942 -0.111169080843 -0.110316538337
v -0.132293608157 -0.104839811087 -0.109415580432
v -0.137680963039 -0.104911869033 -0.109718917685
v -0.115289817978 -0.0757114109673 -0.0121769445963
v -0.111512790664 -0.0760187807756 -0.0122435620487
v -0.111551040284 -0.0740639538188 -0.0182036957851
v -0.120843329516 -0.0736261528831 -0.0170673826972
v -0.117215264117 -0.0765598406591 -0.00907320702187
v -0.111490894143 -0.0771378483813 -0.00883160143157
v -0.110277670031 -0.0753377813722 -0.00349665647896
v -0.115879552691 -0.0745780385776 -0.00319964511678
v -0.114781939104 -0.072949503514 0.00162692237948
v -0.10905756913 -0.0735275112363 0.00186852796979
v -0.104855084278 -0.0641291286041 0.0112406223233
v -0.106955727085 -0.0642540498529 0.0108364791788
v -0.0925627891702 -0.0393075324099 0.103222357154
v -0.0860069471469 -0.0393872748362 0.103402710266
v -0.0841125164053 -0.0333532713356 0.10245250697
v -0.0918221518962 -0.0333747386932 0.102259483239
v -0.13112128282 -0.0941795706925 -0.10737376731
v -0.128464075983 -0.0940749238069 -0.107211325022
v -0.127540820927 -0.0914796364053 -0.106679905031
v -0.129486968021 -0.091505666872 -0.106789483651
v -0.112273582614 -0.0674205489921 -0.0314388277183
v -0.110887865937 -0.0674752110548 -0.0314253669488
v -0.110704555611 -0.0664995808277 -0.0326453159067
v -0.113417952028 -0.0664632753387 -0.0325837548175
v -0.113700362663 -0.0682580227901 -0.0303417189535
v -0.111067203035 -0.068429694617 -0.0302318602343
v -0.1113311783 -0.070897599362 -0.0254145182538
v -0.118106582731 -0.0705832821323 -0.0254496446978
v -0.123010011124 -0.0731709292543 -0.0200055371789
v -0.111653536641 -0.0739113274819 -0.0195317308329
v -0.111624823123 -0.0739540845054 -0.0191596926458
v -0.12333359013 -0.0732494909756 -0.0191151087959
v -0.115710036086 -0.0623399178192 0.0120948510252
v -0.104353561604 -0.0630803160468 0.0125686573711
v -0.103374321594 -0.0607992515476 0.0144901732829
v -0.110605556038 -0.0579709620633 0.0160787090465
v -0.1015337376 -0.0502063370649 0.0231589280532
v -0.0989005779719 -0.0503780088918 0.0232687867725
v -0.0974402387667 -0.0468192440208 0.0256822424449
v -0.108639907191 -0.0471437023853 0.0245359762397
v -0.0917491006932 -0.0295881912 0.101332025146
v -0.0829941287488 -0.0296830274904 0.101580479567
v -0.0806039734512 -0.0218391884431 0.0997168315693
v -0.0916001953293 -0.0218698072483 0.0994415226036
v -0.130781309358 -0.0841259596313 -0.105372123116
v -0.125033434782 -0.0844674127093 -0.105132766044
v -0.122477880658 -0.0776592860251 -0.102580384837
v -0.132921621354 -0.0778428015769 -0.103297817976
v -0.11132412139 -0.0592065370283 -0.0425651703563
v -0.109445877198 -0.0592726954796 -0.0425417511486
v -0.109190523956 -0.0579447648597 -0.0441515126616
v -0.112840841905 -0.0579036500459 -0.0440915074783
v -0.113318137685 -0.0603857633542 -0.041082607454
v -0.10970123044 -0.0606006260995 -0.0409319896356
v -0.110177246635 -0.0633993179509 -0.0370004717126
v -0.118053959647 -0.0631041006596 -0.0370870918862
v -0.0962848625966 -0.0351134033389 0.0338182983555
v -0.092667955352 -0.0353282660842 0.0339689161739
v -0.0906929402384 -0.0304998024143 0.0371884391999
v -0.100707389435 -0.0307698529861 0.0362227376771
v -0.0798913263025 -0.0124363779022 0.0964222875447
v -0.077869772222 -0.0124779584879 0.0964668179793
v -0.0774055835359 -0.0107852812488 0.0956173113748
v -0.0804172568177 -0.0107807723122 0.095579980121
v -0.0845481341195 -0.0155295538756 0.0979303355096
v -0.0788002595429 -0.0158710069535 0.098169692582
v -0.0802126351279 -0.0205443167196 0.0993811603886
v -0.0916135236595 -0.0204244652598 0.0990552400773
v -0.128410878167 -0.0722369265088 -0.101223831086
v -0.120209726734 -0.0715563232362 -0.100489201224
v -0.117251391649 -0.0635962775168 -0.0977616871062
v -0.121518550989 -0.0636712592809 -0.098054819769
v -0.108878902455 -0.0497669657077 -0.052839086521
v -0.107493185778 -0.0498216277704 -0.0528256257515
v -0.107297979285 -0.0488283471375 -0.0539932633549
v -0.109957549039 -0.0487940176576 -0.0539366311287
v -0.110378563219 -0.0506573375291 -0.0517442365337
v -0.107692717088 -0.0508369146209 -0.051632119037
v -0.108479906555 -0.0545725263087 -0.047700601114
v -0.116356619568 -0.0542773090174 -0.0477872212876
v -0.088478638106 -0.0181643032237 0.0445569280785
v -0.0857927919751 -0.0183438803155 0.0446690455752
v -0.0843241547245 -0.014741962562 0.0470301898931
v -0.0955705770181 -0.0150627581096 0.0458939516404
v -0.0818386796267 -0.00497931526055 0.0929584486065
v -0.0758122207455 -0.00510912194199 0.0930873820575
v -0.074370742361 2.5967817313e-05 0.0907986136444
v -0.0830682211829 3.89892766707e-05 0.0906908038792
v -0.12192408316 -0.0501133210322 -0.0948220053108
v -0.113544819848 -0.0508931937918 -0.0944692439531
v -0.112675273655 -0.0509741239838 -0.0944326366424
v -0.112207465704 -0.0498041387888 -0.0937457791387
v -0.113014562493 -0.0441029072057 -0.0575500329019
v -0.106239158062 -0.0444172244354 -0.0575149064579
v -0.104946158685 -0.0390304992976 -0.0618154269173
v -0.116416536597 -0.0388824407228 -0.0615711795024
v -0.0832284882969 -0.00353172689206 0.0525588042359
v -0.0794758675118 -0.00237295571104 0.0534476590648
v -0.0784146451405 0.000334447172632 0.0548523534555
v -0.0791116595875 0.000314565371525 0.0547819333293
v -0.0716497540792 0.0108051152725 0.0870976405723
v -0.0712247845019 0.0107832988367 0.0870984728812
v -0.0711533381221 0.0111080866638 0.0867827056769
v -0.0719163780867 0.011120608192 0.086806843338
v -0.080557557946 0.0112624104335 0.0870801945123
v -0.0721782946343 0.0104825376739 0.0874329558699
v -0.0713087484415 0.0104016074819 0.0874695631806
v -0.0735997890226 0.00263836165209 0.089960420416
v -0.0833045914037 0.00287221982019 0.0897689813241
v -0.084004997236 0.0112675717787 0.0870374617126
v -0.124745288444 -0.0495836544122 -0.0949443987113
v -0.111593393354 -0.0481527536285 -0.0931769977677
v -0.106974549029 -0.0357315935196 -0.0888988168525
v -0.114053232349 -0.035956836841 -0.0896828617413
v -0.10680311758 -0.0315774527562 -0.0656775916031
v -0.103026090267 -0.0318848225646 -0.0657442090555
v -0.10215312529 -0.0285780217088 -0.0676974328871
v -0.107962934992 -0.0284443319417 -0.0674004215249
v -0.113600775801 -0.035962214245 -0.0627248575226
v -0.104551016429 -0.0376612595025 -0.0623322484383
v -0.104835462805 -0.0386469179366 -0.0619602102512
v -0.116544229812 -0.0379423244068 -0.0619156264014
v -0.0868342006624 0.00375149435044 0.0549765658923
v -0.0777844412902 0.00205244909294 0.0553691749766
v -0.0729463483514 0.0147562271583 0.0607343594253
v -0.0804795371703 0.0144703410101 0.059763628939
v -0.0734819274605 0.0183565513916 0.0836994422333
v -0.0692028557747 0.0180650458461 0.0836609673979
v -0.0681249246125 0.0219097989691 0.0819357433908
v -0.0742725252923 0.0220106814377 0.0821302138094
v -0.0833787632303 0.0117920770535 0.0869578011118
v -0.0839937422396 0.0113601993145 0.0870221870659
v -0.112110131119 -0.0301063019502 -0.0896828617413
v -0.104838279889 -0.0292994442595 -0.0888988168525
v -0.102843883937 -0.0232944647323 -0.0888988168525
v -0.109922567257 -0.0235197080538 -0.0896828617413
v -0.105695512215 -0.0216172887244 -0.0674004215249
v -0.100093629554 -0.0223770315189 -0.0676974328871
v -0.0980224601982 -0.0161408929216 -0.0676974328871
v -0.1038322699 -0.0160072031544 -0.0674004215249
v -0.0786670646692 0.0199275624058 0.059763628939
v -0.070875178996 0.0209923657557 0.0607343594253
v -0.0688156832593 0.0271933559456 0.0607343594253
v -0.0763488720782 0.0269074697973 0.059763628939
v -0.0721047966491 0.028537552949 0.0821302138094
v -0.0661305286603 0.0279147784962 0.0819357433908
v -0.0639942595205 0.0343469277563 0.0819357433908
v -0.0701418602003 0.0344478102249 0.0821302138094
v -0.109532087883 -0.0128019346705 -0.0948220053108
v -0.111057915163 -0.0201915216121 -0.0914372578715
v -0.101765952775 -0.0194497116093 -0.0906240408596
v -0.0998154704275 -0.0124927524271 -0.0937457791387
v -0.095336019791 -0.0038273054023 -0.062414823348
v -0.0931843672594 -0.00343711485619 -0.0623322484383
v -0.0925541634091 -0.00171911293589 -0.0618154269173
v -0.10402454132 -0.00157105436109 -0.0615711795024
v -0.066630212312 0.0372261044657 0.0549559471707
v -0.0661333457448 0.0372622521733 0.0549971367894
v -0.0660226498644 0.0376458335344 0.0548523534555
v -0.0667196643114 0.0376259517333 0.0547819333293
v -0.0685694446527 0.0358864031931 0.0552866000669
v -0.0664177921211 0.0362765937393 0.0553691749766
v -0.0779263583079 0.0295871052178 0.0578317047087
v -0.0679427182827 0.0305001568013 0.0587811355937
v -0.0605971504945 0.0470190618501 0.0863343264826
v -0.0593754151957 0.0467680878653 0.0862139243059
v -0.0587613428459 0.0484194730256 0.0867827056769
v -0.0595243828105 0.0484319945538 0.086806843338
v -0.0681655626698 0.0485737967952 0.0870801945123
v -0.0716130019599 0.0485789581404 0.0870374617126
v -0.100553646176 -0.00414871226525 -0.0971183529119
v -0.097369019527 -0.00402302741534 -0.0969234938778
v -0.0965980661886 -0.00141063358057 -0.0977616871062
v -0.100865225529 -0.00148561534464 -0.098054819769
v -0.0996600601081 -0.0117862732451 -0.0944326366424
v -0.0997440240477 -0.0121679645999 -0.094061546343
v -0.0987241754821 0.00381657943211 -0.058822196763
v -0.0914929410378 0.000988289947782 -0.0604107325266
v -0.0866446538251 0.0133572967988 -0.0539932633549
v -0.0893042235786 0.0133916262786 -0.0539366311287
v -0.0710574322414 0.0426512713676 0.0500788419472
v -0.0647296504881 0.0430325586721 0.0505518329961
v -0.0636708292643 0.0474436813742 0.0470301898931
v -0.0749172515578 0.0471228858266 0.0458939516404
v -0.0582935348944 0.0495894582206 0.0874695631806
v -0.0537174169007 0.0622116117535 0.0907986136444
v -0.0714874239186 0.0487652570485 0.0870873393223
v -0.0624148957226 0.0622246332129 0.0906908038792
v -0.102316782977 0.00345928944984 -0.100477207574
v -0.0951565878041 0.00372445617873 -0.100050455519
v -0.0935632250137 0.00940061548558 -0.102580384837
v -0.10400696571 0.00921709993377 -0.103297817976
v -0.0964861832304 0.0160601248106 -0.0520817980401
v -0.0851760165745 0.0169592145523 -0.051632119037
v -0.0802758683112 0.029115136651 -0.0441515126616
v -0.0839261862604 0.0291562514648 -0.0440915074783
v -0.0675977805004 0.0529220251767 0.0403830470734
v -0.0624889019946 0.0531878605455 0.0407375276522
v -0.061778284594 0.0565600990964 0.0371884391999
v -0.0717927337905 0.0562900485246 0.0362227376771
v -0.0745862581173 0.048553159116 0.0442193665721
v -0.0632760914614 0.0494522488576 0.0446690455752
v -0.0758586166123 0.0477700279351 0.0449886158501
v -0.0634756227711 0.0484369620072 0.0458625522897
v -0.0559553506889 0.0705442079215 0.0935849572554
v -0.0507590818161 0.0701716574729 0.093526127762
v -0.0484909278915 0.0762746202619 0.0956173113748
v -0.0515026011733 0.0762791291985 0.095579980121
v -0.0922796029607 0.0191193862398 -0.106424494793
v -0.0907561734217 0.0191596509563 -0.10634423385
v -0.0903648350984 0.0204545226799 -0.106679905031
v -0.0923109821925 0.0204284922132 -0.106789483651
v -0.0997103247722 0.013938064962 -0.105433313321
v -0.0921685490067 0.0144863411903 -0.105132766044
v -0.104552936692 0.0106797215073 -0.104105632726
v -0.0930990363276 0.0110932927247 -0.103429891441
v -0.0884046189013 0.0332090711167 -0.0413346347645
v -0.0783008531976 0.033943600321 -0.0409319896356
v -0.0735285697829 0.0454345782575 -0.0326453159067
v -0.0762419661997 0.0454708837465 -0.0325837548175
v -0.0659004404209 0.0617488168189 0.029682917672
v -0.0607915619151 0.0620146521877 0.0300373982508
v -0.0602642529382 0.0651149150644 0.0256822424449
v -0.0714639213624 0.0647904566999 0.0245359762397
v -0.0713713438133 0.058481431132 0.033566271045
v -0.0612675781097 0.0592159603362 0.0339689161739
v -0.0733033232657 0.0572997894808 0.0347774306622
v -0.0615229313518 0.0578880297163 0.0355786776869
v -0.0534771495334 0.0825344707177 0.0978691453045
v -0.0459353737679 0.083082746946 0.098169692582
v -0.0434279876227 0.090094970642 0.0997168315693
v -0.0544242095008 0.0900643518369 0.0994415226036
v -0.0922654476095 0.0281836244902 -0.108770477604
v -0.0879746798008 0.0282983617272 -0.108543553029
v -0.0868562921443 0.0319686055724 -0.109415580432
v -0.0922436470263 0.0318965476266 -0.109718917685
v -0.0834232406427 0.048107851298 -0.0306835549354
v -0.0720682305777 0.0489933431285 -0.0302318602343
v -0.0713471077405 0.0582558146034 -0.0223421015736
v -0.0675944869554 0.0594145857844 -0.0214532467446
v -0.0673189912885 0.0616407705554 -0.0195597253119
v -0.0666152469461 0.0616956502836 -0.0195317308329
v -0.0661137242715 0.0627444628409 -0.0182036957851
v -0.0754060135032 0.0631822637766 -0.0170673826972
v -0.0598408519941 0.0725332710345 0.0121554295653
v -0.0593439854269 0.0725694187421 0.012196619184
v -0.0594177682654 0.0726792880556 0.0112406223233
v -0.0615184110725 0.0725543668068 0.0108364791788
v -0.0600190162508 0.0724717819905 0.0125406628922
v -0.0593152719084 0.0725266617187 0.0125686573711
v -0.0659654120029 0.0691316462942 0.0179784537431
v -0.0596376302496 0.0695129335988 0.018451444792
v -0.0712566155798 0.0661595370232 0.0228170920714
v -0.0599016055148 0.0670450288537 0.0232687867725
v -0.0724639364533 0.0654236112195 0.0235883570474
v -0.0600809426121 0.0660905452916 0.024462293487
v -0.0526980112128 0.0929349869106 0.100046589498
v -0.0425047325669 0.0926902580437 0.10024825156
v -0.0386752003926 0.103455145324 0.10245250697
v -0.0463848358836 0.103433677966 0.102259483239
v -0.0915557215163 0.0378177834067 -0.110720057368
v -0.0849618614027 0.038002609073 -0.110365783728
v -0.0831485475205 0.0437782450321 -0.111275300656
v -0.0908752456277 0.04367489747 -0.111710355599
v -0.0695507298942 0.0713041516822 -0.00913220017014
v -0.0619112394194 0.072142845473 -0.00883160143157
v -0.0684830241923 0.072888312259 -0.00443714746911
v -0.060691138519 0.0739531156089 -0.00346641698282
v -0.0671174048816 0.0749144888272 0.00156792923122
v -0.0594779144068 0.0757531826181 0.00186852796979
v -0.0694396579105 0.0737210634288 0.00433105770189
v -0.0594560178853 0.0746341150124 0.00528048858696
v -0.0430161518448 0.109920524865 0.103210193418
v -0.0364691756076 0.10978441508 0.103353464875
v -0.0341216148324 0.116519763439 0.104312227194
v -0.0395970191832 0.116504517262 0.104175141209
v -0.0893212712757 0.0487012355284 -0.1118007028
v -0.0814423342662 0.048945644273 -0.111362015456
v -0.0790650779009 0.0561453496481 -0.111482834652
v -0.0870528331507 0.0560385103461 -0.111932588526
v -0.0369696727967 0.123927388979 0.104302008303
v -0.0316758278626 0.12384165254 0.104433720943
v -0.0299437542678 0.129026916397 0.10451976119
v -0.0351698313755 0.129012364469 0.104388917533
v -0.0831752777939 0.0627896374771 -0.110652175028
v -0.0766346657308 0.0630378928152 -0.110258414699
v -0.0743999394056 0.0693754794405 -0.109132579529
v -0.079431307275 0.069308182958 -0.109415872785
v -0.0546763532843 0.0990730316945 -0.0199036534413
v -0.054251383707 0.0990512152587 -0.0199028211323
v -0.0542073036966 0.0993353994594 -0.0203389272524
v -0.0550888882094 0.0993537259667 -0.0202996443014
v -0.0635841571511 0.0995303268555 -0.0199210995013
v -0.0550430917396 0.0988678927256 -0.0195633234435
v -0.0542888921563 0.0988093979687 -0.0195317308329
v -0.0539267950593 0.0975061706259 -0.0126401972143
v -0.0582058667451 0.0977976761714 -0.0126017223789
v -0.0664809695862 0.0996668085301 -0.0195668610783
v -0.059803058826 0.0972572199574 -0.00908613430458
v -0.0537266826384 0.0967859439773 -0.00883160143157
v -0.0525518080244 0.0985291116338 -0.00366529182009
v -0.0585260760132 0.0991518860867 -0.00347082140141
v -0.0573697338134 0.100867557102 0.00161399509677
v -0.0512933576258 0.100396281122 0.00186852796979
v -0.0474940346393 0.108555629361 0.0113130184964
v -0.048715769938 0.108806603346 0.0114334206731
v -0.0562841821134 0.110361338291 0.0121792887028
v -0.0477431167019 0.109698904161 0.0125370647605
v -0.0469889171186 0.109640409404 0.0125686573711
v -0.046540198288 0.110711124161 0.0133758537906
v -0.0347876690754 0.134767868684 0.103191473804
v -0.0281939158697 0.134692727252 0.1033761718
v -0.026347562579 0.140671044179 0.102169506067
v -0.0343971897652 0.14064863012 0.10196797007
v -0.0748197833486 0.0791991500514 -0.105301990135
v -0.0707102886057 0.0790955850311 -0.105132766044
v -0.0685640424535 0.0843426697253 -0.10163411489
v -0.0777948593183 0.084180467455 -0.102268226183
v -0.0578259052692 0.102311913446 -0.0426793946729
v -0.0558043511887 0.102270332861 -0.0426348642383
v -0.0559232399201 0.103097895062 -0.0460483537828
v -0.0617242097316 0.103163233424 -0.0459529954437
v -0.058743053334 0.101933044131 -0.0410554441817
v -0.0557450416174 0.101857490039 -0.0409319896356
v -0.0554441397916 0.100812377764 -0.0353141707588
v -0.0614705986728 0.100942184446 -0.0354431042098
v -0.0638299461656 0.100085083271 -0.030588387387
v -0.0551719208844 0.0998668889139 -0.0302318602343
v -0.0549290481483 0.0997330697163 -0.0277410029989
v -0.0646338505294 0.0999669278844 -0.0279324420909
v -0.0670159581523 0.0996168130448 -0.0200624169726
v -0.0670203414448 0.0996281157365 -0.0199791069477
v -0.0597159831146 0.11044782448 0.0120379712314
v -0.0596060433621 0.110552798544 0.0121864335129
v -0.0516633211027 0.118136768996 0.0229122596198
v -0.0430052958215 0.117918574639 0.0232687867725
v -0.0405750413392 0.123132407326 0.0293253513538
v -0.0457713102119 0.123504957775 0.0293841808472
v -0.041709778246 0.127205404146 0.0338454616278
v -0.0387117665294 0.127129850054 0.0339689161739
v -0.0365629318804 0.131822886132 0.039085280321
v -0.0440380389315 0.131621311697 0.0383644496373
v -0.0262943915571 0.149162958356 0.0963643225862
v -0.024199621357 0.149135051128 0.0964203670049
v -0.023922129347 0.150578111469 0.0946710414277
v -0.0280503505446 0.150584292049 0.0946198699829
v -0.0285866081098 0.147795555807 0.0980004684908
v -0.0244771133669 0.147691990787 0.098169692582
v -0.0256796531842 0.143178119041 0.100741232588
v -0.0354859790405 0.143248343583 0.100439459794
v -0.0734116701063 0.0915043956152 -0.0947616557933
v -0.0653822653174 0.0914216457834 -0.0944326366424
v -0.063782021388 0.0944596909812 -0.0893069879869
v -0.0703844756613 0.0946083001682 -0.0894440726935
v -0.0672545987186 0.0978174892271 -0.0839461170658
v -0.0620416506423 0.0977637653723 -0.0837325072411
v -0.0606716929321 0.0997251478812 -0.0775032578284
v -0.0660130079145 0.0998066678777 -0.0776394033235
v -0.0651500907598 0.101189165537 -0.0732561786256
v -0.059688441804 0.101132878609 -0.0730323778397
v -0.058849505875 0.101841391439 -0.0677993601554
v -0.0654053478984 0.101921133865 -0.0679797132677
v -0.0656633081771 0.102660853643 -0.0626473708241
v -0.057973040951 0.102581598912 -0.0623322484383
v -0.0575340275564 0.102718847143 -0.058921461453
v -0.0662889995009 0.102813683433 -0.0591699158742
v -0.0675643897823 0.103125207057 -0.0520815768196
v -0.0565957927819 0.103012166354 -0.051632119037
v -0.056449874015 0.103030766271 -0.0504206512304
v -0.0678507625467 0.103150617731 -0.0507465715417
v -0.0456644646692 0.135618241362 0.0442195877926
v -0.0346958676688 0.13550520066 0.0446690455752
v -0.0340180321695 0.136824216255 0.0467476045531
v -0.0442113108154 0.137068945122 0.0465459424909
v -0.0388967330388 0.142374562239 0.0550540525908
v -0.0312064658128 0.142295307507 0.0553691749766
v -0.0296798152897 0.145091581649 0.0605529472699
v -0.0362267915268 0.145227691434 0.0604096758122
v -0.0335168655964 0.148123548423 0.065845503592
v -0.0280552166406 0.148067261494 0.0660693043779
v -0.0265838076242 0.150322027467 0.0723333327388
v -0.0318776525582 0.150407763905 0.0722016200988
v -0.0307547235301 0.151972546403 0.0765558239545
v -0.0255417754537 0.151918822548 0.0767694337793
v -0.0247992357107 0.152346310536 0.0819759129971
v -0.0313929889165 0.152421451969 0.0817912150017
v -0.0320451448926 0.152880127081 0.0871405440297
v -0.0240157401037 0.152797377249 0.0874695631806
v -0.0239823131048 0.152004910683 0.0900411031863
v -0.033788638961 0.152075135226 0.089739330393
v -0.135111604041 -0.151764907596 -0.0955235364347
v -0.133101582533 -0.151489905559 -0.0952729136228
v -0.133133783748 -0.150726499116 -0.0977501540413
v -0.140425656232 -0.151374443493 -0.0997857725314
v -0.136441205794 -0.152462984029 -0.0940266791718
v -0.133083697475 -0.151913913419 -0.0938970156069
v -0.137735198689 -0.152297992317 -0.087705325782
v -0.132082737103 -0.15133764994 -0.0868785638358
v -0.138602393458 -0.152187419878 -0.0834689465823
v -0.131557662125 -0.151035358718 -0.0831968862055
v -0.137171819467 -0.150219808102 -0.0780708711776
v -0.130070144617 -0.148755908326 -0.0768642813667
v -0.13576336033 -0.1482826131 -0.0727562431505
v -0.129044220938 -0.147183797665 -0.0724967568042
v -0.131801065598 -0.144202668442 -0.0656967125521
v -0.126756707067 -0.142993895791 -0.0647294578403
v -0.129694469094 -0.142033522094 -0.0619434373728
v -0.125892971766 -0.141411843677 -0.0617966274028
v -0.122802272747 -0.135397581797 -0.0523191063831
v -0.1235843228 -0.135237882854 -0.0518607596771
v -0.124734729762 -0.135002963394 -0.0511865250299
v -0.130677892666 -0.133899637892 -0.0480289896266
v -0.102834804649 -0.102509929089 0.0451146395823
v -0.102317803327 -0.102263023581 0.0535529402411
v -0.0993747778783 -0.101775786214 0.0539750700672
v -0.100346278928 -0.102079505422 0.0464272749923
v -0.102927893956 -0.102319813499 0.0557579860421
v -0.0991263966275 -0.101698135082 0.0559047960121
v -0.10364892828 -0.101737114378 0.0621077243208
v -0.0979959345815 -0.100743417521 0.0629562616534
v -0.104130135167 -0.101348230214 0.0663454390671
v -0.0974109957745 -0.100249414779 0.0666049254134
v -0.103108791859 -0.0996779743114 0.0717289329436
v -0.0960265303894 -0.0982672614832 0.0729001417716
v -0.102102518269 -0.0980323627027 0.0770329944381
v -0.0950577869363 -0.0968803015425 0.0773050548148
v -0.0973920721169 -0.0933773651374 0.0843002561677
v -0.0925733799976 -0.0921636827626 0.0852627148011
v -0.0950746805798 -0.0910872525633 0.0878755206513
v -0.0917171722612 -0.0905381819535 0.0880051842162
v -0.090014767928 -0.0867505881026 0.0918583226506
v -0.0960534476051 -0.0862518717444 0.0932291951468
v -0.133414263962 -0.142938115954 -0.106223665836
v -0.131404242453 -0.142663113917 -0.105973043024
v -0.131046878691 -0.141321707864 -0.10673723827
v -0.134332972282 -0.141499395669 -0.10731710438
v -0.139617907213 -0.147173852005 -0.104877868766
v -0.132047659295 -0.145078253158 -0.104597145008
v -0.1440212519 -0.150012448813 -0.102955159815
v -0.132590721521 -0.147902376137 -0.101173649525
v -0.122306980397 -0.134330912911 -0.0510964980015
v -0.121835316447 -0.133300802969 -0.0499734685831
v -0.127242387382 -0.127126357254 -0.0407460336791
v -0.117813006132 -0.124516112426 -0.0403963686001
v -0.113536663929 -0.115341709941 -0.029739072043
v -0.11356373223 -0.115336036341 -0.029722776399
v -0.113602687047 -0.115327871291 -0.0296993248417
v -0.119212208713 -0.113653147566 -0.0248491746942
v -0.101436061984 -0.0972761855656 0.0238013221651
v -0.106701718017 -0.100035525392 0.0300737405284
v -0.100956976427 -0.0986281319358 0.0311953766462
v -0.101350557563 -0.0972611197036 0.0238472406523
v -0.110209112294 -0.101853997239 0.0341548721304
v -0.100779731044 -0.0992437524104 0.0345045372094
v -0.112243568114 -0.102959702763 0.0362288488071
v -0.100642616246 -0.100198182849 0.0384413268762
v -0.100407055284 -0.101837878606 0.0452046666107
v -0.10038789752 -0.10191404358 0.0455900540354
v -0.093384731974 -0.0785774462495 0.0984245898599
v -0.0858144840559 -0.0764818474025 0.0987053136175
v -0.0838403428007 -0.0712811217802 0.100845406879
v -0.0925153388207 -0.0709260555608 0.101747833042
v -0.13434051853 -0.134644409032 -0.109105584585
v -0.128688056944 -0.133684066655 -0.108278822639
v -0.127450687002 -0.129677580082 -0.109087493393
v -0.134345575797 -0.130050405025 -0.11030416974
v -0.113508093697 -0.115270563204 -0.0296962391988
v -0.113326216657 -0.114836575553 -0.0293690621651
v -0.118929846099 -0.107965574307 -0.0193669979348
v -0.107559913755 -0.10107725638 -0.0189961097974
v -0.106186579287 -0.0981279114013 -0.0155822267397
v -0.108393123369 -0.0965908736865 -0.0110813591737
v -0.109656289908 -0.0957109752846 -0.0085047755671
v -0.108171520831 -0.0935080155795 -0.00197575820304
v -0.107222964895 -0.0921006381395 0.00219535383425
v -0.103969089742 -0.0919770388331 0.0106502308351
v -0.10031586015 -0.0900449775503 0.012039966009
v -0.10043931202 -0.0896006606685 0.00969039534893
v -0.111629871061 -0.0971345628715 0.0127333902693
v -0.100259938718 -0.0902462449451 0.0131042784067
v -0.1157507285 -0.100013829911 0.0132493079455
v -0.100759811258 -0.0934689274449 0.0180497734687
v -0.101341468634 -0.0972188774792 0.023804407808
v -0.101346307941 -0.0972413689156 0.0238272137139
v -0.0897545519681 -0.0657810794431 0.102571523243
v -0.0826446563598 -0.0678902070583 0.101447783033
v -0.0791752043053 -0.0580509919878 0.103195662002
v -0.085468381662 -0.0577934132307 0.103850316814
v -0.132079799229 -0.123739433175 -0.110171259382
v -0.124978124378 -0.122275533399 -0.108964669571
v -0.123272826438 -0.117170427124 -0.108879959397
v -0.129849048683 -0.11752602092 -0.110040403648
v -0.106269036258 -0.0880420270035 -0.0116413235608
v -0.105210333908 -0.0949950843497 -0.0161391525775
v -0.102530258565 -0.086394569855 -0.0176680747495
v -0.105368474342 -0.0844175213435 -0.0118787350112
v -0.10699325004 -0.0832857327029 -0.00856454776962
v -0.108194482398 -0.0888904566953 -0.00853758598635
v -0.106858770972 -0.0869086546138 -0.00266402408126
v -0.105780025928 -0.0814856656937 -0.00322960281701
v -0.104559925027 -0.0796753955578 0.00213558163174
v -0.105761157385 -0.0852801195503 0.002162543415
v -0.0965442415173 -0.0784856358614 0.011454675124
v -0.0958343025586 -0.0764597446403 0.0117762433588
v -0.0835420074508 -0.0516381484461 0.10375797819
v -0.0774941658885 -0.0529598366955 0.103110226661
v -0.0750917346858 -0.0456838873718 0.102988128006
v -0.0815952331859 -0.0454177002036 0.103664661711
v -0.12501170528 -0.108895501873 -0.108497230157
v -0.119967346749 -0.107686729222 -0.107529975446
v -0.118719240877 -0.104105809009 -0.107020239173
v -0.122439879763 -0.104306993832 -0.107676785416
v -0.104656882054 -0.0792850329935 -0.0223900000595
v -0.101639699048 -0.081588512164 -0.0237855758889
v -0.100803625226 -0.0775243156491 -0.0282393920656
v -0.105677475279 -0.0760692268192 -0.024025324278
v -0.110918629974 -0.0745044791209 -0.0194936745702
v -0.106728705653 -0.0802317375367 -0.0192448921838
v -0.102538781332 -0.0859589959525 -0.0189961097974
v -0.102535678574 -0.0861175689401 -0.0185126316003
v -0.10777515108 -0.0802234325634 -0.014853702401
v -0.111148862299 -0.0743441035501 -0.0190240509572
v -0.109242072091 -0.0802117905421 -0.00869807460059
v -0.108635460035 -0.0793117570375 -0.00603060212429
v -0.106808747079 -0.0766014533971 0.00200205480076
v -0.104231173308 -0.0740864988713 0.0057927706541
v -0.103618654936 -0.0636734676858 0.0126067136339
v -0.0994287306155 -0.0694007261016 0.0128554960203
v -0.0952388062948 -0.0751279845174 0.0131042784067
v -0.0892996057136 -0.0604557412718 0.0223475606749
v -0.0808186400121 -0.0403540986594 0.102955964758
v -0.0738274216169 -0.0416568890151 0.102353977378
v -0.0713839900619 -0.0338742479121 0.101128407783
v -0.0797721845227 -0.0335309204353 0.102000999092
v -0.116248029365 -0.0908690051834 -0.104687172037
v -0.115213076371 -0.0917043276698 -0.104633578234
v -0.114509512267 -0.092272182365 -0.104597145008
v -0.11390955393 -0.090661211916 -0.104034357023
v -0.103683068119 -0.071051067468 -0.0335024641823
v -0.0999919734946 -0.0728830167766 -0.0345665832075
v -0.0992439388691 -0.0689017615611 -0.0395448301047
v -0.105467775582 -0.0675972261269 -0.0357979593447
v -0.106268437822 -0.0723028333129 -0.0299833619178
v -0.100723794562 -0.0767779787755 -0.0296962391988
v -0.10075750791 -0.0770931648656 -0.0290809969832
v -0.107913099992 -0.0729003975649 -0.0265997558251
v -0.111356125732 -0.0741513712537 -0.0195163297647
v -0.111392788231 -0.0741349284505 -0.0192694295638
v -0.104056150694 -0.0633203598186 0.0125840584393
v -0.103549389098 -0.0628586587494 0.0131406539082
v -0.0941018127594 -0.0542511475877 0.023517285089
v -0.0885571694988 -0.0587262930503 0.023804407808
v -0.082597961886 -0.0442040377853 0.033652998714
v -0.086468955056 -0.0448861060122 0.0315741570831
v -0.0683891448032 -0.0227338419815 0.0983720486157
v -0.0680407785198 -0.0228326796716 0.0983199261929
v -0.0679323468254 -0.0224445874304 0.0981425256323
v -0.0684286957158 -0.0224035954712 0.0982552044096
v -0.0700148541262 -0.0222725994276 0.0986152865891
v -0.0689799011323 -0.023107921914 0.0986688803919
v -0.0682763370281 -0.0236757766092 0.0987053136175
v -0.0707512382406 -0.0317977286799 0.100635039562
v -0.079566065473 -0.0302751531394 0.101315752201
v -0.0790360566413 -0.021903363031 0.0995537272697
v -0.121646881856 -0.0869350656742 -0.104961000756
v -0.113348616049 -0.0891668447579 -0.10347411559
v -0.108564985203 -0.076423007909 -0.0986964239884
v -0.117647626409 -0.077230077192 -0.101231958231
v -0.102271963731 -0.0624588050065 -0.0443657181857
v -0.0983531363736 -0.0641992515892 -0.045362079789
v -0.097565435561 -0.060102918136 -0.0503277909779
v -0.104196119708 -0.0588719569398 -0.0468049832941
v -0.105164243612 -0.0639065567146 -0.0407018745704
v -0.0991408371862 -0.0682955850423 -0.0403963686001
v -0.0991897526048 -0.0685831785842 -0.0399923658644
v -0.107141077897 -0.0648317715706 -0.0378272203292
v -0.088130968524 -0.0386341966993 0.0341990312391
v -0.0821075620982 -0.043023225027 0.0345045372094
v -0.0760151350099 -0.0281286236359 0.0444359595872
v -0.0788441924689 -0.028585653887 0.0430390442247
v -0.0696745683555 -0.0147344226337 0.0952854408672
v -0.0660887197137 -0.0157217487606 0.0947685239507
v -0.0650155853677 -0.0118085338629 0.0928045925976
v -0.0702197055828 -0.0113787412559 0.0939860073524
v -0.0754137066169 -0.0183386599184 0.0983414578697
v -0.0789910259454 -0.0207513505856 0.0992894150897
v -0.10341864657 -0.0623671214376 -0.0939001012498
v -0.103383700623 -0.0623961340794 -0.0938982806655
v -0.10335941794 -0.0624162939211 -0.0938970156069
v -0.103331790522 -0.0623500501594 -0.0938482392143
v -0.10028838796 -0.0533974841836 -0.054902722985
v -0.0965972933356 -0.0552294334922 -0.0559668420102
v -0.0958007140095 -0.0511761522486 -0.0607316219124
v -0.101963888807 -0.0499175978929 -0.0571194862745
v -0.102994857989 -0.0547371466399 -0.0513873739587
v -0.0974115209449 -0.0593725155287 -0.0510964980015
v -0.0974924125253 -0.059756386942 -0.0506924952657
v -0.105443737818 -0.0560049799284 -0.0485273497306
v -0.0810949328758 -0.0222441123346 0.0449137906536
v -0.0755115958318 -0.0268794812233 0.0452046666107
v -0.0695185263774 -0.0121811319489 0.0548397905217
v -0.0741207990044 -0.0129771562956 0.0524122062032
v -0.0620070303309 -0.00101590828966 0.0879877039391
v -0.0619903478604 -0.00102497940989 0.0879823783103
v -0.0619874498652 -0.00100723403807 0.0879564078235
v -0.0620160179374 -0.00100023505879 0.0879765913173
v -0.0620521213563 -0.00099138997194 0.0880020985732
v -0.0620171754088 -0.00102040261371 0.0880039191576
v -0.0619928927263 -0.00104056245543 0.0880051842162
v -0.0640770194538 -0.00846500803189 0.0913143447794
v -0.0707443976105 -0.00655835461743 0.0923216994659
v -0.0714346979765 -0.000216511241265 0.0901320867362
v -0.108215027364 -0.0564637666117 -0.0941760378848
v -0.10314217618 -0.0618758257002 -0.0935698385733
v -0.0971305667607 -0.0468408225629 -0.0847433125906
v -0.107570490878 -0.0488927562298 -0.0909770260342
v -0.0978675217362 -0.0439778664247 -0.065190517665
v -0.0948503387301 -0.0462813455952 -0.0665860934943
v -0.0941726781777 -0.0424521876839 -0.0717365048565
v -0.0991509739168 -0.040824750118 -0.0670153485161
v -0.104129269656 -0.0391973125521 -0.0622941921756
v -0.099647858367 -0.0447130049241 -0.062036375792
v -0.0954805082465 -0.0498421528173 -0.0617966274028
v -0.0956654876713 -0.0506127899389 -0.0611813851872
v -0.102821079753 -0.0464200226383 -0.0587001440291
v -0.104615570163 -0.0390980073009 -0.0620091794265
v -0.0773626945178 0.000516396043372 0.0554072312393
v -0.0728812832287 -0.00499929632869 0.055665047623
v -0.0687139331082 -0.0101284442218 0.0559047960121
v -0.0628852320251 0.00396916106095 0.0658446734658
v -0.0642290358337 0.0062161162025 0.0843673417977
v -0.0608795044637 0.00402937076162 0.0830596891541
v -0.0599273434421 0.00835779593998 0.0788514811999
v -0.0652886183341 0.00967127105055 0.0826392502007
v -0.0668485021504 0.00491196485398 0.0877261619382
v -0.0714090024706 0.00194973679078 0.0895888938635
v -0.0977749093516 -0.0339234337891 -0.0834056813766
v -0.0969325188932 -0.0369915223127 -0.0833296683881
v -0.0954610013837 -0.0423509680881 -0.0831968862055
v -0.095026293431 -0.0420343344965 -0.0803399289856
v -0.0960849957813 -0.0350812771503 -0.0758420999689
v -0.0972448131932 -0.0319481563357 -0.0775649298908
v -0.0968092095629 -0.0303249828496 -0.0727653241778
v -0.0957256663383 -0.0342713790833 -0.0726675508021
v -0.0938328946296 -0.0411650838965 -0.0724967568042
v -0.0940489781763 -0.041983610729 -0.072013278607
v -0.0992884506822 -0.0360894743523 -0.0683543494078
v -0.0994811674266 -0.0294515022792 -0.0702313785324
v -0.104282808804 -0.038638104299 -0.0623080467598
v -0.104603427913 -0.0388277618817 -0.0620699471692
v -0.0775162336653 0.00107560429644 0.0553933766552
v -0.0758501541037 0.00251376191864 0.0567636880529
v -0.0651759843995 0.0166094000359 0.0663363580399
v -0.0640924411749 0.0126630038022 0.0664341314155
v -0.0621996694662 0.005769298989 0.0666049254134
v -0.0617003940452 0.00669966246252 0.0682545286962
v -0.0614092250783 0.0159626119045 0.0743069040472
v -0.062986711308 0.0186422473249 0.0723749798168
v -0.0612750341631 0.0202316233865 0.0770962596437
v -0.0604326437047 0.0171635348629 0.0771722726323
v -0.0589611261951 0.0118040890875 0.0773050548148
v -0.0596261154922 0.00943221250925 0.0783693672124
v -0.0652095703945 0.01446534844 0.0814544890937
v -0.0650990447085 0.0211684794095 0.079797943272
v -0.0936442442595 -0.0214863050019 -0.0834056813766
v -0.0952544553366 -0.0263345321259 -0.0834056813766
v -0.0949773904156 -0.0251211131184 -0.0775649298908
v -0.0931141481011 -0.0195110275484 -0.0775649298908
v -0.0926785444709 -0.0178878540624 -0.0727653241778
v -0.0947497138263 -0.0241239926597 -0.0727653241778
v -0.0984514195583 -0.0263510071843 -0.0702313785324
v -0.0953505023345 -0.017014373492 -0.0702313785324
v -0.0610453193075 0.0290465288231 0.0663363580399
v -0.0631164886629 0.0228103902258 0.0663363580399
v -0.060668518717 0.0256221547165 0.0723749798168
v -0.0588560462159 0.0310793761122 0.0723749798168
v -0.057144369071 0.0326687521737 0.0770962596437
v -0.058754580148 0.0278205250497 0.0770962596437
v -0.063985655931 0.0245208111302 0.079797943272
v -0.0609683796164 0.0336056081968 0.079797943272
v -0.0886930290267 -0.0125359140533 -0.0856509337771
v -0.0850397994344 -0.0106038527705 -0.0842611986032
v -0.0847385714845 -0.00952943620119 -0.0847433125906
v -0.0951784956015 -0.011581369868 -0.0909770260342
v -0.0857047887314 -0.0129757293487 -0.0831968862055
v -0.0829655208814 -0.00787130272373 -0.0741463600869
v -0.0824662454604 -0.00694093925021 -0.0724967568042
v -0.0817806829015 -0.00514080132216 -0.0717365048565
v -0.092349792752 -0.0122989573759 -0.0691081351554
v -0.0867589786407 -0.00351336375625 -0.0670153485161
v -0.0917372743799 -0.00188592619034 -0.0622941921756
v -0.092223574887 -0.00178662093915 -0.0620091794265
v -0.0649706992416 0.0378277824051 0.0554072312393
v -0.0527673074835 0.0395321308096 0.0652104123371
v -0.0506169367503 0.0408119704678 0.0661214472163
v -0.0504932367489 0.0412805474227 0.0658446734658
v -0.050833020297 0.0399934436353 0.0666049254134
v -0.0496396214956 0.0408626942353 0.0744480975949
v -0.0492049135429 0.0411793278269 0.0773050548148
v -0.0475353481659 0.0456691823017 0.0788514811999
v -0.058056287667 0.0384317197186 0.0808230171792
v -0.052896623058 0.0469826574123 0.0826392502007
v -0.0827653211097 -0.000181477501406 -0.0939001012498
v -0.0987773277053 -0.011745913489 -0.0937519860681
v -0.0837864104628 -0.00520101102283 -0.0889515205448
v -0.0826784650614 -0.000164406223148 -0.0938482392143
v -0.0759519818184 0.00895680396063 -0.0617966274028
v -0.0751473885492 0.0110094916876 -0.0607316219124
v -0.0916680085415 -0.00107111725399 -0.0617602519013
v -0.0813105633471 0.0122680460433 -0.0571194862745
v -0.0504896913388 0.0488343756324 0.0548409799972
v -0.0490004272553 0.0494411496777 0.0552895537965
v -0.0488652009171 0.0500045119874 0.0548397905217
v -0.0534674735441 0.0492084876406 0.0524122062032
v -0.0491854066801 0.0486705125561 0.0559047960121
v -0.0498155761965 0.045109705334 0.0606942621036
v -0.0414186039089 0.0611165601737 0.0879507182308
v -0.0415237387468 0.060704185439 0.0876780071825
v -0.0413341244049 0.0611784098982 0.0879564078235
v -0.0413626924771 0.0611854088774 0.0879765913173
v -0.041398795896 0.0611942539643 0.0880020985732
v -0.0507813725162 0.061969132695 0.0901320867362
v -0.0863336370629 0.00588597431485 -0.0983278122878
v -0.0805888954728 0.00729336777068 -0.0972061761701
v -0.0796503295588 0.0106368936017 -0.0986964239884
v -0.088732970765 0.00982982431867 -0.101231958231
v -0.0826730222003 -0.000131077805784 -0.0938970156069
v -0.0826755670662 -0.000146660851329 -0.0938742097011
v -0.0733329152775 0.0234261241237 -0.0512361925636
v -0.0691543190948 0.0257078409621 -0.0510964980015
v -0.0686507799166 0.0269569833747 -0.0503277909779
v -0.0752814640639 0.0281879445709 -0.0468049832941
v -0.0480361534725 0.0582807631264 0.0445718047588
v -0.0471735024013 0.0585847466808 0.044800663875
v -0.0471004793655 0.0589312778748 0.0444359595872
v -0.0499295368245 0.0584742476237 0.0430390442247
v -0.0514329901643 0.055919158429 0.0450649720486
v -0.0472543939817 0.0582008752674 0.0452046666107
v -0.0608574261935 0.0493921408185 0.0465783985374
v -0.048068621591 0.0540577932309 0.0500750106195
v -0.0413064969866 0.0612446536599 0.0880051842162
v -0.0361009297233 0.0752513676478 0.0928045925976
v -0.0473633944949 0.0669148707111 0.0915221424096
v -0.0413050499384 0.0756811602548 0.0939860073524
v -0.0790720435365 0.0210651539018 -0.104687172037
v -0.0901781470808 0.0117885885859 -0.10287283341
v -0.0785771952129 0.0145501084994 -0.100660355341
v -0.0767335681012 0.0212729471692 -0.104034357023
v -0.0655926237837 0.0403273689835 -0.0404996062887
v -0.0625583528284 0.0418515847658 -0.0403963686001
v -0.0620679530405 0.0430323975241 -0.0395448301047
v -0.068291789753 0.0443369329583 -0.0357979593447
v -0.046338813393 0.0671075547686 0.0338716753574
v -0.0454761623218 0.067411538323 0.0341005344736
v -0.0454219760575 0.0677301212999 0.033652998714
v -0.0492929692275 0.067048053073 0.0315741570831
v -0.0485593486957 0.0655997289987 0.0344012995208
v -0.0455250777404 0.0671239447811 0.0345045372094
v -0.0581890370985 0.0590145681428 0.0364316661744
v -0.046312778553 0.0630276113279 0.0394702483983
v -0.031902191858 0.0886357532772 0.0979793714688
v -0.0313172988775 0.0879952044967 0.0975822841991
v -0.0307563609969 0.0894895716548 0.0981425256323
v -0.0312527098872 0.089530563614 0.0982552044096
v -0.0328388682977 0.0896615596576 0.0986152865891
v -0.0418600708127 0.0900307960542 0.0995537272697
v -0.0768577021343 0.0301388510523 -0.106949000779
v -0.073914676686 0.0306260884187 -0.106526870953
v -0.0732819248647 0.0327026076509 -0.107020239173
v -0.0770025637499 0.0325014228281 -0.107676785416
v -0.0763895778984 0.022504136348 -0.104597145008
v -0.0766251364068 0.0216610394103 -0.104211757584
v -0.061069690004 0.0548934026092 -0.0298627349376
v -0.0561087454277 0.0575546527891 -0.0296962391988
v -0.0553663092129 0.0592841010106 -0.0282393920656
v -0.0602401592663 0.0607391898405 -0.024025324278
v -0.0654813139613 0.0623039375388 -0.0194936745702
v -0.0657115462863 0.0624643131096 -0.0190240509572
v -0.0581813389236 0.0731349489739 0.0126067136339
v -0.0453976711003 0.075314750559 0.0227405917931
v -0.0439084070168 0.0759215246043 0.0231891655924
v -0.043862289701 0.0763526753879 0.0223475606749
v -0.0489030649411 0.0729450883344 0.0236379120692
v -0.0439421203649 0.0756063385143 0.023804407808
v -0.0574627460345 0.0670457241029 0.0251781397346
v -0.044673941432 0.0717113765154 0.0286747518168
v -0.0301564026596 0.0911005421038 0.0987053136175
v -0.0259466740493 0.102934168748 0.101128407783
v -0.040674980483 0.0921169241928 0.0999391306189
v -0.0343348685101 0.103277496224 0.102000999092
v -0.0764914870084 0.0394915518977 -0.109094346101
v -0.0708384933097 0.0404852487539 -0.108245808768
v -0.0695741802408 0.0445122471106 -0.108879959397
v -0.0761504024867 0.0441566533141 -0.110040403648
v -0.0494271086318 0.0739563442562 -0.0189961097974
v -0.048831612368 0.0752881043791 -0.0176680747495
v -0.0639687735473 0.0643013034141 -0.0181372177565
v -0.0516698281448 0.0772651528906 -0.0118787350112
v -0.0532946038431 0.0783969415313 -0.00856454776962
v -0.0520813797309 0.0801970085405 -0.00322960281701
v -0.0508612788305 0.0820072786763 0.00213558163174
v -0.0442806070861 0.0836660890206 0.0117097653303
v -0.0421302363529 0.0849459286788 0.0126208002095
v -0.0421356563619 0.0852229295938 0.0117762433588
v -0.0421271335941 0.0847873556913 0.0131042784067
v -0.0430262158785 0.0804168719028 0.0178937444982
v -0.031757893625 0.108475840537 0.102666893675
v -0.0246985681779 0.106515088961 0.101638144055
v -0.0213930884891 0.115998786862 0.102988128006
v -0.0278965869891 0.116264974031 0.103664661711
v -0.0742540105081 0.050377483606 -0.110173266879
v -0.0671717490381 0.0517881964343 -0.109002058051
v -0.0654907106213 0.0568793517266 -0.109087493393
v -0.0723855994161 0.0565065267836 -0.11030416974
v -0.0478305044424 0.0865769450421 -0.0112941311637
v -0.0481216734093 0.0773139956001 -0.0173465065147
v -0.0442266029064 0.0884290204073 -0.0155822267397
v -0.0464331469878 0.0899660581221 -0.0110813591737
v -0.0476963135272 0.0908459565241 -0.0085047755671
v -0.0501527574713 0.0853835196437 -0.00853100269299
v -0.0487871381606 0.0874096962119 -0.00252592599266
v -0.0462115444497 0.0930489162291 -0.00197575820304
v -0.0452629885146 0.0944562936691 0.00219535383425
v -0.0477194324587 0.0889938567887 0.00216912670836
v -0.0394555810187 0.0938234440885 0.0102473211867
v -0.0384793356393 0.0969562711401 0.00969039534893
v -0.0257144408366 0.122480225064 0.103756983906
v -0.0196877905482 0.121103893138 0.10307283818
v -0.0172152279245 0.128505939821 0.103195662002
v -0.0235084052811 0.128763518578 0.103850316814
v -0.0668399506862 0.0655048844223 -0.108302073057
v -0.0620212585668 0.0667185667971 -0.107339614423
v -0.0608255721259 0.070109481519 -0.10673723827
v -0.0641116657172 0.069931793714 -0.10731710438
v -0.0433362894566 0.0960787997746 -0.0297137194759
v -0.043319606986 0.0960697286543 -0.0297190451046
v -0.0433153573637 0.0960894794424 -0.029739072043
v -0.0433424256653 0.0960951530422 -0.029722776399
v -0.0433813804819 0.0961033180923 -0.0296993248417
v -0.0433495964784 0.0960720104595 -0.0296976022548
v -0.0433244462922 0.0960472372179 -0.0296962391988
v -0.0439061036689 0.0922972871837 -0.0239416048595
v -0.0472556350389 0.0944840326245 -0.0226339522159
v -0.0489909021476 0.0977780418174 -0.0248491746942
v -0.0491258278247 0.0937237163488 -0.0192519099907
v -0.0444059762089 0.0890746046839 -0.0189961097974
v -0.0443500547768 0.0888733372891 -0.0179317973998
v -0.0499335096791 0.0939064732198 -0.0148466755185
v -0.0510628192026 0.0941620058578 -0.00868722893062
v -0.0504069352951 0.0951351442678 -0.00580309193881
v -0.04862949419 0.0977723430028 0.00201290047074
v -0.0461749071106 0.100219261214 0.00592211136969
v -0.041825852787 0.104554727784 0.0128484782133
v -0.0371060011712 0.099905616119 0.0131042784067
v -0.0313396982699 0.113664935292 0.0234772307744
v -0.031234563432 0.114077310027 0.0237499418227
v -0.0312147554191 0.114155003817 0.0238013221651
v -0.0311829714156 0.114123696185 0.0238030447519
v -0.0311578212294 0.114098922943 0.023804407808
v -0.0311292509979 0.11417006968 0.0238472406523
v -0.0229912156196 0.133764158321 0.102954889423
v -0.0159778579826 0.132512426394 0.102386991248
v -0.0136190362357 0.140150067603 0.100845406879
v -0.0222940322557 0.140505133822 0.101747833042
v -0.0646312415072 0.0771551375621 -0.10485819782
v -0.0588514308706 0.0753102071413 -0.104597145008
v -0.0546511469986 0.0855789478414 -0.0977501540413
v -0.0619430194828 0.0849310034644 -0.0997857725314
v -0.0446263836904 0.100841241009 -0.0514297630032
v -0.0442780174069 0.100742403319 -0.0514818854261
v -0.0443196359983 0.100907865161 -0.0523191063831
v -0.0451016860514 0.101067564104 -0.0518607596771
v -0.0462520930134 0.101302483563 -0.0511865250299
v -0.0447339308087 0.100817882283 -0.0511179552207
v -0.0442588596426 0.100666238345 -0.0510964980015
v -0.0440232986804 0.0990265425881 -0.0443331582669
v -0.0476091473221 0.100013868715 -0.0438162413504
v -0.052195255917 0.102405809066 -0.0480289896266
v -0.0488672113553 0.0996620689297 -0.0406213433112
v -0.0438861838823 0.0980721121492 -0.0403963686001
v -0.0437089384999 0.0974564916745 -0.0370872080369
v -0.0503763166566 0.099363145089 -0.0360798533503
v -0.0523617402703 0.0989698720341 -0.0301049347003
v -0.0527382615962 0.099044444855 -0.0281125295514
v -0.0401951152075 0.117021557759 0.0233957123065
v -0.037179354018 0.119875620564 0.0273213660014
v -0.0318339362674 0.124934428945 0.0342795624983
v -0.0268529087943 0.123344472164 0.0345045372094
v -0.02283059848 0.132129162708 0.0440816371923
v -0.0234154914605 0.132769711488 0.044478724462
v -0.0243521679003 0.133795517869 0.0451146395823
v -0.0228340056956 0.133310916588 0.0451832093915
v -0.0223589345295 0.13315927265 0.0452046666107
v -0.0218636421792 0.134225941536 0.0464272749923
v -0.0154295590385 0.147395917977 0.0955968110739
v -0.0120751934054 0.146730735876 0.0952818181341
v -0.0115321311789 0.149554858855 0.0918583226506
v -0.017570810856 0.150053575213 0.0932291951468
v -0.0183980662683 0.145751543318 0.0984442608056
v -0.0126182556318 0.143906612897 0.0987053136175
v -0.0132616724735 0.141491473655 0.100081211633
v -0.0229952258245 0.142813512498 0.100598554132
v -0.0614226819582 0.0907671767171 -0.0942620626065
v -0.0529487426654 0.0893665416923 -0.0938970156069
v -0.052092534929 0.0909920425014 -0.0911545461918
v -0.0592024305373 0.0931011701166 -0.0900308059819
v -0.0557554510272 0.0967247360556 -0.0834617054062
v -0.0496081279903 0.0957086612813 -0.0831968862055
v -0.0486393845372 0.0970956212219 -0.0787919731623
v -0.0546872260995 0.0984173094713 -0.0781442216335
v -0.0536076888079 0.100127807021 -0.0727704263954
v -0.0472549191521 0.0990777745178 -0.0724967568042
v -0.0466699803451 0.0995717772602 -0.0688480930441
v -0.0536611987403 0.100874567616 -0.0682461056641
v -0.0537333031115 0.101880823852 -0.0621496056881
v -0.0455395182991 0.100526494821 -0.0617966274028
v -0.0452911370483 0.100604145953 -0.059866901458
v -0.0541059642807 0.102126721494 -0.0591861888193
v -0.0550642149192 0.102759015898 -0.0515661405252
v -0.0552282648326 0.102823732405 -0.0505123965293
v -0.033164289806 0.135252050204 0.044735024087
v -0.0321882800856 0.136250882404 0.0464384836121
v -0.0269667279733 0.141594532448 0.0555518177268
v -0.0187729431608 0.140240203416 0.0559047960121
v -0.0179092078599 0.14182225553 0.0588376264496
v -0.024968533307 0.143783007106 0.0598663760693
v -0.0219744636445 0.147062189906 0.0663312558222
v -0.0156216939887 0.146012157403 0.0666049254134
v -0.0145957703098 0.147584268064 0.070972449976
v -0.0206224205981 0.148960599991 0.0716565957023
v -0.0192555758387 0.150879793231 0.0770402356141
v -0.0131082528018 0.149863718457 0.0773050548148
v -0.0125831778237 0.150166009679 0.0809867324451
v -0.0195965354607 0.151417741605 0.08155463062
v -0.0200561567446 0.152142908183 0.0876401372165
v -0.0115822174518 0.150742273158 0.0880051842162
v -0.011564332394 0.150318265298 0.089381082232
v -0.0212978857451 0.15164030414 0.0898984247308
v -0.121969284696 -0.149343085414 -0.093478004284
v -0.120026631872 -0.148457571981 -0.0845726198677
v -0.117555319627 -0.147867201228 -0.0840999375664
v -0.118489458612 -0.148404994928 -0.090649856619
v -0.120480241038 -0.148473087105 -0.0827792694626
v -0.11735013847 -0.147749076265 -0.08266126517
v -0.118171739619 -0.145321177692 -0.074202137035
v -0.115207305574 -0.144465430015 -0.0735388757583
v -0.117596586882 -0.144535893649 -0.0720651831003
v -0.114836697283 -0.143897515211 -0.0719611357687
v -0.112215109158 -0.139095709577 -0.0630594810156
v -0.112866201002 -0.138741707248 -0.0620252680429
v -0.113308815161 -0.138501055418 -0.0613222070073
v -0.118055543954 -0.136949318608 -0.0568206566952
v -0.0865422400227 -0.098787346823 0.0563792164076
v -0.0857110597027 -0.0977088140696 0.0653711084121
v -0.0834147774789 -0.0971415876199 0.0658224902731
v -0.0846305488944 -0.0981683521398 0.0582388916959
v -0.0859633617189 -0.0976015107639 0.0670364991174
v -0.0832034721196 -0.0969631323255 0.067140546449
v -0.0844061507719 -0.0950230523934 0.0754281578991
v -0.0812288147476 -0.0941359951069 0.0761193880461
v -0.083980365849 -0.0943180299296 0.0777226715577
v -0.0808502632813 -0.0935940190889 0.0778406758503
v -0.0783561994409 -0.0888590667891 0.0858292672993
v -0.0795646034909 -0.0883794226273 0.0872250554092
v -0.0806027594827 -0.0879673539484 0.088424195539
v -0.0870479391789 -0.0871341338583 0.0907758260611
v -0.120271944617 -0.140516293772 -0.104178133685
v -0.126497052381 -0.14632309109 -0.0999275241032
v -0.117928515082 -0.144102399005 -0.0981753002937
v -0.117164894867 -0.140131293498 -0.102989206016
v -0.118692135298 -0.148073504512 -0.0933613945714
v -0.118634698161 -0.148167446548 -0.0925929639264
v -0.111588858598 -0.137834737305 -0.0612610063673
v -0.111166403358 -0.136924931491 -0.0602181933359
v -0.120839958623 -0.133762582756 -0.0510442974556
v -0.107254116321 -0.128499372623 -0.0505608769659
v -0.10286626113 -0.118916335267 -0.0401134165293
v -0.103000203109 -0.118876729916 -0.0399987374547
v -0.103145361903 -0.118833807861 -0.0398744547138
v -0.108284088452 -0.117106888919 -0.034862285893
v -0.0861120868148 -0.0935614478455 0.0350264510957
v -0.0925888704318 -0.097524706733 0.0404706470947
v -0.0854752995538 -0.0951633257953 0.0422630693466
v -0.0857180667383 -0.093473468875 0.0352928272096
v -0.0989400335098 -0.101269548451 0.0452568671566
v -0.0853541912079 -0.0960063383179 0.0457402876463
v -0.0995873528294 -0.101642385787 0.0457956263191
v -0.0851673668708 -0.0967490904813 0.0494985419474
v -0.0848222834599 -0.0981210287098 0.0564404170476
v -0.084776585066 -0.0981323078693 0.0568690690363
v -0.0773256100845 -0.0866977730468 0.0885408052517
v -0.0714194330018 -0.0722585106448 0.0981686166964
v -0.0754678114602 -0.0754135715475 0.0967948066207
v -0.0722450933813 -0.0721517709031 0.0984698725559
v -0.0740387693781 -0.0719198880161 0.0991243249404
v -0.0818446362763 -0.0714111815052 0.100494975953
v -0.116631951713 -0.130803988697 -0.10597287867
v -0.114160639468 -0.130213617944 -0.105500196369
v -0.113677118053 -0.128648021436 -0.105816196956
v -0.116711614745 -0.12887484662 -0.106536906182
v -0.116361992702 -0.137341391034 -0.104061523973
v -0.116937358082 -0.139340654905 -0.103293093328
v -0.102685757871 -0.118460606826 -0.0398607475646
v -0.0966049704308 -0.103317986038 -0.0307443558458
v -0.0987955828004 -0.104873608239 -0.0306142928291
v -0.097385534401 -0.103055669938 -0.029983015783
v -0.0981491797432 -0.102799039508 -0.0292381776723
v -0.101696786607 -0.101053863314 -0.024145350028
v -0.105330015848 -0.0992665668565 -0.0189296057176
v -0.105569975109 -0.0989475818176 -0.0179918647982
v -0.0980300408103 -0.0884355554214 0.0131707824865
v -0.0924685593468 -0.0867329707637 0.0182910382924
v -0.0859825546804 -0.0847473537825 0.0242624693345
v -0.101268099553 -0.0972000283534 0.0238569514645
v -0.0846225019032 -0.0884012487001 0.030186229571
v -0.0837180272537 -0.0841975605302 0.0259237665261
v -0.0856524827827 -0.0931882468109 0.0350401582449
v -0.0856890661251 -0.0933473463396 0.035181099351
v -0.0701288174631 -0.0687449852784 0.099240934653
v -0.0666458796318 -0.0588675251315 0.100995607636
v -0.0805209084176 -0.0688846457094 0.100874403513
v -0.07498780849 -0.0583238835887 0.102460387062
v -0.113079719381 -0.118840802765 -0.106302525239
v -0.110115285336 -0.117985055089 -0.105639263962
v -0.109499257488 -0.116140868478 -0.10560866296
v -0.112174848999 -0.116340865906 -0.106244130282
v -0.0942320191752 -0.0920817810646 -0.0303675856472
v -0.0934881366402 -0.0937055819221 -0.0314003952498
v -0.0926629921725 -0.0911608129001 -0.0315740738356
v -0.0938524925312 -0.0907610697574 -0.0304138687629
v -0.0950162106162 -0.0903699909981 -0.0292788109922
v -0.0956587992244 -0.0929192548625 -0.0292704768825
v -0.100065019292 -0.0952445142047 -0.0243784026268
v -0.0982491194834 -0.0887796243624 -0.0246377534336
v -0.102197046721 -0.0868375183469 -0.0189702390375
v -0.104968447685 -0.0978321613268 -0.0189342951078
v -0.105292026692 -0.097910723048 -0.0180438667249
v -0.102290393301 -0.0867134299396 -0.0186054483327
v -0.0948970716833 -0.0760065069118 0.0131301491665
v -0.0976684726471 -0.0870011498917 0.0131660930962
v -0.0925639925996 -0.0826321941358 0.0171499511175
v -0.0927335991282 -0.0753441842548 0.0151219804769
v -0.0828495855533 -0.0723183052729 0.0242218360145
v -0.0834921741616 -0.0748675691373 0.0242301701243
v -0.0830249740339 -0.0821570654591 0.0260568973138
v -0.0793986753278 -0.0714804760932 0.0267534845159
v -0.0737075372543 -0.0542494232725 0.102403267217
v -0.0659889879073 -0.0568780775697 0.100962222457
v -0.0625624100123 -0.0465004205156 0.10078807364
v -0.0710978710671 -0.0459441665251 0.102286835852
v -0.106519454843 -0.10319388885 -0.104122724613
v -0.106192294652 -0.104034943706 -0.104097957198
v -0.105711037269 -0.105272147589 -0.104061523973
v -0.10488877221 -0.102991827952 -0.103498735988
v -0.0946622863991 -0.0833816835042 -0.0329668431468
v -0.0915481412346 -0.0866241432871 -0.0349714623519
v -0.0902231571496 -0.0812323775973 -0.0390092090692
v -0.0950771524186 -0.0796011453667 -0.0342747591023
v -0.0998259379378 -0.0780052698938 -0.0296429277553
v -0.0972476561028 -0.0846334493491 -0.0294477408823
v -0.0988923182723 -0.0852310136011 -0.0260641347895
v -0.100238825796 -0.0778021577427 -0.0290501995358
v -0.102335344012 -0.0864819872899 -0.0189807087292
v -0.102372006512 -0.0864655444867 -0.0187338085283
v -0.0950353689747 -0.0756509758548 0.0131196794749
v -0.0945286073784 -0.0751892747856 0.0136762749437
v -0.087659312875 -0.0599535841686 0.0238577192515
v -0.0850810310399 -0.0665817636239 0.0240529061245
v -0.0750954760581 -0.060432652518 0.0322494726807
v -0.0735771801666 -0.0565346538215 0.0341886197495
v -0.0593683630838 -0.0350644580177 0.0989076696513
v -0.0590465374298 -0.0352281815229 0.0988122826643
v -0.058911565106 -0.0347752034666 0.0986781466679
v -0.0593448990239 -0.0347191829144 0.0988362557223
v -0.0602862796042 -0.0345974830939 0.099179734013
v -0.0599591194129 -0.0354385379503 0.0992045014275
v -0.0594778620301 -0.0366757418331 0.099240934653
v -0.0621056850965 -0.0450456934145 0.100558990829
v -0.0705452837536 -0.0426057691756 0.101851373237
v -0.0691243759968 -0.0340215064295 0.100731636694
v -0.110514483555 -0.0977330356073 -0.10435993481
v -0.10437704304 -0.101617764922 -0.103018710941
v -0.0996380051283 -0.0888927979395 -0.0985732795964
v -0.112518677566 -0.0904888658564 -0.103502131431
v -0.0921817181284 -0.0739131484628 -0.0432206138634
v -0.0891909782912 -0.0761842345071 -0.0445959975014
v -0.0883566241815 -0.0721545535747 -0.0489653417614
v -0.0931830474023 -0.0707274267792 -0.0448330319689
v -0.0984136538484 -0.0691807869024 -0.0403546666766
v -0.0942544291341 -0.0748660816534 -0.0401077071206
v -0.0900952044199 -0.0805513764043 -0.0398607475646
v -0.0901584798485 -0.0808881464166 -0.0394396431194
v -0.0964332279153 -0.0757800766358 -0.0363301456852
v -0.0988242479846 -0.069042802757 -0.0399541847464
v -0.10027486625 -0.0773916243347 -0.029669583477
v -0.100416402743 -0.0774271427168 -0.0292867544629
v -0.0881082411869 -0.0593399386095 0.0238310635298
v -0.0870476163283 -0.0583904578288 0.0248989995996
v -0.0813803787604 -0.0439084268871 0.0345462391329
v -0.0772211540462 -0.0495937216381 0.0347931986889
v -0.0730619293319 -0.0552790163891 0.0350401582449
v -0.0671823829506 -0.0407382202697 0.0441447524417
v -0.0599180083354 -0.0264621736645 0.0962403790803
v -0.0569584155456 -0.0277846072688 0.0954826803519
v -0.0559010020038 -0.0239999759049 0.0937526902768
v -0.0601268250503 -0.0234536698552 0.0952945517803
v -0.0642813083162 -0.0291366298516 0.0989425238153
v -0.0689809160713 -0.0322713538016 0.100388850374
v -0.0946586615054 -0.0746998496498 -0.0933751017205
v -0.0945343482944 -0.0748511763921 -0.0933679727068
v -0.0944196411042 -0.0749908097044 -0.0933613945714
v -0.0942496175749 -0.074589579708 -0.0930426607856
v -0.0904843780489 -0.0650863568206 -0.0539207432647
v -0.0874936382117 -0.0673574428649 -0.0552961269028
v -0.08683267431 -0.0635850218978 -0.0604279248639
v -0.0917744940394 -0.061969508579 -0.055741360471
v -0.0967163137689 -0.0603539952602 -0.051054796078
v -0.0922368505289 -0.0658068556133 -0.0507979114334
v -0.0881035276301 -0.0708383585755 -0.0505608769659
v -0.0882300759058 -0.0714964560751 -0.0497631093636
v -0.0946407440352 -0.0668753282669 -0.0469760530065
v -0.097157937396 -0.0602234114131 -0.0506766846784
v -0.0987918579484 -0.0687203982281 -0.0403763556203
v -0.0989362969298 -0.0687783434629 -0.0401106848233
v -0.0817585828604 -0.0434480382128 0.0345245501892
v -0.0808693252451 -0.0426590170395 0.0353793206363
v -0.0748163886557 -0.0278609609548 0.0452463685342
v -0.0703369254157 -0.0333138213079 0.0455032531788
v -0.066203602517 -0.0383453242701 0.0457402876463
v -0.060445002638 -0.0244334943721 0.0556073355442
v -0.0531270216234 -0.0134618676603 0.0884430989853
v -0.0530420361323 -0.013532768126 0.0883998641456
v -0.0530280593731 -0.0134289365619 0.0882220714659
v -0.0531701039266 -0.0133725557174 0.0883861424973
v -0.0532921362917 -0.0133241181841 0.0885270981025
v -0.0531678230807 -0.0134754449264 0.0885342271163
v -0.0530531158906 -0.0136150782387 0.0885408052517
v -0.0549531427831 -0.0205435803125 0.0920180235513
v -0.0607038820754 -0.0180534447462 0.0934384628172
v -0.0613201503329 -0.0122862723989 0.0914562519416
v -0.0989613762163 -0.0686253621804 -0.0936331995737
v -0.0903088824029 -0.0607396500279 -0.0841149398359
v -0.0896624793458 -0.0586650812967 -0.0827388246791
v -0.0890230703373 -0.0595677862797 -0.0827004698023
v -0.0883694951674 -0.0604904907688 -0.08266126517
v -0.0866987763222 -0.0583984153532 -0.0742009128553
v -0.0874426588573 -0.0567746144958 -0.0731681032526
v -0.088521305441 -0.0558016664456 -0.0742656478603
v -0.0882268502982 -0.0550628244293 -0.0720793285977
v -0.0872524557911 -0.0564384553091 -0.0720208796538
v -0.0862564734903 -0.0578445634089 -0.0719611357687
v -0.0864561209961 -0.0601437683605 -0.067071850556
v -0.0895702661606 -0.0569013085776 -0.0650672313508
v -0.0912457670085 -0.0534214222869 -0.0672839946404
v -0.0947339176994 -0.0515248949672 -0.0617433159594
v -0.090757705088 -0.0571384332345 -0.0615048032976
v -0.0866933991459 -0.0628763399227 -0.0612610063673
v -0.0867637996895 -0.0632345631322 -0.0608399019221
v -0.0930385477563 -0.0581264933514 -0.0577304044879
v -0.0952673158544 -0.0513505236079 -0.0612374689359
v -0.097060108951 -0.0598686320264 -0.0510754185929
v -0.0972389568503 -0.0599515518207 -0.0508108142247
v -0.0751601838379 -0.027375597721 0.0452257460193
v -0.074271327359 -0.0265836865979 0.0460988309393
v -0.0679673425611 -0.0118111863718 0.0559581074556
v -0.0639911299498 -0.0174247246391 0.0561966201174
v -0.0599268240077 -0.0231626313272 0.0564404170476
v -0.0585436059609 -0.0199670870211 0.0592311026118
v -0.0570419135948 -0.0108500724843 0.0652311934868
v -0.0644318662442 -0.0106664193064 0.059397385821
v -0.0565936251348 -0.00812844154376 0.06702235362
v -0.0556192306277 -0.00950407242363 0.0670808025638
v -0.0546232483269 -0.0109101805234 0.067140546449
v -0.0523114480645 -0.00706946572212 0.0761238073801
v -0.052758844975 -0.0057241352068 0.0769854845399
v -0.0537002100295 -0.00507699309835 0.0760801487496
v -0.0531626041572 -0.00451002412106 0.0777631163413
v -0.0525231951487 -0.00541272910406 0.077801471218
v -0.0518696199789 -0.00633543359323 0.0778406758503
v -0.0524112602747 -0.00965207412335 0.0826946045242
v -0.0558004445708 -0.00659971515264 0.0845654758067
v -0.057240646265 -0.00289135271016 0.0824735297872
v -0.0575948510026 -0.00724963071468 0.0882690002494
v -0.0614787150603 -0.00963566950934 0.0906428386372
v -0.0951459753711 -0.0463058170033 -0.0831303821257
v -0.0923715354854 -0.0525591334377 -0.0829322689891
v -0.0915783188951 -0.0511105559937 -0.0778790496336
v -0.0949802929986 -0.0458900895109 -0.0819001962341
v -0.0937103463235 -0.0427035601359 -0.0724708860443
v -0.0906955938631 -0.0494985176349 -0.0722556130195
v -0.0921029579543 -0.0499238470323 -0.068864652395
v -0.0938974483642 -0.0426018316949 -0.0721736877924
v -0.0950492109185 -0.0508142548561 -0.0617658299554
v -0.0953243825048 -0.0509467677902 -0.0613871426669
v -0.0682826357802 -0.0111005462606 0.0559355934595
v -0.0674096484496 -0.0102923072982 0.056968612027
v -0.0620771211601 0.00423082274963 0.0666307961733
v -0.0590623686997 -0.00256413474941 0.0668460691981
v -0.0575600293459 -0.000605378639312 0.0718952584428
v -0.0618977972759 0.00441994099499 0.0671921670607
v -0.0586461001826 0.00784924017234 0.0773715588946
v -0.0558716602969 0.00159592373795 0.0775696720313
v -0.0579001762739 0.000732495217337 0.0810147970259
v -0.0592381744392 0.008084248455 0.0780554445598
v -0.0952342273392 -0.0451978983355 -0.0831490127013
v -0.0951079862146 -0.0449499731948 -0.082244643133
v -0.093744677232 -0.0422725685653 -0.0724781335267
v -0.0938853061141 -0.0423315862757 -0.0722344555351
v -0.0621114520686 0.00466181432023 0.0666235486909
v -0.0619872492753 0.00481978826253 0.0670181532193
v -0.0587343521506 0.00895715884006 0.0773529283191
v -0.0591902191121 0.00872812972136 0.0779255567643
v -0.0827539800949 -0.00899443064154 -0.0831303821257
v -0.0825882977225 -0.00857870314913 -0.0819001962341
v -0.0813183510474 -0.00539217377416 -0.0724708860443
v -0.081505453088 -0.00529044533318 -0.0721736877924
v -0.049685125884 0.0415422091114 0.0666307961733
v -0.0495058019997 0.0417313273567 0.0671921670607
v -0.0462541049064 0.0451606265341 0.0773715588946
v -0.046846179163 0.0453956348167 0.0780554445598
v -0.0690091538855 0.00352056263956 -0.0827388246791
v -0.0764089554684 -0.00321713383476 -0.0829496274473
v -0.0772879318842 -0.00319106935593 -0.0791512134947
v -0.0678679799807 0.00638397749057 -0.0742656478603
v -0.0675735248379 0.00712281950693 -0.0720793285977
v -0.0788500722748 -0.00314474686718 -0.0724005706457
v -0.0809498867425 -0.00457494164801 -0.0719247602671
v -0.0705924415482 0.0087642216493 -0.0672839946404
v -0.0740805922391 0.010660748969 -0.0617433159594
v -0.0746139903941 0.0108351203283 -0.0612374689359
v -0.0473140171008 0.0503744575645 0.0559581074556
v -0.0437785407839 0.0515192246298 0.059397385821
v -0.0359402996745 0.0540572023925 0.06702235362
v -0.0472168471114 0.0437896360183 0.0667011115719
v -0.0453889732904 0.0455776196203 0.0694152961541
v -0.0330468845692 0.0571086508379 0.0760801487496
v -0.0325092786969 0.0576756198152 0.0777631163413
v -0.0399090802799 0.0509379233408 0.0775523135731
v -0.045717032766 0.0469253974141 0.078541723329
v -0.0365873208047 0.0592942912261 0.0824735297872
v -0.065744005861 0.0123600518609 -0.0933751017205
v -0.0825973586791 -0.000105320289145 -0.0938444719504
v -0.0659517610288 0.00869345936418 -0.0875151938439
v -0.0653349619305 0.0124703218027 -0.0930426607856
v -0.0664934013247 0.00537681883406 -0.08266126517
v -0.066051573239 0.00611085096294 -0.0809443966997
v -0.0637397729767 0.00995156576421 -0.0719611357687
v -0.0598194153427 0.0190084722619 -0.0640516919315
v -0.0584361972959 0.0222040165681 -0.0612610063673
v -0.0579180186656 0.0234748796129 -0.0604279248639
v -0.0734688956924 0.0122238753088 -0.0607020356112
v -0.062859838395 0.0250903929317 -0.055741360471
v -0.0678016581245 0.0267059062505 -0.051054796078
v -0.0682432817516 0.0268364900976 -0.0506766846784
v -0.0459017330113 0.0591989405559 0.0452463685342
v -0.0329098906303 0.0616219305381 0.055546252719
v -0.031599221614 0.062275948373 0.0560193126024
v -0.0315303469936 0.0626264071386 0.0556073355442
v -0.0316696221576 0.0619177251635 0.0564404170476
v -0.0319069003074 0.0591851536013 0.0622512612363
v -0.0321065478133 0.0568859486497 0.067140546449
v -0.0316642449814 0.0574398005941 0.0693803235356
v -0.0299935261361 0.0595318760097 0.0778406758503
v -0.0241134037287 0.0736309649488 0.0882220714659
v -0.0246137484933 0.0732691583297 0.0882143526593
v -0.0242554482822 0.0736873457933 0.0883861424973
v -0.0243774806473 0.0737357833266 0.0885270981025
v -0.0324054946885 0.0747736291118 0.0914562519416
v -0.0705234493985 0.0172235846156 -0.0986310351229
v -0.0634098785205 0.0195849655533 -0.096838612871
v -0.0624620192998 0.0230413611457 -0.0985732795964
v -0.0753426917379 0.0214452932288 -0.103502131431
v -0.065309905413 0.0126564634795 -0.0933613945714
v -0.0653209851712 0.0125741533669 -0.0932204534653
v -0.0521594187866 0.0373867095109 -0.0505608769659
v -0.051180638353 0.0397796055105 -0.0489653417614
v -0.0672906046092 0.0279553160981 -0.0502217145746
v -0.0560070615737 0.041206732306 -0.0448330319689
v -0.0612376680198 0.0427533721828 -0.0403546666766
v -0.0616482621561 0.0428913563282 -0.0399541847464
v -0.0442043929319 0.0680257321981 0.0345462391329
v -0.0323725210376 0.0694982923929 0.0441850606712
v -0.0301329453977 0.0705378413159 0.044942520044
v -0.030006397122 0.0711959388155 0.0441447524417
v -0.0302594936734 0.0698797438163 0.0457402876463
v -0.0308693830919 0.0663988281057 0.0504755375831
v -0.0239433801993 0.0740321949452 0.0885408052517
v -0.0187250161753 0.0879341831803 0.0937526902768
v -0.0279946972248 0.0811681703044 0.0932469002897
v -0.0229508392218 0.08848048923 0.0952945517803
v -0.0610821388304 0.03361452781 -0.104122724613
v -0.0758245917166 0.0219326972043 -0.1040061853
v -0.061404605758 0.0268259925096 -0.100303269672
v -0.0594514561976 0.0338165887075 -0.103498735988
v -0.0453010919716 0.0543204016299 -0.0398607475646
v -0.044785841137 0.0555760390623 -0.0390092090692
v -0.0606926067231 0.0440306465397 -0.0395022042715
v -0.0496398364059 0.057207271293 -0.0342747591023
v -0.0543886219252 0.0588031467659 -0.0296429277553
v -0.0548015097838 0.059006258917 -0.0290501995358
v -0.0422219968624 0.0768548324911 0.0238577192515
v -0.0295152104714 0.0792755138225 0.0341459939163
v -0.0282045414551 0.0799295316574 0.0346190537997
v -0.028139864154 0.0802737628382 0.0341886197495
v -0.0282678168836 0.0795927616452 0.0350401582449
v -0.0291720430124 0.0752256197479 0.0397754081817
v -0.0143832254779 0.101373463158 0.0986499749447
v -0.0139859782634 0.100659150163 0.0981981216217
v -0.0134742490933 0.102033213193 0.0986781466679
v -0.0139075830112 0.102089233745 0.0988362557223
v -0.0148489635915 0.102210933566 0.099179734013
v -0.0236870599842 0.10278691023 0.100731636694
v -0.0585536184309 0.0435198522057 -0.10583096201
v -0.0562573362071 0.0440870786554 -0.105379580149
v -0.0558006112913 0.0455418057564 -0.10560866296
v -0.0584762028027 0.0453418083278 -0.106244130282
v -0.0588851592735 0.035717127074 -0.104061523973
v -0.0593164838737 0.0342695667637 -0.103632871984
v -0.0417658528794 0.0685910522955 -0.0310699711254
v -0.0432675452455 0.0594740377588 -0.0370700620004
v -0.0389643459758 0.070521861334 -0.0315740738356
v -0.0401538463345 0.0709216044768 -0.0304138687629
v -0.0413175644194 0.0713126832361 -0.0292788109922
v -0.0503255339728 0.062691688064 -0.0295297434599
v -0.0538309278137 0.0603220258394 -0.0286324231839
v -0.0445504732867 0.0729030498718 -0.0246377534336
v -0.0484984005242 0.0748451558873 -0.0189702390375
v -0.0485917471046 0.0749692442946 -0.0186054483327
v -0.0411984254865 0.0856761673224 0.0131301491665
v -0.0390349529315 0.0863384899793 0.0151219804769
v -0.0291509393566 0.0893643689613 0.0242218360145
v -0.03815890891 0.0807433737892 0.0239709035468
v -0.026814880069 0.0856655285279 0.0301508730323
v -0.0257000291311 0.0902021981409 0.0267534845159
v -0.0126519840347 0.10431353283 0.099240934653
v -0.00886376381553 0.115182253719 0.10078807364
v -0.0223708967797 0.105497925346 0.101057169389
v -0.0173992248703 0.115738507709 0.102286835852
v -0.0555513694206 0.0550324055241 -0.106474041924
v -0.0523740333963 0.0559194628105 -0.105782811777
v -0.0517171416718 0.0579089103723 -0.105816196956
v -0.0547516383639 0.0576820851888 -0.106536906182
v -0.0357854441801 0.0825437812152 -0.0300158094737
v -0.0353380472697 0.0811984506999 -0.0308774866335
v -0.0346449940499 0.083238945771 -0.0307443558458
v -0.0354255580201 0.0835012618706 -0.029983015783
v -0.0361892033624 0.083757892301 -0.0292381776723
v -0.0369927650536 0.0818078554115 -0.0292445444977
v -0.0422839686305 0.0788357461405 -0.0244059061694
v -0.0397368102263 0.0855030684951 -0.024145350028
v -0.0433700394672 0.0872903649522 -0.0189296057176
v -0.0482303643826 0.0754956104442 -0.0189681153184
v -0.0484085286394 0.0754341214002 -0.0185828819916
v -0.0436099987285 0.087609349991 -0.0179918647982
v -0.0360700644295 0.0981213763873 0.0131707824865
v -0.0409303893449 0.0863266218793 0.0131322728856
v -0.0369022728929 0.0897115778313 0.0159146491473
v -0.030508582966 0.0998239610449 0.0182910382924
v -0.0240225782995 0.101809578026 0.0242624693345
v -0.0248261399907 0.0998595411367 0.0242561025091
v -0.0248748846634 0.0927469671629 0.0265798059302
v -0.0217580508728 0.102359371278 0.0259237665261
v -0.0159839330239 0.119783767944 0.102343025178
v -0.00824773596796 0.11702644033 0.100818674643
v -0.00468590325094 0.127689406677 0.100995607636
v -0.0130278321092 0.12823304822 0.102460387062
v -0.0500506380519 0.0709148956113 -0.104178133685
v -0.0492112471498 0.069469175484 -0.104124247268
v -0.0482342038404 0.0677863705192 -0.104061523973
v -0.0469435883018 0.0712998958856 -0.102989206016
v -0.0327589406695 0.0924596320461 -0.0399584538309
v -0.0326739551785 0.0923887315804 -0.0400016886707
v -0.0326449545653 0.0925148541158 -0.0401134165293
v -0.0327788965436 0.092554459467 -0.0399987374547
v -0.0329240553379 0.0925973815224 -0.0398744547138
v -0.0328253872592 0.0924274411205 -0.0398681205145
v -0.0327105385208 0.0922296320518 -0.0398607475646
v -0.0337405194004 0.0874426339409 -0.0350068188907
v -0.0371297036964 0.0904949929116 -0.0331359476082
v -0.0380627818875 0.0943243004639 -0.034862285893
v -0.0394864645361 0.0894369112557 -0.0294498521032
v -0.040926775479 0.0890004116394 -0.0259864969877
v -0.043848755333 0.0881148784901 -0.0189603378626
v -0.0439141583967 0.0881692545012 -0.0183756078479
v -0.0365487802953 0.0989458899252 0.0131400503415
v -0.0355329922891 0.0998861472673 0.0143409469209
v -0.0273198394732 0.107488596981 0.0240507949036
v -0.0161270480959 0.117403116541 0.0347137056525
v -0.0158907802499 0.117869741538 0.0350264510957
v -0.0157921121712 0.117699801136 0.035032785295
v -0.0156772634328 0.117501992067 0.0350401582449
v -0.0154967601733 0.117957720508 0.0352928272096
v -0.00201893706967 0.138662147707 0.098634184909
v -0.0014256632219 0.138382040146 0.0984725040081
v -0.00119812643681 0.139172678738 0.0981686166964
v -0.0020237868163 0.13927941848 0.0984698725559
v -0.00381746281311 0.139511301367 0.0991243249404
v -0.00297807191093 0.13806558124 0.0991782113577
v -0.00200102860163 0.136382776275 0.099240934653
v -0.00420238183537 0.129255003185 0.100679607049
v -0.0126283210784 0.131585851611 0.101901325419
v -0.0116233297113 0.140020007878 0.100494975953
v -0.0560772679169 0.0739247285068 -0.104465065352
v -0.0449156900294 0.0834686780122 -0.0958075226037
v -0.0434866479473 0.0869623615436 -0.093478004284
v -0.0418094532313 0.086124733227 -0.0933981519808
v -0.0410374112191 0.0857391582876 -0.0933613945714
v -0.0400068218627 0.0879004520299 -0.090649856619
v -0.0339082618915 0.0973374166154 -0.0615942713691
v -0.0335864362375 0.0971736931101 -0.061689658356
v -0.0337324724092 0.0972097373806 -0.0630594810156
v -0.0343835642524 0.0975637397096 -0.0620252680429
v -0.0348261784119 0.0978043915391 -0.0613222070073
v -0.0339459310663 0.0973647764514 -0.0612802978734
v -0.0335407378437 0.0971624139507 -0.0612610063673
v -0.0331956544327 0.0957904757221 -0.0543191312671
v -0.0361552472225 0.0971129093264 -0.0535614325386
v -0.0395729072051 0.0993561283499 -0.0568206566952
v -0.0369602282842 0.0970211396333 -0.0507490055376
v -0.0330088300957 0.0950477235587 -0.0505608769659
v -0.0328877217497 0.0942047110361 -0.0470836586663
v -0.0386384610421 0.0966948466025 -0.0456632194005
v -0.0404307303194 0.0963463818429 -0.0402318522664
v -0.0411106341065 0.0962858301971 -0.0377587141791
v -0.0233974552314 0.121618741858 0.0346690535431
v -0.0195079968274 0.125302128515 0.0397462532829
v -0.015060303171 0.129514173939 0.0455521590746
v -0.0111089049826 0.127540757864 0.0457402876463
v -0.00719661794541 0.135966316732 0.0553976040162
v -0.00759386515997 0.136680629727 0.0558494573393
v -0.00805960327359 0.137518100135 0.0563792164076
v -0.00717935592799 0.137078485047 0.0564211255415
v -0.00677416270541 0.136876122546 0.0564404170476
v -0.00614791214531 0.138137094818 0.0582388916959
v -0.000321596990183 0.147488939349 0.0879340555076
v 0.00027167685759 0.147208831788 0.0877723746067
v 0.000126437308208 0.147446380169 0.0858292672993
v -0.00108196674185 0.14792602433 0.0872250554092
v -0.00212012273363 0.148338093009 0.088424195539
v -0.000442928017573 0.147500464693 0.0885040478423
v 0.000329113994579 0.147114889753 0.0885408052517
v -0.000434506221114 0.143143784246 0.093354710974
v -0.00564003914126 0.144747812814 0.0942164831017
v -0.00856530242986 0.149171313099 0.0907758260611
v -0.0098440926781 0.142521134263 0.0988373932736
v -0.011928449552 0.141211936121 0.0999461295759
v -0.0510221576827 0.0888770245707 -0.0938117003626
v -0.0499687869868 0.0899976038502 -0.0917279257113
v -0.0455657631456 0.094681555381 -0.0830178775725
v -0.0375127580223 0.0926354043297 -0.08266126517
v -0.037134206556 0.0931773803477 -0.0809399773658
v -0.0448527559031 0.095806034645 -0.0794989326059
v -0.0433993834924 0.0980981391864 -0.0723260215552
v -0.035159549184 0.0960045175663 -0.0719611357687
v -0.0349482438246 0.0961829728607 -0.0706430795928
v -0.0433878424818 0.0986228970997 -0.0693506971852
v -0.0433581662458 0.0999722451054 -0.0617000302711
v -0.043520814879 0.100130520831 -0.0601130906467
v -0.0165915911076 0.139685953701 0.0560013931438
v -0.0155815364618 0.140805091915 0.0582566517831
v -0.011766158329 0.145032522072 0.0667756606624
v -0.00352632402061 0.142938900452 0.067140546449
v -0.0031557157295 0.143506815256 0.0687182864386
v -0.0108919127854 0.146264142871 0.0702426369737
v -0.00906588795704 0.148836612557 0.0774840634478
v -0.00101288283371 0.146790461505 0.0778406758503
v -0.00080770167639 0.146908586469 0.0792793482468
v -0.00923364091941 0.149239434896 0.0805010666163
v -0.00965563246903 0.150252756036 0.0880904994604
v -0.0102311094725 0.150038727763 0.0892460001745
v -0.108889202384 -0.145646520843 -0.0823442627294
v -0.108052481084 -0.143653686716 -0.0764465205412
v -0.107376478648 -0.14204363959 -0.0716816268006
v -0.109241649068 -0.14090728668 -0.0683580063583
v -0.0757432534847 -0.0951092567048 0.0674200554171
v -0.0738613008568 -0.0930792433633 0.0734451423869
v -0.0723893271953 -0.0914914636672 0.0781576782909
v -0.0750278224276 -0.0903274423296 0.0815499833697
v -0.107089520249 -0.141090611852 -0.0958265844966
v -0.103139791828 -0.139993116974 -0.0949707127408
v -0.102799544421 -0.138223705527 -0.0971156519458
v -0.114292149786 -0.139749819061 -0.101814628088
v -0.11565006025 -0.146811452076 -0.0932542824824
v -0.103480039234 -0.141762528421 -0.0928257735359
v -0.116902440307 -0.147514319738 -0.0921055422938
v -0.103136683551 -0.142324108146 -0.0882321422599
v -0.102680247084 -0.143070638579 -0.0821256441345
v -0.102136419688 -0.14221728024 -0.0798680827633
v -0.100102676623 -0.139025989 -0.0714255147331
v -0.0988091204102 -0.136421378927 -0.0677106628771
v -0.109992276842 -0.13717237038 -0.0612047903948
v -0.0963767625344 -0.131523761214 -0.0607253853318
v -0.0921529512234 -0.122427299091 -0.0502990843651
v -0.0922820813096 -0.12238055431 -0.0501632458205
v -0.092401233162 -0.122337421626 -0.0500379038908
v -0.0976337471461 -0.120626878447 -0.0450756602101
v -0.0705013080489 -0.0898443873208 0.0462632607214
v -0.0769550993631 -0.0937677089692 0.0517343220096
v -0.0697735631913 -0.0911605241509 0.0536894866915
v -0.0701284830222 -0.0897494795494 0.0465497371165
v -0.0832257017033 -0.0974586617848 0.0564966330201
v -0.0696101873961 -0.0918100526182 0.0569760380831
v -0.0837657265289 -0.097731467548 0.0571663591963
v -0.0691310487502 -0.0919283123806 0.0614703696371
v -0.06846945146 -0.0920916061141 0.0676761674845
v -0.0679418447009 -0.0913595686043 0.0701424253994
v -0.0661803718951 -0.0889155814029 0.0783762968858
v -0.0648105913143 -0.0860429549982 0.0819802658266
v -0.0742835350368 -0.0854357206107 0.0886479173407
v -0.0621135140207 -0.0803867969552 0.0890764262872
v -0.0594818898247 -0.0739530731135 0.0933663046972
v -0.0642532048317 -0.0732757736711 0.0952857401263
v -0.105494522225 -0.127992937558 -0.103744521532
v -0.115205100227 -0.138687528095 -0.102805671695
v -0.101439343472 -0.133497316504 -0.0989322716613
v -0.0996311738463 -0.127214338186 -0.101347177042
v -0.0919676360718 -0.12196443122 -0.0500252559304
v -0.0860885111384 -0.107121018155 -0.041795640497
v -0.0892971926551 -0.109376828143 -0.0414739214968
v -0.087325845222 -0.106716525519 -0.0406222173096
v -0.0885631793056 -0.106312032882 -0.0394487941222
v -0.0923785154677 -0.104891541474 -0.0353190725702
v -0.0715299042176 -0.081039672867 0.0354521116872
v -0.0851882460303 -0.0930775298659 0.0353748470265
v -0.0688761643871 -0.0842894073586 0.0416853524055
v -0.067931592923 -0.0801815029103 0.0380462932483
v -0.0700677109587 -0.0894713969149 0.0462759086818
v -0.0701003996945 -0.0896209750145 0.0464231984863
v -0.0575316634616 -0.0623340410415 0.0977031602704
v -0.0561043177175 -0.0647580921764 0.0961725867478
v -0.0543889302152 -0.0600881828794 0.0975978297938
v -0.0560106120451 -0.0598579813107 0.0982502104382
v -0.059261346986 -0.0593965318026 0.0995579370936
v -0.0650437127856 -0.0589822997544 0.100683687006
v -0.10228445841 -0.115563264664 -0.103782015005
v -0.1037189642 -0.12111780774 -0.10376526001
v -0.0987417395292 -0.124563696955 -0.101268341566
v -0.0954155354998 -0.114651134134 -0.10097352173
v -0.084261776232 -0.096198385137 -0.0409583072497
v -0.083241833 -0.0983628946224 -0.0423340265534
v -0.0821281787972 -0.0949366129684 -0.0425446495551
v -0.0837406471438 -0.094409486478 -0.0410154685749
v -0.0853531154903 -0.0938823599876 -0.0394862875947
v -0.0862557925262 -0.0973776114628 -0.0394757443474
v -0.090991614489 -0.100095948768 -0.0354802287796
v -0.0888212031852 -0.0925911529843 -0.0357324279374
v -0.0683198404023 -0.0686099999723 0.0354146182148
v -0.0692225174382 -0.0721052514475 0.035425161462
v -0.0668638060929 -0.0770310578858 0.0382322459126
v -0.0636305950801 -0.0674916505229 0.0387953023064
v -0.0528289811442 -0.0494282260109 0.0980291506513
v -0.0512757242514 -0.0506146869281 0.0973102977736
v -0.0503432383775 -0.0477771293575 0.0972241744814
v -0.0522430414857 -0.0475074478161 0.0979884395506
v -0.0560512831708 -0.046966858908 0.0995204436211
v -0.0574857889611 -0.0525214019842 0.0995371986162
v -0.0645511785012 -0.0574163133685 0.100662103184
v -0.0611497394944 -0.0466016201668 0.100513045431
v -0.103605318417 -0.111596297747 -0.103889758685
v -0.0937171001717 -0.109941004001 -0.0998110510812
v -0.0905234217643 -0.101084239981 -0.0976251819173
v -0.103381060429 -0.102791617531 -0.102882278582
v -0.0842304002921 -0.0871200370789 -0.0432944761146
v -0.0810093089979 -0.0905662899662 -0.0454282352528
v -0.0795238721221 -0.0847641502085 -0.0492565489068
v -0.0844979332147 -0.0831380969763 -0.0445394084847
v -0.0894719943073 -0.0815120437442 -0.0398222680625
v -0.0871226801731 -0.088567788787 -0.0396306324993
v -0.0890995144582 -0.089493003643 -0.0367559782582
v -0.0898283749582 -0.0813793593277 -0.039436521488
v -0.0724387192193 -0.0562396837289 0.035078637747
v -0.0700894050851 -0.0632954287717 0.0352702733102
v -0.0590639283584 -0.0556235370138 0.0442135239844
v -0.057973571571 -0.0527898557084 0.0455072016582
v -0.0516330049166 -0.0393956547062 0.0963566829382
v -0.0483891801227 -0.0412191515095 0.0952822241346
v -0.0469740219288 -0.0364697659354 0.0938758346687
v -0.0513660806474 -0.0358463028195 0.0956427004276
v -0.057372143178 -0.0429998919909 0.0994126999407
v -0.0609494625065 -0.0454125826581 0.100360657161
v -0.085611872844 -0.0870302550574 -0.0928384214962
v -0.0855135665749 -0.0871817924283 -0.0928323516713
v -0.0854070277611 -0.087346020121 -0.0928257735359
v -0.0852288358554 -0.0869201957442 -0.0925070397501
v -0.0814635963295 -0.0774169728568 -0.0533851222292
v -0.0785944876058 -0.0799854193662 -0.0549587798794
v -0.0778118925905 -0.075915637934 -0.0598923038284
v -0.0824649256033 -0.0742312511732 -0.0549975403348
v -0.0867584060651 -0.0726770215712 -0.0504810085656
v -0.0832160688094 -0.0781374716495 -0.0502622903979
v -0.079377082621 -0.0840552007984 -0.0500252559304
v -0.0794534270424 -0.0844239215318 -0.0496254555872
v -0.0856199623157 -0.0792059443031 -0.046440431971
v -0.0875575151233 -0.072415787573 -0.0497231751635
v -0.089771076229 -0.0810510142643 -0.0398407345848
v -0.0899155152104 -0.0811089594991 -0.0395750637878
v -0.072737801141 -0.055778654249 0.0350601712247
v -0.0718485435256 -0.0549896330757 0.0359149416718
v -0.064858480952 -0.0401839872659 0.0458201560466
v -0.0613161436963 -0.0456444373441 0.0460388742143
v -0.0574771575079 -0.051562166493 0.0462759086818
v -0.0514242209185 -0.0367641104083 0.0561429565797
v -0.0441062399039 -0.0257924836965 0.0889787200208
v -0.0440251490194 -0.0258729055913 0.0889291364826
v -0.0440072776537 -0.0257595525981 0.0887576925014
v -0.044140075308 -0.0257009664383 0.0889284300308
v -0.0442453476304 -0.0256545235917 0.0890637783268
v -0.0441470413613 -0.0258060609627 0.0890698481518
v -0.0440405025475 -0.0259702886553 0.0890764262872
v -0.0460493256021 -0.0331601480971 0.0923629776789
v -0.051683100356 -0.0303840607824 0.0939740838527
v -0.0520216616677 -0.0245506574345 0.0921920841815
v -0.0900157569741 -0.0810105323809 -0.0930999080338
v -0.0825078323372 -0.0740696615742 -0.0842744391023
v -0.0817738189876 -0.0710048663135 -0.0822493117277
v -0.0807324312434 -0.0724283518625 -0.0821874779311
v -0.0796910434993 -0.0738518374115 -0.0821256441345
v -0.0781498127615 -0.0718825196958 -0.0744344147574
v -0.0791697559936 -0.0697180102104 -0.0730586954538
v -0.080686476508 -0.068415123228 -0.0745850325758
v -0.0802610952519 -0.067401985061 -0.0715866757988
v -0.0789039801475 -0.0692570421713 -0.071506095266
v -0.0775468650431 -0.0711120992816 -0.0714255147331
v -0.0776146288389 -0.0729127066818 -0.0668284940556
v -0.0808357201331 -0.0694664537945 -0.0646947349174
v -0.0827598761104 -0.0658796057278 -0.0671340000258
v -0.0860773141483 -0.0638584604598 -0.0612225268652
v -0.0818909538683 -0.0695808471451 -0.0609739560985
v -0.0777045935883 -0.0753032338303 -0.0607253853318
v -0.0777560869629 -0.0755971298895 -0.0603255849885
v -0.0839226222362 -0.0703791526609 -0.0571405613723
v -0.0864398155971 -0.0637272358071 -0.0608411930442
v -0.0874309668476 -0.0717576900734 -0.0505209427658
v -0.0877395192923 -0.0718899779071 -0.0500024090976
v -0.0655310417345 -0.039264655768 0.0457802218464
v -0.0640905751528 -0.0379638728467 0.0472955146213
v -0.0593107390101 -0.0241447518644 0.0564788965497
v -0.05512437873 -0.0298671385496 0.0567274673164
v -0.05093801845 -0.0355895252349 0.0569760380831
v -0.0499696001171 -0.0333899686654 0.0590384227806
v -0.0489921808909 -0.0239763242026 0.0652134174839
v -0.0572516811649 -0.0234360036835 0.0586060394336
v -0.0486278700884 -0.0204676021755 0.0675150064188
v -0.0472707549841 -0.0223226592858 0.0675955869517
v -0.0459136398797 -0.024177716396 0.0676761674845
v -0.043867062462 -0.0208092394356 0.0757198302537
v -0.0445960165226 -0.0187577211466 0.077032161362
v -0.0461066059978 -0.0177479801904 0.075586854347
v -0.0452739437991 -0.0168498091379 0.0782526292927
v -0.0442325560549 -0.0182732946869 0.0783144630893
v -0.0431911683107 -0.0196967802359 0.0783762968858
v -0.0435520442474 -0.022377681605 0.0829668531621
v -0.0470303950327 -0.0191357703242 0.0849582055521
v -0.0487027413551 -0.0153371312037 0.0826610236005
v -0.0486492317605 -0.0196348009152 0.0888022917893
v -0.0522792325293 -0.0218198658079 0.0912803005668
v -0.0849030623926 -0.066016440649 -0.0824447583441
v -0.084202254171 -0.0647887821995 -0.0782807463851
v -0.083105534139 -0.0628675752662 -0.0717643340645
v -0.0840074942197 -0.0630126287164 -0.0688563664623
v -0.0863696086551 -0.0633925045623 -0.0612407830265
v -0.0865208350514 -0.0634553762147 -0.0609753225905
v -0.0596030335168 -0.0236787959669 0.0564606403884
v -0.0591450645169 -0.0232425191862 0.0570732788996
v -0.0514723089756 -0.0159331923807 0.0673373481531
v -0.0503015592879 -0.0143799568425 0.0714265449508
v -0.048403187204 -0.0118613834734 0.0780571826762
v -0.0497633519701 -0.0123223974002 0.0810466541854
v -0.0528591633432 0.0160550351972 -0.0822493117277
v -0.0517718208636 0.0186447782827 -0.0745850325758
v -0.0513464396075 0.0196579164497 -0.0715866757988
v -0.053845220466 0.0211802957829 -0.0671340000258
v -0.0571626585039 0.0232014410509 -0.0612225268652
v -0.0575251599527 0.0233326657036 -0.0608411930442
v -0.0303960833657 0.0629151496463 0.0564788965497
v -0.0283370255205 0.0636238978272 0.0586060394336
v -0.019713214444 0.0665922993352 0.0675150064188
v -0.0171919503534 0.0693119213203 0.075586854347
v -0.0163592881547 0.0702100923728 0.0782526292927
v -0.0197880857107 0.071722770307 0.0826610236005
v -0.0484358870155 0.0249039040278 -0.0928384214962
v -0.0648201650765 0.0128439698405 -0.0930267057897
v -0.0485080834332 0.0216320923478 -0.0867162004108
v -0.0480528500269 0.025013963341 -0.0925070397501
v -0.0488689593698 0.0189511909787 -0.0821256441345
v -0.0481930652186 0.0200636501784 -0.0794691775023
v -0.0461464878008 0.0234321271389 -0.0714255147331
v -0.0420905275635 0.0326443794083 -0.0627877700292
v -0.0411221092305 0.0348439359777 -0.0607253853318
v -0.040635906762 0.0360185211512 -0.0598923038284
v -0.0565724828102 0.0244514917041 -0.0603862229404
v -0.0452889397748 0.037702907912 -0.0549975403348
v -0.0495824202366 0.039257137514 -0.0504810085656
v -0.0503815292948 0.0395183715122 -0.0497231751635
v -0.0276824951235 0.0717501718193 0.0458201560466
v -0.0155937709454 0.0741934365857 0.0561012546563
v -0.0143040407177 0.0748515406324 0.0565762377399
v -0.01424823509 0.0751700486769 0.0561429565797
v -0.0143555340923 0.0745576445732 0.0569760380831
v -0.0144454988416 0.0721671174246 0.0630791468069
v -0.0145132626374 0.0703665100244 0.0676761674845
v -0.0139103149191 0.0711369304387 0.0706850675088
v -0.0123690841813 0.0731062481543 0.0783762968858
v -0.00683129182515 0.0861746064871 0.0887576925014
v -0.00734608867915 0.0858009584493 0.0887417375056
v -0.00696408947949 0.0862331926468 0.0889284300308
v -0.00706936180184 0.0862796354935 0.0890637783268
v -0.0148456758392 0.0873835016506 0.0921920841815
v -0.0531923382502 0.0298073740216 -0.0980674896094
v -0.0460108020785 0.03241455884 -0.0961123249275
v -0.0450861057517 0.0357241766782 -0.0976251819173
v -0.0579437444166 0.0340167991282 -0.102882278582
v -0.0480196251331 0.0252246993982 -0.0928257735359
v -0.0480349786611 0.0251273163341 -0.0926784837313
v -0.0345829701727 0.0508165772359 -0.0500252559304
v -0.0340865561095 0.0520442664512 -0.0492565489068
v -0.0488145144374 0.0414772519331 -0.0490056499909
v -0.0390606172021 0.0536703196833 -0.0445394084847
v -0.0440346782947 0.0552963729155 -0.0398222680625
v -0.0443910589456 0.055429057332 -0.039436521488
v -0.0270014032067 0.0805687329308 0.035078637747
v -0.0138964308659 0.0830202282279 0.0454011252549
v -0.0126067006382 0.0836783322746 0.0458761083385
v -0.0125362555584 0.0840185609513 0.0455072016582
v -0.0126830450596 0.0833096115412 0.0462759086818
v -0.0134656400748 0.0792398301091 0.0512094326308
v -0.00665309991941 0.0866004308639 0.0890764262872
v -0.00153670591621 0.100338650724 0.0938758346687
v -0.0106635860766 0.0937519597104 0.0938104458032
v -0.00592876463476 0.10096211384 0.0956427004276
v -0.0485858122128 0.0461194095704 -0.103782015005
v -0.0583056253366 0.0346704070851 -0.103335581824
v -0.0436709475579 0.0404735622524 -0.0990315713832
v -0.041716889303 0.0470315401004 -0.10097352173
v -0.032018780096 0.0642915922195 -0.0417878765296
v -0.0329961993222 0.0548779477566 -0.047962871233
v -0.0284295326005 0.0667460612658 -0.0425446495551
v -0.030042000947 0.0672731877562 -0.0410154685749
v -0.0316544692936 0.0678003142465 -0.0394862875947
v -0.0416484684988 0.0577064313635 -0.039757509876
v -0.0438690038015 0.0561986055937 -0.0392278857127
v -0.0351225569885 0.0690915212498 -0.0357324279374
v -0.0146211942056 0.0930726742618 0.0354146182148
v -0.0246151934108 0.0829787913788 0.0351433959335
v -0.0110508186827 0.089820700709 0.0416788880042
v -0.00993194888334 0.0941910237112 0.0387953023064
v -2.96701136871e-05 0.111517571776 0.0975166230553
v 0.00165697249118 0.109195414743 0.0960617038325
v 0.00335540781923 0.113905544877 0.0972241744814
v 0.00145560471104 0.114175226418 0.0979884395506
v -0.00235263697403 0.114715815326 0.0995204436211
v -0.00745109329765 0.115081054067 0.100513045431
v -0.043534545844 0.0585639942502 -0.103744521532
v -0.0457514493806 0.0531023056807 -0.103760976695
v -0.0407844034291 0.049869097671 -0.101059645022
v -0.0376711974654 0.0593425936222 -0.101347177042
v -0.0259252756483 0.0783369869176 -0.040669262053
v -0.0251963215876 0.0762854686287 -0.0419815931612
v -0.0241285347575 0.0794359136532 -0.041795640497
v -0.0253658688411 0.0798404062898 -0.0406222173096
v -0.0266032029247 0.0802448989264 -0.0394487941222
v -0.0278572551007 0.0771553452665 -0.0394581024357
v -0.033328158493 0.0738879595795 -0.0355747490627
v -0.0304185390868 0.0816653903343 -0.0353190725702
v -0.00956992783672 0.105517258942 0.0354521116872
v -0.0108239800127 0.102427705282 0.0354428033738
v -0.0088182946806 0.0976173053653 0.0385846793047
v -0.00597161654216 0.106375428898 0.0380462932483
v 0.00532433777829 0.124957054891 0.0982138013353
v 0.00668161184868 0.123818107698 0.0975189943173
v 0.0075710461657 0.126468748929 0.0975978297938
v 0.00594936433576 0.126698950498 0.0982502104382
v 0.00269862939484 0.127160400006 0.0995579370936
v 0.000481725858219 0.121698711436 0.0995414819306
v -0.00694899595327 0.116517390159 0.100532663402
v -0.00308373640471 0.127574632054 0.100683687006
v -0.0456126907593 0.0626420429858 -0.103884697054
v -0.035955809963 0.0640125029192 -0.0999219339965
v -0.0325782378559 0.0732074838564 -0.0971156519458
v -0.0440708432205 0.0716813703217 -0.101814628088
v -0.0220408188706 0.0889558076521 -0.0501229621968
v -0.0219597279861 0.0888753857574 -0.050172545735
v -0.0219316446584 0.0890038902922 -0.0502990843651
v -0.0220607747447 0.0890506350729 -0.0501632458205
v -0.022179926597 0.0890937677569 -0.0500379038908
v -0.0220970114798 0.0889310592344 -0.0500323110807
v -0.0219924167219 0.0887258076577 -0.0500252559304
v -0.0231839632935 0.0835438181015 -0.0454346996542
v -0.0266623140789 0.0867857293822 -0.0434433472641
v -0.0274124405812 0.0908043109364 -0.0450756602101
v -0.02930380974 0.0855444360893 -0.0396309560907
v -0.0310926110957 0.084772310664 -0.0366547692296
v -0.012270534652 0.110816796105 0.0352699497188
v -0.000556728361202 0.121108125018 0.0459412199001
v -0.000280001483891 0.121586802062 0.0462632607214
v -0.000197086366693 0.12142409354 0.0462688535315
v -9.24916087588e-05 0.121218841963 0.0462759086818
v 9.28235428121e-05 0.121681709834 0.0465497371165
v 0.00596217603689 0.134532312016 0.0962232529753
v 0.0093792157914 0.132751727247 0.0951829244127
v 0.0107394167403 0.13747811627 0.0933663046972
v 0.00596810173323 0.138155415712 0.0952857401263
v 0.000620484479563 0.131238448742 0.0994177615722
v -0.00292484693917 0.128867244266 0.100471960306
v -0.0343794930262 0.0820784967389 -0.0930398558346
v -0.0299466136599 0.079641207698 -0.0928257735359
v -0.0272495363662 0.0852973657411 -0.0857296130752
v -0.0286768821103 0.087721416876 -0.0841990395527
v -0.0304065656347 0.0906589261148 -0.0823442627294
v -0.0273864095931 0.0889983816665 -0.0821984067531
v -0.0258797557855 0.0881699921458 -0.0821256441345
v -0.0241182829796 0.0906139793471 -0.0738917726481
v -0.0256715398724 0.0918004402644 -0.0731729197704
v -0.0295698443347 0.0926517602417 -0.0764465205412
v -0.028893841899 0.0942618073673 -0.0716816268006
v -0.0253557237989 0.0923164766335 -0.0715107562684
v -0.0235906762206 0.091346016857 -0.0714255147331
v -0.0229290789304 0.0911827231235 -0.0652197168858
v -0.0261729037243 0.0930062199269 -0.0641452580821
v -0.0307590123191 0.0953981602775 -0.0683580063583
v -0.026530464509 0.093308020235 -0.0609224509259
v -0.0224499402844 0.0910644633611 -0.0607253853318
v -0.0222865644893 0.0904149348938 -0.0574388339401
v -0.0279203392431 0.0931910222084 -0.0558277277663
v -0.0294046564653 0.0930660741239 -0.0503868163358
v -0.0302138114959 0.0929284255408 -0.0478213816509
v -0.00750473135215 0.125559108429 0.0459143482764
v -0.00387422575865 0.129059126279 0.0510099281978
v 0.000236110629287 0.13302172883 0.056778972489
v 0.00431663485382 0.130778171957 0.0569760380831
v 0.00674899272964 0.13567578967 0.0639613156285
v 0.00506235012478 0.137997946703 0.0654162348512
v 0.00273938326444 0.141196190253 0.0674200554171
v 0.00627750136454 0.139250859519 0.0675909259492
v 0.00804254894282 0.138280399742 0.0676761674845
v 0.0100762920077 0.141471690983 0.0761187355146
v 0.00871901793727 0.142610638176 0.0768135425326
v 0.00462133589226 0.143226203594 0.0734451423869
v 0.00609330955381 0.14481398329 0.0781576782909
v 0.00911346559543 0.143153438842 0.0783035342673
v 0.010620119403 0.142325049321 0.0783762968858
v 0.0110765558709 0.141578518889 0.0844827950113
v 0.00765951611638 0.143359103659 0.0855231235739
v 0.00345481432148 0.145978004628 0.0815499833697
v 0.00698703218746 0.143454228205 0.0888623439884
v 0.0114199115538 0.141016939164 0.0890764262872
v 0.0110796641471 0.139247527717 0.0912213654922
v 0.00371148322802 0.141740831367 0.0925865420503
v -0.0359709805812 0.0922065826263 -0.0825924875202
v -0.0356963971499 0.092639144549 -0.0812400966392
v -0.0338001255127 0.0956264147618 -0.0719004927973
v -0.0337920212347 0.0958160836172 -0.0708414132609
v -0.0021669003493 0.142560797647 0.0672011894204
v -0.00185697571481 0.142997765085 0.0684322751981
v 0.000528894607368 0.146361639802 0.0779094535002
v 0.00046983321981 0.14652082755 0.079071701503
v -0.0901158148076 -0.136681431352 -0.092348933268
v -0.0934577161843 -0.138973939507 -0.0857038227521
v -0.0878669259912 -0.137038806422 -0.0842434082912
v -0.0883684370543 -0.136218553666 -0.0909529430949
v -0.0971193097498 -0.140956362323 -0.081927227918
v -0.0876685959925 -0.137363187557 -0.081590023099
v -0.0957224314484 -0.139212973938 -0.0776810881412
v -0.0859219831333 -0.134622452794 -0.0743394032242
v -0.0935880287829 -0.136549110657 -0.0711930697875
v -0.0850910255323 -0.133318537978 -0.0708898936976
v -0.0813865759484 -0.125859529548 -0.0602514063461
v -0.0814093668334 -0.125847509523 -0.0602163014965
v -0.0814252034001 -0.12583915724 -0.0601919083986
v -0.0868478448546 -0.124114537707 -0.0551913026247
v -0.0546586282618 -0.0861254486442 0.0575095150163
v -0.0592837421725 -0.0883412010182 0.0641592092911
v -0.0537281193225 -0.0863174356674 0.0656761904984
v -0.0545919646741 -0.08610422359 0.0575733011685
v -0.0619548036195 -0.0896147277718 0.0679086124302
v -0.0534578003689 -0.0863841550929 0.06821178852
v -0.0614099077774 -0.0884667138346 0.0722609028111
v -0.0519341129753 -0.0842700875488 0.0753341500702
v -0.0606194345612 -0.0868013051469 0.0785747131024
v -0.051168720804 -0.0832081303817 0.0789119179214
v -0.0476101035682 -0.075745199472 0.0882748379173
v -0.0482166514093 -0.0755111924542 0.0889555240499
v -0.0487492895939 -0.0753056998867 0.089553266555
v -0.0561493469763 -0.0743730726088 0.0921823313153
v -0.0917603761048 -0.130147147864 -0.0964039521534
v -0.0861695859117 -0.12821201478 -0.0949435376926
v -0.0853839031175 -0.125481945714 -0.0959928582765
v -0.0943533946586 -0.126572588261 -0.0993637156002
v -0.0881563182066 -0.135115457773 -0.0922901525003
v -0.0882623776305 -0.135667005719 -0.0916215477976
v -0.0813537283004 -0.125782036386 -0.0601897642963
v -0.0751609204297 -0.110314052424 -0.0510390452582
v -0.0773593392025 -0.111881257027 -0.0509433095608
v -0.0759492908031 -0.110063318726 -0.0503120325147
v -0.0767551275896 -0.109807030002 -0.0495689127415
v -0.0816603936687 -0.108395365868 -0.045483580936
v -0.0548552024765 -0.0773139956962 0.0467322518707
v -0.0696179262956 -0.0893725213886 0.0466023612742
v -0.0534947704909 -0.0810697703341 0.0525895712418
v -0.0525562900087 -0.0767754431396 0.0483609400806
v -0.0545871531621 -0.086068327791 0.0575116591187
v -0.054589278606 -0.08608418445 0.0575388889614
v -0.0467897929929 -0.0737397263069 0.0896120473227
v -0.0423333073209 -0.0616075498494 0.0933147530989
v -0.0529643594515 -0.0692610046683 0.0933467118762
v -0.0477691756207 -0.060922468803 0.0952459880949
v -0.0923277512894 -0.121559390654 -0.0990813469439
v -0.0825273029744 -0.11696886951 -0.0957396620269
v -0.0811682647711 -0.112918741662 -0.0956192029641
v -0.0892326079243 -0.11389932297 -0.0986498931715
v -0.0727957755774 -0.0990894298526 -0.0506966023789
v -0.0720242119178 -0.100645556644 -0.0516842882673
v -0.0712148524075 -0.0981508112823 -0.0518507792128
v -0.0724162489334 -0.0977687185455 -0.0507428854946
v -0.073644262502 -0.0973781605113 -0.0496104462961
v -0.0742954363413 -0.099979801674 -0.0496017523916
v -0.08027349269 -0.103599773162 -0.0456447371455
v -0.0781030813863 -0.0960949773784 -0.0458969363032
v -0.0517443373889 -0.0648851262059 0.0466907183161
v -0.0523955112282 -0.0674867673686 0.0466994122206
v -0.0518801325927 -0.0747837569561 0.0484881304836
v -0.0482410278467 -0.0640644267069 0.0491726740352
v -0.0457555527489 -0.0543017794054 0.0951009327486
v -0.040980562354 -0.0574911424816 0.0931898151739
v -0.0382876154832 -0.0492964963276 0.0929410977865
v -0.0440137536276 -0.0485748326492 0.0949754587692
v -0.0763331831616 -0.099358782313 -0.0922922966027
v -0.0763213554642 -0.0993879821881 -0.0922914175589
v -0.0763043338647 -0.0994300046169 -0.0922901525003
v -0.0762694453633 -0.099341898268 -0.0922413761077
v -0.0732260428012 -0.0903893322923 -0.0532958598784
v -0.0700659020232 -0.0935193432401 -0.0552255004489
v -0.0687383688511 -0.0881680003572 -0.0591247588058
v -0.0736409088207 -0.0866087941548 -0.0546037758339
v -0.0786520649829 -0.0850150436054 -0.0499826300973
v -0.0759325128305 -0.0917289947486 -0.0497805108521
v -0.0783813926593 -0.0929968280371 -0.046920486624
v -0.0791102531593 -0.0848831837217 -0.0496010298539
v -0.0567521398698 -0.0525220093 0.0463185345149
v -0.0540325877174 -0.0592359604433 0.0465206537601
v -0.0442543785439 -0.0538019289737 0.0541855650486
v -0.0424561812191 -0.0491729800575 0.0564466536282
v -0.0349446851726 -0.0380077563983 0.0895945670456
v -0.0349307165644 -0.038023462296 0.08958481748
v -0.0349251047068 -0.0379990821467 0.0895632709301
v -0.0349472293012 -0.0379905464468 0.0895880998117
v -0.034966657948 -0.0379830508473 0.0896099032204
v -0.0349548302505 -0.0380122507224 0.0896107822641
v -0.0349378086511 -0.0380542731513 0.0896120473227
v -0.0374892159274 -0.0466170027208 0.0921476453443
v -0.0436820524522 -0.0435502027261 0.0939285625725
v -0.0432456565652 -0.0369396508377 0.0925512349413
v -0.0809198127774 -0.0932865942528 -0.0925619575027
v -0.072267318964 -0.0854008821004 -0.0830436977649
v -0.0716631073511 -0.083326655075 -0.0816693009456
v -0.0709815068984 -0.0842290183521 -0.0816292277313
v -0.0703146800515 -0.0851118230163 -0.081590023099
v -0.0686295317589 -0.0829919733594 -0.07308454707
v -0.0694010954184 -0.0814358465682 -0.0720968611816
v -0.0705454648325 -0.0804785729147 -0.0732417882809
v -0.0702495823431 -0.0797245772269 -0.0710107050989
v -0.0692108923522 -0.0810996873816 -0.0709496375828
v -0.068194715839 -0.0824449921931 -0.0708898936976
v -0.0683685619438 -0.0846925515979 -0.0659256298503
v -0.0715287027217 -0.0815625406501 -0.0639959892798
v -0.0733134101847 -0.0781086993089 -0.0662914844422
v -0.0769547249034 -0.0761882519632 -0.0606827594986
v -0.0727161416491 -0.081799665307 -0.0604335612265
v -0.0685694291649 -0.0872894519576 -0.0601897642963
v -0.068653899008 -0.0877287261574 -0.0596572615511
v -0.0749969843174 -0.0827877254238 -0.0566591624169
v -0.0773880043867 -0.0760504515451 -0.0602832014781
v -0.0790185455121 -0.0845298640989 -0.0500041765219
v -0.0791973934114 -0.0846127838931 -0.0497395721536
v -0.057118620399 -0.0520368297935 0.0462969880903
v -0.0562297639201 -0.0512449186703 0.0471700730104
v -0.0501881497652 -0.0364745433678 0.0570186639163
v -0.0459495665109 -0.0420859567115 0.0572678621884
v -0.0418028540266 -0.0475757433621 0.0575116591187
v -0.040173596388 -0.0438253428456 0.0608377531887
v -0.0390003501559 -0.0355113045567 0.0663024355579
v -0.047170126963 -0.0355136335268 0.0599064182095
v -0.0386163571797 -0.0327901943413 0.0680909771188
v -0.0375776671888 -0.0341653044961 0.0681520446348
v -0.0365614906756 -0.0355106093076 0.06821178852
v -0.0342451824187 -0.0316703065055 0.0772353171551
v -0.0347172815361 -0.0303853672793 0.0780567266109
v -0.035717296627 -0.0297522127597 0.0771091074187
v -0.0351632321626 -0.0291715978994 0.0788326400747
v -0.0344816317098 -0.0300739611765 0.078872713289
v -0.0338148048629 -0.0309567658407 0.0789119179214
v -0.0343278846 -0.0342110847696 0.0838340057982
v -0.0377588811319 -0.0312609472251 0.0856367178778
v -0.0392983569177 -0.0275762609006 0.0834732007804
v -0.0395532875637 -0.0319108627871 0.0893402423204
v -0.0434371516214 -0.0342969015818 0.0917140807082
v -0.0758822806731 -0.0783470566852 -0.0819091373086
v -0.0751814724516 -0.0771193982357 -0.0777451253495
v -0.0740847524195 -0.0751981913024 -0.071228713029
v -0.0749867125003 -0.0753432447527 -0.0683207454267
v -0.0773488269356 -0.0757231205986 -0.060705161991
v -0.0775000533319 -0.0757859922509 -0.060439701555
v -0.0505822517974 -0.0360094120031 0.056996261424
v -0.0501242827975 -0.0355731352224 0.0576088999351
v -0.0424515272561 -0.0282638084169 0.0678729691887
v -0.0412807775685 -0.0267105728787 0.0719621659863
v -0.0393824054846 -0.0241919995096 0.0785928037117
v -0.0407425702507 -0.0246530134365 0.0815822752209
v -0.0344871215226 0.0286075040102 -0.0816693009456
v -0.033369479004 0.0314555861704 -0.0732417882809
v -0.0330735965145 0.0322095818583 -0.0710107050989
v -0.0361374243562 0.0338254597763 -0.0662914844422
v -0.0397787390749 0.035745907122 -0.0606827594986
v -0.0402120185582 0.0358837075401 -0.0602832014781
v -0.0130121639367 0.0754596157174 0.0570186639163
v -0.00999414113445 0.0764205255584 0.0599064182095
v -0.00144037135115 0.0791439647439 0.0680909771188
v 0.00145868920154 0.0821819463255 0.0771091074187
v 0.00201275366594 0.0827625611858 0.0788326400747
v -0.00212237108914 0.0843578981846 0.0834732007804
v -0.030895867149 0.0374496343467 -0.0922922966027
v -0.0475525052623 0.02537576996 -0.0924993209435
v -0.0314293494575 0.0336785210145 -0.0865121109758
v -0.0308321293507 0.0374665183916 -0.0922413761077
v -0.0319424291946 0.0304242020856 -0.081590023099
v -0.0315120516388 0.0311377427504 -0.0799134223327
v -0.0291957433819 0.0349780455525 -0.0708898936976
v -0.0255836376695 0.0432927790905 -0.0635158583663
v -0.0239543800309 0.0470431796071 -0.0601897642963
v -0.0233010528385 0.0486404163024 -0.0591247588058
v -0.0392563631253 0.0370229977517 -0.0598312210032
v -0.0282035928081 0.0501996225049 -0.0546037758339
v -0.0332147489703 0.0517933730543 -0.0499826300973
v -0.0336729371467 0.051925232938 -0.0496010298539
v -0.0113148238572 0.0842864073596 0.0463185345149
v 0.00130264193679 0.086421052981 0.0564170673271
v 0.00289666495046 0.0871961624023 0.0569791563734
v 0.00298113479358 0.0876354366022 0.0564466536282
v 0.00281219510734 0.0867568882025 0.0575116591187
v 0.00261132788622 0.0841599878428 0.0632475246727
v 0.00243748178147 0.081912428438 0.06821178852
v 0.00287229770133 0.0824594096043 0.0704064418924
v 0.00455744599395 0.0845792592612 0.0789119179214
v 0.0105122113058 0.0988093345129 0.0895632709301
v 0.0104311049235 0.0987502485789 0.0895595036663
v 0.0104900867115 0.0988178702128 0.0895880998117
v 0.0104706580647 0.0988253658123 0.0896099032204
v 0.00219165944746 0.099868765822 0.0925512349413
v -0.0338236409801 0.0440606736149 -0.0963427317293
v -0.0282680181302 0.0460844389657 -0.0948257505219
v -0.0274696185743 0.0487639325725 -0.0956192029641
v -0.0355339617275 0.0477833512642 -0.0986498931715
v -0.0308194254065 0.0375217093962 -0.0922901525003
v -0.0308265174931 0.0374908985409 -0.0922629226576
v -0.0203296092816 0.0615834035075 -0.051398987857
v -0.0215028555137 0.0532693652186 -0.0568636702262
v -0.0175162062108 0.0635318629518 -0.0518507792128
v -0.0187176027366 0.0639139556887 -0.0507428854946
v -0.0199456163053 0.0643045137229 -0.0496104462961
v -0.0297540453107 0.055056385897 -0.0498855613683
v -0.0331508820026 0.0526947811997 -0.0493923940785
v -0.0244044351895 0.0655876968558 -0.0458969363032
v 0.00195430880783 0.0967975480283 0.0466907183161
v -0.0078541201976 0.0875494202023 0.0464156032439
v 0.00430866796571 0.092986779485 0.0525473952713
v 0.00545761835 0.0976182475272 0.0491726740352
v 0.0105470998072 0.0988974408618 0.0896120473227
v 0.0154110307135 0.112386177907 0.0929410977865
v 0.00514660158786 0.105089570011 0.0935072229682
v 0.0096848925691 0.113107841585 0.0949754587692
v -0.0342524665056 0.0527619524407 -0.0989411676106
v -0.0247766717035 0.0569585787265 -0.0958679203515
v -0.0234239267367 0.0610749860943 -0.0959928582765
v -0.0323934182777 0.0599843435481 -0.0993637156002
v -0.0143492005822 0.0755361324272 -0.0503448262053
v -0.0138771014649 0.074251193201 -0.0511662356612
v -0.0132009440488 0.0762428793845 -0.0510390452582
v -0.0139893144222 0.0764936130825 -0.0503120325147
v -0.0147951512087 0.076749901807 -0.0495689127415
v -0.0156215590772 0.0747530012463 -0.0495755769273
v -0.0226100366941 0.0703841351855 -0.0457392574286
v -0.0197004172879 0.0781615659402 -0.045483580936
v 0.0071047739044 0.109242936112 0.0467322518707
v 0.00627836603588 0.107246035552 0.0467255876849
v 0.00626697786031 0.100112992889 0.0490061830897
v 0.00940368637214 0.109781488669 0.0483609400806
v 0.0121089657829 0.119846870912 0.0951209972187
v 0.0167700689168 0.116436305754 0.0930615568493
v 0.01962666906 0.124949381959 0.0933147530989
v 0.0141908007601 0.125634463006 0.0952459880949
v -0.0198945082426 0.0747497580308 -0.092348933268
v -0.0194610484146 0.0740285015924 -0.0923214497134
v -0.0189674410646 0.0732071625518 -0.0922901525003
v -0.0181471304893 0.0752126357169 -0.0909529430949
v -0.0111819240597 0.0855673265925 -0.0602072445734
v -0.0111679554516 0.0855516206949 -0.060216994139
v -0.0111652693834 0.0855716598349 -0.0602514063461
v -0.0111880602685 0.0855836798601 -0.0602163014965
v -0.0112038968351 0.0855920321435 -0.0601919083986
v -0.0111880858435 0.085565723409 -0.0601909059014
v -0.0111700808954 0.0855357640359 -0.0601897642963
v -0.0122624635667 0.080537206579 -0.0552676764194
v -0.0156934600985 0.0834873441236 -0.0534649643398
v -0.0166265382896 0.0873166516759 -0.0551913026247
v -0.0181603069875 0.0823493601994 -0.0497822807097
v -0.0203744892968 0.08126848627 -0.0468192775954
v 0.0037396181256 0.114842394505 0.0465188839025
v 0.015523125162 0.125230623506 0.0574591154622
v 0.0155626783031 0.125305740739 0.0575095150163
v 0.0155784892948 0.125279432004 0.0575105175135
v 0.0155964942429 0.125249472631 0.0575116591187
v 0.0156293418909 0.125326965793 0.0575733011685
v 0.0221303190513 0.135493999947 0.0891646903977
v 0.0225051435729 0.135134441964 0.08894344262
v 0.0226112029967 0.135685989911 0.0882748379173
v 0.0220046551557 0.135919996929 0.0889555240499
v 0.021472016971 0.136125489496 0.089553266555
v 0.0219054767991 0.135404233058 0.0895807501097
v 0.0223990841491 0.134582894018 0.0896120473227
v 0.0204123518542 0.127679451025 0.0922654325149
v 0.0141395260505 0.130563264384 0.0939241556879
v 0.0140719595887 0.137058116774 0.0921823313153
v -0.0268253689196 0.0781223804561 -0.0926777115015
v -0.0241095781002 0.0807944532491 -0.0885554879469
v -0.0196797232129 0.0851529975953 -0.0818315340879
v -0.0145885132535 0.0826755666266 -0.081590023099
v -0.0138231210822 0.0837375237937 -0.0780122552478
v -0.0185981114771 0.0869268868698 -0.0761011376731
v -0.0176625090873 0.0884613146033 -0.071144301128
v -0.0122994336886 0.0858515913378 -0.0708898936976
v -0.0120291147351 0.0857848719123 -0.068354295676
v -0.0182219512598 0.088851671907 -0.0665733784478
v -0.0189579699451 0.0893652375328 -0.0605597372409
v -0.0196743905086 0.0892781814091 -0.0580877309107
v 0.00780860519315 0.129078946128 0.057141686174
v 0.0102386218263 0.131569944938 0.0614068347641
v 0.0139707160761 0.135395697489 0.0679573810896
v 0.0193337914748 0.132785974223 0.06821178852
v 0.0201647490758 0.134089889039 0.0716612980466
v 0.0155036459419 0.137500454197 0.073720738416
v 0.0168201519756 0.139308054771 0.0786704069324
v 0.021911361935 0.136830623802 0.0789119179214
v 0.0221096919336 0.136506242667 0.0815653031136
v 0.01583686613 0.139390056026 0.0832240262866
v 0.0145411562941 0.139498111922 0.0892244883216
v 0.0129896412624 0.138673738349 0.0909147909513
v -0.0732652844607 -0.133098347396 -0.0811555719362
v -0.0731326125376 -0.133062544005 -0.0811275155573
v -0.0731464315738 -0.133039942106 -0.0813123954358
v -0.0756082982294 -0.133554021399 -0.0828715686245
v -0.0733361250057 -0.133133159025 -0.0810620995565
v -0.0731271475945 -0.133071482262 -0.0810544020635
v -0.0724233369591 -0.131967082815 -0.078132710886
v -0.0717195857797 -0.129596585387 -0.0711221861306
v -0.0716465549969 -0.12935059037 -0.0703946788447
v -0.0763397215168 -0.127668445142 -0.0655072081575
v -0.0400133298335 -0.0824162074848 0.068707003373
v -0.0368570528283 -0.0790183789977 0.0792941417797
v -0.0366483626329 -0.078945687102 0.0793489542853
v -0.0372523100404 -0.0797836448209 0.0765258477794
v -0.0368362498171 -0.0789781018491 0.0794398414639
v -0.036627272406 -0.0789164250864 0.0794475389569
v -0.0365292154257 -0.0787107855302 0.0797055323292
v -0.0423715690732 -0.0771471922242 0.0842236641897
v -0.0715679443812 -0.124271555754 -0.0918557013376
v -0.0714352724581 -0.124235752363 -0.0918276449587
v -0.0714136231272 -0.124160525861 -0.0918565587758
v -0.0716143921886 -0.12417951619 -0.0919160021777
v -0.0741854702666 -0.126154793559 -0.0918411578669
v -0.0714900164659 -0.124425975343 -0.0917545314648
v -0.0865283315828 -0.134912876207 -0.0910681805404
v -0.0723182240198 -0.128732958724 -0.0865334634503
v -0.0703892824363 -0.128544197137 -0.0703542726621
v -0.0686356484655 -0.124407077758 -0.067063394952
v -0.0808441240741 -0.125455184904 -0.0601733866531
v -0.0646874265597 -0.115092553956 -0.0596541432607
v -0.0637883181101 -0.11284682062 -0.0583255877851
v -0.0695424212103 -0.111565336496 -0.0546388751255
v -0.0394938603035 -0.0753593765092 0.0568106116399
v -0.0377622528486 -0.0746531252451 0.057332662344
v -0.0376259987053 -0.0740296494412 0.0567187246785
v -0.0445182696266 -0.0752971902868 0.0528605202684
v -0.0540775489358 -0.085741476309 0.0575280367619
v -0.0379208514214 -0.0753788453609 0.0580472801542
v -0.0545104109595 -0.0860467148747 0.057566125104
v -0.0383197263798 -0.0783546116978 0.0631574139763
v -0.0387560572729 -0.0816098142516 0.0687474095555
v -0.0386340461698 -0.0814616424432 0.0693785367876
v -0.0328189450529 -0.064779062093 0.0900610419562
v -0.0301234912522 -0.0630502438769 0.0901476683582
v -0.0300006936882 -0.0627159442012 0.0902496956692
v -0.0391401982211 -0.0618945307114 0.0925211611595
v -0.0682518748379 -0.111697007086 -0.0917949376474
v -0.0684409112507 -0.112546273973 -0.0917911387755
v -0.0702625348644 -0.12073011852 -0.0917545314648
v -0.0671035571064 -0.11145721897 -0.0910676739611
v -0.0679106538957 -0.105755987387 -0.0548719277243
v -0.0633329122287 -0.111443091257 -0.0584192679789
v -0.059842250088 -0.100683579479 -0.0591373217397
v -0.0660947540866 -0.0992910975445 -0.0551312785311
v -0.0381245796996 -0.0651848070732 0.0552369094135
v -0.0335362756984 -0.0619829801094 0.0574880329858
v -0.0333107365433 -0.0613186330085 0.0575304586331
v -0.0359918996611 -0.0618117192212 0.056029578084
v -0.0265458454819 -0.0508479649086 0.0897757457499
v -0.0262803954571 -0.0512597704429 0.0895165411262
v -0.0260494295248 -0.0505449935173 0.0894608108545
v -0.0264337248865 -0.0504421442734 0.0897580022302
v -0.0268853496243 -0.0503212756203 0.0901072621757
v -0.027074386037 -0.0511705425072 0.0901110610475
v -0.0288960096507 -0.0593543870545 0.0901476683582
v -0.0299634190734 -0.0626025174263 0.0902462530299
v -0.0382006828065 -0.0587808603609 0.0924470865017
v -0.0354167361933 -0.0495545167671 0.092227590483
v -0.0721319004863 -0.105786230757 -0.0920335537427
v -0.0652409683065 -0.106753494473 -0.0884636537547
v -0.0610474398829 -0.0961632867078 -0.0826008284486
v -0.0758040032727 -0.0992447061069 -0.0919465978235
v -0.0617843948584 -0.0933003305696 -0.0630480335229
v -0.0588779227183 -0.0958744726787 -0.0646240819876
v -0.0580895512999 -0.0917746518288 -0.0695940207144
v -0.0628049880832 -0.0900845243952 -0.0646833577414
v -0.0671899629895 -0.08851284255 -0.0601168382651
v -0.0635647314892 -0.094035469069 -0.0598938916499
v -0.0596662941367 -0.0999742935286 -0.0596541432607
v -0.0597710421077 -0.100396537071 -0.0593464753171
v -0.0667379528754 -0.0957424867832 -0.0565576598871
v -0.0680844603996 -0.0883136309247 -0.0595437246333
v -0.0404233878512 -0.0487991339546 0.0575845851498
v -0.0367981563509 -0.0543217604736 0.057807531765
v -0.0328997189985 -0.0602605849331 0.0580472801542
v -0.0268021051473 -0.0453533030839 0.0679871576078
v -0.0281459089559 -0.0431063479424 0.0865098259398
v -0.0248973751675 -0.0455400095461 0.0850375345361
v -0.0238442165643 -0.0409646682049 0.080993965342
v -0.0289656945891 -0.03959400336 0.0849546144969
v -0.0307653752726 -0.0444104992909 0.0898686460803
v -0.0353258755928 -0.0473727273541 0.0917313780056
v -0.0653091903271 -0.0895509815463 -0.0813254058825
v -0.060182891859 -0.0940972802753 -0.0810544020635
v -0.0599382320697 -0.0937895079726 -0.0798195267816
v -0.0645159737367 -0.0881024041024 -0.076272186527
v -0.0636332487047 -0.0864903657436 -0.070648749913
v -0.0580629276465 -0.091430449452 -0.0703542726621
v -0.0580737020282 -0.0915697454286 -0.0700466047185
v -0.0650406127959 -0.086915695141 -0.0672577892884
v -0.0679868657601 -0.0878061029648 -0.0601589668488
v -0.0682620373465 -0.0879386158989 -0.0597802795604
v -0.0412202906219 -0.0480923943693 0.0575424565661
v -0.0403473032912 -0.0472841554069 0.0585754751335
v -0.0320000235413 -0.0395559828581 0.0684529323047
v -0.0264297024831 -0.0444960665665 0.0687474095555
v -0.02628614569 -0.0442580578501 0.0693066567239
v -0.0304976841876 -0.037597226748 0.0735021215494
v -0.0288093151385 -0.0353959243707 0.0791765351378
v -0.0236830166705 -0.0399422230997 0.0794475389569
v -0.0237575086193 -0.0404147043566 0.0801621567671
v -0.0308378311155 -0.0362593528913 0.0826216601325
v -0.0174284392702 0.0393889148395 -0.0822910705777
v -0.0156968318153 0.0400951661035 -0.0817690198736
v -0.0156101238703 0.0406451299519 -0.0826008284486
v -0.0303666872601 0.0375637105528 -0.0919465978235
v -0.0232363917563 0.0353763889127 -0.0813016608217
v -0.0157713237641 0.0396226848466 -0.0810544020635
v -0.0177564987458 0.0407366926333 -0.0731646434027
v -0.0131681947445 0.0439385195971 -0.0709135198304
v -0.0159286249248 0.0425246762352 -0.0704504588206
v -0.0130246379514 0.0441765283135 -0.0703542726621
v -0.0126522352872 0.0450337648309 -0.0695940207144
v -0.0173676720705 0.0467238922644 -0.0646833577414
v -0.0217526469769 0.0482955741097 -0.0601168382651
v -0.022647144387 0.048494785735 -0.0595437246333
v 0.00501392816141 0.0880092827051 0.0575845851498
v 0.0178044147064 0.0908892539016 0.0681754130185
v 0.0186193615937 0.0912502071755 0.0684397416119
v 0.0186352108653 0.0914551135757 0.0679871576078
v 0.0157046002386 0.0894590591207 0.068651223397
v 0.018608587212 0.091110911199 0.0687474095555
v 0.014142459848 0.0895053816095 0.075401866246
v 0.0204838916352 0.0934699697196 0.078212663675
v 0.0132634834322 0.0895314460883 0.0792002801986
v 0.0207285514245 0.0937777420222 0.0794475389569
v 0.0215930994484 0.0958437484548 0.080993965342
v 0.0164716214235 0.0972144132997 0.0849546144969
v -0.0145532286412 0.0499856671482 -0.0917949376474
v -0.0307476498467 0.0375283681161 -0.092235686515
v -0.014556965267 0.045220471293 -0.0866443976427
v -0.0134049109097 0.0502254552642 -0.0910676739611
v -0.00655462143605 0.0599410466801 -0.0596541432607
v -0.00614360389123 0.0609990947554 -0.0591373217397
v -0.0216765624168 0.0498105526574 -0.0591259482814
v -0.0123961078899 0.0623915766897 -0.0551312785311
v 0.0195017547858 0.0997160455438 0.0574752836171
v 0.0203167016732 0.100076998818 0.0577396122105
v 0.0203879096535 0.100364041226 0.0575304586331
v 0.0177067465357 0.099870955013 0.056029578084
v 0.0202119537022 0.0996547552755 0.0580472801542
v 0.0194235822838 0.0955549344256 0.063017218881
v 0.0266110739497 0.110390841779 0.0894670177839
v 0.025786627872 0.10643395622 0.0868567906481
v 0.0276492166719 0.111137680717 0.0894608108545
v 0.0272649213102 0.111240529961 0.0897580022302
v 0.0268132965725 0.111361398614 0.0901072621757
v 0.0182819100034 0.112128157467 0.092227590483
v -0.0096996115565 0.0622102872775 -0.091907928642
v -0.00949092136108 0.0622829791733 -0.0918531161364
v -0.00945364674632 0.0623964059481 -0.0918565587758
v -0.0096544158077 0.0623774156184 -0.0919160021777
v -0.0105583307838 0.0590348488014 -0.0917545314648
v -0.0131739449775 0.0509402321898 -0.0911234042327
v -0.0101296032337 0.0683242729585 -0.0548994312669
v -0.00591806473612 0.0616634418563 -0.0590948960924
v -0.00182834172926 0.0737101111882 -0.0583255877851
v -0.00758244482944 0.074991595313 -0.0546388751255
v 0.017537140007 0.107158964894 0.0540016074433
v 0.0238785717942 0.111123553004 0.0568124048723
v 0.0243339776756 0.112527282367 0.0567187246785
v 0.0174417067543 0.111259741522 0.0528605202684
v 0.0308081944299 0.120410580267 0.0901476683582
v 0.0319592826927 0.123840987607 0.0902496956692
v 0.019366610701 0.115124256591 0.0922977635922
v 0.0228197781598 0.124662401097 0.0925211611595
v -0.0144117034432 0.0682543753477 -0.0920369354987
v -0.00933084918234 0.0627307056238 -0.0917545314648
v -0.00292512500885 0.0783912472772 -0.0813123954358
v -0.00538699166444 0.0778771679844 -0.0828715686245
v -0.00108574428962 0.0815539097244 -0.0707261952704
v -0.000820294264744 0.0811421041902 -0.0709853998942
v -0.00220203039412 0.0794641065678 -0.078132710886
v -0.00149827921471 0.0818346039966 -0.0711221861306
v -0.00142524843194 0.0820805990128 -0.0703946788447
v -0.00103248900458 0.0816536091315 -0.0703728484908
v -0.000698283161577 0.0812902759986 -0.0703542726621
v -0.00113461405467 0.0780350734448 -0.0647642770829
v -0.00438314784311 0.0804687350484 -0.0632919856792
v -0.00611841495186 0.0837627442413 -0.0655072081575
v -0.00598742744521 0.0799014229423 -0.05990170206
v -0.00153348901314 0.0750593071078 -0.0596541432607
v -0.00169208758593 0.0743335869921 -0.0589395254506
v -0.0087724100822 0.0784889384573 -0.0564800220852
v 0.0207791476931 0.119615131538 0.0577997213549
v 0.0252330861251 0.114773015703 0.0580472801542
v 0.029181308031 0.124087539505 0.0654565318454
v 0.0300057541086 0.128044425063 0.0680667589812
v 0.0302079767315 0.129014981898 0.068707003373
v 0.0306007361588 0.128587992017 0.0687288337269
v 0.0309349420018 0.128224658884 0.0687474095555
v 0.0329689965246 0.131647544562 0.0765258477794
v 0.0293180152096 0.130714072629 0.0863015932464
v 0.0328638835853 0.128413420471 0.0849266003437
v 0.0336920911393 0.132720403853 0.0797055323292
v 0.0278497374918 0.134283997159 0.0842236641897
v 0.0269548217705 0.129630106813 0.0898652643244
v 0.0320356760313 0.124106437089 0.0901476683582
v 0.0319809320236 0.12391621411 0.0902207818521
v 0.0227237202448 0.126927567326 0.0918569173089
v -0.0115432887056 0.0816195317948 -0.0814513423251
v -0.00282706802856 0.0785968868334 -0.0810544020635
v -0.00280597780164 0.0786261488489 -0.0809558173918
v -0.0110432415347 0.0824478059143 -0.07875498392
v -0.00956151531046 0.0849021253367 -0.0707652077726
v -0.00986577440046 0.0850291472789 -0.0687705630148
v 0.0220717098529 0.131836508222 0.068336474445
v 0.0227612908599 0.132777839876 0.0708975047895
v 0.0249565864829 0.13577458897 0.0790505986952
v 0.03367280716 0.132751944009 0.0794475389569
v 0.0336782721031 0.132743005752 0.0795206524508
v 0.0244210603243 0.135754358968 0.0811567879075
v -0.0723877378808 -0.132947222961 -0.0810258921083
v -0.0723935453576 -0.132787327217 -0.0805539112733
v -0.0358878626923 -0.0787921657858 0.079476048912
v -0.036329267257 -0.0787361566438 0.0796339885646
v -0.0706903978013 -0.124120431319 -0.0917260215097
v -0.0630842114367 -0.126372990848 -0.0846668052024
v -0.0576800936697 -0.124991842164 -0.0835743612717
v -0.0571953931003 -0.122471221231 -0.0866299415154
v -0.0581647942392 -0.127512463097 -0.0805187810279
v -0.0568485555412 -0.125297510382 -0.0754853459426
v -0.0686264146689 -0.127870583908 -0.0702914186003
v -0.0553667201302 -0.12280389325 -0.0698186516266
v -0.0518875551005 -0.114595954018 -0.0632896342625
v -0.054802514374 -0.114109995657 -0.0619039010029
v -0.0598944685479 -0.113261106368 -0.0594832530304
v -0.0626974879136 -0.112962879394 -0.0586498982616
v -0.0331278934096 -0.0735473977725 0.0582181703846
v -0.028851945482 -0.0756924904559 0.0652294471912
v -0.0235083716994 -0.0741900009678 0.0663988935992
v -0.0232238680919 -0.0720674905421 0.062754013227
v -0.0369931895055 -0.0809362010229 0.0688102636173
v -0.0237334949668 -0.0758695103642 0.0692830305911
v -0.0370292044535 -0.0807760081934 0.0698826462536
v -0.022750485458 -0.0746757313326 0.0743678470892
v -0.0216649190506 -0.0733574059217 0.0799831599924
v -0.0179160300921 -0.0641922233289 0.0860943204799
v -0.0355384756241 -0.0779379937067 0.0800455937744
v -0.0214725397888 -0.0637409433188 0.0873668807358
v -0.0293238725877 -0.0627446998535 0.0901761783134
v -0.0298978689441 -0.0627203128484 0.0902385266863
v -0.0706205981273 -0.123567350629 -0.0917306724981
v -0.0551512154617 -0.11647071874 -0.0861854753439
v -0.0528498587124 -0.109715289737 -0.0856850906394
v -0.0654309139878 -0.111252807044 -0.0904360385283
v -0.0526784272635 -0.105561148974 -0.0624638653899
v -0.0497691899748 -0.107990068424 -0.0639450897215
v -0.0480284349736 -0.102561717926 -0.064483706674
v -0.0517778653468 -0.101936643314 -0.0627012768403
v -0.058327503214 -0.100844740826 -0.0595876652322
v -0.0594760854839 -0.109945910462 -0.0595111313095
v -0.0624195394957 -0.111926020624 -0.0587019001882
v -0.0594179061056 -0.100728727516 -0.0592634817961
v -0.0315609280758 -0.0611310322304 0.0581137581827
v -0.0327095103457 -0.0702322018669 0.0581902921055
v -0.0212922458241 -0.0664334860096 0.0632779538907
v -0.0188216580347 -0.059227469059 0.0639480856384
v -0.0193572371438 -0.0556271448257 0.0869131684464
v -0.0158610625458 -0.0578326560514 0.0855984728956
v -0.0140002342958 -0.0520738972483 0.0851494696039
v -0.0182890155258 -0.0515297004368 0.0866840450739
v -0.0292540729136 -0.0621916191638 0.0901715273249
v -0.0298690519229 -0.0626234969029 0.090235913279
v -0.0564997883889 -0.0956075230835 -0.0808835118331
v -0.051828610296 -0.0986446024938 -0.0806515632104
v -0.0491545300833 -0.100383220417 -0.0805187810279
v -0.0480718498953 -0.0991632767816 -0.0746452191228
v -0.050981087184 -0.0967343573314 -0.0731639947913
v -0.0565345987222 -0.0946490992472 -0.0780544328923
v -0.0566301631346 -0.0920179491836 -0.0702877946336
v -0.0506217577411 -0.0959244592644 -0.0699894456245
v -0.0471821633492 -0.0981607947455 -0.0698186516266
v -0.0476052991614 -0.100361256336 -0.0671511791503
v -0.054184542085 -0.0977425545335 -0.0656762442302
v -0.0575582533042 -0.0918632255202 -0.0698465927864
v -0.0591789002064 -0.10029118448 -0.0596299415822
v -0.0594995193158 -0.100480842063 -0.0593918419916
v -0.0324123250681 -0.0605774758847 0.0580714818328
v -0.0307462455065 -0.0591393182625 0.0594417932306
v -0.0249969379712 -0.0450835662981 0.0688138875841
v -0.0189885325777 -0.0489900763789 0.0691122365931
v -0.0155489381858 -0.0512264118599 0.0692830305911
v -0.0139246220207 -0.04842131809 0.0752881072914
v -0.016305316481 -0.0456904682766 0.0769850092248
v -0.024226563319 -0.0445237716546 0.0704795877479
v -0.0199999132004 -0.0414524659079 0.0796184291873
v -0.0153287351074 -0.0444895453182 0.0798503778099
v -0.0126546548948 -0.0462281632415 0.0799831599924
v -0.013405836225 -0.0494915947741 0.0828672969842
v -0.0201056617973 -0.0471877317411 0.0841325942713
v -0.0226457163048 -0.0411167440476 0.0805651281035
v -0.0591511004614 -0.0945203624804 -0.0810065285592
v -0.0590248593368 -0.0942724373397 -0.080102158991
v -0.0576615503542 -0.0915950327102 -0.0703356493846
v -0.0578021792363 -0.0916540504206 -0.070091971393
v -0.0260283251908 -0.0446606498247 0.068766032833
v -0.0259041223975 -0.0445026758824 0.0691606373614
v -0.0226512252728 -0.0403653053048 0.0794954124611
v -0.0231070922343 -0.0405943344235 0.0800680409064
v -0.0110624723763 0.0412008935761 -0.0808835118331
v -0.0110972827096 0.0421593174124 -0.0780544328923
v -0.0111928471219 0.044790467476 -0.0702877946336
v -0.0121209372916 0.0449451911395 -0.0698465927864
v 0.0204403780415 0.0917248503616 0.0688138875841
v 0.0212107526936 0.092284645005 0.0704795877479
v 0.0254374028122 0.0953559507517 0.0796184291873
v 0.0227915997078 0.0956916726121 0.0805651281035
v -0.00508918436919 0.047882592535 -0.0845723644278
v 0.000254389413456 0.0493850820231 -0.0834029180197
v 0.000848787484337 0.0519673844972 -0.0856850906394
v -0.011732267791 0.0504298671905 -0.0904360385283
v -0.000496791916701 0.0461216504905 -0.0805187810279
v 0.000773175209214 0.048314805339 -0.0758237283269
v 0.00239749137426 0.0511198991089 -0.0698186516266
v 0.00567021122316 0.059120956308 -0.064483706674
v -0.0103781645526 0.046782181444 -0.0689597595857
v 0.00192078084991 0.0597460309205 -0.0627012768403
v -0.0046288570173 0.0608379334083 -0.0595876652322
v -0.00571925990882 0.0609539467185 -0.0592634817961
v 0.022137718121 0.100551642004 0.0581137581827
v 0.0292043207159 0.0986132696295 0.0653587879067
v 0.0344538523499 0.100254743585 0.0666155581147
v 0.0348769881621 0.102455205175 0.0639480856384
v 0.0340307165377 0.0980542819944 0.0692830305911
v 0.0349204030838 0.0990567640306 0.0741095980873
v 0.0360030832718 0.100276707666 0.0799831599924
v 0.0396984119009 0.109608776986 0.0851494696039
v 0.0255475569905 0.0988502263068 0.0819015865285
v 0.0354096306709 0.110152973797 0.0866840450739
v -0.00873042142048 0.0624365004895 -0.0917260215097
v -0.0115691032611 0.0516258664397 -0.0906192947668
v 0.00270961573429 0.0577261433004 -0.0861340939311
v 0.00476458328056 0.0640857105779 -0.0866299415154
v 0.00576010455233 0.069057823072 -0.0621166729928
v 0.00814079901262 0.0663269732586 -0.0638135749262
v 0.0100724212804 0.0719609777911 -0.0632896342625
v 0.0071574620069 0.072446936152 -0.0619039010029
v 0.00206550783295 0.0732958254407 -0.0594832530304
v -0.00359680910289 0.0627585250966 -0.0595715683511
v -0.0055360414436 0.0614188238241 -0.0592409154549
v -0.000737511532752 0.0735940524149 -0.0586498982616
v 0.0288320829712 0.113009534036 0.0582181703846
v 0.0231697660354 0.102472233692 0.0581298550638
v 0.0366177431632 0.107883555673 0.063409468686
v 0.038736108289 0.114489441267 0.062754013227
v 0.0388916614077 0.118836449902 0.0871522895874
v 0.0419997686502 0.116364205989 0.0856498543084
v 0.0440439462888 0.12236470848 0.0860943204799
v 0.0404874365921 0.12281598849 0.0873668807358
v 0.0326361037932 0.123812231955 0.0901761783134
v 0.0320621074368 0.12383661896 0.0902385266863
v -0.00914365978539 0.0626389842125 -0.0917456431994
v -0.00838103435225 0.0632906725685 -0.0911564766473
v -0.00216643131585 0.0784839664218 -0.0810258921083
v 0.00518390483247 0.0748823564179 -0.0806768780104
v 0.00851347223911 0.0732508931707 -0.0805187810279
v 0.00959903864652 0.0745692185816 -0.0749034681248
v 0.00610286404856 0.0767747298073 -0.0735887725739
v -0.0021722387926 0.0786438621659 -0.0805539112733
v 0.00656693575146 0.0777303728064 -0.0700093001637
v 0.0105820481552 0.0757629976132 -0.0698186516266
v 0.0103569248879 0.0740834882167 -0.0669345146348
v 0.00365709931558 0.0763873512497 -0.0656692173477
v -0.000411465529155 0.0745095239519 -0.0596008665117
v -0.00104167120098 0.0741539569251 -0.0590336413112
v 0.0263551096091 0.114223232547 0.0581005569032
v 0.0289422371495 0.116503809591 0.0605013277258
v 0.0382001609149 0.124664755692 0.069092382054
v 0.0422152733187 0.122697380499 0.0692830305911
v 0.0436971087296 0.125190997631 0.074949724907
v 0.0405890014872 0.127663241544 0.076452160186
v 0.0343334438727 0.132639023597 0.079476048912
v 0.041683780021 0.129037413593 0.07982506301
v 0.0450133474277 0.127405950346 0.0799831599924
v 0.0445286468582 0.124885329413 0.0830387402362
v 0.0377338813515 0.126940454825 0.0841384253682
v 0.033892039308 0.132695032739 0.0796339885646
v 0.0322228654283 0.124014715678 0.0901565566237
v 0.0320554691345 0.123904384343 0.0902157074288
v -0.00272670206644 0.078579731617 -0.0810500707433
v -0.00271161065114 0.0786051693724 -0.0809661571427
v 0.0337731731221 0.132734788793 0.079451870277
v 0.033752809214 0.132731175985 0.0795155780274
v -0.0482842370522 -0.124915745705 -0.0831916947466
v -0.0445286468582 -0.124885329413 -0.0830387402362
v -0.0440439462888 -0.12236470848 -0.0860943204799
v -0.0515551266768 -0.122425541063 -0.0864002295008
v -0.0525245278156 -0.12746678293 -0.0802890690133
v -0.0450133474277 -0.127405950346 -0.0799831599924
v -0.0506619991621 -0.125247405846 -0.0752333850913
v -0.0436971087296 -0.125190997631 -0.074949724907
v -0.0485651447565 -0.122748807713 -0.0695416428003
v -0.0422152733187 -0.122697380499 -0.0692830305911
v -0.038736108289 -0.114489441267 -0.062754013227
v -0.043862790037 -0.114530961944 -0.062962808398
v -0.0139017954985 -0.0741121979037 0.0667901421338
v -0.0103569248879 -0.0740834882167 0.0669345146348
v -0.0100724212804 -0.0719609777911 0.0632896342625
v -0.0180971863439 -0.072025969865 0.062962808398
v -0.0169319195931 -0.0758144248276 0.0695600394173
v -0.0105820481552 -0.0757629976132 0.0698186516266
v -0.0165007765794 -0.0746251153285 0.0746223799623
v -0.00959903864652 -0.0745692185816 0.0749034681248
v -0.0160246526271 -0.0733117257542 0.080212872007
v -0.00851347223911 -0.0732508931707 0.0805187810279
v -0.00476458328056 -0.0640857105779 0.0866299415154
v -0.0104048497041 -0.0641313907454 0.0864002295008
v -0.0489646590826 -0.116420614204 -0.0859335144926
v -0.0419997686502 -0.116364205989 -0.0856498543084
v -0.0396984119009 -0.109608776986 -0.0851494696039
v -0.0460482833388 -0.1096602042 -0.0854080818132
v -0.0425500401784 -0.107931600978 -0.0636510742763
v -0.0366177431632 -0.107883555673 -0.063409468686
v -0.0348769881621 -0.102455205175 -0.0639480856384
v -0.041471295134 -0.102508612058 -0.064216653012
v -0.0155215926331 -0.0663867498478 0.0635129761877
v -0.00814079901262 -0.0663269732586 0.0638135749262
v -0.00567021122316 -0.059120956308 0.064483706674
v -0.0122273510628 -0.0591740621763 0.064216653012
v -0.00895932461292 -0.0577767593045 0.0858795610581
v -0.00270961573429 -0.0577261433004 0.0861340939311
v -0.000848787484337 -0.0519673844972 0.0856850906394
v -0.00765036285798 -0.0520224700338 0.0854080818132
v -0.0411297650198 -0.100318228343 -0.0801919551635
v -0.0360030832718 -0.100276707666 -0.0799831599924
v -0.0349204030838 -0.0990567640306 -0.0741095980873
v -0.0408527000989 -0.0991048093358 -0.0743512036776
v -0.0406250235096 -0.0981076888771 -0.0695515979646
v -0.0340307165377 -0.0980542819944 -0.0692830305911
v -0.0344538523499 -0.100254743585 -0.0666155581147
v -0.0443267292416 -0.100334703402 -0.0670176523193
v -0.00899179834616 -0.0511733059916 0.069550084253
v -0.00239749137426 -0.0511198991089 0.0698186516266
v -0.000773175209214 -0.048314805339 0.0758237283269
v -0.00654382840028 -0.0483615415009 0.07558870603
v -0.00462988983131 -0.0461631711676 0.0803099858569
v 0.000496791916701 -0.0461216504905 0.0805187810279
v -0.000254389413456 -0.0493850820231 0.0834029180197
v -0.00986096561433 -0.0494628850872 0.0830116694852
v 0.00986096561433 0.0494628850872 -0.0830116694852
v 0.013405836225 0.0494915947741 -0.0828672969842
v 0.0140002342958 0.0520738972483 -0.0851494696039
v 0.00765036285798 0.0520224700338 -0.0854080818132
v 0.00462988983131 0.0461631711676 -0.0803099858569
v 0.0126546548948 0.0462281632415 -0.0799831599924
v 0.00654382840028 0.0483615415009 -0.07558870603
v 0.0139246220207 0.04842131809 -0.0752881072914
v 0.00899179834616 0.0511733059916 -0.069550084253
v 0.0155489381858 0.0512264118599 -0.0692830305911
v 0.0188216580347 0.059227469059 -0.0639480856384
v 0.0122273510628 0.0591740621763 -0.064216653012
v 0.0443267292416 0.100334703402 0.0670176523193
v 0.0476052991614 0.100361256336 0.0671511791503
v 0.0480284349736 0.102561717926 0.064483706674
v 0.041471295134 0.102508612058 0.064216653012
v 0.0406250235096 0.0981076888771 0.0695515979646
v 0.0471821633492 0.0981607947455 0.0698186516266
v 0.0408527000989 0.0991048093358 0.0743512036776
v 0.0480718498953 0.0991632767816 0.0746452191228
v 0.0411297650198 0.100318228343 0.0801919551635
v 0.0491545300833 0.100383220417 0.0805187810279
v 0.0528498587124 0.109715289737 0.0856850906394
v 0.0460482833388 0.1096602042 0.0854080818132
v 0.00895932461292 0.0577767593045 -0.0858795610581
v 0.0158610625458 0.0578326560514 -0.0855984728956
v 0.0179160300921 0.0641922233289 -0.0860943204799
v 0.0104048497041 0.0641313907454 -0.0864002295008
v 0.0155215926331 0.0663867498478 -0.0635129761877
v 0.0212922458241 0.0664334860096 -0.0632779538907
v 0.0232238680919 0.0720674905421 -0.062754013227
v 0.0180971863439 0.072025969865 -0.062962808398
v 0.0425500401784 0.107931600978 0.0636510742763
v 0.0497691899748 0.107990068424 0.0639450897215
v 0.0518875551005 0.114595954018 0.0632896342625
v 0.043862790037 0.114530961944 0.062962808398
v 0.0489646590826 0.116420614204 0.0859335144926
v 0.0551512154617 0.11647071874 0.0861854753439
v 0.0571953931003 0.122471221231 0.0866299415154
v 0.0515551266768 0.122425541063 0.0864002295008
v 0.0160246526271 0.0733117257542 -0.080212872007
v 0.0216649190506 0.0733574059217 -0.0799831599924
v 0.022750485458 0.0746757313326 -0.0743678470892
v 0.0165007765794 0.0746251153285 -0.0746223799623
v 0.0169319195931 0.0758144248276 -0.0695600394173
v 0.0237334949668 0.0758695103642 -0.0692830305911
v 0.0235083716994 0.0741900009678 -0.0663988935992
v 0.0139017954985 0.0741121979037 -0.0667901421338
v 0.0485651447565 0.122748807713 0.0695416428003
v 0.0553667201302 0.12280389325 0.0698186516266
v 0.0568485555412 0.125297510382 0.0754853459426
v 0.0506619991621 0.125247405846 0.0752333850913
v 0.0525245278156 0.12746678293 0.0802890690133
v 0.0581647942392 0.127512463097 0.0805187810279
v 0.0576800936697 0.124991842164 0.0835743612717
v 0.0482842370522 0.124915745705 0.0831916947466
v -0.033752809214 -0.132731175985 -0.0795155780274
v -0.0336782721031 -0.132743005752 -0.0795206524508
v -0.0336920911393 -0.132720403853 -0.0797055323292
v -0.033892039308 -0.132695032739 -0.0796339885646
v -0.0343334438727 -0.132639023597 -0.079476048912
v -0.0337731731221 -0.132734788793 -0.079451870277
v -0.03367280716 -0.132751944009 -0.0794475389569
v -0.0329689965246 -0.131647544562 -0.0765258477794
v 0.00271161065114 -0.0786051693724 0.0809661571427
v 0.00280597780164 -0.0786261488489 0.0809558173918
v 0.00220203039412 -0.0794641065678 0.078132710886
v 0.0021722387926 -0.0786438621659 0.0805539112733
v 0.00216643131585 -0.0784839664218 0.0810258921083
v 0.00272670206644 -0.078579731617 0.0810500707433
v 0.00282706802856 -0.0785968868334 0.0810544020635
v 0.00292512500885 -0.0783912472772 0.0813123954358
v -0.0320554691345 -0.123904384343 -0.0902157074288
v -0.0319809320236 -0.12391621411 -0.0902207818521
v -0.0319592826927 -0.123840987607 -0.0902496956692
v -0.0320621074368 -0.12383661896 -0.0902385266863
v -0.0326361037932 -0.123812231955 -0.0901761783134
v -0.0322228654283 -0.124014715678 -0.0901565566237
v -0.0320356760313 -0.124106437089 -0.0901476683582
v -0.0377338813515 -0.126940454825 -0.0841384253682
v -0.0328638835853 -0.128413420471 -0.0849266003437
v -0.0404874365921 -0.12281598849 -0.0873668807358
v -0.041683780021 -0.129037413593 -0.07982506301
v -0.0405890014872 -0.127663241544 -0.076452160186
v -0.0382001609149 -0.124664755692 -0.069092382054
v -0.0309349420018 -0.128224658884 -0.0687474095555
v -0.0289422371495 -0.116503809591 -0.0605013277258
v -0.029181308031 -0.124087539505 -0.0654565318454
v -0.0288320829712 -0.113009534036 -0.0582181703846
v -0.0263551096091 -0.114223232547 -0.0581005569032
v -0.0252330861251 -0.114773015703 -0.0580472801542
v -0.0243339776756 -0.112527282367 -0.0567187246785
v 0.00104167120098 -0.0741539569251 0.0590336413112
v 0.00169208758593 -0.0743335869921 0.0589395254506
v 0.00182834172926 -0.0737101111882 0.0583255877851
v 0.000737511532752 -0.0735940524149 0.0586498982616
v -0.00206550783295 -0.0732958254407 0.0594832530304
v 0.000411465529155 -0.0745095239519 0.0596008665117
v 0.00153348901314 -0.0750593071078 0.0596541432607
v -0.00365709931558 -0.0763873512497 0.0656692173477
v 0.00113461405467 -0.0780350734448 0.0647642770829
v -0.0071574620069 -0.072446936152 0.0619039010029
v -0.00656693575146 -0.0777303728064 0.0700093001637
v 0.000698283161577 -0.0812902759986 0.0703542726621
v -0.00610286404856 -0.0767747298073 0.0735887725739
v 0.000820294264744 -0.0811421041902 0.0709853998942
v -0.00518390483247 -0.0748823564179 0.0806768780104
v 0.00838103435225 -0.0632906725685 0.0911564766473
v 0.00873042142048 -0.0624365004895 0.0917260215097
v 0.00914365978539 -0.0626389842125 0.0917456431994
v 0.00933084918234 -0.0627307056238 0.0917545314648
v 0.00945364674632 -0.0623964059481 0.0918565587758
v -0.0308081944299 -0.120410580267 -0.0901476683582
v -0.0388916614077 -0.118836449902 -0.0871522895874
v -0.0276492166719 -0.111137680717 -0.0894608108545
v -0.0354096306709 -0.110152973797 -0.0866840450739
v -0.022137718121 -0.100551642004 -0.0581137581827
v -0.0231697660354 -0.102472233692 -0.0581298550638
v -0.0203879096535 -0.100364041226 -0.0575304586331
v -0.0238785717942 -0.111123553004 -0.0568124048723
v 0.0055360414436 -0.0614188238241 0.0592409154549
v 0.00591806473612 -0.0616634418563 0.0590948960924
v 0.00614360389123 -0.0609990947554 0.0591373217397
v 0.00571925990882 -0.0609539467185 0.0592634817961
v 0.0046288570173 -0.0608379334083 0.0595876652322
v 0.00359680910289 -0.0627585250966 0.0595715683511
v -0.00576010455233 -0.069057823072 0.0621166729928
v -0.00192078084991 -0.0597460309205 0.0627012768403
v 0.0115691032611 -0.0516258664397 0.0906192947668
v 0.0131739449775 -0.0509402321898 0.0911234042327
v 0.0134049109097 -0.0502254552642 0.0910676739611
v 0.011732267791 -0.0504298671905 0.0904360385283
v 0.0105583307838 -0.0590348488014 0.0917545314648
v 0.00949092136108 -0.0622829791733 0.0918531161364
v -0.0255475569905 -0.0988502263068 -0.0819015865285
v -0.025786627872 -0.10643395622 -0.0868567906481
v -0.0215930994484 -0.0958437484548 -0.080993965342
v -0.0227915997078 -0.0956916726121 -0.0805651281035
v -0.0254374028122 -0.0953559507517 -0.0796184291873
v -0.0212107526936 -0.092284645005 -0.0704795877479
v -0.0204403780415 -0.0917248503616 -0.0688138875841
v -0.0292043207159 -0.0986132696295 -0.0653587879067
v -0.0194235822838 -0.0955549344256 -0.063017218881
v -0.0186352108653 -0.0914551135757 -0.0679871576078
v -0.0202119537022 -0.0996547552755 -0.0580472801542
v -0.0203167016732 -0.100076998818 -0.0577396122105
v 0.00655462143605 -0.0599410466801 0.0596541432607
v 0.0103781645526 -0.046782181444 0.0689597595857
v 0.0126522352872 -0.0450337648309 0.0695940207144
v 0.0121209372916 -0.0449451911395 0.0698465927864
v 0.0111928471219 -0.044790467476 0.0702877946336
v 0.0110972827096 -0.0421593174124 0.0780544328923
v 0.0110624723763 -0.0412008935761 0.0808835118331
v 0.00508918436919 -0.047882592535 0.0845723644278
v 0.014556965267 -0.045220471293 0.0866443976427
v 0.0156101238703 -0.0406451299519 0.0826008284486
v -0.0207285514245 -0.0937777420222 -0.0794475389569
v -0.0204838916352 -0.0934699697196 -0.078212663675
v -0.018608587212 -0.091110911199 -0.0687474095555
v -0.0186193615937 -0.0912502071755 -0.0684397416119
v 0.0130246379514 -0.0441765283135 0.0703542726621
v 0.0131681947445 -0.0439385195971 0.0709135198304
v 0.0157713237641 -0.0396226848466 0.0810544020635
v 0.0156968318153 -0.0400951661035 0.0817690198736
v 0.0231070922343 0.0405943344235 -0.0800680409064
v 0.0237575086193 0.0404147043566 -0.0801621567671
v 0.0238442165643 0.0409646682049 -0.080993965342
v 0.0226457163048 0.0411167440476 -0.0805651281035
v 0.0199999132004 0.0414524659079 -0.0796184291873
v 0.0226512252728 0.0403653053048 -0.0794954124611
v 0.0236830166705 0.0399422230997 -0.0794475389569
v 0.0259041223975 0.0445026758824 -0.0691606373614
v 0.02628614569 0.0442580578501 -0.0693066567239
v 0.024226563319 0.0445237716546 -0.0704795877479
v 0.0249969379712 0.0450835662981 -0.0688138875841
v 0.0260283251908 0.0446606498247 -0.068766032833
v 0.0264297024831 0.0444960665665 -0.0687474095555
v 0.0268021051473 0.0453533030839 -0.0679871576078
v 0.0578021792363 0.0916540504206 0.070091971393
v 0.0580737020282 0.0915697454286 0.0700466047185
v 0.0580895512999 0.0917746518288 0.0695940207144
v 0.0575582533042 0.0918632255202 0.0698465927864
v 0.0566301631346 0.0920179491836 0.0702877946336
v 0.0576615503542 0.0915950327102 0.0703356493846
v 0.0580629276465 0.091430449452 0.0703542726621
v 0.0590248593368 0.0942724373397 0.080102158991
v 0.0599382320697 0.0937895079726 0.0798195267816
v 0.0565345987222 0.0946490992472 0.0780544328923
v 0.0564997883889 0.0956075230835 0.0808835118331
v 0.0591511004614 0.0945203624804 0.0810065285592
v 0.060182891859 0.0940972802753 0.0810544020635
v 0.0610474398829 0.0961632867078 0.0826008284486
v 0.0201056617973 0.0471877317411 -0.0841325942713
v 0.0248973751675 0.0455400095461 -0.0850375345361
v 0.0260494295248 0.0505449935173 -0.0894608108545
v 0.0182890155258 0.0515297004368 -0.0866840450739
v 0.0153287351074 0.0444895453182 -0.0798503778099
v 0.016305316481 0.0456904682766 -0.0769850092248
v 0.0189885325777 0.0489900763789 -0.0691122365931
v 0.0307462455065 0.0591393182625 -0.0594417932306
v 0.0315609280758 0.0611310322304 -0.0581137581827
v 0.0324123250681 0.0605774758847 -0.0580714818328
v 0.0328997189985 0.0602605849331 -0.0580472801542
v 0.0333107365433 0.0613186330085 -0.0575304586331
v 0.0594995193158 0.100480842063 0.0593918419916
v 0.0597710421077 0.100396537071 0.0593464753171
v 0.059842250088 0.100683579479 0.0591373217397
v 0.0594179061056 0.100728727516 0.0592634817961
v 0.058327503214 0.100844740826 0.0595876652322
v 0.0591789002064 0.10029118448 0.0596299415822
v 0.0596662941367 0.0999742935286 0.0596541432607
v 0.054184542085 0.0977425545335 0.0656762442302
v 0.0588779227183 0.0958744726787 0.0646240819876
v 0.0517778653468 0.101936643314 0.0627012768403
v 0.0506217577411 0.0959244592644 0.0699894456245
v 0.050981087184 0.0967343573314 0.0731639947913
v 0.051828610296 0.0986446024938 0.0806515632104
v 0.0671035571064 0.11145721897 0.0910676739611
v 0.0652409683065 0.106753494473 0.0884636537547
v 0.0654309139878 0.111252807044 0.0904360385283
v 0.0298690519229 0.0626234969029 -0.090235913279
v 0.0299634190734 0.0626025174263 -0.0902462530299
v 0.0300006936882 0.0627159442012 -0.0902496956692
v 0.0298978689441 0.0627203128484 -0.0902385266863
v 0.0293238725877 0.0627446998535 -0.0901761783134
v 0.0292540729136 0.0621916191638 -0.0901715273249
v 0.0288960096507 0.0593543870545 -0.0901476683582
v 0.0193572371438 0.0556271448257 -0.0869131684464
v 0.0262803954571 0.0512597704429 -0.0895165411262
v 0.0214725397888 0.0637409433188 -0.0873668807358
v 0.0331278934096 0.0735473977725 -0.0582181703846
v 0.0327095103457 0.0702322018669 -0.0581902921055
v 0.0376259987053 0.0740296494412 -0.0567187246785
v 0.0335362756984 0.0619829801094 -0.0574880329858
v 0.0624195394957 0.111926020624 0.0587019001882
v 0.0633329122287 0.111443091257 0.0584192679789
v 0.0637883181101 0.11284682062 0.0583255877851
v 0.0626974879136 0.112962879394 0.0586498982616
v 0.0598944685479 0.113261106368 0.0594832530304
v 0.0594760854839 0.109945910462 0.0595111313095
v 0.0526784272635 0.105561148974 0.0624638653899
v 0.054802514374 0.114109995657 0.0619039010029
v 0.0706903978013 0.124120431319 0.0917260215097
v 0.0706205981273 0.123567350629 0.0917306724981
v 0.0702625348644 0.12073011852 0.0917545314648
v 0.0714136231272 0.124160525861 0.0918565587758
v 0.0301234912522 0.0630502438769 -0.0901476683582
v 0.0355384756241 0.0779379937067 -0.0800455937744
v 0.0365292154257 0.0787107855302 -0.0797055323292
v 0.036329267257 0.0787361566438 -0.0796339885646
v 0.0358878626923 0.0787921657858 -0.079476048912
v 0.0370292044535 0.0807760081934 -0.0698826462536
v 0.0386340461698 0.0814616424432 -0.0693785367876
v 0.0372523100404 0.0797836448209 -0.0765258477794
v 0.0369931895055 0.0809362010229 -0.0688102636173
v 0.0387560572729 0.0816098142516 -0.0687474095555
v 0.0383197263798 0.0783546116978 -0.0631574139763
v 0.028851945482 0.0756924904559 -0.0652294471912
v 0.0379208514214 0.0753788453609 -0.0580472801542
v 0.0377622528486 0.0746531252451 -0.057332662344
v 0.0646874265597 0.115092553956 0.0596541432607
v 0.0686356484655 0.124407077758 0.067063394952
v 0.0686264146689 0.127870583908 0.0702914186003
v 0.0703892824363 0.128544197137 0.0703542726621
v 0.0724233369591 0.131967082815 0.078132710886
v 0.0723935453576 0.132787327217 0.0805539112733
v 0.0723877378808 0.132947222961 0.0810258921083
v 0.0630842114367 0.126372990848 0.0846668052024
v 0.0723182240198 0.128732958724 0.0865334634503
v 0.0731464315738 0.133039942106 0.0813123954358
v 0.0714900164659 0.124425975343 0.0917545314648
v 0.0714352724581 0.124235752363 0.0918276449587
v 0.036627272406 0.0789164250864 -0.0794475389569
v 0.0366483626329 0.078945687102 -0.0793489542853
v 0.0731271475945 0.133071482262 0.0810544020635
v 0.0731326125376 0.133062544005 0.0811275155573
v -0.0244210603243 -0.135754358968 -0.0811567879075
v -0.0221096919336 -0.136506242667 -0.0815653031136
v -0.0226112029967 -0.135685989911 -0.0882748379173
v -0.0278497374918 -0.134283997159 -0.0842236641897
v -0.0249565864829 -0.13577458897 -0.0790505986952
v -0.021911361935 -0.136830623802 -0.0789119179214
v -0.0227612908599 -0.132777839876 -0.0708975047895
v -0.0201647490758 -0.134089889039 -0.0716612980466
v -0.0302079767315 -0.129014981898 -0.068707003373
v -0.0220717098529 -0.131836508222 -0.068336474445
v -0.0193337914748 -0.132785974223 -0.06821178852
v -0.0156293418909 -0.125326965793 -0.0575733011685
v 0.00986577440046 -0.0850291472789 0.0687705630148
v 0.0120291147351 -0.0857848719123 0.068354295676
v 0.0111652693834 -0.0855716598349 0.0602514063461
v 0.00611841495186 -0.0837627442413 0.0655072081575
v 0.00142524843194 -0.0820805990128 0.0703946788447
v 0.00956151531046 -0.0849021253367 0.0707652077726
v 0.0122994336886 -0.0858515913378 0.0708898936976
v 0.0110432415347 -0.0824478059143 0.07875498392
v 0.0138231210822 -0.0837375237937 0.0780122552478
v 0.00149827921471 -0.0818346039966 0.0711221861306
v 0.0115432887056 -0.0816195317948 0.0814513423251
v 0.0145885132535 -0.0826755666266 0.081590023099
v 0.0181471304893 -0.0752126357169 0.0909529430949
v 0.00538699166444 -0.0778771679844 0.0828715686245
v -0.0227237202448 -0.126927567326 -0.0918569173089
v -0.0204123518542 -0.127679451025 -0.0922654325149
v -0.01962666906 -0.124949381959 -0.0933147530989
v -0.0228197781598 -0.124662401097 -0.0925211611595
v -0.0269548217705 -0.129630106813 -0.0898652643244
v -0.0223990841491 -0.134582894018 -0.0896120473227
v -0.0293180152096 -0.130714072629 -0.0863015932464
v -0.0225051435729 -0.135134441964 -0.08894344262
v -0.0306007361588 -0.128587992017 -0.0687288337269
v -0.0300057541086 -0.128044425063 -0.0680667589812
v -0.0207791476931 -0.119615131538 -0.0577997213549
v -0.0155964942429 -0.125249472631 -0.0575116591187
v -0.00940368637214 -0.109781488669 -0.0483609400806
v -0.0174417067543 -0.111259741522 -0.0528605202684
v 0.0087724100822 -0.0784889384573 0.0564800220852
v 0.0122624635667 -0.080537206579 0.0552676764194
v 0.0132009440488 -0.0762428793845 0.0510390452582
v 0.00758244482944 -0.074991595313 0.0546388751255
v 0.00598742744521 -0.0799014229423 0.05990170206
v 0.0111700808954 -0.0855357640359 0.0601897642963
v 0.00438314784311 -0.0804687350484 0.0632919856792
v 0.0111679554516 -0.0855516206949 0.060216994139
v 0.00103248900458 -0.0816536091315 0.0703728484908
v 0.00108574428962 -0.0815539097244 0.0707261952704
v 0.0144117034432 -0.0682543753477 0.0920369354987
v 0.0189674410646 -0.0732071625518 0.0922901525003
v 0.0234239267367 -0.0610749860943 0.0959928582765
v 0.0096544158077 -0.0623774156184 0.0919160021777
v -0.019366610701 -0.115124256591 -0.0922977635922
v -0.0167700689168 -0.116436305754 -0.0930615568493
v -0.0154110307135 -0.112386177907 -0.0929410977865
v -0.0182819100034 -0.112128157467 -0.092227590483
v -0.0268132965725 -0.111361398614 -0.0901072621757
v -0.0272649213102 -0.111240529961 -0.0897580022302
v -0.017537140007 -0.107158964894 -0.0540016074433
v -0.00626697786031 -0.100112992889 -0.0490061830897
v -0.00545761835 -0.0976182475272 -0.0491726740352
v -0.0177067465357 -0.099870955013 -0.056029578084
v 0.0101296032337 -0.0683242729585 0.0548994312669
v 0.0138771014649 -0.074251193201 0.0511662356612
v 0.0175162062108 -0.0635318629518 0.0518507792128
v 0.0123961078899 -0.0623915766897 0.0551312785311
v 0.0145532286412 -0.0499856671482 0.0917949376474
v 0.0096996115565 -0.0622102872775 0.091907928642
v 0.0247766717035 -0.0569585787265 0.0958679203515
v 0.0274696185743 -0.0487639325725 0.0956192029641
v -0.0105470998072 -0.0988974408618 -0.0896120473227
v -0.0266110739497 -0.110390841779 -0.0894670177839
v -0.0105122113058 -0.0988093345129 -0.0895632709301
v -0.0164716214235 -0.0972144132997 -0.0849546144969
v -0.00501392816141 -0.0880092827051 -0.0575845851498
v -0.0195017547858 -0.0997160455438 -0.0574752836171
v -0.00430866796571 -0.092986779485 -0.0525473952713
v -0.00298113479358 -0.0876354366022 -0.0564466536282
v 0.0216765624168 -0.0498105526574 0.0591259482814
v 0.0215028555137 -0.0532693652186 0.0568636702262
v 0.0233010528385 -0.0486404163024 0.0591247588058
v 0.022647144387 -0.048494785735 0.0595437246333
v 0.0217526469769 -0.0482955741097 0.0601168382651
v 0.0173676720705 -0.0467238922644 0.0646833577414
v 0.0307476498467 -0.0375283681161 0.092235686515
v 0.0308265174931 -0.0374908985409 0.0922629226576
v 0.0308321293507 -0.0374665183916 0.0922413761077
v 0.0303666872601 -0.0375637105528 0.0919465978235
v 0.0308194254065 -0.0375217093962 0.0922901525003
v 0.0282680181302 -0.0460844389657 0.0948257505219
v -0.0132634834322 -0.0895314460883 -0.0792002801986
v -0.00455744599395 -0.0845792592612 -0.0789119179214
v -0.00287229770133 -0.0824594096043 -0.0704064418924
v -0.014142459848 -0.0895053816095 -0.075401866246
v -0.0157046002386 -0.0894590591207 -0.068651223397
v -0.00243748178147 -0.081912428438 -0.06821178852
v -0.00261132788622 -0.0841599878428 -0.0632475246727
v -0.0178044147064 -0.0908892539016 -0.0681754130185
v -0.00281219510734 -0.0867568882025 -0.0575116591187
v -0.00289666495046 -0.0871961624023 -0.0569791563734
v 0.0239543800309 -0.0470431796071 0.0601897642963
v 0.0255836376695 -0.0432927790905 0.0635158583663
v 0.0159286249248 -0.0425246762352 0.0704504588206
v 0.0291957433819 -0.0349780455525 0.0708898936976
v 0.0315120516388 -0.0311377427504 0.0799134223327
v 0.0177564987458 -0.0407366926333 0.0731646434027
v 0.0232363917563 -0.0353763889127 0.0813016608217
v 0.0319424291946 -0.0304242020856 0.081590023099
v 0.0314293494575 -0.0336785210145 0.0865121109758
v 0.0174284392702 -0.0393889148395 0.0822910705777
v 0.0308378311155 0.0362593528913 -0.0826216601325
v 0.0343278846 0.0342110847696 -0.0838340057982
v 0.0349251047068 0.0379990821467 -0.0895632709301
v 0.0289656945891 0.03959400336 -0.0849546144969
v 0.0288093151385 0.0353959243707 -0.0791765351378
v 0.0338148048629 0.0309567658407 -0.0789119179214
v 0.0304976841876 0.037597226748 -0.0735021215494
v 0.0342451824187 0.0316703065055 -0.0772353171551
v 0.0320000235413 0.0395559828581 -0.0684529323047
v 0.0365614906756 0.0355106093076 -0.06821178852
v 0.0403473032912 0.0472841554069 -0.0585754751335
v 0.040173596388 0.0438253428456 -0.0608377531887
v 0.0404233878512 0.0487991339546 -0.0575845851498
v 0.0412202906219 0.0480923943693 -0.0575424565661
v 0.0418028540266 0.0475757433621 -0.0575116591187
v 0.0424561812191 0.0491729800575 -0.0564466536282
v 0.0682620373465 0.0879386158989 0.0597802795604
v 0.068653899008 0.0877287261574 0.0596572615511
v 0.0687383688511 0.0881680003572 0.0591247588058
v 0.0680844603996 0.0883136309247 0.0595437246333
v 0.0671899629895 0.08851284255 0.0601168382651
v 0.0679868657601 0.0878061029648 0.0601589668488
v 0.0685694291649 0.0872894519576 0.0601897642963
v 0.0650406127959 0.086915695141 0.0672577892884
v 0.0683685619438 0.0846925515979 0.0659256298503
v 0.0628049880832 0.0900845243952 0.0646833577414
v 0.0636332487047 0.0864903657436 0.070648749913
v 0.068194715839 0.0824449921931 0.0708898936976
v 0.0645159737367 0.0881024041024 0.076272186527
v 0.0686295317589 0.0829919733594 0.07308454707
v 0.0653091903271 0.0895509815463 0.0813254058825
v 0.0703146800515 0.0851118230163 0.081590023099
v 0.0762694453633 0.099341898268 0.0922413761077
v 0.0758040032727 0.0992447061069 0.0919465978235
v 0.0353258755928 0.0473727273541 -0.0917313780056
v 0.0374892159274 0.0466170027208 -0.0921476453443
v 0.0382876154832 0.0492964963276 -0.0929410977865
v 0.0354167361933 0.0495545167671 -0.092227590483
v 0.0268853496243 0.0503212756203 -0.0901072621757
v 0.0307653752726 0.0444104992909 -0.0898686460803
v 0.0349378086511 0.0380542731513 -0.0896120473227
v 0.0281459089559 0.0431063479424 -0.0865098259398
v 0.0349307165644 0.038023462296 -0.08958481748
v 0.0264337248865 0.0504421442734 -0.0897580022302
v 0.0367981563509 0.0543217604736 -0.057807531765
v 0.0482410278467 0.0640644267069 -0.0491726740352
v 0.0442543785439 0.0538019289737 -0.0541855650486
v 0.0359918996611 0.0618117192212 -0.056029578084
v 0.0667379528754 0.0957424867832 0.0565576598871
v 0.0700659020232 0.0935193432401 0.0552255004489
v 0.0712148524075 0.0981508112823 0.0518507792128
v 0.0660947540866 0.0992910975445 0.0551312785311
v 0.0635647314892 0.094035469069 0.0598938916499
v 0.0617843948584 0.0933003305696 0.0630480335229
v 0.0682518748379 0.111697007086 0.0917949376474
v 0.0721319004863 0.105786230757 0.0920335537427
v 0.0763043338647 0.0994300046169 0.0922901525003
v 0.0811682647711 0.112918741662 0.0956192029641
v 0.0382006828065 0.0587808603609 -0.0924470865017
v 0.040980562354 0.0574911424816 -0.0931898151739
v 0.0423333073209 0.0616075498494 -0.0933147530989
v 0.0391401982211 0.0618945307114 -0.0925211611595
v 0.027074386037 0.0511705425072 -0.0901110610475
v 0.0265458454819 0.0508479649086 -0.0897757457499
v 0.0381245796996 0.0651848070732 -0.0552369094135
v 0.0518801325927 0.0747837569561 -0.0484881304836
v 0.0525562900087 0.0767754431396 -0.0483609400806
v 0.0445182696266 0.0752971902868 -0.0528605202684
v 0.0679106538957 0.105755987387 0.0548719277243
v 0.0720242119178 0.100645556644 0.0516842882673
v 0.0751609204297 0.110314052424 0.0510390452582
v 0.0695424212103 0.111565336496 0.0546388751255
v 0.0684409112507 0.112546273973 0.0917911387755
v 0.0853839031175 0.125481945714 0.0959928582765
v 0.0825273029744 0.11696886951 0.0957396620269
v 0.0716143921886 0.12417951619 0.0919160021777
v 0.0328189450529 0.064779062093 -0.0900610419562
v 0.0467897929929 0.0737397263069 -0.0896120473227
v 0.0476101035682 0.075745199472 -0.0882748379173
v 0.0423715690732 0.0771471922242 -0.0842236641897
v 0.0400133298335 0.0824162074848 -0.068707003373
v 0.0545104109595 0.0860467148747 -0.057566125104
v 0.054589278606 0.08608418445 -0.0575388889614
v 0.0545919646741 0.08610422359 -0.0575733011685
v 0.0540775489358 0.085741476309 -0.0575280367619
v 0.0545871531621 0.086068327791 -0.0575116591187
v 0.0534947704909 0.0810697703341 -0.0525895712418
v 0.0394938603035 0.0753593765092 -0.0568106116399
v 0.0808441240741 0.125455184904 0.0601733866531
v 0.0813537283004 0.125782036386 0.0601897642963
v 0.0813865759484 0.125859529548 0.0602514063461
v 0.0763397215168 0.127668445142 0.0655072081575
v 0.0716465549969 0.12935059037 0.0703946788447
v 0.0717195857797 0.129596585387 0.0711221861306
v 0.0865283315828 0.134912876207 0.0910681805404
v 0.0882623776305 0.135667005719 0.0916215477976
v 0.0883684370543 0.136218553666 0.0909529430949
v 0.0756082982294 0.133554021399 0.0828715686245
v 0.0741854702666 0.126154793559 0.0918411578669
v 0.0881563182066 0.135115457773 0.0922901525003
v 0.0861695859117 0.12821201478 0.0949435376926
v 0.0715679443812 0.124271555754 0.0918557013376
v 0.0368362498171 0.0789781018491 -0.0794398414639
v 0.051168720804 0.0832081303817 -0.0789119179214
v 0.0519341129753 0.0842700875488 -0.0753341500702
v 0.0368570528283 0.0790183789977 -0.0792941417797
v 0.0534578003689 0.0863841550929 -0.06821178852
v 0.0537281193225 0.0863174356674 -0.0656761904984
v 0.0850910255323 0.133318537978 0.0708898936976
v 0.0859219831333 0.134622452794 0.0743394032242
v 0.0733361250057 0.133133159025 0.0810620995565
v 0.0876685959925 0.137363187557 0.081590023099
v 0.0878669259912 0.137038806422 0.0842434082912
v 0.0732652844607 0.133098347396 0.0811555719362
v -0.0129896412624 -0.138673738349 -0.0909147909513
v -0.0110796641471 -0.139247527717 -0.0912213654922
v -0.0107394167403 -0.13747811627 -0.0933663046972
v -0.0140719595887 -0.137058116774 -0.0921823313153
v -0.021472016971 -0.136125489496 -0.089553266555
v -0.0145411562941 -0.139498111922 -0.0892244883216
v -0.0114199115538 -0.141016939164 -0.0890764262872
v -0.01583686613 -0.139390056026 -0.0832240262866
v -0.0110765558709 -0.141578518889 -0.0844827950113
v -0.0220046551557 -0.135919996929 -0.0889555240499
v -0.0168201519756 -0.139308054771 -0.0786704069324
v -0.010620119403 -0.142325049321 -0.0783762968858
v -0.0155036459419 -0.137500454197 -0.073720738416
v -0.0100762920077 -0.141471690983 -0.0761187355146
v -0.0139707160761 -0.135395697489 -0.0679573810896
v -0.00804254894282 -0.138280399742 -0.0676761674845
v -0.0102386218263 -0.131569944938 -0.0614068347641
v -0.00674899272964 -0.13567578967 -0.0639613156285
v -0.0155626783031 -0.125305740739 -0.0575095150163
v -0.00780860519315 -0.129078946128 -0.057141686174
v -0.00431663485382 -0.130778171957 -0.0569760380831
v -9.28235428121e-05 -0.121681709834 -0.0465497371165
v 0.0196743905086 -0.0892781814091 0.0580877309107
v 0.0222865644893 -0.0904149348938 0.0574388339401
v 0.0219316446584 -0.0890038902922 0.0502990843651
v 0.0166265382896 -0.0873166516759 0.0551913026247
v 0.0112038968351 -0.0855920321435 0.0601919083986
v 0.0189579699451 -0.0893652375328 0.0605597372409
v 0.0224499402844 -0.0910644633611 0.0607253853318
v 0.0182219512598 -0.088851671907 0.0665733784478
v 0.0229290789304 -0.0911827231235 0.0652197168858
v 0.0111880602685 -0.0855836798601 0.0602163014965
v 0.0176625090873 -0.0884613146033 0.071144301128
v 0.0235906762206 -0.091346016857 0.0714255147331
v 0.0185981114771 -0.0869268868698 0.0761011376731
v 0.0241182829796 -0.0906139793471 0.0738917726481
v 0.0196797232129 -0.0851529975953 0.0818315340879
v 0.0258797557855 -0.0881699921458 0.0821256441345
v 0.0241095781002 -0.0807944532491 0.0885554879469
v 0.0272495363662 -0.0852973657411 0.0857296130752
v 0.0198945082426 -0.0747497580308 0.092348933268
v 0.0268253689196 -0.0781223804561 0.0926777115015
v 0.0299466136599 -0.079641207698 0.0928257735359
v 0.0325782378559 -0.0732074838564 0.0971156519458
v -0.0141395260505 -0.130563264384 -0.0939241556879
v -0.0093792157914 -0.132751727247 -0.0951829244127
v -0.0075710461657 -0.126468748929 -0.0975978297938
v -0.0141908007601 -0.125634463006 -0.0952459880949
v -0.0219054767991 -0.135404233058 -0.0895807501097
v -0.0221303190513 -0.135493999947 -0.0891646903977
v -0.0155784892948 -0.125279432004 -0.0575105175135
v -0.015523125162 -0.125230623506 -0.0574591154622
v -0.0071047739044 -0.109242936112 -0.0467322518707
v -0.0037396181256 -0.114842394505 -0.0465188839025
v 9.24916087588e-05 -0.121218841963 -0.0462759086818
v 0.00597161654216 -0.106375428898 -0.0380462932483
v 0.0203744892968 -0.08126848627 0.0468192775954
v 0.0231839632935 -0.0835438181015 0.0454346996542
v 0.0241285347575 -0.0794359136532 0.041795640497
v 0.0197004172879 -0.0781615659402 0.045483580936
v 0.0147951512087 -0.076749901807 0.0495689127415
v 0.0181603069875 -0.0823493601994 0.0497822807097
v 0.0219924167219 -0.0887258076577 0.0500252559304
v 0.0156934600985 -0.0834873441236 0.0534649643398
v 0.0219597279861 -0.0888753857574 0.050172545735
v 0.0139893144222 -0.0764936130825 0.0503120325147
v 0.0111880858435 -0.085565723409 0.0601909059014
v 0.0111819240597 -0.0855673265925 0.0602072445734
v 0.0194610484146 -0.0740285015924 0.0923214497134
v 0.0376711974654 -0.0593425936222 0.101347177042
v 0.035955809963 -0.0640125029192 0.0999219339965
v 0.0323934182777 -0.0599843435481 0.0993637156002
v -0.0121089657829 -0.119846870912 -0.0951209972187
v -0.00668161184868 -0.123818107698 -0.0975189943173
v -0.00335540781923 -0.113905544877 -0.0972241744814
v -0.0096848925691 -0.113107841585 -0.0949754587692
v -0.00195430880783 -0.0967975480283 -0.0466907183161
v -0.00627836603588 -0.107246035552 -0.0467255876849
v 0.00993194888334 -0.0941910237112 -0.0387953023064
v 0.0088182946806 -0.0976173053653 -0.0385846793047
v 0.0226100366941 -0.0703841351855 0.0457392574286
v 0.0251963215876 -0.0762854686287 0.0419815931612
v 0.0284295326005 -0.0667460612658 0.0425446495551
v 0.0244044351895 -0.0655876968558 0.0458969363032
v 0.0199456163053 -0.0643045137229 0.0496104462961
v 0.0156215590772 -0.0747530012463 0.0495755769273
v 0.0143492005822 -0.0755361324272 0.0503448262053
v 0.0187176027366 -0.0639139556887 0.0507428854946
v 0.0342524665056 -0.0527619524407 0.0989411676106
v 0.0407844034291 -0.049869097671 0.101059645022
v 0.041716889303 -0.0470315401004 0.10097352173
v 0.0355339617275 -0.0477833512642 0.0986498931715
v -0.00514660158786 -0.105089570011 -0.0935072229682
v -0.00165697249118 -0.109195414743 -0.0960617038325
v 0.00153670591621 -0.100338650724 -0.0938758346687
v -0.00219165944746 -0.099868765822 -0.0925512349413
v -0.0104706580647 -0.0988253658123 -0.0896099032204
v -0.0104900867115 -0.0988178702128 -0.0895880998117
v 0.0113148238572 -0.0842864073596 -0.0463185345149
v 0.0078541201976 -0.0875494202023 -0.0464156032439
v 0.0125362555584 -0.0840185609513 -0.0455072016582
v 0.0110508186827 -0.089820700709 -0.0416788880042
v 0.0331508820026 -0.0526947811997 0.0493923940785
v 0.0329961993222 -0.0548779477566 0.047962871233
v 0.0340865561095 -0.0520442664512 0.0492565489068
v 0.0336729371467 -0.051925232938 0.0496010298539
v 0.0332147489703 -0.0517933730543 0.0499826300973
v 0.0297540453107 -0.055056385897 0.0498855613683
v 0.0203296092816 -0.0615834035075 0.051398987857
v 0.0282035928081 -0.0501996225049 0.0546037758339
v 0.030895867149 -0.0374496343467 0.0922922966027
v 0.0338236409801 -0.0440606736149 0.0963427317293
v 0.0436709475579 -0.0404735622524 0.0990315713832
v 0.0450861057517 -0.0357241766782 0.0976251819173
v 0.00665309991941 -0.0866004308639 -0.0890764262872
v -0.0104311049235 -0.0987502485789 -0.0895595036663
v 0.00683129182515 -0.0861746064871 -0.0887576925014
v 0.00212237108914 -0.0843578981846 -0.0834732007804
v -0.00201275366594 -0.0827625611858 -0.0788326400747
v -0.00145868920154 -0.0821819463255 -0.0771091074187
v 0.00144037135115 -0.0791439647439 -0.0680909771188
v 0.00999414113445 -0.0764205255584 -0.0599064182095
v 0.0130121639367 -0.0754596157174 -0.0570186639163
v -0.00130264193679 -0.086421052981 -0.0564170673271
v 0.0134656400748 -0.0792398301091 -0.0512094326308
v 0.01424823509 -0.0751700486769 -0.0561429565797
v 0.0126830450596 -0.0833096115412 -0.0462759086818
v 0.0126067006382 -0.0836783322746 -0.0458761083385
v 0.0345829701727 -0.0508165772359 0.0500252559304
v 0.0392563631253 -0.0370229977517 0.0598312210032
v 0.040635906762 -0.0360185211512 0.0598923038284
v 0.0402120185582 -0.0358837075401 0.0602832014781
v 0.0397787390749 -0.035745907122 0.0606827594986
v 0.0361374243562 -0.0338254597763 0.0662914844422
v 0.0330735965145 -0.0322095818583 0.0710107050989
v 0.033369479004 -0.0314555861704 0.0732417882809
v 0.0344871215226 -0.0286075040102 0.0816693009456
v 0.0475525052623 -0.02537576996 0.0924993209435
v 0.0480349786611 -0.0251273163341 0.0926784837313
v 0.0480528500269 -0.025013963341 0.0925070397501
v 0.0480196251331 -0.0252246993982 0.0928257735359
v 0.0460108020785 -0.03241455884 0.0961123249275
v 0.0123690841813 -0.0731062481543 -0.0783762968858
v 0.0139103149191 -0.0711369304387 -0.0706850675088
v 0.0145132626374 -0.0703665100244 -0.0676761674845
v 0.0144454988416 -0.0721671174246 -0.0630791468069
v 0.0143555340923 -0.0745576445732 -0.0569760380831
v 0.0143040407177 -0.0748515406324 -0.0565762377399
v 0.0411221092305 -0.0348439359777 0.0607253853318
v 0.0420905275635 -0.0326443794083 0.0627877700292
v 0.0461464878008 -0.0234321271389 0.0714255147331
v 0.0481930652186 -0.0200636501784 0.0794691775023
v 0.0488689593698 -0.0189511909787 0.0821256441345
v 0.0485080834332 -0.0216320923478 0.0867162004108
v 0.0407425702507 0.0246530134365 -0.0815822752209
v 0.0435520442474 0.022377681605 -0.0829668531621
v 0.0440072776537 0.0257595525981 -0.0887576925014
v 0.0392983569177 0.0275762609006 -0.0834732007804
v 0.0351632321626 0.0291715978994 -0.0788326400747
v 0.0393824054846 0.0241919995096 -0.0785928037117
v 0.0431911683107 0.0196967802359 -0.0783762968858
v 0.0412807775685 0.0267105728787 -0.0719621659863
v 0.043867062462 0.0208092394356 -0.0757198302537
v 0.035717296627 0.0297522127597 -0.0771091074187
v 0.0386163571797 0.0327901943413 -0.0680909771188
v 0.0424515272561 0.0282638084169 -0.0678729691887
v 0.0459136398797 0.024177716396 -0.0676761674845
v 0.0501242827975 0.0355731352224 -0.0576088999351
v 0.0499696001171 0.0333899686654 -0.0590384227806
v 0.047170126963 0.0355136335268 -0.0599064182095
v 0.0501881497652 0.0364745433678 -0.0570186639163
v 0.0505822517974 0.0360094120031 -0.056996261424
v 0.05093801845 0.0355895252349 -0.0569760380831
v 0.0514242209185 0.0367641104083 -0.0561429565797
v 0.0775000533319 0.0757859922509 0.060439701555
v 0.0777560869629 0.0755971298895 0.0603255849885
v 0.0778118925905 0.075915637934 0.0598923038284
v 0.0773880043867 0.0760504515451 0.0602832014781
v 0.0769547249034 0.0761882519632 0.0606827594986
v 0.0773488269356 0.0757231205986 0.060705161991
v 0.0777045935883 0.0753032338303 0.0607253853318
v 0.0749867125003 0.0753432447527 0.0683207454267
v 0.0776146288389 0.0729127066818 0.0668284940556
v 0.0733134101847 0.0781086993089 0.0662914844422
v 0.0702495823431 0.0797245772269 0.0710107050989
v 0.0740847524195 0.0751981913024 0.071228713029
v 0.0775468650431 0.0711120992816 0.0714255147331
v 0.0751814724516 0.0771193982357 0.0777451253495
v 0.0781498127615 0.0718825196958 0.0744344147574
v 0.0705454648325 0.0804785729147 0.0732417882809
v 0.0716631073511 0.083326655075 0.0816693009456
v 0.0758822806731 0.0783470566852 0.0819091373086
v 0.0796910434993 0.0738518374115 0.0821256441345
v 0.0852288358554 0.0869201957442 0.0925070397501
v 0.0434371516214 0.0342969015818 -0.0917140807082
v 0.0460493256021 0.0331601480971 -0.0923629776789
v 0.0469740219288 0.0364697659354 -0.0938758346687
v 0.0432456565652 0.0369396508377 -0.0925512349413
v 0.034966657948 0.0379830508473 -0.0896099032204
v 0.0395532875637 0.0319108627871 -0.0893402423204
v 0.0440405025475 0.0259702886553 -0.0890764262872
v 0.0377588811319 0.0312609472251 -0.0856367178778
v 0.0440251490194 0.0258729055913 -0.0889291364826
v 0.0349472293012 0.0379905464468 -0.0895880998117
v 0.0344816317098 0.0300739611765 -0.078872713289
v 0.0347172815361 0.0303853672793 -0.0780567266109
v 0.0375776671888 0.0341653044961 -0.0681520446348
v 0.0390003501559 0.0355113045567 -0.0663024355579
v 0.0459495665109 0.0420859567115 -0.0572678621884
v 0.0562297639201 0.0512449186703 -0.0471700730104
v 0.0567521398698 0.0525220093 -0.0463185345149
v 0.057118620399 0.0520368297935 -0.0462969880903
v 0.0574771575079 0.051562166493 -0.0462759086818
v 0.057973571571 0.0527898557084 -0.0455072016582
v 0.0791973934114 0.0846127838931 0.0497395721536
v 0.0794534270424 0.0844239215318 0.0496254555872
v 0.0795238721221 0.0847641502085 0.0492565489068
v 0.0791102531593 0.0848831837217 0.0496010298539
v 0.0786520649829 0.0850150436054 0.0499826300973
v 0.0790185455121 0.0845298640989 0.0500041765219
v 0.079377082621 0.0840552007984 0.0500252559304
v 0.0749969843174 0.0827877254238 0.0566591624169
v 0.0785944876058 0.0799854193662 0.0549587798794
v 0.0736409088207 0.0866087941548 0.0546037758339
v 0.0727161416491 0.081799665307 0.0604335612265
v 0.0715287027217 0.0815625406501 0.0639959892798
v 0.0692108923522 0.0810996873816 0.0709496375828
v 0.0694010954184 0.0814358465682 0.0720968611816
v 0.0709815068984 0.0842290183521 0.0816292277313
v 0.072267318964 0.0854008821004 0.0830436977649
v 0.0763331831616 0.099358782313 0.0922922966027
v 0.0809198127774 0.0932865942528 0.0925619575027
v 0.0854070277611 0.087346020121 0.0928257735359
v 0.0905234217643 0.101084239981 0.0976251819173
v 0.0436820524522 0.0435502027261 -0.0939285625725
v 0.0483891801227 0.0412191515095 -0.0952822241346
v 0.0503432383775 0.0477771293575 -0.0972241744814
v 0.0440137536276 0.0485748326492 -0.0949754587692
v 0.0349548302505 0.0380122507224 -0.0896107822641
v 0.0349446851726 0.0380077563983 -0.0895945670456
v 0.0517443373889 0.0648851262059 -0.0466907183161
v 0.0540325877174 0.0592359604433 -0.0465206537601
v 0.0636305950801 0.0674916505229 -0.0387953023064
v 0.0590639283584 0.0556235370138 -0.0442135239844
v 0.0783813926593 0.0929968280371 0.046920486624
v 0.0810093089979 0.0905662899662 0.0454282352528
v 0.0821281787972 0.0949366129684 0.0425446495551
v 0.0781030813863 0.0960949773784 0.0458969363032
v 0.073644262502 0.0973781605113 0.0496104462961
v 0.0759325128305 0.0917289947486 0.0497805108521
v 0.0732260428012 0.0903893322923 0.0532958598784
v 0.0724162489334 0.0977687185455 0.0507428854946
v 0.0763213554642 0.0993879821881 0.0922914175589
v 0.0954155354998 0.114651134134 0.10097352173
v 0.0937171001717 0.109941004001 0.0998110510812
v 0.0892326079243 0.11389932297 0.0986498931715
v 0.0457555527489 0.0543017794054 -0.0951009327486
v 0.0512757242514 0.0506146869281 -0.0973102977736
v 0.0543889302152 0.0600881828794 -0.0975978297938
v 0.0477691756207 0.060922468803 -0.0952459880949
v 0.0548552024765 0.0773139956962 -0.0467322518707
v 0.0523955112282 0.0674867673686 -0.0466994122206
v 0.067931592923 0.0801815029103 -0.0380462932483
v 0.0668638060929 0.0770310578858 -0.0382322459126
v 0.08027349269 0.103599773162 0.0456447371455
v 0.083241833 0.0983628946224 0.0423340265534
v 0.0860885111384 0.107121018155 0.041795640497
v 0.0816603936687 0.108395365868 0.045483580936
v 0.0767551275896 0.109807030002 0.0495689127415
v 0.0742954363413 0.099979801674 0.0496017523916
v 0.0727957755774 0.0990894298526 0.0506966023789
v 0.0759492908031 0.110063318726 0.0503120325147
v 0.0923277512894 0.121559390654 0.0990813469439
v 0.0987417395292 0.124563696955 0.101268341566
v 0.0996311738463 0.127214338186 0.101347177042
v 0.0943533946586 0.126572588261 0.0993637156002
v 0.0529643594515 0.0692610046683 -0.0933467118762
v 0.0561043177175 0.0647580921764 -0.0961725867478
v 0.0594818898247 0.0739530731135 -0.0933663046972
v 0.0561493469763 0.0743730726088 -0.0921823313153
v 0.0487492895939 0.0753056998867 -0.089553266555
v 0.0482166514093 0.0755111924542 -0.0889555240499
v 0.0546586282618 0.0861254486442 -0.0575095150163
v 0.0696179262956 0.0893725213886 -0.0466023612742
v 0.0701003996945 0.0896209750145 -0.0464231984863
v 0.0701284830222 0.0897494795494 -0.0465497371165
v 0.0700677109587 0.0894713969149 -0.0462759086818
v 0.0688761643871 0.0842894073586 -0.0416853524055
v 0.0919676360718 0.12196443122 0.0500252559304
v 0.0773593392025 0.111881257027 0.0509433095608
v 0.0921529512234 0.122427299091 0.0502990843651
v 0.0868478448546 0.124114537707 0.0551913026247
v 0.0814252034001 0.12583915724 0.0601919083986
v 0.0814093668334 0.125847509523 0.0602163014965
v 0.0901158148076 0.136681431352 0.092348933268
v 0.0917603761048 0.130147147864 0.0964039521534
v 0.101439343472 0.133497316504 0.0989322716613
v 0.102799544421 0.138223705527 0.0971156519458
v 0.0621135140207 0.0803867969552 -0.0890764262872
v 0.0648105913143 0.0860429549982 -0.0819802658266
v 0.0606194345612 0.0868013051469 -0.0785747131024
v 0.0661803718951 0.0889155814029 -0.0783762968858
v 0.0679418447009 0.0913595686043 -0.0701424253994
v 0.0614099077774 0.0884667138346 -0.0722609028111
v 0.0619548036195 0.0896147277718 -0.0679086124302
v 0.06846945146 0.0920916061141 -0.0676761674845
v 0.0691310487502 0.0919283123806 -0.0614703696371
v 0.0592837421725 0.0883412010182 -0.0641592092911
v 0.0696101873961 0.0918100526182 -0.0569760380831
v 0.0697735631913 0.0911605241509 -0.0536894866915
v 0.0963767625344 0.131523761214 0.0607253853318
v 0.0988091204102 0.136421378927 0.0677106628771
v 0.0935880287829 0.136549110657 0.0711930697875
v 0.100102676623 0.139025989 0.0714255147331
v 0.102136419688 0.14221728024 0.0798680827633
v 0.0957224314484 0.139212973938 0.0776810881412
v 0.0971193097498 0.140956362323 0.081927227918
v 0.102680247084 0.143070638579 0.0821256441345
v 0.103136683551 0.142324108146 0.0882321422599
v 0.0934577161843 0.138973939507 0.0857038227521
v 0.103480039234 0.141762528421 0.0928257735359
v 0.103139791828 0.139993116974 0.0949707127408
v -0.00046983321981 -0.14652082755 -0.079071701503
v 0.00080770167639 -0.146908586469 -0.0792793482468
v -0.000126437308208 -0.147446380169 -0.0858292672993
v -0.00345481432148 -0.145978004628 -0.0815499833697
v -0.00609330955381 -0.14481398329 -0.0781576782909
v -0.000528894607368 -0.146361639802 -0.0779094535002
v 0.00101288283371 -0.146790461505 -0.0778406758503
v 0.00185697571481 -0.142997765085 -0.0684322751981
v 0.0031557157295 -0.143506815256 -0.0687182864386
v -0.00462133589226 -0.143226203594 -0.0734451423869
v -0.00273938326444 -0.141196190253 -0.0674200554171
v 0.0021669003493 -0.142560797647 -0.0672011894204
v 0.00352632402061 -0.142938900452 -0.067140546449
v 0.00614791214531 -0.138137094818 -0.0582388916959
v 0.0337920212347 -0.0958160836172 0.0708414132609
v 0.0349482438246 -0.0961829728607 0.0706430795928
v 0.0337324724092 -0.0972097373806 0.0630594810156
v 0.0307590123191 -0.0953981602775 0.0683580063583
v 0.028893841899 -0.0942618073673 0.0716816268006
v 0.0338001255127 -0.0956264147618 0.0719004927973
v 0.035159549184 -0.0960045175663 0.0719611357687
v 0.0356963971499 -0.092639144549 0.0812400966392
v 0.037134206556 -0.0931773803477 0.0809399773658
v 0.0295698443347 -0.0926517602417 0.0764465205412
v 0.0304065656347 -0.0906589261148 0.0823442627294
v 0.0359709805812 -0.0922065826263 0.0825924875202
v 0.0375127580223 -0.0926354043297 0.08266126517
v 0.0400068218627 -0.0879004520299 0.090649856619
v -0.00371148322802 -0.141740831367 -0.0925865420503
v 0.000434506221114 -0.143143784246 -0.093354710974
v 0.00119812643681 -0.139172678738 -0.0981686166964
v -0.00596810173323 -0.138155415712 -0.0952857401263
v -0.00698703218746 -0.143454228205 -0.0888623439884
v -0.000329113994579 -0.147114889753 -0.0885408052517
v -0.00765951611638 -0.143359103659 -0.0855231235739
v -0.00027167685759 -0.147208831788 -0.0877723746067
v -0.00911346559543 -0.143153438842 -0.0783035342673
v -0.00871901793727 -0.142610638176 -0.0768135425326
v -0.00627750136454 -0.139250859519 -0.0675909259492
v -0.00506235012478 -0.137997946703 -0.0654162348512
v -0.000236110629287 -0.13302172883 -0.056778972489
v 0.00677416270541 -0.136876122546 -0.0564404170476
v 0.00387422575865 -0.129059126279 -0.0510099281978
v 0.00719661794541 -0.135966316732 -0.0553976040162
v 0.000280001483891 -0.121586802062 -0.0462632607214
v 0.00750473135215 -0.125559108429 -0.0459143482764
v 0.0111089049826 -0.127540757864 -0.0457402876463
v 0.0154967601733 -0.117957720508 -0.0352928272096
v 0.0302138114959 -0.0929284255408 0.0478213816509
v 0.0328877217497 -0.0942047110361 0.0470836586663
v 0.0326449545653 -0.0925148541158 0.0401134165293
v 0.0274124405812 -0.0908043109364 0.0450756602101
v 0.022179926597 -0.0890937677569 0.0500379038908
v 0.0294046564653 -0.0930660741239 0.0503868163358
v 0.0330088300957 -0.0950477235587 0.0505608769659
v 0.0279203392431 -0.0931910222084 0.0558277277663
v 0.0331956544327 -0.0957904757221 0.0543191312671
v 0.0220607747447 -0.0890506350729 0.0501632458205
v 0.026530464509 -0.093308020235 0.0609224509259
v 0.0335407378437 -0.0971624139507 0.0612610063673
v 0.0261729037243 -0.0930062199269 0.0641452580821
v 0.0335864362375 -0.0971736931101 0.061689658356
v 0.0253557237989 -0.0923164766335 0.0715107562684
v 0.0256715398724 -0.0918004402644 0.0731729197704
v 0.0273864095931 -0.0889983816665 0.0821984067531
v 0.0286768821103 -0.087721416876 0.0841990395527
v 0.0343794930262 -0.0820784967389 0.0930398558346
v 0.0410374112191 -0.0857391582876 0.0933613945714
v 0.0469435883018 -0.0712998958856 0.102989206016
v 0.0440708432205 -0.0716813703217 0.101814628088
v 0.00292484693917 -0.128867244266 -0.100471960306
v 0.00420238183537 -0.129255003185 -0.100679607049
v 0.00468590325094 -0.127689406677 -0.100995607636
v 0.00308373640471 -0.127574632054 -0.100683687006
v -0.00269862939484 -0.127160400006 -0.0995579370936
v -0.000620484479563 -0.131238448742 -0.0994177615722
v 0.00200102860163 -0.136382776275 -0.099240934653
v -0.00596217603689 -0.134532312016 -0.0962232529753
v 0.0014256632219 -0.138382040146 -0.0984725040081
v -0.00594936433576 -0.126698950498 -0.0982502104382
v 0.000197086366693 -0.12142409354 -0.0462688535315
v 0.000556728361202 -0.121108125018 -0.0459412199001
v 0.00956992783672 -0.105517258942 -0.0354521116872
v 0.012270534652 -0.110816796105 -0.0352699497188
v 0.0156772634328 -0.117501992067 -0.0350401582449
v 0.0217580508728 -0.102359371278 -0.0259237665261
v 0.0310926110957 -0.084772310664 0.0366547692296
v 0.0337405194004 -0.0874426339409 0.0350068188907
v 0.0346449940499 -0.083238945771 0.0307443558458
v 0.0304185390868 -0.0816653903343 0.0353190725702
v 0.0266032029247 -0.0802448989264 0.0394487941222
v 0.02930380974 -0.0855444360893 0.0396309560907
v 0.0327105385208 -0.0922296320518 0.0398607475646
v 0.0266623140789 -0.0867857293822 0.0434433472642
v 0.0326739551785 -0.0923887315804 0.0400016886707
v 0.0253658688411 -0.0798404062898 0.0406222173096
v 0.0220970114798 -0.0889310592344 0.0500323110807
v 0.0220408188706 -0.0889558076521 0.0501229621968
v 0.043534545844 -0.0585639942502 0.103744521532
v 0.0456126907593 -0.0626420429858 0.103884697054
v 0.0482342038404 -0.0677863705192 0.104061523973
v 0.0517171416718 -0.0579089103723 0.105816196956
v 0.00694899595327 -0.116517390159 -0.100532663402
v 0.00824773596796 -0.11702644033 -0.100818674643
v 0.00886376381553 -0.115182253719 -0.10078807364
v 0.00745109329765 -0.115081054067 -0.100513045431
v 0.00235263697403 -0.114715815326 -0.0995204436211
v -0.000481725858219 -0.121698711436 -0.0995414819306
v -0.00532433777829 -0.124957054891 -0.0982138013353
v -0.00145560471104 -0.114175226418 -0.0979884395506
v 0.0146211942056 -0.0930726742618 -0.0354146182148
v 0.0108239800127 -0.102427705282 -0.0354428033738
v 0.0257000291311 -0.0902021981409 -0.0267534845159
v 0.0248748846634 -0.0927469671629 -0.0265798059302
v 0.033328158493 -0.0738879595795 0.0355747490627
v 0.0353380472697 -0.0811984506999 0.0308774866335
v 0.0389643459758 -0.070521861334 0.0315740738356
v 0.0351225569885 -0.0690915212498 0.0357324279374
v 0.0316544692936 -0.0678003142465 0.0394862875947
v 0.0278572551007 -0.0771553452665 0.0394581024357
v 0.0259252756483 -0.0783369869176 0.040669262053
v 0.030042000947 -0.0672731877562 0.0410154685749
v 0.0485858122128 -0.0461194095704 0.103782015005
v 0.0457514493806 -0.0531023056807 0.103760976695
v 0.0558006112913 -0.0455418057564 0.10560866296
v 0.0523740333963 -0.0559194628105 0.105782811777
v 0.0126519840347 -0.10431353283 -0.099240934653
v 2.96701136871e-05 -0.111517571776 -0.0975166230553
v 0.0134742490933 -0.102033213193 -0.0986781466679
v 0.00592876463476 -0.10096211384 -0.0956427004276
v 0.0270014032067 -0.0805687329308 -0.035078637747
v 0.0246151934108 -0.0829787913788 -0.0351433959335
v 0.028139864154 -0.0802737628382 -0.0341886197495
v 0.026814880069 -0.0856655285279 -0.0301508730323
v 0.0438690038015 -0.0561986055937 0.0392278857127
v 0.0432675452455 -0.0594740377588 0.0370700620004
v 0.044785841137 -0.0555760390623 0.0390092090692
v 0.0443910589456 -0.055429057332 0.039436521488
v 0.0440346782947 -0.0552963729155 0.0398222680625
v 0.0416484684988 -0.0577064313635 0.039757509876
v 0.032018780096 -0.0642915922195 0.0417878765296
v 0.0390606172021 -0.0536703196833 0.0445394084847
v 0.0583056253366 -0.0346704070851 0.103335581824
v 0.0593164838737 -0.0342695667637 0.103632871984
v 0.0594514561976 -0.0338165887075 0.103498735988
v 0.0579437444166 -0.0340167991282 0.102882278582
v 0.0588851592735 -0.035717127074 0.104061523973
v 0.0562573362071 -0.0440870786554 0.105379580149
v 0.0106635860766 -0.0937519597104 -0.0938104458032
v 0.0139859782634 -0.100659150163 -0.0981981216217
v 0.0187250161753 -0.0879341831803 -0.0937526902768
v 0.0148456758392 -0.0873835016506 -0.0921920841815
v 0.00706936180184 -0.0862796354935 -0.0890637783268
v 0.00696408947949 -0.0862331926468 -0.0889284300308
v 0.0276824951235 -0.0717501718193 -0.0458201560466
v 0.0138964308659 -0.0830202282279 -0.0454011252549
v 0.0291720430124 -0.0752256197479 -0.0397754081817
v 0.030006397122 -0.0711959388155 -0.0441447524417
v 0.0282678168836 -0.0795927616452 -0.0350401582449
v 0.0282045414551 -0.0799295316574 -0.0346190537997
v 0.0453010919716 -0.0543204016299 0.0398607475646
v 0.0488145144374 -0.0414772519331 0.0490056499909
v 0.051180638353 -0.0397796055105 0.0489653417614
v 0.0503815292948 -0.0395183715122 0.0497231751635
v 0.0495824202366 -0.039257137514 0.0504810085656
v 0.0452889397748 -0.037702907912 0.0549975403348
v 0.0484358870155 -0.0249039040278 0.0928384214962
v 0.0531923382502 -0.0298073740216 0.0980674896094
v 0.061404605758 -0.0268259925096 0.100303269672
v 0.0624620192998 -0.0230413611457 0.0985732795964
v 0.0239433801993 -0.0740321949452 -0.0885408052517
v 0.00734608867915 -0.0858009584493 -0.0887417375056
v 0.0241134037287 -0.0736309649488 -0.0882220714659
v 0.0197880857107 -0.071722770307 -0.0826610236005
v 0.0163592881547 -0.0702100923728 -0.0782526292927
v 0.0171919503534 -0.0693119213203 -0.075586854347
v 0.019713214444 -0.0665922993352 -0.0675150064188
v 0.0283370255205 -0.0636238978272 -0.0586060394336
v 0.0303960833657 -0.0629151496463 -0.0564788965497
v 0.0155937709454 -0.0741934365857 -0.0561012546563
v 0.0308693830919 -0.0663988281057 -0.0504755375831
v 0.0315303469936 -0.0626264071386 -0.0556073355442
v 0.0302594936734 -0.0698797438163 -0.0457402876463
v 0.0301329453977 -0.0705378413159 -0.044942520044
v 0.0521594187866 -0.0373867095109 0.0505608769659
v 0.0565724828102 -0.0244514917041 0.0603862229404
v 0.0579180186656 -0.0234748796129 0.0604279248639
v 0.0575251599527 -0.0233326657036 0.0608411930442
v 0.0571626585039 -0.0232014410509 0.0612225268652
v 0.053845220466 -0.0211802957829 0.0671340000258
v 0.0513464396075 -0.0196579164497 0.0715866757988
v 0.0517718208636 -0.0186447782827 0.0745850325758
v 0.0528591633432 -0.0160550351972 0.0822493117277
v 0.0648201650765 -0.0128439698405 0.0930267057897
v 0.0653209851712 -0.0125741533669 0.0932204534653
v 0.0653349619305 -0.0124703218027 0.0930426607856
v 0.065309905413 -0.0126564634795 0.0933613945714
v 0.0634098785205 -0.0195849655533 0.096838612871
v 0.0299935261361 -0.0595318760097 -0.0778406758503
v 0.0316642449814 -0.0574398005941 -0.0693803235356
v 0.0321065478133 -0.0568859486497 -0.067140546449
v 0.0319069003074 -0.0591851536013 -0.0622512612363
v 0.0316696221576 -0.0619177251635 -0.0564404170476
v 0.031599221614 -0.062275948373 -0.0560193126024
v 0.0584361972959 -0.0222040165681 0.0612610063673
v 0.0598194153427 -0.0190084722619 0.0640516919315
v 0.0637397729767 -0.00995156576421 0.0719611357687
v 0.066051573239 -0.00611085096294 0.0809443966997
v 0.0664934013247 -0.00537681883406 0.08266126517
v 0.0659517610288 -0.00869345936418 0.0875151938439
v 0.0497633519701 0.0123223974002 -0.0810466541854
v 0.0524112602747 0.00965207412335 -0.0826946045242
v 0.0530280593731 0.0134289365619 -0.0882220714659
v 0.0487027413551 0.0153371312037 -0.0826610236005
v 0.0452739437991 0.0168498091379 -0.0782526292927
v 0.048403187204 0.0118613834734 -0.0780571826762
v 0.0518696199789 0.00633543359323 -0.0778406758503
v 0.0503015592879 0.0143799568425 -0.0714265449508
v 0.0523114480645 0.00706946572212 -0.0761238073801
v 0.0461066059978 0.0177479801904 -0.075586854347
v 0.0486278700884 0.0204676021755 -0.0675150064188
v 0.0514723089756 0.0159331923807 -0.0673373481531
v 0.0546232483269 0.0109101805234 -0.067140546449
v 0.0591450645169 0.0232425191862 -0.0570732788996
v 0.0585436059609 0.0199670870211 -0.0592311026118
v 0.0572516811649 0.0234360036835 -0.0586060394336
v 0.0593107390101 0.0241447518644 -0.0564788965497
v 0.0596030335168 0.0236787959669 -0.0564606403884
v 0.0599268240077 0.0231626313272 -0.0564404170476
v 0.060445002638 0.0244334943721 -0.0556073355442
v 0.0865208350514 0.0634553762147 0.0609753225905
v 0.0867637996895 0.0632345631322 0.0608399019221
v 0.08683267431 0.0635850218978 0.0604279248639
v 0.0864398155971 0.0637272358071 0.0608411930442
v 0.0860773141483 0.0638584604598 0.0612225268652
v 0.0863696086551 0.0633925045623 0.0612407830265
v 0.0866933991459 0.0628763399227 0.0612610063673
v 0.0840074942197 0.0630126287164 0.0688563664623
v 0.0864561209961 0.0601437683605 0.067071850556
v 0.0827598761104 0.0658796057278 0.0671340000258
v 0.0802610952519 0.067401985061 0.0715866757988
v 0.083105534139 0.0628675752662 0.0717643340645
v 0.0862564734903 0.0578445634089 0.0719611357687
v 0.084202254171 0.0647887821995 0.0782807463851
v 0.0866987763222 0.0583984153532 0.0742009128553
v 0.080686476508 0.068415123228 0.0745850325758
v 0.0817738189876 0.0710048663135 0.0822493117277
v 0.0849030623926 0.066016440649 0.0824447583441
v 0.0883694951674 0.0604904907688 0.08266126517
v 0.0942496175749 0.074589579708 0.0930426607856
v 0.0522792325293 0.0218198658079 -0.0912803005668
v 0.0549531427831 0.0205435803125 -0.0920180235513
v 0.0559010020038 0.0239999759049 -0.0937526902768
v 0.0520216616677 0.0245506574345 -0.0921920841815
v 0.0442453476304 0.0256545235917 -0.0890637783268
v 0.0486492317605 0.0196348009152 -0.0888022917893
v 0.0530531158906 0.0136150782387 -0.0885408052517
v 0.0470303950327 0.0191357703242 -0.0849582055521
v 0.0530420361323 0.013532768126 -0.0883998641456
v 0.044140075308 0.0257009664383 -0.0889284300308
v 0.0442325560549 0.0182732946869 -0.0783144630893
v 0.0445960165226 0.0187577211466 -0.077032161362
v 0.0472707549841 0.0223226592858 -0.0675955869517
v 0.0489921808909 0.0239763242026 -0.0652134174839
v 0.05512437873 0.0298671385496 -0.0567274673164
v 0.0640905751528 0.0379638728467 -0.0472955146213
v 0.064858480952 0.0401839872659 -0.0458201560466
v 0.0655310417345 0.039264655768 -0.0457802218464
v 0.066203602517 0.0383453242701 -0.0457402876463
v 0.0671823829506 0.0407382202697 -0.0441447524417
v 0.0877395192923 0.0718899779071 0.0500024090976
v 0.0882300759058 0.0714964560751 0.0497631093636
v 0.0883566241815 0.0721545535747 0.0489653417614
v 0.0875575151233 0.072415787573 0.0497231751635
v 0.0867584060651 0.0726770215712 0.0504810085656
v 0.0874309668476 0.0717576900734 0.0505209427658
v 0.0881035276301 0.0708383585755 0.0505608769659
v 0.0839226222362 0.0703791526609 0.0571405613723
v 0.0874936382117 0.0673574428649 0.0552961269028
v 0.0824649256033 0.0742312511732 0.0549975403348
v 0.0818909538683 0.0695808471451 0.0609739560985
v 0.0808357201331 0.0694664537945 0.0646947349174
v 0.0789039801475 0.0692570421713 0.071506095266
v 0.0791697559936 0.0697180102104 0.0730586954538
v 0.0807324312434 0.0724283518625 0.0821874779311
v 0.0825078323372 0.0740696615742 0.0842744391023
v 0.085611872844 0.0870302550574 0.0928384214962
v 0.0900157569741 0.0810105323809 0.0930999080338
v 0.0944196411042 0.0749908097044 0.0933613945714
v 0.0996380051283 0.0888927979395 0.0985732795964
v 0.051683100356 0.0303840607824 -0.0939740838527
v 0.0569584155456 0.0277846072688 -0.0954826803519
v 0.058911565106 0.0347752034666 -0.0986781466679
v 0.0513660806474 0.0358463028195 -0.0956427004276
v 0.0441470413613 0.0258060609627 -0.0890698481518
v 0.0441062399039 0.0257924836965 -0.0889787200208
v 0.0613161436963 0.0456444373441 -0.0460388742143
v 0.0718485435256 0.0549896330757 -0.0359149416718
v 0.0724387192193 0.0562396837289 -0.035078637747
v 0.072737801141 0.055778654249 -0.0350601712247
v 0.0730619293319 0.0552790163891 -0.0350401582449
v 0.0735771801666 0.0565346538215 -0.0341886197495
v 0.0899155152104 0.0811089594991 0.0395750637878
v 0.0901584798485 0.0808881464166 0.0394396431194
v 0.0902231571496 0.0812323775973 0.0390092090692
v 0.0898283749582 0.0813793593277 0.039436521488
v 0.0894719943073 0.0815120437442 0.0398222680625
v 0.089771076229 0.0810510142643 0.0398407345848
v 0.0900952044199 0.0805513764043 0.0398607475646
v 0.0856199623157 0.0792059443031 0.046440431971
v 0.0891909782912 0.0761842345071 0.0445959975014
v 0.0844979332147 0.0831380969763 0.0445394084847
v 0.0832160688094 0.0781374716495 0.0502622903979
v 0.0814635963295 0.0774169728568 0.0533851222292
v 0.0855135665749 0.0871817924283 0.0928323516713
v 0.10488877221 0.102991827952 0.103498735988
v 0.10437704304 0.101617764922 0.103018710941
v 0.103381060429 0.102791617531 0.102882278582
v 0.0609494625065 0.0454125826581 -0.100360657161
v 0.0621056850965 0.0450456934145 -0.100558990829
v 0.0625624100123 0.0465004205156 -0.10078807364
v 0.0611497394944 0.0466016201668 -0.100513045431
v 0.0560512831708 0.046966858908 -0.0995204436211
v 0.057372143178 0.0429998919909 -0.0994126999407
v 0.0594778620301 0.0366757418331 -0.099240934653
v 0.0516330049166 0.0393956547062 -0.0963566829382
v 0.0590465374298 0.0352281815229 -0.0988122826643
v 0.0522430414857 0.0475074478161 -0.0979884395506
v 0.0683198404023 0.0686099999723 -0.0354146182148
v 0.0700894050851 0.0632954287717 -0.0352702733102
v 0.0793986753278 0.0714804760932 -0.0267534845159
v 0.0750954760581 0.060432652518 -0.0322494726807
v 0.0890995144582 0.089493003643 0.0367559782582
v 0.0915481412346 0.0866241432871 0.0349714623519
v 0.0926629921725 0.0911608129001 0.0315740738356
v 0.0888212031852 0.0925911529843 0.0357324279374
v 0.0853531154903 0.0938823599876 0.0394862875947
v 0.0871226801731 0.088567788787 0.0396306324993
v 0.0842304002921 0.0871200370789 0.0432944761146
v 0.0837406471438 0.094409486478 0.0410154685749
v 0.10228445841 0.115563264664 0.103782015005
v 0.103605318417 0.111596297747 0.103889758685
v 0.105711037269 0.105272147589 0.104061523973
v 0.109499257488 0.116140868478 0.10560866296
v 0.0645511785012 0.0574163133685 -0.100662103184
v 0.0659889879073 0.0568780775697 -0.100962222457
v 0.0666458796318 0.0588675251315 -0.100995607636
v 0.0650437127856 0.0589822997544 -0.100683687006
v 0.059261346986 0.0593965318026 -0.0995579370936
v 0.0574857889611 0.0525214019842 -0.0995371986162
v 0.0528289811442 0.0494282260109 -0.0980291506513
v 0.0560106120451 0.0598579813107 -0.0982502104382
v 0.0715299042176 0.081039672867 -0.0354521116872
v 0.0692225174382 0.0721052514475 -0.035425161462
v 0.0837180272537 0.0841975605302 -0.0259237665261
v 0.0830249740339 0.0821570654591 -0.0260568973138
v 0.090991614489 0.100095948768 0.0354802287796
v 0.0934881366402 0.0937055819221 0.0314003952498
v 0.0966049704308 0.103317986038 0.0307443558458
v 0.0923785154677 0.104891541474 0.0353190725702
v 0.0885631793056 0.106312032882 0.0394487941222
v 0.0862557925262 0.0973776114628 0.0394757443474
v 0.084261776232 0.096198385137 0.0409583072497
v 0.087325845222 0.106716525519 0.0406222173096
v 0.105494522225 0.127992937558 0.103744521532
v 0.1037189642 0.12111780774 0.10376526001
v 0.113677118053 0.128648021436 0.105816196956
v 0.110115285336 0.117985055089 0.105639263962
v 0.0701288174631 0.0687449852784 -0.099240934653
v 0.0575316634616 0.0623340410415 -0.0977031602704
v 0.0714194330018 0.0722585106448 -0.0981686166964
v 0.0642532048317 0.0732757736711 -0.0952857401263
v 0.0705013080489 0.0898443873208 -0.0462632607214
v 0.0851882460303 0.0930775298659 -0.0353748470265
v 0.0856890661251 0.0933473463396 -0.035181099351
v 0.0857180667383 0.093473468875 -0.0352928272096
v 0.0856524827827 0.0931882468109 -0.0350401582449
v 0.0846225019032 0.0884012487001 -0.030186229571
v 0.102685757871 0.118460606826 0.0398607475646
v 0.0892971926551 0.109376828143 0.0414739214968
v 0.10286626113 0.118916335267 0.0401134165293
v 0.0976337471461 0.120626878447 0.0450756602101
v 0.092401233162 0.122337421626 0.0500379038908
v 0.0922820813096 0.12238055431 0.0501632458205
v 0.115205100227 0.138687528095 0.102805671695
v 0.116937358082 0.139340654905 0.103293093328
v 0.117164894867 0.140131293498 0.102989206016
v 0.114292149786 0.139749819061 0.101814628088
v 0.116361992702 0.137341391034 0.104061523973
v 0.114160639468 0.130213617944 0.105500196369
v 0.0742835350368 0.0854357206107 -0.0886479173407
v 0.0773256100845 0.0866977730468 -0.0885408052517
v 0.0783561994409 0.0888590667891 -0.0858292672993
v 0.0750278224276 0.0903274423296 -0.0815499833697
v 0.0723893271953 0.0914914636672 -0.0781576782909
v 0.0738613008568 0.0930792433633 -0.0734451423869
v 0.0757432534847 0.0951092567048 -0.0674200554171
v 0.0837657265289 0.097731467548 -0.0571663591963
v 0.084776585066 0.0981323078693 -0.0568690690363
v 0.0846305488944 0.0981683521398 -0.0582388916959
v 0.0832257017033 0.0974586617848 -0.0564966330201
v 0.0848222834599 0.0981210287098 -0.0564404170476
v 0.0851673668708 0.0967490904813 -0.0494985419474
v 0.0769550993631 0.0937677089692 -0.0517343220096
v 0.0853541912079 0.0960063383179 -0.0457402876463
v 0.0854752995538 0.0951633257953 -0.0422630693466
v 0.107254116321 0.128499372623 0.0505608769659
v 0.111166403358 0.136924931491 0.0602181933359
v 0.109992276842 0.13717237038 0.0612047903948
v 0.111588858598 0.137834737305 0.0612610063673
v 0.112215109158 0.139095709577 0.0630594810156
v 0.109241649068 0.14090728668 0.0683580063583
v 0.107376478648 0.14204363959 0.0716816268006
v 0.108052481084 0.143653686716 0.0764465205412
v 0.108889202384 0.145646520843 0.0823442627294
v 0.116902440307 0.147514319738 0.0921055422938
v 0.118634698161 0.148167446548 0.0925929639264
v 0.118489458612 0.148404994928 0.090649856619
v 0.11565006025 0.146811452076 0.0932542824824
v 0.118692135298 0.148073504512 0.0933613945714
v 0.117928515082 0.144102399005 0.0981753002937
v 0.107089520249 0.141090611852 0.0958265844966
v 0.0808502632813 0.0935940190889 -0.0778406758503
v 0.0812288147476 0.0941359951069 -0.0761193880461
v 0.0832034721196 0.0969631323255 -0.067140546449
v 0.0834147774789 0.0971415876199 -0.0658224902731
v 0.114836697283 0.143897515211 0.0719611357687
v 0.115207305574 0.144465430015 0.0735388757583
v 0.11735013847 0.147749076265 0.08266126517
v 0.117555319627 0.147867201228 0.0840999375664
v 0.0102311094725 -0.150038727763 -0.0892460001745
v 0.011564332394 -0.150318265298 -0.089381082232
v 0.0115321311789 -0.149554858855 -0.0918583226506
v 0.00856530242986 -0.149171313099 -0.0907758260611
v 0.00212012273363 -0.148338093009 -0.088424195539
v 0.00965563246903 -0.150252756036 -0.0880904994604
v 0.0115822174518 -0.150742273158 -0.0880051842162
v 0.00923364091941 -0.149239434896 -0.0805010666163
v 0.0125831778237 -0.150166009679 -0.0809867324451
v 0.00108196674185 -0.14792602433 -0.0872250554092
v 0.00906588795704 -0.148836612557 -0.0774840634478
v 0.0131082528018 -0.149863718457 -0.0773050548148
v 0.0108919127854 -0.146264142871 -0.0702426369737
v 0.0145957703098 -0.147584268064 -0.070972449976
v 0.011766158329 -0.145032522072 -0.0667756606624
v 0.0156216939887 -0.146012157403 -0.0666049254134
v 0.0155815364618 -0.140805091915 -0.0582566517831
v 0.0179092078599 -0.14182225553 -0.0588376264496
v 0.00805960327359 -0.137518100135 -0.0563792164076
v 0.0165915911076 -0.139685953701 -0.0560013931438
v 0.0187729431608 -0.140240203416 -0.0559047960121
v 0.0218636421792 -0.134225941536 -0.0464272749923
v 0.043520814879 -0.100130520831 0.0601130906467
v 0.0452911370483 -0.100604145953 0.059866901458
v 0.0443196359983 -0.100907865161 0.0523191063831
v 0.0395729072051 -0.0993561283499 0.0568206566952
v 0.0348261784119 -0.0978043915391 0.0613222070073
v 0.0433581662458 -0.0999722451054 0.0617000302711
v 0.0455395182991 -0.100526494821 0.0617966274028
v 0.0433878424818 -0.0986228970997 0.0693506971852
v 0.0466699803451 -0.0995717772602 0.0688480930441
v 0.0343835642524 -0.0975637397096 0.0620252680429
v 0.0433993834924 -0.0980981391864 0.0723260215552
v 0.0472549191521 -0.0990777745178 0.0724967568042
v 0.0448527559031 -0.095806034645 0.0794989326059
v 0.0486393845372 -0.0970956212219 0.0787919731623
v 0.0455657631456 -0.094681555381 0.0830178775725
v 0.0496081279903 -0.0957086612813 0.0831968862055
v 0.0499687869868 -0.0899976038502 0.0917279257113
v 0.052092534929 -0.0909920425014 0.0911545461918
v 0.0434866479473 -0.0869623615436 0.093478004284
v 0.0510221576827 -0.0888770245707 0.0938117003626
v 0.0529487426654 -0.0893665416923 0.0938970156069
v 0.0546511469986 -0.0855789478414 0.0977501540413
v 0.011928449552 -0.141211936121 -0.0999461295759
v 0.0132616724735 -0.141491473655 -0.100081211633
v 0.0136190362357 -0.140150067603 -0.100845406879
v 0.0116233297113 -0.140020007878 -0.100494975953
v 0.00381746281311 -0.139511301367 -0.0991243249404
v 0.0098440926781 -0.142521134263 -0.0988373932736
v 0.0126182556318 -0.143906612897 -0.0987053136175
v 0.00564003914126 -0.144747812814 -0.0942164831017
v 0.0120751934054 -0.146730735876 -0.0952818181341
v 0.0020237868163 -0.13927941848 -0.0984698725559
v 0.000442928017573 -0.147500464693 -0.0885040478423
v 0.000321596990183 -0.147488939349 -0.0879340555076
v 0.00717935592799 -0.137078485047 -0.0564211255415
v 0.00759386515997 -0.136680629727 -0.0558494573393
v 0.015060303171 -0.129514173939 -0.0455521590746
v 0.0223589345295 -0.13315927265 -0.0452046666107
v 0.0195079968274 -0.125302128515 -0.0397462532829
v 0.02283059848 -0.132129162708 -0.0440816371923
v 0.0158907802499 -0.117869741538 -0.0350264510957
v 0.0233974552314 -0.121618741858 -0.0346690535431
v 0.0268529087943 -0.123344472164 -0.0345045372094
v 0.0311292509979 -0.11417006968 -0.0238472406523
v 0.0411106341065 -0.0962858301971 0.0377587141791
v 0.0437089384999 -0.0974564916745 0.0370872080369
v 0.0433153573637 -0.0960894794424 0.029739072043
v 0.0380627818875 -0.0943243004639 0.034862285893
v 0.0329240553379 -0.0925973815224 0.0398744547138
v 0.0404307303194 -0.0963463818429 0.0402318522664
v 0.0438861838823 -0.0980721121492 0.0403963686001
v 0.0386384610421 -0.0966948466025 0.0456632194005
v 0.0440232986804 -0.0990265425881 0.0443331582669
v 0.0327788965436 -0.092554459467 0.0399987374547
v 0.0369602282842 -0.0970211396333 0.0507490055376
v 0.0442588596426 -0.100666238345 0.0510964980015
v 0.0361552472225 -0.0971129093264 0.0535614325386
v 0.0442780174069 -0.100742403319 0.0514818854261
v 0.0339459310663 -0.0973647764514 0.0612802978734
v 0.0339082618915 -0.0973374166154 0.0615942713691
v 0.0418094532313 -0.086124733227 0.0933981519808
v 0.0449156900294 -0.0834686780122 0.0958075226037
v 0.0500506380519 -0.0709148956113 0.104178133685
v 0.0560772679169 -0.0739247285068 0.104465065352
v 0.0588514308706 -0.0753102071413 0.104597145008
v 0.0608255721259 -0.070109481519 0.10673723827
v 0.0126283210784 -0.131585851611 -0.101901325419
v 0.0159778579826 -0.132512426394 -0.102386991248
v 0.0172152279245 -0.128505939821 -0.103195662002
v 0.0130278321092 -0.12823304822 -0.102460387062
v 0.00297807191093 -0.13806558124 -0.0991782113577
v 0.00201893706967 -0.138662147707 -0.098634184909
v 0.0157921121712 -0.117699801136 -0.035032785295
v 0.0161270480959 -0.117403116541 -0.0347137056525
v 0.0240225782995 -0.101809578026 -0.0242624693345
v 0.0273198394732 -0.107488596981 -0.0240507949036
v 0.0311578212294 -0.114098922943 -0.023804407808
v 0.0355329922891 -0.0998861472673 -0.0143409469209
v 0.0313396982699 -0.113664935292 -0.0234772307744
v 0.030508582966 -0.0998239610449 -0.0182910382924
v 0.0360700644295 -0.0981213763873 -0.0131707824865
v 0.0365487802953 -0.0989458899252 -0.0131400503415
v 0.0371060011712 -0.099905616119 -0.0131042784067
v 0.0384793356393 -0.0969562711401 -0.00969039534893
v 0.0439141583967 -0.0881692545012 0.0183756078479
v 0.0443500547768 -0.0888733372891 0.0179317973998
v 0.0442266029064 -0.0884290204073 0.0155822267397
v 0.0436099987285 -0.087609349991 0.0179918647982
v 0.0433700394672 -0.0872903649522 0.0189296057176
v 0.043848755333 -0.0881148784901 0.0189603378626
v 0.0444059762089 -0.0890746046839 0.0189961097974
v 0.040926775479 -0.0890004116394 0.0259864969877
v 0.0439061036689 -0.0922972871837 0.0239416048595
v 0.0397368102263 -0.0855030684951 0.024145350028
v 0.0361892033624 -0.083757892301 0.0292381776723
v 0.0394864645361 -0.0894369112557 0.0294498521032
v 0.0433244462922 -0.0960472372179 0.0296962391988
v 0.0371297036964 -0.0904949929116 0.0331359476082
v 0.043319606986 -0.0960697286543 0.0297190451046
v 0.0354255580201 -0.0835012618706 0.029983015783
v 0.0328253872592 -0.0924274411205 0.0398681205145
v 0.0327589406695 -0.0924596320461 0.0399584538309
v 0.0492112471498 -0.069469175484 0.104124247268
v 0.0654907106213 -0.0568793517266 0.109087493393
v 0.0620212585668 -0.0667185667971 0.107339614423
v 0.0547516383639 -0.0576820851888 0.106536906182
v 0.0159839330239 -0.119783767944 -0.102343025178
v 0.0196877905482 -0.121103893138 -0.10307283818
v 0.0213930884891 -0.115998786862 -0.102988128006
v 0.0173992248703 -0.115738507709 -0.102286835852
v 0.0291509393566 -0.0893643689613 -0.0242218360145
v 0.0248261399907 -0.0998595411367 -0.0242561025091
v 0.0369022728929 -0.0897115778313 -0.0159146491473
v 0.0390349529315 -0.0863384899793 -0.0151219804769
v 0.0411984254865 -0.0856761673224 -0.0131301491665
v 0.0409303893449 -0.0863266218793 -0.0131322728856
v 0.0421356563619 -0.0852229295938 -0.0117762433588
v 0.0394555810187 -0.0938234440885 -0.0102473211867
v 0.0484085286394 -0.0754341214002 0.0185828819916
v 0.0481216734093 -0.0773139956001 0.0173465065147
v 0.048831612368 -0.0752881043791 0.0176680747495
v 0.0485917471046 -0.0749692442946 0.0186054483327
v 0.0484984005242 -0.0748451558873 0.0189702390375
v 0.0482303643826 -0.0754956104442 0.0189681153184
v 0.0422839686305 -0.0788357461405 0.0244059061694
v 0.0445504732867 -0.0729030498718 0.0246377534336
v 0.0413175644194 -0.0713126832361 0.0292788109922
v 0.0369927650536 -0.0818078554115 0.0292445444977
v 0.0357854441801 -0.0825437812152 0.0300158094737
v 0.0401538463345 -0.0709216044768 0.0304138687629
v 0.0555513694206 -0.0550324055241 0.106474041924
v 0.0671717490381 -0.0517881964343 0.109002058051
v 0.0695741802408 -0.0445122471106 0.108879959397
v 0.0584762028027 -0.0453418083278 0.106244130282
v 0.0223708967797 -0.105497925346 -0.101057169389
v 0.0246985681779 -0.106515088961 -0.101638144055
v 0.0259466740493 -0.102934168748 -0.101128407783
v 0.0236870599842 -0.10278691023 -0.100731636694
v 0.0148489635915 -0.102210933566 -0.099179734013
v 0.0139075830112 -0.102089233745 -0.0988362557223
v 0.0422219968624 -0.0768548324911 -0.0238577192515
v 0.03815890891 -0.0807433737892 -0.0239709035468
v 0.043862289701 -0.0763526753879 -0.0223475606749
v 0.0430262158785 -0.0804168719028 -0.0178937444982
v 0.0421271335941 -0.0847873556913 -0.0131042784067
v 0.0421302363529 -0.0849459286788 -0.0126208002095
v 0.0494271086318 -0.0739563442562 0.0189961097974
v 0.0538309278137 -0.0603220258394 0.0286324231839
v 0.0553663092129 -0.0592841010106 0.0282393920656
v 0.0548015097838 -0.059006258917 0.0290501995358
v 0.0543886219252 -0.0588031467659 0.0296429277553
v 0.0503255339728 -0.062691688064 0.0295297434599
v 0.0417658528794 -0.0685910522955 0.0310699711254
v 0.0496398364059 -0.057207271293 0.0342747591023
v 0.0610821388304 -0.03361452781 0.104122724613
v 0.0585536184309 -0.0435198522057 0.10583096201
v 0.0708384933097 -0.0404852487539 0.108245808768
v 0.0732819248647 -0.0327026076509 0.107020239173
v 0.0301564026596 -0.0911005421038 -0.0987053136175
v 0.0143832254779 -0.101373463158 -0.0986499749447
v 0.0307563609969 -0.0894895716548 -0.0981425256323
v 0.0229508392218 -0.08848048923 -0.0952945517803
v 0.0442043929319 -0.0680257321981 -0.0345462391329
v 0.0295152104714 -0.0792755138225 -0.0341459939163
v 0.044673941432 -0.0717113765154 -0.0286747518168
v 0.0454219760575 -0.0677301212999 -0.033652998714
v 0.0439421203649 -0.0756063385143 -0.023804407808
v 0.0439084070168 -0.0759215246043 -0.0231891655924
v 0.0561087454277 -0.0575546527891 0.0296962391988
v 0.0606926067231 -0.0440306465397 0.0395022042715
v 0.0620679530405 -0.0430323975241 0.0395448301047
v 0.0616482621561 -0.0428913563282 0.0399541847464
v 0.0612376680198 -0.0427533721828 0.0403546666766
v 0.0560070615737 -0.041206732306 0.0448330319689
v 0.0758245917166 -0.0219326972043 0.1040061853
v 0.0766251364068 -0.0216610394103 0.104211757584
v 0.0767335681012 -0.0212729471692 0.104034357023
v 0.0753426917379 -0.0214452932288 0.103502131431
v 0.0763895778984 -0.022504136348 0.104597145008
v 0.073914676686 -0.0306260884187 0.106526870953
v 0.0279946972248 -0.0811681703044 -0.0932469002897
v 0.0313172988775 -0.0879952044967 -0.0975822841991
v 0.0361009297233 -0.0752513676478 -0.0928045925976
v 0.0324054946885 -0.0747736291118 -0.0914562519416
v 0.0243774806473 -0.0737357833266 -0.0885270981025
v 0.0242554482822 -0.0736873457933 -0.0883861424973
v 0.0459017330113 -0.0591989405559 -0.0452463685342
v 0.0323725210376 -0.0694982923929 -0.0441850606712
v 0.046312778553 -0.0630276113279 -0.0394702483983
v 0.0471004793655 -0.0589312778748 -0.0444359595872
v 0.0455250777404 -0.0671239447811 -0.0345045372094
v 0.0454761623218 -0.067411538323 -0.0341005344736
v 0.0625583528284 -0.0418515847658 0.0403963686001
v 0.0672906046092 -0.0279553160981 0.0502217145746
v 0.0686507799166 -0.0269569833747 0.0503277909779
v 0.0682432817516 -0.0268364900976 0.0506766846784
v 0.0678016581245 -0.0267059062505 0.051054796078
v 0.062859838395 -0.0250903929317 0.055741360471
v 0.065744005861 -0.0123600518609 0.0933751017205
v 0.0705234493985 -0.0172235846156 0.0986310351229
v 0.0785771952129 -0.0145501084994 0.100660355341
v 0.0796503295588 -0.0106368936017 0.0986964239884
v 0.0413064969866 -0.0612446536599 -0.0880051842162
v 0.0246137484933 -0.0732691583297 -0.0882143526593
v 0.0413341244049 -0.0611784098982 -0.0879564078235
v 0.0365873208047 -0.0592942912261 -0.0824735297872
v 0.0325092786969 -0.0576756198152 -0.0777631163413
v 0.0330468845692 -0.0571086508379 -0.0760801487496
v 0.0359402996745 -0.0540572023925 -0.06702235362
v 0.0437785407839 -0.0515192246298 -0.059397385821
v 0.0473140171008 -0.0503744575645 -0.0559581074556
v 0.0329098906303 -0.0616219305381 -0.055546252719
v 0.048068621591 -0.0540577932309 -0.0500750106195
v 0.0488652009171 -0.0500045119874 -0.0548397905217
v 0.0472543939817 -0.0582008752674 -0.0452046666107
v 0.0471735024013 -0.0585847466808 -0.044800663875
v 0.0691543190948 -0.0257078409621 0.0510964980015
v 0.0734688956924 -0.0122238753088 0.0607020356112
v 0.0751473885492 -0.0110094916876 0.0607316219124
v 0.0746139903941 -0.0108351203283 0.0612374689359
v 0.0740805922391 -0.010660748969 0.0617433159594
v 0.0705924415482 -0.0087642216493 0.0672839946404
v 0.0675735248379 -0.00712281950693 0.0720793285977
v 0.0678679799807 -0.00638397749057 0.0742656478603
v 0.0690091538855 -0.00352056263956 0.0827388246791
v 0.0825973586791 0.000105320289145 0.0938444719504
v 0.0826755670662 0.000146660851329 0.0938742097011
v 0.0826784650614 0.000164406223148 0.0938482392143
v 0.0826730222003 0.000131077805784 0.0938970156069
v 0.0805888954728 -0.00729336777068 0.0972061761701
v 0.045717032766 -0.0469253974141 -0.078541723329
v 0.0415237387468 -0.060704185439 -0.0876780071825
v 0.0475353481659 -0.0456691823017 -0.0788514811999
v 0.046846179163 -0.0453956348167 -0.0780554445598
v 0.0462541049064 -0.0451606265341 -0.0773715588946
v 0.0399090802798 -0.0509379233408 -0.0775523135731
v 0.0453889732904 -0.0455776196203 -0.0694152961541
v 0.0495058019997 -0.0417313273567 -0.0671921670607
v 0.049685125884 -0.0415422091114 -0.0666307961733
v 0.0472168471114 -0.0437896360183 -0.0667011115719
v 0.0504932367489 -0.0412805474227 -0.0658446734658
v 0.0498155761965 -0.045109705334 -0.0606942621036
v 0.0491854066801 -0.0486705125561 -0.0559047960121
v 0.0490004272553 -0.0494411496777 -0.0552895537965
v 0.0759519818184 -0.00895680396063 0.0617966274028
v 0.0809498867425 0.00457494164801 0.0719247602671
v 0.0817806829015 0.00514080132216 0.0717365048565
v 0.081505453088 0.00529044533318 0.0721736877924
v 0.0813183510474 0.00539217377416 0.0724708860443
v 0.0788500722748 0.00314474686718 0.0724005706457
v 0.0772879318842 0.00319106935593 0.0791512134947
v 0.0825882977225 0.00857870314913 0.0819001962341
v 0.0827539800949 0.00899443064154 0.0831303821257
v 0.0764089554684 0.00321713383476 0.0829496274473
v 0.0847385714845 0.00952943620119 0.0847433125906
v 0.0837864104628 0.00520101102283 0.0889515205448
v 0.0492049135429 -0.0411793278269 -0.0773050548148
v 0.0496396214956 -0.0408626942353 -0.0744480975949
v 0.050833020297 -0.0399934436353 -0.0666049254134
v 0.0506169367503 -0.0408119704678 -0.0661214472163
v 0.0824662454604 0.00694093925021 0.0724967568042
v 0.0829655208814 0.00787130272373 0.0741463600869
v 0.0857047887314 0.0129757293487 0.0831968862055
v 0.0850397994344 0.0106038527705 0.0842611986032
v 0.0591902191121 -0.00872812972136 -0.0779255567643
v 0.0596261154922 -0.00943221250925 -0.0783693672124
v 0.0599273434421 -0.00835779593998 -0.0788514811999
v 0.0592381744392 -0.008084248455 -0.0780554445598
v 0.0586461001826 -0.00784924017234 -0.0773715588946
v 0.0587343521506 -0.00895715884006 -0.0773529283191
v 0.0589611261951 -0.0118040890875 -0.0773050548148
v 0.0619872492753 -0.00481978826253 -0.0670181532193
v 0.0617003940452 -0.00669966246252 -0.0682545286962
v 0.0618977972759 -0.00441994099499 -0.0671921670607
v 0.0620771211601 -0.00423082274963 -0.0666307961733
v 0.0621114520686 -0.00466181432023 -0.0666235486909
v 0.0621996694662 -0.005769298989 -0.0666049254134
v 0.0628852320251 -0.00396916106095 -0.0658446734658
v 0.0938853061141 0.0423315862757 0.0722344555351
v 0.0940489781763 0.041983610729 0.072013278607
v 0.0941726781777 0.0424521876839 0.0717365048565
v 0.0938974483642 0.0426018316949 0.0721736877924
v 0.0937103463235 0.0427035601359 0.0724708860443
v 0.093744677232 0.0422725685653 0.0724781335267
v 0.0938328946296 0.0411650838965 0.0724967568042
v 0.0951079862146 0.0449499731948 0.082244643133
v 0.095026293431 0.0420343344965 0.0803399289856
v 0.0949802929986 0.0458900895109 0.0819001962341
v 0.0951459753711 0.0463058170033 0.0831303821257
v 0.0952342273392 0.0451978983355 0.0831490127013
v 0.0954610013837 0.0423509680881 0.0831968862055
v 0.0971305667607 0.0468408225629 0.0847433125906
v 0.0579001762739 -0.000732495217337 -0.0810147970259
v 0.0608795044637 -0.00402937076162 -0.0830596891541
v 0.0619874498652 0.00100723403807 -0.0879564078235
v 0.057240646265 0.00289135271016 -0.0824735297872
v 0.0531626041572 0.00451002412106 -0.0777631163413
v 0.0558716602969 -0.00159592373795 -0.0775696720313
v 0.0575600293459 0.000605378639312 -0.0718952584428
v 0.0537002100295 0.00507699309835 -0.0760801487496
v 0.0565936251348 0.00812844154376 -0.06702235362
v 0.0590623686997 0.00256413474941 -0.0668460691981
v 0.0674096484496 0.0102923072982 -0.056968612027
v 0.0644318662442 0.0106664193064 -0.059397385821
v 0.0679673425611 0.0118111863718 -0.0559581074556
v 0.0682826357802 0.0111005462606 -0.0559355934595
v 0.0687139331082 0.0101284442218 -0.0559047960121
v 0.0695185263774 0.0121811319489 -0.0548397905217
v 0.0953243825048 0.0509467677902 0.0613871426669
v 0.0956654876713 0.0506127899389 0.0611813851872
v 0.0958007140095 0.0511761522486 0.0607316219124
v 0.0952673158544 0.0513505236079 0.0612374689359
v 0.0947339176994 0.0515248949672 0.0617433159594
v 0.0950492109185 0.0508142548561 0.0617658299554
v 0.0954805082465 0.0498421528173 0.0617966274028
v 0.0921029579543 0.0499238470323 0.068864652395
v 0.0948503387301 0.0462813455952 0.0665860934943
v 0.0912457670085 0.0534214222869 0.0672839946404
v 0.0882268502982 0.0550628244293 0.0720793285977
v 0.0906955938631 0.0494985176349 0.0722556130195
v 0.0915783188951 0.0511105559937 0.0778790496336
v 0.088521305441 0.0558016664456 0.0742656478603
v 0.0896624793458 0.0586650812967 0.0827388246791
v 0.0923715354854 0.0525591334377 0.0829322689891
v 0.103331790522 0.0623500501594 0.0938482392143
v 0.10314217618 0.0618758257002 0.0935698385733
v 0.0614787150603 0.00963566950934 -0.0906428386372
v 0.0640770194538 0.00846500803189 -0.0913143447794
v 0.0650155853677 0.0118085338629 -0.0928045925976
v 0.0613201503329 0.0122862723989 -0.0914562519416
v 0.0532921362917 0.0133241181841 -0.0885270981025
v 0.0575948510026 0.00724963071468 -0.0882690002494
v 0.0619928927263 0.00104056245543 -0.0880051842162
v 0.0558004445708 0.00659971515264 -0.0845654758067
v 0.0619903478604 0.00102497940989 -0.0879823783103
v 0.0531701039266 0.0133725557174 -0.0883861424973
v 0.0525231951487 0.00541272910406 -0.077801471218
v 0.052758844975 0.0057241352068 -0.0769854845399
v 0.0556192306277 0.00950407242363 -0.0670808025638
v 0.0570419135948 0.0108500724843 -0.0652311934868
v 0.0639911299498 0.0174247246391 -0.0561966201174
v 0.074271327359 0.0265836865979 -0.0460988309393
v 0.0748163886558 0.0278609609548 -0.0452463685342
v 0.0751601838379 0.027375597721 -0.0452257460193
v 0.0755115958318 0.0268794812233 -0.0452046666107
v 0.0760151350099 0.0281286236359 -0.0444359595872
v 0.0972389568503 0.0599515518207 0.0508108142247
v 0.0974924125253 0.059756386942 0.0506924952657
v 0.097565435561 0.060102918136 0.0503277909779
v 0.097157937396 0.0602234114131 0.0506766846784
v 0.0967163137689 0.0603539952602 0.051054796078
v 0.097060108951 0.0598686320264 0.0510754185929
v 0.0974115209449 0.0593725155287 0.0510964980015
v 0.0930385477563 0.0581264933514 0.0577304044879
v 0.0965972933356 0.0552294334922 0.0559668420102
v 0.0917744940394 0.061969508579 0.055741360471
v 0.090757705088 0.0571384332345 0.0615048032976
v 0.0895702661606 0.0569013085776 0.0650672313508
v 0.0872524557911 0.0564384553091 0.0720208796538
v 0.0874426588573 0.0567746144958 0.0731681032526
v 0.0890230703373 0.0595677862797 0.0827004698023
v 0.0903088824029 0.0607396500279 0.0841149398359
v 0.0946586615054 0.0746998496498 0.0933751017205
v 0.0989613762163 0.0686253621804 0.0936331995737
v 0.10335941794 0.0624162939211 0.0938970156069
v 0.108564985203 0.076423007909 0.0986964239884
v 0.0607038820754 0.0180534447462 -0.0934384628172
v 0.0660887197137 0.0157217487606 -0.0947685239507
v 0.0679323468254 0.0224445874304 -0.0981425256323
v 0.0601268250503 0.0234536698552 -0.0952945517803
v 0.0531678230807 0.0134754449264 -0.0885342271163
v 0.0531270216234 0.0134618676603 -0.0884430989853
v 0.0703369254157 0.0333138213079 -0.0455032531788
v 0.0808693252451 0.0426590170395 -0.0353793206363
v 0.0813803787604 0.0439084268871 -0.0345462391329
v 0.0817585828604 0.0434480382128 -0.0345245501892
v 0.0821075620982 0.043023225027 -0.0345045372094
v 0.082597961886 0.0442040377853 -0.033652998714
v 0.0989362969298 0.0687783434629 0.0401106848233
v 0.0991897526048 0.0685831785842 0.0399923658644
v 0.0992439388691 0.0689017615611 0.0395448301047
v 0.0988242479846 0.069042802757 0.0399541847464
v 0.0984136538484 0.0691807869024 0.0403546666766
v 0.0987918579484 0.0687203982281 0.0403763556203
v 0.0991408371862 0.0682955850423 0.0403963686001
v 0.0946407440352 0.0668753282669 0.0469760530065
v 0.0983531363736 0.0641992515892 0.045362079789
v 0.0931830474023 0.0707274267792 0.0448330319689
v 0.0922368505289 0.0658068556133 0.0507979114334
v 0.0904843780489 0.0650863568206 0.0539207432647
v 0.0945343482944 0.0748511763921 0.0933679727068
v 0.11390955393 0.090661211916 0.104034357023
v 0.113348616049 0.0891668447579 0.10347411559
v 0.112518677566 0.0904888658564 0.103502131431
v 0.0689809160713 0.0322713538016 -0.100388850374
v 0.0707512382406 0.0317977286799 -0.100635039562
v 0.0713839900619 0.0338742479121 -0.101128407783
v 0.0691243759968 0.0340215064295 -0.100731636694
v 0.0602862796042 0.0345974830939 -0.099179734013
v 0.0642813083162 0.0291366298516 -0.0989425238153
v 0.0682763370281 0.0236757766092 -0.0987053136175
v 0.0599180083354 0.0264621736645 -0.0962403790803
v 0.0680407785198 0.0228326796716 -0.0983199261929
v 0.0593448990239 0.0347191829144 -0.0988362557223
v 0.0772211540462 0.0495937216381 -0.0347931986889
v 0.0870476163283 0.0583904578288 -0.0248989995996
v 0.087659312875 0.0599535841686 -0.0238577192515
v 0.0881082411869 0.0593399386095 -0.0238310635298
v 0.0885571694988 0.0587262930503 -0.023804407808
v 0.0892996057136 0.0604557412718 -0.0223475606749
v 0.100416402743 0.0774271427168 0.0292867544629
v 0.10075750791 0.0770931648656 0.0290809969832
v 0.100803625226 0.0775243156491 0.0282393920656
v 0.100238825796 0.0778021577427 0.0290501995358
v 0.0998259379378 0.0780052698938 0.0296429277553
v 0.10027486625 0.0773916243347 0.029669583477
v 0.100723794562 0.0767779787755 0.0296962391988
v 0.0964332279153 0.0757800766358 0.0363301456852
v 0.0999919734946 0.0728830167766 0.0345665832075
v 0.0950771524186 0.0796011453667 0.0342747591023
v 0.0942544291341 0.0748660816534 0.0401077071206
v 0.0921817181284 0.0739131484628 0.0432206138634
v 0.106519454843 0.10319388885 0.104122724613
v 0.110514483555 0.0977330356073 0.10435993481
v 0.114509512267 0.092272182365 0.104597145008
v 0.118719240877 0.104105809009 0.107020239173
v 0.0705452837536 0.0426057691756 -0.101851373237
v 0.0738274216169 0.0416568890151 -0.102353977378
v 0.0750917346858 0.0456838873718 -0.102988128006
v 0.0710978710671 0.0459441665251 -0.102286835852
v 0.0599591194129 0.0354385379503 -0.0992045014275
v 0.0593683630838 0.0350644580177 -0.0989076696513
v 0.0828495855533 0.0723183052729 -0.0242218360145
v 0.0850810310399 0.0665817636239 -0.0240529061245
v 0.0945286073784 0.0751892747856 -0.0136762749437
v 0.0927335991282 0.0753441842548 -0.0151219804769
v 0.0948970716833 0.0760065069118 -0.0131301491665
v 0.0950353689747 0.0756509758548 -0.0131196794749
v 0.0952388062948 0.0751279845174 -0.0131042784067
v 0.0958343025586 0.0764597446403 -0.0117762433588
v 0.102372006512 0.0864655444867 0.0187338085283
v 0.102535678574 0.0861175689401 0.0185126316003
v 0.102530258565 0.086394569855 0.0176680747495
v 0.102290393301 0.0867134299396 0.0186054483327
v 0.102197046721 0.0868375183469 0.0189702390375
v 0.102335344012 0.0864819872899 0.0189807087292
v 0.102538781332 0.0859589959525 0.0189961097974
v 0.0988923182723 0.0852310136011 0.0260641347895
v 0.101639699048 0.081588512164 0.0237855758889
v 0.0982491194834 0.0887796243624 0.0246377534336
v 0.0950162106162 0.0903699909981 0.0292788109922
v 0.0972476561028 0.0846334493491 0.0294477408823
v 0.0946622863991 0.0833816835042 0.0329668431468
v 0.0938524925312 0.0907610697574 0.0304138687629
v 0.106192294652 0.104034943706 0.104097957198
v 0.123272826438 0.117170427124 0.108879959397
v 0.119967346749 0.107686729222 0.107529975446
v 0.112174848999 0.116340865906 0.106244130282
v 0.0737075372543 0.0542494232725 -0.102403267217
v 0.0774941658885 0.0529598366955 -0.103110226661
v 0.0791752043053 0.0580509919878 -0.103195662002
v 0.07498780849 0.0583238835887 -0.102460387062
v 0.0859825546804 0.0847473537825 -0.0242624693345
v 0.0834921741616 0.0748675691373 -0.0242301701243
v 0.0925639925996 0.0826321941358 -0.0171499511175
v 0.0924685593468 0.0867329707637 -0.0182910382924
v 0.0980300408103 0.0884355554214 -0.0131707824865
v 0.0976684726471 0.0870011498917 -0.0131660930962
v 0.10043931202 0.0896006606685 -0.00969039534893
v 0.0965442415173 0.0784856358614 -0.011454675124
v 0.105292026692 0.097910723048 0.0180438667249
v 0.105210333908 0.0949950843497 0.0161391525775
v 0.106186579287 0.0981279114013 0.0155822267397
v 0.105569975109 0.0989475818176 0.0179918647982
v 0.105330015848 0.0992665668565 0.0189296057176
v 0.104968447685 0.0978321613268 0.0189342951078
v 0.100065019292 0.0952445142047 0.0243784026268
v 0.101696786607 0.101053863314 0.024145350028
v 0.0981491797432 0.102799039508 0.0292381776723
v 0.0956587992244 0.0929192548625 0.0292704768825
v 0.0942320191752 0.0920817810646 0.0303675856472
v 0.097385534401 0.103055669938 0.029983015783
v 0.113079719381 0.118840802765 0.106302525239
v 0.124978124378 0.122275533399 0.108964669571
v 0.127450687002 0.129677580082 0.109087493393
v 0.116711614745 0.12887484662 0.106536906182
v 0.0805209084176 0.0688846457094 -0.100874403513
v 0.0826446563598 0.0678902070583 -0.101447783033
v 0.0838403428007 0.0712811217802 -0.100845406879
v 0.0818446362763 0.0714111815052 -0.100494975953
v 0.0740387693781 0.0719198880161 -0.0991243249404
v 0.0722450933813 0.0721517709031 -0.0984698725559
v 0.0861120868148 0.0935614478455 -0.0350264510957
v 0.101268099553 0.0972000283534 -0.0238569514645
v 0.101346307941 0.0972413689156 -0.0238272137139
v 0.101350557563 0.0972611197036 -0.0238472406523
v 0.101341468634 0.0972188774792 -0.023804407808
v 0.100759811258 0.0934689274449 -0.0180497734687
v 0.100259938718 0.0902462449451 -0.0131042784067
v 0.10031586015 0.0900449775503 -0.012039966009
v 0.107559913755 0.10107725638 0.0189961097974
v 0.113326216657 0.114836575553 0.0293690621651
v 0.113508093697 0.115270563204 0.0296962391988
v 0.0987955828004 0.104873608239 0.0306142928291
v 0.113536663929 0.115341709941 0.029739072043
v 0.108284088452 0.117106888919 0.034862285893
v 0.103145361903 0.118833807861 0.0398744547138
v 0.103000203109 0.118876729916 0.0399987374547
v 0.120271944617 0.140516293772 0.104178133685
v 0.116631951713 0.130803988697 0.10597287867
v 0.128688056944 0.133684066655 0.108278822639
v 0.131046878691 0.141321707864 0.10673723827
v 0.0858144840559 0.0764818474025 -0.0987053136175
v 0.0754678114602 0.0754135715475 -0.0967948066207
v 0.090014767928 0.0867505881026 -0.0918583226506
v 0.0870479391789 0.0871341338583 -0.0907758260611
v 0.0806027594827 0.0879673539484 -0.088424195539
v 0.0795646034909 0.0883794226273 -0.0872250554092
v 0.0865422400227 0.098787346823 -0.0563792164076
v 0.0995873528294 0.101642385787 -0.0457956263191
v 0.10038789752 0.10191404358 -0.0455900540354
v 0.100346278928 0.102079505422 -0.0464272749923
v 0.0989400335098 0.101269548451 -0.0452568671566
v 0.100407055284 0.101837878606 -0.0452046666107
v 0.100642616246 0.100198182849 -0.0384413268762
v 0.0925888704318 0.097524706733 -0.0404706470947
v 0.100779731044 0.0992437524104 -0.0345045372094
v 0.100956976427 0.0986281319358 -0.0311953766462
v 0.117813006132 0.124516112426 0.0403963686001
v 0.121835316447 0.133300802969 0.0499734685831
v 0.120839958623 0.133762582756 0.0510442974556
v 0.122306980397 0.134330912911 0.0510964980015
v 0.122802272747 0.135397581797 0.0523191063831
v 0.118055543954 0.136949318608 0.0568206566952
v 0.113308815161 0.138501055418 0.0613222070073
v 0.112866201002 0.138741707248 0.0620252680429
v 0.121969284696 0.149343085414 0.093478004284
v 0.126497052381 0.14632309109 0.0999275241032
v 0.132590721521 0.147902376137 0.101173649525
v 0.133133783748 0.150726499116 0.0977501540413
v 0.132047659295 0.145078253158 0.104597145008
v 0.131404242453 0.142663113917 0.105973043024
v 0.0917171722612 0.0905381819535 -0.0880051842162
v 0.0925733799976 0.0921636827626 -0.0852627148011
v 0.083980365849 0.0943180299296 -0.0777226715577
v 0.0950577869363 0.0968803015425 -0.0773050548148
v 0.0960265303894 0.0982672614832 -0.0729001417716
v 0.0844061507719 0.0950230523934 -0.0754281578991
v 0.0859633617189 0.0976015107639 -0.0670364991174
v 0.0974109957745 0.100249414779 -0.0666049254134
v 0.0979959345815 0.100743417521 -0.0629562616534
v 0.0857110597027 0.0977088140696 -0.0653711084121
v 0.0991263966275 0.101698135082 -0.0559047960121
v 0.0993747778783 0.101775786214 -0.0539750700672
v 0.125892971766 0.141411843677 0.0617966274028
v 0.126756707067 0.142993895791 0.0647294578403
v 0.117596586882 0.144535893649 0.0720651831003
v 0.129044220938 0.147183797665 0.0724967568042
v 0.130070144617 0.148755908326 0.0768642813667
v 0.118171739619 0.145321177692 0.074202137035
v 0.120480241038 0.148473087105 0.0827792694626
v 0.131557662125 0.151035358718 0.0831968862055
v 0.132082737103 0.15133764994 0.0868785638358
v 0.120026631872 0.148457571981 0.0845726198677
v 0.133083697475 0.151913913419 0.0938970156069
v 0.133101582533 0.151489905559 0.0952729136228
v 0.0212978857451 -0.15164030414 -0.0898984247308
v 0.0239823131048 -0.152004910683 -0.0900411031863
v 0.023922129347 -0.150578111469 -0.0946710414277
v 0.017570810856 -0.150053575213 -0.0932291951468
v 0.0200561567446 -0.152142908183 -0.0876401372165
v 0.0240157401037 -0.152797377249 -0.0874695631806
v 0.0195965354607 -0.151417741605 -0.08155463062
v 0.0247992357107 -0.152346310536 -0.0819759129971
v 0.0192555758387 -0.150879793231 -0.0770402356141
v 0.0255417754537 -0.151918822548 -0.0767694337793
v 0.0206224205981 -0.148960599991 -0.0716565957023
v 0.0265838076242 -0.150322027467 -0.0723333327388
v 0.0219744636445 -0.147062189906 -0.0663312558222
v 0.0280552166406 -0.148067261494 -0.0660693043779
v 0.024968533307 -0.143783007106 -0.0598663760693
v 0.0296798152897 -0.145091581649 -0.0605529472699
v 0.0269667279733 -0.141594532448 -0.0555518177268
v 0.0312064658128 -0.142295307507 -0.0553691749766
v 0.0321882800856 -0.136250882404 -0.0464384836121
v 0.0340180321695 -0.136824216255 -0.0467476045531
v 0.0243521679003 -0.133795517869 -0.0451146395823
v 0.033164289806 -0.135252050204 -0.044735024087
v 0.0346958676688 -0.13550520066 -0.0446690455752
v 0.0365629318804 -0.131822886132 -0.039085280321
v 0.0552282648326 -0.102823732405 0.0505123965293
v 0.056449874015 -0.103030766271 0.0504206512304
v 0.0559232399201 -0.103097895062 0.0460483537828
v 0.052195255917 -0.102405809066 0.0480289896266
v 0.0462520930134 -0.101302483563 0.0511865250299
v 0.0550642149192 -0.102759015898 0.0515661405252
v 0.0565957927819 -0.103012166354 0.051632119037
v 0.0541059642807 -0.102126721494 0.0591861888193
v 0.0575340275564 -0.102718847143 0.058921461453
v 0.0451016860514 -0.101067564104 0.0518607596771
v 0.0537333031115 -0.101880823852 0.0621496056881
v 0.057973040951 -0.102581598912 0.0623322484383
v 0.0536611987403 -0.100874567616 0.0682461056641
v 0.058849505875 -0.101841391439 0.0677993601554
v 0.0536076888079 -0.100127807021 0.0727704263954
v 0.059688441804 -0.101132878609 0.0730323778397
v 0.0546872260995 -0.0984173094713 0.0781442216335
v 0.0606716929321 -0.0997251478812 0.0775032578284
v 0.0557554510272 -0.0967247360556 0.0834617054062
v 0.0620416506423 -0.0977637653723 0.0837325072411
v 0.0592024305373 -0.0931011701166 0.0900308059819
v 0.063782021388 -0.0944596909812 0.0893069879869
v 0.0614226819582 -0.0907671767171 0.0942620626065
v 0.0653822653174 -0.0914216457834 0.0944326366424
v 0.0685640424535 -0.0843426697253 0.10163411489
v 0.0619430194828 -0.0849310034644 0.0997857725314
v 0.0229952258245 -0.142813512498 -0.100598554132
v 0.0256796531842 -0.143178119041 -0.100741232588
v 0.026347562579 -0.140671044179 -0.102169506067
v 0.0222940322557 -0.140505133822 -0.101747833042
v 0.0183980662684 -0.145751543318 -0.0984442608056
v 0.0244771133669 -0.147691990787 -0.098169692582
v 0.0154295590385 -0.147395917977 -0.0955968110739
v 0.024199621357 -0.149135051128 -0.0964203670049
v 0.0228340056956 -0.133310916588 -0.0451832093915
v 0.0234154914605 -0.132769711488 -0.044478724462
v 0.0318339362674 -0.124934428945 -0.0342795624983
v 0.0387117665294 -0.127129850054 -0.0339689161739
v 0.037179354018 -0.119875620564 -0.0273213660014
v 0.0405750413392 -0.123132407326 -0.0293253513538
v 0.0312147554191 -0.114155003817 -0.0238013221651
v 0.0401951152075 -0.117021557759 -0.0233957123065
v 0.0430052958215 -0.117918574639 -0.0232687867725
v 0.046540198288 -0.110711124161 -0.0133758537906
v 0.0527382615962 -0.099044444855 0.0281125295514
v 0.0549290481483 -0.0997330697163 0.0277410029989
v 0.0542073036966 -0.0993353994594 0.0203389272524
v 0.0489909021476 -0.0977780418174 0.0248491746942
v 0.0433813804819 -0.0961033180923 0.0296993248417
v 0.0523617402703 -0.0989698720341 0.0301049347003
v 0.0551719208844 -0.0998668889139 0.0302318602343
v 0.0503763166566 -0.099363145089 0.0360798533503
v 0.0554441397916 -0.100812377764 0.0353141707588
v 0.0433424256653 -0.0960951530422 0.029722776399
v 0.0488672113553 -0.0996620689297 0.0406213433112
v 0.0557450416174 -0.101857490039 0.0409319896356
v 0.0476091473221 -0.100013868715 0.0438162413504
v 0.0558043511887 -0.102270332861 0.0426348642383
v 0.0447339308087 -0.100817882283 0.0511179552207
v 0.0446263836904 -0.100841241009 0.0514297630032
v 0.0646312415072 -0.0771551375621 0.10485819782
v 0.0707102886057 -0.0790955850311 0.105132766044
v 0.0743999394056 -0.0693754794405 0.109132579529
v 0.0641116657172 -0.069931793714 0.10731710438
v 0.0229912156196 -0.133764158321 -0.102954889423
v 0.0281939158697 -0.134692727252 -0.1033761718
v 0.0299437542678 -0.129026916397 -0.10451976119
v 0.0235084052811 -0.128763518578 -0.103850316814
v 0.0311829714156 -0.114123696185 -0.0238030447519
v 0.031234563432 -0.114077310027 -0.0237499418227
v 0.041825852787 -0.104554727784 -0.0128484782133
v 0.0469889171186 -0.109640409404 -0.0125686573711
v 0.0461749071106 -0.100219261214 -0.00592211136969
v 0.0474940346393 -0.108555629361 -0.0113130184964
v 0.0452629885146 -0.0944562936691 -0.00219535383425
v 0.04862949419 -0.0977723430028 -0.00201290047074
v 0.0512933576258 -0.100396281122 -0.00186852796979
v 0.0504069352951 -0.0951351442678 0.00580309193881
v 0.0525518080244 -0.0985291116338 0.00366529182009
v 0.0462115444497 -0.0930489162291 0.00197575820304
v 0.0476963135272 -0.0908459565241 0.0085047755671
v 0.0510628192026 -0.0941620058578 0.00868722893062
v 0.0537266826384 -0.0967859439773 0.00883160143157
v 0.0499335096791 -0.0939064732198 0.0148466755185
v 0.0539267950593 -0.0975061706259 0.0126401972143
v 0.0464331469878 -0.0899660581221 0.0110813591737
v 0.0491258278247 -0.0937237163488 0.0192519099907
v 0.0542888921563 -0.0988093979687 0.0195317308329
v 0.0472556350389 -0.0944840326245 0.0226339522159
v 0.054251383707 -0.0990512152587 0.0199028211323
v 0.0433495964784 -0.0960720104595 0.0296976022548
v 0.0433362894566 -0.0960787997746 0.0297137194759
v 0.0668399506862 -0.0655048844223 0.108302073057
v 0.0766346657308 -0.0630378928152 0.110258414699
v 0.0790650779009 -0.0561453496481 0.111482834652
v 0.0723855994161 -0.0565065267836 0.11030416974
v 0.0257144408366 -0.122480225064 -0.103756983906
v 0.0316758278626 -0.12384165254 -0.104433720943
v 0.0341216148324 -0.116519763439 -0.104312227194
v 0.0278965869891 -0.116264974031 -0.103664661711
v 0.0508612788305 -0.0820072786763 -0.00213558163174
v 0.0477194324587 -0.0889938567887 -0.00216912670836
v 0.0487871381606 -0.0874096962119 0.00252592599266
v 0.0520813797309 -0.0801970085405 0.00322960281701
v 0.0532946038431 -0.0783969415313 0.00856454776962
v 0.0501527574713 -0.0853835196437 0.00853100269299
v 0.0478305044424 -0.0865769450421 0.0112941311637
v 0.0516698281448 -0.0772651528906 0.0118787350112
v 0.0742540105081 -0.050377483606 0.110173266879
v 0.0814423342662 -0.048945644273 0.111362015456
v 0.0831485475205 -0.0437782450321 0.111275300656
v 0.0761504024867 -0.0441566533141 0.110040403648
v 0.031757893625 -0.108475840537 -0.102666893675
v 0.0364691756076 -0.10978441508 -0.103353464875
v 0.0386752003926 -0.103455145324 -0.10245250697
v 0.0343348685101 -0.103277496224 -0.102000999092
v 0.0581813389236 -0.0731349489739 -0.0126067136339
v 0.0442806070861 -0.0836660890206 -0.0117097653303
v 0.0594560178853 -0.0746341150124 -0.00528048858696
v 0.0594177682654 -0.0726792880556 -0.0112406223233
v 0.0594779144068 -0.0757531826181 -0.00186852796979
v 0.060691138519 -0.0739531156089 0.00346641698282
v 0.0619112394194 -0.072142845473 0.00883160143157
v 0.0639687735473 -0.0643013034141 0.0181372177565
v 0.0661137242715 -0.0627444628409 0.0182036957851
v 0.0657115462863 -0.0624643131096 0.0190240509572
v 0.0654813139613 -0.0623039375388 0.0194936745702
v 0.0602401592663 -0.0607391898405 0.024025324278
v 0.0764914870084 -0.0394915518977 0.109094346101
v 0.0849618614027 -0.038002609073 0.110365783728
v 0.0868562921443 -0.0319686055724 0.109415580432
v 0.0770025637499 -0.0325014228281 0.107676785416
v 0.040674980483 -0.0921169241928 -0.0999391306189
v 0.0425047325669 -0.0926902580437 -0.10024825156
v 0.0434279876227 -0.090094970642 -0.0997168315693
v 0.0418600708127 -0.0900307960542 -0.0995537272697
v 0.0328388682977 -0.0896615596576 -0.0986152865891
v 0.0312527098872 -0.089530563614 -0.0982552044096
v 0.0574627460345 -0.0670457241029 -0.0251781397346
v 0.0600809426121 -0.0660905452916 -0.024462293487
v 0.0602642529382 -0.0651149150644 -0.0256822424449
v 0.0492929692275 -0.067048053073 -0.0315741570831
v 0.0489030649411 -0.0729450883344 -0.0236379120692
v 0.0599016055148 -0.0670450288537 -0.0232687867725
v 0.0596376302496 -0.0695129335988 -0.018451444792
v 0.0453976711003 -0.075314750559 -0.0227405917931
v 0.0593152719084 -0.0725266617187 -0.0125686573711
v 0.0593439854269 -0.0725694187421 -0.012196619184
v 0.0666152469461 -0.0616956502836 0.0195317308329
v 0.0675944869554 -0.0594145857844 0.0214532467446
v 0.061069690004 -0.0548934026092 0.0298627349376
v 0.0720682305777 -0.0489933431285 0.0302318602343
v 0.0735285697829 -0.0454345782575 0.0326453159067
v 0.068291789753 -0.0443369329583 0.0357979593447
v 0.0790720435365 -0.0210651539018 0.104687172037
v 0.0768577021343 -0.0301388510523 0.106949000779
v 0.0879746798008 -0.0282983617272 0.108543553029
v 0.0903648350984 -0.0204545226799 0.106679905031
v 0.0459353737679 -0.083082746946 -0.098169692582
v 0.031902191858 -0.0886357532772 -0.0979793714688
v 0.0484909278915 -0.0762746202619 -0.0956173113748
v 0.0413050499384 -0.0756811602548 -0.0939860073524
v 0.0581890370985 -0.0590145681428 -0.0364316661744
v 0.0615229313518 -0.0578880297163 -0.0355786776869
v 0.061778284594 -0.0565600990964 -0.0371884391999
v 0.0499295368245 -0.0584742476237 -0.0430390442247
v 0.0485593486957 -0.0655997289987 -0.0344012995208
v 0.0612675781097 -0.0592159603362 -0.0339689161739
v 0.0607915619151 -0.0620146521877 -0.0300373982508
v 0.046338813393 -0.0671075547686 -0.0338716753574
v 0.0655926237837 -0.0403273689835 0.0404996062887
v 0.0783008531976 -0.033943600321 0.0409319896356
v 0.0802758683112 -0.029115136651 0.0441515126616
v 0.0752814640639 -0.0281879445709 0.0468049832941
v 0.0901781470808 -0.0117885885859 0.10287283341
v 0.0930990363276 -0.0110932927247 0.103429891441
v 0.0935632250137 -0.00940061548558 0.102580384837
v 0.088732970765 -0.00982982431867 0.101231958231
v 0.0921685490067 -0.0144863411903 0.105132766044
v 0.0907561734217 -0.0191596509563 0.10634423385
v 0.0473633944949 -0.0669148707111 -0.0915221424096
v 0.0507590818161 -0.0701716574729 -0.093526127762
v 0.0537174169007 -0.0622116117535 -0.0907986136444
v 0.0507813725162 -0.061969132695 -0.0901320867362
v 0.041398795896 -0.0611942539643 -0.0880020985732
v 0.0413626924771 -0.0611854088774 -0.0879765913173
v 0.0608574261935 -0.0493921408185 -0.0465783985374
v 0.0634756227711 -0.0484369620072 -0.0458625522897
v 0.0636708292643 -0.0474436813742 -0.0470301898931
v 0.0534674735441 -0.0492084876406 -0.0524122062032
v 0.0514329901643 -0.055919158429 -0.0450649720486
v 0.0632760914614 -0.0494522488576 -0.0446690455752
v 0.0624889019946 -0.0531878605455 -0.0407375276522
v 0.0480361534725 -0.0582807631264 -0.0445718047588
v 0.0733329152775 -0.0234261241237 0.0512361925636
v 0.0851760165745 -0.0169592145523 0.051632119037
v 0.0866446538251 -0.0133572967988 0.0539932633549
v 0.0813105633471 -0.0122680460433 0.0571194862745
v 0.0827653211097 0.000181477501406 0.0939001012498
v 0.0863336370629 -0.00588597431485 0.0983278122878
v 0.0951565878041 -0.00372445617873 0.100050455519
v 0.0965980661886 0.00141063358057 0.0977616871062
v 0.0582935348944 -0.0495894582206 -0.0874695631806
v 0.0414186039089 -0.0611165601737 -0.0879507182308
v 0.0587613428459 -0.0484194730256 -0.0867827056769
v 0.052896623058 -0.0469826574123 -0.0826392502007
v 0.0649706992416 -0.0378277824051 -0.0554072312393
v 0.0504896913388 -0.0488343756324 -0.0548409799972
v 0.0647296504881 -0.0430325586721 -0.0505518329961
v 0.0660226498644 -0.0376458335344 -0.0548523534555
v 0.0916680085415 0.00107111725399 0.0617602519013
v 0.0914929410378 -0.000988289947782 0.0604107325266
v 0.0925541634091 0.00171911293589 0.0618154269173
v 0.092223574887 0.00178662093915 0.0620091794265
v 0.0917372743799 0.00188592619034 0.0622941921756
v 0.0867589786407 0.00351336375625 0.0670153485161
v 0.0987773277053 0.011745913489 0.0937519860681
v 0.0997440240477 0.0121679645999 0.094061546343
v 0.0998154704275 0.0124927524271 0.0937457791387
v 0.0951784956015 0.011581369868 0.0909770260342
v 0.0996600601081 0.0117862732451 0.0944326366424
v 0.097369019527 0.00402302741534 0.0969234938778
v 0.058056287667 -0.0384317197186 -0.0808230171792
v 0.0593754151957 -0.0467680878653 -0.0862139243059
v 0.0639942595205 -0.0343469277563 -0.0819357433908
v 0.0609683796164 -0.0336056081968 -0.079797943272
v 0.057144369071 -0.0326687521737 -0.0770962596437
v 0.0588560462159 -0.0310793761122 -0.0723749798168
v 0.0610453193075 -0.0290465288231 -0.0663363580399
v 0.0527673074835 -0.0395321308096 -0.0652104123371
v 0.0679427182827 -0.0305001568013 -0.0587811355937
v 0.0688156832593 -0.0271933559456 -0.0607343594253
v 0.0664177921211 -0.0362765937393 -0.0553691749766
v 0.0661333457448 -0.0372622521733 -0.0549971367894
v 0.0931843672594 0.00343711485619 0.0623322484383
v 0.092349792752 0.0122989573759 0.0691081351554
v 0.0980224601982 0.0161408929216 0.0676974328871
v 0.0953505023345 0.017014373492 0.0702313785324
v 0.0926785444709 0.0178878540624 0.0727653241778
v 0.0931141481011 0.0195110275484 0.0775649298908
v 0.0936442442595 0.0214863050019 0.0834056813766
v 0.0886930290267 0.0125359140533 0.0856509337771
v 0.101765952775 0.0194497116093 0.0906240408596
v 0.102843883937 0.0232944647323 0.0888988168525
v 0.063985655931 -0.0245208111302 -0.079797943272
v 0.0661305286603 -0.0279147784962 -0.0819357433908
v 0.0681249246125 -0.0219097989691 -0.0819357433908
v 0.0650990447085 -0.0211684794095 -0.079797943272
v 0.0612750341631 -0.0202316233865 -0.0770962596437
v 0.058754580148 -0.0278205250497 -0.0770962596437
v 0.060668518717 -0.0256221547165 -0.0723749798168
v 0.062986711308 -0.0186422473249 -0.0723749798168
v 0.0651759843995 -0.0166094000359 -0.0663363580399
v 0.0631164886629 -0.0228103902258 -0.0663363580399
v 0.0729463483514 -0.0147562271583 -0.0607343594253
v 0.070875178996 -0.0209923657557 -0.0607343594253
v 0.0984514195583 0.0263510071843 0.0702313785324
v 0.100093629554 0.0223770315189 0.0676974328871
v 0.10215312529 0.0285780217088 0.0676974328871
v 0.0994811674266 0.0294515022792 0.0702313785324
v 0.0968092095629 0.0303249828496 0.0727653241778
v 0.0947497138263 0.0241239926597 0.0727653241778
v 0.0949773904156 0.0251211131184 0.0775649298908
v 0.0972448131932 0.0319481563357 0.0775649298908
v 0.0977749093516 0.0339234337891 0.0834056813766
v 0.0952544553366 0.0263345321259 0.0834056813766
v 0.106974549029 0.0357315935196 0.0888988168525
v 0.104838279889 0.0292994442595 0.0888988168525
v 0.0652095703945 -0.01446534844 -0.0814544890937
v 0.0692028557747 -0.0180650458461 -0.0836609673979
v 0.0711533381221 -0.0111080866638 -0.0867827056769
v 0.0652886183341 -0.00967127105055 -0.0826392502007
v 0.0604326437047 -0.0171635348629 -0.0771722726323
v 0.0614092250783 -0.0159626119045 -0.0743069040472
v 0.0640924411749 -0.0126630038022 -0.0664341314155
v 0.0758501541037 -0.00251376191864 -0.0567636880529
v 0.0773626945178 -0.000516396043372 -0.0554072312393
v 0.0775162336653 -0.00107560429644 -0.0553933766552
v 0.0777844412902 -0.00205244909294 -0.0553691749766
v 0.0784146451405 -0.000334447172632 -0.0548523534555
v 0.104603427913 0.0388277618817 0.0620699471692
v 0.104835462805 0.0386469179366 0.0619602102512
v 0.104946158685 0.0390304992976 0.0618154269173
v 0.104615570163 0.0390980073009 0.0620091794265
v 0.104129269656 0.0391973125521 0.0622941921756
v 0.104282808804 0.038638104299 0.0623080467598
v 0.104551016429 0.0376612595025 0.0623322484383
v 0.0992884506822 0.0360894743523 0.0683543494078
v 0.103026090267 0.0318848225646 0.0657442090555
v 0.0991509739168 0.040824750118 0.0670153485161
v 0.0957256663383 0.0342713790833 0.0726675508021
v 0.0960849957813 0.0350812771503 0.0758420999689
v 0.0969325188932 0.0369915223127 0.0833296683881
v 0.112207465704 0.0498041387888 0.0937457791387
v 0.111593393354 0.0481527536285 0.0931769977677
v 0.107570490878 0.0488927562298 0.0909770260342
v 0.0714090024706 -0.00194973679078 -0.0895888938635
v 0.0735997890226 -0.00263836165209 -0.089960420416
v 0.074370742361 -2.5967817313e-05 -0.0907986136444
v 0.0714346979765 0.000216511241265 -0.0901320867362
v 0.0620521213563 0.00099138997194 -0.0880020985732
v 0.0668485021504 -0.00491196485398 -0.0877261619382
v 0.0713087484415 -0.0104016074819 -0.0874695631806
v 0.0642290358337 -0.0062161162025 -0.0843673417977
v 0.0712247845019 -0.0107832988367 -0.0870984728812
v 0.0620160179374 0.00100023505879 -0.0879765913173
v 0.0728812832287 0.00499929632869 -0.055665047623
v 0.0843241547245 0.014741962562 -0.0470301898931
v 0.0794758675118 0.00237295571104 -0.0534476590648
v 0.0741207990044 0.0129771562956 -0.0524122062032
v 0.102821079753 0.0464200226383 0.0587001440291
v 0.106239158062 0.0444172244354 0.0575149064579
v 0.107297979285 0.0488283471375 0.0539932633549
v 0.101963888807 0.0499175978929 0.0571194862745
v 0.099647858367 0.0447130049241 0.062036375792
v 0.0978675217362 0.0439778664247 0.065190517665
v 0.10341864657 0.0623671214376 0.0939001012498
v 0.108215027364 0.0564637666117 0.0941760378848
v 0.112675273655 0.0509741239838 0.0944326366424
v 0.117251391649 0.0635962775168 0.0977616871062
v 0.0707443976105 0.00655835461743 -0.0923216994659
v 0.0758122207455 0.00510912194199 -0.0930873820575
v 0.0774055835359 0.0107852812488 -0.0956173113748
v 0.0702197055828 0.0113787412559 -0.0939860073524
v 0.0620171754088 0.00102040261371 -0.0880039191576
v 0.0620070303309 0.00101590828966 -0.0879877039391
v 0.0810949328758 0.0222441123346 -0.0449137906536
v 0.0857927919751 0.0183438803155 -0.0446690455752
v 0.0906929402384 0.0304998024143 -0.0371884391999
v 0.0788441924689 0.028585653887 -0.0430390442247
v 0.105443737818 0.0560049799284 0.0485273497306
v 0.108479906555 0.0545725263087 0.047700601114
v 0.109190523956 0.0579447648597 0.0441515126616
v 0.104196119708 0.0588719569398 0.0468049832941
v 0.102994857989 0.0547371466399 0.0513873739587
v 0.107692717088 0.0508369146209 0.051632119037
v 0.10028838796 0.0533974841836 0.054902722985
v 0.107493185778 0.0498216277704 0.0528256257515
v 0.103383700623 0.0623961340794 0.0938982806655
v 0.122477880658 0.0776592860251 0.102580384837
v 0.120209726734 0.0715563232362 0.100489201224
v 0.117647626409 0.077230077192 0.101231958231
v 0.0789910259454 0.0207513505856 -0.0992894150897
v 0.0802126351279 0.0205443167196 -0.0993811603886
v 0.0806039734512 0.0218391884431 -0.0997168315693
v 0.0790360566413 0.021903363031 -0.0995537272697
v 0.0700148541262 0.0222725994276 -0.0986152865891
v 0.0754137066169 0.0183386599184 -0.0983414578697
v 0.0788002595429 0.0158710069535 -0.098169692582
v 0.0696745683555 0.0147344226337 -0.0952854408672
v 0.077869772222 0.0124779584879 -0.0964668179793
v 0.0684286957158 0.0224035954712 -0.0982552044096
v 0.088130968524 0.0386341966993 -0.0341990312391
v 0.092667955352 0.0353282660842 -0.0339689161739
v 0.0974402387667 0.0468192440208 -0.0256822424449
v 0.086468955056 0.0448861060122 -0.0315741570831
v 0.107141077897 0.0648317715706 0.0378272203292
v 0.110177246635 0.0633993179509 0.0370004717126
v 0.110704555611 0.0664995808277 0.0326453159067
v 0.105467775582 0.0675972261269 0.0357979593447
v 0.105164243612 0.0639065567146 0.0407018745704
v 0.10970123044 0.0606006260995 0.0409319896356
v 0.102271963731 0.0624588050065 0.0443657181857
v 0.109445877198 0.0592726954796 0.0425417511486
v 0.116248029365 0.0908690051834 0.104687172037
v 0.121646881856 0.0869350656742 0.104961000756
v 0.125033434782 0.0844674127093 0.105132766044
v 0.127540820927 0.0914796364053 0.106679905031
v 0.079566065473 0.0302751531394 -0.101315752201
v 0.0829941287488 0.0296830274904 -0.101580479567
v 0.0841125164053 0.0333532713356 -0.10245250697
v 0.0797721845227 0.0335309204353 -0.102000999092
v 0.0689799011323 0.023107921914 -0.0986688803919
v 0.0683891448032 0.0227338419815 -0.0983720486157
v 0.0941018127594 0.0542511475877 -0.023517285089
v 0.0989005779719 0.0503780088918 -0.0232687867725
v 0.103549389098 0.0628586587494 -0.0131406539082
v 0.103374321594 0.0607992515476 -0.0144901732829
v 0.103618654936 0.0636734676858 -0.0126067136339
v 0.104056150694 0.0633203598186 -0.0125840584393
v 0.104353561604 0.0630803160468 -0.0125686573711
v 0.104855084278 0.0641291286041 -0.0112406223233
v 0.111392788231 0.0741349284505 0.0192694295638
v 0.111624823123 0.0739540845054 0.0191596926458
v 0.111551040284 0.0740639538188 0.0182036957851
v 0.111148862299 0.0743441035501 0.0190240509572
v 0.110918629974 0.0745044791209 0.0194936745702
v 0.111356125732 0.0741513712537 0.0195163297647
v 0.111653536641 0.0739113274819 0.0195317308329
v 0.107913099992 0.0729003975649 0.0265997558251
v 0.1113311783 0.070897599362 0.0254145182538
v 0.105677475279 0.0760692268192 0.024025324278
v 0.106268437822 0.0723028333129 0.0299833619178
v 0.111067203035 0.068429694617 0.0302318602343
v 0.103683068119 0.071051067468 0.0335024641823
v 0.110887865937 0.0674752110548 0.0314253669488
v 0.115213076371 0.0917043276698 0.104633578234
v 0.132293608157 0.104839811087 0.109415580432
v 0.128464075983 0.0940749238069 0.107211325022
v 0.122439879763 0.104306993832 0.107676785416
v 0.0808186400121 0.0403540986594 -0.102955964758
v 0.0860069471469 0.0393872748362 -0.103402710266
v 0.0878202610291 0.0451629107954 -0.104312227194
v 0.0815952331859 0.0454177002036 -0.103664661711
v 0.0994287306155 0.0694007261016 -0.0128554960203
v 0.104231173308 0.0740864988713 -0.0057927706541
v 0.104559925027 0.0796753955578 -0.00213558163174
v 0.106808747079 0.0766014533971 -0.00200205480076
v 0.10905756913 0.0735275112363 -0.00186852796979
v 0.108635460035 0.0793117570375 0.00603060212429
v 0.110277670031 0.0753377813722 0.00349665647896
v 0.105780025928 0.0814856656937 0.00322960281701
v 0.10699325004 0.0832857327029 0.00856454776962
v 0.109242072091 0.0802117905421 0.00869807460059
v 0.111490894143 0.0771378483813 0.00883160143157
v 0.10777515108 0.0802234325634 0.014853702401
v 0.111512790664 0.0760187807756 0.0122435620487
v 0.105368474342 0.0844175213435 0.0118787350112
v 0.106728705653 0.0802317375367 0.0192448921838
v 0.104656882054 0.0792850329935 0.0223900000595
v 0.12501170528 0.108895501873 0.108497230157
v 0.134499632942 0.111169080843 0.110316538337
v 0.136847193717 0.117904429202 0.111275300656
v 0.129849048683 0.11752602092 0.110040403648
v 0.0835420074508 0.0516381484461 -0.10375797819
v 0.0895264742834 0.0503303100363 -0.104398941995
v 0.0919037306487 0.0575300154113 -0.10451976119
v 0.085468381662 0.0577934132307 -0.103850316814
v 0.107222964895 0.0921006381395 -0.00219535383425
v 0.105761157385 0.0852801195503 -0.002162543415
v 0.106858770972 0.0869086546138 0.00266402408126
v 0.108171520831 0.0935080155795 0.00197575820304
v 0.109656289908 0.0957109752846 0.0085047755671
v 0.108194482398 0.0888904566953 0.00853758598635
v 0.106269036258 0.0880420270035 0.0116413235608
v 0.108393123369 0.0965908736865 0.0110813591737
v 0.132079799229 0.123739433175 0.110171259382
v 0.139292980687 0.125226318303 0.111396794405
v 0.141025054282 0.130411582161 0.111482834652
v 0.134345575797 0.130050405025 0.11030416974
v 0.0897545519681 0.0657810794431 -0.102571523243
v 0.0943341428188 0.0644225585784 -0.103295341238
v 0.096568869144 0.0707601452037 -0.102169506067
v 0.0925153388207 0.0709260555608 -0.101747833042
v 0.101436061984 0.0972761855656 -0.0238013221651
v 0.1157507285 0.100013829911 -0.0132493079455
v 0.116717424843 0.100435881022 -0.0129397476706
v 0.116761504853 0.100720065223 -0.0133758537906
v 0.111629871061 0.0971345628715 -0.0127333902693
v 0.116679916393 0.100194063732 -0.0125686573711
v 0.11704201349 0.0988908363891 -0.00567712375256
v 0.103969089742 0.0919770388331 -0.0106502308351
v 0.117242125911 0.0981706097406 -0.00186852796979
v 0.118417000525 0.0999137773971 0.00329778164169
v 0.119675450924 0.101780946886 0.00883160143157
v 0.12347477391 0.109940295124 0.0182760919582
v 0.118929846099 0.107965574307 0.0193669979348
v 0.123979891431 0.111025075167 0.0195317308329
v 0.124428610262 0.112095789924 0.0203389272524
v 0.119212208713 0.113653147566 0.0248491746942
v 0.113602687047 0.115327871291 0.0296993248417
v 0.11356373223 0.115336036341 0.029722776399
v 0.13434051853 0.134644409032 0.109105584585
v 0.14277489268 0.136077393015 0.110339245262
v 0.144621245971 0.142055709943 0.109132579529
v 0.134332972282 0.141499395669 0.10731710438
v 0.093384731974 0.0785774462495 -0.0984245898599
v 0.100258519944 0.0804802507944 -0.098169692582
v 0.102404766096 0.0857273354885 -0.0946710414277
v 0.0960534476051 0.0862518717444 -0.0932291951468
v 0.102834804649 0.102509929089 -0.0451146395823
v 0.112243568114 0.102959702763 -0.0362288488071
v 0.115164457361 0.103654998624 -0.0356717907765
v 0.115045568629 0.104482560826 -0.039085280321
v 0.110209112294 0.101853997239 -0.0341548721304
v 0.115223766932 0.103242155802 -0.0339689161739
v 0.115524668758 0.102197043528 -0.028351097297
v 0.106701718017 0.100035525392 -0.0300737405284
v 0.115796887665 0.101251554677 -0.0232687867725
v 0.116039760401 0.10111773548 -0.0207779295372
v 0.127963512728 0.119303240402 0.0302318602343
v 0.13039376721 0.124517073089 0.0362884248156
v 0.127242387382 0.127126357254 0.0407460336791
v 0.13225704202 0.128514515818 0.0409319896356
v 0.134405876669 0.133207551895 0.0460483537828
v 0.130677892666 0.133899637892 0.0480289896266
v 0.124734729762 0.135002963394 0.0511865250299
v 0.1235843228 0.135237882854 0.0518607596771
v 0.1440212519 0.150012448813 0.102955159815
v 0.146769187193 0.150519716891 0.103383440467
v 0.147046679203 0.151962777232 0.10163411489
v 0.140425656232 0.151374443493 0.0997857725314
v 0.139617907213 0.147173852005 0.104877868766
v 0.146491695183 0.14907665655 0.105132766044
v 0.145289155365 0.144562784804 0.107704306049
v 0.133414263962 0.142938115954 0.106223665836
v 0.0950746805798 0.0910872525633 -0.0878755206513
v 0.105586543232 0.0928063115466 -0.0874695631806
v 0.107186787162 0.0958443567445 -0.0823439145251
v 0.0973920721169 0.0933773651374 -0.0843002561677
v 0.102102518269 0.0980323627027 -0.0770329944381
v 0.108927157907 0.0991484311356 -0.0767694337793
v 0.110297115618 0.101109813644 -0.0705401843667
v 0.103108791859 0.0996779743114 -0.0717289329436
v 0.104130135167 0.101348230214 -0.0663454390671
v 0.111280366746 0.102517544372 -0.0660693043779
v 0.112119302675 0.103226057202 -0.0608362866936
v 0.10364892828 0.101737114378 -0.0621077243208
v 0.102927893956 0.102319813499 -0.0557579860421
v 0.112995767599 0.103966264675 -0.0553691749766
v 0.113434780993 0.104103512906 -0.0519583879912
v 0.102317803327 0.102263023581 -0.0535529402411
v 0.114373015768 0.104396832118 -0.0446690455752
v 0.114518934535 0.104415432035 -0.0434575777686
v 0.136272940881 0.136889866423 0.051632119037
v 0.13695077638 0.138208882018 0.0537106780149
v 0.129694469094 0.142033522094 0.0619434373728
v 0.139762342737 0.143679973271 0.0623322484383
v 0.14128899326 0.146476247412 0.0675160207316
v 0.131801065598 0.144202668442 0.0656967125521
v 0.13576336033 0.1482826131 0.0727562431505
v 0.142913591909 0.149451927258 0.0730323778397
v 0.144385000925 0.15170669323 0.0792964062006
v 0.137171819467 0.150219808102 0.0780708711776
v 0.138602393458 0.152187419878 0.0834689465823
v 0.145427033096 0.153303488311 0.0837325072411
v 0.146169572839 0.1537309763 0.0889389864589
v 0.137735198689 0.152297992317 0.087705325782
v 0.136441205794 0.152462984029 0.0940266791718
v 0.146953068446 0.154182043012 0.0944326366424
v 0.146986495445 0.153389576446 0.0970041766481
v 0.135111604041 0.151764907596 0.0955235364347
v 0.033788638961 -0.152075135226 -0.089739330393
v 0.0370519093514 -0.152098503985 -0.0896389088656
v 0.0369886029041 -0.150597673983 -0.0945090757046
v 0.0280503505446 -0.150584292049 -0.0946198699829
v 0.0320451448926 -0.152880127081 -0.0871405440297
v 0.0370870707409 -0.152932088406 -0.0869339421451
v 0.0313929889165 -0.152421451969 -0.0817912150017
v 0.0378462985408 -0.152494992927 -0.0816104509794
v 0.0307547235301 -0.151972546403 -0.0765558239545
v 0.0386131060909 -0.152053533705 -0.0762338127438
v 0.0318776525582 -0.150407763905 -0.0722016200988
v 0.0396054246802 -0.150532918999 -0.072009350533
v 0.0335168655964 -0.148123548423 -0.065845503592
v 0.0411265472778 -0.148201972652 -0.0655336833424
v 0.0362267915268 -0.145227691434 -0.0604096758122
v 0.042677168431 -0.145361792946 -0.0602685182965
v 0.0388967330388 -0.142374562239 -0.0550540525908
v 0.0442777964499 -0.142430018665 -0.054833553941
v 0.0442113108154 -0.137068945122 -0.0465459424909
v 0.0469984376145 -0.137135860822 -0.0464908024563
v 0.0456644646692 -0.135618241362 -0.0442195877926
v 0.0477671983059 -0.135639911817 -0.0441334245397
v 0.0498847114428 -0.131463649781 -0.0378006502274
v 0.0440380389315 -0.131621311697 -0.0383644496373
v 0.0678507625467 -0.103150617731 0.0507465715417
v 0.069501631036 -0.103167972431 0.0507937653696
v 0.0689043539808 -0.103244105912 0.0458349657602
v 0.0617242097316 -0.103163233424 0.0459529954437
v 0.0675643897823 -0.103125207057 0.0520815768196
v 0.0696671234191 -0.103146877512 0.0521677400725
v 0.0662889995009 -0.102813683433 0.0591699158742
v 0.0705840847515 -0.102860208991 0.0592918046623
v 0.0656633081771 -0.102660853643 0.0626473708241
v 0.0710443715882 -0.102716310069 0.0628678694739
v 0.0654053478984 -0.101921133865 0.0679797132677
v 0.0718924919059 -0.102000040679 0.0681581764776
v 0.0651500907598 -0.101189165537 0.0732561786256
v 0.0727597724412 -0.101267589766 0.0735679988752
v 0.0660130079145 -0.0998066678777 0.0776394033235
v 0.073698250384 -0.0999239612672 0.077835293501
v 0.0672545987186 -0.0978174892271 0.0839461170658
v 0.0751129812794 -0.0978984765298 0.0842681282766
v 0.0703844756613 -0.0946083001682 0.0894440726935
v 0.0767703218993 -0.0947520339038 0.0895766600347
v 0.0734116701063 -0.0915043956152 0.0947616557933
v 0.0784535959545 -0.0915563569408 0.0949682576779
v 0.0818004625194 -0.0841100817089 0.102543391237
v 0.0777948593183 -0.084180467455 0.102268226183
v 0.0354859790405 -0.143248343583 -0.100439459794
v 0.0387492494309 -0.143271712343 -0.100339038267
v 0.039451813918 -0.1406345556 -0.101841419027
v 0.0343971897652 -0.14064863012 -0.10196797007
v 0.0285866081098 -0.147795555807 -0.0980004684908
v 0.0374843147307 -0.14801979047 -0.0976340715465
v 0.0262943915571 -0.149162958356 -0.0963643225862
v 0.0372364588174 -0.149308732227 -0.0960715736256
v 0.041709778246 -0.127205404146 -0.0338454616278
v 0.0517189678933 -0.127457649737 -0.0334332951383
v 0.0457713102119 -0.123504957775 -0.0293841808472
v 0.0533094689774 -0.1240454118 -0.0294695240179
v 0.0516633211027 -0.118136768996 -0.0229122596198
v 0.0560124971854 -0.118246374322 -0.022733165737
v 0.0596060433621 -0.110552798544 -0.0121864335129
v 0.0597808781647 -0.110562875399 -0.0121868095555
v 0.0562841821134 -0.110361338291 -0.0121792887028
v 0.0597159831146 -0.11044782448 -0.0120379712314
v 0.0598358237845 -0.110450844633 -0.0120330363356
v 0.0600047309391 -0.110140084299 -0.0114634914732
v 0.0670203414448 -0.0996281157365 0.0199791069477
v 0.0671221053642 -0.0996310117918 0.0199808248605
v 0.0670456646685 -0.0996934138185 0.019497807006
v 0.0664809695862 -0.0996668085301 0.0195668610783
v 0.0635841571511 -0.0995303268555 0.0199210995013
v 0.0670159581523 -0.0996168130448 0.0200624169726
v 0.0671357988222 -0.0996198331975 0.0200673518684
v 0.0646338505294 -0.0999669278844 0.0279324420909
v 0.0679089892801 -0.100045849424 0.0279970482069
v 0.0550888882094 -0.0993537259667 0.0202996443014
v 0.0638299461656 -0.100085083271 0.030588387387
v 0.0681791222482 -0.100194688597 0.0307674812698
v 0.0614705986728 -0.100942184446 0.0354431042098
v 0.0684375418133 -0.101092248652 0.0355921589101
v 0.058743053334 -0.101933044131 0.0410554441817
v 0.0687522429812 -0.102185289722 0.0414676106712
v 0.0578259052692 -0.102311913446 0.0426793946729
v 0.0688028699402 -0.102537694505 0.0429211933029
v 0.0748197833486 -0.0791991500514 0.105301990135
v 0.0837174899696 -0.079423384714 0.105668387079
v 0.0875985816897 -0.0691989425181 0.10987573456
v 0.079431307275 -0.069308182958 0.109415872785
v 0.0347876690754 -0.134767868684 -0.103191473804
v 0.0412409786998 -0.134841409643 -0.103010709782
v 0.0430480056068 -0.128990427818 -0.10419167415
v 0.0351698313755 -0.129012364469 -0.104388917533
v 0.0477431167019 -0.109698904161 -0.0125370647605
v 0.048715769938 -0.108806603346 -0.0114334206731
v 0.0573697338134 -0.100867557102 -0.00161399509677
v 0.0640800553409 -0.101388001074 -0.00133290693427
v 0.0585260760132 -0.0991518860867 0.00347082140141
v 0.0651236364436 -0.099839634292 0.00325606197958
v 0.059803058826 -0.0972572199574 0.00908613430458
v 0.0665133803535 -0.0977776639288 0.00936722246709
v 0.0582058667451 -0.0977976761714 0.0126017223789
v 0.0666793253451 -0.0983749182354 0.0125255341426
v 0.0550430917396 -0.0988678927256 0.0195633234435
v 0.0546763532843 -0.0990730316945 0.0199036534413
v 0.0831752777939 -0.0627896374771 0.110652175028
v 0.0899492588426 -0.0625325243905 0.111059984723
v 0.092263720185 -0.0559688127257 0.112225989683
v 0.0870528331507 -0.0560385103461 0.111932588526
v 0.0369696727967 -0.123927388979 -0.104302008303
v 0.0446974449187 -0.124052544073 -0.104109738737
v 0.0472258661714 -0.116483274859 -0.103984140154
v 0.0395970191832 -0.116504517262 -0.104175141209
v 0.0893212712757 -0.0487012355284 0.1118007028
v 0.0947186704373 -0.0485338053849 0.112101221855
v 0.0963471898045 -0.0436017081098 0.112018455687
v 0.0908752456277 -0.04367489747 0.111710355599
v 0.0430161518448 -0.109920524865 -0.103210193418
v 0.049466528749 -0.110054626377 -0.103069035902
v 0.0517794517316 -0.103418656744 -0.102124419931
v 0.0463848358836 -0.103433677966 -0.102259483239
v 0.0694396579105 -0.0737210634288 -0.00433105770189
v 0.0730732962526 -0.0733887498403 -0.00398550352941
v 0.0730435594465 -0.0718689880636 -0.00861915327789
v 0.0615184110725 -0.0725543668068 -0.0108364791788
v 0.0671174048816 -0.0749144888272 -0.00156792923122
v 0.0730903194967 -0.0742587583937 -0.00133290693427
v 0.0745750885741 -0.0720557986886 0.0051961104298
v 0.0684830241923 -0.072888312259 0.00443714746911
v 0.0695507298942 -0.0713041516822 0.00913220017014
v 0.0755236445093 -0.0706484212487 0.00936722246709
v 0.0787908267135 -0.0633417373308 0.0166534688107
v 0.0754060135032 -0.0631822637766 0.0170673826972
v 0.0915557215163 -0.0378177834067 0.110720057368
v 0.098221768995 -0.0376309343312 0.111078209477
v 0.100054934428 -0.03179206865 0.110158735464
v 0.0922436470263 -0.0318965476266 0.109718917685
v 0.0526980112128 -0.0929349869106 -0.100046589498
v 0.0554851380119 -0.0930019026114 -0.0999914494631
v 0.0565322389616 -0.0900584820624 -0.0993887445297
v 0.0544242095008 -0.0900643518369 -0.0994415226036
v 0.0724639364533 -0.0654236112195 -0.0235883570474
v 0.0734840962155 -0.0653686665661 -0.0235163587244
v 0.0736043865835 -0.0647284466637 -0.0243169034195
v 0.0714639213624 -0.0647904566999 -0.0245359762397
v 0.0712566155798 -0.0661595370232 -0.0228170920714
v 0.0733664131264 -0.0659950097809 -0.022733165737
v 0.0730767419661 -0.0687031454483 -0.0174468937827
v 0.0659654120029 -0.0691316462942 -0.0179784537431
v 0.0600190162508 -0.0724717819905 -0.0125406628922
v 0.07278007952 -0.0714766426459 -0.0120330363356
v 0.0728538912724 -0.0715865550147 -0.0110766648407
v 0.0598408519941 -0.0725332710345 -0.0121554295653
v 0.0673189912885 -0.0616407705554 0.0195597253119
v 0.0800800545577 -0.0606456312108 0.0200673518684
v 0.0825973155913 -0.0547818646935 0.0250068529959
v 0.0713471077405 -0.0582558146034 0.0223421015736
v 0.0834232406427 -0.048107851298 0.0306835549354
v 0.0855330381893 -0.0479433240557 0.0307674812698
v 0.0864913297606 -0.0456080211562 0.0323512189523
v 0.0762419661997 -0.0454708837465 0.0325837548175
v 0.0922654476095 -0.0281836244902 0.108770477604
v 0.101227516229 -0.027943974377 0.109244451891
v 0.103563477382 -0.0202779857575 0.107423060063
v 0.0923109821925 -0.0204284922132 0.106789483651
v 0.0534771495334 -0.0825344707177 -0.0978691453045
v 0.0593759671359 -0.0821056351799 -0.0976340715465
v 0.0615574014486 -0.0762941827762 -0.0954553456517
v 0.0515026011733 -0.0762791291985 -0.095579980121
v 0.0733033232657 -0.0572997894808 -0.0347774306622
v 0.074904117817 -0.0572198556577 -0.0346685521223
v 0.0751000641564 -0.0562008627453 -0.0359038091063
v 0.0717927337905 -0.0562900485246 -0.0362227376771
v 0.0713713438133 -0.058481431132 -0.033566271045
v 0.0747081714776 -0.0582388485701 -0.0334332951383
v 0.0741844933124 -0.0613177644358 -0.0291081269698
v 0.0659004404209 -0.0617488168189 -0.029682917672
v 0.0884046189013 -0.0332090711167 0.0413346347645
v 0.0917414465656 -0.0329664885548 0.0414676106712
v 0.0932569823718 -0.0292613475001 0.0439381246391
v 0.0839261862604 -0.0291562514648 0.0440915074783
v 0.104552936692 -0.0106797215073 0.104105632726
v 0.106403411199 -0.0106129055782 0.104214804448
v 0.10679964508 -0.00916802746918 0.103489661185
v 0.10400696571 -0.00921709993377 0.103297817976
v 0.0997103247722 -0.013938064962 0.105433313321
v 0.105609142375 -0.0135092294241 0.105668387079
v 0.104007310024 -0.0188094192947 0.107042361782
v 0.0922796029607 -0.0191193862398 0.106424494793
v 0.0559553506889 -0.0705442079215 -0.0935849572554
v 0.0634935094543 -0.071084661947 -0.093670300426
v 0.0667838904578 -0.0622311742679 -0.0906366479213
v 0.0624148957226 -0.0622246332129 -0.0906908038792
v 0.0758586166123 -0.0477700279351 -0.0449886158501
v 0.0768787763745 -0.0477150832817 -0.0449166175271
v 0.0770068731457 -0.0470632809777 -0.045682834903
v 0.0749172515578 -0.0471228858266 -0.0458939516404
v 0.0745862581173 -0.048553159116 -0.0442193665721
v 0.0767478416084 -0.0483813263215 -0.0441334245397
v 0.0758818333919 -0.0524909727936 -0.0398082563711
v 0.0675977805004 -0.0529220251767 -0.0403830470734
v 0.0964861832304 -0.0160601248106 0.0520817980401
v 0.0986477667215 -0.0158882920161 0.0521677400725
v 0.0996115035666 -0.0135246716932 0.0537171504358
v 0.0893042235786 -0.0133916262786 0.0539366311287
v 0.102316782977 -0.00345928944984 0.100477207574
v 0.108466079405 -0.00323155978895 0.100843709439
v 0.109834486254 0.00164322159697 0.0986709634541
v 0.100865225529 0.00148561534464 0.098054819769
v 0.0714874239186 -0.0487652570485 -0.0870873393223
v 0.0716622587211 -0.0487753339039 -0.087087715365
v 0.0717333887287 -0.0485791383779 -0.0870359694561
v 0.0716130019599 -0.0485789581404 -0.0870374617126
v 0.0681655626698 -0.0485737967952 -0.0870801945123
v 0.0595243828105 -0.0484319945538 -0.086806843338
v 0.0710574322414 -0.0426512713676 -0.0500788419472
v 0.0781687622045 -0.0422227705217 -0.0495472819868
v 0.0793586937458 -0.0372654331379 -0.0535049984654
v 0.0667196643114 -0.0376259517333 -0.0547819333293
v 0.0987241754821 -0.00381657943211 0.058822196763
v 0.102793006025 -0.00540798553664 0.0579283683464
v 0.105521013151 0.00155173804142 0.0615393139982
v 0.10402454132 0.00157105436109 0.0615711795024
v 0.109532087883 0.0128019346705 0.0948220053108
v 0.100553646176 0.00414871226525 0.0971183529119
v 0.110691972018 0.0045488326254 0.0977386907409
v 0.113146318168 0.0128654432814 0.0950702849889
v 0.0719764572555 -0.0478827116792 -0.0869339421451
v 0.0605971504945 -0.0470190618501 -0.0863343264826
v 0.0769308370362 -0.0345592177119 -0.0823449732313
v 0.0701418602003 -0.0344478102249 -0.0821302138094
v 0.0779263583079 -0.0295871052178 -0.0578317047087
v 0.0815599966501 -0.0292547916293 -0.0574861505362
v 0.082238675036 -0.0266839504987 -0.0590046659783
v 0.0763488720782 -0.0269074697973 -0.059763628939
v 0.0685694446527 -0.0358864031931 -0.0552866000669
v 0.0803744571911 -0.0337456280348 -0.054833553941
v 0.0796432515904 -0.0362793884459 -0.0538771824462
v 0.066630212312 -0.0372261044657 -0.0549559471707
v 0.095336019791 0.0038273054023 0.062414823348
v 0.107141032329 0.00596808056067 0.0628678694739
v 0.110902362045 0.0158445129767 0.0670389815112
v 0.1038322699 0.0160072031544 0.0674004215249
v 0.111057915163 0.0201915216121 0.0914372578715
v 0.115316316112 0.0205314847209 0.0918099460024
v 0.116210200044 0.02371978019 0.0903792887641
v 0.109922567257 0.0235197080538 0.0896828617413
v 0.113342982469 0.0134930197865 0.0949682576779
v 0.113176196014 0.0129607866351 0.0950547846859
v 0.0721047966491 -0.028537552949 -0.0821302138094
v 0.0787023570795 -0.0292253011543 -0.0823449732313
v 0.0810615021282 -0.0221220889247 -0.0823449732313
v 0.0742725252923 -0.0220106814377 -0.0821302138094
v 0.0786670646692 -0.0199275624058 -0.059763628939
v 0.084759129051 -0.0190950488354 -0.0590046659783
v 0.0863693401281 -0.0142468217114 -0.0590046659783
v 0.0804795371703 -0.0144703410101 -0.059763628939
v 0.105695512215 0.0216172887244 0.0674004215249
v 0.112512573122 0.0206927401007 0.0670389815112
v 0.115033027137 0.028281641764 0.0670389815112
v 0.107962934992 0.0284443319417 0.0674004215249
v 0.112110131119 0.0301063019502 0.0896828617413
v 0.118569345093 0.0308229924196 0.0903792887641
v 0.120340865136 0.0361569089772 0.0903792887641
v 0.114053232349 0.035956836841 0.0896828617413
v 0.0839937422396 -0.0113601993145 -0.0870221870659
v 0.0840955061591 -0.0113630953698 -0.0870204691531
v 0.0841253840049 -0.0112677520161 -0.0870359694561
v 0.084004997236 -0.0112675717787 -0.0870374617126
v 0.080557557946 -0.0112624104335 -0.0870801945123
v 0.0833787632303 -0.0117920770535 -0.0869578011118
v 0.0839287197035 -0.0118953285212 -0.0869339421451
v 0.0734819274605 -0.0183565513916 -0.0836994422333
v 0.0819553860605 -0.0189337934556 -0.0837756304696
v 0.0719163780867 -0.011120608192 -0.086806843338
v 0.0868342006624 -0.00375149435044 -0.0549765658923
v 0.0901306698433 -0.00437038929538 -0.054833553941
v 0.091750689022 4.5953223873e-05 -0.0535049984654
v 0.0791116595875 -0.000314565371525 -0.0547819333293
v 0.116544229812 0.0379423244068 0.0619156264014
v 0.117628450582 0.0378770797112 0.061911497979
v 0.117913008427 0.0388631244032 0.0615393139982
v 0.116416536597 0.0388824407228 0.0615711795024
v 0.113600775801 0.035962214245 0.0627248575226
v 0.116897244982 0.0353433193001 0.0628678694739
v 0.10680311758 0.0315774527562 0.0656775916031
v 0.115711705523 0.0308524828946 0.065520466069
v 0.12192408316 0.0501133210322 0.0948220053108
v 0.124745288444 0.0495836544122 0.0949443987113
v 0.125295244917 0.0494804029444 0.0949682576779
v 0.125538313444 0.0501768296432 0.0950702849889
v 0.0833045914037 -0.00287221982019 -0.0897689813241
v 0.0865797301544 -0.00295114136011 -0.0897043752081
v 0.0874372159181 -4.55303316758e-05 -0.0906366479213
v 0.0830682211829 -3.89892766707e-05 -0.0906908038792
v 0.0721782946343 -0.0104825376739 -0.0874329558699
v 0.0716497540792 -0.0108051152725 -0.0870976405723
v 0.0832284882969 0.00353172689206 -0.0525588042359
v 0.0944786961477 0.00700567680193 -0.0498940528136
v 0.097660198606 0.0151223629585 -0.045682834903
v 0.0955705770181 0.0150627581096 -0.0458939516404
v 0.113014562493 0.0441029072057 0.0575500329019
v 0.119102939968 0.043820461787 0.0575815975196
v 0.120264829027 0.048660972243 0.0537171504358
v 0.109957549039 0.0487940176576 0.0539366311287
v 0.113544819848 0.0508931937918 0.0944692439531
v 0.130487811715 0.0638288655332 0.0986709634541
v 0.125609443452 0.0503730251692 0.0951220308978
v 0.121518550989 0.0636712592809 0.098054819769
v 0.0818386796267 0.00497931526055 -0.0929584486065
v 0.0888056227671 0.00482925105424 -0.0928093939062
v 0.090472057093 0.0107657187345 -0.0954553456517
v 0.0804172568177 0.0107807723122 -0.095579980121
v 0.088478638106 0.0181643032237 -0.0445569280785
v 0.0986239354511 0.0174859832814 -0.0441334245397
v 0.104014719801 0.0308590387654 -0.0359038091063
v 0.100707389435 0.0307698529861 -0.0362227376771
v 0.116356619568 0.0542773090174 0.0477872212876
v 0.121389868781 0.0540886640589 0.047842571904
v 0.122171638016 0.0577985540106 0.0439381246391
v 0.112840841905 0.0579036500459 0.0440915074783
v 0.110378563219 0.0506573375291 0.0517442365337
v 0.120523860564 0.0499790175868 0.0521677400725
v 0.108878902455 0.0497669657077 0.052839086521
v 0.120392925798 0.049312774547 0.0529509330599
v 0.128410878167 0.0722369265088 0.101223831086
v 0.133778192718 0.0726823532123 0.101704615959
v 0.135714300724 0.0778918740415 0.103489661185
v 0.132921621354 0.0778428015769 0.103297817976
v 0.0916135236595 0.0204244652598 -0.0990552400773
v 0.0932643921488 0.02040711056 -0.0990080462493
v 0.0937082247901 0.0218756770228 -0.0993887445297
v 0.0916001953293 0.0218698072483 -0.0994415226036
v 0.0845481341195 0.0155295538756 -0.0979303355096
v 0.0916625597979 0.0151069206894 -0.0976340715465
v 0.0798913263025 0.0124363779022 -0.0964222875447
v 0.0908682909736 0.0122105968435 -0.0961804889147
v 0.0962848625966 0.0351134033389 -0.0338182983555
v 0.105530255607 0.0345641798201 -0.0334332951383
v 0.110780372412 0.0472057124215 -0.0243169034195
v 0.108639907191 0.0471437023853 -0.0245359762397
v 0.118053959647 0.0631041006596 0.0370870918862
v 0.12308720886 0.0629154557011 0.0371424425026
v 0.123667315589 0.066326137929 0.0323512189523
v 0.113417952028 0.0664632753387 0.0325837548175
v 0.113318137685 0.0603857633542 0.041082607454
v 0.122563530695 0.0598365398354 0.0414676106712
v 0.11132412139 0.0592065370283 0.0425651703563
v 0.122367584356 0.058817546923 0.0427028676551
v 0.130781309358 0.0841259596313 0.105372123116
v 0.137895735037 0.0837033264452 0.105668387079
v 0.140739463211 0.0916561733276 0.107423060063
v 0.129486968021 0.091505666872 0.106789483651
v 0.0917491006932 0.0295881912 -0.101332025146
v 0.0960441859438 0.0295416656423 -0.101210136358
v 0.0972167677442 0.0333897599153 -0.102124419931
v 0.0918221518962 0.0333747386932 -0.102259483239
v 0.1015337376 0.0502063370649 -0.0231589280532
v 0.111738663983 0.049541015321 -0.022733165737
v 0.110605556038 0.0579709620633 -0.0160787090465
v 0.114674386581 0.0563795559588 -0.0169725374631
v 0.115710036086 0.0623399178192 -0.0120948510252
v 0.117191647615 0.062243322476 -0.0120330363356
v 0.118480875459 0.0649394285961 -0.00861915327789
v 0.106955727085 0.0642540498529 -0.0108364791788
v 0.12333359013 0.0732494909756 0.0191151087959
v 0.1244178109 0.07318424628 0.0191109803735
v 0.124228142726 0.0734666793289 0.0166534688107
v 0.120843329516 0.0736261528831 0.0170673826972
v 0.123010011124 0.0731709292543 0.0200055371789
v 0.124491622653 0.0730743339112 0.0200673518684
v 0.118106582731 0.0705832821323 0.0254496446978
v 0.124194960207 0.0703008367136 0.0254812093156
v 0.113700362663 0.0682580227901 0.0303417189535
v 0.123905289046 0.0675927010462 0.0307674812698
v 0.112273582614 0.0674205489921 0.0314388277183
v 0.123787605957 0.0669663578314 0.0315506742572
v 0.13112128282 0.0941795706925 0.10737376731
v 0.141786564161 0.0945995938767 0.108025764996
v 0.145492250441 0.10501634801 0.110158735464
v 0.137680963039 0.104911869033 0.109718917685
v 0.0925627891702 0.0393075324099 -0.103222357154
v 0.0990499331777 0.0392286255965 -0.103043893944
v 0.100924512368 0.0451993993751 -0.103984140154
v 0.09329566538 0.0451781569718 -0.104175141209
v 0.114781939104 0.072949503514 -0.00162692237948
v 0.121748057663 0.0722461125139 -0.00133290693427
v 0.115879552691 0.0745780385776 0.00319964511678
v 0.122696613599 0.0736534899539 0.00283820510302
v 0.117215264117 0.0765598406591 0.00907320702187
v 0.124181382676 0.075856449659 0.00936722246709
v 0.115289817978 0.0757114109673 0.0121769445963
v 0.12419840592 0.0749864411056 0.0120198190622
v 0.141100580948 0.111408817139 0.110706880417
v 0.147805173424 0.111652317642 0.111103351435
v 0.150045836001 0.118080966124 0.112018455687
v 0.144573891824 0.118007776764 0.111710355599
v 0.0948677892657 0.0502487900398 -0.1042627965
v 0.102553031735 0.0501314966502 -0.104066906322
v 0.105007981988 0.057566503991 -0.10419167415
v 0.0971298077563 0.05754456734 -0.104388917533
v 0.147224941203 0.125479493754 0.111843079497
v 0.152574257254 0.125650235338 0.11214405427
v 0.154223696566 0.130588119083 0.112225989683
v 0.149012809532 0.130518421463 0.111932588526
v 0.100936597092 0.0642739493915 -0.103158256531
v 0.10732244333 0.0641302156558 -0.10302566919
v 0.109673120483 0.0707966337834 -0.101841419027
v 0.10461849633 0.0707825592627 -0.10196797007
v 0.126505488678 0.101069851092 -0.0121792887028
v 0.126333975879 0.099632646392 -0.00486390674068
v 0.130592376827 0.0999726095007 -0.00449121860978
v 0.130226037504 0.101291105084 -0.0114634914732
v 0.124400184254 0.0988086323249 -0.00158486778554
v 0.130758321819 0.0993753551941 -0.00133290693427
v 0.132148065729 0.101437325557 0.00477825355324
v 0.125688851755 0.100720635088 0.00408182653045
v 0.126833509266 0.10241896947 0.00911526161582
v 0.133191646832 0.102985692339 0.00936722246709
v 0.137266971234 0.111737775565 0.019497807006
v 0.136702276151 0.111764380853 0.0195668610783
v 0.133805463716 0.111900862528 0.0199210995013
v 0.125310194774 0.112077463416 0.0202996443014
v 0.149329156844 0.136256237262 0.110688213877
v 0.156030723473 0.136439100908 0.111045025315
v 0.157819888255 0.142232246865 0.10987573456
v 0.14965261384 0.142123006425 0.109415872785
v 0.109530672061 0.0808574115533 -0.0977961610936
v 0.113554212203 0.0810210759793 -0.0976340715465
v 0.115471239653 0.0857077729742 -0.0945090757046
v 0.106532987294 0.0857211549084 -0.0946198699829
v 0.126618357726 0.104068569841 -0.0349960494916
v 0.128468832232 0.10413538577 -0.0348868777701
v 0.128367348192 0.104841797177 -0.0378006502274
v 0.122520675681 0.10468413526 -0.0383644496373
v 0.125714274308 0.10366887526 -0.0335463028707
v 0.128519459191 0.103782980987 -0.0334332951383
v 0.128834160359 0.102689939917 -0.0275578433772
v 0.122684863931 0.102462210257 -0.0279243452423
v 0.120083155185 0.101425905992 -0.0230961131725
v 0.129092579924 0.101792379862 -0.022733165737
v 0.129362712893 0.10164354069 -0.019962732674
v 0.11922438705 0.101243420329 -0.020583070503
v 0.13013590335 0.101217524463 -0.0120330363356
v 0.130149596808 0.101228703057 -0.0119465093277
v 0.137435878388 0.112048535898 0.0200673518684
v 0.137490824008 0.112160566665 0.0202211250883
v 0.132249780248 0.119477591717 0.0304045338343
v 0.141259204987 0.119844065587 0.0307674812698
v 0.143962233195 0.125643103066 0.0375038395507
v 0.138594918644 0.125197676362 0.0370230546779
v 0.142747549396 0.128941235275 0.0413546029388
v 0.145552734279 0.129055341002 0.0414676106712
v 0.14738699073 0.133061341046 0.0458349657602
v 0.140206846481 0.133142213534 0.0459529954437
v 0.158063628188 0.150848950752 0.103998518077
v 0.160035243355 0.150906423492 0.104105889158
v 0.160283099268 0.152195365249 0.102543391237
v 0.156277496067 0.152124979503 0.102268226183
v 0.1557638473 0.149453817309 0.105506297532
v 0.159787387442 0.149617481735 0.105668387079
v 0.158522452742 0.144869403608 0.1083733538
v 0.148509644729 0.144637404347 0.107867127235
v 0.110630460586 0.0929388699581 -0.0872653825982
v 0.118818106218 0.0931540482061 -0.0869339421451
v 0.120501380273 0.0963497251691 -0.0815423445019
v 0.113727399225 0.0960926120826 -0.0819501541962
v 0.116934836609 0.0993588797005 -0.0764452784877
v 0.122158720893 0.0994961677951 -0.0762338127438
v 0.123573451789 0.101521652533 -0.0698009779682
v 0.118176052627 0.101354222389 -0.0701014970228
v 0.119026337163 0.102721115022 -0.0657557431834
v 0.124511929731 0.102865281032 -0.0655336833424
v 0.125379210267 0.103597731944 -0.0601238609448
v 0.118713162788 0.103410882869 -0.0604820130536
v 0.118396559886 0.104108202062 -0.0551505478982
v 0.126227330584 0.104314001335 -0.054833553941
v 0.126687617421 0.104457900256 -0.0512574891294
v 0.117725548802 0.104218250143 -0.0517314634163
v 0.116324017037 0.10444810608 -0.0445900679577
v 0.127604578754 0.104744568777 -0.0441334245397
v 0.127770071137 0.104765663696 -0.0427594498368
v 0.116042364074 0.104455696751 -0.0433773168261
v 0.138223942151 0.136941140385 0.0517110966545
v 0.149504503867 0.137237603082 0.0521677400725
v 0.150273264558 0.138733552088 0.0545251179891
v 0.139607983217 0.138313528904 0.0538731203033
v 0.145163135024 0.143821910657 0.0625508755167
v 0.152993905723 0.14402770993 0.0628678694739
v 0.154594533742 0.146959484211 0.0683028338293
v 0.147889941266 0.146715983708 0.0679063628117
v 0.150659562326 0.149655497908 0.0733459390343
v 0.156145154895 0.149799663917 0.0735679988752
v 0.157666277492 0.152130610265 0.0800436660658
v 0.152316961441 0.151959868681 0.0797426912934
v 0.153434711797 0.153513936876 0.0840566625327
v 0.158658596082 0.153651224971 0.0842681282766
v 0.159425403632 0.154092684192 0.0896447665122
v 0.152723837003 0.153909820547 0.0892879550738
v 0.1519969858 0.154314601424 0.0946368172248
v 0.160184631432 0.154529779672 0.0949682576779
v 0.160219792821 0.15369619525 0.0976732243984
v 0.150206984808 0.153464195989 0.0971669978333
v 0.0493010671104 -0.150034136195 -0.0878581953213
v 0.0511302872352 -0.149725855154 -0.0875922736053
v 0.0511023442331 -0.149063399786 -0.0897419295725
v 0.0438069799276 -0.149856463011 -0.0922060577523
v 0.0480190089906 -0.150725057365 -0.0865174483801
v 0.0511458072149 -0.150093793212 -0.0863983211096
v 0.0465438278454 -0.15067672355 -0.0801161482135
v 0.052179860051 -0.14949847805 -0.0791478343143
v 0.0455879048295 -0.150645403054 -0.0759680812586
v 0.0526718425649 -0.14921523851 -0.0756981917082
v 0.0470444277594 -0.148649977993 -0.0705174712914
v 0.0542271513199 -0.146831905788 -0.0690769884653
v 0.0484507723264 -0.146723296897 -0.065254639133
v 0.0551852837518 -0.145363677457 -0.0649980623069
v 0.0526616330682 -0.142430906654 -0.058002860954
v 0.0575736760265 -0.140989002666 -0.0568882287128
v 0.0547332442769 -0.140319185491 -0.0544352138909
v 0.058336532924 -0.13959172347 -0.0542979329055
v 0.0610662593365 -0.134279886436 -0.0459273218238
v 0.0597709798953 -0.13392913975 -0.0449135533467
v 0.0582632865089 -0.133520873825 -0.0437335361399
v 0.0535896391597 -0.132373335058 -0.0404241170203
v 0.0801632116221 -0.101027839519 0.0525676284723
v 0.0821231523836 -0.100509077032 0.0612344006138
v 0.0848837360507 -0.0999465968831 0.0616991434185
v 0.08402569971 -0.100214843755 0.0550328794277
v 0.0814998194151 -0.100605476896 0.063266209524
v 0.0851031080622 -0.0998780148743 0.0634034905094
v 0.0806386741352 -0.100108818905 0.0697017892502
v 0.0862722218442 -0.0988906544743 0.070696053487
v 0.0800839974898 -0.0997889140119 0.0738470430847
v 0.0868185089152 -0.0984292945714 0.0741036199107
v 0.0811025974602 -0.0981121245622 0.0792795643276
v 0.0882640286438 -0.0963597291456 0.0806764526729
v 0.082087780018 -0.0964903458786 0.0845338597618
v 0.0891717177535 -0.0950601813348 0.0848037493121
v 0.0871266235672 -0.0915597218072 0.0920260202477
v 0.0917693475911 -0.090128610148 0.0931240670089
v 0.0893855342042 -0.0893493258991 0.095384751443
v 0.0925123324286 -0.0887180617458 0.0955038787135
v 0.0939896148135 -0.0854313304048 0.0988474871764
v 0.0879842686487 -0.0847803781812 0.100668383556
v 0.0509984071899 -0.141207344553 -0.0985583247227
v 0.0528276273147 -0.140899063512 -0.0982924030066
v 0.0531377341328 -0.139735041844 -0.0989555428688
v 0.0500938538306 -0.139935102355 -0.099597389486
v 0.044626968358 -0.14559222209 -0.0973753119393
v 0.0522692944041 -0.142994830416 -0.097098450511
v 0.0398664833875 -0.148711787219 -0.0955889775986
v 0.0516858193186 -0.146029115101 -0.0934201900417
v 0.0620099733017 -0.132247490169 -0.0435978035042
v 0.0629086664811 -0.130284752126 -0.0414580197083
v 0.0566987775323 -0.125765165536 -0.0332528896962
v 0.0665039475666 -0.122432689683 -0.0328976741028
v 0.0703262912045 -0.114232289131 -0.0233718111682
v 0.0696826883791 -0.114053260788 -0.0228540679743
v 0.0689497782808 -0.113849390211 -0.0222644819748
v 0.0648096489162 -0.112185436164 -0.0174214194686
v 0.0601923079561 -0.110329686622 -0.0120201218491
v 0.0601338289334 -0.11027057619 -0.0118465867279
v 0.0674922829938 -0.099498675187 0.020080266355
v 0.0696957224581 -0.0989001143486 0.0218845184295
v 0.0811164033437 -0.0957977044855 0.031236165032
v 0.0777001870949 -0.0983135752192 0.0377329461177
v 0.083378794557 -0.0966100666413 0.0390453887129
v 0.0830269980262 -0.0953881834852 0.0324773687721
v 0.0737320526203 -0.100492805521 0.0416480161133
v 0.0835372226546 -0.0971603296681 0.0420032317067
v 0.0715493693061 -0.101736714452 0.0435410060893
v 0.0836861773784 -0.098197175614 0.0462799649702
v 0.0839098984149 -0.0997544558637 0.052703361108
v 0.083946400997 -0.0998995781336 0.0534376657958
v 0.0908601435968 -0.0769958163339 0.105927146686
v 0.0985024696429 -0.0743984246602 0.106204008115
v 0.100215555098 -0.0698854307722 0.108061100473
v 0.0916662006311 -0.0694202612556 0.109290709947
v 0.0499385080043 -0.133023140266 -0.101516407016
v 0.05557454021 -0.131844894766 -0.100548093117
v 0.0567339258215 -0.128090914061 -0.101305797992
v 0.0498378433156 -0.128544162435 -0.102759937705
v 0.0711095467954 -0.112281794641 -0.0221975447015
v 0.0760957230197 -0.100383982248 -0.0132279554591
v 0.0770577267372 -0.0980884878171 -0.0114974153001
v 0.0772868428427 -0.0975964427611 -0.0109278704377
v 0.0609246205664 -0.109472413253 -0.0114349815181
v 0.0749905564016 -0.095275362865 -0.0041136945567
v 0.0739503807776 -0.0942239562607 -0.00102699791338
v 0.0753401246874 -0.0921619858975 0.00508416257413
v 0.0763837057901 -0.0906136191156 0.00967313148798
v 0.0834078869448 -0.0878174433267 0.0200049180864
v 0.0843483722918 -0.0872238985444 0.0204254115617
v 0.0843277765721 -0.0871497722802 0.0200334280415
v 0.0843577017749 -0.0872574763819 0.020602972904
v 0.0837874694819 -0.0909337688049 0.0262445730386
v 0.0832761718582 -0.094230108916 0.0313031023053
v 0.0831435018232 -0.094846713767 0.0319283283651
v 0.0943939995069 -0.0642667163135 0.110086343585
v 0.101253126774 -0.0669429226444 0.108583819819
v 0.104880693593 -0.0566553009798 0.110411355596
v 0.0986035408638 -0.0563137617312 0.111314166036
v 0.0521364479978 -0.122169603066 -0.102617859495
v 0.0593191715584 -0.120351530861 -0.101177376669
v 0.0609117863861 -0.115583761103 -0.101098263996
v 0.0543558639372 -0.116014652291 -0.102480675993
v 0.0806353725075 -0.0858862088488 -0.0118693379084
v 0.0808393678104 -0.0864482572294 -0.0122287214579
v 0.0811044220952 -0.085623841084 -0.0123046117196
v 0.0807474931029 -0.0854803882136 -0.0118870814282
v 0.0804437760016 -0.0853583216657 -0.0115317976252
v 0.0802686340521 -0.0860913478178 -0.0115290079107
v 0.0782852083387 -0.0943926309947 -0.0114974153001
v 0.0774497117901 -0.097073787028 -0.0110207834767
v 0.0771058590467 -0.0871615643719 -0.00456740684612
v 0.0781740806646 -0.083064119983 -0.00479653021861
v 0.0769197369195 -0.0817962328425 -0.001074294725
v 0.0755086669658 -0.0877020205859 -0.00105181877176
v 0.0767856497786 -0.0858073544567 0.00456349413141
v 0.0780946115335 -0.080053065186 0.00409201488647
v 0.0793530619321 -0.0781858956975 0.00962583467635
v 0.0779419919783 -0.0840916834409 0.00964831062959
v 0.0865959558537 -0.0761526371978 0.0194677362059
v 0.0867591203836 -0.0749566379486 0.0192844799675
v 0.0877437510393 -0.0745273102306 0.0205685905789
v 0.0875686090898 -0.0752603363827 0.0205713802934
v 0.0855851833764 -0.0835616195596 0.020602972904
v 0.0887715275037 -0.0742481163828 0.0214101693234
v 0.100524056716 -0.0501913718589 0.111225789337
v 0.1064557858 -0.0518850120045 0.110331304754
v 0.108964163213 -0.0442881963639 0.1102038216
v 0.102486368816 -0.0439357402223 0.111135489294
v 0.0594509933862 -0.107123740085 -0.100803378559
v 0.0643630363444 -0.105681836097 -0.0996887463182
v 0.0654653719464 -0.102519142988 -0.0992385437724
v 0.0619576370211 -0.102749690571 -0.0999782009114
v 0.0829546546158 -0.0765498247326 -0.0222150249786
v 0.0829698241749 -0.0765625945777 -0.0222228168431
v 0.0829755867086 -0.0765391450647 -0.0222403775457
v 0.0829521104872 -0.0765326147811 -0.0222214922124
v 0.0829253766708 -0.0765251783457 -0.0221999863226
v 0.0829413475939 -0.0765566140476 -0.0221989077576
v 0.0829615311373 -0.0765963414855 -0.0221975447015
v 0.081999258156 -0.0812739984003 -0.0170714579189
v 0.0790353090334 -0.0781445918826 -0.0151352577186
v 0.0782155234002 -0.0746322473002 -0.0166904691614
v 0.074167906346 -0.0730054747571 -0.0119556261969
v 0.0771651162476 -0.0789049081583 -0.0117532154934
v 0.0763574343932 -0.0787221512873 -0.00734798102124
v 0.0738173798856 -0.0726511635938 -0.010915447189
v 0.0752281248697 -0.0784666186494 -0.00118853443332
v 0.0758840087772 -0.0774934802393 0.00169560255849
v 0.0776614498823 -0.0748562815043 0.00951159496804
v 0.0801160369618 -0.0724093632931 0.013420805867
v 0.0814678813837 -0.062174463322 0.0201447620072
v 0.0844650912853 -0.0680738967232 0.0203471727106
v 0.0950563806403 -0.0585513144802 0.03124863632
v 0.0946754180537 -0.0585866569169 0.0309595476285
v 0.0950920017336 -0.0584734926205 0.0313006606842
v 0.0951079726567 -0.0585049283224 0.0313017392492
v 0.0951281562001 -0.0585446557603 0.0313031023053
v 0.0951616930744 -0.0584585548276 0.0313459351496
v 0.103299728453 -0.0388644661866 0.11045358392
v 0.11014493268 -0.0405272950336 0.109611574539
v 0.112671907837 -0.0324785569042 0.108344101376
v 0.104396155643 -0.0320282740597 0.109534360049
v 0.0667499869064 -0.0893869156138 -0.0972341831466
v 0.0680589152031 -0.090828832987 -0.0971611738063
v 0.0691834329122 -0.0920676033804 -0.097098450511
v 0.0703265740511 -0.0889981125853 -0.0960261325543
v 0.0845112216833 -0.0678383764248 -0.0329953803692
v 0.0846020529512 -0.0678949852931 -0.0330290858575
v 0.0846252077876 -0.0677831543551 -0.0331503430675
v 0.0844773862793 -0.0677468591666 -0.0330456703592
v 0.0842909141931 -0.0677010739518 -0.0329136290987
v 0.0844447750937 -0.0678705673504 -0.0329050470527
v 0.0845769590398 -0.0680161813836 -0.0328976741028
v 0.0837850453322 -0.0722309736821 -0.0276274074289
v 0.0801404586564 -0.0698030155593 -0.0261728741464
v 0.0786009828707 -0.0661183292348 -0.0283363912438
v 0.0777836978168 -0.0708610972152 -0.0224867786414
v 0.0763433868738 -0.0712975968315 -0.0190234235259
v 0.0734214070199 -0.0721831299808 -0.0119972644008
v 0.0733560039561 -0.0721287539697 -0.0114125343861
v 0.0807213820576 -0.0613521185457 0.0201031238033
v 0.0817371700638 -0.0604118612036 0.0213040203827
v 0.0899503228796 -0.05280941149 0.0310138683654
v 0.101143114257 -0.0428948919301 0.0416767791143
v 0.101324189281 -0.0424287139365 0.0419872767108
v 0.101478050182 -0.0425982073352 0.0419958587568
v 0.101610234128 -0.0427438213683 0.0420032317067
v 0.10177340218 -0.0423402879628 0.0422559006714
v 0.115251225283 -0.0216358607638 0.105597258371
v 0.115865433686 -0.0218647880899 0.105469703427
v 0.116072035916 -0.0211253297326 0.105131690158
v 0.115196670974 -0.0210304441523 0.105397111803
v 0.112983162145 -0.0207905098581 0.106068275479
v 0.114292090442 -0.0222324272312 0.106141284819
v 0.115416608151 -0.0234711976247 0.106204008115
v 0.113230758553 -0.0306445609827 0.107908355206
v 0.104641841274 -0.0287121568595 0.108864398881
v 0.105259876621 -0.0203702866695 0.107179075726
v 0.0626366898742 -0.0853253494489 -0.0974572446273
v 0.0713953668785 -0.0861507939152 -0.0949586667151
v 0.0756711427775 -0.0747599085783 -0.0906881995196
v 0.06631112764 -0.0757774155159 -0.0938496971636
v 0.0862085617628 -0.0590115847826 -0.0436955097705
v 0.0862993930307 -0.0590681936509 -0.0437292152589
v 0.086317735975 -0.0589635021424 -0.0438716319389
v 0.0861654794596 -0.0589222728397 -0.0437524662586
v 0.0859882542726 -0.0588742823096 -0.0436137585
v 0.0861523691536 -0.0590363332003 -0.0436048586545
v 0.0862824674956 -0.059164795361 -0.0435978035042
v 0.0854538376416 -0.063473974858 -0.0383740732859
v 0.0815870665545 -0.0611816630525 -0.0370158948379
v 0.0799147202321 -0.0573830239319 -0.0393130767895
v 0.0789455708934 -0.0624229563454 -0.0332035036644
v 0.0771567695377 -0.0631950817707 -0.0302273168033
v 0.0959788459814 -0.0371505963301 0.0416974021451
v 0.107692652272 -0.0268592674166 0.0523686723264
v 0.107888179386 -0.0263812480042 0.0526874061122
v 0.108052294267 -0.0265432988949 0.0526963059577
v 0.108182392609 -0.0266717610556 0.052703361108
v 0.108342204176 -0.0262856826009 0.0529771895427
v 0.11421155667 -0.0134350804182 0.102650705402
v 0.117822997384 -0.0147403989673 0.101927274851
v 0.118988797374 -0.0104892761651 0.0997937571235
v 0.113755919424 -0.00992205598436 0.101380431438
v 0.108869865113 -0.0167289436931 0.105845213998
v 0.105324533694 -0.019100148169 0.106899412732
v 0.0791338187578 -0.0608886403575 -0.0864652583829
v 0.0797675504993 -0.0616082748061 -0.0864296183226
v 0.0803240601455 -0.0622402196593 -0.0863983211096
v 0.0810814684246 -0.0604241406815 -0.0850611117042
v 0.0880466748542 -0.0500694498059 -0.0543154131826
v 0.0880618444134 -0.0500822196511 -0.0543232050472
v 0.0880633295305 -0.0500651165635 -0.0543595749553
v 0.0880376872477 -0.0500537765751 -0.0543265258044
v 0.0880173969092 -0.0500448034191 -0.0543003745266
v 0.0880405130705 -0.0500710529895 -0.0542990745107
v 0.0880608124588 -0.0500941039717 -0.0542979329055
v 0.0871797254912 -0.0545773903977 -0.0490276662316
v 0.0835351388154 -0.0521494322749 -0.0475731329491
v 0.0820949371212 -0.0484410698324 -0.0496650789686
v 0.0810682919264 -0.053287416199 -0.043890449319
v 0.0788541096171 -0.0543682901285 -0.0409274462047
v 0.10296821704 -0.0207943818937 0.0524107152932
v 0.114751724076 -0.0104061528929 0.0633509468529
v 0.114783972047 -0.0103310948236 0.0634010488883
v 0.114807088209 -0.010357344394 0.0634023489042
v 0.114827387597 -0.0103803953763 0.0634034905094
v 0.114857940805 -0.0103098106053 0.0634651325592
v 0.121358917965 -0.000142776451167 0.0950565217884
v 0.121760353098 -0.000437277529869 0.0948786526537
v 0.121839801911 4.92135126412e-05 0.0941666693081
v 0.121170072941 0.000268152310427 0.0948018053741
v 0.120500343971 0.000487091108213 0.0954369414401
v 0.121134075713 -0.000232543340412 0.0954725815004
v 0.121690585359 -0.000864488193585 0.0955038787135
v 0.119827720285 -0.00750071629776 0.0984617217072
v 0.113368124964 -0.00507351201459 0.0998159870787
v 0.112857114766 0.00131558240743 0.0977544645278
v 0.0720736885125 -0.0485421451267 -0.0869210276586
v 0.0757961137513 -0.0550517850146 -0.0866807251435
v 0.0862797634966 -0.0474232323944 -0.0774287318672
v 0.0872826921857 -0.0449149130851 -0.0759561850806
v 0.0891220729049 -0.0417522506378 -0.0653699849152
v 0.0893260682078 -0.0423142990184 -0.0657293684647
v 0.0880057868004 -0.0438420537944 -0.0727765005308
v 0.0888554488974 -0.0414367577183 -0.0656607821496
v 0.088930476399 -0.0412243634547 -0.065032444632
v 0.0891753281899 -0.0416525512307 -0.0650166381355
v 0.0894630785425 -0.0421557584285 -0.0649980623069
v 0.0887886184739 -0.0459668318315 -0.0598719755244
v 0.0858246693514 -0.0428374253138 -0.057935775324
v 0.084765086851 -0.0393822704657 -0.059663866921
v 0.080957266664 -0.0376983081883 -0.0547561438023
v 0.0842203897493 -0.0434047374199 -0.0545454917048
v 0.0814354071123 -0.0448172219049 -0.05112381173
v 0.080097408947 -0.0374654686673 -0.0540831641961
v 0.107723841802 0.00201540040713 0.0629452796126
v 0.110986964888 -0.00369102882445 0.0631559317101
v 0.120213571303 0.00473826470098 0.0734229693364
v 0.116614739199 0.00457372108 0.0706480093025
v 0.120563701562 0.00571001943084 0.0740692375857
v 0.120808553353 0.00528183165479 0.0740850440821
v 0.121096303706 0.00477862445706 0.0741036199107
v 0.123176813719 0.00834138420002 0.0818820581347
v 0.119525832404 0.00740791226709 0.0916578036016
v 0.122813725519 0.00447656915019 0.0898622785788
v 0.123899908334 0.00941424349069 0.0850617426844
v 0.11867006103 0.0111239149148 0.0900214574245
v 0.113440213726 0.012833586339 0.0949811721645
v 0.117162638965 0.00632394645112 0.0952214746796
v 0.112931537439 0.00362140696345 0.0972131276641
v 0.113229606087 0.0128564152496 0.0950450310458
v 0.0720433756897 -0.0483365601135 -0.0869250538797
v 0.0728060011228 -0.0476848717575 -0.0863358873276
v 0.085831761334 -0.0324364147653 -0.0759279037229
v 0.0863709403075 -0.0360931879082 -0.0758562886907
v 0.0875612290795 -0.0441658617831 -0.0756981917082
v 0.087633752267 -0.0441130371748 -0.0752215598848
v 0.0872898995236 -0.0342008145187 -0.0687681832543
v 0.0864993016917 -0.0305466844726 -0.0703374116781
v 0.0871037773964 -0.0288354829893 -0.0652750711331
v 0.0877539712265 -0.0332451715196 -0.065188710844
v 0.0848441347906 -0.0345881930763 -0.060848628028
v 0.0849546604767 -0.0278850621068 -0.0625051738496
v 0.0807755699459 -0.0364660203741 -0.054780277192
v 0.0801453642741 -0.0368215874009 -0.0542130519915
v 0.107542145084 0.00324768822137 0.0629211462229
v 0.110129272625 0.00552826526521 0.0653219170455
v 0.11873700256 0.0180988998962 0.0738266110845
v 0.11938719639 0.0136892113659 0.0739129713737
v 0.121776036962 0.0166876972181 0.0812727495057
v 0.120640689056 0.0200158836598 0.0795183533755
v 0.122331636523 0.0217186424103 0.0845740372975
v 0.122870815496 0.0180618692674 0.0846456523297
v 0.124061104268 0.00998919539251 0.0848037493121
v 0.123950162788 0.0095934905319 0.0849813106544
v 0.118920916827 0.015964910499 0.0889590146879
v 0.119270918283 0.0227192113002 0.0874766630308
v 0.113409900903 0.0130391713522 0.0949771459433
v 0.11324250461 0.0129288400169 0.0950362967485
v 0.089962426426 -0.019999285978 -0.0759279037229
v 0.0881909063827 -0.0253332025356 -0.0759279037229
v 0.088667030335 -0.0240198129613 -0.0703374116781
v 0.0906299667838 -0.0181095556854 -0.0703374116781
v 0.0912344424885 -0.016398354202 -0.0652750711331
v 0.0890981733487 -0.0228305034622 -0.0652750711331
v 0.0860680492541 -0.0245327303861 -0.0625051738496
v 0.0890853255687 -0.0154479333195 -0.0625051738496
v 0.122867667652 0.0305360286835 0.0738266110845
v 0.120731398512 0.0241038794234 0.0738266110845
v 0.122828252918 0.0266024775562 0.0795183533755
v 0.124771354148 0.032453012447 0.0795183533755
v 0.126462301615 0.0341557711976 0.0845740372975
v 0.124690781571 0.02882185464 0.0845740372975
v 0.120450490808 0.026270817415 0.0874766630308
v 0.123401583376 0.0351563400874 0.0874766630308
v 0.0844656837887 -0.011230758765 -0.0869210276586
v 0.0986839476602 -0.00837631854686 -0.0762962465258
v 0.0996244330072 -0.00778277376457 -0.0758757530505
v 0.0996746874618 -0.00760352672336 -0.0759561850806
v 0.0995134915276 -0.00817847862517 -0.0756981917082
v 0.100397782077 -0.00653066743269 -0.0727765005308
v 0.10017467649 -0.00553830406018 -0.0661332990049
v 0.101247444174 -0.00412537135656 -0.0656607821496
v 0.101322471675 -0.00391297709295 -0.065032444632
v 0.100138661542 -0.00537811123065 -0.0650609163687
v 0.0919974175182 -0.0106218217977 -0.0614800999425
v 0.0971570821272 -0.00207088410401 -0.059663866921
v 0.0933492619401 -0.000386921826586 -0.0547561438023
v 0.0924894042232 -0.000154082305539 -0.0540831641961
v 0.120115837078 0.0393267867689 0.0629452796126
v 0.129006734476 0.0418851074417 0.0706480093025
v 0.132955696839 0.0430214057926 0.0740692375857
v 0.131771886705 0.0415562716549 0.074040765849
v 0.135940843529 0.0459237539421 0.0843271174887
v 0.135568808995 0.0456527705618 0.0818820581347
v 0.136013366716 0.0459765785504 0.0848037493121
v 0.13629190361 0.0467256298524 0.0850617426844
v 0.126229683473 0.0400586785946 0.088416152451
v 0.131062056306 0.0484353012766 0.0900214574245
v 0.125832209002 0.0501449727007 0.0949811721645
v 0.125621601363 0.0501678016114 0.0950450310458
v 0.099787144218 0.00129700357875 -0.0864652583829
v 0.0869436353697 -0.00920463412439 -0.086847315743
v 0.100760870277 -0.00266585238286 -0.0807567209749
v 0.101734793885 0.00176150325469 -0.0850611117042
v 0.10247829209 -0.00296790768973 -0.0649980623069
v 0.108716654991 0.0121205273727 -0.0543595749553
v 0.108635101276 0.0120630186574 -0.0543523988909
v 0.108691012708 0.0121318673611 -0.0543265258044
v 0.10867072237 0.0121408405171 -0.0543003745266
v 0.108202239253 0.0117577800916 -0.0543143105487
v 0.0936185506202 0.00137568029183 -0.0535968854268
v 0.102748262581 0.0137445741038 -0.0496650789686
v 0.135437297508 0.0518545491126 0.0634010488883
v 0.134968814391 0.0514714886871 0.0633871128662
v 0.134785977322 0.0477775485989 0.0689775331282
v 0.135511266265 0.0518758333309 0.0634651325592
v 0.134111517253 0.0439664751958 0.0741036199107
v 0.134248527588 0.0441250157858 0.0748349260685
v 0.1406530219 0.0609291799898 0.0942819067535
v 0.137294832299 0.0492339491618 0.0865342894711
v 0.142493127371 0.0622348574489 0.0941666693081
v 0.141823398401 0.0624537962466 0.0948018053741
v 0.141153669432 0.0626727350444 0.0954369414401
v 0.128310160583 0.0521710973413 0.09505488408
v 0.125692634698 0.0502878595364 0.0950694275507
v 0.133510440226 0.0635012263437 0.0977544645278
v 0.0980682680488 0.00760792448721 -0.0906686066986
v 0.103746875511 0.00931143306509 -0.0893561641034
v 0.104585798422 0.0122999929324 -0.0906881995196
v 0.0952257832844 0.0112824859948 -0.0938496971636
v 0.101884010436 0.00267520496092 -0.0863983211096
v 0.101814242698 0.0022479942972 -0.0857730950498
v 0.108747208199 0.0121911121436 -0.0542979329055
v 0.115232391619 0.0280963993683 -0.0438716319389
v 0.114721834893 0.0277194412075 -0.0439242560966
v 0.115080135104 0.028137628671 -0.0437524662586
v 0.114902909917 0.0281856192011 -0.0436137585
v 0.108829375877 0.0296768775788 -0.0393130767895
v 0.13680283503 0.0606786535065 0.0526874061122
v 0.1224632478 0.0502281768458 0.0536214147384
v 0.136394870304 0.056388107165 0.0581332238355
v 0.137256859821 0.0607742189098 0.0529771895427
v 0.135513783337 0.0519048207391 0.0634034905094
v 0.135512751382 0.0518929364184 0.063428762651
v 0.14325053565 0.0640509364266 0.0955038787135
v 0.147903453018 0.0765706253456 0.0997937571235
v 0.136864284702 0.0684940676833 0.0990820573311
v 0.142670575068 0.0771378455263 0.101380431438
v 0.103925972735 0.0225472434714 -0.0972341831466
v 0.0936147903394 0.0130115768966 -0.0955606761283
v 0.105751598412 0.0165511157346 -0.0928217172474
v 0.10750255988 0.0229360464999 -0.0960261325543
v 0.115392203187 0.0284824778229 -0.0435978035042
v 0.121801193616 0.0441510047301 -0.0331503430675
v 0.121271372908 0.043755065721 -0.0332323628845
v 0.121653372108 0.0441872999186 -0.0330456703592
v 0.121466900022 0.0442330851334 -0.0329136290987
v 0.115776968699 0.0458158298503 -0.0283363912438
v 0.13850017511 0.0695054451487 0.0419872767108
v 0.125380319533 0.0600543639981 0.0436164056389
v 0.138120758154 0.0652846916253 0.0474796308897
v 0.138949388008 0.0695938711224 0.0422559006714
v 0.1372921283 0.0609755121283 0.052703361108
v 0.137275202765 0.0608789104182 0.0528347728627
v 0.151288227105 0.0893650639506 0.104948155837
v 0.152179228917 0.0879615106825 0.104064224319
v 0.153248021745 0.0908088293526 0.105131690158
v 0.152372656802 0.0909037149329 0.105397111803
v 0.150159147974 0.0911436492271 0.106068275479
v 0.14243586245 0.0915638724157 0.107179075726
v 0.107583253576 0.0318927976008 -0.0992675404066
v 0.110343837243 0.03245527775 -0.0988027976018
v 0.110902687959 0.0342892736715 -0.0992385437724
v 0.107394953034 0.0340587260891 -0.0999782009114
v 0.108157987645 0.025281914392 -0.097098450511
v 0.10770916211 0.0236755048572 -0.0963641458232
v 0.121964361668 0.0445545381356 -0.0328976741028
v 0.128412902721 0.060269271595 -0.0222403775457
v 0.128330444712 0.0602081802447 -0.0222500883579
v 0.1283894265 0.0602758018786 -0.0222214922124
v 0.128362692683 0.060283238314 -0.0221999863226
v 0.123652839413 0.0621761693595 -0.0166904691614
v 0.119605222359 0.0638029419025 -0.0119556261969
v 0.119254695898 0.0641572530659 -0.010915447189
v 0.126905197396 0.0746339533377 0.0201447620072
v 0.140112734066 0.0782217597427 0.0309595476285
v 0.140529317746 0.0783349240392 0.0313006606842
v 0.125857927959 0.0678817601303 0.0322211559357
v 0.139789550463 0.0740416904494 0.0367329650328
v 0.140599009087 0.078349861832 0.0313459351496
v 0.138997636756 0.0698268981509 0.0420032317067
v 0.138972542844 0.0697057020604 0.0421346434614
v 0.154391162883 0.0938783201477 0.106204008115
v 0.158109223849 0.104329859756 0.108344101376
v 0.143694296872 0.0938121405883 0.107579741777
v 0.149833471656 0.1047801426 0.109534360049
v 0.107796115407 0.0411198473706 -0.101500281171
v 0.113429663116 0.0423380118009 -0.100506016935
v 0.114610432583 0.0460989131313 -0.101098263996
v 0.108054510134 0.0456680219428 -0.102480675993
v 0.128446439596 0.0603553725276 -0.0221975447015
v 0.134803068292 0.0760588331502 -0.0123046117196
v 0.133792291939 0.0753525978386 -0.0121780658745
v 0.1344461393 0.0762022860205 -0.0118870814282
v 0.134142422198 0.0763243525685 -0.0115317976252
v 0.1296714345 0.0724733307991 -0.0116621481983
v 0.122010653181 0.0673158067606 -0.00957898876403
v 0.131872726861 0.0786185542511 -0.00479653021861
v 0.130618383116 0.0798864413917 -0.001074294725
v 0.13179325773 0.0816296090482 0.00409201488647
v 0.133051708129 0.0834967785367 0.00962583467635
v 0.14045776658 0.0867260362855 0.0192844799675
v 0.141442397236 0.0871553640036 0.0205685905789
v 0.136971409538 0.0833043422342 0.0204382400058
v 0.14157533764 0.0830847151677 0.0261770155228
v 0.1424701737 0.0874345578513 0.0214101693234
v 0.140613064658 0.0784070582528 0.0313031023053
v 0.140604771621 0.078373311345 0.031328374447
v 0.152382081969 0.10998317696 0.110176826656
v 0.159211559451 0.107492552865 0.108794303922
v 0.162662809409 0.11739447787 0.1102038216
v 0.156185015013 0.117746934012 0.111135489294
v 0.109957378812 0.0519433333553 -0.102622635495
v 0.117118809995 0.0536957287719 -0.10122574715
v 0.118693902202 0.0584660177472 -0.101305797992
v 0.111797819697 0.0580127693736 -0.102759937705
v 0.137989412419 0.0853723363269 -0.0114974153001
v 0.139246819224 0.0889604890476 -0.0109278704377
v 0.135354757598 0.0873020303557 -0.00432828570516
v 0.136950532783 0.0912815689437 -0.0041136945567
v 0.135910357158 0.092332975548 -0.00102699791338
v 0.133420965973 0.0864780162887 -0.00104924675002
v 0.134709633474 0.0883900190516 0.00461744756597
v 0.137300101068 0.0943949459111 0.00508416257413
v 0.138343682171 0.095943312693 0.00967313148798
v 0.135854290986 0.0900883534338 0.00965088265134
v 0.146124884006 0.0988845037953 0.0201263410805
v 0.146287752953 0.0994071595284 0.0200334280415
v 0.145289387457 0.096203347762 0.020602972904
v 0.142735227985 0.0882589739968 0.0213342790618
v 0.158349938564 0.123925621226 0.111223834912
v 0.164255424237 0.122162247629 0.110282934273
v 0.166840669974 0.129901630829 0.110411355596
v 0.160563517245 0.130243170077 0.111314166036
v 0.117678744998 0.0673225277525 -0.100576308977
v 0.122321469022 0.0687536394117 -0.0994782622155
v 0.123359040698 0.0716961475396 -0.0989555428688
v 0.120315160396 0.0714960870277 -0.099597389486
v 0.14002965884 0.0969519316131 -0.0226449016265
v 0.140431093972 0.0966574305344 -0.0228227707613
v 0.140547597769 0.0971989002525 -0.0233718111682
v 0.139903994944 0.0973779285947 -0.0228540679743
v 0.139171084846 0.0975817991724 -0.0222644819748
v 0.139734754392 0.0968113124279 -0.0222310133381
v 0.140298423937 0.0960408256833 -0.0221975447015
v 0.139787126314 0.0927444855722 -0.0171390154347
v 0.136499233199 0.0956758286891 -0.0153434904119
v 0.135030955481 0.0992457532187 -0.0174214194686
v 0.130413614521 0.101101502761 -0.0120201218491
v 0.134815254271 0.0950848479551 -0.0117587685746
v 0.139216894021 0.0890681931493 -0.0114974153001
v 0.139226223504 0.0890346153117 -0.0113198539578
v 0.134196977542 0.0954060352788 -0.00734214992427
v 0.130355135498 0.101160613193 -0.0118465867279
v 0.133334339489 0.095854165371 -0.00117995242382
v 0.134029211444 0.0968851505526 0.00187562781993
v 0.135767664501 0.0994645025161 0.00952017697753
v 0.138111064029 0.10184622009 0.0135152466415
v 0.137713589559 0.111932514196 0.020080266355
v 0.142115229309 0.10591585939 0.0203416196295
v 0.146516869058 0.0998992045844 0.020602972904
v 0.147478872776 0.102194699015 0.0223335130629
v 0.150837062376 0.113889929843 0.0300811303454
v 0.139917029023 0.112531075035 0.0218845184295
v 0.151337709909 0.115633484898 0.031236165032
v 0.151901379454 0.114862998153 0.0312696336687
v 0.152465049 0.114092511408 0.0313031023053
v 0.153248304591 0.116043005898 0.0324773687721
v 0.161127273046 0.135253889281 0.110452577087
v 0.168000055586 0.133655611533 0.109653650721
v 0.170436861663 0.141545758611 0.108061100473
v 0.161887507196 0.142010928128 0.109290709947
v 0.119397485399 0.0785798832157 -0.097362340046
v 0.125072126153 0.0762091414276 -0.097098450511
v 0.129584980982 0.0872420471721 -0.0897419295725
v 0.122289616677 0.0864489839469 -0.0922060577523
v 0.139013986396 0.101939222227 -0.0442045532483
v 0.139628194799 0.101710294901 -0.0443321081919
v 0.139548896086 0.102025560522 -0.0459273218238
v 0.138253616644 0.102376307208 -0.0449135533467
v 0.136745923258 0.102784573133 -0.0437335361399
v 0.138837537473 0.101910742094 -0.0436362691715
v 0.139664697381 0.101565172631 -0.0435978035042
v 0.139888418417 0.100007892381 -0.0371744073663
v 0.136276977704 0.10131321093 -0.0364509768161
v 0.132072275909 0.1039321119 -0.0404241170203
v 0.135092661935 0.101036839495 -0.0331276195033
v 0.140037373141 0.0989710464355 -0.0328976741028
v 0.140195801239 0.0984207834087 -0.0299398311091
v 0.133736205918 0.100847987692 -0.0285855657376
v 0.131948756815 0.100599131126 -0.0226003440793
v 0.131602278314 0.100716115028 -0.0204882957508
v 0.130214604729 0.101184644734 -0.0120293764616
v 0.130215905404 0.101196756439 -0.0119649972651
v 0.137514579766 0.11201565617 0.0200710117424
v 0.137574015254 0.112075401032 0.0201685217412
v 0.144115381878 0.118650816851 0.0309003029275
v 0.147048325179 0.121454817537 0.0348812809229
v 0.152125937023 0.12630919951 0.0417732863062
v 0.157070648229 0.124243406451 0.0420032317067
v 0.160665929315 0.132095468894 0.0505635773121
v 0.159774927502 0.133499022162 0.0514475088304
v 0.158645848371 0.135277607438 0.0525676284723
v 0.160737462587 0.134403776399 0.0526648954407
v 0.161564622494 0.134058206936 0.052703361108
v 0.162508336459 0.136090603203 0.0550328794277
v 0.168486720461 0.148719967468 0.102979260525
v 0.171888776477 0.147839831868 0.102525747646
v 0.172472251563 0.150874116553 0.0988474871764
v 0.166466905398 0.151525068776 0.100668383556
v 0.165630660638 0.147176288971 0.10594011858
v 0.171305301392 0.144805547183 0.106204008115
v 0.170746968481 0.142709780279 0.10739796061
v 0.161230381603 0.144391011951 0.10815728836
v 0.122765531954 0.0923076806674 -0.0867612618835
v 0.131062263367 0.0905287785132 -0.0863983211096
v 0.131805248205 0.0919393269153 -0.084018509405
v 0.124946120938 0.0946155332461 -0.0825159856399
v 0.128311207561 0.0981770131494 -0.075964672023
v 0.134402878042 0.0968708981022 -0.0756981917082
v 0.135310567152 0.0981704459129 -0.0715708950691
v 0.129378838068 0.0998640860585 -0.0706764104858
v 0.13046970345 0.101587874789 -0.0652730603457
v 0.13675608688 0.100240011339 -0.0649980623069
v 0.137302373951 0.100701371242 -0.0615904958831
v 0.130457169724 0.102364200089 -0.0607484865017
v 0.130440273978 0.103410704156 -0.0546492586012
v 0.138471487733 0.101688731642 -0.0542979329055
v 0.138690859745 0.10175731365 -0.0525935858147
v 0.130101942467 0.103689717774 -0.0516375421395
v 0.129250851452 0.104391591453 -0.0440614082892
v 0.129087294807 0.104474934822 -0.042902398887
v 0.151150776566 0.136884625759 0.052239756323
v 0.152180997269 0.137946098799 0.0540790947702
v 0.157206849117 0.143124412751 0.0630521648137
v 0.165238062872 0.141402440237 0.0634034905094
v 0.166000919769 0.142799719434 0.0659937863167
v 0.159171442287 0.145290343529 0.0673763090504
v 0.162102928614 0.148522257674 0.073828621872
v 0.168389312044 0.147174394224 0.0741036199107
v 0.169347444476 0.148642622555 0.0781825460692
v 0.163441958802 0.150405996153 0.079123446708
v 0.16481108275 0.152332070325 0.0845372689973
v 0.170902753231 0.151025955278 0.0848037493121
v 0.171394735745 0.151309194818 0.0882533919182
v 0.164521953205 0.152907472566 0.0890523182848
v 0.164132057168 0.153683412133 0.0951409379396
v 0.172428788581 0.151904509979 0.0955038787135
v 0.17244430856 0.151536571921 0.0966978312091
v 0.162927721682 0.153217803593 0.0974571589587
v 0.055972320381 -0.147901947405 -0.0862309486452
v 0.0599184539052 -0.146013998645 -0.0805905844669
v 0.0636065803684 -0.14424948821 -0.07531899995
v 0.0649569614893 -0.141782345213 -0.0680122638705
v 0.0655806485082 -0.140642870558 -0.0646375747753
v 0.064718379379 -0.138809237655 -0.0592384303407
v 0.0638985547907 -0.137065863934 -0.0541050546775
v 0.0630057660062 -0.136187675375 -0.0515272910606
v 0.0906651299289 -0.0973521553384 0.0635963687374
v 0.0940973848796 -0.0954424766465 0.0692922474339
v 0.0972138736716 -0.0937084876726 0.0744641074424
v 0.0992311029162 -0.0911881162431 0.0819392094512
v 0.100106455557 -0.0900944310347 0.0851829410704
v 0.0987023904476 -0.0882842025753 0.0905038751898
v 0.0973388455946 -0.0865262159391 0.0956712511779
v 0.0956642302041 -0.0859787731719 0.0972593691771
v 0.0576696604605 -0.139075155763 -0.0969310780466
v 0.0629840900803 -0.140439432901 -0.0893736810014
v 0.0681192611824 -0.137898869384 -0.0875345043055
v 0.0683844561366 -0.136519758247 -0.089206308537
v 0.0678540662281 -0.13927798052 -0.0858627000741
v 0.0682481074715 -0.139922459654 -0.08059096505
v 0.0686538583789 -0.140586090678 -0.0751625706727
v 0.0694338823155 -0.139362099506 -0.0719244993235
v 0.0712314288391 -0.136541441099 -0.0644624412714
v 0.0730045581529 -0.132971197747 -0.0593703450369
v 0.0749573429281 -0.129039213313 -0.05376231187
v 0.0783483712401 -0.121736244897 -0.0453917007883
v 0.0745858937249 -0.124467113064 -0.045508310501
v 0.0778086118039 -0.121205312419 -0.0438332445658
v 0.077560151111 -0.12096091493 -0.0431158599554
v 0.0750823785545 -0.118825490793 -0.0368528686296
v 0.0734326636553 -0.117403713397 -0.0326829337917
v 0.072468114611 -0.116418965337 -0.0297917690747
v 0.0904659387432 -0.092131353382 0.0422179720178
v 0.0976614522152 -0.0892004922918 0.0509920862587
v 0.0994600762241 -0.0884678806242 0.0531853046568
v 0.0877881772252 -0.0974839755882 0.0551494891403
v 0.101592754076 -0.0888040397986 0.0613005493561
v 0.101307811614 -0.0876712022164 0.0555685004632
v 0.101723918066 -0.0893255047173 0.0639391115449
v 0.102279893848 -0.089462729223 0.0691541772037
v 0.102864654003 -0.0896070582132 0.0746392409463
v 0.10358786572 -0.0886036250773 0.0780198394542
v 0.105153733567 -0.086431033502 0.0853393703476
v 0.107118440844 -0.0823107604602 0.0905086245346
v 0.109220591442 -0.0779022490543 0.096039499749
v 0.111271726717 -0.0728876888665 0.0993831082119
v 0.0993899808699 -0.0815116557513 0.0990148596408
v 0.107587281208 -0.0716832194366 0.102877244396
v 0.103902835699 -0.0704787500068 0.106371380579
v 0.101532227766 -0.0700972961831 0.10745772681
v 0.0670012605274 -0.126595904926 -0.0967192587527
v 0.0624931456338 -0.132624656282 -0.0968215890826
v 0.069945447551 -0.131095668012 -0.0912910944513
v 0.0715528267113 -0.125510390907 -0.0934378336336
v 0.079924887722 -0.117798526795 -0.0430621824686
v 0.0844489352499 -0.106376366704 -0.0367294081564
v 0.0818039199246 -0.107883758164 -0.0344354484855
v 0.0833249713411 -0.105407698433 -0.0338883983176
v 0.0827642637222 -0.104924462561 -0.0324711144979
v 0.0796212366104 -0.109127667095 -0.0325424585095
v 0.0756531021357 -0.111306897397 -0.0286273885138
v 0.0808482859665 -0.102968361531 -0.0267281122951
v 0.0792749643884 -0.101362092382 -0.0220121967465
v 0.0787591415672 -0.100436599046 -0.0192884308646
v 0.0772827231723 -0.0977875976234 -0.0114923080746
v 0.0772833490453 -0.0977585567886 -0.0114065569721
v 0.08458269821 -0.0869565861883 0.0206080801295
v 0.0846812684003 -0.0869041863765 0.0207644436168
v 0.0914415894512 -0.0833104066572 0.0314884502603
v 0.0967021490714 -0.0810072899122 0.0383766654052
v 0.0997975388102 -0.0796521025454 0.0424297913116
v 0.0966545116984 -0.0838553070798 0.0423584473
v 0.102741720263 -0.0813178978546 0.0497065015434
v 0.103468577788 -0.078156822835 0.0469062078313
v 0.101824812835 -0.0853054924893 0.0532389821436
v 0.101546722618 -0.0865779860627 0.0544920086907
v 0.113486805843 -0.0609086853973 0.104694535202
v 0.113904267223 -0.0657209551879 0.101570374963
v 0.116364686327 -0.0590227986323 0.103614633309
v 0.114799561046 -0.0585111489012 0.105098916591
v 0.113234435766 -0.0579994991701 0.106583199873
v 0.108726320873 -0.0640282505261 0.106480869543
v 0.102354882041 -0.0684131280628 0.107663882327
v 0.107863689786 -0.0571352940178 0.109044378532
v 0.0706726687467 -0.114162495632 -0.0967379629793
v 0.0695127241626 -0.118090706528 -0.0967320535666
v 0.0728285624745 -0.121708516222 -0.0933247581262
v 0.0757684650577 -0.112947186854 -0.0930641783212
v 0.086506602242 -0.0949779431331 -0.0341094581046
v 0.0866394835612 -0.0996368999354 -0.037143701803
v 0.0884092675911 -0.0941919615172 -0.0374784172145
v 0.0870925419005 -0.0930571649383 -0.0341501692053
v 0.0864356719415 -0.0924910532663 -0.0324898187245
v 0.0855894541772 -0.0953568124484 -0.0324855076134
v 0.0828619088384 -0.0963476721337 -0.0268731676415
v 0.0846037079596 -0.0906207253775 -0.0269986416209
v 0.0829463726076 -0.0889286830881 -0.0220309009732
v 0.0805025613456 -0.0972047733084 -0.0220184508186
v 0.0796986569818 -0.0973229286952 -0.0193625055225
v 0.082482603595 -0.0880965851013 -0.0195820015411
v 0.0773165493589 -0.0976730435347 -0.0114924804043
v 0.0773121660664 -0.0976617408431 -0.0114091703793
v 0.0846165243966 -0.0868420320996 0.0206079077998
v 0.0847264641491 -0.0867370580357 0.0207563700812
v 0.0951129976705 -0.0708769973629 0.0314697460336
v 0.0926691864085 -0.0791530875832 0.0314821961882
v 0.0985611972993 -0.0737848988048 0.0379541174156
v 0.0998426925211 -0.0688062976283 0.0376628429765
v 0.103468947029 -0.067218693251 0.042411087085
v 0.102622729265 -0.0700844524332 0.0424153981961
v 0.105356202916 -0.0725874909918 0.0472349334831
v 0.107769575631 -0.0654669704476 0.0476552168894
v 0.118038115954 -0.048126898224 0.104934259155
v 0.119132182427 -0.0506012989286 0.103359030642
v 0.120410378164 -0.0467117451105 0.103240977996
v 0.118658111075 -0.0461389174931 0.104902736821
v 0.116905843985 -0.0455660898758 0.106564495646
v 0.115745899401 -0.0494943007724 0.106570405059
v 0.108846528471 -0.0540415129962 0.109009396363
v 0.111800018452 -0.0447445129945 0.108904272818
v 0.0706879151086 -0.101758697365 -0.096905572283
v 0.0706804842846 -0.107804102981 -0.0968238822874
v 0.0780965783913 -0.10649082282 -0.091470733241
v 0.0806605787932 -0.099380292702 -0.0897158385085
v 0.0906853421013 -0.084117999534 -0.0433954474704
v 0.0908236380747 -0.0847304114514 -0.0437900109187
v 0.0909920897934 -0.0840513753827 -0.0442847908502
v 0.0907088061613 -0.0837727244307 -0.0434668613994
v 0.0905784057592 -0.0836444565321 -0.0430903541918
v 0.0905777949831 -0.0841413582606 -0.0430836396879
v 0.0905758431551 -0.0857292833494 -0.0430621824686
v 0.089244428004 -0.0909298118324 -0.039630818346
v 0.0877025784696 -0.0849453718284 -0.0357819258176
v 0.0879695027388 -0.0813960199418 -0.0364959083283
v 0.0864509183034 -0.0800872549998 -0.0326574280281
v 0.0864445144364 -0.0852971716137 -0.0325870277784
v 0.0849354091351 -0.0855960954543 -0.0280455378175
v 0.0853718050221 -0.0789855435659 -0.0294228654487
v 0.0829499855214 -0.0859893685092 -0.0220706191675
v 0.0825734641955 -0.0859147956883 -0.0200782140186
v 0.0951166105843 -0.067937682784 0.0314300278393
v 0.0981323717738 -0.065083619979 0.0353556815343
v 0.103484193391 -0.0548148949845 0.0422434777814
v 0.103477789524 -0.0600248115984 0.0423138780311
v 0.111896234331 -0.0521895290552 0.0525130399949
v 0.111534353411 -0.0515359210983 0.0520597367527
v 0.112478330872 -0.0511514222267 0.0532108104204
v 0.112477720096 -0.0516483239552 0.0532175249244
v 0.112475768268 -0.0532362490441 0.0532389821436
v 0.113448083613 -0.0507332990076 0.0544615905252
v 0.119882166753 -0.0375633225668 0.103631126607
v 0.122137494378 -0.0409154031407 0.101524563492
v 0.123779594613 -0.0354043816883 0.0998926381834
v 0.12035034248 -0.0342833366488 0.103144762263
v 0.116921090347 -0.0331622916093 0.106396886343
v 0.116913659523 -0.0392076972255 0.106478576338
v 0.112316499967 -0.0421457280456 0.108632869665
v 0.11418922726 -0.0327227083252 0.107648780057
v 0.0702136761554 -0.0987038960003 -0.0969663708548
v 0.0813752540429 -0.089159946495 -0.0883088281064
v 0.084349511429 -0.0856537483608 -0.0859163775608
v 0.0844814908411 -0.0865038912802 -0.0858994574835
v 0.0847682047363 -0.0883507534844 -0.0858627000741
v 0.0862841222096 -0.0847281724772 -0.0831511621217
v 0.0923826821808 -0.0752912078918 -0.0540955768718
v 0.0925209781542 -0.0759036198091 -0.05449014032
v 0.0925584716631 -0.0754188871265 -0.0555607865183
v 0.0923431312683 -0.0749609613815 -0.0542124210779
v 0.0922757458387 -0.0748176648899 -0.0537904835932
v 0.0923450130061 -0.0752638480558 -0.0537816033761
v 0.0924954899559 -0.0762331425195 -0.05376231187
v 0.0917437898747 -0.0801422589511 -0.0490235513601
v 0.0901356968498 -0.0755157151807 -0.0460627380413
v 0.0899268801349 -0.0725072113715 -0.0470085653414
v 0.0886552302554 -0.0712563574239 -0.0433369099066
v 0.0893307157882 -0.0756074848739 -0.0432503110403
v 0.0876524830302 -0.0759337779047 -0.0381645249032
v 0.0873139217185 -0.0701003745568 -0.0399465245744
v 0.0858602137529 -0.0762822426643 -0.0327331577691
v 0.0851803099658 -0.07634279431 -0.0302600196818
v 0.102893488841 -0.051009882649 0.0421677480404
v 0.106782947245 -0.0473264959917 0.0472449477802
v 0.110555155369 -0.0387633231185 0.0529642547056
v 0.111230640901 -0.0431144505685 0.0530508535719
v 0.118697078912 -0.0359479947804 0.0633481518366
v 0.118215178934 -0.0354605908049 0.0628440979677
v 0.119042320977 -0.0351039562945 0.0639109398217
v 0.119111588144 -0.0355501394603 0.0639198200388
v 0.119262065094 -0.0365194339241 0.0639391115449
v 0.120143031927 -0.0344915296893 0.0657375861932
v 0.125969347082 -0.0251396851579 0.0954327500049
v 0.126265345767 -0.0261465630166 0.0947864732018
v 0.126417381381 -0.0251822443386 0.0933279617966
v 0.125914792772 -0.0245342685463 0.0952326034367
v 0.125716036643 -0.0242780168951 0.0959858222622
v 0.125848016055 -0.0251281598145 0.0960027423396
v 0.12613472995 -0.0269750220187 0.096039499749
v 0.12452197423 -0.0327473009229 0.0986780619378
v 0.120650904931 -0.0278808116934 0.101715177599
v 0.120894036279 -0.0227016733138 0.10055875621
v 0.116446851394 -0.0301074902446 0.106336087771
v 0.11436249452 -0.0314166883862 0.107444824073
v 0.0819193640527 -0.0732697551863 -0.0861835807985
v 0.0828906693266 -0.078219511732 -0.0860767823728
v 0.0885932802425 -0.072576591595 -0.0772359660909
v 0.0869822872976 -0.0708475006932 -0.0789469450556
v 0.0895536240402 -0.0696172959919 -0.0752716321033
v 0.0898837527598 -0.0712996268044 -0.0752353332913
v 0.090545510784 -0.0746719353878 -0.0751625706727
v 0.0917315037997 -0.0731565250088 -0.069244090007
v 0.0915986224805 -0.0684975682065 -0.0662098463086
v 0.0910726919653 -0.0668419626165 -0.0670521537324
v 0.0915276921799 -0.0660106783397 -0.0645902069286
v 0.091914438554 -0.0679815318374 -0.0645476828067
v 0.0926896892402 -0.0719321972579 -0.0644624412714
v 0.092639108163 -0.073276228548 -0.0610310771487
v 0.0910972586286 -0.067291788544 -0.0571821846203
v 0.0905521214013 -0.0639361071662 -0.0584816181351
v 0.0898455984624 -0.0624336717154 -0.0540576868309
v 0.0907396978439 -0.0669899882359 -0.0539593774642
v 0.0893498231097 -0.0671069862625 -0.0488646543045
v 0.0887335548522 -0.0613398139152 -0.0508468651801
v 0.0878655058876 -0.067231934347 -0.043423742874
v 0.0870563508569 -0.0673695829301 -0.0408583081891
v 0.109765431001 -0.0347389000416 0.0528774217382
v 0.113395936594 -0.0312388821917 0.0579730016595
v 0.116612173601 -0.02271996312 0.0636437365841
v 0.117506272982 -0.0272762796405 0.0637420459508
v 0.122332512478 -0.0223000617679 0.072379308313
v 0.120887336162 -0.0203412975007 0.0707384331337
v 0.123160917343 -0.0190762954542 0.0745114752891
v 0.123547663717 -0.0210471489519 0.074553999411
v 0.124322914404 -0.0249978143723 0.0746392409463
v 0.125850545628 -0.0224834748031 0.0806432896067
v 0.12598918029 -0.0176873702954 0.0837766159943
v 0.125443209308 -0.0162247487218 0.0829688012441
v 0.126053499229 -0.0154622388163 0.085230308917
v 0.126383627948 -0.0171445696288 0.085266607729
v 0.127045385973 -0.0205168782122 0.0853393703476
v 0.126767688202 -0.0225798595825 0.0888718509478
v 0.124929678469 -0.0169389048122 0.0924861970357
v 0.124474041223 -0.0134258803784 0.0912159230726
v 0.123285889266 -0.0118940237206 0.0957186190245
v 0.12425719454 -0.0168437802663 0.0958254174502
v 0.120981645581 -0.0185571771036 0.0995496155121
v 0.12113734332 -0.0111916499428 0.097756188074
v 0.0814240117138 -0.0698450119786 -0.0862502590752
v 0.0841398025332 -0.0671729391856 -0.0821280355206
v 0.0877616647858 -0.0572281341714 -0.0755128437533
v 0.0885696574205 -0.0628143948393 -0.0754040816617
v 0.0896512691564 -0.0610405055649 -0.0696736852469
v 0.0884217276002 -0.0560222010277 -0.0719413299742
v 0.0897357329256 -0.0536215165193 -0.0648314185786
v 0.0905868715461 -0.0595060778314 -0.0647168487018
v 0.0900274293736 -0.0591157205277 -0.0601459260216
v 0.0893371290076 -0.0527738771516 -0.0623355387513
v 0.0892914106883 -0.0586021549019 -0.0541322848146
v 0.0885749901248 -0.0586892110256 -0.0516602784845
v 0.116057985827 -0.0188884463065 0.0635691386003
v 0.11848800246 -0.0163974474969 0.0678342871903
v 0.121368958089 -0.00668713363374 0.074270263639
v 0.12222009671 -0.0125716949459 0.0743848335159
v 0.123753026575 -0.0104669382379 0.0801481908423
v 0.122301469127 -0.0055220334434 0.0777258030374
v 0.124261539974 -0.0030730769958 0.084989097267
v 0.125069532609 -0.00865933766374 0.0850978593587
v 0.124086246763 -0.00857733640862 0.0896514787128
v 0.123575236565 -0.00218824198659 0.087589956162
v 0.122790536927 -0.00846928051287 0.0956519407478
v 0.121239021896 -0.00929365408554 0.0973422433775
v 0.0874667636492 -0.0448268477702 -0.0756930844827
v 0.0876853102084 -0.0540172446036 -0.0755595109344
v 0.0881853573793 -0.0531889704841 -0.0728631525293
v 0.087484951547 -0.0447936185256 -0.0755946721408
v 0.0896670836035 -0.0507346510617 -0.0648733763819
v 0.0893628245135 -0.0506076291195 -0.0628787316241
v 0.121300308767 -0.0038002681762 0.0742283058357
v 0.121989889774 -0.00285893652279 0.0767893361802
v 0.123966638838 0.00932820940538 0.0848088565376
v 0.124185185397 0.000137812571982 0.084942430086
v 0.123649659238 0.00011758256943 0.0870486192982
v 0.123947727886 0.00935259085562 0.08488052268
v 0.0874811151281 -0.0447264287453 -0.0756938603881
v 0.0874962065434 -0.0447009909899 -0.0756099467875
v 0.123980990317 0.00942862843035 0.0848080806322
v 0.123960626408 0.00942501562292 0.0848717883826
v 0.0998587589254 -0.00751546140849 -0.0756930844827
v 0.0998769468231 -0.00748223216391 -0.0755946721408
v 0.136358634114 0.0466395957671 0.0848088565376
v 0.136339723162 0.0466639772174 0.08488052268
v 0.108414990246 0.00495750976481 -0.0755128437533
v 0.0999817218533 -0.00733621040444 -0.0756904942152
v 0.100002524864 -0.00729593325586 -0.075544794531
v 0.10907505306 0.00616344290856 -0.0719413299742
v 0.110389058386 0.00856412741696 -0.0648314185786
v 0.109990454468 0.00941176678464 -0.0623355387513
v 0.142022283549 0.0554985103025 0.074270263639
v 0.142954794587 0.0566636104928 0.0777258030374
v 0.144914865435 0.0591125669404 0.084989097267
v 0.136481597042 0.0468188467712 0.0848114468051
v 0.136410756497 0.0467840351424 0.0849049191849
v 0.144228562025 0.0599974019496 0.087589956162
v 0.110834019697 0.0137901463244 -0.0861835807985
v 0.115896942942 0.0162124008176 -0.0789469450556
v 0.118468279685 0.0174426055188 -0.0752716321033
v 0.114744124878 0.0128176089296 -0.0753609868892
v 0.115534598094 0.0144830176172 -0.069047176598
v 0.11998734761 0.0202179388942 -0.0670521537324
v 0.120442347824 0.021049223171 -0.0645902069286
v 0.116079493936 0.0156310315545 -0.064694886217
v 0.113408432489 0.0143575048008 -0.0609454830779
v 0.119466777046 0.0231237943445 -0.0584816181351
v 0.118760254107 0.0246262297953 -0.0540576868309
v 0.117648210497 0.0257200875955 -0.0508468651801
v 0.145526829245 0.0643399383907 0.0636437365841
v 0.149801991806 0.06671860401 0.0707384331337
v 0.152075572988 0.0679836060565 0.0745114752891
v 0.1477127191 0.06256541444 0.0744067960006
v 0.149847121765 0.0652292777207 0.0808948143543
v 0.154357864952 0.0708351527889 0.0829688012441
v 0.154968154873 0.0715976626944 0.085230308917
v 0.151244000066 0.0669726661052 0.0851409541311
v 0.147582406501 0.0649902432893 0.0889175489652
v 0.153388696867 0.0736340211323 0.0912159230726
v 0.152200544911 0.0751658777901 0.0957186190245
v 0.150051998964 0.0758682515679 0.097756188074
v 0.121525497257 0.0262804107244 -0.0859163775608
v 0.119387443634 0.0237826404296 -0.0859698121631
v 0.123109801217 0.0246036018519 -0.0786950512729
v 0.123460108038 0.027205986608 -0.0831511621217
v 0.122832103446 0.0225406204816 -0.0751625706727
v 0.124026943791 0.0245072170725 -0.0704664899318
v 0.125554575015 0.0270215566417 -0.0644624412714
v 0.129734457492 0.0365152719587 -0.0555607865183
v 0.128869635126 0.0360783873669 -0.0544882540187
v 0.129519117097 0.0369731977037 -0.0542124210779
v 0.129451731667 0.0371164941953 -0.0537904835932
v 0.128329610301 0.0358055816036 -0.0538185278425
v 0.12205900796 0.0321146287881 -0.049056216832
v 0.127102865963 0.0394269477137 -0.0470085653414
v 0.125831216084 0.0406778016613 -0.0433369099066
v 0.124489907547 0.0418337845284 -0.0399465245744
v 0.147731141197 0.0731708359667 0.0529642547056
v 0.155391164762 0.0764735682803 0.0628440979677
v 0.156218306805 0.0768302027907 0.0639109398217
v 0.155096185439 0.0755192901991 0.0638828955724
v 0.157238381256 0.0752999708174 0.0712078768236
v 0.157319017756 0.0774426293959 0.0657375861932
v 0.157187800178 0.0739559395272 0.0746392409463
v 0.158145985619 0.0751802672782 0.0794208896819
v 0.159331978635 0.0766956776572 0.0853393703476
v 0.163593367209 0.0867519147466 0.0933279617966
v 0.162006348904 0.0858612395565 0.0947836474714
v 0.163090778601 0.0873998905389 0.0952326034367
v 0.162892022471 0.0876561421901 0.0959858222622
v 0.160753968848 0.0851583718953 0.09593238766
v 0.152193428846 0.0794375316711 0.0985046896742
v 0.158070022108 0.0892324857714 0.10055875621
v 0.116125231121 0.0350497192946 -0.096905572283
v 0.111550938338 0.0260911074026 -0.0946523224786
v 0.125355515189 0.0347710431923 -0.0885012622629
v 0.126097894806 0.0374281239577 -0.0897158385085
v 0.123742759469 0.028998764288 -0.0858627000741
v 0.123612143651 0.0281703052859 -0.0846096735269
v 0.130615424324 0.0385431761935 -0.05376231187
v 0.136429405806 0.052757041277 -0.0442847908502
v 0.135670479707 0.0523199216416 -0.043653142177
v 0.136146122174 0.053035692229 -0.0434668613994
v 0.136015721772 0.0531639601276 -0.0430903541918
v 0.135023160388 0.0519470843056 -0.0431143830145
v 0.12867199731 0.0482022425881 -0.0383281629527
v 0.133406818751 0.0554123967179 -0.0364959083283
v 0.131888234316 0.0567211616599 -0.0326574280281
v 0.130809121035 0.0578228730937 -0.0294228654487
v 0.148921509404 0.0819935216751 0.0422434777814
v 0.156971669424 0.0852724955614 0.0520597367527
v 0.157915646885 0.0856569944329 0.0532108104204
v 0.156923085501 0.084440118611 0.0531867815977
v 0.158133699544 0.0821660012205 0.059200351035
v 0.158885399625 0.0860751176521 0.0544615905252
v 0.157381999463 0.0782568847889 0.0639391115449
v 0.157356511264 0.0779273620785 0.064666939995
v 0.165109284682 0.0903744957537 0.096039499749
v 0.169216910625 0.101404034971 0.0998926381834
v 0.162580179259 0.0970006269454 0.102070008245
v 0.165787658493 0.102525080011 0.103144762263
v 0.16235840636 0.10364612505 0.106396886343
v 0.159626543272 0.104085708334 0.107648780057
v 0.124371314943 0.0475201786026 -0.0967379629793
v 0.120447077132 0.0415855981409 -0.0968177267534
v 0.12773999504 0.0429391454101 -0.0913477638167
v 0.129467111254 0.0487354873798 -0.0930641783212
v 0.13740172115 0.0552599913134 -0.0430621824686
v 0.142107913788 0.067490712717 -0.0374784172145
v 0.139305913273 0.0659678546541 -0.0346219857006
v 0.140791188097 0.0686255092958 -0.0341501692053
v 0.140134318138 0.0691916209678 -0.0324898187245
v 0.137271457453 0.0648621491299 -0.0325480090238
v 0.133764063175 0.0630436772829 -0.0284668774219
v 0.138302354156 0.0710619488567 -0.0269986416209
v 0.136645018804 0.0727539911461 -0.0220309009732
v 0.136181249792 0.0735860891329 -0.0195820015411
v 0.148811643867 0.0908056768713 0.0314697460336
v 0.153541338718 0.0928763766059 0.0376628429765
v 0.157167593226 0.0944639809831 0.042411087085
v 0.154304732541 0.0901345091452 0.0423528967857
v 0.160633061415 0.0929535541018 0.0498076180209
v 0.161468221828 0.0962157037866 0.0476552168894
v 0.159301646264 0.0877530256188 0.0532389821436
v 0.159053851344 0.0867541537207 0.0539668105936
v 0.171083597059 0.113020600705 0.104562022922
v 0.171780911027 0.10851456509 0.101647532916
v 0.174109024361 0.114970929124 0.103240977996
v 0.172356757272 0.115543756741 0.104902736821
v 0.170604490182 0.116116584358 0.106564495646
v 0.166680252371 0.110182003897 0.106484731872
v 0.16047660912 0.105946267846 0.107830528943
v 0.165498664649 0.11693816124 0.108904272818
v 0.128961236908 0.0599610268827 -0.0967192587527
v 0.1275722355 0.0561961794809 -0.0967249190226
v 0.130745306992 0.052625041198 -0.0931822309675
v 0.133512803092 0.0610465409017 -0.0934378336336
v 0.144659921164 0.0794073377689 -0.0339248074206
v 0.144521286502 0.0746112332611 -0.0370581338082
v 0.146408911631 0.0801805651044 -0.0367294081564
v 0.145284947722 0.0811492333757 -0.0338883983176
v 0.144724240103 0.081632469248 -0.0324711144979
v 0.143755837747 0.0790076431876 -0.0324750607996
v 0.14072642737 0.0778009781841 -0.0268531031713
v 0.142808262347 0.0835885702775 -0.0267281122951
v 0.141234940769 0.0851948394262 -0.0220121967465
v 0.138124718624 0.0767646739193 -0.0220248711014
v 0.137265950489 0.076582188257 -0.019511828432
v 0.140719117948 0.086120332763 -0.0192884308646
v 0.139242699553 0.0887693341852 -0.0114923080746
v 0.139243325426 0.0887983750201 -0.0114065569721
v 0.146542674591 0.0996003456203 0.0206080801295
v 0.146641244781 0.0996527454321 0.0207644436168
v 0.153401565832 0.103246525151 0.0314884502603
v 0.150291343687 0.0948163596445 0.0314757759054
v 0.156636482083 0.10053644429 0.0380942967489
v 0.158662125452 0.105549641896 0.0383766654052
v 0.161757515191 0.106904829263 0.0424297913116
v 0.160789112835 0.104280003203 0.0424258450099
v 0.163238005857 0.101660642205 0.0473205014779
v 0.165428554169 0.108400108974 0.0469062078313
v 0.176105191627 0.126187718679 0.105069760148
v 0.177048926944 0.123732258491 0.103501557801
v 0.178324662707 0.127534133176 0.103614633309
v 0.176759537427 0.128045782907 0.105098916591
v 0.175194412147 0.128557432639 0.106583199873
v 0.173805410739 0.124792585237 0.106577539603
v 0.166551208168 0.119976172274 0.108938369306
v 0.169823666167 0.129421637791 0.109044378532
v 0.127890967025 0.0723560336206 -0.0969310780466
v 0.128418267118 0.0662492671795 -0.0968267190105
v 0.135973222195 0.0677446974573 -0.0913935752885
v 0.138605762702 0.0749114311359 -0.089206308537
v 0.148034768115 0.0896086061908 -0.0436689322127
v 0.148330766801 0.0886017283321 -0.0443152090158
v 0.148569677805 0.0896949444858 -0.0453917007883
v 0.148029918369 0.0902258769637 -0.0438332445658
v 0.147781457676 0.0904702744535 -0.0431158599554
v 0.147858319193 0.0895801260577 -0.043100648136
v 0.148052676584 0.0873292347587 -0.0430621824686
v 0.147135769155 0.0833416401239 -0.0395297018685
v 0.145297759423 0.0889825948942 -0.0359153557806
v 0.145303685119 0.0926056985897 -0.0368528686296
v 0.14365397022 0.0940274759858 -0.0326829337917
v 0.144113443655 0.0887062234588 -0.0325919984678
v 0.142756987638 0.0885173716556 -0.0280499447021
v 0.142689421176 0.0950122240461 -0.0297917690747
v 0.140969538534 0.0882685150896 -0.0220647230438
v 0.140623060033 0.0883854989915 -0.0199526747153
v 0.139235386448 0.0888540286983 -0.0114937554261
v 0.139236687124 0.0888661404028 -0.0114293762296
v 0.146535361486 0.0996850401334 0.020606632778
v 0.146594796974 0.0997447849956 0.0207041427767
v 0.153136163597 0.106320200815 0.031435923963
v 0.156069106898 0.1091242015 0.0354169019584
v 0.160687245308 0.119299836001 0.0422179720178
v 0.161146718743 0.113978583474 0.0423089073417
v 0.168795709222 0.121168406125 0.051983129866
v 0.16788275878 0.122230697091 0.0509920862587
v 0.169681382789 0.122963308759 0.0531853046568
v 0.169758244306 0.122073160363 0.0532005164762
v 0.169952601697 0.119822269064 0.0532389821436
v 0.171529118179 0.123759987167 0.0555685004632
v 0.177507502181 0.136389351431 0.103514881561
v 0.179932041868 0.133119410281 0.101467894126
v 0.181493033282 0.138543500517 0.0993831082119
v 0.177808587773 0.139747969946 0.102877244396
v 0.174124142264 0.140952439376 0.106371380579
v 0.174651442357 0.134845672935 0.106475739615
v 0.170251163322 0.132060395915 0.108692909396
v 0.171753534331 0.1413338932 0.10745772681
v 0.126481546589 0.0742825875241 -0.0970147642788
v 0.129942102301 0.0773705938084 -0.0935874695836
v 0.13445495713 0.0884034995529 -0.0862309486452
v 0.137555927553 0.0841647454383 -0.0860468243596
v 0.140656897977 0.0799259913236 -0.0858627000741
v 0.142759048575 0.0843345027296 -0.0803318248597
v 0.142341587194 0.0891467725202 -0.0772076646206
v 0.138401090654 0.0902914483124 -0.0805905844669
v 0.142089217118 0.0920559587473 -0.07531899995
v 0.143406486484 0.0902553672593 -0.0752407853113
v 0.144723755851 0.0884547757714 -0.0751625706727
v 0.146289623699 0.0906273673467 -0.0678430397793
v 0.145195557226 0.0931017680512 -0.0662678112672
v 0.143439598238 0.0945231017449 -0.0680122638705
v 0.144063285257 0.0956625763995 -0.0646375747753
v 0.145538060337 0.093646688441 -0.0645500080233
v 0.147012835416 0.0916308004826 -0.0644624412714
v 0.147597595571 0.0914864714924 -0.0589773775288
v 0.145342267946 0.0948385520662 -0.0568708144137
v 0.143201016128 0.097496209303 -0.0592384303407
v 0.14238119154 0.0992395830238 -0.0541050546775
v 0.145267381446 0.0952944150052 -0.0539336832738
v 0.148153571352 0.0913492469867 -0.05376231187
v 0.148284735343 0.0908277820679 -0.0511237496812
v 0.144413666044 0.0956942712975 -0.04808663402
v 0.141488402755 0.100117771583 -0.0515272910606
v 0.143723077528 0.0960177235423 -0.0433568317298
v 0.143047066614 0.0961911142451 -0.0395520667055
v 0.141845671681 0.0964992612106 -0.0327903039473
v 0.14160710285 0.0966278456209 -0.0310593094387
v 0.158878946769 0.121771621226 0.0421106018622
v 0.160680129244 0.123571489882 0.0450040426674
v 0.165623002642 0.128510757848 0.0529443328824
v 0.169369539577 0.132307793514 0.0592694906399
v 0.169147766678 0.138953291619 0.0635963687374
v 0.172033956584 0.135008123601 0.0637677401411
v 0.174920146491 0.131062955582 0.0639391115449
v 0.176872931266 0.134994940016 0.0695471447118
v 0.176175617297 0.139500975631 0.0724616347174
v 0.172580021629 0.140862970311 0.0692922474339
v 0.175696510421 0.142596959285 0.0744641074424
v 0.1771712855 0.140581071327 0.0745516741943
v 0.17864606058 0.138565183368 0.0746392409463
v 0.180443607103 0.141385841776 0.0821012989984
v 0.179499871786 0.143841301964 0.0836695013452
v 0.177713739665 0.145117330715 0.0819392094512
v 0.178589092306 0.146211015923 0.0851829410704
v 0.179906361673 0.144410424435 0.085261155709
v 0.18122363104 0.142609832947 0.0853393703476
v 0.181629381947 0.141946201924 0.0907677647249
v 0.17920484226 0.145216143074 0.0928147521593
v 0.177185027197 0.148021244382 0.0905038751898
v 0.175821482344 0.149779231019 0.0956712511779
v 0.178922452767 0.145540476904 0.0958553754634
v 0.182023423191 0.141301722789 0.096039499749
v 0.181758228236 0.139922611653 0.0977113039804
v 0.176206605672 0.144376092906 0.100419455835
v 0.174146866953 0.150326673786 0.0972593691771
v 0.172714721828 0.14287899328 0.106287694347
v 0.17163559237 0.142247377333 0.107127840208
v 0.132273743488 0.0897698732326 -0.0863385549098
v 0.132907003472 0.0904691214968 -0.0849384468979
v 0.137147554586 0.0951515553852 -0.0755627880116
v 0.137701309822 0.0960139449212 -0.0728928034604
v 0.139365377961 0.0986054778908 -0.0648693376094
v 0.139473941239 0.0990829382297 -0.0625692007567
v 0.139867584396 0.100814177358 -0.0542290589796
v 0.139822595713 0.100985186247 -0.0530571169472
v 0.166634159534 0.140527885953 0.0634723644353
v 0.167265969438 0.141253434414 0.0650300113372
v 0.170998603124 0.145539860776 0.0742323446083
v 0.171643228406 0.146456547201 0.0768379811016
v 0.173647429775 0.149306612561 0.0849391530088
v 0.173645843481 0.149713979199 0.0872926505929
v 0.173640268702 0.151145604698 0.0955636449133
v 0.17333293245 0.151074168975 0.0964277108071
v 0.0714273667644 -0.135373103157 -0.0857697387935
v 0.0726110319853 -0.13456492612 -0.083363761099
v 0.0767493722857 -0.131739370768 -0.0749519616483
v 0.0775895742518 -0.130347573961 -0.0708286721489
v 0.0789276188589 -0.128131099487 -0.0642622208665
v 0.0789746099624 -0.126987245865 -0.0608843008117
v 0.0790751760377 -0.124539274634 -0.05365518429
v 0.0789271907078 -0.123968547416 -0.0519726495349
v 0.105841751176 -0.0848255660382 0.0640462391249
v 0.106984152913 -0.08394709129 0.0666590709171
v 0.110560844022 -0.0811967166014 0.0748394613511
v 0.111585672672 -0.0798196561401 0.0789223476871
v 0.113249247474 -0.077584313592 0.0855499793721
v 0.113102444229 -0.0764279100436 0.0889616932154
v 0.112793891978 -0.073997371691 0.0961324610296
v 0.112250349565 -0.0736011205771 0.0972932184445
v 0.0784467123652 -0.122912579125 -0.0856520910496
v 0.0729885367459 -0.132601762753 -0.0857435728036
v 0.075247447383 -0.130391366845 -0.0823848416083
v 0.0811283726844 -0.121081608466 -0.0802012128805
v 0.0837687178865 -0.119278846736 -0.0748343139045
v 0.0802862909321 -0.125460742773 -0.0748926811224
v 0.0812714734899 -0.12383896409 -0.0696383856882
v 0.0850782628256 -0.117109582038 -0.0684077246864
v 0.0859469644596 -0.115670575456 -0.0641445731227
v 0.0822900734603 -0.12216217464 -0.0642058644453
v 0.0817353968149 -0.121842269747 -0.0600606106108
v 0.0860215671211 -0.113854603535 -0.0587818170389
v 0.0860945216385 -0.112078750602 -0.0535375365462
v 0.080874251535 -0.121345611756 -0.0536250308846
v 0.0802509185665 -0.12144201162 -0.0515932219744
v 0.085784018494 -0.110881249499 -0.0500072384254
v 0.0851654490405 -0.108495645307 -0.0429743480393
v 0.0850099923996 -0.108035841271 -0.041619430116
v 0.107065374154 -0.0760026110014 0.0533268165729
v 0.108342247359 -0.0752012071589 0.0557143643527
v 0.112861096777 -0.0723650420069 0.0641638868688
v 0.107640826673 -0.0816319031609 0.0640763925303
v 0.109712437882 -0.0795201819984 0.0676440395934
v 0.115258086612 -0.0705218243597 0.0696461362771
v 0.117580189623 -0.0687361925701 0.0749571090949
v 0.113923298624 -0.0752277917546 0.0748958177724
v 0.115329643191 -0.0733011106591 0.0801586499307
v 0.119207198548 -0.0665499835282 0.0814390634284
v 0.120268593075 -0.0651237895607 0.0856676271159
v 0.116786166121 -0.0713056855978 0.085609259898
v 0.115830243105 -0.0712743651015 0.0897573268528
v 0.120039784462 -0.0633214105192 0.090985149304
v 0.119813237579 -0.0615368476597 0.0962501087734
v 0.11435506196 -0.0712260312873 0.0961586270195
v 0.11307300384 -0.0719169524568 0.0974993739607
v 0.118581811585 -0.0606391184119 0.0988798701661
v 0.0823222990178 -0.110477516203 -0.0856624796692
v 0.0799416191244 -0.118116077001 -0.0856560981895
v 0.0829688135694 -0.115012172448 -0.0803385150896
v 0.0848716822469 -0.108736861035 -0.0804804745924
v 0.0876443045391 -0.106843783813 -0.074844702524
v 0.086098690512 -0.111802983389 -0.074840559462
v 0.0873402813162 -0.109813804738 -0.0685338457196
v 0.088912405202 -0.10474317167 -0.0686215010105
v 0.0898225511123 -0.103235512533 -0.0641549617423
v 0.0882031984708 -0.108431307078 -0.0641506210217
v 0.0879479413322 -0.10769933875 -0.0588741556638
v 0.0898947155971 -0.101478890508 -0.0589674721427
v 0.0899701082911 -0.0996436876796 -0.0535479251657
v 0.0876899810536 -0.106959618973 -0.0535418132202
v 0.0870642897297 -0.106806789183 -0.0500643582703
v 0.089673955917 -0.0985015324354 -0.0501807896357
v 0.0890410356932 -0.096060582384 -0.0429847366588
v 0.0857888994484 -0.106495265559 -0.0429760192157
v 0.085502526684 -0.106469854885 -0.0416410139378
v 0.0889039656907 -0.0956551616831 -0.0417900716906
v 0.110940960806 -0.0635675480786 0.0533164279534
v 0.107688824562 -0.0740022312536 0.0533251453965
v 0.109141978415 -0.0725515274942 0.0556515000948
v 0.112066811797 -0.0628609302979 0.055421588453
v 0.116736683429 -0.0599299790841 0.0641534982492
v 0.114456556192 -0.0672459103771 0.0641596101947
v 0.117126497704 -0.0643927811821 0.0695152334161
v 0.119022889682 -0.0581719508901 0.0693823701845
v 0.121455776276 -0.0563011296473 0.0749467204754
v 0.119836423634 -0.0614969241929 0.0749510611959
v 0.121475636672 -0.0592127087104 0.0813071777027
v 0.123029611024 -0.0541863706521 0.0812168305017
v 0.124144179728 -0.0526887266379 0.0856572384963
v 0.122598565701 -0.0576479262131 0.0856613815584
v 0.121960300314 -0.057199020647 0.0908967726055
v 0.123922612414 -0.0509433890104 0.0908064725622
v 0.123688824232 -0.0491017847369 0.0962397201538
v 0.121308144338 -0.0567403455349 0.0962461016336
v 0.11956465027 -0.0575453373903 0.0988448879969
v 0.122518140251 -0.0482483373885 0.0987397644522
v 0.0841671962761 -0.0980588997071 -0.085755572494
v 0.082909825553 -0.106522679862 -0.0856921260382
v 0.0851300769739 -0.104188686463 -0.0814608694135
v 0.0855312393472 -0.0971275651815 -0.0829829496736
v 0.0894892017974 -0.094425167318 -0.0749377953489
v 0.088577056484 -0.100565120524 -0.0748917688379
v 0.0896452814117 -0.0988725471082 -0.0695742850652
v 0.0903859186858 -0.0929397533915 -0.0705371589797
v 0.0916674483706 -0.0908168960374 -0.0642480545671
v 0.0907248187033 -0.0971620495589 -0.0642004898271
v 0.0906713087709 -0.0964152889637 -0.0596761690958
v 0.0917177642603 -0.0895921107396 -0.0606311347611
v 0.0918150055494 -0.0872250711841 -0.0536410179905
v 0.0905992043997 -0.0954090327275 -0.0535796691198
v 0.0902265432305 -0.0951631350859 -0.050616252251
v 0.0916474509873 -0.0865788723399 -0.0517359887935
v 0.089268292592 -0.0945308406814 -0.0429962039569
v 0.0891042426787 -0.0944661241744 -0.0419424599609
v 0.111168217705 -0.0620378063761 0.0533049606553
v 0.112144227426 -0.0610389741758 0.0550084201805
v 0.118581580688 -0.0475113625886 0.0640604054244
v 0.117365779538 -0.055695324132 0.0641217542951
v 0.119363974204 -0.0535068494738 0.0684363126376
v 0.119875050946 -0.0465167204042 0.0670187519524
v 0.123300673534 -0.0438825131518 0.0748536276505
v 0.122358043867 -0.0502276666734 0.0749011923906
v 0.123710086913 -0.0483292565888 0.0802265322706
v 0.124398012423 -0.0424080208086 0.0792253925872
v 0.125989076986 -0.0402701101424 0.0855641456715
v 0.125076931673 -0.0464100633484 0.0856101721824
v 0.124735972051 -0.0458721149746 0.0901245671884
v 0.125832399241 -0.0390359228477 0.0892053433178
v 0.12553372149 -0.0366831682414 0.096146627329
v 0.124276350767 -0.0451469483968 0.0962100737849
v 0.123034621766 -0.0456495524396 0.0984683612992
v 0.124907349058 -0.0362265327192 0.0974842716908
v 0.0842895681091 -0.0960822159726 -0.0857773848298
v 0.085342938805 -0.0949616366931 -0.0836936101785
v 0.090257469279 -0.0820152703802 -0.0750747362433
v 0.0897459626462 -0.0902776851623 -0.0749835620397
v 0.0904589698887 -0.0891532058984 -0.071464617073
v 0.0906078752526 -0.0814348219466 -0.0733551196156
v 0.0924357158522 -0.0784069990996 -0.0643849954616
v 0.0919123422994 -0.086861101357 -0.0642917060224
v 0.09192388331 -0.0863363434437 -0.0613163816523
v 0.0924538921418 -0.0779645533353 -0.0630784065837
v 0.0919535595459 -0.0849869954379 -0.0536657147383
v 0.0917909109128 -0.0848287197119 -0.0520787751139
v 0.118720134684 -0.0452732868425 0.0640357086766
v 0.11973018933 -0.0441541486283 0.0662909673159
v 0.124068941016 -0.031472616214 0.0747166867561
v 0.123545567463 -0.0399267184715 0.0748099761952
v 0.124419813006 -0.0386950976723 0.0782769525066
v 0.124465347589 -0.0309399653953 0.0762959585534
v 0.126757344468 -0.0278602132046 0.085427204777
v 0.126245837835 -0.0361226279867 0.0855183789807
v 0.126078084872 -0.0357198056475 0.0885353821492
v 0.126696120219 -0.0273779354575 0.0868500589945
v 0.125656093323 -0.034706484507 0.0961248149933
v 0.125080616319 -0.0349205127803 0.0972803157073
v 0.0903199634911 -0.0804220418808 -0.0750937930229
v 0.0905945469224 -0.0799894799582 -0.0737414021419
v 0.0924908185596 -0.0770022097453 -0.0644017983
v 0.0924989228376 -0.07681254089 -0.0633427187636
v 0.124124043723 -0.0300678268598 0.0746998839177
v 0.124433968357 -0.0296308594219 0.0759309696954
v 0.12681983868 -0.0262669847052 0.0854081479975
v 0.126760777292 -0.026107796957 0.0865703960003
v 0.127433455108 0.029918888705 -0.0750747362433
v 0.127783861081 0.0304993371385 -0.0733551196156
v 0.129611701681 0.0335271599856 -0.0643849954616
v 0.12962987797 0.0339696057499 -0.0630784065837
v 0.161244926844 0.0804615428712 0.0747166867561
v 0.161641333418 0.0809941936899 0.0762959585534
v 0.163933330296 0.0840739458806 0.085427204777
v 0.163872106047 0.0845562236277 0.0868500589945
v 0.129604512289 0.0387495169526 -0.085755572494
v 0.13096855536 0.0396808514782 -0.0829829496736
v 0.13492651781 0.0423832493417 -0.0749377953489
v 0.129084274446 0.0326649497485 -0.0750445663801
v 0.129510059369 0.0333699722123 -0.0727500527215
v 0.135823234698 0.0438686632681 -0.0705371589797
v 0.137104764383 0.0459915206223 -0.0642480545671
v 0.131067270316 0.0359484305827 -0.0643583939397
v 0.1308149683 0.0360557338885 -0.0626930032345
v 0.137155080273 0.0472163059201 -0.0606311347611
v 0.137252321562 0.0495833454756 -0.0536410179905
v 0.137084767 0.0502295443198 -0.0517359887935
v 0.1640188967 0.0892970540711 0.0640604054244
v 0.165312366958 0.0902916962555 0.0670187519524
v 0.168737989547 0.0929259035078 0.0748536276505
v 0.16270049548 0.0828828134683 0.0747432882779
v 0.163275648216 0.0836680975105 0.0768802422126
v 0.169835328436 0.0944003958511 0.0792253925872
v 0.171426392999 0.0965383065173 0.0855641456715
v 0.165584149635 0.0868200069241 0.0854573746402
v 0.16513054047 0.0868044918003 0.0872507250453
v 0.171269715254 0.0977724938119 0.0892053433178
v 0.170971037502 0.100125248418 0.096146627329
v 0.170344665071 0.10058188394 0.0974842716908
v 0.136020945215 0.0512051580316 -0.0856624796692
v 0.131157807458 0.0417647884184 -0.0857330365092
v 0.133475198995 0.0440549009925 -0.0821577720256
v 0.138570328444 0.052945813199 -0.0804804745924
v 0.141342950736 0.0548388904207 -0.074844702524
v 0.138185645147 0.0487098985578 -0.074890510296
v 0.139191918737 0.0503555101665 -0.0695864488015
v 0.142611051399 0.056939502564 -0.0686215010105
v 0.143521197309 0.0584471617013 -0.0641549617423
v 0.140213262045 0.0520257660691 -0.064202954925
v 0.139732055158 0.0524146502327 -0.0599652401787
v 0.143593361794 0.0602037837263 -0.0589674721427
v 0.143668754488 0.0620389865546 -0.0535479251657
v 0.139011020834 0.052997349354 -0.0536155019
v 0.138400930204 0.0529405594359 -0.051410456099
v 0.143372602114 0.0631811417988 -0.0501807896357
v 0.14273968189 0.0656220918502 -0.0429847366588
v 0.142602611887 0.0660275125511 -0.0417900716906
v 0.164639607003 0.0981151261556 0.0533164279534
v 0.165765457994 0.0988217439363 0.055421588453
v 0.170435329626 0.10175269515 0.0641534982492
v 0.165777595972 0.0927110579494 0.0640859215149
v 0.167884192475 0.0948802042973 0.0678391966941
v 0.172721535879 0.103510723344 0.0693823701845
v 0.175154422472 0.105381544587 0.0749467204754
v 0.171846487208 0.0989601489546 0.0748987272926
v 0.173254946345 0.100897343957 0.0802133553197
v 0.176728257221 0.107496303582 0.0812168305017
v 0.177842825924 0.108993947596 0.0856572384963
v 0.174685520336 0.102864955733 0.0856114307244
v 0.173818325567 0.102975528172 0.0898478099241
v 0.177621258611 0.110739285224 0.0908064725622
v 0.177387470428 0.112580889497 0.0962397201538
v 0.172524332671 0.103140519884 0.0961691633138
v 0.171194730919 0.102442443452 0.0976660205768
v 0.176216786448 0.113434336846 0.0987397644522
v 0.140406688746 0.0636443526833 -0.0856520910496
v 0.137692805745 0.0559470218495 -0.0856585194917
v 0.140789744383 0.0591007639739 -0.0803432910896
v 0.143088349065 0.0654753233426 -0.0802012128805
v 0.145728694267 0.0672780850724 -0.0748343139045
v 0.143997181767 0.0623670315918 -0.0748384153811
v 0.145238397785 0.0643623742804 -0.0684946339163
v 0.147038239206 0.0694473497703 -0.0684077246864
v 0.14790694084 0.070886356353 -0.0641445731227
v 0.146088682321 0.0657292669135 -0.0641488800768
v 0.145775507946 0.0664190347598 -0.058875149947
v 0.147981543502 0.0727023282736 -0.0587818170389
v 0.148054498019 0.0744781812063 -0.0535375365462
v 0.145458905044 0.0671163539528 -0.0535436847917
v 0.14478789396 0.0672264020342 -0.0501246003097
v 0.147743994875 0.0756756823096 -0.0500072384254
v 0.147125425421 0.0780612865019 -0.0429743480393
v 0.143386362196 0.0674562579714 -0.0429832048512
v 0.143104709232 0.0674638486424 -0.0417704537195
v 0.14696996878 0.0785210905379 -0.041619430116
v 0.169025350535 0.110554320807 0.0533268165729
v 0.165286287309 0.0999492922768 0.0533179597611
v 0.166670328375 0.101321680795 0.0554799834099
v 0.170302223739 0.11135572465 0.0557143643527
v 0.174821073158 0.114191889802 0.0641638868688
v 0.172225480182 0.106830062548 0.0641577386232
v 0.174952286424 0.109724135599 0.0695132259183
v 0.177218062993 0.116035107449 0.0696461362771
v 0.179540166004 0.117820739239 0.0749571090949
v 0.177721907484 0.112663649799 0.0749528021408
v 0.1793793066 0.114968020572 0.0813495544
v 0.181167174928 0.12000694828 0.0814390634284
v 0.182228569456 0.121433142248 0.0856676271159
v 0.180497056955 0.116522088767 0.0856635256392
v 0.179786182162 0.116917972438 0.0908948181804
v 0.181999760842 0.123235521289 0.090985149304
v 0.18177321396 0.125020084149 0.0962501087734
v 0.179059330959 0.117322753315 0.0962436803314
v 0.177269329967 0.11647234788 0.0987738609399
v 0.180541787966 0.125917813397 0.0988798701661
v 0.141648673329 0.0760580862265 -0.0857697387935
v 0.140807095393 0.0676464485949 -0.0856900198124
v 0.142987684377 0.0699543011737 -0.0814447435689
v 0.14283233855 0.0768662632631 -0.083363761099
v 0.146970678851 0.0796918186156 -0.0749519616483
v 0.146352771 0.0735157810769 -0.074893429952
v 0.147420401507 0.0752028539861 -0.0696051684148
v 0.147810880817 0.081083615422 -0.0708286721489
v 0.149148925424 0.0833000898962 -0.0642622208665
v 0.148511266889 0.0769266427163 -0.0642018182746
v 0.148498733163 0.0777029680162 -0.0596772444306
v 0.149195916527 0.084443943518 -0.0608843008117
v 0.149296482603 0.0868919147495 -0.05365518429
v 0.148481837417 0.0787494720833 -0.0535780165301
v 0.148143505906 0.0790284857011 -0.0505663000685
v 0.149148497273 0.0874626419676 -0.0519726495349
v 0.147292414891 0.0797303593808 -0.0429901662182
v 0.147128858246 0.0798137027494 -0.041831156816
v 0.169192340004 0.112223393686 0.053310998394
v 0.170222560708 0.113284866727 0.0551503368413
v 0.176063057741 0.126605623345 0.0640462391249
v 0.175248412556 0.118463180679 0.0641234068848
v 0.177213005726 0.120629111456 0.0684475511214
v 0.177205459478 0.127484098093 0.0666590709171
v 0.180782150587 0.130234472782 0.0748394613511
v 0.180144492053 0.123861025602 0.074899863943
v 0.181483522241 0.12574476408 0.080194688779
v 0.181806979237 0.131611533243 0.0789223476871
v 0.183470554039 0.133846875791 0.0855499793721
v 0.182852646189 0.127670838253 0.0856085110684
v 0.182563516644 0.128246240493 0.0901235603558
v 0.183323750794 0.135003279339 0.0889616932154
v 0.183015198543 0.137433817692 0.0961324610296
v 0.182173620607 0.129022180061 0.0962121800106
v 0.180969285121 0.128556571521 0.0985284010298
v 0.18247165613 0.137830068806 0.0972932184445
v 0.141294525208 0.0774392571964 -0.0858029338742
v 0.141927785191 0.0781385054606 -0.0844028258624
v 0.146168336306 0.0828209393489 -0.075027166976
v 0.146722091541 0.083683328885 -0.0723571824248
v 0.14838615968 0.0862748618546 -0.0643337165738
v 0.148494722958 0.0867523221935 -0.0620335797212
v 0.148888366116 0.0884835613216 -0.0536934379441
v 0.148843377432 0.0886545702106 -0.0525214959116
v 0.175654941254 0.128197269917 0.0640079854709
v 0.176286751158 0.128922818378 0.0655656323727
v 0.180019384844 0.13320924474 0.0747679656438
v 0.180664010126 0.134125931165 0.0773736021372
v 0.182668211494 0.136975996525 0.0854747740443
v 0.1826666252 0.137383363163 0.0878282716284
v 0.182661050421 0.138814988662 0.0960992659488
v 0.182353714169 0.138743552939 0.0969633318426
f 1 3 2
f 1 4 3
f 1 5 4
f 1 6 5
f 1 7 6
f 1 2 7
f 6 9 8
f 6 7 9
f 6 8 10
f 6 10 5
f 8 11 10
f 8 12 11
f 8 13 12
f 8 9 13
f 12 15 14
f 12 13 15
f 12 14 16
f 12 16 11
f 14 17 16
f 14 18 17
f 14 19 18
f 14 15 19
f 18 21 20
f 18 19 21
f 18 20 22
f 18 22 17
f 20 23 22
f 20 24 23
f 20 25 24
f 20 21 25
f 24 25 26
f 24 26 23
f 27 29 28
f 27 30 29
f 27 31 30
f 27 32 31
f 27 33 32
f 27 28 33
f 32 35 34
f 32 33 35
f 32 34 36
f 32 36 31
f 34 37 36
f 34 38 37
f 34 39 38
f 34 35 39
f 38 41 40
f 38 39 41
f 38 40 42
f 38 42 37
f 40 43 42
f 40 44 43
f 40 45 44
f 40 41 45
f 44 47 46
f 44 45 47
f 44 46 48
f 44 48 43
f 46 49 48
f 46 50 49
f 46 51 50
f 46 47 51
f 50 51 52
f 50 52 49
f 53 55 54
f 53 56 55
f 53 57 56
f 53 58 57
f 4 58 53
f 4 5 58
f 4 53 54
f 4 54 3
f 5 59 58
f 58 59 60
f 58 60 57
f 59 61 60
f 59 62 61
f 10 62 59
f 10 11 62
f 10 59 5
f 11 63 62
f 62 63 64
f 62 64 61
f 63 65 64
f 63 66 65
f 16 66 63
f 16 17 66
f 16 63 11
f 17 67 66
f 66 67 68
f 66 68 65
f 67 69 68
f 67 70 69
f 22 70 67
f 22 23 70
f 22 67 17
f 23 71 70
f 70 71 72
f 70 72 69
f 71 73 72
f 71 74 73
f 71 75 74
f 23 75 71
f 23 26 75
f 74 75 76
f 74 76 73
f 77 79 78
f 77 80 79
f 77 81 80
f 77 82 81
f 77 83 82
f 77 78 83
f 82 85 84
f 82 83 85
f 82 84 86
f 82 86 81
f 84 87 86
f 84 88 87
f 30 88 84
f 30 31 88
f 30 84 85
f 30 85 29
f 31 89 88
f 88 89 90
f 88 90 87
f 89 91 90
f 89 92 91
f 36 92 89
f 36 37 92
f 36 89 31
f 37 93 92
f 92 93 94
f 92 94 91
f 93 95 94
f 93 96 95
f 42 96 93
f 42 43 96
f 42 93 37
f 43 97 96
f 96 97 98
f 96 98 95
f 97 99 98
f 97 100 99
f 48 100 97
f 48 49 100
f 48 97 43
f 49 101 100
f 49 102 101
f 100 101 99
f 49 52 102
f 103 105 104
f 103 106 105
f 103 107 106
f 103 108 107
f 56 108 103
f 56 57 108
f 56 103 104
f 56 104 55
f 57 109 108
f 108 109 110
f 108 110 107
f 109 111 110
f 109 112 111
f 60 112 109
f 60 61 112
f 60 109 57
f 61 113 112
f 112 113 114
f 112 114 111
f 113 115 114
f 113 116 115
f 64 116 113
f 64 65 116
f 64 113 61
f 65 117 116
f 116 117 118
f 116 118 115
f 117 119 118
f 117 120 119
f 68 120 117
f 68 69 120
f 68 117 65
f 69 121 120
f 120 121 122
f 120 122 119
f 121 123 122
f 121 124 123
f 72 124 121
f 72 73 124
f 72 121 69
f 73 125 124
f 73 126 125
f 124 125 123
f 73 76 126
f 127 129 128
f 127 130 129
f 127 131 130
f 127 132 131
f 80 132 127
f 80 81 132
f 80 127 128
f 80 128 79
f 81 133 132
f 132 133 134
f 132 134 131
f 133 135 134
f 133 136 135
f 86 136 133
f 86 87 136
f 86 133 81
f 87 137 136
f 136 137 138
f 136 138 135
f 137 139 138
f 137 140 139
f 90 140 137
f 90 91 140
f 90 137 87
f 91 141 140
f 140 141 142
f 140 142 139
f 141 143 142
f 141 144 143
f 94 144 141
f 94 95 144
f 94 141 91
f 95 145 144
f 144 145 146
f 144 146 143
f 145 147 146
f 145 148 147
f 98 148 145
f 98 99 148
f 98 145 95
f 99 149 148
f 99 150 149
f 148 149 147
f 99 101 150
f 151 153 152
f 151 154 153
f 151 155 154
f 151 156 155
f 106 156 151
f 106 107 156
f 106 151 152
f 106 152 105
f 107 157 156
f 156 157 158
f 156 158 155
f 157 159 158
f 157 160 159
f 110 160 157
f 110 111 160
f 110 157 107
f 111 161 160
f 160 161 162
f 160 162 159
f 161 163 162
f 161 164 163
f 114 164 161
f 114 115 164
f 114 161 111
f 115 165 164
f 164 165 166
f 164 166 163
f 165 167 166
f 165 168 167
f 118 168 165
f 118 119 168
f 118 165 115
f 119 169 168
f 119 170 169
f 168 169 167
f 122 123 171
f 122 170 119
f 122 171 170
f 123 172 171
f 123 125 172
f 130 131 173
f 130 173 129
f 131 174 175
f 131 175 173
f 174 176 175
f 174 177 176
f 174 178 177
f 134 178 174
f 134 135 178
f 134 174 131
f 135 179 178
f 178 179 180
f 178 180 177
f 179 181 180
f 179 182 181
f 138 182 179
f 138 139 182
f 138 179 135
f 139 183 182
f 182 183 184
f 182 184 181
f 183 185 184
f 183 186 185
f 142 186 183
f 142 143 186
f 142 183 139
f 143 187 186
f 186 187 188
f 186 188 185
f 187 189 188
f 187 190 189
f 146 190 187
f 146 147 190
f 146 187 143
f 147 191 190
f 147 192 191
f 190 191 189
f 147 149 192
f 154 155 193
f 154 193 153
f 155 194 195
f 155 195 193
f 194 196 195
f 194 197 196
f 194 198 197
f 158 198 194
f 158 159 198
f 158 194 155
f 159 199 198
f 198 199 200
f 198 200 197
f 199 201 200
f 199 202 201
f 162 202 199
f 162 163 202
f 162 199 159
f 163 203 202
f 163 204 203
f 202 203 201
f 166 167 205
f 166 204 163
f 166 205 204
f 167 206 205
f 167 169 206
f 176 177 207
f 176 207 175
f 177 208 209
f 177 209 207
f 208 210 209
f 208 211 210
f 208 212 211
f 180 212 208
f 180 181 212
f 180 208 177
f 181 213 212
f 212 213 214
f 212 214 211
f 213 215 214
f 213 216 215
f 184 216 213
f 184 185 216
f 184 213 181
f 185 217 216
f 185 218 217
f 216 217 215
f 188 189 219
f 188 218 185
f 188 219 218
f 189 220 219
f 189 191 220
f 196 197 221
f 196 221 195
f 197 222 221
f 200 201 223
f 200 222 197
f 200 223 222
f 201 224 223
f 201 203 224
f 210 211 225
f 210 225 209
f 211 226 225
f 214 215 227
f 214 226 211
f 214 227 226
f 215 228 227
f 215 217 228
f 229 231 230
f 229 232 231
f 229 233 232
f 229 234 233
f 229 235 234
f 229 230 235
f 234 237 236
f 234 235 237
f 234 236 238
f 234 238 233
f 236 239 238
f 236 240 239
f 236 241 240
f 236 237 241
f 240 241 242
f 240 242 239
f 243 245 244
f 243 246 245
f 243 247 246
f 243 248 247
f 243 249 248
f 243 244 249
f 248 251 250
f 248 249 251
f 248 250 252
f 248 252 247
f 250 253 252
f 250 254 253
f 250 255 254
f 250 251 255
f 254 255 256
f 254 256 253
f 257 259 258
f 257 260 259
f 257 261 260
f 257 262 261
f 257 263 262
f 257 258 263
f 262 265 264
f 262 263 265
f 262 264 266
f 262 266 261
f 264 267 266
f 264 268 267
f 232 268 264
f 232 233 268
f 232 264 265
f 232 265 231
f 233 269 268
f 268 269 270
f 268 270 267
f 269 271 270
f 269 272 271
f 238 272 269
f 238 239 272
f 238 269 233
f 239 273 272
f 272 273 274
f 272 274 271
f 273 275 274
f 273 276 275
f 273 277 276
f 239 277 273
f 239 242 277
f 276 277 278
f 276 278 275
f 279 281 280
f 279 282 281
f 279 283 282
f 279 284 283
f 279 285 284
f 279 280 285
f 284 287 286
f 284 285 287
f 284 286 288
f 284 288 283
f 286 289 288
f 286 290 289
f 246 290 286
f 246 247 290
f 246 286 287
f 246 287 245
f 247 291 290
f 290 291 292
f 290 292 289
f 291 293 292
f 291 294 293
f 252 294 291
f 252 253 294
f 252 291 247
f 253 295 294
f 294 295 296
f 294 296 293
f 295 297 296
f 295 298 297
f 295 299 298
f 253 299 295
f 253 256 299
f 298 299 300
f 298 300 297
f 301 303 302
f 301 304 303
f 301 305 304
f 301 306 305
f 260 306 301
f 260 261 306
f 260 301 302
f 260 302 259
f 261 307 306
f 306 307 308
f 306 308 305
f 307 309 308
f 307 310 309
f 266 310 307
f 266 267 310
f 266 307 261
f 267 311 310
f 310 311 312
f 310 312 309
f 311 313 312
f 311 314 313
f 270 314 311
f 270 271 314
f 270 311 267
f 271 315 314
f 314 315 316
f 314 316 313
f 315 317 316
f 315 318 317
f 274 318 315
f 274 275 318
f 274 315 271
f 275 319 318
f 318 319 320
f 318 320 317
f 319 321 320
f 319 322 321
f 319 323 322
f 275 323 319
f 275 278 323
f 322 323 324
f 322 324 321
f 325 327 326
f 325 328 327
f 325 329 328
f 325 330 329
f 325 331 330
f 325 326 331
f 330 333 332
f 330 331 333
f 330 332 334
f 330 334 329
f 332 335 334
f 332 336 335
f 282 336 332
f 282 283 336
f 282 332 333
f 282 333 281
f 283 337 336
f 336 337 338
f 336 338 335
f 337 339 338
f 337 340 339
f 288 340 337
f 288 289 340
f 288 337 283
f 289 341 340
f 340 341 342
f 340 342 339
f 341 343 342
f 341 344 343
f 292 344 341
f 292 293 344
f 292 341 289
f 293 345 344
f 344 345 346
f 344 346 343
f 345 347 346
f 345 348 347
f 296 348 345
f 296 297 348
f 296 345 293
f 297 349 348
f 297 350 349
f 348 349 347
f 297 300 350
f 351 353 352
f 351 354 353
f 351 355 354
f 351 356 355
f 304 356 351
f 304 305 356
f 304 351 352
f 304 352 303
f 305 357 356
f 356 357 358
f 356 358 355
f 357 359 358
f 357 360 359
f 308 360 357
f 308 309 360
f 308 357 305
f 309 361 360
f 360 361 362
f 360 362 359
f 361 363 362
f 361 364 363
f 312 364 361
f 312 313 364
f 312 361 309
f 313 365 364
f 364 365 366
f 364 366 363
f 365 367 366
f 365 368 367
f 316 368 365
f 316 317 368
f 316 365 313
f 317 369 368
f 368 369 370
f 368 370 367
f 369 371 370
f 369 372 371
f 320 372 369
f 320 321 372
f 320 369 317
f 321 373 372
f 321 374 373
f 372 373 371
f 321 324 374
f 375 377 376
f 375 378 377
f 375 379 378
f 375 380 379
f 328 380 375
f 328 329 380
f 328 375 376
f 328 376 327
f 329 381 380
f 380 381 382
f 380 382 379
f 381 383 382
f 381 384 383
f 334 384 381
f 334 335 384
f 334 381 329
f 335 385 384
f 384 385 386
f 384 386 383
f 385 387 386
f 385 388 387
f 338 388 385
f 338 339 388
f 338 385 335
f 339 389 388
f 388 389 390
f 388 390 387
f 389 391 390
f 389 392 391
f 342 392 389
f 342 343 392
f 342 389 339
f 343 393 392
f 392 393 394
f 392 394 391
f 393 395 394
f 393 396 395
f 346 396 393
f 346 347 396
f 346 393 343
f 347 397 396
f 347 398 397
f 396 397 395
f 347 349 398
f 399 401 400
f 399 402 401
f 399 403 402
f 399 404 403
f 354 404 399
f 354 355 404
f 354 399 400
f 354 400 353
f 355 405 404
f 404 405 406
f 404 406 403
f 405 407 406
f 405 408 407
f 358 408 405
f 358 359 408
f 358 405 355
f 359 409 408
f 408 409 410
f 408 410 407
f 409 411 410
f 409 412 411
f 362 412 409
f 362 363 412
f 362 409 359
f 363 413 412
f 412 413 414
f 412 414 411
f 413 415 414
f 413 416 415
f 366 416 413
f 366 367 416
f 366 413 363
f 367 417 416
f 367 418 417
f 416 417 415
f 370 371 419
f 370 418 367
f 370 419 418
f 371 420 419
f 371 373 420
f 378 379 421
f 378 421 377
f 379 422 423
f 379 423 421
f 422 424 423
f 422 425 424
f 422 426 425
f 382 426 422
f 382 383 426
f 382 422 379
f 383 427 426
f 426 427 428
f 426 428 425
f 427 429 428
f 427 430 429
f 386 430 427
f 386 387 430
f 386 427 383
f 387 431 430
f 430 431 432
f 430 432 429
f 431 433 432
f 431 434 433
f 390 434 431
f 390 391 434
f 390 431 387
f 391 435 434
f 434 435 436
f 434 436 433
f 435 437 436
f 435 438 437
f 394 438 435
f 394 395 438
f 394 435 391
f 395 439 438
f 395 440 439
f 438 439 437
f 395 397 440
f 402 403 441
f 402 441 401
f 403 442 441
f 406 407 443
f 406 442 403
f 406 443 442
f 407 444 443
f 410 411 445
f 410 444 407
f 410 445 444
f 411 446 445
f 414 415 447
f 414 446 411
f 414 447 446
f 415 448 447
f 415 417 448
f 424 425 449
f 424 449 423
f 425 450 449
f 428 429 451
f 428 450 425
f 428 451 450
f 429 452 451
f 432 433 453
f 432 452 429
f 432 453 452
f 433 454 453
f 436 437 455
f 436 454 433
f 436 455 454
f 437 456 455
f 437 439 456
f 457 459 458
f 457 460 459
f 457 461 460
f 457 462 461
f 457 463 462
f 457 458 463
f 462 465 464
f 462 463 465
f 462 464 466
f 462 466 461
f 464 467 466
f 464 468 467
f 464 469 468
f 464 465 469
f 468 471 470
f 468 469 471
f 468 470 472
f 468 472 467
f 470 473 472
f 470 474 473
f 470 475 474
f 470 471 475
f 474 477 476
f 474 475 477
f 474 476 478
f 474 478 473
f 476 479 478
f 476 480 479
f 476 481 480
f 476 477 481
f 480 481 482
f 480 482 479
f 483 485 484
f 483 486 485
f 483 487 486
f 483 488 487
f 483 489 488
f 483 484 489
f 488 491 490
f 488 489 491
f 488 490 492
f 488 492 487
f 490 493 492
f 490 494 493
f 490 495 494
f 490 491 495
f 494 497 496
f 494 495 497
f 494 496 498
f 494 498 493
f 496 499 498
f 496 500 499
f 496 501 500
f 496 497 501
f 500 503 502
f 500 501 503
f 500 502 504
f 500 504 499
f 502 505 504
f 502 506 505
f 502 507 506
f 502 503 507
f 506 507 508
f 506 508 505
f 509 511 510
f 509 512 511
f 509 513 512
f 509 514 513
f 509 515 514
f 509 510 515
f 514 517 516
f 514 515 517
f 514 516 518
f 514 518 513
f 2 518 516
f 2 3 518
f 2 516 519
f 2 519 7
f 460 519 516
f 460 461 519
f 460 516 517
f 460 517 459
f 461 520 519
f 519 520 7
f 7 520 9
f 9 520 521
f 9 521 13
f 466 521 520
f 466 467 521
f 466 520 461
f 467 522 521
f 521 522 13
f 13 522 15
f 15 522 523
f 15 523 19
f 472 523 522
f 472 473 523
f 472 522 467
f 473 524 523
f 523 524 19
f 19 524 21
f 21 524 525
f 21 525 25
f 478 525 524
f 478 479 525
f 478 524 473
f 479 526 525
f 525 526 25
f 25 526 527
f 25 527 26
f 526 528 527
f 526 529 528
f 479 529 526
f 479 482 529
f 528 531 530
f 528 529 531
f 528 530 532
f 528 532 527
f 530 533 532
f 530 534 533
f 530 535 534
f 530 531 535
f 534 535 536
f 534 536 533
f 537 539 538
f 537 540 539
f 537 541 540
f 537 542 541
f 537 543 542
f 537 538 543
f 542 545 544
f 542 543 545
f 542 544 546
f 542 546 541
f 544 547 546
f 544 548 547
f 544 549 548
f 544 545 549
f 548 551 550
f 548 549 551
f 548 550 552
f 548 552 547
f 28 552 550
f 28 29 552
f 28 550 553
f 28 553 33
f 486 553 550
f 486 487 553
f 486 550 551
f 486 551 485
f 487 554 553
f 553 554 33
f 33 554 35
f 35 554 555
f 35 555 39
f 492 555 554
f 492 493 555
f 492 554 487
f 493 556 555
f 555 556 39
f 39 556 41
f 41 556 557
f 41 557 45
f 498 557 556
f 498 499 557
f 498 556 493
f 499 558 557
f 557 558 45
f 45 558 47
f 47 558 559
f 47 559 51
f 504 559 558
f 504 505 559
f 504 558 499
f 505 560 559
f 559 560 51
f 51 560 561
f 51 561 52
f 560 562 561
f 560 563 562
f 505 563 560
f 505 508 563
f 562 563 564
f 562 564 561
f 565 567 566
f 565 568 567
f 565 569 568
f 565 570 569
f 512 570 565
f 512 513 570
f 512 565 566
f 512 566 511
f 513 571 570
f 570 571 572
f 570 572 569
f 54 572 571
f 54 55 572
f 54 571 3
f 3 571 518
f 518 571 513
f 26 573 75
f 26 527 573
f 527 574 573
f 573 574 75
f 75 574 575
f 75 575 76
f 574 576 575
f 532 576 574
f 532 533 576
f 532 574 527
f 533 577 576
f 576 577 578
f 576 578 575
f 577 579 578
f 577 580 579
f 577 581 580
f 533 581 577
f 533 536 581
f 580 583 582
f 580 581 583
f 580 582 584
f 580 584 579
f 582 585 584
f 582 586 585
f 582 587 586
f 582 583 587
f 586 587 588
f 586 588 585
f 589 591 590
f 589 592 591
f 589 593 592
f 589 594 593
f 589 595 594
f 589 590 595
f 594 597 596
f 594 595 597
f 594 596 598
f 594 598 593
f 596 599 598
f 596 600 599
f 596 601 600
f 596 597 601
f 600 603 602
f 600 601 603
f 600 602 604
f 600 604 599
f 602 605 604
f 602 606 605
f 540 606 602
f 540 541 606
f 540 602 603
f 540 603 539
f 541 607 606
f 606 607 608
f 606 608 605
f 78 608 607
f 78 79 608
f 78 607 609
f 78 609 83
f 546 609 607
f 546 547 609
f 546 607 541
f 547 610 609
f 609 610 83
f 83 610 85
f 85 610 29
f 29 610 552
f 552 610 547
f 102 611 101
f 102 612 611
f 102 52 612
f 52 561 612
f 561 613 612
f 561 614 613
f 612 613 611
f 561 564 614
f 615 617 616
f 615 618 617
f 615 619 618
f 615 620 619
f 568 620 615
f 568 569 620
f 568 615 616
f 568 616 567
f 569 621 620
f 620 621 622
f 620 622 619
f 104 622 621
f 104 105 622
f 104 621 55
f 55 621 572
f 572 621 569
f 126 623 125
f 126 624 623
f 126 76 624
f 76 575 624
f 575 625 624
f 624 625 626
f 624 626 623
f 625 627 626
f 625 628 627
f 578 628 625
f 578 579 628
f 578 625 575
f 579 629 628
f 579 630 629
f 628 629 627
f 584 585 631
f 584 630 579
f 584 631 630
f 585 632 631
f 585 588 632
f 592 593 633
f 592 633 591
f 593 634 635
f 593 635 633
f 634 636 635
f 634 637 636
f 634 638 637
f 598 638 634
f 598 599 638
f 598 634 593
f 599 639 638
f 638 639 640
f 638 640 637
f 639 641 640
f 639 642 641
f 604 642 639
f 604 605 642
f 604 639 599
f 605 643 642
f 642 643 644
f 642 644 641
f 128 644 643
f 128 129 644
f 128 643 79
f 79 643 608
f 608 643 605
f 150 645 149
f 150 646 645
f 150 101 646
f 101 611 646
f 611 647 646
f 611 648 647
f 646 647 645
f 611 613 648
f 649 651 650
f 649 652 651
f 649 653 652
f 649 654 653
f 618 654 649
f 618 619 654
f 618 649 650
f 618 650 617
f 619 655 654
f 654 655 656
f 654 656 653
f 152 656 655
f 152 153 656
f 152 655 105
f 105 655 622
f 622 655 619
f 170 657 169
f 170 171 657
f 171 658 657
f 171 659 658
f 171 172 659
f 172 660 659
f 172 125 660
f 125 623 660
f 623 661 660
f 623 662 661
f 660 661 659
f 626 627 663
f 626 662 623
f 626 663 662
f 627 664 663
f 627 629 664
f 636 637 665
f 636 665 635
f 637 666 667
f 637 667 665
f 666 668 667
f 666 669 668
f 666 670 669
f 640 670 666
f 640 641 670
f 640 666 637
f 641 671 670
f 670 671 672
f 670 672 669
f 671 673 672
f 129 673 671
f 129 173 673
f 129 671 644
f 644 671 641
f 173 674 673
f 173 175 674
f 192 675 191
f 192 676 675
f 192 149 676
f 149 645 676
f 645 677 676
f 645 678 677
f 676 677 675
f 645 647 678
f 652 653 679
f 652 679 651
f 653 680 681
f 653 681 679
f 680 682 681
f 680 683 682
f 153 683 680
f 153 193 683
f 153 680 656
f 656 680 653
f 193 684 683
f 193 195 684
f 204 685 203
f 204 205 685
f 205 686 685
f 205 687 686
f 205 206 687
f 206 688 687
f 206 169 688
f 169 657 688
f 657 689 688
f 657 690 689
f 688 689 687
f 658 659 691
f 658 690 657
f 658 691 690
f 659 692 691
f 659 661 692
f 668 669 693
f 668 693 667
f 669 694 695
f 669 695 693
f 694 696 695
f 694 697 696
f 694 698 697
f 672 698 694
f 672 673 698
f 672 694 669
f 673 699 698
f 698 699 700
f 698 700 697
f 699 701 700
f 175 701 699
f 175 207 701
f 175 699 674
f 674 699 673
f 207 702 701
f 207 209 702
f 218 703 217
f 218 219 703
f 704 705 706
f 219 706 703
f 219 704 706
f 219 220 704
f 220 191 704
f 191 675 707
f 191 707 704
f 704 707 705
f 675 708 707
f 675 677 708
f 709 711 710
f 709 712 711
f 709 713 712
f 709 714 713
f 682 714 709
f 682 683 714
f 682 709 710
f 682 710 681
f 683 715 714
f 714 715 716
f 714 716 713
f 715 717 716
f 195 717 715
f 195 221 717
f 195 715 684
f 684 715 683
f 221 718 717
f 221 719 718
f 221 222 719
f 222 223 719
f 223 720 719
f 223 721 720
f 223 224 721
f 224 722 721
f 224 203 722
f 203 685 722
f 685 723 722
f 685 724 723
f 722 723 721
f 686 687 725
f 686 724 685
f 686 725 724
f 687 726 725
f 687 689 726
f 696 697 727
f 696 727 695
f 697 728 729
f 697 729 727
f 728 730 729
f 728 731 730
f 728 732 731
f 700 732 728
f 700 701 732
f 700 728 697
f 701 733 732
f 732 733 734
f 732 734 731
f 733 735 734
f 209 735 733
f 209 225 735
f 209 733 702
f 702 733 701
f 225 736 735
f 225 737 736
f 225 226 737
f 226 227 737
f 227 738 737
f 227 739 738
f 227 228 739
f 228 740 739
f 228 217 740
f 217 703 740
f 703 741 740
f 703 742 741
f 740 741 739
f 703 706 742
f 712 713 743
f 712 743 711
f 713 744 745
f 713 745 743
f 744 746 745
f 744 747 746
f 744 748 747
f 716 748 744
f 716 717 748
f 716 744 713
f 717 749 748
f 748 749 750
f 748 750 747
f 749 751 750
f 749 752 751
f 718 752 749
f 718 719 752
f 718 749 717
f 719 753 752
f 719 754 753
f 752 753 751
f 720 721 755
f 720 754 719
f 720 755 754
f 721 756 755
f 721 723 756
f 730 731 757
f 730 757 729
f 731 758 759
f 731 759 757
f 758 760 759
f 758 761 760
f 758 762 761
f 734 762 758
f 734 735 762
f 734 758 731
f 735 763 762
f 762 763 764
f 762 764 761
f 763 765 764
f 763 766 765
f 736 766 763
f 736 737 766
f 736 763 735
f 737 767 766
f 737 768 767
f 766 767 765
f 738 739 769
f 738 768 737
f 738 769 768
f 739 770 769
f 739 741 770
f 771 773 772
f 771 774 773
f 771 775 774
f 771 776 775
f 746 776 771
f 746 747 776
f 746 771 772
f 746 772 745
f 747 777 776
f 747 778 777
f 776 777 775
f 750 751 779
f 750 778 747
f 750 779 778
f 751 780 779
f 751 753 780
f 760 761 781
f 760 781 759
f 761 782 783
f 761 783 781
f 782 784 783
f 782 785 784
f 782 786 785
f 764 786 782
f 764 765 786
f 764 782 761
f 765 787 786
f 765 788 787
f 786 787 785
f 765 767 788
f 774 775 789
f 774 789 773
f 775 790 789
f 775 777 790
f 784 785 791
f 784 791 783
f 785 792 791
f 785 787 792
f 793 795 794
f 793 796 795
f 793 797 796
f 793 798 797
f 793 799 798
f 793 794 799
f 798 799 800
f 798 800 797
f 801 803 802
f 801 804 803
f 801 805 804
f 801 806 805
f 801 807 806
f 801 802 807
f 806 807 808
f 806 808 805
f 809 811 810
f 809 812 811
f 809 813 812
f 809 814 813
f 796 814 809
f 796 797 814
f 796 809 810
f 796 810 795
f 797 815 814
f 814 815 816
f 814 816 813
f 815 817 816
f 815 818 817
f 815 819 818
f 797 819 815
f 797 800 819
f 818 819 820
f 818 820 817
f 821 823 822
f 821 824 823
f 821 825 824
f 821 826 825
f 821 827 826
f 821 822 827
f 826 829 828
f 826 827 829
f 826 828 830
f 826 830 825
f 828 831 830
f 828 832 831
f 804 832 828
f 804 805 832
f 804 828 829
f 804 829 803
f 805 833 832
f 805 834 833
f 832 833 831
f 805 808 834
f 835 837 836
f 835 838 837
f 835 839 838
f 835 840 839
f 835 841 840
f 835 836 841
f 840 843 842
f 840 841 843
f 840 842 844
f 840 844 839
f 842 845 844
f 842 846 845
f 812 846 842
f 812 813 846
f 812 842 843
f 812 843 811
f 813 847 846
f 846 847 848
f 846 848 845
f 847 849 848
f 847 850 849
f 816 850 847
f 816 817 850
f 816 847 813
f 817 851 850
f 850 851 852
f 850 852 849
f 851 853 852
f 851 854 853
f 851 855 854
f 817 855 851
f 817 820 855
f 854 855 856
f 854 856 853
f 857 859 858
f 857 860 859
f 857 861 860
f 857 862 861
f 857 863 862
f 857 858 863
f 862 865 864
f 862 863 865
f 862 864 866
f 862 866 861
f 864 867 866
f 864 868 867
f 824 868 864
f 824 825 868
f 824 864 865
f 824 865 823
f 825 869 868
f 868 869 870
f 868 870 867
f 869 871 870
f 869 872 871
f 830 872 869
f 830 831 872
f 830 869 825
f 831 873 872
f 872 873 874
f 872 874 871
f 873 875 874
f 873 876 875
f 873 877 876
f 831 877 873
f 831 833 877
f 876 877 878
f 876 878 875
f 879 881 880
f 879 882 881
f 879 883 882
f 879 884 883
f 838 884 879
f 838 839 884
f 838 879 880
f 838 880 837
f 839 885 884
f 884 885 886
f 884 886 883
f 230 886 885
f 230 231 886
f 230 885 887
f 230 887 235
f 844 887 885
f 844 845 887
f 844 885 839
f 845 888 887
f 887 888 235
f 235 888 237
f 237 888 889
f 237 889 241
f 848 889 888
f 848 849 889
f 848 888 845
f 849 890 889
f 889 890 241
f 241 890 891
f 241 891 242
f 890 892 891
f 852 892 890
f 852 853 892
f 852 890 849
f 853 893 892
f 892 893 894
f 892 894 891
f 893 895 894
f 893 896 895
f 893 897 896
f 853 897 893
f 853 856 897
f 896 897 898
f 896 898 895
f 899 901 900
f 899 902 901
f 899 903 902
f 899 904 903
f 899 905 904
f 899 900 905
f 904 907 906
f 904 905 907
f 904 906 908
f 904 908 903
f 906 909 908
f 906 910 909
f 860 910 906
f 860 861 910
f 860 906 907
f 860 907 859
f 861 911 910
f 910 911 912
f 910 912 909
f 244 912 911
f 244 245 912
f 244 911 913
f 244 913 249
f 866 913 911
f 866 867 913
f 866 911 861
f 867 914 913
f 913 914 249
f 249 914 251
f 251 914 915
f 251 915 255
f 870 915 914
f 870 871 915
f 870 914 867
f 871 916 915
f 915 916 255
f 255 916 917
f 255 917 256
f 916 918 917
f 874 918 916
f 874 875 918
f 874 916 871
f 875 919 918
f 875 920 919
f 918 919 917
f 875 878 920
f 921 923 922
f 921 924 923
f 921 925 924
f 921 926 925
f 921 927 926
f 921 922 927
f 926 929 928
f 926 927 929
f 926 928 930
f 926 930 925
f 258 930 928
f 258 259 930
f 258 928 931
f 258 931 263
f 882 931 928
f 882 883 931
f 882 928 929
f 882 929 881
f 883 932 931
f 931 932 263
f 263 932 265
f 265 932 231
f 231 932 886
f 886 932 883
f 242 933 277
f 242 891 933
f 891 934 933
f 933 934 277
f 277 934 935
f 277 935 278
f 934 936 935
f 894 936 934
f 894 895 936
f 894 934 891
f 895 937 936
f 936 937 938
f 936 938 935
f 937 939 938
f 937 940 939
f 937 941 940
f 895 941 937
f 895 898 941
f 940 941 942
f 940 942 939
f 943 945 944
f 943 946 945
f 943 947 946
f 943 948 947
f 943 949 948
f 943 944 949
f 948 951 950
f 948 949 951
f 948 950 952
f 948 952 947
f 950 953 952
f 950 954 953
f 902 954 950
f 902 903 954
f 902 950 951
f 902 951 901
f 903 955 954
f 954 955 956
f 954 956 953
f 280 956 955
f 280 281 956
f 280 955 957
f 280 957 285
f 908 957 955
f 908 909 957
f 908 955 903
f 909 958 957
f 957 958 285
f 285 958 287
f 287 958 245
f 245 958 912
f 912 958 909
f 256 959 299
f 256 917 959
f 917 960 959
f 959 960 299
f 299 960 961
f 299 961 300
f 960 962 961
f 960 963 962
f 917 963 960
f 917 919 963
f 962 963 964
f 962 964 961
f 965 967 966
f 965 968 967
f 965 969 968
f 965 970 969
f 924 970 965
f 924 925 970
f 924 965 966
f 924 966 923
f 925 971 970
f 970 971 972
f 970 972 969
f 302 972 971
f 302 303 972
f 302 971 259
f 259 971 930
f 930 971 925
f 278 973 323
f 278 935 973
f 935 974 973
f 973 974 323
f 323 974 975
f 323 975 324
f 974 976 975
f 938 976 974
f 938 939 976
f 938 974 935
f 939 977 976
f 976 977 978
f 976 978 975
f 977 979 978
f 977 980 979
f 977 981 980
f 939 981 977
f 939 942 981
f 980 981 982
f 980 982 979
f 983 985 984
f 983 986 985
f 983 987 986
f 983 988 987
f 983 989 988
f 983 984 989
f 988 991 990
f 988 989 991
f 988 990 992
f 988 992 987
f 990 993 992
f 990 994 993
f 946 994 990
f 946 947 994
f 946 990 991
f 946 991 945
f 947 995 994
f 994 995 996
f 994 996 993
f 326 996 995
f 326 327 996
f 326 995 997
f 326 997 331
f 952 997 995
f 952 953 997
f 952 995 947
f 953 998 997
f 997 998 331
f 331 998 333
f 333 998 281
f 281 998 956
f 956 998 953
f 350 999 349
f 350 1000 999
f 350 300 1000
f 300 961 1000
f 961 1001 1000
f 961 1002 1001
f 1000 1001 999
f 961 964 1002
f 1003 1005 1004
f 1003 1006 1005
f 1003 1007 1006
f 1003 1008 1007
f 968 1008 1003
f 968 969 1008
f 968 1003 1004
f 968 1004 967
f 969 1009 1008
f 1008 1009 1010
f 1008 1010 1007
f 352 1010 1009
f 352 353 1010
f 352 1009 303
f 303 1009 972
f 972 1009 969
f 374 1011 373
f 374 1012 1011
f 374 324 1012
f 324 975 1012
f 975 1013 1012
f 1012 1013 1014
f 1012 1014 1011
f 1013 1015 1014
f 1013 1016 1015
f 978 1016 1013
f 978 979 1016
f 978 1013 975
f 979 1017 1016
f 1016 1017 1018
f 1016 1018 1015
f 1017 1019 1018
f 1017 1020 1019
f 1017 1021 1020
f 979 1021 1017
f 979 982 1021
f 1020 1021 1022
f 1020 1022 1019
f 1023 1025 1024
f 1023 1026 1025
f 1023 1027 1026
f 1023 1028 1027
f 1023 1029 1028
f 1023 1024 1029
f 1028 1031 1030
f 1028 1029 1031
f 1028 1030 1032
f 1028 1032 1027
f 1030 1033 1032
f 1030 1034 1033
f 986 1034 1030
f 986 987 1034
f 986 1030 1031
f 986 1031 985
f 987 1035 1034
f 1034 1035 1036
f 1034 1036 1033
f 1035 1037 1036
f 1035 1038 1037
f 992 1038 1035
f 992 993 1038
f 992 1035 987
f 993 1039 1038
f 1038 1039 1040
f 1038 1040 1037
f 376 1040 1039
f 376 377 1040
f 376 1039 327
f 327 1039 996
f 996 1039 993
f 398 1041 397
f 398 1042 1041
f 398 349 1042
f 349 999 1042
f 999 1043 1042
f 999 1044 1043
f 1042 1043 1041
f 999 1001 1044
f 1045 1047 1046
f 1045 1048 1047
f 1045 1049 1048
f 1045 1050 1049
f 1006 1050 1045
f 1006 1007 1050
f 1006 1045 1046
f 1006 1046 1005
f 1007 1051 1050
f 1050 1051 1052
f 1050 1052 1049
f 400 1052 1051
f 400 401 1052
f 400 1051 353
f 353 1051 1010
f 1010 1051 1007
f 418 1053 417
f 418 419 1053
f 419 1054 1053
f 419 1055 1054
f 419 420 1055
f 420 1056 1055
f 420 373 1056
f 373 1011 1056
f 1011 1057 1056
f 1011 1058 1057
f 1056 1057 1055
f 1014 1015 1059
f 1014 1058 1011
f 1014 1059 1058
f 1015 1060 1059
f 1018 1019 1061
f 1018 1060 1015
f 1018 1061 1060
f 1019 1062 1061
f 1019 1022 1062
f 1026 1027 1063
f 1026 1063 1025
f 1027 1064 1063
f 1032 1033 1065
f 1032 1064 1027
f 1032 1065 1064
f 1033 1066 1067
f 1033 1067 1065
f 1066 1068 1067
f 1066 1069 1068
f 1066 1070 1069
f 1036 1070 1066
f 1036 1037 1070
f 1036 1066 1033
f 1037 1071 1070
f 1070 1071 1072
f 1070 1072 1069
f 1071 1073 1072
f 377 1073 1071
f 377 421 1073
f 377 1071 1040
f 1040 1071 1037
f 421 1074 1073
f 421 423 1074
f 440 1075 439
f 440 1076 1075
f 440 397 1076
f 397 1041 1076
f 1041 1077 1076
f 1041 1078 1077
f 1076 1077 1075
f 1041 1043 1078
f 1048 1049 1079
f 1048 1079 1047
f 1049 1080 1081
f 1049 1081 1079
f 1080 1082 1081
f 1080 1083 1082
f 401 1083 1080
f 401 441 1083
f 401 1080 1052
f 1052 1080 1049
f 441 1084 1083
f 441 1085 1084
f 441 442 1085
f 442 443 1085
f 443 1086 1085
f 443 1087 1086
f 443 444 1087
f 444 445 1087
f 445 1088 1087
f 445 1089 1088
f 445 446 1089
f 446 447 1089
f 1090 1091 1092
f 447 1092 1089
f 447 1090 1092
f 447 448 1090
f 448 417 1090
f 417 1053 1093
f 417 1093 1090
f 1090 1093 1091
f 1053 1094 1093
f 1054 1055 1095
f 1054 1094 1053
f 1054 1095 1094
f 1055 1096 1095
f 1055 1057 1096
f 1068 1069 1097
f 1068 1097 1067
f 1069 1098 1097
f 1072 1073 1099
f 1072 1098 1069
f 1072 1099 1098
f 1073 1100 1101
f 1073 1101 1099
f 1100 1102 1101
f 1100 1103 1102
f 423 1103 1100
f 423 449 1103
f 423 1100 1074
f 1074 1100 1073
f 449 1104 1103
f 449 1105 1104
f 449 450 1105
f 450 451 1105
f 451 1106 1105
f 451 1107 1106
f 451 452 1107
f 452 453 1107
f 453 1108 1107
f 453 1109 1108
f 453 454 1109
f 454 455 1109
f 1110 1111 1112
f 455 1112 1109
f 455 1110 1112
f 455 456 1110
f 456 439 1110
f 439 1075 1113
f 439 1113 1110
f 1110 1113 1111
f 1075 1114 1113
f 1075 1077 1114
f 1082 1083 1115
f 1082 1115 1081
f 1083 1116 1115
f 1084 1085 1117
f 1084 1116 1083
f 1084 1117 1116
f 1085 1118 1117
f 1086 1087 1119
f 1086 1118 1085
f 1086 1119 1118
f 1087 1120 1119
f 1088 1089 1121
f 1088 1120 1087
f 1088 1121 1120
f 1089 1122 1121
f 1089 1092 1122
f 1102 1103 1123
f 1102 1123 1101
f 1103 1124 1123
f 1104 1105 1125
f 1104 1124 1103
f 1104 1125 1124
f 1105 1126 1125
f 1106 1107 1127
f 1106 1126 1105
f 1106 1127 1126
f 1107 1128 1127
f 1108 1109 1129
f 1108 1128 1107
f 1108 1129 1128
f 1109 1130 1129
f 1109 1112 1130
f 1131 1133 1132
f 1131 1134 1133
f 458 1134 1131
f 458 459 1134
f 458 1131 1135
f 458 1135 463
f 1131 1136 1135
f 1131 1132 1136
f 1135 1138 1137
f 1135 1136 1138
f 1135 1137 463
f 463 1137 465
f 465 1137 1139
f 465 1139 469
f 1137 1140 1139
f 1137 1138 1140
f 1139 1142 1141
f 1139 1140 1142
f 1139 1141 469
f 469 1141 471
f 471 1141 1143
f 471 1143 475
f 1141 1144 1143
f 1141 1142 1144
f 1143 1146 1145
f 1143 1144 1146
f 1143 1145 475
f 475 1145 477
f 477 1145 1147
f 477 1147 481
f 1145 1148 1147
f 1145 1146 1148
f 1147 1150 1149
f 1147 1148 1150
f 1147 1149 481
f 481 1149 1151
f 481 1151 482
f 1149 1152 1151
f 1149 1153 1152
f 1149 1150 1153
f 1152 1153 1154
f 1152 1154 1151
f 1155 1157 1156
f 1155 1158 1157
f 1155 1159 1158
f 1155 1160 1159
f 1155 1161 1160
f 1155 1156 1161
f 1160 1163 1162
f 1160 1161 1163
f 1160 1162 1164
f 1160 1164 1159
f 484 1164 1162
f 484 485 1164
f 484 1162 1165
f 484 1165 489
f 1162 1166 1165
f 1162 1163 1166
f 1165 1168 1167
f 1165 1166 1168
f 1165 1167 489
f 489 1167 491
f 491 1167 1169
f 491 1169 495
f 1167 1170 1169
f 1167 1168 1170
f 1169 1172 1171
f 1169 1170 1172
f 1169 1171 495
f 495 1171 497
f 497 1171 1173
f 497 1173 501
f 1171 1174 1173
f 1171 1172 1174
f 1173 1176 1175
f 1173 1174 1176
f 1173 1175 501
f 501 1175 503
f 503 1175 1177
f 503 1177 507
f 1175 1178 1177
f 1175 1176 1178
f 1177 1178 1179
f 1177 1180 507
f 1177 1179 1180
f 507 1180 508
f 1181 1183 1182
f 1181 1184 1183
f 510 1184 1181
f 510 511 1184
f 510 1181 1185
f 510 1185 515
f 1181 1186 1185
f 1181 1182 1186
f 1185 1188 1187
f 1185 1186 1188
f 1185 1187 515
f 515 1187 517
f 517 1187 459
f 459 1187 1134
f 1134 1187 1188
f 1134 1188 1133
f 482 1189 529
f 482 1151 1189
f 1151 1190 1189
f 1189 1190 529
f 529 1190 531
f 531 1190 1191
f 531 1191 535
f 1190 1192 1191
f 1151 1192 1190
f 1151 1154 1192
f 1191 1194 1193
f 1191 1192 1194
f 1191 1193 535
f 535 1193 1195
f 535 1195 536
f 1193 1196 1195
f 1193 1197 1196
f 1193 1194 1197
f 1196 1199 1198
f 1196 1197 1199
f 1196 1198 1200
f 1196 1200 1195
f 1198 1201 1200
f 1198 1202 1201
f 1198 1203 1202
f 1198 1199 1203
f 1202 1203 1204
f 1202 1204 1201
f 1205 1207 1206
f 1205 1208 1207
f 1205 1209 1208
f 1205 1210 1209
f 1205 1211 1210
f 1205 1206 1211
f 1210 1213 1212
f 1210 1211 1213
f 1210 1212 1214
f 1210 1214 1209
f 1212 1215 1214
f 1212 1216 1215
f 1212 1217 1216
f 1212 1213 1217
f 1216 1219 1218
f 1216 1217 1219
f 1216 1218 1220
f 1216 1220 1215
f 538 1220 1218
f 538 539 1220
f 538 1218 1221
f 538 1221 543
f 1218 1222 1221
f 1218 1219 1222
f 1221 1224 1223
f 1221 1222 1224
f 1221 1223 543
f 543 1223 545
f 545 1223 1225
f 545 1225 549
f 1158 1225 1223
f 1158 1159 1225
f 1158 1223 1224
f 1158 1224 1157
f 1159 1226 1225
f 1225 1226 549
f 549 1226 551
f 551 1226 485
f 485 1226 1164
f 1164 1226 1159
f 508 1227 563
f 508 1228 1227
f 508 1180 1228
f 1180 1179 1228
f 1227 1228 1229
f 1227 1230 563
f 1227 1229 1230
f 563 1230 564
f 1231 1233 1232
f 1231 1234 1233
f 566 1234 1231
f 566 567 1234
f 566 1231 511
f 511 1231 1184
f 1184 1231 1232
f 1184 1232 1183
f 536 1235 581
f 536 1195 1235
f 1195 1236 1235
f 1235 1236 581
f 581 1236 583
f 583 1236 1237
f 583 1237 587
f 1200 1237 1236
f 1200 1201 1237
f 1200 1236 1195
f 1201 1238 1237
f 1237 1238 587
f 587 1238 1239
f 587 1239 588
f 1238 1240 1239
f 1238 1241 1240
f 1201 1241 1238
f 1201 1204 1241
f 1240 1243 1242
f 1240 1241 1243
f 1240 1242 1244
f 1240 1244 1239
f 1242 1245 1244
f 1242 1246 1245
f 1242 1247 1246
f 1242 1243 1247
f 1246 1249 1248
f 1246 1247 1249
f 1246 1248 1250
f 1246 1250 1245
f 590 1250 1248
f 590 591 1250
f 590 1248 1251
f 590 1251 595
f 1208 1251 1248
f 1208 1209 1251
f 1208 1248 1249
f 1208 1249 1207
f 1209 1252 1251
f 1251 1252 595
f 595 1252 597
f 597 1252 1253
f 597 1253 601
f 1214 1253 1252
f 1214 1215 1253
f 1214 1252 1209
f 1215 1254 1253
f 1253 1254 601
f 601 1254 603
f 603 1254 539
f 539 1254 1220
f 1220 1254 1215
f 1255 1256 1257
f 1255 1257 1258
f 614 1258 613
f 614 1255 1258
f 614 564 1255
f 564 1230 1255
f 1230 1229 1256
f 1230 1256 1255
f 1259 1261 1260
f 1259 1262 1261
f 616 1262 1259
f 616 617 1262
f 616 1259 567
f 567 1259 1234
f 1234 1259 1260
f 1234 1260 1233
f 630 1263 629
f 630 631 1263
f 631 1264 1263
f 631 1265 1264
f 631 632 1265
f 632 1266 1265
f 632 588 1266
f 588 1239 1266
f 1239 1267 1266
f 1266 1267 1268
f 1266 1268 1265
f 1267 1269 1268
f 1267 1270 1269
f 1244 1270 1267
f 1244 1245 1270
f 1244 1267 1239
f 1245 1271 1270
f 1270 1271 1272
f 1270 1272 1269
f 1271 1273 1272
f 591 1273 1271
f 591 633 1273
f 591 1271 1250
f 1250 1271 1245
f 633 1274 1273
f 633 635 1274
f 1275 1276 1277
f 1275 1277 1278
f 648 1278 647
f 648 1275 1278
f 648 613 1275
f 613 1258 1275
f 1258 1257 1276
f 1258 1276 1275
f 1279 1281 1280
f 1279 1282 1281
f 650 1282 1279
f 650 651 1282
f 650 1279 617
f 617 1279 1262
f 1262 1279 1280
f 1262 1280 1261
f 662 1283 661
f 662 663 1283
f 663 1284 1283
f 663 1285 1284
f 663 664 1285
f 664 1286 1285
f 664 629 1286
f 629 1263 1286
f 1263 1287 1286
f 1263 1288 1287
f 1286 1287 1285
f 1264 1265 1289
f 1264 1288 1263
f 1264 1289 1288
f 1265 1290 1289
f 1268 1269 1291
f 1268 1290 1265
f 1268 1291 1290
f 1269 1292 1293
f 1269 1293 1291
f 1292 1294 1293
f 1292 1295 1294
f 1292 1296 1295
f 1272 1296 1292
f 1272 1273 1296
f 1272 1292 1269
f 1273 1297 1296
f 1296 1297 1298
f 1296 1298 1295
f 1297 1299 1298
f 635 1299 1297
f 635 665 1299
f 635 1297 1274
f 1274 1297 1273
f 665 1300 1299
f 665 667 1300
f 1301 1302 1303
f 1301 1303 1304
f 678 1304 677
f 678 1301 1304
f 678 647 1301
f 647 1278 1301
f 1278 1277 1302
f 1278 1302 1301
f 1305 1307 1306
f 1305 1308 1307
f 1305 1309 1308
f 651 1309 1305
f 651 679 1309
f 651 1305 1282
f 1282 1305 1306
f 1282 1306 1281
f 679 1310 1309
f 679 681 1310
f 690 1311 689
f 690 691 1311
f 1312 1313 1314
f 691 1314 1311
f 691 1312 1314
f 691 692 1312
f 692 661 1312
f 661 1283 1315
f 661 1315 1312
f 1312 1315 1313
f 1283 1316 1315
f 1284 1285 1317
f 1284 1316 1283
f 1284 1317 1316
f 1285 1318 1317
f 1285 1287 1318
f 1294 1295 1319
f 1294 1319 1293
f 1295 1320 1319
f 1298 1299 1321
f 1298 1320 1295
f 1298 1321 1320
f 1299 1322 1323
f 1299 1323 1321
f 1322 1324 1323
f 1322 1325 1324
f 667 1325 1322
f 667 693 1325
f 667 1322 1300
f 1300 1322 1299
f 693 1326 1325
f 693 695 1326
f 705 1327 706
f 705 707 1327
f 1328 1329 1330
f 707 1330 1327
f 707 1328 1330
f 707 708 1328
f 708 677 1328
f 677 1304 1328
f 1304 1303 1329
f 1304 1329 1328
f 1308 1309 1331
f 1308 1331 1307
f 1309 1332 1333
f 1309 1333 1331
f 1332 1334 1333
f 710 1334 1332
f 710 711 1334
f 710 1332 681
f 681 1332 1310
f 1310 1332 1309
f 724 1335 723
f 724 725 1335
f 1336 1337 1338
f 725 1338 1335
f 725 1336 1338
f 725 726 1336
f 726 689 1336
f 689 1311 1339
f 689 1339 1336
f 1336 1339 1337
f 1311 1340 1339
f 1311 1314 1340
f 1324 1325 1341
f 1324 1341 1323
f 1325 1342 1343
f 1325 1343 1341
f 1342 1344 1343
f 1342 1345 1344
f 695 1345 1342
f 695 727 1345
f 695 1342 1326
f 1326 1342 1325
f 727 1346 1345
f 727 729 1346
f 1347 1348 1349
f 1347 1349 1350
f 742 1350 741
f 742 1347 1350
f 742 706 1347
f 706 1327 1351
f 706 1351 1347
f 1347 1351 1348
f 1327 1352 1351
f 1327 1330 1352
f 1353 1355 1354
f 1353 1356 1355
f 1353 1357 1356
f 711 1357 1353
f 711 743 1357
f 711 1353 1334
f 1334 1353 1354
f 1334 1354 1333
f 743 1358 1357
f 743 745 1358
f 754 1359 753
f 754 755 1359
f 1360 1361 1362
f 755 1362 1359
f 755 1360 1362
f 755 756 1360
f 756 723 1360
f 723 1335 1363
f 723 1363 1360
f 1360 1363 1361
f 1335 1364 1363
f 1335 1338 1364
f 1344 1345 1365
f 1344 1365 1343
f 1345 1366 1367
f 1345 1367 1365
f 1366 1368 1367
f 1366 1369 1368
f 729 1369 1366
f 729 757 1369
f 729 1366 1346
f 1346 1366 1345
f 757 1370 1369
f 757 759 1370
f 768 1371 767
f 768 769 1371
f 1372 1373 1374
f 769 1374 1371
f 769 1372 1374
f 769 770 1372
f 770 741 1372
f 741 1350 1372
f 1350 1349 1373
f 1350 1373 1372
f 1375 1377 1376
f 1375 1378 1377
f 1375 1379 1378
f 1375 1380 1379
f 1356 1380 1375
f 1356 1357 1380
f 1356 1375 1376
f 1356 1376 1355
f 1357 1381 1380
f 1380 1381 1382
f 1380 1382 1379
f 772 1382 1381
f 772 773 1382
f 772 1381 745
f 745 1381 1358
f 1358 1381 1357
f 778 1383 777
f 778 779 1383
f 779 1384 1383
f 779 1385 1384
f 779 780 1385
f 780 1386 1385
f 780 753 1386
f 753 1359 1386
f 1359 1387 1386
f 1359 1388 1387
f 1386 1387 1385
f 1359 1362 1388
f 1389 1391 1390
f 1389 1392 1391
f 1389 1393 1392
f 1389 1394 1393
f 1368 1394 1389
f 1368 1369 1394
f 1368 1389 1390
f 1368 1390 1367
f 1369 1395 1394
f 1394 1395 1396
f 1394 1396 1393
f 1395 1397 1396
f 759 1397 1395
f 759 781 1397
f 759 1395 1370
f 1370 1395 1369
f 781 1398 1397
f 781 783 1398
f 788 1399 787
f 788 1400 1399
f 788 767 1400
f 767 1371 1400
f 1371 1401 1400
f 1371 1402 1401
f 1400 1401 1399
f 1371 1374 1402
f 1378 1379 1403
f 1378 1403 1377
f 1379 1404 1405
f 1379 1405 1403
f 1404 1406 1405
f 1404 1407 1406
f 773 1407 1404
f 773 789 1407
f 773 1404 1382
f 1382 1404 1379
f 789 1408 1407
f 789 1409 1408
f 789 790 1409
f 790 1410 1409
f 790 777 1410
f 777 1383 1410
f 1383 1411 1410
f 1383 1412 1411
f 1410 1411 1409
f 1384 1385 1413
f 1384 1412 1383
f 1384 1413 1412
f 1385 1414 1413
f 1385 1387 1414
f 1392 1393 1415
f 1392 1415 1391
f 1393 1416 1417
f 1393 1417 1415
f 1416 1418 1417
f 1416 1419 1418
f 1416 1420 1419
f 1396 1420 1416
f 1396 1397 1420
f 1396 1416 1393
f 1397 1421 1420
f 1420 1421 1422
f 1420 1422 1419
f 1421 1423 1422
f 783 1423 1421
f 783 791 1423
f 783 1421 1398
f 1398 1421 1397
f 1424 1425 1426
f 791 1426 1423
f 791 1424 1426
f 791 792 1424
f 792 787 1424
f 787 1399 1427
f 787 1427 1424
f 1424 1427 1425
f 1399 1428 1427
f 1399 1401 1428
f 1429 1431 1430
f 1429 1432 1431
f 1429 1433 1432
f 1429 1434 1433
f 1406 1434 1429
f 1406 1407 1434
f 1406 1429 1430
f 1406 1430 1405
f 1407 1435 1434
f 1434 1435 1436
f 1434 1436 1433
f 1435 1437 1436
f 1435 1438 1437
f 1408 1438 1435
f 1408 1409 1438
f 1408 1435 1407
f 1409 1439 1438
f 1409 1440 1439
f 1438 1439 1437
f 1409 1411 1440
f 1441 1443 1442
f 1441 1444 1443
f 1441 1445 1444
f 1441 1446 1445
f 1418 1446 1441
f 1418 1419 1446
f 1418 1441 1442
f 1418 1442 1417
f 1419 1447 1446
f 1446 1447 1448
f 1446 1448 1445
f 1447 1449 1448
f 1447 1450 1449
f 1422 1450 1447
f 1422 1423 1450
f 1422 1447 1419
f 1423 1451 1450
f 1423 1452 1451
f 1450 1451 1449
f 1423 1426 1452
f 1453 1455 1454
f 1453 1456 1455
f 1453 1457 1456
f 1453 1458 1457
f 1453 1459 1458
f 1453 1454 1459
f 1458 1461 1460
f 1458 1459 1461
f 1458 1460 1462
f 1458 1462 1457
f 794 1462 1460
f 794 795 1462
f 794 1460 1463
f 794 1463 799
f 1432 1463 1460
f 1432 1433 1463
f 1432 1460 1461
f 1432 1461 1431
f 1433 1464 1463
f 1463 1464 799
f 799 1464 1465
f 799 1465 800
f 1464 1466 1465
f 1436 1466 1464
f 1436 1437 1466
f 1436 1464 1433
f 1437 1467 1466
f 1466 1467 1468
f 1466 1468 1465
f 1467 1469 1468
f 1467 1470 1469
f 1467 1471 1470
f 1437 1471 1467
f 1437 1439 1471
f 1470 1471 1472
f 1470 1472 1469
f 1473 1475 1474
f 1473 1476 1475
f 1473 1477 1476
f 1473 1478 1477
f 1473 1479 1478
f 1473 1474 1479
f 1478 1481 1480
f 1478 1479 1481
f 1478 1480 1482
f 1478 1482 1477
f 1480 1483 1482
f 1480 1484 1483
f 1444 1484 1480
f 1444 1445 1484
f 1444 1480 1481
f 1444 1481 1443
f 1445 1485 1484
f 1484 1485 1486
f 1484 1486 1483
f 802 1486 1485
f 802 803 1486
f 802 1485 1487
f 802 1487 807
f 1448 1487 1485
f 1448 1449 1487
f 1448 1485 1445
f 1449 1488 1487
f 1487 1488 807
f 807 1488 1489
f 807 1489 808
f 1488 1490 1489
f 1488 1491 1490
f 1449 1491 1488
f 1449 1451 1491
f 1490 1491 1492
f 1490 1492 1489
f 1493 1495 1494
f 1493 1496 1495
f 1493 1497 1496
f 1493 1498 1497
f 1456 1498 1493
f 1456 1457 1498
f 1456 1493 1494
f 1456 1494 1455
f 1457 1499 1498
f 1498 1499 1500
f 1498 1500 1497
f 810 1500 1499
f 810 811 1500
f 810 1499 795
f 795 1499 1462
f 1462 1499 1457
f 800 1501 819
f 800 1465 1501
f 1465 1502 1501
f 1501 1502 819
f 819 1502 1503
f 819 1503 820
f 1502 1504 1503
f 1468 1504 1502
f 1468 1469 1504
f 1468 1502 1465
f 1469 1505 1504
f 1469 1506 1505
f 1504 1505 1503
f 1469 1472 1506
f 1507 1509 1508
f 1507 1510 1509
f 1507 1511 1510
f 1507 1512 1511
f 1476 1512 1507
f 1476 1477 1512
f 1476 1507 1508
f 1476 1508 1475
f 1477 1513 1512
f 1512 1513 1514
f 1512 1514 1511
f 822 1514 1513
f 822 823 1514
f 822 1513 1515
f 822 1515 827
f 1482 1515 1513
f 1482 1483 1515
f 1482 1513 1477
f 1483 1516 1515
f 1515 1516 827
f 827 1516 829
f 829 1516 803
f 803 1516 1486
f 1486 1516 1483
f 834 1517 833
f 834 1518 1517
f 834 808 1518
f 808 1489 1518
f 1489 1519 1518
f 1489 1520 1519
f 1518 1519 1517
f 1489 1492 1520
f 1521 1523 1522
f 1521 1524 1523
f 836 1524 1521
f 836 837 1524
f 836 1521 1525
f 836 1525 841
f 1496 1525 1521
f 1496 1497 1525
f 1496 1521 1522
f 1496 1522 1495
f 1497 1526 1525
f 1525 1526 841
f 841 1526 843
f 843 1526 811
f 811 1526 1500
f 1500 1526 1497
f 820 1527 855
f 820 1503 1527
f 1503 1528 1527
f 1527 1528 855
f 855 1528 1529
f 855 1529 856
f 1528 1530 1529
f 1528 1531 1530
f 1503 1531 1528
f 1503 1505 1531
f 1530 1531 1532
f 1530 1532 1529
f 1533 1535 1534
f 1533 1536 1535
f 1533 1537 1536
f 1533 1538 1537
f 1533 1539 1538
f 1533 1534 1539
f 1538 1541 1540
f 1538 1539 1541
f 1538 1540 1542
f 1538 1542 1537
f 858 1542 1540
f 858 859 1542
f 858 1540 1543
f 858 1543 863
f 1510 1543 1540
f 1510 1511 1543
f 1510 1540 1541
f 1510 1541 1509
f 1511 1544 1543
f 1543 1544 863
f 863 1544 865
f 865 1544 823
f 823 1544 1514
f 1514 1544 1511
f 833 1545 877
f 833 1517 1545
f 1517 1546 1545
f 1517 1547 1546
f 1545 1548 877
f 1545 1546 1548
f 877 1548 878
f 1517 1519 1547
f 1549 1551 1550
f 1549 1552 1551
f 1549 1553 1552
f 1549 1554 1553
f 1549 1555 1554
f 1549 1550 1555
f 1554 1557 1556
f 1554 1555 1557
f 1554 1556 1558
f 1554 1558 1553
f 880 1558 1556
f 880 881 1558
f 880 1556 837
f 837 1556 1524
f 1524 1556 1557
f 1524 1557 1523
f 856 1559 897
f 856 1529 1559
f 1529 1560 1559
f 1559 1560 897
f 897 1560 1561
f 897 1561 898
f 1560 1562 1561
f 1560 1563 1562
f 1529 1563 1560
f 1529 1532 1563
f 1562 1563 1564
f 1562 1564 1561
f 1565 1567 1566
f 1565 1568 1567
f 1565 1569 1568
f 1565 1570 1569
f 1565 1571 1570
f 1565 1566 1571
f 1570 1573 1572
f 1570 1571 1573
f 1570 1572 1574
f 1570 1574 1569
f 900 1574 1572
f 900 901 1574
f 900 1572 1575
f 900 1575 905
f 1536 1575 1572
f 1536 1537 1575
f 1536 1572 1573
f 1536 1573 1535
f 1537 1576 1575
f 1575 1576 905
f 905 1576 907
f 907 1576 859
f 859 1576 1542
f 1542 1576 1537
f 920 1577 919
f 920 1578 1577
f 920 878 1578
f 878 1579 1578
f 878 1548 1579
f 1548 1546 1579
f 1578 1579 1580
f 1578 1580 1577
f 1581 1583 1582
f 1581 1584 1583
f 922 1584 1581
f 922 923 1584
f 922 1581 1585
f 922 1585 927
f 1552 1585 1581
f 1552 1553 1585
f 1552 1581 1582
f 1552 1582 1551
f 1553 1586 1585
f 1585 1586 927
f 927 1586 929
f 929 1586 881
f 881 1586 1558
f 1558 1586 1553
f 898 1587 941
f 898 1561 1587
f 1561 1588 1587
f 1587 1588 941
f 941 1588 1589
f 941 1589 942
f 1588 1590 1589
f 1588 1591 1590
f 1561 1591 1588
f 1561 1564 1591
f 1590 1593 1592
f 1590 1591 1593
f 1590 1592 1594
f 1590 1594 1589
f 1592 1595 1594
f 1592 1596 1595
f 1592 1597 1596
f 1592 1593 1597
f 1596 1597 1598
f 1596 1598 1595
f 1599 1601 1600
f 1599 1602 1601
f 1599 1603 1602
f 1599 1604 1603
f 1599 1605 1604
f 1599 1600 1605
f 1604 1607 1606
f 1604 1605 1607
f 1604 1606 1608
f 1604 1608 1603
f 1606 1609 1608
f 1606 1610 1609
f 1606 1611 1610
f 1606 1607 1611
f 1610 1613 1612
f 1610 1611 1613
f 1610 1612 1614
f 1610 1614 1609
f 944 1614 1612
f 944 945 1614
f 944 1612 1615
f 944 1615 949
f 1568 1615 1612
f 1568 1569 1615
f 1568 1612 1613
f 1568 1613 1567
f 1569 1616 1615
f 1615 1616 949
f 949 1616 951
f 951 1616 901
f 901 1616 1574
f 1574 1616 1569
f 919 1617 963
f 919 1577 1617
f 1577 1618 1617
f 1577 1619 1618
f 1617 1620 963
f 1617 1618 1620
f 963 1620 964
f 1577 1580 1619
f 1621 1623 1622
f 1621 1624 1623
f 966 1624 1621
f 966 967 1624
f 966 1621 923
f 923 1621 1584
f 1584 1621 1622
f 1584 1622 1583
f 942 1625 981
f 942 1589 1625
f 1589 1626 1625
f 1625 1626 981
f 981 1626 1627
f 981 1627 982
f 1626 1628 1627
f 1594 1628 1626
f 1594 1595 1628
f 1594 1626 1589
f 1595 1629 1628
f 1628 1629 1630
f 1628 1630 1627
f 1629 1631 1630
f 1629 1632 1631
f 1629 1633 1632
f 1595 1633 1629
f 1595 1598 1633
f 1632 1635 1634
f 1632 1633 1635
f 1632 1634 1636
f 1632 1636 1631
f 1634 1637 1636
f 1634 1638 1637
f 1634 1639 1638
f 1634 1635 1639
f 1638 1641 1640
f 1638 1639 1641
f 1638 1640 1642
f 1638 1642 1637
f 1640 1643 1642
f 1640 1644 1643
f 1602 1644 1640
f 1602 1603 1644
f 1602 1640 1641
f 1602 1641 1601
f 1603 1645 1644
f 1644 1645 1646
f 1644 1646 1643
f 984 1646 1645
f 984 985 1646
f 984 1645 1647
f 984 1647 989
f 1608 1647 1645
f 1608 1609 1647
f 1608 1645 1603
f 1609 1648 1647
f 1647 1648 989
f 989 1648 991
f 991 1648 945
f 945 1648 1614
f 1614 1648 1609
f 1649 1650 1651
f 1649 1651 1652
f 1002 1652 1001
f 1002 1649 1652
f 1002 964 1649
f 964 1620 1649
f 1620 1618 1650
f 1620 1650 1649
f 1653 1655 1654
f 1653 1656 1655
f 1004 1656 1653
f 1004 1005 1656
f 1004 1653 967
f 967 1653 1624
f 1624 1653 1654
f 1624 1654 1623
f 982 1657 1021
f 982 1627 1657
f 1627 1658 1657
f 1657 1658 1021
f 1021 1658 1659
f 1021 1659 1022
f 1658 1660 1659
f 1630 1660 1658
f 1630 1631 1660
f 1630 1658 1627
f 1631 1661 1660
f 1660 1661 1662
f 1660 1662 1659
f 1661 1663 1662
f 1661 1664 1663
f 1636 1664 1661
f 1636 1637 1664
f 1636 1661 1631
f 1637 1665 1664
f 1664 1665 1666
f 1664 1666 1663
f 1024 1666 1665
f 1024 1025 1666
f 1024 1665 1667
f 1024 1667 1029
f 1642 1667 1665
f 1642 1643 1667
f 1642 1665 1637
f 1643 1668 1667
f 1667 1668 1029
f 1029 1668 1031
f 1031 1668 985
f 985 1668 1646
f 1646 1668 1643
f 1669 1670 1671
f 1669 1671 1672
f 1044 1672 1043
f 1044 1669 1672
f 1044 1001 1669
f 1001 1652 1669
f 1652 1651 1670
f 1652 1670 1669
f 1673 1675 1674
f 1673 1676 1675
f 1046 1676 1673
f 1046 1047 1676
f 1046 1673 1005
f 1005 1673 1656
f 1656 1673 1674
f 1656 1674 1655
f 1058 1677 1057
f 1058 1059 1677
f 1059 1678 1677
f 1059 1679 1678
f 1059 1060 1679
f 1060 1061 1679
f 1680 1681 1682
f 1061 1682 1679
f 1061 1680 1682
f 1061 1062 1680
f 1062 1022 1680
f 1022 1659 1683
f 1022 1683 1680
f 1680 1683 1681
f 1659 1684 1683
f 1662 1663 1685
f 1662 1684 1659
f 1662 1685 1684
f 1663 1686 1687
f 1663 1687 1685
f 1686 1688 1687
f 1686 1689 1688
f 1025 1689 1686
f 1025 1063 1689
f 1025 1686 1666
f 1666 1686 1663
f 1063 1690 1689
f 1063 1691 1690
f 1063 1064 1691
f 1064 1065 1691
f 1065 1692 1691
f 1065 1067 1692
f 1693 1694 1695
f 1693 1695 1696
f 1078 1696 1077
f 1078 1693 1696
f 1078 1043 1693
f 1043 1672 1693
f 1672 1671 1694
f 1672 1694 1693
f 1047 1079 1697
f 1047 1698 1676
f 1047 1697 1698
f 1676 1698 1675
f 1697 1699 1698
f 1697 1700 1699
f 1697 1079 1700
f 1079 1081 1700
f 1091 1701 1092
f 1091 1093 1701
f 1702 1703 1704
f 1093 1704 1701
f 1093 1702 1704
f 1093 1094 1702
f 1094 1095 1705
f 1094 1705 1702
f 1702 1705 1706
f 1702 1706 1703
f 1705 1707 1706
f 1705 1708 1707
f 1705 1095 1708
f 1095 1096 1708
f 1096 1057 1708
f 1057 1677 1709
f 1057 1709 1708
f 1708 1709 1707
f 1677 1710 1709
f 1678 1679 1711
f 1678 1710 1677
f 1678 1711 1710
f 1679 1712 1711
f 1679 1682 1712
f 1688 1689 1713
f 1688 1713 1687
f 1689 1714 1713
f 1690 1691 1715
f 1690 1714 1689
f 1690 1715 1714
f 1691 1716 1715
f 1067 1097 1717
f 1067 1718 1692
f 1067 1717 1718
f 1692 1716 1691
f 1692 1718 1716
f 1717 1719 1718
f 1717 1720 1719
f 1717 1097 1720
f 1097 1721 1720
f 1097 1098 1721
f 1098 1099 1721
f 1099 1722 1721
f 1099 1101 1722
f 1723 1724 1725
f 1723 1725 1726
f 1111 1726 1112
f 1111 1723 1726
f 1111 1113 1727
f 1111 1727 1723
f 1723 1727 1728
f 1723 1728 1724
f 1727 1729 1728
f 1727 1730 1729
f 1727 1113 1730
f 1113 1114 1730
f 1114 1077 1730
f 1077 1696 1730
f 1696 1695 1729
f 1696 1729 1730
f 1081 1115 1731
f 1081 1732 1700
f 1081 1731 1732
f 1700 1732 1699
f 1731 1733 1732
f 1731 1734 1733
f 1731 1115 1734
f 1115 1116 1734
f 1116 1117 1735
f 1116 1735 1734
f 1734 1735 1736
f 1734 1736 1733
f 1735 1737 1736
f 1735 1738 1737
f 1735 1117 1738
f 1117 1118 1738
f 1118 1119 1739
f 1118 1739 1738
f 1738 1739 1740
f 1738 1740 1737
f 1739 1741 1740
f 1739 1742 1741
f 1739 1119 1742
f 1119 1120 1742
f 1120 1121 1743
f 1120 1743 1742
f 1742 1743 1744
f 1742 1744 1741
f 1743 1745 1744
f 1743 1746 1745
f 1743 1121 1746
f 1121 1122 1746
f 1122 1092 1746
f 1092 1701 1747
f 1092 1747 1746
f 1746 1747 1745
f 1701 1748 1747
f 1701 1704 1748
f 1720 1721 1749
f 1720 1749 1719
f 1721 1750 1749
f 1101 1123 1751
f 1101 1752 1722
f 1101 1751 1752
f 1722 1750 1721
f 1722 1752 1750
f 1751 1753 1752
f 1751 1754 1753
f 1751 1123 1754
f 1123 1124 1754
f 1124 1125 1755
f 1124 1755 1754
f 1754 1755 1756
f 1754 1756 1753
f 1755 1757 1756
f 1755 1758 1757
f 1755 1125 1758
f 1125 1126 1758
f 1126 1127 1759
f 1126 1759 1758
f 1758 1759 1760
f 1758 1760 1757
f 1759 1761 1760
f 1759 1762 1761
f 1759 1127 1762
f 1127 1128 1762
f 1128 1129 1763
f 1128 1763 1762
f 1762 1763 1764
f 1762 1764 1761
f 1763 1765 1764
f 1763 1766 1765
f 1763 1129 1766
f 1129 1130 1766
f 1130 1112 1766
f 1112 1726 1766
f 1726 1725 1765
f 1726 1765 1766
f 1767 1769 1768
f 1767 1770 1769
f 1132 1770 1767
f 1132 1133 1770
f 1132 1767 1771
f 1132 1771 1136
f 1767 1772 1771
f 1767 1768 1772
f 1771 1774 1773
f 1771 1772 1774
f 1771 1773 1136
f 1136 1773 1138
f 1138 1773 1775
f 1138 1775 1140
f 1773 1776 1775
f 1773 1774 1776
f 1775 1778 1777
f 1775 1776 1778
f 1775 1777 1140
f 1140 1777 1142
f 1142 1777 1779
f 1142 1779 1144
f 1777 1780 1779
f 1777 1778 1780
f 1779 1782 1781
f 1779 1780 1782
f 1779 1781 1144
f 1144 1781 1146
f 1146 1781 1783
f 1146 1783 1148
f 1781 1784 1783
f 1781 1782 1784
f 1783 1786 1785
f 1783 1784 1786
f 1783 1785 1148
f 1148 1785 1150
f 1150 1785 1787
f 1150 1787 1153
f 1785 1788 1787
f 1785 1786 1788
f 1787 1788 1789
f 1787 1790 1153
f 1787 1789 1790
f 1153 1790 1154
f 1791 1793 1792
f 1791 1794 1793
f 1156 1794 1791
f 1156 1157 1794
f 1156 1791 1795
f 1156 1795 1161
f 1791 1796 1795
f 1791 1792 1796
f 1795 1798 1797
f 1795 1796 1798
f 1795 1797 1161
f 1161 1797 1163
f 1163 1797 1799
f 1163 1799 1166
f 1797 1800 1799
f 1797 1798 1800
f 1799 1802 1801
f 1799 1800 1802
f 1799 1801 1166
f 1166 1801 1168
f 1168 1801 1803
f 1168 1803 1170
f 1801 1804 1803
f 1801 1802 1804
f 1803 1806 1805
f 1803 1804 1806
f 1803 1805 1170
f 1170 1805 1172
f 1172 1805 1807
f 1172 1807 1174
f 1805 1808 1807
f 1805 1806 1808
f 1807 1810 1809
f 1807 1808 1810
f 1807 1809 1174
f 1174 1809 1176
f 1176 1809 1811
f 1176 1811 1178
f 1809 1812 1811
f 1809 1810 1812
f 1811 1812 1813
f 1811 1814 1178
f 1811 1813 1814
f 1178 1814 1179
f 1815 1817 1816
f 1815 1818 1817
f 1182 1818 1815
f 1182 1183 1818
f 1182 1815 1819
f 1182 1819 1186
f 1815 1820 1819
f 1815 1816 1820
f 1819 1822 1821
f 1819 1820 1822
f 1819 1821 1186
f 1186 1821 1188
f 1188 1821 1133
f 1133 1821 1770
f 1770 1821 1822
f 1770 1822 1769
f 1154 1823 1192
f 1154 1824 1823
f 1154 1790 1824
f 1790 1789 1824
f 1823 1826 1825
f 1823 1824 1826
f 1823 1825 1192
f 1192 1825 1194
f 1194 1825 1827
f 1194 1827 1197
f 1825 1828 1827
f 1825 1826 1828
f 1827 1828 1829
f 1827 1830 1197
f 1827 1829 1830
f 1197 1831 1199
f 1197 1830 1831
f 1199 1831 1203
f 1203 1831 1832
f 1203 1832 1204
f 1206 1207 1833
f 1206 1833 1211
f 1834 1836 1835
f 1211 1836 1834
f 1211 1833 1836
f 1211 1834 1213
f 1213 1834 1837
f 1213 1837 1217
f 1834 1838 1837
f 1834 1835 1838
f 1837 1840 1839
f 1837 1838 1840
f 1837 1839 1217
f 1217 1839 1219
f 1219 1839 1841
f 1219 1841 1222
f 1839 1842 1841
f 1839 1840 1842
f 1841 1844 1843
f 1841 1842 1844
f 1841 1843 1222
f 1222 1843 1224
f 1224 1843 1157
f 1157 1843 1794
f 1794 1843 1844
f 1794 1844 1793
f 1179 1845 1228
f 1179 1846 1845
f 1179 1814 1846
f 1814 1813 1846
f 1845 1846 1847
f 1845 1848 1228
f 1845 1847 1848
f 1228 1848 1229
f 1849 1851 1850
f 1849 1852 1851
f 1232 1852 1849
f 1232 1233 1852
f 1232 1849 1183
f 1183 1849 1818
f 1818 1849 1850
f 1818 1850 1817
f 1830 1853 1831
f 1830 1829 1853
f 1831 1853 1854
f 1204 1855 1241
f 1204 1856 1855
f 1204 1832 1856
f 1832 1854 1856
f 1832 1831 1854
f 1855 1858 1857
f 1855 1856 1858
f 1855 1857 1241
f 1241 1857 1243
f 1243 1857 1859
f 1243 1859 1247
f 1857 1860 1859
f 1857 1858 1860
f 1859 1862 1861
f 1859 1860 1862
f 1859 1861 1247
f 1247 1861 1249
f 1249 1861 1207
f 1207 1861 1863
f 1207 1863 1833
f 1861 1862 1863
f 1833 1863 1864
f 1833 1864 1836
f 1865 1866 1867
f 1865 1867 1868
f 1256 1868 1257
f 1256 1865 1868
f 1256 1229 1865
f 1229 1848 1865
f 1848 1847 1866
f 1848 1866 1865
f 1869 1871 1870
f 1869 1872 1871
f 1260 1872 1869
f 1260 1261 1872
f 1260 1869 1233
f 1233 1869 1852
f 1852 1869 1870
f 1852 1870 1851
f 1873 1874 1875
f 1873 1875 1876
f 1276 1876 1277
f 1276 1873 1876
f 1276 1257 1873
f 1257 1868 1873
f 1868 1867 1874
f 1868 1874 1873
f 1877 1879 1878
f 1877 1880 1879
f 1280 1880 1877
f 1280 1281 1880
f 1280 1877 1261
f 1261 1877 1872
f 1872 1877 1878
f 1872 1878 1871
f 1881 1882 1883
f 1881 1883 1884
f 1288 1884 1287
f 1288 1881 1884
f 1288 1289 1885
f 1288 1885 1881
f 1881 1885 1886
f 1881 1886 1882
f 1885 1887 1886
f 1885 1888 1887
f 1885 1289 1888
f 1289 1290 1888
f 1290 1291 1889
f 1290 1889 1888
f 1888 1889 1890
f 1888 1890 1887
f 1889 1891 1890
f 1889 1892 1891
f 1889 1291 1892
f 1291 1293 1892
f 1893 1894 1895
f 1893 1895 1896
f 1302 1896 1303
f 1302 1893 1896
f 1302 1277 1893
f 1277 1876 1893
f 1876 1875 1894
f 1876 1894 1893
f 1897 1899 1898
f 1897 1900 1899
f 1306 1900 1897
f 1306 1307 1900
f 1306 1897 1281
f 1281 1897 1880
f 1880 1897 1898
f 1880 1898 1879
f 1901 1902 1903
f 1901 1903 1904
f 1313 1904 1314
f 1313 1901 1904
f 1313 1315 1905
f 1313 1905 1901
f 1901 1905 1906
f 1901 1906 1902
f 1905 1907 1906
f 1905 1908 1907
f 1905 1315 1908
f 1315 1316 1908
f 1316 1317 1909
f 1316 1909 1908
f 1908 1909 1910
f 1908 1910 1907
f 1909 1911 1910
f 1909 1912 1911
f 1909 1317 1912
f 1317 1318 1912
f 1318 1287 1912
f 1287 1884 1912
f 1884 1883 1911
f 1884 1911 1912
f 1293 1319 1913
f 1293 1914 1892
f 1293 1913 1914
f 1892 1914 1891
f 1913 1915 1914
f 1913 1916 1915
f 1913 1319 1916
f 1319 1320 1916
f 1320 1321 1917
f 1320 1917 1916
f 1916 1917 1918
f 1916 1918 1915
f 1917 1919 1918
f 1917 1920 1919
f 1917 1321 1920
f 1321 1323 1920
f 1921 1922 1923
f 1921 1923 1924
f 1329 1924 1330
f 1329 1921 1924
f 1329 1303 1921
f 1303 1896 1921
f 1896 1895 1922
f 1896 1922 1921
f 1307 1331 1925
f 1307 1926 1900
f 1307 1925 1926
f 1900 1926 1899
f 1925 1927 1926
f 1925 1928 1927
f 1925 1331 1928
f 1331 1333 1928
f 1929 1930 1931
f 1929 1931 1932
f 1337 1932 1338
f 1337 1929 1932
f 1337 1339 1933
f 1337 1933 1929
f 1929 1933 1934
f 1929 1934 1930
f 1933 1935 1934
f 1933 1936 1935
f 1933 1339 1936
f 1339 1340 1936
f 1340 1314 1936
f 1314 1904 1936
f 1904 1903 1935
f 1904 1935 1936
f 1323 1341 1937
f 1323 1938 1920
f 1323 1937 1938
f 1920 1938 1919
f 1937 1939 1938
f 1937 1940 1939
f 1937 1341 1940
f 1341 1343 1940
f 1941 1942 1943
f 1941 1943 1944
f 1348 1944 1349
f 1348 1941 1944
f 1348 1351 1945
f 1348 1945 1941
f 1941 1945 1946
f 1941 1946 1942
f 1945 1947 1946
f 1945 1948 1947
f 1945 1351 1948
f 1351 1352 1948
f 1352 1330 1948
f 1330 1924 1948
f 1924 1923 1947
f 1924 1947 1948
f 1949 1951 1950
f 1949 1952 1951
f 1354 1952 1949
f 1354 1355 1952
f 1354 1949 1333
f 1333 1949 1928
f 1928 1949 1950
f 1928 1950 1927
f 1953 1954 1955
f 1953 1955 1956
f 1361 1956 1362
f 1361 1953 1956
f 1361 1363 1957
f 1361 1957 1953
f 1953 1957 1958
f 1953 1958 1954
f 1957 1959 1958
f 1957 1960 1959
f 1957 1363 1960
f 1363 1364 1960
f 1364 1338 1960
f 1338 1932 1960
f 1932 1931 1959
f 1932 1959 1960
f 1343 1365 1961
f 1343 1962 1940
f 1343 1961 1962
f 1940 1962 1939
f 1961 1963 1962
f 1961 1964 1963
f 1961 1365 1964
f 1365 1367 1964
f 1965 1966 1967
f 1965 1967 1968
f 1373 1968 1374
f 1373 1965 1968
f 1373 1349 1965
f 1349 1944 1965
f 1944 1943 1966
f 1944 1966 1965
f 1376 1377 1969
f 1376 1970 1355
f 1376 1969 1970
f 1355 1971 1952
f 1355 1970 1971
f 1952 1971 1951
f 1970 1972 1971
f 1970 1969 1972
f 1973 1974 1975
f 1973 1975 1976
f 1388 1976 1387
f 1388 1973 1976
f 1388 1362 1973
f 1362 1956 1973
f 1956 1955 1974
f 1956 1974 1973
f 1977 1979 1978
f 1977 1980 1979
f 1390 1980 1977
f 1390 1391 1980
f 1390 1977 1367
f 1367 1977 1964
f 1964 1977 1978
f 1964 1978 1963
f 1981 1982 1983
f 1981 1983 1984
f 1981 1984 1985
f 1981 1985 1986
f 1981 1986 1987
f 1981 1987 1982
f 1986 1988 1987
f 1986 1989 1988
f 1986 1985 1990
f 1986 1990 1989
f 1402 1990 1401
f 1402 1989 1990
f 1402 1374 1989
f 1374 1968 1989
f 1968 1967 1988
f 1968 1988 1989
f 1377 1403 1991
f 1377 1991 1969
f 1969 1993 1992
f 1969 1991 1993
f 1991 1994 1993
f 1991 1403 1994
f 1403 1405 1994
f 1969 1992 1972
f 1995 1996 1997
f 1995 1997 1998
f 1412 1998 1411
f 1412 1995 1998
f 1412 1413 1999
f 1412 1999 1995
f 1995 1999 2000
f 1995 2000 1996
f 1999 2001 2000
f 1999 2002 2001
f 1999 1413 2002
f 1413 1414 2002
f 1414 1387 2002
f 1387 1976 2002
f 1976 1975 2001
f 1976 2001 2002
f 1391 1415 2003
f 1391 2004 1980
f 1391 2003 2004
f 1980 2004 1979
f 2003 2005 2004
f 2003 2006 2005
f 2003 1415 2006
f 1415 1417 2006
f 2007 2008 2009
f 2007 2009 2010
f 1425 2010 1426
f 1425 2007 2010
f 1425 1427 2011
f 1425 2011 2007
f 1984 2011 1985
f 1984 2007 2011
f 1984 1983 2008
f 1984 2008 2007
f 1985 2011 2012
f 2011 1427 2012
f 1427 1428 2012
f 1428 1401 2012
f 1401 1990 2012
f 1990 1985 2012
f 2013 2015 2014
f 2013 2016 2015
f 1430 2016 2013
f 1430 1431 2016
f 1430 2013 1405
f 1405 2013 1994
f 1994 2013 2014
f 1994 2014 1993
f 2017 2018 2019
f 2017 2019 2020
f 1440 2020 1439
f 1440 2017 2020
f 1440 1411 2017
f 1411 1998 2017
f 1998 1997 2018
f 1998 2018 2017
f 2021 2023 2022
f 2021 2024 2023
f 1442 2024 2021
f 1442 1443 2024
f 1442 2021 1417
f 1417 2021 2006
f 2006 2021 2022
f 2006 2022 2005
f 2025 2026 2027
f 2025 2027 2028
f 1452 2028 1451
f 1452 2025 2028
f 1452 1426 2025
f 1426 2010 2025
f 2010 2009 2026
f 2010 2026 2025
f 1454 1455 2029
f 1454 2029 1459
f 2030 2032 2031
f 1459 2032 2030
f 1459 2029 2032
f 1459 2030 1461
f 1461 2030 1431
f 1431 2030 2016
f 2016 2030 2031
f 2016 2031 2015
f 1439 2033 1471
f 1439 2034 2033
f 1439 2020 2034
f 2020 2019 2034
f 2033 2034 2035
f 2033 2036 1471
f 2033 2035 2036
f 1471 2036 1472
f 2037 2039 2038
f 2037 2040 2039
f 1474 2040 2037
f 1474 1475 2040
f 1474 2037 2041
f 1474 2041 1479
f 2037 2042 2041
f 2037 2038 2042
f 2041 2044 2043
f 2041 2042 2044
f 2041 2043 1479
f 1479 2043 1481
f 1481 2043 1443
f 1443 2043 2024
f 2024 2043 2044
f 2024 2044 2023
f 2045 2046 2047
f 2045 2047 2048
f 2045 2048 2049
f 1451 2049 1491
f 1451 2045 2049
f 1451 2028 2045
f 2028 2027 2046
f 2028 2046 2045
f 1491 2049 2050
f 1491 2050 1492
f 2051 2053 2052
f 2051 2054 2053
f 1494 2054 2051
f 1494 1495 2054
f 1494 2051 1455
f 1455 2051 2055
f 1455 2055 2029
f 2051 2052 2055
f 2029 2055 2056
f 2029 2056 2032
f 2057 2058 2059
f 2057 2059 2060
f 1506 2060 1505
f 1506 2057 2060
f 1506 1472 2057
f 1472 2036 2057
f 2036 2035 2058
f 2036 2058 2057
f 2061 2063 2062
f 2061 2064 2063
f 1508 2064 2061
f 1508 1509 2064
f 1508 2061 1475
f 1475 2061 2040
f 2040 2061 2062
f 2040 2062 2039
f 2048 2065 2049
f 2048 2047 2065
f 2049 2065 2066
f 2049 2066 2067
f 2067 2066 2068
f 1520 2068 1519
f 1520 2067 2068
f 1520 1492 2067
f 1492 2050 2067
f 2050 2049 2067
f 2069 2071 2070
f 2069 2072 2071
f 1522 2072 2069
f 1522 1523 2072
f 1522 2069 1495
f 1495 2069 2054
f 2054 2069 2070
f 2054 2070 2053
f 1505 2073 1531
f 1505 2074 2073
f 1505 2060 2074
f 2060 2059 2074
f 2073 2074 2075
f 2073 2076 1531
f 2073 2075 2076
f 1531 2076 1532
f 2077 2079 2078
f 2077 2080 2079
f 1534 2080 2077
f 1534 1535 2080
f 1534 2077 2081
f 1534 2081 1539
f 2077 2082 2081
f 2077 2078 2082
f 2081 2084 2083
f 2081 2082 2084
f 2081 2083 1539
f 1539 2083 1541
f 1541 2083 1509
f 1509 2083 2064
f 2064 2083 2084
f 2064 2084 2063
f 2085 2086 2087
f 2085 2087 2088
f 1547 2088 1546
f 1547 2085 2088
f 1547 1519 2085
f 1519 2068 2085
f 2068 2066 2086
f 2068 2086 2085
f 2089 2091 2090
f 2089 2092 2091
f 1550 2092 2089
f 1550 1551 2092
f 1550 2089 2093
f 1550 2093 1555
f 2089 2094 2093
f 2089 2090 2094
f 2093 2096 2095
f 2093 2094 2096
f 2093 2095 1555
f 1555 2095 1557
f 1557 2095 1523
f 1523 2095 2072
f 2072 2095 2096
f 2072 2096 2071
f 1532 2097 1563
f 1532 2098 2097
f 1532 2076 2098
f 2076 2075 2098
f 2097 2098 2099
f 2097 2100 1563
f 2097 2099 2100
f 1563 2100 1564
f 2101 2103 2102
f 2101 2104 2103
f 1566 2104 2101
f 1566 1567 2104
f 1566 2101 2105
f 1566 2105 1571
f 2101 2106 2105
f 2101 2102 2106
f 2105 2108 2107
f 2105 2106 2108
f 2105 2107 1571
f 1571 2107 1573
f 1573 2107 1535
f 1535 2107 2080
f 2080 2107 2108
f 2080 2108 2079
f 1546 2109 1579
f 1546 2110 2109
f 1546 2088 2110
f 2088 2087 2110
f 2109 2110 2111
f 2109 2112 1579
f 2109 2111 2112
f 1579 2112 1580
f 2113 2115 2114
f 2113 2116 2115
f 1582 2116 2113
f 1582 1583 2116
f 1582 2113 1551
f 1551 2113 2092
f 2092 2113 2114
f 2092 2114 2091
f 1564 2117 1591
f 1564 2118 2117
f 1564 2100 2118
f 2100 2099 2118
f 2117 2120 2119
f 2117 2118 2120
f 2117 2119 1591
f 1591 2119 1593
f 1593 2119 2121
f 1593 2121 1597
f 2119 2122 2121
f 2119 2120 2122
f 2121 2122 2123
f 2121 2124 1597
f 2121 2123 2124
f 1597 2124 1598
f 2125 2127 2126
f 2125 2128 2127
f 1600 2128 2125
f 1600 1601 2128
f 1600 2125 2129
f 1600 2129 1605
f 2125 2130 2129
f 2125 2126 2130
f 2129 2132 2131
f 2129 2130 2132
f 2129 2131 1605
f 1605 2131 1607
f 1607 2131 2133
f 1607 2133 1611
f 2131 2134 2133
f 2131 2132 2134
f 2133 2136 2135
f 2133 2134 2136
f 2133 2135 1611
f 1611 2135 1613
f 1613 2135 1567
f 1567 2135 2104
f 2104 2135 2136
f 2104 2136 2103
f 2137 2138 2139
f 2137 2139 2140
f 1619 2140 1618
f 1619 2137 2140
f 1619 1580 2137
f 1580 2112 2137
f 2112 2111 2138
f 2112 2138 2137
f 2141 2143 2142
f 2141 2144 2143
f 1622 2144 2141
f 1622 1623 2144
f 1622 2141 1583
f 1583 2141 2116
f 2116 2141 2142
f 2116 2142 2115
f 1598 2145 1633
f 1598 2146 2145
f 1598 2124 2146
f 2124 2123 2146
f 2145 2148 2147
f 2145 2146 2148
f 2145 2147 1633
f 1633 2147 1635
f 1635 2147 2149
f 1635 2149 1639
f 2147 2150 2149
f 2147 2148 2150
f 2149 2152 2151
f 2149 2150 2152
f 2149 2151 1639
f 1639 2151 1641
f 1641 2151 1601
f 1601 2151 2128
f 2128 2151 2152
f 2128 2152 2127
f 2153 2154 2155
f 2153 2155 2156
f 1650 2156 1651
f 1650 2153 2156
f 1650 1618 2153
f 1618 2140 2153
f 2140 2139 2154
f 2140 2154 2153
f 2157 2159 2158
f 2157 2160 2159
f 1654 2160 2157
f 1654 1655 2160
f 1654 2157 1623
f 1623 2157 2144
f 2144 2157 2158
f 2144 2158 2143
f 2161 2162 2163
f 2161 2163 2164
f 1670 2164 1671
f 1670 2161 2164
f 1670 1651 2161
f 1651 2156 2161
f 2156 2155 2162
f 2156 2162 2161
f 2165 2167 2166
f 2165 2168 2167
f 1674 2168 2165
f 1674 1675 2168
f 1674 2165 1655
f 1655 2165 2160
f 2160 2165 2166
f 2160 2166 2159
f 2169 2170 2171
f 2169 2171 2172
f 2169 2172 2173
f 2169 2173 2174
f 2169 2174 2175
f 2169 2175 2170
f 2174 2176 2175
f 2174 2177 2176
f 2174 2173 2178
f 2174 2178 2177
f 1681 2178 1682
f 1681 2177 2178
f 1681 1683 2179
f 1681 2179 2177
f 2177 2179 2180
f 2177 2180 2176
f 2179 2181 2180
f 2179 2182 2181
f 2179 1683 2182
f 1683 1684 2182
f 1684 1685 2183
f 1684 2183 2182
f 2182 2183 2184
f 2182 2184 2181
f 2183 2185 2184
f 2183 2186 2185
f 2183 1685 2186
f 1685 1687 2187
f 1685 2187 2186
f 2186 2187 2188
f 2186 2188 2189
f 2186 2189 2185
f 2188 2190 2189
f 2188 2187 2190
f 2191 2192 2193
f 2191 2193 2194
f 1694 2194 1695
f 1694 2191 2194
f 1694 1671 2191
f 1671 2164 2191
f 2164 2163 2192
f 2164 2192 2191
f 1675 1698 2195
f 1675 2196 2168
f 1675 2195 2196
f 2168 2196 2167
f 2195 2197 2196
f 2195 2198 2197
f 2195 1698 2198
f 1698 1699 2198
f 2199 2200 2201
f 2199 2201 2202
f 1703 2202 1704
f 1703 2199 2202
f 1703 1706 2203
f 1703 2203 2199
f 2199 2203 2204
f 2199 2204 2200
f 2203 2205 2204
f 2203 2206 2205
f 2203 1706 2206
f 1706 1707 2206
f 1707 1709 2207
f 1707 2207 2206
f 2206 2207 2208
f 2206 2208 2205
f 2207 2209 2208
f 2207 2210 2209
f 2207 1709 2210
f 1709 1710 2210
f 1710 1711 2211
f 1710 2211 2210
f 2172 2211 2173
f 2172 2210 2211
f 2172 2171 2209
f 2172 2209 2210
f 2173 2211 2212
f 2211 1711 2212
f 1711 1712 2212
f 1712 1682 2212
f 1682 2178 2212
f 2178 2173 2212
f 1687 1713 2213
f 1687 2213 2187
f 2187 2213 2214
f 2213 1713 2214
f 1713 1714 2214
f 1714 1715 2215
f 1714 2215 2214
f 2214 2215 2216
f 2187 2216 2190
f 2187 2214 2216
f 2215 2217 2216
f 2215 2218 2217
f 2215 1715 2218
f 1715 1716 2218
f 1716 1718 2219
f 1716 2219 2218
f 2218 2219 2220
f 2218 2220 2217
f 2219 2221 2220
f 2219 2222 2221
f 2219 1718 2222
f 1718 1719 2222
f 2223 2224 2225
f 2223 2225 2226
f 1724 2226 1725
f 1724 2223 2226
f 1724 1728 2227
f 1724 2227 2223
f 2223 2227 2228
f 2223 2228 2224
f 2227 2229 2228
f 2227 2230 2229
f 2227 1728 2230
f 1728 1729 2230
f 1729 1695 2230
f 1695 2194 2230
f 2194 2193 2229
f 2194 2229 2230
f 1699 1732 2231
f 1699 2232 2198
f 1699 2231 2232
f 2198 2232 2197
f 2231 2233 2232
f 2231 2234 2233
f 2231 1732 2234
f 1732 1733 2234
f 1733 1736 2235
f 1733 2235 2234
f 2234 2235 2236
f 2234 2236 2233
f 2235 2237 2236
f 2235 2238 2237
f 2235 1736 2238
f 1736 1737 2238
f 1737 1740 2239
f 1737 2239 2238
f 2238 2239 2240
f 2238 2240 2237
f 2239 2241 2240
f 2239 2242 2241
f 2239 1740 2242
f 1740 1741 2242
f 1741 1744 2243
f 1741 2243 2242
f 2242 2243 2244
f 2242 2244 2241
f 2243 2245 2244
f 2243 2246 2245
f 2243 1744 2246
f 1744 1745 2246
f 1745 1747 2247
f 1745 2247 2246
f 2246 2247 2248
f 2246 2248 2245
f 2247 2249 2248
f 2247 2250 2249
f 2247 1747 2250
f 1747 1748 2250
f 1748 1704 2250
f 1704 2202 2250
f 2202 2201 2249
f 2202 2249 2250
f 1719 1749 2251
f 1719 2252 2222
f 1719 2251 2252
f 2222 2252 2221
f 2251 2253 2252
f 2251 2254 2253
f 2251 1749 2254
f 1749 1750 2254
f 1750 1752 2255
f 1750 2255 2254
f 2254 2255 2256
f 2254 2256 2253
f 2255 2257 2256
f 2255 2258 2257
f 2255 1752 2258
f 1752 1753 2258
f 1753 1756 2259
f 1753 2259 2258
f 2258 2259 2260
f 2258 2260 2257
f 2259 2261 2260
f 2259 2262 2261
f 2259 1756 2262
f 1756 1757 2262
f 1757 1760 2263
f 1757 2263 2262
f 2262 2263 2264
f 2262 2264 2261
f 2263 2265 2264
f 2263 2266 2265
f 2263 1760 2266
f 1760 1761 2266
f 1761 1764 2267
f 1761 2267 2266
f 2266 2267 2268
f 2266 2268 2265
f 2267 2269 2268
f 2267 2270 2269
f 2267 1764 2270
f 1764 1765 2270
f 1765 1725 2270
f 1725 2226 2270
f 2226 2225 2269
f 2226 2269 2270
f 2271 2273 2272
f 2271 2274 2273
f 1768 2274 2271
f 1768 1769 2274
f 1768 2271 2275
f 1768 2275 1772
f 2271 2276 2275
f 2271 2272 2276
f 2275 2278 2277
f 2275 2276 2278
f 2275 2277 1772
f 1772 2277 1774
f 1774 2277 2279
f 1774 2279 1776
f 2277 2280 2279
f 2277 2278 2280
f 2279 2282 2281
f 2279 2280 2282
f 2279 2281 1776
f 1776 2281 1778
f 1778 2281 2283
f 1778 2283 1780
f 2281 2284 2283
f 2281 2282 2284
f 2283 2286 2285
f 2283 2284 2286
f 2283 2285 1780
f 1780 2285 1782
f 1782 2285 2287
f 1782 2287 1784
f 2285 2288 2287
f 2285 2286 2288
f 2287 2288 2289
f 2287 2290 1784
f 2287 2289 2290
f 1784 2291 1786
f 1784 2290 2291
f 1786 2291 1788
f 1788 2291 2292
f 1788 2292 1789
f 1792 1793 2293
f 1792 2293 1796
f 2294 2296 2295
f 1796 2296 2294
f 1796 2293 2296
f 1796 2294 1798
f 1798 2294 2297
f 1798 2297 1800
f 2294 2298 2297
f 2294 2295 2298
f 2297 2300 2299
f 2297 2298 2300
f 2297 2299 1800
f 1800 2299 1802
f 1802 2299 2301
f 1802 2301 1804
f 2299 2302 2301
f 2299 2300 2302
f 2301 2304 2303
f 2301 2302 2304
f 2301 2303 1804
f 1804 2303 1806
f 1806 2303 2305
f 1806 2305 1808
f 2303 2306 2305
f 2303 2304 2306
f 2305 2308 2307
f 2305 2306 2308
f 2305 2307 1808
f 1808 2307 1810
f 1810 2307 2309
f 1810 2309 1812
f 2307 2310 2309
f 2307 2308 2310
f 2309 2310 2311
f 2309 2312 1812
f 2309 2311 2312
f 1812 2312 1813
f 2313 2315 2314
f 2313 2316 2315
f 1816 2316 2313
f 1816 1817 2316
f 1816 2313 2317
f 1816 2317 1820
f 2313 2318 2317
f 2313 2314 2318
f 2317 2320 2319
f 2317 2318 2320
f 2317 2319 1820
f 1820 2319 1822
f 1822 2319 1769
f 1769 2319 2274
f 2274 2319 2320
f 2274 2320 2273
f 2290 2321 2291
f 2290 2289 2321
f 2291 2321 2322
f 1789 2323 1824
f 1789 2324 2323
f 1789 2292 2324
f 2292 2322 2324
f 2292 2291 2322
f 2323 2324 2325
f 2323 2326 1824
f 2323 2325 2326
f 1824 2327 1826
f 1824 2326 2327
f 1826 2327 1828
f 1828 2327 2328
f 1828 2328 1829
f 1835 1836 2329
f 1835 2329 1838
f 2330 2332 2331
f 1838 2332 2330
f 1838 2329 2332
f 1838 2330 1840
f 1840 2330 2333
f 1840 2333 1842
f 2330 2334 2333
f 2330 2331 2334
f 2333 2336 2335
f 2333 2334 2336
f 2333 2335 1842
f 1842 2335 1844
f 1844 2335 1793
f 1793 2335 2337
f 1793 2337 2293
f 2335 2336 2337
f 2293 2337 2338
f 2293 2338 2296
f 1813 2339 1846
f 1813 2340 2339
f 1813 2312 2340
f 2312 2311 2340
f 2339 2340 2341
f 2339 2342 1846
f 2339 2341 2342
f 1846 2342 1847
f 2343 2345 2344
f 2343 2346 2345
f 1850 2346 2343
f 1850 1851 2346
f 1850 2343 1817
f 1817 2343 2316
f 2316 2343 2344
f 2316 2344 2315
f 2326 2347 2327
f 2326 2325 2347
f 2327 2347 2348
f 1829 2349 1853
f 1829 2350 2349
f 1829 2328 2350
f 2328 2348 2350
f 2328 2327 2348
f 2349 2350 2351
f 2349 2352 1853
f 2349 2351 2352
f 1853 2353 1854
f 1853 2352 2353
f 1854 2353 1856
f 1856 2353 2354
f 1856 2355 1858
f 1856 2354 2355
f 1858 2355 1860
f 2356 2358 2357
f 1860 2358 2356
f 1860 2355 2358
f 1860 2356 1862
f 1862 2356 2359
f 1862 2359 1863
f 2356 2360 2359
f 2356 2357 2360
f 2359 2362 2361
f 2359 2360 2362
f 2359 2361 1863
f 1863 2361 1864
f 1864 2361 1836
f 1836 2361 2363
f 1836 2363 2329
f 2361 2362 2363
f 2329 2363 2364
f 2329 2364 2332
f 2365 2366 2367
f 2365 2367 2368
f 1866 2368 1867
f 1866 2365 2368
f 1866 1847 2365
f 1847 2342 2365
f 2342 2341 2366
f 2342 2366 2365
f 2369 2371 2370
f 2369 2372 2371
f 1870 2372 2369
f 1870 1871 2372
f 1870 2369 1851
f 1851 2369 2346
f 2346 2369 2370
f 2346 2370 2345
f 2373 2374 2375
f 2373 2375 2376
f 2373 2376 2377
f 2373 2377 2378
f 2352 2378 2353
f 2352 2373 2378
f 2352 2351 2374
f 2352 2374 2373
f 2353 2378 2379
f 2378 2377 2380
f 2378 2380 2379
f 2379 2380 2381
f 2379 2381 2382
f 2354 2382 2355
f 2354 2379 2382
f 2354 2353 2379
f 2355 2384 2383
f 2355 2382 2384
f 2382 2381 2384
f 2355 2383 2358
f 2385 2386 2387
f 2385 2387 2388
f 1874 2388 1875
f 1874 2385 2388
f 1874 1867 2385
f 1867 2368 2385
f 2368 2367 2386
f 2368 2386 2385
f 2389 2391 2390
f 2389 2392 2391
f 1878 2392 2389
f 1878 1879 2392
f 1878 2389 1871
f 1871 2389 2372
f 2372 2389 2390
f 2372 2390 2371
f 2393 2394 2395
f 2393 2395 2396
f 2393 2396 2397
f 2393 2397 2398
f 2393 2398 2399
f 2393 2399 2394
f 2398 2400 2399
f 2398 2401 2400
f 2398 2397 2402
f 2398 2402 2401
f 1882 2402 1883
f 1882 2401 2402
f 1882 1886 2403
f 1882 2403 2401
f 2376 2403 2377
f 2376 2401 2403
f 2376 2375 2400
f 2376 2400 2401
f 2377 2403 2404
f 2403 1886 2404
f 1886 1887 2404
f 1887 1890 2405
f 1887 2405 2404
f 2380 2405 2381
f 2380 2404 2405
f 2380 2377 2404
f 2381 2405 2406
f 2405 1890 2406
f 1890 1891 2407
f 1890 2407 2406
f 2406 2407 2408
f 2406 2408 2409
f 2381 2409 2384
f 2381 2406 2409
f 2408 2410 2409
f 2408 2407 2410
f 2411 2412 2413
f 2411 2413 2414
f 1894 2414 1895
f 1894 2411 2414
f 1894 1875 2411
f 1875 2388 2411
f 2388 2387 2412
f 2388 2412 2411
f 1898 1899 2415
f 1898 2416 1879
f 1898 2415 2416
f 1879 2417 2392
f 1879 2416 2417
f 2392 2417 2391
f 2416 2418 2417
f 2416 2415 2418
f 2419 2420 2421
f 2419 2421 2422
f 1902 2422 1903
f 1902 2419 2422
f 1902 1906 2423
f 1902 2423 2419
f 2419 2423 2424
f 2419 2424 2420
f 2423 2425 2424
f 2423 2426 2425
f 2423 1906 2426
f 1906 1907 2426
f 1907 1910 2427
f 1907 2427 2426
f 2396 2427 2397
f 2396 2426 2427
f 2396 2395 2425
f 2396 2425 2426
f 2397 2427 2428
f 2427 1910 2428
f 1910 1911 2428
f 1911 1883 2428
f 1883 2402 2428
f 2402 2397 2428
f 1891 1914 2429
f 1891 2429 2407
f 2407 2429 2430
f 2429 1914 2430
f 1914 1915 2430
f 1915 1918 2431
f 1915 2431 2430
f 2430 2431 2432
f 2407 2432 2410
f 2407 2430 2432
f 2431 2433 2432
f 2431 2434 2433
f 2431 1918 2434
f 1918 1919 2434
f 2435 2436 2437
f 2435 2437 2438
f 2435 2438 2439
f 2435 2439 2440
f 2435 2440 2441
f 2435 2441 2436
f 2440 2442 2441
f 2440 2443 2442
f 2440 2439 2444
f 2440 2444 2443
f 1922 2444 1923
f 1922 2443 2444
f 1922 1895 2443
f 1895 2414 2443
f 2414 2413 2442
f 2414 2442 2443
f 1899 1926 2445
f 1899 2445 2415
f 2415 2447 2446
f 2415 2445 2447
f 2445 2448 2447
f 2445 1926 2448
f 1926 1927 2448
f 2415 2446 2418
f 2449 2450 2451
f 2449 2451 2452
f 1930 2452 1931
f 1930 2449 2452
f 1930 1934 2453
f 1930 2453 2449
f 2449 2453 2454
f 2449 2454 2450
f 2453 2455 2454
f 2453 2456 2455
f 2453 1934 2456
f 1934 1935 2456
f 1935 1903 2456
f 1903 2422 2456
f 2422 2421 2455
f 2422 2455 2456
f 1919 1938 2457
f 1919 2458 2434
f 1919 2457 2458
f 2434 2458 2433
f 2457 2459 2458
f 2457 2460 2459
f 2457 1938 2460
f 1938 1939 2460
f 2461 2462 2463
f 2461 2463 2464
f 1942 2464 1943
f 1942 2461 2464
f 1942 1946 2465
f 1942 2465 2461
f 2438 2465 2439
f 2438 2461 2465
f 2438 2437 2462
f 2438 2462 2461
f 2439 2465 2466
f 2465 1946 2466
f 1946 1947 2466
f 1947 1923 2466
f 1923 2444 2466
f 2444 2439 2466
f 1950 1951 2467
f 1950 2468 1927
f 1950 2467 2468
f 1927 2469 2448
f 1927 2468 2469
f 2448 2469 2447
f 2468 2470 2469
f 2468 2467 2470
f 2471 2472 2473
f 2471 2473 2474
f 1954 2474 1955
f 1954 2471 2474
f 1954 1958 2475
f 1954 2475 2471
f 2471 2475 2476
f 2471 2476 2472
f 2475 2477 2476
f 2475 2478 2477
f 2475 1958 2478
f 1958 1959 2478
f 1959 1931 2478
f 1931 2452 2478
f 2452 2451 2477
f 2452 2477 2478
f 1939 1962 2479
f 1939 2480 2460
f 1939 2479 2480
f 2460 2480 2459
f 2479 2481 2480
f 2479 2482 2481
f 2479 1962 2482
f 1962 1963 2482
f 2483 2484 2485
f 2483 2485 2486
f 2483 2486 2487
f 2483 2487 2488
f 2483 2488 2489
f 2483 2489 2484
f 2488 2490 2489
f 2488 2491 2490
f 2488 2487 2492
f 2488 2492 2491
f 1966 2492 1967
f 1966 2491 2492
f 1966 1943 2491
f 1943 2464 2491
f 2464 2463 2490
f 2464 2490 2491
f 1951 1971 2493
f 1951 2493 2467
f 2467 2495 2494
f 2467 2493 2495
f 2493 2496 2495
f 2493 1971 2496
f 1971 1972 2496
f 2467 2494 2470
f 2497 2498 2499
f 2497 2499 2500
f 2497 2500 2501
f 2497 2501 2502
f 2497 2502 2503
f 2497 2503 2498
f 2502 2504 2503
f 2502 2505 2504
f 2502 2501 2506
f 2502 2506 2505
f 1974 2506 1975
f 1974 2505 2506
f 1974 1955 2505
f 1955 2474 2505
f 2474 2473 2504
f 2474 2504 2505
f 1978 1979 2507
f 1978 2508 1963
f 1978 2507 2508
f 1963 2509 2482
f 1963 2508 2509
f 2482 2509 2481
f 2508 2510 2509
f 2508 2507 2510
f 2511 2512 2513
f 2511 2513 2514
f 1982 2514 1983
f 1982 2511 2514
f 1982 1987 2515
f 1982 2515 2511
f 2486 2515 2487
f 2486 2511 2515
f 2486 2485 2512
f 2486 2512 2511
f 2487 2515 2516
f 2515 1987 2516
f 1987 1988 2516
f 1988 1967 2516
f 1967 2492 2516
f 2492 2487 2516
f 1992 1993 2517
f 1992 2518 1972
f 1992 2517 2518
f 1972 2519 2496
f 1972 2518 2519
f 2496 2519 2495
f 2518 2520 2519
f 2518 2521 2520
f 2518 2517 2522
f 2518 2522 2521
f 2521 2522 2523
f 2521 2523 2524
f 2521 2524 2525
f 2521 2525 2520
f 2524 2526 2525
f 2524 2527 2526
f 2524 2523 2528
f 2524 2528 2527
f 1996 2528 1997
f 1996 2527 2528
f 1996 2000 2529
f 1996 2529 2527
f 2500 2529 2501
f 2500 2527 2529
f 2500 2499 2526
f 2500 2526 2527
f 2501 2529 2530
f 2529 2000 2530
f 2000 2001 2530
f 2001 1975 2530
f 1975 2506 2530
f 2506 2501 2530
f 1979 2004 2531
f 1979 2531 2507
f 2507 2531 2532
f 2531 2004 2532
f 2004 2005 2533
f 2004 2533 2532
f 2532 2533 2534
f 2532 2534 2535
f 2507 2535 2510
f 2507 2532 2535
f 2534 2536 2535
f 2534 2537 2536
f 2534 2533 2538
f 2534 2538 2537
f 2537 2538 2539
f 2537 2539 2540
f 2537 2540 2541
f 2537 2541 2536
f 2540 2542 2541
f 2540 2543 2542
f 2540 2539 2544
f 2540 2544 2543
f 2008 2544 2009
f 2008 2543 2544
f 2008 1983 2543
f 1983 2514 2543
f 2514 2513 2542
f 2514 2542 2543
f 2014 2015 2545
f 2014 2546 1993
f 2014 2545 2546
f 1993 2546 2517
f 2517 2546 2547
f 2546 2545 2548
f 2546 2548 2547
f 2547 2548 2549
f 2547 2549 2550
f 2522 2550 2523
f 2522 2547 2550
f 2522 2517 2547
f 2523 2550 2551
f 2550 2549 2552
f 2550 2552 2551
f 2018 2552 2019
f 2018 2551 2552
f 2018 1997 2551
f 1997 2528 2551
f 2528 2523 2551
f 2022 2023 2553
f 2022 2554 2005
f 2022 2553 2554
f 2005 2554 2533
f 2533 2554 2555
f 2554 2553 2556
f 2554 2556 2555
f 2555 2556 2557
f 2555 2557 2558
f 2538 2558 2539
f 2538 2555 2558
f 2538 2533 2555
f 2539 2558 2559
f 2558 2557 2560
f 2558 2560 2559
f 2026 2560 2027
f 2026 2559 2560
f 2026 2009 2559
f 2009 2544 2559
f 2544 2539 2559
f 2561 2563 2562
f 2561 2564 2563
f 2031 2564 2561
f 2031 2032 2564
f 2031 2561 2015
f 2015 2561 2565
f 2015 2565 2545
f 2561 2562 2565
f 2545 2565 2566
f 2548 2567 2549
f 2548 2566 2567
f 2548 2545 2566
f 2549 2567 2568
f 2549 2568 2569
f 2569 2568 2570
f 2569 2570 2571
f 2019 2571 2034
f 2019 2569 2571
f 2019 2552 2569
f 2552 2549 2569
f 2034 2571 2572
f 2034 2572 2035
f 2038 2039 2573
f 2038 2573 2042
f 2574 2576 2575
f 2042 2576 2574
f 2042 2573 2576
f 2042 2574 2044
f 2044 2574 2023
f 2023 2574 2577
f 2023 2577 2553
f 2574 2575 2577
f 2553 2577 2578
f 2556 2579 2557
f 2556 2578 2579
f 2556 2553 2578
f 2557 2579 2580
f 2557 2580 2581
f 2581 2580 2582
f 2046 2582 2047
f 2046 2581 2582
f 2046 2027 2581
f 2027 2560 2581
f 2560 2557 2581
f 2052 2053 2583
f 2052 2583 2055
f 2584 2586 2585
f 2055 2586 2584
f 2055 2583 2586
f 2055 2584 2056
f 2056 2584 2032
f 2032 2584 2564
f 2564 2584 2585
f 2564 2585 2563
f 2570 2587 2571
f 2570 2568 2587
f 2571 2587 2588
f 2571 2588 2589
f 2589 2588 2590
f 2058 2590 2059
f 2058 2589 2590
f 2058 2035 2589
f 2035 2572 2589
f 2572 2571 2589
f 2591 2593 2592
f 2591 2594 2593
f 2062 2594 2591
f 2062 2063 2594
f 2062 2591 2039
f 2039 2591 2595
f 2039 2595 2573
f 2591 2592 2595
f 2573 2595 2596
f 2573 2596 2576
f 2597 2598 2599
f 2597 2599 2600
f 2597 2600 2601
f 2047 2601 2065
f 2047 2597 2601
f 2047 2582 2597
f 2582 2580 2598
f 2582 2598 2597
f 2065 2601 2602
f 2065 2602 2066
f 2603 2605 2604
f 2603 2606 2605
f 2070 2606 2603
f 2070 2071 2606
f 2070 2603 2053
f 2053 2603 2607
f 2053 2607 2583
f 2603 2604 2607
f 2583 2607 2608
f 2583 2608 2586
f 2059 2609 2074
f 2059 2610 2609
f 2059 2590 2610
f 2590 2588 2610
f 2609 2610 2611
f 2609 2612 2074
f 2609 2611 2612
f 2074 2612 2075
f 2613 2615 2614
f 2613 2616 2615
f 2078 2616 2613
f 2078 2079 2616
f 2078 2613 2617
f 2078 2617 2082
f 2613 2618 2617
f 2613 2614 2618
f 2617 2620 2619
f 2617 2618 2620
f 2617 2619 2082
f 2082 2619 2084
f 2084 2619 2063
f 2063 2619 2594
f 2594 2619 2620
f 2594 2620 2593
f 2600 2621 2601
f 2600 2599 2621
f 2601 2621 2622
f 2601 2622 2623
f 2623 2622 2624
f 2086 2624 2087
f 2086 2623 2624
f 2086 2066 2623
f 2066 2602 2623
f 2602 2601 2623
f 2090 2091 2625
f 2090 2625 2094
f 2626 2628 2627
f 2094 2628 2626
f 2094 2625 2628
f 2094 2626 2096
f 2096 2626 2071
f 2071 2626 2606
f 2606 2626 2627
f 2606 2627 2605
f 2075 2629 2098
f 2075 2630 2629
f 2075 2612 2630
f 2612 2611 2630
f 2629 2630 2631
f 2629 2632 2098
f 2629 2631 2632
f 2098 2632 2099
f 2633 2635 2634
f 2633 2636 2635
f 2102 2636 2633
f 2102 2103 2636
f 2102 2633 2637
f 2102 2637 2106
f 2633 2638 2637
f 2633 2634 2638
f 2637 2640 2639
f 2637 2638 2640
f 2637 2639 2106
f 2106 2639 2108
f 2108 2639 2079
f 2079 2639 2616
f 2616 2639 2640
f 2616 2640 2615
f 2641 2642 2643
f 2641 2643 2644
f 2641 2644 2645
f 2087 2645 2110
f 2087 2641 2645
f 2087 2624 2641
f 2624 2622 2642
f 2624 2642 2641
f 2110 2645 2646
f 2110 2646 2111
f 2647 2649 2648
f 2647 2650 2649
f 2114 2650 2647
f 2114 2115 2650
f 2114 2647 2091
f 2091 2647 2651
f 2091 2651 2625
f 2647 2648 2651
f 2625 2651 2652
f 2625 2652 2628
f 2099 2653 2118
f 2099 2654 2653
f 2099 2632 2654
f 2632 2631 2654
f 2653 2654 2655
f 2653 2656 2118
f 2653 2655 2656
f 2118 2657 2120
f 2118 2656 2657
f 2120 2657 2122
f 2122 2657 2658
f 2122 2658 2123
f 2126 2127 2659
f 2126 2659 2130
f 2660 2662 2661
f 2130 2662 2660
f 2130 2659 2662
f 2130 2660 2132
f 2132 2660 2663
f 2132 2663 2134
f 2660 2664 2663
f 2660 2661 2664
f 2663 2666 2665
f 2663 2664 2666
f 2663 2665 2134
f 2134 2665 2136
f 2136 2665 2103
f 2103 2665 2636
f 2636 2665 2666
f 2636 2666 2635
f 2644 2667 2645
f 2644 2643 2667
f 2645 2667 2668
f 2645 2668 2669
f 2669 2668 2670
f 2138 2670 2139
f 2138 2669 2670
f 2138 2111 2669
f 2111 2646 2669
f 2646 2645 2669
f 2671 2673 2672
f 2671 2674 2673
f 2142 2674 2671
f 2142 2143 2674
f 2142 2671 2115
f 2115 2671 2650
f 2650 2671 2672
f 2650 2672 2649
f 2656 2675 2657
f 2656 2655 2675
f 2657 2675 2676
f 2657 2676 2677
f 2677 2676 2678
f 2677 2678 2679
f 2123 2679 2146
f 2123 2677 2679
f 2123 2658 2677
f 2658 2657 2677
f 2146 2679 2680
f 2146 2681 2148
f 2146 2680 2681
f 2148 2681 2150
f 2682 2684 2683
f 2150 2684 2682
f 2150 2681 2684
f 2150 2682 2152
f 2152 2682 2127
f 2127 2682 2685
f 2127 2685 2659
f 2682 2683 2685
f 2659 2685 2686
f 2659 2686 2662
f 2687 2688 2689
f 2687 2689 2690
f 2154 2690 2155
f 2154 2687 2690
f 2154 2139 2687
f 2139 2670 2687
f 2670 2668 2688
f 2670 2688 2687
f 2691 2693 2692
f 2691 2694 2693
f 2158 2694 2691
f 2158 2159 2694
f 2158 2691 2143
f 2143 2691 2674
f 2674 2691 2692
f 2674 2692 2673
f 2695 2696 2697
f 2695 2697 2698
f 2695 2698 2699
f 2695 2699 2700
f 2678 2700 2679
f 2678 2695 2700
f 2678 2676 2696
f 2678 2696 2695
f 2679 2700 2701
f 2700 2699 2702
f 2700 2702 2701
f 2701 2702 2703
f 2701 2703 2704
f 2680 2704 2681
f 2680 2701 2704
f 2680 2679 2701
f 2681 2706 2705
f 2681 2704 2706
f 2704 2703 2706
f 2681 2705 2684
f 2707 2708 2709
f 2707 2709 2710
f 2162 2710 2163
f 2162 2707 2710
f 2162 2155 2707
f 2155 2690 2707
f 2690 2689 2708
f 2690 2708 2707
f 2711 2713 2712
f 2711 2714 2713
f 2166 2714 2711
f 2166 2167 2714
f 2166 2711 2159
f 2159 2711 2694
f 2694 2711 2712
f 2694 2712 2693
f 2715 2716 2717
f 2715 2717 2718
f 2715 2718 2719
f 2715 2719 2720
f 2715 2720 2721
f 2715 2721 2716
f 2720 2722 2721
f 2720 2723 2722
f 2720 2719 2724
f 2720 2724 2723
f 2170 2724 2171
f 2170 2723 2724
f 2170 2175 2725
f 2170 2725 2723
f 2723 2725 2726
f 2723 2726 2722
f 2725 2727 2726
f 2725 2728 2727
f 2725 2175 2728
f 2175 2176 2728
f 2176 2180 2729
f 2176 2729 2728
f 2698 2729 2699
f 2698 2728 2729
f 2698 2697 2727
f 2698 2727 2728
f 2699 2729 2730
f 2729 2180 2730
f 2180 2181 2730
f 2181 2184 2731
f 2181 2731 2730
f 2702 2731 2703
f 2702 2730 2731
f 2702 2699 2730
f 2703 2731 2732
f 2731 2184 2732
f 2184 2185 2732
f 2185 2189 2733
f 2185 2733 2732
f 2732 2733 2734
f 2703 2734 2706
f 2703 2732 2734
f 2733 2735 2734
f 2733 2736 2735
f 2733 2189 2736
f 2189 2190 2737
f 2189 2737 2736
f 2736 2737 2738
f 2736 2738 2739
f 2736 2739 2735
f 2738 2740 2739
f 2738 2737 2740
f 2741 2742 2743
f 2741 2743 2744
f 2192 2744 2193
f 2192 2741 2744
f 2192 2163 2741
f 2163 2710 2741
f 2710 2709 2742
f 2710 2742 2741
f 2167 2196 2745
f 2167 2746 2714
f 2167 2745 2746
f 2714 2746 2713
f 2745 2747 2746
f 2745 2748 2747
f 2745 2196 2748
f 2196 2197 2748
f 2749 2750 2751
f 2749 2751 2752
f 2749 2752 2753
f 2749 2753 2754
f 2749 2754 2755
f 2749 2755 2750
f 2754 2756 2755
f 2754 2757 2756
f 2754 2753 2758
f 2754 2758 2757
f 2200 2758 2201
f 2200 2757 2758
f 2200 2204 2759
f 2200 2759 2757
f 2757 2759 2760
f 2757 2760 2756
f 2759 2761 2760
f 2759 2762 2761
f 2759 2204 2762
f 2204 2205 2762
f 2205 2208 2763
f 2205 2763 2762
f 2718 2763 2719
f 2718 2762 2763
f 2718 2717 2761
f 2718 2761 2762
f 2719 2763 2764
f 2763 2208 2764
f 2208 2209 2764
f 2209 2171 2764
f 2171 2724 2764
f 2724 2719 2764
f 2190 2216 2765
f 2190 2765 2737
f 2737 2765 2766
f 2765 2216 2766
f 2216 2217 2766
f 2217 2220 2767
f 2217 2767 2766
f 2766 2767 2768
f 2737 2768 2740
f 2737 2766 2768
f 2767 2769 2768
f 2767 2770 2769
f 2767 2220 2770
f 2220 2221 2771
f 2220 2771 2770
f 2770 2771 2772
f 2770 2772 2773
f 2770 2773 2769
f 2772 2774 2773
f 2772 2771 2774
f 2775 2776 2777
f 2775 2777 2778
f 2224 2778 2225
f 2224 2775 2778
f 2224 2228 2779
f 2224 2779 2775
f 2775 2779 2780
f 2775 2780 2776
f 2779 2781 2780
f 2779 2782 2781
f 2779 2228 2782
f 2228 2229 2782
f 2229 2193 2782
f 2193 2744 2782
f 2744 2743 2781
f 2744 2781 2782
f 2197 2232 2783
f 2197 2784 2748
f 2197 2783 2784
f 2748 2784 2747
f 2783 2785 2784
f 2783 2786 2785
f 2783 2232 2786
f 2232 2233 2786
f 2233 2236 2787
f 2233 2787 2786
f 2786 2787 2788
f 2786 2788 2785
f 2787 2789 2788
f 2787 2790 2789
f 2787 2236 2790
f 2236 2237 2790
f 2237 2240 2791
f 2237 2791 2790
f 2790 2791 2792
f 2790 2792 2789
f 2791 2793 2792
f 2791 2794 2793
f 2791 2240 2794
f 2240 2241 2794
f 2241 2244 2795
f 2241 2795 2794
f 2794 2795 2796
f 2794 2796 2793
f 2795 2797 2796
f 2795 2798 2797
f 2795 2244 2798
f 2244 2245 2798
f 2245 2248 2799
f 2245 2799 2798
f 2752 2799 2753
f 2752 2798 2799
f 2752 2751 2797
f 2752 2797 2798
f 2753 2799 2800
f 2799 2248 2800
f 2248 2249 2800
f 2249 2201 2800
f 2201 2758 2800
f 2758 2753 2800
f 2221 2252 2801
f 2221 2801 2771
f 2771 2801 2802
f 2801 2252 2802
f 2252 2253 2802
f 2253 2256 2803
f 2253 2803 2802
f 2802 2803 2804
f 2771 2804 2774
f 2771 2802 2804
f 2803 2805 2804
f 2803 2806 2805
f 2803 2256 2806
f 2256 2257 2806
f 2257 2260 2807
f 2257 2807 2806
f 2806 2807 2808
f 2806 2808 2805
f 2807 2809 2808
f 2807 2810 2809
f 2807 2260 2810
f 2260 2261 2810
f 2261 2264 2811
f 2261 2811 2810
f 2810 2811 2812
f 2810 2812 2809
f 2811 2813 2812
f 2811 2814 2813
f 2811 2264 2814
f 2264 2265 2814
f 2265 2268 2815
f 2265 2815 2814
f 2814 2815 2816
f 2814 2816 2813
f 2815 2817 2816
f 2815 2818 2817
f 2815 2268 2818
f 2268 2269 2818
f 2269 2225 2818
f 2225 2778 2818
f 2778 2777 2817
f 2778 2817 2818
f 2272 2273 2819
f 2272 2819 2276
f 2820 2822 2821
f 2276 2822 2820
f 2276 2819 2822
f 2276 2820 2278
f 2278 2820 2823
f 2278 2823 2280
f 2820 2824 2823
f 2820 2821 2824
f 2823 2826 2825
f 2823 2824 2826
f 2823 2825 2280
f 2280 2825 2282
f 2282 2825 2827
f 2282 2827 2284
f 2825 2828 2827
f 2825 2826 2828
f 2827 2828 2829
f 2827 2830 2284
f 2827 2829 2830
f 2284 2831 2286
f 2284 2830 2831
f 2286 2831 2288
f 2288 2831 2832
f 2288 2832 2289
f 2295 2296 2833
f 2295 2833 2298
f 2834 2836 2835
f 2298 2836 2834
f 2298 2833 2836
f 2298 2834 2300
f 2300 2834 2837
f 2300 2837 2302
f 2834 2838 2837
f 2834 2835 2838
f 2837 2840 2839
f 2837 2838 2840
f 2837 2839 2302
f 2302 2839 2304
f 2304 2839 2841
f 2304 2841 2306
f 2839 2842 2841
f 2839 2840 2842
f 2841 2842 2843
f 2841 2844 2306
f 2841 2843 2844
f 2306 2845 2308
f 2306 2844 2845
f 2308 2845 2310
f 2310 2845 2846
f 2310 2846 2311
f 2314 2315 2847
f 2314 2847 2318
f 2848 2850 2849
f 2318 2850 2848
f 2318 2847 2850
f 2318 2848 2320
f 2320 2848 2273
f 2273 2848 2851
f 2273 2851 2819
f 2848 2849 2851
f 2819 2851 2852
f 2819 2852 2822
f 2830 2853 2831
f 2830 2829 2853
f 2831 2853 2854
f 2289 2855 2321
f 2289 2856 2855
f 2289 2832 2856
f 2832 2854 2856
f 2832 2831 2854
f 2855 2856 2857
f 2855 2858 2321
f 2855 2857 2858
f 2321 2859 2322
f 2321 2858 2859
f 2322 2859 2324
f 2324 2859 2860
f 2324 2860 2325
f 2331 2332 2861
f 2331 2861 2334
f 2862 2864 2863
f 2334 2864 2862
f 2334 2861 2864
f 2334 2862 2336
f 2336 2862 2865
f 2336 2865 2337
f 2862 2866 2865
f 2862 2863 2866
f 2865 2868 2867
f 2865 2866 2868
f 2865 2867 2337
f 2337 2867 2338
f 2338 2867 2296
f 2296 2867 2869
f 2296 2869 2833
f 2867 2868 2869
f 2833 2869 2870
f 2833 2870 2836
f 2844 2871 2845
f 2844 2843 2871
f 2845 2871 2872
f 2845 2872 2873
f 2873 2872 2874
f 2873 2874 2875
f 2311 2875 2340
f 2311 2873 2875
f 2311 2846 2873
f 2846 2845 2873
f 2340 2875 2876
f 2340 2876 2341
f 2877 2879 2878
f 2877 2880 2879
f 2344 2880 2877
f 2344 2345 2880
f 2344 2877 2315
f 2315 2877 2881
f 2315 2881 2847
f 2877 2878 2881
f 2847 2881 2882
f 2847 2882 2850
f 2858 2883 2859
f 2858 2857 2883
f 2859 2883 2884
f 2859 2884 2885
f 2885 2884 2886
f 2885 2886 2887
f 2325 2887 2347
f 2325 2885 2887
f 2325 2860 2885
f 2860 2859 2885
f 2347 2887 2888
f 2347 2889 2348
f 2347 2888 2889
f 2348 2889 2350
f 2350 2889 2890
f 2350 2890 2351
f 2357 2358 2891
f 2357 2891 2360
f 2360 2891 2892
f 2360 2893 2362
f 2360 2892 2893
f 2362 2893 2363
f 2894 2896 2895
f 2363 2896 2894
f 2363 2893 2896
f 2363 2894 2364
f 2364 2894 2332
f 2332 2894 2897
f 2332 2897 2861
f 2894 2895 2897
f 2861 2897 2898
f 2861 2898 2864
f 2874 2899 2875
f 2874 2872 2899
f 2875 2899 2900
f 2875 2900 2901
f 2901 2900 2902
f 2366 2902 2367
f 2366 2901 2902
f 2366 2341 2901
f 2341 2876 2901
f 2876 2875 2901
f 2903 2905 2904
f 2903 2906 2905
f 2370 2906 2903
f 2370 2371 2906
f 2370 2903 2345
f 2345 2903 2880
f 2880 2903 2904
f 2880 2904 2879
f 2907 2908 2909
f 2907 2909 2910
f 2907 2910 2911
f 2907 2911 2912
f 2886 2912 2887
f 2886 2907 2912
f 2886 2884 2908
f 2886 2908 2907
f 2887 2912 2913
f 2912 2911 2914
f 2912 2914 2913
f 2913 2914 2915
f 2913 2915 2916
f 2888 2916 2889
f 2888 2913 2916
f 2888 2887 2913
f 2889 2916 2917
f 2916 2915 2918
f 2916 2918 2917
f 2374 2918 2375
f 2374 2917 2918
f 2374 2351 2917
f 2351 2890 2917
f 2890 2889 2917
f 2383 2384 2919
f 2383 2920 2358
f 2383 2919 2920
f 2358 2920 2891
f 2891 2920 2921
f 2920 2919 2922
f 2920 2922 2921
f 2921 2922 2923
f 2921 2923 2924
f 2892 2924 2893
f 2892 2921 2924
f 2892 2891 2921
f 2893 2926 2925
f 2893 2924 2926
f 2924 2923 2926
f 2893 2925 2896
f 2927 2928 2929
f 2927 2929 2930
f 2386 2930 2387
f 2386 2927 2930
f 2386 2367 2927
f 2367 2902 2927
f 2902 2900 2928
f 2902 2928 2927
f 2390 2391 2931
f 2390 2932 2371
f 2390 2931 2932
f 2371 2933 2906
f 2371 2932 2933
f 2906 2933 2905
f 2932 2934 2933
f 2932 2931 2934
f 2935 2936 2937
f 2935 2937 2938
f 2935 2938 2939
f 2935 2939 2940
f 2910 2940 2911
f 2910 2935 2940
f 2910 2909 2936
f 2910 2936 2935
f 2911 2940 2941
f 2940 2939 2942
f 2940 2942 2941
f 2394 2942 2395
f 2394 2941 2942
f 2394 2399 2943
f 2394 2943 2941
f 2914 2943 2915
f 2914 2941 2943
f 2914 2911 2941
f 2915 2943 2944
f 2943 2399 2944
f 2399 2400 2944
f 2400 2375 2944
f 2375 2918 2944
f 2918 2915 2944
f 2384 2409 2945
f 2384 2945 2919
f 2919 2945 2946
f 2945 2409 2946
f 2409 2410 2947
f 2409 2947 2946
f 2946 2947 2948
f 2922 2948 2923
f 2922 2946 2948
f 2922 2919 2946
f 2923 2950 2949
f 2923 2948 2950
f 2948 2947 2950
f 2923 2949 2926
f 2951 2952 2953
f 2951 2953 2954
f 2951 2954 2955
f 2951 2955 2956
f 2951 2956 2957
f 2951 2957 2952
f 2956 2958 2957
f 2956 2959 2958
f 2956 2955 2960
f 2956 2960 2959
f 2412 2960 2413
f 2412 2959 2960
f 2412 2387 2959
f 2387 2930 2959
f 2930 2929 2958
f 2930 2958 2959
f 2391 2417 2961
f 2391 2961 2931
f 2931 2963 2962
f 2931 2961 2963
f 2961 2964 2963
f 2961 2417 2964
f 2417 2418 2964
f 2931 2962 2934
f 2965 2966 2967
f 2965 2967 2968
f 2965 2968 2969
f 2965 2969 2970
f 2965 2970 2971
f 2965 2971 2966
f 2970 2972 2971
f 2970 2973 2972
f 2970 2969 2974
f 2970 2974 2973
f 2420 2974 2421
f 2420 2973 2974
f 2420 2424 2975
f 2420 2975 2973
f 2938 2975 2939
f 2938 2973 2975
f 2938 2937 2972
f 2938 2972 2973
f 2939 2975 2976
f 2975 2424 2976
f 2424 2425 2976
f 2425 2395 2976
f 2395 2942 2976
f 2942 2939 2976
f 2410 2432 2977
f 2410 2977 2947
f 2947 2977 2978
f 2977 2432 2978
f 2432 2433 2979
f 2432 2979 2978
f 2978 2979 2980
f 2978 2980 2981
f 2947 2981 2950
f 2947 2978 2981
f 2980 2982 2981
f 2980 2979 2982
f 2983 2984 2985
f 2983 2985 2986
f 2436 2986 2437
f 2436 2983 2986
f 2436 2441 2987
f 2436 2987 2983
f 2954 2987 2955
f 2954 2983 2987
f 2954 2953 2984
f 2954 2984 2983
f 2955 2987 2988
f 2987 2441 2988
f 2441 2442 2988
f 2442 2413 2988
f 2413 2960 2988
f 2960 2955 2988
f 2446 2447 2989
f 2446 2990 2418
f 2446 2989 2990
f 2418 2991 2964
f 2418 2990 2991
f 2964 2991 2963
f 2990 2992 2991
f 2990 2989 2992
f 2993 2994 2995
f 2993 2995 2996
f 2993 2996 2997
f 2993 2997 2998
f 2993 2998 2999
f 2993 2999 2994
f 2998 3000 2999
f 2998 3001 3000
f 2998 2997 3002
f 2998 3002 3001
f 2450 3002 2451
f 2450 3001 3002
f 2450 2454 3003
f 2450 3003 3001
f 2968 3003 2969
f 2968 3001 3003
f 2968 2967 3000
f 2968 3000 3001
f 2969 3003 3004
f 3003 2454 3004
f 2454 2455 3004
f 2455 2421 3004
f 2421 2974 3004
f 2974 2969 3004
f 2433 2458 3005
f 2433 3005 2979
f 2979 3005 3006
f 3005 2458 3006
f 2458 2459 3007
f 2458 3007 3006
f 3006 3007 3008
f 3006 3008 3009
f 2979 3009 2982
f 2979 3006 3009
f 3008 3010 3009
f 3008 3007 3010
f 3011 3012 3013
f 3011 3013 3014
f 3011 3014 3015
f 3011 3015 3016
f 3011 3016 3017
f 3011 3017 3012
f 3016 3018 3017
f 3016 3019 3018
f 3016 3015 3020
f 3016 3020 3019
f 2462 3020 2463
f 2462 3019 3020
f 2462 2437 3019
f 2437 2986 3019
f 2986 2985 3018
f 2986 3018 3019
f 2447 2469 3021
f 2447 3021 2989
f 2989 3021 3022
f 3021 2469 3022
f 2469 2470 3023
f 2469 3023 3022
f 3022 3023 3024
f 3022 3024 3025
f 2989 3025 2992
f 2989 3022 3025
f 3024 3026 3025
f 3024 3027 3026
f 3024 3023 3028
f 3024 3028 3027
f 3027 3028 3029
f 3027 3029 3030
f 3027 3030 3031
f 3027 3031 3026
f 3030 3032 3031
f 3030 3033 3032
f 3030 3029 3034
f 3030 3034 3033
f 3033 3034 3035
f 3033 3035 3036
f 3033 3036 3037
f 3033 3037 3032
f 3036 3038 3037
f 3036 3039 3038
f 3036 3035 3040
f 3036 3040 3039
f 2472 3040 2473
f 2472 3039 3040
f 2472 2476 3041
f 2472 3041 3039
f 2996 3041 2997
f 2996 3039 3041
f 2996 2995 3038
f 2996 3038 3039
f 2997 3041 3042
f 3041 2476 3042
f 2476 2477 3042
f 2477 2451 3042
f 2451 3002 3042
f 3002 2997 3042
f 2459 2480 3043
f 2459 3043 3007
f 3007 3043 3044
f 3043 2480 3044
f 2480 2481 3045
f 2480 3045 3044
f 3044 3045 3046
f 3044 3046 3047
f 3007 3047 3010
f 3007 3044 3047
f 3046 3048 3047
f 3046 3049 3048
f 3046 3045 3050
f 3046 3050 3049
f 3049 3050 3051
f 3049 3051 3052
f 3049 3052 3053
f 3049 3053 3048
f 3052 3054 3053
f 3052 3055 3054
f 3052 3051 3056
f 3052 3056 3055
f 3055 3056 3057
f 3055 3057 3058
f 3055 3058 3059
f 3055 3059 3054
f 3058 3060 3059
f 3058 3061 3060
f 3058 3057 3062
f 3058 3062 3061
f 2484 3062 2485
f 2484 3061 3062
f 2484 2489 3063
f 2484 3063 3061
f 3014 3063 3015
f 3014 3061 3063
f 3014 3013 3060
f 3014 3060 3061
f 3015 3063 3064
f 3063 2489 3064
f 2489 2490 3064
f 2490 2463 3064
f 2463 3020 3064
f 3020 3015 3064
f 2494 2495 3065
f 2494 3066 2470
f 2494 3065 3066
f 2470 3066 3023
f 3023 3066 3067
f 3066 3065 3068
f 3066 3068 3067
f 3067 3068 3069
f 3067 3069 3070
f 3028 3070 3029
f 3028 3067 3070
f 3028 3023 3067
f 3029 3070 3071
f 3070 3069 3072
f 3070 3072 3071
f 2498 3072 2499
f 2498 3071 3072
f 2498 2503 3073
f 2498 3073 3071
f 3034 3073 3035
f 3034 3071 3073
f 3034 3029 3071
f 3035 3073 3074
f 3073 2503 3074
f 2503 2504 3074
f 2504 2473 3074
f 2473 3040 3074
f 3040 3035 3074
f 2481 2509 3075
f 2481 3075 3045
f 3045 3075 3076
f 3075 2509 3076
f 2509 2510 3077
f 2509 3077 3076
f 3076 3077 3078
f 3050 3078 3051
f 3050 3076 3078
f 3050 3045 3076
f 3051 3078 3079
f 3078 3077 3080
f 3078 3080 3079
f 3079 3080 3081
f 3079 3081 3082
f 3056 3082 3057
f 3056 3079 3082
f 3056 3051 3079
f 3057 3082 3083
f 3082 3081 3084
f 3082 3084 3083
f 2512 3084 2513
f 2512 3083 3084
f 2512 2485 3083
f 2485 3062 3083
f 3062 3057 3083
f 2495 2519 3085
f 2495 3085 3065
f 3065 3085 3086
f 3085 2519 3086
f 2519 2520 3086
f 2520 2525 3087
f 2520 3087 3086
f 3068 3087 3069
f 3068 3086 3087
f 3068 3065 3086
f 3069 3087 3088
f 3087 2525 3088
f 2525 2526 3088
f 2526 2499 3088
f 2499 3072 3088
f 3072 3069 3088
f 2510 2535 3089
f 2510 3089 3077
f 3077 3089 3090
f 3089 2535 3090
f 2535 2536 3090
f 2536 2541 3091
f 2536 3091 3090
f 3080 3091 3081
f 3080 3090 3091
f 3080 3077 3090
f 3081 3091 3092
f 3091 2541 3092
f 2541 2542 3092
f 2542 2513 3092
f 2513 3084 3092
f 3084 3081 3092
f 2562 2563 3093
f 2562 3093 2565
f 2565 3093 3094
f 2565 3095 2566
f 2565 3094 3095
f 2566 3095 2567
f 2567 3095 3096
f 2567 3096 2568
f 2575 2576 3097
f 2575 3097 2577
f 2577 3097 3098
f 2577 3099 2578
f 2577 3098 3099
f 2578 3099 2579
f 2579 3099 3100
f 2579 3100 2580
f 2585 2586 3101
f 2585 3102 2563
f 2585 3101 3102
f 2563 3102 3093
f 3093 3102 3103
f 3102 3101 3104
f 3102 3104 3103
f 3103 3104 3105
f 3103 3105 3106
f 3094 3106 3095
f 3094 3103 3106
f 3094 3093 3103
f 3095 3106 3107
f 3106 3105 3108
f 3106 3108 3107
f 3107 3108 3109
f 2568 3109 2587
f 2568 3107 3109
f 2568 3096 3107
f 3096 3095 3107
f 2587 3109 3110
f 2587 3110 2588
f 2592 2593 3111
f 2592 3111 2595
f 2595 3111 3112
f 2595 3113 2596
f 2595 3112 3113
f 2596 3114 2576
f 2596 3113 3114
f 2576 3114 3097
f 3097 3114 3115
f 3114 3113 3116
f 3114 3116 3115
f 3115 3116 3117
f 3115 3117 3118
f 3098 3118 3099
f 3098 3115 3118
f 3098 3097 3115
f 3099 3118 3119
f 3118 3117 3120
f 3118 3120 3119
f 2598 3120 2599
f 2598 3119 3120
f 2598 2580 3119
f 2580 3100 3119
f 3100 3099 3119
f 2604 2605 3121
f 2604 3121 2607
f 3122 3124 3123
f 2607 3124 3122
f 2607 3121 3124
f 2607 3122 2608
f 2608 3122 2586
f 2586 3122 3125
f 2586 3125 3101
f 3122 3123 3125
f 3101 3125 3126
f 3104 3127 3105
f 3104 3126 3127
f 3104 3101 3126
f 3105 3127 3128
f 3108 3129 3109
f 3108 3128 3129
f 3108 3105 3128
f 3109 3129 3130
f 3109 3130 3131
f 3131 3130 3132
f 3131 3132 3133
f 2588 3133 2610
f 2588 3131 3133
f 2588 3110 3131
f 3110 3109 3131
f 2610 3133 3134
f 2610 3134 2611
f 2614 2615 3135
f 2614 3135 2618
f 3136 3138 3137
f 2618 3138 3136
f 2618 3135 3138
f 2618 3136 2620
f 2620 3136 2593
f 2593 3136 3139
f 2593 3139 3111
f 3136 3137 3139
f 3111 3139 3140
f 3112 3141 3113
f 3112 3140 3141
f 3112 3111 3140
f 3113 3141 3142
f 3116 3143 3117
f 3116 3142 3143
f 3116 3113 3142
f 3117 3143 3144
f 3117 3144 3145
f 3145 3144 3146
f 3145 3146 3147
f 2599 3147 2621
f 2599 3145 3147
f 2599 3120 3145
f 3120 3117 3145
f 2621 3147 3148
f 2621 3148 2622
f 3149 3151 3150
f 3149 3152 3151
f 2627 3152 3149
f 2627 2628 3152
f 2627 3149 2605
f 2605 3149 3153
f 2605 3153 3121
f 3149 3150 3153
f 3121 3153 3154
f 3121 3154 3124
f 3132 3155 3133
f 3132 3130 3155
f 3133 3155 3156
f 3133 3156 3157
f 3157 3156 3158
f 3157 3158 3159
f 2611 3159 2630
f 2611 3157 3159
f 2611 3134 3157
f 3134 3133 3157
f 2630 3159 3160
f 2630 3160 2631
f 2634 2635 3161
f 2634 3161 2638
f 3162 3164 3163
f 2638 3164 3162
f 2638 3161 3164
f 2638 3162 2640
f 2640 3162 2615
f 2615 3162 3165
f 2615 3165 3135
f 3162 3163 3165
f 3135 3165 3166
f 3135 3166 3138
f 3146 3167 3147
f 3146 3144 3167
f 3147 3167 3168
f 3147 3168 3169
f 3169 3168 3170
f 2642 3170 2643
f 2642 3169 3170
f 2642 2622 3169
f 2622 3148 3169
f 3148 3147 3169
f 2648 2649 3171
f 2648 3171 2651
f 3172 3174 3173
f 2651 3174 3172
f 2651 3171 3174
f 2651 3172 2652
f 2652 3172 2628
f 2628 3172 3152
f 3152 3172 3173
f 3152 3173 3151
f 3158 3175 3159
f 3158 3156 3175
f 3159 3175 3176
f 3159 3176 3177
f 3177 3176 3178
f 3177 3178 3179
f 2631 3179 2654
f 2631 3177 3179
f 2631 3160 3177
f 3160 3159 3177
f 2654 3179 3180
f 2654 3180 2655
f 2661 2662 3181
f 2661 3181 2664
f 3182 3184 3183
f 2664 3184 3182
f 2664 3181 3184
f 2664 3182 2666
f 2666 3182 2635
f 2635 3182 3185
f 2635 3185 3161
f 3182 3183 3185
f 3161 3185 3186
f 3161 3186 3164
f 3187 3188 3189
f 3187 3189 3190
f 3187 3190 3191
f 2643 3191 2667
f 2643 3187 3191
f 2643 3170 3187
f 3170 3168 3188
f 3170 3188 3187
f 2667 3191 3192
f 2667 3192 2668
f 3193 3195 3194
f 3193 3196 3195
f 2672 3196 3193
f 2672 2673 3196
f 2672 3193 2649
f 2649 3193 3197
f 2649 3197 3171
f 3193 3194 3197
f 3171 3197 3198
f 3171 3198 3174
f 3199 3200 3201
f 3199 3201 3202
f 3199 3202 3203
f 3199 3203 3204
f 3178 3204 3179
f 3178 3199 3204
f 3178 3176 3200
f 3178 3200 3199
f 3179 3204 3205
f 3204 3203 3206
f 3204 3206 3205
f 3205 3206 3207
f 2655 3207 2675
f 2655 3205 3207
f 2655 3180 3205
f 3180 3179 3205
f 2675 3207 3208
f 2675 3208 2676
f 2683 2684 3209
f 2683 3209 2685
f 2685 3209 3210
f 2685 3211 2686
f 2685 3210 3211
f 2686 3212 2662
f 2686 3211 3212
f 2662 3212 3181
f 3181 3214 3213
f 3181 3212 3214
f 3212 3211 3214
f 3181 3213 3184
f 3190 3215 3191
f 3190 3189 3215
f 3191 3215 3216
f 3191 3216 3217
f 3217 3216 3218
f 2688 3218 2689
f 2688 3217 3218
f 2688 2668 3217
f 2668 3192 3217
f 3192 3191 3217
f 3219 3221 3220
f 3219 3222 3221
f 2692 3222 3219
f 2692 2693 3222
f 2692 3219 2673
f 2673 3219 3196
f 3196 3219 3220
f 3196 3220 3195
f 3223 3224 3225
f 3223 3225 3226
f 3223 3226 3227
f 3223 3227 3228
f 3202 3228 3203
f 3202 3223 3228
f 3202 3201 3224
f 3202 3224 3223
f 3203 3228 3229
f 3228 3227 3230
f 3228 3230 3229
f 3229 3230 3231
f 3229 3231 3232
f 3206 3232 3207
f 3206 3229 3232
f 3206 3203 3229
f 3207 3232 3233
f 3232 3231 3234
f 3232 3234 3233
f 2696 3234 2697
f 2696 3233 3234
f 2696 2676 3233
f 2676 3208 3233
f 3208 3207 3233
f 2705 2706 3235
f 2705 3236 2684
f 2705 3235 3236
f 2684 3236 3209
f 3209 3236 3237
f 3236 3235 3238
f 3236 3238 3237
f 3237 3238 3239
f 3237 3239 3240
f 3210 3240 3211
f 3210 3237 3240
f 3210 3209 3237
f 3211 3242 3241
f 3211 3240 3242
f 3240 3239 3242
f 3211 3241 3214
f 3243 3244 3245
f 3243 3245 3246
f 2708 3246 2709
f 2708 3243 3246
f 2708 2689 3243
f 2689 3218 3243
f 3218 3216 3244
f 3218 3244 3243
f 2712 2713 3247
f 2712 3248 2693
f 2712 3247 3248
f 2693 3249 3222
f 2693 3248 3249
f 3222 3249 3221
f 3248 3250 3249
f 3248 3247 3250
f 3251 3252 3253
f 3251 3253 3254
f 3251 3254 3255
f 3251 3255 3256
f 3251 3256 3257
f 3251 3257 3252
f 3256 3258 3257
f 3256 3259 3258
f 3256 3255 3260
f 3256 3260 3259
f 2716 3260 2717
f 2716 3259 3260
f 2716 2721 3261
f 2716 3261 3259
f 3226 3261 3227
f 3226 3259 3261
f 3226 3225 3258
f 3226 3258 3259
f 3227 3261 3262
f 3261 2721 3262
f 2721 2722 3262
f 2722 2726 3263
f 2722 3263 3262
f 3230 3263 3231
f 3230 3262 3263
f 3230 3227 3262
f 3231 3263 3264
f 3263 2726 3264
f 2726 2727 3264
f 2727 2697 3264
f 2697 3234 3264
f 3234 3231 3264
f 2706 2734 3265
f 2706 3265 3235
f 3235 3265 3266
f 3265 2734 3266
f 2734 2735 3266
f 2735 2739 3267
f 2735 3267 3266
f 3238 3267 3239
f 3238 3266 3267
f 3238 3235 3266
f 3239 3267 3268
f 3267 2739 3268
f 2739 2740 3269
f 2739 3269 3268
f 3268 3269 3270
f 3268 3270 3271
f 3239 3271 3242
f 3239 3268 3271
f 3270 3272 3271
f 3270 3269 3272
f 3273 3274 3275
f 3273 3275 3276
f 3273 3276 3277
f 3273 3277 3278
f 3273 3278 3279
f 3273 3279 3274
f 3278 3280 3279
f 3278 3281 3280
f 3278 3277 3282
f 3278 3282 3281
f 2742 3282 2743
f 2742 3281 3282
f 2742 2709 3281
f 2709 3246 3281
f 3246 3245 3280
f 3246 3280 3281
f 2713 2746 3283
f 2713 3283 3247
f 3247 3283 3284
f 3283 2746 3284
f 2746 2747 3285
f 2746 3285 3284
f 3284 3285 3286
f 3284 3286 3287
f 3247 3287 3250
f 3247 3284 3287
f 3286 3288 3287
f 3286 3285 3288
f 3289 3290 3291
f 3289 3291 3292
f 3289 3292 3293
f 3289 3293 3294
f 3289 3294 3295
f 3289 3295 3290
f 3294 3296 3295
f 3294 3297 3296
f 3294 3293 3298
f 3294 3298 3297
f 2750 3298 2751
f 2750 3297 3298
f 2750 2755 3299
f 2750 3299 3297
f 3297 3299 3300
f 3297 3300 3296
f 3299 3301 3300
f 3299 3302 3301
f 3299 2755 3302
f 2755 2756 3302
f 2756 2760 3303
f 2756 3303 3302
f 3254 3303 3255
f 3254 3302 3303
f 3254 3253 3301
f 3254 3301 3302
f 3255 3303 3304
f 3303 2760 3304
f 2760 2761 3304
f 2761 2717 3304
f 2717 3260 3304
f 3260 3255 3304
f 2740 2768 3305
f 2740 3305 3269
f 3269 3305 3306
f 3305 2768 3306
f 2768 2769 3306
f 2769 2773 3307
f 2769 3307 3306
f 3306 3307 3308
f 3269 3308 3272
f 3269 3306 3308
f 3307 3309 3308
f 3307 3310 3309
f 3307 2773 3310
f 2773 2774 3311
f 2773 3311 3310
f 3310 3311 3312
f 3310 3312 3313
f 3310 3313 3309
f 3312 3314 3313
f 3312 3311 3314
f 3315 3316 3317
f 3315 3317 3318
f 3315 3318 3319
f 3315 3319 3320
f 3315 3320 3321
f 3315 3321 3316
f 3320 3322 3321
f 3320 3323 3322
f 3320 3319 3324
f 3320 3324 3323
f 2776 3324 2777
f 2776 3323 3324
f 2776 2780 3325
f 2776 3325 3323
f 3276 3325 3277
f 3276 3323 3325
f 3276 3275 3322
f 3276 3322 3323
f 3277 3325 3326
f 3325 2780 3326
f 2780 2781 3326
f 2781 2743 3326
f 2743 3282 3326
f 3282 3277 3326
f 2747 2784 3327
f 2747 3327 3285
f 3285 3327 3328
f 3327 2784 3328
f 2784 2785 3328
f 2785 2788 3329
f 2785 3329 3328
f 3328 3329 3330
f 3285 3330 3288
f 3285 3328 3330
f 3329 3331 3330
f 3329 3332 3331
f 3329 2788 3332
f 2788 2789 3332
f 2789 2792 3333
f 2789 3333 3332
f 3332 3333 3334
f 3332 3334 3331
f 3333 3335 3334
f 3333 3336 3335
f 3333 2792 3336
f 2792 2793 3336
f 2793 2796 3337
f 2793 3337 3336
f 3292 3337 3293
f 3292 3336 3337
f 3292 3291 3335
f 3292 3335 3336
f 3293 3337 3338
f 3337 2796 3338
f 2796 2797 3338
f 2797 2751 3338
f 2751 3298 3338
f 3298 3293 3338
f 2774 2804 3339
f 2774 3339 3311
f 3311 3339 3340
f 3339 2804 3340
f 2804 2805 3340
f 2805 2808 3341
f 2805 3341 3340
f 3340 3341 3342
f 3311 3342 3314
f 3311 3340 3342
f 3341 3343 3342
f 3341 3344 3343
f 3341 2808 3344
f 2808 2809 3344
f 2809 2812 3345
f 2809 3345 3344
f 3344 3345 3346
f 3344 3346 3343
f 3345 3347 3346
f 3345 3348 3347
f 3345 2812 3348
f 2812 2813 3348
f 2813 2816 3349
f 2813 3349 3348
f 3318 3349 3319
f 3318 3348 3349
f 3318 3317 3347
f 3318 3347 3348
f 3319 3349 3350
f 3349 2816 3350
f 2816 2817 3350
f 2817 2777 3350
f 2777 3324 3350
f 3324 3319 3350
f 2821 2822 3351
f 2821 3351 2824
f 2824 3351 3352
f 2824 3353 2826
f 2824 3352 3353
f 2826 3353 2828
f 2828 3353 3354
f 2828 3354 2829
f 2835 2836 3355
f 2835 3355 2838
f 2838 3355 3356
f 2838 3357 2840
f 2838 3356 3357
f 2840 3357 2842
f 2842 3357 3358
f 2842 3358 2843
f 3359 3361 3360
f 3359 3362 3361
f 2849 3362 3359
f 2849 2850 3362
f 2849 3359 3363
f 2849 3363 2851
f 3359 3364 3363
f 3359 3360 3364
f 3363 3366 3365
f 3363 3364 3366
f 3363 3365 2851
f 2851 3365 2852
f 2852 3365 2822
f 2822 3365 3367
f 2822 3367 3351
f 3365 3366 3367
f 3351 3367 3368
f 3352 3369 3353
f 3352 3368 3369
f 3352 3351 3368
f 3353 3369 3370
f 2829 3371 2853
f 2829 3372 3371
f 2829 3354 3372
f 3354 3370 3372
f 3354 3353 3370
f 3371 3372 3373
f 3371 3374 2853
f 3371 3373 3374
f 2853 3375 2854
f 2853 3374 3375
f 2854 3375 2856
f 2856 3375 3376
f 2856 3376 2857
f 2863 2864 3377
f 2863 3377 2866
f 3378 3380 3379
f 2866 3380 3378
f 2866 3377 3380
f 2866 3378 2868
f 2868 3378 3381
f 2868 3381 2869
f 3378 3382 3381
f 3378 3379 3382
f 3381 3384 3383
f 3381 3382 3384
f 3381 3383 2869
f 2869 3383 2870
f 2870 3383 2836
f 2836 3383 3385
f 2836 3385 3355
f 3383 3384 3385
f 3355 3385 3386
f 3356 3387 3357
f 3356 3386 3387
f 3356 3355 3386
f 3357 3387 3388
f 2843 3389 2871
f 2843 3390 3389
f 2843 3358 3390
f 3358 3388 3390
f 3358 3357 3388
f 3389 3390 3391
f 3389 3392 2871
f 3389 3391 3392
f 2871 3392 2872
f 2878 2879 3393
f 2878 3393 2881
f 3394 3396 3395
f 2881 3396 3394
f 2881 3393 3396
f 2881 3394 2882
f 2882 3394 2850
f 2850 3394 3362
f 3362 3394 3395
f 3362 3395 3361
f 3374 3397 3375
f 3374 3373 3397
f 3375 3397 3398
f 3375 3398 3399
f 3399 3398 3400
f 3399 3400 3401
f 2857 3401 2883
f 2857 3399 3401
f 2857 3376 3399
f 3376 3375 3399
f 2883 3401 3402
f 2883 3402 2884
f 2895 2896 3403
f 2895 3403 2897
f 3404 3406 3405
f 2897 3406 3404
f 2897 3403 3406
f 2897 3404 2898
f 2898 3404 2864
f 2864 3404 3407
f 2864 3407 3377
f 3404 3405 3407
f 3377 3407 3408
f 3377 3408 3380
f 3409 3410 3411
f 3409 3411 3412
f 3409 3412 3413
f 2872 3413 2899
f 2872 3409 3413
f 2872 3392 3409
f 3392 3391 3410
f 3392 3410 3409
f 2899 3413 3414
f 2899 3414 2900
f 2904 2905 3415
f 2904 3416 2879
f 2904 3415 3416
f 2879 3416 3393
f 3393 3418 3417
f 3393 3416 3418
f 3416 3415 3418
f 3393 3417 3396
f 3419 3420 3421
f 3419 3421 3422
f 3419 3422 3423
f 3419 3423 3424
f 3400 3424 3401
f 3400 3419 3424
f 3400 3398 3420
f 3400 3420 3419
f 3401 3424 3425
f 3424 3423 3426
f 3424 3426 3425
f 2908 3426 2909
f 2908 3425 3426
f 2908 2884 3425
f 2884 3402 3425
f 3402 3401 3425
f 2925 2926 3427
f 2925 3428 2896
f 2925 3427 3428
f 2896 3428 3403
f 3403 3430 3429
f 3403 3428 3430
f 3428 3427 3430
f 3403 3429 3406
f 3431 3432 3433
f 3431 3433 3434
f 3431 3434 3435
f 3431 3435 3436
f 3412 3436 3413
f 3412 3431 3436
f 3412 3411 3432
f 3412 3432 3431
f 3413 3436 3437
f 3436 3435 3438
f 3436 3438 3437
f 2928 3438 2929
f 2928 3437 3438
f 2928 2900 3437
f 2900 3414 3437
f 3414 3413 3437
f 2905 2933 3439
f 2905 3439 3415
f 3415 3441 3440
f 3415 3439 3441
f 3439 3442 3441
f 3439 2933 3442
f 2933 2934 3442
f 3415 3440 3418
f 3443 3444 3445
f 3443 3445 3446
f 3443 3446 3447
f 3443 3447 3448
f 3422 3448 3423
f 3422 3443 3448
f 3422 3421 3444
f 3422 3444 3443
f 3423 3448 3449
f 3448 3447 3450
f 3448 3450 3449
f 2936 3450 2937
f 2936 3449 3450
f 2936 2909 3449
f 2909 3426 3449
f 3426 3423 3449
f 2949 2950 3451
f 2949 3452 2926
f 2949 3451 3452
f 2926 3452 3427
f 3427 3454 3453
f 3427 3452 3454
f 3452 3451 3454
f 3427 3453 3430
f 3455 3456 3457
f 3455 3457 3458
f 2952 3458 2953
f 2952 3455 3458
f 2952 2957 3459
f 2952 3459 3455
f 3434 3459 3435
f 3434 3455 3459
f 3434 3433 3456
f 3434 3456 3455
f 3435 3459 3460
f 3459 2957 3460
f 2957 2958 3460
f 2958 2929 3460
f 2929 3438 3460
f 3438 3435 3460
f 2962 2963 3461
f 2962 3462 2934
f 2962 3461 3462
f 2934 3463 3442
f 2934 3462 3463
f 3442 3463 3441
f 3462 3464 3463
f 3462 3461 3464
f 3465 3466 3467
f 3465 3467 3468
f 3465 3468 3469
f 3465 3469 3470
f 3465 3470 3471
f 3465 3471 3466
f 3470 3472 3471
f 3470 3473 3472
f 3470 3469 3474
f 3470 3474 3473
f 2966 3474 2967
f 2966 3473 3474
f 2966 2971 3475
f 2966 3475 3473
f 3446 3475 3447
f 3446 3473 3475
f 3446 3445 3472
f 3446 3472 3473
f 3447 3475 3476
f 3475 2971 3476
f 2971 2972 3476
f 2972 2937 3476
f 2937 3450 3476
f 3450 3447 3476
f 2950 2981 3477
f 2950 3477 3451
f 3451 3477 3478
f 3477 2981 3478
f 2981 2982 3479
f 2981 3479 3478
f 3478 3479 3480
f 3478 3480 3481
f 3451 3481 3454
f 3451 3478 3481
f 3480 3482 3481
f 3480 3479 3482
f 3483 3484 3485
f 3483 3485 3486
f 3483 3486 3487
f 3483 3487 3488
f 3483 3488 3489
f 3483 3489 3484
f 3488 3490 3489
f 3488 3491 3490
f 3488 3487 3492
f 3488 3492 3491
f 2984 3492 2985
f 2984 3491 3492
f 2984 2953 3491
f 2953 3458 3491
f 3458 3457 3490
f 3458 3490 3491
f 2963 2991 3493
f 2963 3493 3461
f 3461 3493 3494
f 3493 2991 3494
f 2991 2992 3495
f 2991 3495 3494
f 3494 3495 3496
f 3494 3496 3497
f 3461 3497 3464
f 3461 3494 3497
f 3496 3498 3497
f 3496 3499 3498
f 3496 3495 3500
f 3496 3500 3499
f 3499 3500 3501
f 3499 3501 3502
f 3499 3502 3503
f 3499 3503 3498
f 3502 3504 3503
f 3502 3505 3504
f 3502 3501 3506
f 3502 3506 3505
f 3505 3506 3507
f 3505 3507 3508
f 3505 3508 3509
f 3505 3509 3504
f 3508 3510 3509
f 3508 3511 3510
f 3508 3507 3512
f 3508 3512 3511
f 2994 3512 2995
f 2994 3511 3512
f 2994 2999 3513
f 2994 3513 3511
f 3468 3513 3469
f 3468 3511 3513
f 3468 3467 3510
f 3468 3510 3511
f 3469 3513 3514
f 3513 2999 3514
f 2999 3000 3514
f 3000 2967 3514
f 2967 3474 3514
f 3474 3469 3514
f 2982 3009 3515
f 2982 3515 3479
f 3479 3515 3516
f 3515 3009 3516
f 3009 3010 3517
f 3009 3517 3516
f 3516 3517 3518
f 3516 3518 3519
f 3479 3519 3482
f 3479 3516 3519
f 3518 3520 3519
f 3518 3521 3520
f 3518 3517 3522
f 3518 3522 3521
f 3521 3522 3523
f 3521 3523 3524
f 3521 3524 3525
f 3521 3525 3520
f 3524 3526 3525
f 3524 3527 3526
f 3524 3523 3528
f 3524 3528 3527
f 3527 3528 3529
f 3527 3529 3530
f 3527 3530 3531
f 3527 3531 3526
f 3530 3532 3531
f 3530 3533 3532
f 3530 3529 3534
f 3530 3534 3533
f 3012 3534 3013
f 3012 3533 3534
f 3012 3017 3535
f 3012 3535 3533
f 3486 3535 3487
f 3486 3533 3535
f 3486 3485 3532
f 3486 3532 3533
f 3487 3535 3536
f 3535 3017 3536
f 3017 3018 3536
f 3018 2985 3536
f 2985 3492 3536
f 3492 3487 3536
f 2992 3025 3537
f 2992 3537 3495
f 3495 3537 3538
f 3537 3025 3538
f 3025 3026 3538
f 3026 3031 3539
f 3026 3539 3538
f 3500 3539 3501
f 3500 3538 3539
f 3500 3495 3538
f 3501 3539 3540
f 3539 3031 3540
f 3031 3032 3540
f 3032 3037 3541
f 3032 3541 3540
f 3506 3541 3507
f 3506 3540 3541
f 3506 3501 3540
f 3507 3541 3542
f 3541 3037 3542
f 3037 3038 3542
f 3038 2995 3542
f 2995 3512 3542
f 3512 3507 3542
f 3010 3047 3543
f 3010 3543 3517
f 3517 3543 3544
f 3543 3047 3544
f 3047 3048 3544
f 3048 3053 3545
f 3048 3545 3544
f 3522 3545 3523
f 3522 3544 3545
f 3522 3517 3544
f 3523 3545 3546
f 3545 3053 3546
f 3053 3054 3546
f 3054 3059 3547
f 3054 3547 3546
f 3528 3547 3529
f 3528 3546 3547
f 3528 3523 3546
f 3529 3547 3548
f 3547 3059 3548
f 3059 3060 3548
f 3060 3013 3548
f 3013 3534 3548
f 3534 3529 3548
f 3123 3124 3549
f 3123 3549 3125
f 3125 3549 3550
f 3125 3551 3126
f 3125 3550 3551
f 3126 3551 3127
f 3127 3551 3552
f 3127 3553 3128
f 3127 3552 3553
f 3128 3553 3129
f 3129 3553 3554
f 3129 3554 3130
f 3137 3138 3555
f 3137 3555 3139
f 3139 3555 3556
f 3139 3557 3140
f 3139 3556 3557
f 3140 3557 3141
f 3141 3557 3558
f 3141 3559 3142
f 3141 3558 3559
f 3142 3559 3143
f 3143 3559 3560
f 3143 3560 3144
f 3150 3151 3561
f 3150 3561 3153
f 3562 3564 3563
f 3153 3564 3562
f 3153 3561 3564
f 3153 3562 3154
f 3154 3562 3124
f 3124 3562 3565
f 3124 3565 3549
f 3562 3563 3565
f 3549 3565 3566
f 3550 3567 3551
f 3550 3566 3567
f 3550 3549 3566
f 3551 3567 3568
f 3552 3569 3553
f 3552 3568 3569
f 3552 3551 3568
f 3553 3569 3570
f 3553 3570 3571
f 3571 3570 3572
f 3571 3572 3573
f 3130 3573 3155
f 3130 3571 3573
f 3130 3554 3571
f 3554 3553 3571
f 3155 3573 3574
f 3155 3574 3156
f 3163 3164 3575
f 3163 3575 3165
f 3576 3578 3577
f 3165 3578 3576
f 3165 3575 3578
f 3165 3576 3166
f 3166 3576 3138
f 3138 3576 3579
f 3138 3579 3555
f 3576 3577 3579
f 3555 3579 3580
f 3556 3581 3557
f 3556 3580 3581
f 3556 3555 3580
f 3557 3581 3582
f 3558 3583 3559
f 3558 3582 3583
f 3558 3557 3582
f 3559 3583 3584
f 3559 3584 3585
f 3585 3584 3586
f 3585 3586 3587
f 3144 3587 3167
f 3144 3585 3587
f 3144 3560 3585
f 3560 3559 3585
f 3167 3587 3588
f 3167 3588 3168
f 3589 3591 3590
f 3589 3592 3591
f 3173 3592 3589
f 3173 3174 3592
f 3173 3589 3151
f 3151 3589 3593
f 3151 3593 3561
f 3589 3590 3593
f 3561 3593 3594
f 3561 3594 3564
f 3572 3595 3573
f 3572 3570 3595
f 3573 3595 3596
f 3573 3596 3597
f 3597 3596 3598
f 3597 3598 3599
f 3156 3599 3175
f 3156 3597 3599
f 3156 3574 3597
f 3574 3573 3597
f 3175 3599 3600
f 3175 3600 3176
f 3183 3184 3601
f 3183 3601 3185
f 3602 3604 3603
f 3185 3604 3602
f 3185 3601 3604
f 3185 3602 3186
f 3186 3602 3164
f 3164 3602 3605
f 3164 3605 3575
f 3602 3603 3605
f 3575 3605 3606
f 3575 3606 3578
f 3586 3607 3587
f 3586 3584 3607
f 3587 3607 3608
f 3587 3608 3609
f 3609 3608 3610
f 3188 3610 3189
f 3188 3609 3610
f 3188 3168 3609
f 3168 3588 3609
f 3588 3587 3609
f 3194 3195 3611
f 3194 3611 3197
f 3612 3614 3613
f 3197 3614 3612
f 3197 3611 3614
f 3197 3612 3198
f 3198 3612 3174
f 3174 3612 3592
f 3592 3612 3613
f 3592 3613 3591
f 3615 3616 3617
f 3615 3617 3618
f 3615 3618 3619
f 3615 3619 3620
f 3598 3620 3599
f 3598 3615 3620
f 3598 3596 3616
f 3598 3616 3615
f 3599 3620 3621
f 3620 3619 3622
f 3620 3622 3621
f 3200 3622 3201
f 3200 3621 3622
f 3200 3176 3621
f 3176 3600 3621
f 3600 3599 3621
f 3213 3214 3623
f 3213 3624 3184
f 3213 3623 3624
f 3184 3624 3601
f 3601 3626 3625
f 3601 3624 3626
f 3624 3623 3626
f 3601 3625 3604
f 3627 3628 3629
f 3627 3629 3630
f 3627 3630 3631
f 3189 3631 3215
f 3189 3627 3631
f 3189 3610 3627
f 3610 3608 3628
f 3610 3628 3627
f 3215 3631 3632
f 3215 3632 3216
f 3220 3221 3633
f 3220 3634 3195
f 3220 3633 3634
f 3195 3634 3611
f 3611 3636 3635
f 3611 3634 3636
f 3634 3633 3636
f 3611 3635 3614
f 3637 3638 3639
f 3637 3639 3640
f 3637 3640 3641
f 3637 3641 3642
f 3618 3642 3619
f 3618 3637 3642
f 3618 3617 3638
f 3618 3638 3637
f 3619 3642 3643
f 3642 3641 3644
f 3642 3644 3643
f 3224 3644 3225
f 3224 3643 3644
f 3224 3201 3643
f 3201 3622 3643
f 3622 3619 3643
f 3241 3242 3645
f 3241 3646 3214
f 3241 3645 3646
f 3214 3646 3623
f 3623 3648 3647
f 3623 3646 3648
f 3646 3645 3648
f 3623 3647 3626
f 3649 3650 3651
f 3649 3651 3652
f 3649 3652 3653
f 3649 3653 3654
f 3630 3654 3631
f 3630 3649 3654
f 3630 3629 3650
f 3630 3650 3649
f 3631 3654 3655
f 3654 3653 3656
f 3654 3656 3655
f 3244 3656 3245
f 3244 3655 3656
f 3244 3216 3655
f 3216 3632 3655
f 3632 3631 3655
f 3221 3249 3657
f 3221 3657 3633
f 3633 3659 3658
f 3633 3657 3659
f 3657 3660 3659
f 3657 3249 3660
f 3249 3250 3660
f 3633 3658 3636
f 3661 3662 3663
f 3661 3663 3664
f 3661 3664 3665
f 3661 3665 3666
f 3661 3666 3667
f 3661 3667 3662
f 3666 3668 3667
f 3666 3669 3668
f 3666 3665 3670
f 3666 3670 3669
f 3252 3670 3253
f 3252 3669 3670
f 3252 3257 3671
f 3252 3671 3669
f 3640 3671 3641
f 3640 3669 3671
f 3640 3639 3668
f 3640 3668 3669
f 3641 3671 3672
f 3671 3257 3672
f 3257 3258 3672
f 3258 3225 3672
f 3225 3644 3672
f 3644 3641 3672
f 3242 3271 3673
f 3242 3673 3645
f 3645 3673 3674
f 3673 3271 3674
f 3271 3272 3675
f 3271 3675 3674
f 3674 3675 3676
f 3674 3676 3677
f 3645 3677 3648
f 3645 3674 3677
f 3676 3678 3677
f 3676 3675 3678
f 3679 3680 3681
f 3679 3681 3682
f 3274 3682 3275
f 3274 3679 3682
f 3274 3279 3683
f 3274 3683 3679
f 3652 3683 3653
f 3652 3679 3683
f 3652 3651 3680
f 3652 3680 3679
f 3653 3683 3684
f 3683 3279 3684
f 3279 3280 3684
f 3280 3245 3684
f 3245 3656 3684
f 3656 3653 3684
f 3250 3287 3685
f 3250 3686 3660
f 3250 3685 3686
f 3660 3686 3659
f 3685 3687 3686
f 3685 3688 3687
f 3685 3287 3688
f 3287 3288 3689
f 3287 3689 3688
f 3688 3689 3690
f 3688 3690 3691
f 3688 3691 3687
f 3690 3692 3691
f 3690 3693 3692
f 3690 3689 3694
f 3690 3694 3693
f 3693 3694 3695
f 3693 3695 3696
f 3693 3696 3697
f 3693 3697 3692
f 3696 3698 3697
f 3696 3699 3698
f 3696 3695 3700
f 3696 3700 3699
f 3290 3700 3291
f 3290 3699 3700
f 3290 3295 3701
f 3290 3701 3699
f 3699 3701 3702
f 3699 3702 3698
f 3701 3703 3702
f 3701 3704 3703
f 3701 3295 3704
f 3295 3296 3704
f 3296 3300 3705
f 3296 3705 3704
f 3664 3705 3665
f 3664 3704 3705
f 3664 3663 3703
f 3664 3703 3704
f 3665 3705 3706
f 3705 3300 3706
f 3300 3301 3706
f 3301 3253 3706
f 3253 3670 3706
f 3670 3665 3706
f 3272 3308 3707
f 3272 3707 3675
f 3675 3707 3708
f 3707 3308 3708
f 3308 3309 3708
f 3309 3313 3709
f 3309 3709 3708
f 3708 3709 3710
f 3675 3710 3678
f 3675 3708 3710
f 3709 3711 3710
f 3709 3712 3711
f 3709 3313 3712
f 3313 3314 3713
f 3313 3713 3712
f 3712 3713 3714
f 3712 3714 3715
f 3712 3715 3711
f 3714 3716 3715
f 3714 3717 3716
f 3714 3713 3718
f 3714 3718 3717
f 3717 3718 3719
f 3717 3719 3720
f 3717 3720 3721
f 3717 3721 3716
f 3720 3722 3721
f 3720 3723 3722
f 3720 3719 3724
f 3720 3724 3723
f 3316 3724 3317
f 3316 3723 3724
f 3316 3321 3725
f 3316 3725 3723
f 3723 3725 3726
f 3723 3726 3722
f 3725 3727 3726
f 3725 3728 3727
f 3725 3321 3728
f 3321 3322 3728
f 3322 3275 3728
f 3275 3682 3728
f 3682 3681 3727
f 3682 3727 3728
f 3288 3330 3729
f 3288 3729 3689
f 3689 3729 3730
f 3729 3330 3730
f 3330 3331 3730
f 3331 3334 3731
f 3331 3731 3730
f 3694 3731 3695
f 3694 3730 3731
f 3694 3689 3730
f 3695 3731 3732
f 3731 3334 3732
f 3334 3335 3732
f 3335 3291 3732
f 3291 3700 3732
f 3700 3695 3732
f 3314 3342 3733
f 3314 3733 3713
f 3713 3733 3734
f 3733 3342 3734
f 3342 3343 3734
f 3343 3346 3735
f 3343 3735 3734
f 3718 3735 3719
f 3718 3734 3735
f 3718 3713 3734
f 3719 3735 3736
f 3735 3346 3736
f 3346 3347 3736
f 3347 3317 3736
f 3317 3724 3736
f 3724 3719 3736
f 3360 3361 3737
f 3360 3737 3364
f 3738 3740 3739
f 3364 3740 3738
f 3364 3737 3740
f 3364 3738 3366
f 3366 3738 3741
f 3366 3741 3367
f 3738 3742 3741
f 3738 3739 3742
f 3741 3744 3743
f 3741 3742 3744
f 3741 3743 3367
f 3367 3743 3368
f 3368 3743 3745
f 3368 3745 3369
f 3743 3746 3745
f 3743 3744 3746
f 3745 3746 3747
f 3745 3748 3369
f 3745 3747 3748
f 3369 3749 3370
f 3369 3748 3749
f 3370 3749 3372
f 3372 3749 3750
f 3372 3750 3373
f 3379 3380 3751
f 3379 3751 3382
f 3752 3754 3753
f 3382 3754 3752
f 3382 3751 3754
f 3382 3752 3384
f 3384 3752 3755
f 3384 3755 3385
f 3752 3756 3755
f 3752 3753 3756
f 3755 3758 3757
f 3755 3756 3758
f 3755 3757 3385
f 3385 3757 3386
f 3386 3757 3759
f 3386 3759 3387
f 3757 3760 3759
f 3757 3758 3760
f 3759 3760 3761
f 3759 3762 3387
f 3759 3761 3762
f 3387 3763 3388
f 3387 3762 3763
f 3388 3763 3390
f 3390 3763 3764
f 3390 3764 3391
f 3765 3767 3766
f 3765 3768 3767
f 3395 3768 3765
f 3395 3396 3768
f 3395 3765 3361
f 3361 3765 3769
f 3361 3769 3737
f 3765 3766 3769
f 3737 3769 3770
f 3737 3770 3740
f 3748 3771 3749
f 3748 3747 3771
f 3749 3771 3772
f 3749 3772 3773
f 3773 3772 3774
f 3773 3774 3775
f 3373 3775 3397
f 3373 3773 3775
f 3373 3750 3773
f 3750 3749 3773
f 3397 3775 3776
f 3397 3776 3398
f 3405 3406 3777
f 3405 3777 3407
f 3778 3780 3779
f 3407 3780 3778
f 3407 3777 3780
f 3407 3778 3408
f 3408 3778 3380
f 3380 3778 3781
f 3380 3781 3751
f 3778 3779 3781
f 3751 3781 3782
f 3751 3782 3754
f 3762 3783 3763
f 3762 3761 3783
f 3763 3783 3784
f 3763 3784 3785
f 3785 3784 3786
f 3410 3786 3411
f 3410 3785 3786
f 3410 3391 3785
f 3391 3764 3785
f 3764 3763 3785
f 3787 3789 3788
f 3787 3790 3789
f 3417 3790 3787
f 3417 3418 3790
f 3417 3787 3396
f 3396 3787 3768
f 3768 3787 3788
f 3768 3788 3767
f 3791 3792 3793
f 3791 3793 3794
f 3791 3794 3795
f 3791 3795 3796
f 3774 3796 3775
f 3774 3791 3796
f 3774 3772 3792
f 3774 3792 3791
f 3775 3796 3797
f 3796 3795 3798
f 3796 3798 3797
f 3420 3798 3421
f 3420 3797 3798
f 3420 3398 3797
f 3398 3776 3797
f 3776 3775 3797
f 3429 3430 3799
f 3429 3800 3406
f 3429 3799 3800
f 3406 3800 3777
f 3777 3802 3801
f 3777 3800 3802
f 3800 3799 3802
f 3777 3801 3780
f 3803 3804 3805
f 3803 3805 3806
f 3432 3806 3433
f 3432 3803 3806
f 3432 3411 3803
f 3411 3786 3803
f 3786 3784 3804
f 3786 3804 3803
f 3440 3441 3807
f 3440 3808 3418
f 3440 3807 3808
f 3418 3809 3790
f 3418 3808 3809
f 3790 3809 3789
f 3808 3810 3809
f 3808 3807 3810
f 3811 3812 3813
f 3811 3813 3814
f 3811 3814 3815
f 3811 3815 3816
f 3794 3816 3795
f 3794 3811 3816
f 3794 3793 3812
f 3794 3812 3811
f 3795 3816 3817
f 3816 3815 3818
f 3816 3818 3817
f 3444 3818 3445
f 3444 3817 3818
f 3444 3421 3817
f 3421 3798 3817
f 3798 3795 3817
f 3453 3454 3819
f 3453 3820 3430
f 3453 3819 3820
f 3430 3820 3799
f 3799 3822 3821
f 3799 3820 3822
f 3820 3819 3822
f 3799 3821 3802
f 3823 3824 3825
f 3823 3825 3826
f 3823 3826 3827
f 3823 3827 3828
f 3823 3828 3829
f 3823 3829 3824
f 3828 3830 3829
f 3828 3831 3830
f 3828 3827 3832
f 3828 3832 3831
f 3456 3832 3457
f 3456 3831 3832
f 3456 3433 3831
f 3433 3806 3831
f 3806 3805 3830
f 3806 3830 3831
f 3441 3463 3833
f 3441 3833 3807
f 3807 3833 3834
f 3833 3463 3834
f 3463 3464 3835
f 3463 3835 3834
f 3834 3835 3836
f 3834 3836 3837
f 3807 3837 3810
f 3807 3834 3837
f 3836 3838 3837
f 3836 3839 3838
f 3836 3835 3840
f 3836 3840 3839
f 3839 3840 3841
f 3839 3841 3842
f 3839 3842 3843
f 3839 3843 3838
f 3842 3844 3843
f 3842 3845 3844
f 3842 3841 3846
f 3842 3846 3845
f 3845 3846 3847
f 3845 3847 3848
f 3845 3848 3849
f 3845 3849 3844
f 3848 3850 3849
f 3848 3851 3850
f 3848 3847 3852
f 3848 3852 3851
f 3466 3852 3467
f 3466 3851 3852
f 3466 3471 3853
f 3466 3853 3851
f 3814 3853 3815
f 3814 3851 3853
f 3814 3813 3850
f 3814 3850 3851
f 3815 3853 3854
f 3853 3471 3854
f 3471 3472 3854
f 3472 3445 3854
f 3445 3818 3854
f 3818 3815 3854
f 3454 3481 3855
f 3454 3855 3819
f 3819 3855 3856
f 3855 3481 3856
f 3481 3482 3857
f 3481 3857 3856
f 3856 3857 3858
f 3856 3858 3859
f 3819 3859 3822
f 3819 3856 3859
f 3858 3860 3859
f 3858 3861 3860
f 3858 3857 3862
f 3858 3862 3861
f 3861 3862 3863
f 3861 3863 3864
f 3861 3864 3865
f 3861 3865 3860
f 3864 3866 3865
f 3864 3867 3866
f 3864 3863 3868
f 3864 3868 3867
f 3867 3868 3869
f 3867 3869 3870
f 3867 3870 3871
f 3867 3871 3866
f 3870 3872 3871
f 3870 3873 3872
f 3870 3869 3874
f 3870 3874 3873
f 3484 3874 3485
f 3484 3873 3874
f 3484 3489 3875
f 3484 3875 3873
f 3826 3875 3827
f 3826 3873 3875
f 3826 3825 3872
f 3826 3872 3873
f 3827 3875 3876
f 3875 3489 3876
f 3489 3490 3876
f 3490 3457 3876
f 3457 3832 3876
f 3832 3827 3876
f 3464 3497 3877
f 3464 3877 3835
f 3835 3877 3878
f 3877 3497 3878
f 3497 3498 3878
f 3498 3503 3879
f 3498 3879 3878
f 3840 3879 3841
f 3840 3878 3879
f 3840 3835 3878
f 3841 3879 3880
f 3879 3503 3880
f 3503 3504 3880
f 3504 3509 3881
f 3504 3881 3880
f 3846 3881 3847
f 3846 3880 3881
f 3846 3841 3880
f 3847 3881 3882
f 3881 3509 3882
f 3509 3510 3882
f 3510 3467 3882
f 3467 3852 3882
f 3852 3847 3882
f 3482 3519 3883
f 3482 3883 3857
f 3857 3883 3884
f 3883 3519 3884
f 3519 3520 3884
f 3520 3525 3885
f 3520 3885 3884
f 3862 3885 3863
f 3862 3884 3885
f 3862 3857 3884
f 3863 3885 3886
f 3885 3525 3886
f 3525 3526 3886
f 3526 3531 3887
f 3526 3887 3886
f 3868 3887 3869
f 3868 3886 3887
f 3868 3863 3886
f 3869 3887 3888
f 3887 3531 3888
f 3531 3532 3888
f 3532 3485 3888
f 3485 3874 3888
f 3874 3869 3888
f 3563 3564 3889
f 3563 3889 3565
f 3565 3889 3890
f 3565 3891 3566
f 3565 3890 3891
f 3566 3891 3567
f 3567 3891 3892
f 3567 3893 3568
f 3567 3892 3893
f 3568 3893 3569
f 3569 3893 3894
f 3569 3894 3570
f 3577 3578 3895
f 3577 3895 3579
f 3579 3895 3896
f 3579 3897 3580
f 3579 3896 3897
f 3580 3897 3581
f 3581 3897 3898
f 3581 3899 3582
f 3581 3898 3899
f 3582 3899 3583
f 3583 3899 3900
f 3583 3900 3584
f 3590 3591 3901
f 3590 3901 3593
f 3902 3904 3903
f 3593 3904 3902
f 3593 3901 3904
f 3593 3902 3594
f 3594 3902 3564
f 3564 3902 3905
f 3564 3905 3889
f 3902 3903 3905
f 3889 3905 3906
f 3890 3907 3891
f 3890 3906 3907
f 3890 3889 3906
f 3891 3907 3908
f 3892 3909 3893
f 3892 3908 3909
f 3892 3891 3908
f 3893 3909 3910
f 3893 3910 3911
f 3911 3910 3912
f 3911 3912 3913
f 3570 3913 3595
f 3570 3911 3913
f 3570 3894 3911
f 3894 3893 3911
f 3595 3913 3914
f 3595 3914 3596
f 3603 3604 3915
f 3603 3915 3605
f 3916 3918 3917
f 3605 3918 3916
f 3605 3915 3918
f 3605 3916 3606
f 3606 3916 3578
f 3578 3916 3919
f 3578 3919 3895
f 3916 3917 3919
f 3895 3919 3920
f 3896 3921 3897
f 3896 3920 3921
f 3896 3895 3920
f 3897 3921 3922
f 3898 3923 3899
f 3898 3922 3923
f 3898 3897 3922
f 3899 3923 3924
f 3899 3924 3925
f 3925 3924 3926
f 3925 3926 3927
f 3584 3927 3607
f 3584 3925 3927
f 3584 3900 3925
f 3900 3899 3925
f 3607 3927 3928
f 3607 3928 3608
f 3929 3931 3930
f 3929 3932 3931
f 3613 3932 3929
f 3613 3614 3932
f 3613 3929 3591
f 3591 3929 3933
f 3591 3933 3901
f 3929 3930 3933
f 3901 3933 3934
f 3901 3934 3904
f 3935 3936 3937
f 3935 3937 3938
f 3935 3938 3939
f 3935 3939 3940
f 3912 3940 3913
f 3912 3935 3940
f 3912 3910 3936
f 3912 3936 3935
f 3913 3940 3941
f 3940 3939 3942
f 3940 3942 3941
f 3616 3942 3617
f 3616 3941 3942
f 3616 3596 3941
f 3596 3914 3941
f 3914 3913 3941
f 3625 3626 3943
f 3625 3944 3604
f 3625 3943 3944
f 3604 3944 3915
f 3915 3946 3945
f 3915 3944 3946
f 3944 3943 3946
f 3915 3945 3918
f 3926 3947 3927
f 3926 3924 3947
f 3927 3947 3948
f 3927 3948 3949
f 3949 3948 3950
f 3628 3950 3629
f 3628 3949 3950
f 3628 3608 3949
f 3608 3928 3949
f 3928 3927 3949
f 3951 3953 3952
f 3951 3954 3953
f 3635 3954 3951
f 3635 3636 3954
f 3635 3951 3614
f 3614 3951 3932
f 3932 3951 3952
f 3932 3952 3931
f 3955 3956 3957
f 3955 3957 3958
f 3955 3958 3959
f 3955 3959 3960
f 3938 3960 3939
f 3938 3955 3960
f 3938 3937 3956
f 3938 3956 3955
f 3939 3960 3961
f 3960 3959 3962
f 3960 3962 3961
f 3638 3962 3639
f 3638 3961 3962
f 3638 3617 3961
f 3617 3942 3961
f 3942 3939 3961
f 3647 3648 3963
f 3647 3964 3626
f 3647 3963 3964
f 3626 3964 3943
f 3943 3966 3965
f 3943 3964 3966
f 3964 3963 3966
f 3943 3965 3946
f 3967 3968 3969
f 3967 3969 3970
f 3650 3970 3651
f 3650 3967 3970
f 3650 3629 3967
f 3629 3950 3967
f 3950 3948 3968
f 3950 3968 3967
f 3658 3659 3971
f 3658 3972 3636
f 3658 3971 3972
f 3636 3973 3954
f 3636 3972 3973
f 3954 3973 3953
f 3972 3974 3973
f 3972 3971 3974
f 3975 3976 3977
f 3975 3977 3978
f 3975 3978 3979
f 3975 3979 3980
f 3975 3980 3981
f 3975 3981 3976
f 3980 3982 3981
f 3980 3983 3982
f 3980 3979 3984
f 3980 3984 3983
f 3662 3984 3663
f 3662 3983 3984
f 3662 3667 3985
f 3662 3985 3983
f 3958 3985 3959
f 3958 3983 3985
f 3958 3957 3982
f 3958 3982 3983
f 3959 3985 3986
f 3985 3667 3986
f 3667 3668 3986
f 3668 3639 3986
f 3639 3962 3986
f 3962 3959 3986
f 3648 3677 3987
f 3648 3987 3963
f 3963 3987 3988
f 3987 3677 3988
f 3677 3678 3989
f 3677 3989 3988
f 3988 3989 3990
f 3988 3990 3991
f 3963 3991 3966
f 3963 3988 3991
f 3990 3992 3991
f 3990 3989 3992
f 3993 3994 3995
f 3993 3995 3996
f 3993 3996 3997
f 3993 3997 3998
f 3993 3998 3999
f 3993 3999 3994
f 3998 4000 3999
f 3998 4001 4000
f 3998 3997 4002
f 3998 4002 4001
f 3680 4002 3681
f 3680 4001 4002
f 3680 3651 4001
f 3651 3970 4001
f 3970 3969 4000
f 3970 4000 4001
f 3659 3686 4003
f 3659 4003 3971
f 3971 4003 4004
f 4003 3686 4004
f 3686 3687 4004
f 3687 3691 4005
f 3687 4005 4004
f 4004 4005 4006
f 3971 4006 3974
f 3971 4004 4006
f 4005 4007 4006
f 4005 4008 4007
f 4005 3691 4008
f 3691 3692 4008
f 3692 3697 4009
f 3692 4009 4008
f 4008 4009 4010
f 4008 4010 4007
f 4009 4011 4010
f 4009 4012 4011
f 4009 3697 4012
f 3697 3698 4012
f 3698 3702 4013
f 3698 4013 4012
f 3978 4013 3979
f 3978 4012 4013
f 3978 3977 4011
f 3978 4011 4012
f 3979 4013 4014
f 4013 3702 4014
f 3702 3703 4014
f 3703 3663 4014
f 3663 3984 4014
f 3984 3979 4014
f 3678 3710 4015
f 3678 4015 3989
f 3989 4015 4016
f 4015 3710 4016
f 3710 3711 4016
f 3711 3715 4017
f 3711 4017 4016
f 4016 4017 4018
f 3989 4018 3992
f 3989 4016 4018
f 4017 4019 4018
f 4017 4020 4019
f 4017 3715 4020
f 3715 3716 4020
f 3716 3721 4021
f 3716 4021 4020
f 4020 4021 4022
f 4020 4022 4019
f 4021 4023 4022
f 4021 4024 4023
f 4021 3721 4024
f 3721 3722 4024
f 3722 3726 4025
f 3722 4025 4024
f 3996 4025 3997
f 3996 4024 4025
f 3996 3995 4023
f 3996 4023 4024
f 3997 4025 4026
f 4025 3726 4026
f 3726 3727 4026
f 3727 3681 4026
f 3681 4002 4026
f 4002 3997 4026
f 4027 4029 4028
f 4027 4030 4029
f 3739 4030 4027
f 3739 3740 4030
f 3739 4027 4031
f 3739 4031 3742
f 4027 4032 4031
f 4027 4028 4032
f 4031 4032 4033
f 4031 4034 3742
f 4031 4033 4034
f 3742 4035 3744
f 3742 4034 4035
f 3744 4035 3746
f 3746 4035 4036
f 3746 4036 3747
f 3753 3754 4037
f 3753 4037 3756
f 4038 4040 4039
f 3756 4040 4038
f 3756 4037 4040
f 3756 4038 3758
f 3758 4038 4041
f 3758 4041 3760
f 4038 4042 4041
f 4038 4039 4042
f 4041 4042 4043
f 4041 4044 3760
f 4041 4043 4044
f 3760 4044 3761
f 4045 4047 4046
f 4045 4048 4047
f 3766 4048 4045
f 3766 3767 4048
f 3766 4045 4049
f 3766 4049 3769
f 4045 4050 4049
f 4045 4046 4050
f 4049 4052 4051
f 4049 4050 4052
f 4049 4051 3769
f 3769 4051 3770
f 3770 4051 3740
f 3740 4051 4030
f 4030 4051 4052
f 4030 4052 4029
f 4034 4053 4035
f 4034 4033 4053
f 4035 4053 4054
f 3747 4055 3771
f 3747 4056 4055
f 3747 4036 4056
f 4036 4054 4056
f 4036 4035 4054
f 4055 4056 4057
f 4055 4058 3771
f 4055 4057 4058
f 3771 4058 3772
f 4059 4061 4060
f 4059 4062 4061
f 3779 4062 4059
f 3779 3780 4062
f 3779 4059 4063
f 3779 4063 3781
f 4059 4064 4063
f 4059 4060 4064
f 4063 4066 4065
f 4063 4064 4066
f 4063 4065 3781
f 3781 4065 3782
f 3782 4065 3754
f 3754 4065 4067
f 3754 4067 4037
f 4065 4066 4067
f 4037 4067 4068
f 4037 4068 4040
f 3761 4069 3783
f 3761 4070 4069
f 3761 4044 4070
f 4044 4043 4070
f 4069 4070 4071
f 4069 4072 3783
f 4069 4071 4072
f 3783 4072 3784
f 3788 3789 4073
f 3788 4074 3767
f 3788 4073 4074
f 3767 4075 4048
f 3767 4074 4075
f 4048 4075 4047
f 4074 4076 4075
f 4074 4073 4076
f 4077 4078 4079
f 4077 4079 4080
f 3792 4080 3793
f 3792 4077 4080
f 3792 3772 4077
f 3772 4058 4077
f 4058 4057 4078
f 4058 4078 4077
f 4081 4083 4082
f 4081 4084 4083
f 3801 4084 4081
f 3801 3802 4084
f 3801 4081 3780
f 3780 4081 4062
f 4062 4081 4082
f 4062 4082 4061
f 4085 4086 4087
f 4085 4087 4088
f 4085 4088 4089
f 4085 4089 4090
f 4085 4090 4091
f 4085 4091 4086
f 4090 4092 4091
f 4090 4093 4092
f 4090 4089 4094
f 4090 4094 4093
f 3804 4094 3805
f 3804 4093 4094
f 3804 3784 4093
f 3784 4072 4093
f 4072 4071 4092
f 4072 4092 4093
f 3789 3809 4095
f 3789 4095 4073
f 4073 4097 4096
f 4073 4095 4097
f 4095 4098 4097
f 4095 3809 4098
f 3809 3810 4098
f 4073 4096 4076
f 4099 4100 4101
f 4099 4101 4102
f 4099 4102 4103
f 4099 4103 4104
f 4099 4104 4105
f 4099 4105 4100
f 4104 4106 4105
f 4104 4107 4106
f 4104 4103 4108
f 4104 4108 4107
f 3812 4108 3813
f 3812 4107 4108
f 3812 3793 4107
f 3793 4080 4107
f 4080 4079 4106
f 4080 4106 4107
f 3821 3822 4109
f 3821 4110 3802
f 3821 4109 4110
f 3802 4111 4084
f 3802 4110 4111
f 4084 4111 4083
f 4110 4112 4111
f 4110 4109 4112
f 4113 4114 4115
f 4113 4115 4116
f 3824 4116 3825
f 3824 4113 4116
f 3824 3829 4117
f 3824 4117 4113
f 4088 4117 4089
f 4088 4113 4117
f 4088 4087 4114
f 4088 4114 4113
f 4089 4117 4118
f 4117 3829 4118
f 3829 3830 4118
f 3830 3805 4118
f 3805 4094 4118
f 4094 4089 4118
f 3810 3837 4119
f 3810 4120 4098
f 3810 4119 4120
f 4098 4120 4097
f 4119 4121 4120
f 4119 4122 4121
f 4119 3837 4122
f 3837 3838 4122
f 3838 3843 4123
f 3838 4123 4122
f 4122 4123 4124
f 4122 4124 4121
f 4123 4125 4124
f 4123 4126 4125
f 4123 3843 4126
f 3843 3844 4126
f 3844 3849 4127
f 3844 4127 4126
f 4102 4127 4103
f 4102 4126 4127
f 4102 4101 4125
f 4102 4125 4126
f 4103 4127 4128
f 4127 3849 4128
f 3849 3850 4128
f 3850 3813 4128
f 3813 4108 4128
f 4108 4103 4128
f 3822 3859 4129
f 3822 4129 4109
f 4109 4129 4130
f 4129 3859 4130
f 3859 3860 4130
f 3860 3865 4131
f 3860 4131 4130
f 4130 4131 4132
f 4109 4132 4112
f 4109 4130 4132
f 4131 4133 4132
f 4131 4134 4133
f 4131 3865 4134
f 3865 3866 4134
f 3866 3871 4135
f 3866 4135 4134
f 4134 4135 4136
f 4134 4136 4133
f 4135 4137 4136
f 4135 4138 4137
f 4135 3871 4138
f 3871 3872 4138
f 3872 3825 4138
f 3825 4116 4138
f 4116 4115 4137
f 4116 4137 4138
f 4139 4141 4140
f 4139 4142 4141
f 3903 4142 4139
f 3903 3904 4142
f 3903 4139 4143
f 3903 4143 3905
f 4139 4144 4143
f 4139 4140 4144
f 4143 4146 4145
f 4143 4144 4146
f 4143 4145 3905
f 3905 4145 3906
f 3906 4145 4147
f 3906 4147 3907
f 4145 4148 4147
f 4145 4146 4148
f 4147 4148 4149
f 4147 4150 3907
f 4147 4149 4150
f 3907 4151 3908
f 3907 4150 4151
f 3908 4151 3909
f 3909 4151 4152
f 3909 4152 3910
f 3917 3918 4153
f 3917 4153 3919
f 4154 4156 4155
f 3919 4156 4154
f 3919 4153 4156
f 3919 4154 3920
f 3920 4154 4157
f 3920 4157 3921
f 4154 4158 4157
f 4154 4155 4158
f 4157 4160 4159
f 4157 4158 4160
f 4157 4159 3921
f 3921 4159 3922
f 3922 4159 4161
f 3922 4161 3923
f 4159 4162 4161
f 4159 4160 4162
f 4161 4162 4163
f 4161 4164 3923
f 4161 4163 4164
f 3923 4164 3924
f 3930 3931 4165
f 3930 4165 3933
f 4166 4168 4167
f 3933 4168 4166
f 3933 4165 4168
f 3933 4166 3934
f 3934 4166 3904
f 3904 4166 4142
f 4142 4166 4167
f 4142 4167 4141
f 4150 4169 4151
f 4150 4149 4169
f 4151 4169 4170
f 4151 4170 4171
f 4171 4170 4172
f 3936 4172 3937
f 3936 4171 4172
f 3936 3910 4171
f 3910 4152 4171
f 4152 4151 4171
f 4173 4175 4174
f 4173 4176 4175
f 3945 4176 4173
f 3945 3946 4176
f 3945 4173 3918
f 3918 4173 4177
f 3918 4177 4153
f 4173 4174 4177
f 4153 4177 4178
f 4153 4178 4156
f 4179 4180 4181
f 4179 4181 4182
f 4179 4182 4183
f 3924 4183 3947
f 3924 4179 4183
f 3924 4164 4179
f 4164 4163 4180
f 4164 4180 4179
f 3947 4183 4184
f 3947 4184 3948
f 4185 4187 4186
f 4185 4188 4187
f 3952 4188 4185
f 3952 3953 4188
f 3952 4185 3931
f 3931 4185 4189
f 3931 4189 4165
f 4185 4186 4189
f 4165 4189 4190
f 4165 4190 4168
f 4191 4192 4193
f 4191 4193 4194
f 3956 4194 3957
f 3956 4191 4194
f 3956 3937 4191
f 3937 4172 4191
f 4172 4170 4192
f 4172 4192 4191
f 4195 4197 4196
f 4195 4198 4197
f 3965 4198 4195
f 3965 3966 4198
f 3965 4195 3946
f 3946 4195 4176
f 4176 4195 4196
f 4176 4196 4175
f 4182 4199 4183
f 4182 4181 4199
f 4183 4199 4200
f 4183 4200 4201
f 4201 4200 4202
f 3968 4202 3969
f 3968 4201 4202
f 3968 3948 4201
f 3948 4184 4201
f 4184 4183 4201
f 3953 3973 4203
f 3953 4204 4188
f 3953 4203 4204
f 4188 4204 4187
f 4203 4205 4204
f 4203 4206 4205
f 4203 3973 4206
f 3973 3974 4206
f 4207 4208 4209
f 4207 4209 4210
f 4207 4210 4211
f 4207 4211 4212
f 4207 4212 4213
f 4207 4213 4208
f 4212 4214 4213
f 4212 4215 4214
f 4212 4211 4216
f 4212 4216 4215
f 3976 4216 3977
f 3976 4215 4216
f 3976 3981 4217
f 3976 4217 4215
f 4215 4217 4218
f 4215 4218 4214
f 4217 4219 4218
f 4217 4220 4219
f 4217 3981 4220
f 3981 3982 4220
f 3982 3957 4220
f 3957 4194 4220
f 4194 4193 4219
f 4194 4219 4220
f 3966 3991 4221
f 3966 4222 4198
f 3966 4221 4222
f 4198 4222 4197
f 4221 4223 4222
f 4221 4224 4223
f 4221 3991 4224
f 3991 3992 4225
f 3991 4225 4224
f 4224 4225 4226
f 4224 4226 4227
f 4224 4227 4223
f 4226 4228 4227
f 4226 4225 4228
f 4229 4230 4231
f 4229 4231 4232
f 3994 4232 3995
f 3994 4229 4232
f 3994 3999 4233
f 3994 4233 4229
f 4229 4233 4234
f 4229 4234 4230
f 4233 4235 4234
f 4233 4236 4235
f 4233 3999 4236
f 3999 4000 4236
f 4000 3969 4236
f 3969 4202 4236
f 4202 4200 4235
f 4202 4235 4236
f 3974 4006 4237
f 3974 4238 4206
f 3974 4237 4238
f 4206 4238 4205
f 4237 4239 4238
f 4237 4240 4239
f 4237 4006 4240
f 4006 4007 4240
f 4007 4010 4241
f 4007 4241 4240
f 4210 4241 4211
f 4210 4240 4241
f 4210 4209 4239
f 4210 4239 4240
f 4211 4241 4242
f 4241 4010 4242
f 4010 4011 4242
f 4011 3977 4242
f 3977 4216 4242
f 4216 4211 4242
f 3992 4018 4243
f 3992 4243 4225
f 4225 4243 4244
f 4243 4018 4244
f 4018 4019 4244
f 4019 4022 4245
f 4019 4245 4244
f 4244 4245 4246
f 4225 4246 4228
f 4225 4244 4246
f 4245 4247 4246
f 4245 4248 4247
f 4245 4022 4248
f 4022 4023 4248
f 4023 3995 4248
f 3995 4232 4248
f 4232 4231 4247
f 4232 4247 4248
f 4028 4029 4249
f 4028 4249 4032
f 4032 4249 4250
f 4032 4250 4033
f 4039 4040 4251
f 4039 4251 4042
f 4042 4251 4252
f 4042 4252 4043
f 4046 4047 4253
f 4046 4253 4050
f 4254 4256 4255
f 4050 4256 4254
f 4050 4253 4256
f 4050 4254 4052
f 4052 4254 4029
f 4029 4254 4257
f 4029 4257 4249
f 4254 4255 4257
f 4249 4257 4258
f 4033 4259 4053
f 4033 4260 4259
f 4033 4250 4260
f 4250 4258 4260
f 4250 4249 4258
f 4259 4260 4261
f 4259 4262 4053
f 4259 4261 4262
f 4053 4263 4054
f 4053 4262 4263
f 4054 4263 4056
f 4056 4263 4264
f 4056 4264 4057
f 4060 4061 4265
f 4060 4265 4064
f 4266 4268 4267
f 4064 4268 4266
f 4064 4265 4268
f 4064 4266 4066
f 4066 4266 4269
f 4066 4269 4067
f 4266 4270 4269
f 4266 4267 4270
f 4269 4272 4271
f 4269 4270 4272
f 4269 4271 4067
f 4067 4271 4068
f 4068 4271 4040
f 4040 4271 4273
f 4040 4273 4251
f 4271 4272 4273
f 4251 4273 4274
f 4251 4274 4275
f 4275 4274 4276
f 4275 4276 4277
f 4043 4277 4070
f 4043 4275 4277
f 4043 4252 4275
f 4252 4251 4275
f 4070 4277 4278
f 4070 4278 4071
f 4047 4075 4279
f 4047 4279 4253
f 4253 4281 4280
f 4253 4279 4281
f 4279 4282 4281
f 4279 4075 4282
f 4075 4076 4282
f 4253 4280 4256
f 4283 4284 4285
f 4283 4285 4286
f 4283 4286 4287
f 4283 4287 4288
f 4262 4288 4263
f 4262 4283 4288
f 4262 4261 4284
f 4262 4284 4283
f 4263 4288 4289
f 4288 4287 4290
f 4288 4290 4289
f 4078 4290 4079
f 4078 4289 4290
f 4078 4057 4289
f 4057 4264 4289
f 4264 4263 4289
f 4082 4083 4291
f 4082 4292 4061
f 4082 4291 4292
f 4061 4292 4265
f 4265 4294 4293
f 4265 4292 4294
f 4292 4291 4294
f 4265 4293 4268
f 4295 4296 4297
f 4295 4297 4298
f 4086 4298 4087
f 4086 4295 4298
f 4086 4091 4299
f 4086 4299 4295
f 4276 4299 4277
f 4276 4295 4299
f 4276 4274 4296
f 4276 4296 4295
f 4277 4299 4300
f 4299 4091 4300
f 4091 4092 4300
f 4092 4071 4300
f 4071 4278 4300
f 4278 4277 4300
f 4096 4097 4301
f 4096 4302 4076
f 4096 4301 4302
f 4076 4303 4282
f 4076 4302 4303
f 4282 4303 4281
f 4302 4304 4303
f 4302 4305 4304
f 4302 4301 4306
f 4302 4306 4305
f 4305 4306 4307
f 4305 4307 4308
f 4305 4308 4309
f 4305 4309 4304
f 4308 4310 4309
f 4308 4311 4310
f 4308 4307 4312
f 4308 4312 4311
f 4100 4312 4101
f 4100 4311 4312
f 4100 4105 4313
f 4100 4313 4311
f 4286 4313 4287
f 4286 4311 4313
f 4286 4285 4310
f 4286 4310 4311
f 4287 4313 4314
f 4313 4105 4314
f 4105 4106 4314
f 4106 4079 4314
f 4079 4290 4314
f 4290 4287 4314
f 4083 4111 4315
f 4083 4315 4291
f 4291 4315 4316
f 4315 4111 4316
f 4111 4112 4317
f 4111 4317 4316
f 4316 4317 4318
f 4316 4318 4319
f 4291 4319 4294
f 4291 4316 4319
f 4318 4320 4319
f 4318 4321 4320
f 4318 4317 4322
f 4318 4322 4321
f 4321 4322 4323
f 4321 4323 4324
f 4321 4324 4325
f 4321 4325 4320
f 4324 4326 4325
f 4324 4327 4326
f 4324 4323 4328
f 4324 4328 4327
f 4114 4328 4115
f 4114 4327 4328
f 4114 4087 4327
f 4087 4298 4327
f 4298 4297 4326
f 4298 4326 4327
f 4097 4120 4329
f 4097 4329 4301
f 4301 4329 4330
f 4329 4120 4330
f 4120 4121 4330
f 4121 4124 4331
f 4121 4331 4330
f 4306 4331 4307
f 4306 4330 4331
f 4306 4301 4330
f 4307 4331 4332
f 4331 4124 4332
f 4124 4125 4332
f 4125 4101 4332
f 4101 4312 4332
f 4312 4307 4332
f 4112 4132 4333
f 4112 4333 4317
f 4317 4333 4334
f 4333 4132 4334
f 4132 4133 4334
f 4133 4136 4335
f 4133 4335 4334
f 4322 4335 4323
f 4322 4334 4335
f 4322 4317 4334
f 4323 4335 4336
f 4335 4136 4336
f 4136 4137 4336
f 4137 4115 4336
f 4115 4328 4336
f 4328 4323 4336
f 4140 4141 4337
f 4140 4337 4144
f 4144 4337 4338
f 4144 4339 4146
f 4144 4338 4339
f 4146 4339 4148
f 4148 4339 4340
f 4148 4340 4149
f 4155 4156 4341
f 4155 4341 4158
f 4158 4341 4342
f 4158 4343 4160
f 4158 4342 4343
f 4160 4343 4162
f 4162 4343 4344
f 4162 4344 4163
f 4345 4347 4346
f 4345 4348 4347
f 4167 4348 4345
f 4167 4168 4348
f 4167 4345 4141
f 4141 4345 4349
f 4141 4349 4337
f 4345 4346 4349
f 4337 4349 4350
f 4338 4351 4339
f 4338 4350 4351
f 4338 4337 4350
f 4339 4351 4352
f 4339 4352 4353
f 4353 4352 4354
f 4353 4354 4355
f 4149 4355 4169
f 4149 4353 4355
f 4149 4340 4353
f 4340 4339 4353
f 4169 4355 4356
f 4169 4356 4170
f 4174 4175 4357
f 4174 4357 4177
f 4358 4360 4359
f 4177 4360 4358
f 4177 4357 4360
f 4177 4358 4178
f 4178 4358 4156
f 4156 4358 4361
f 4156 4361 4341
f 4358 4359 4361
f 4341 4361 4362
f 4342 4363 4343
f 4342 4362 4363
f 4342 4341 4362
f 4343 4363 4364
f 4343 4364 4365
f 4365 4364 4366
f 4180 4366 4181
f 4180 4365 4366
f 4180 4163 4365
f 4163 4344 4365
f 4344 4343 4365
f 4186 4187 4367
f 4186 4367 4189
f 4368 4370 4369
f 4189 4370 4368
f 4189 4367 4370
f 4189 4368 4190
f 4190 4368 4168
f 4168 4368 4348
f 4348 4368 4369
f 4348 4369 4347
f 4371 4372 4373
f 4371 4373 4374
f 4371 4374 4375
f 4371 4375 4376
f 4354 4376 4355
f 4354 4371 4376
f 4354 4352 4372
f 4354 4372 4371
f 4355 4376 4377
f 4376 4375 4378
f 4376 4378 4377
f 4192 4378 4193
f 4192 4377 4378
f 4192 4170 4377
f 4170 4356 4377
f 4356 4355 4377
f 4196 4197 4379
f 4196 4380 4175
f 4196 4379 4380
f 4175 4380 4357
f 4357 4382 4381
f 4357 4380 4382
f 4380 4379 4382
f 4357 4381 4360
f 4383 4384 4385
f 4383 4385 4386
f 4383 4386 4387
f 4181 4387 4199
f 4181 4383 4387
f 4181 4366 4383
f 4366 4364 4384
f 4366 4384 4383
f 4199 4387 4388
f 4199 4388 4200
f 4187 4204 4389
f 4187 4389 4367
f 4367 4389 4390
f 4389 4204 4390
f 4204 4205 4391
f 4204 4391 4390
f 4390 4391 4392
f 4390 4392 4393
f 4367 4393 4370
f 4367 4390 4393
f 4392 4394 4393
f 4392 4395 4394
f 4392 4391 4396
f 4392 4396 4395
f 4208 4396 4209
f 4208 4395 4396
f 4208 4213 4397
f 4208 4397 4395
f 4395 4397 4398
f 4395 4398 4394
f 4397 4399 4398
f 4397 4400 4399
f 4397 4213 4400
f 4213 4214 4400
f 4214 4218 4401
f 4214 4401 4400
f 4374 4401 4375
f 4374 4400 4401
f 4374 4373 4399
f 4374 4399 4400
f 4375 4401 4402
f 4401 4218 4402
f 4218 4219 4402
f 4219 4193 4402
f 4193 4378 4402
f 4378 4375 4402
f 4197 4222 4403
f 4197 4403 4379
f 4379 4403 4404
f 4403 4222 4404
f 4222 4223 4404
f 4223 4227 4405
f 4223 4405 4404
f 4404 4405 4406
f 4379 4406 4382
f 4379 4404 4406
f 4405 4407 4406
f 4405 4408 4407
f 4405 4227 4408
f 4227 4228 4409
f 4227 4409 4408
f 4408 4409 4410
f 4408 4410 4411
f 4408 4411 4407
f 4410 4412 4411
f 4410 4413 4412
f 4410 4409 4414
f 4410 4414 4413
f 4230 4414 4231
f 4230 4413 4414
f 4230 4234 4415
f 4230 4415 4413
f 4386 4415 4387
f 4386 4413 4415
f 4386 4385 4412
f 4386 4412 4413
f 4387 4415 4416
f 4415 4234 4416
f 4234 4235 4416
f 4235 4200 4416
f 4200 4388 4416
f 4388 4387 4416
f 4205 4238 4417
f 4205 4417 4391
f 4391 4417 4418
f 4417 4238 4418
f 4238 4239 4418
f 4239 4209 4418
f 4209 4396 4418
f 4396 4391 4418
f 4228 4246 4419
f 4228 4419 4409
f 4409 4419 4420
f 4419 4246 4420
f 4246 4247 4420
f 4247 4231 4420
f 4231 4414 4420
f 4414 4409 4420
f 4421 4423 4422
f 4421 4424 4423
f 4255 4424 4421
f 4255 4256 4424
f 4255 4421 4425
f 4255 4425 4257
f 4421 4426 4425
f 4421 4422 4426
f 4425 4428 4427
f 4425 4426 4428
f 4425 4427 4257
f 4257 4427 4258
f 4258 4427 4429
f 4258 4429 4260
f 4427 4430 4429
f 4427 4428 4430
f 4429 4430 4431
f 4429 4432 4260
f 4429 4431 4432
f 4260 4432 4261
f 4433 4435 4434
f 4433 4436 4435
f 4267 4436 4433
f 4267 4268 4436
f 4267 4433 4437
f 4267 4437 4270
f 4433 4438 4437
f 4433 4434 4438
f 4437 4440 4439
f 4437 4438 4440
f 4437 4439 4270
f 4270 4439 4272
f 4272 4439 4441
f 4272 4441 4273
f 4439 4442 4441
f 4439 4440 4442
f 4441 4442 4443
f 4441 4444 4273
f 4441 4443 4444
f 4273 4444 4274
f 4445 4447 4446
f 4445 4448 4447
f 4280 4448 4445
f 4280 4281 4448
f 4280 4445 4256
f 4256 4445 4424
f 4424 4445 4446
f 4424 4446 4423
f 4449 4450 4451
f 4449 4451 4452
f 4284 4452 4285
f 4284 4449 4452
f 4284 4261 4449
f 4261 4432 4449
f 4432 4431 4450
f 4432 4450 4449
f 4453 4455 4454
f 4453 4456 4455
f 4293 4456 4453
f 4293 4294 4456
f 4293 4453 4268
f 4268 4453 4436
f 4436 4453 4454
f 4436 4454 4435
f 4457 4458 4459
f 4457 4459 4460
f 4296 4460 4297
f 4296 4457 4460
f 4296 4274 4457
f 4274 4444 4457
f 4444 4443 4458
f 4444 4458 4457
f 4281 4303 4461
f 4281 4462 4448
f 4281 4461 4462
f 4448 4462 4447
f 4461 4463 4462
f 4461 4464 4463
f 4461 4303 4464
f 4303 4304 4464
f 4304 4309 4465
f 4304 4465 4464
f 4464 4465 4466
f 4464 4466 4463
f 4465 4467 4466
f 4465 4468 4467
f 4465 4309 4468
f 4309 4310 4468
f 4310 4285 4468
f 4285 4452 4468
f 4452 4451 4467
f 4452 4467 4468
f 4294 4319 4469
f 4294 4470 4456
f 4294 4469 4470
f 4456 4470 4455
f 4469 4471 4470
f 4469 4472 4471
f 4469 4319 4472
f 4319 4320 4472
f 4320 4325 4473
f 4320 4473 4472
f 4472 4473 4474
f 4472 4474 4471
f 4473 4475 4474
f 4473 4476 4475
f 4473 4325 4476
f 4325 4326 4476
f 4326 4297 4476
f 4297 4460 4476
f 4460 4459 4475
f 4460 4475 4476
f 4477 4479 4478
f 4477 4480 4479
f 4346 4480 4477
f 4346 4347 4480
f 4346 4477 4481
f 4346 4481 4349
f 4477 4482 4481
f 4477 4478 4482
f 4481 4484 4483
f 4481 4482 4484
f 4481 4483 4349
f 4349 4483 4350
f 4350 4483 4485
f 4350 4485 4351
f 4483 4486 4485
f 4483 4484 4486
f 4485 4486 4487
f 4485 4488 4351
f 4485 4487 4488
f 4351 4488 4352
f 4489 4491 4490
f 4489 4492 4491
f 4359 4492 4489
f 4359 4360 4492
f 4359 4489 4493
f 4359 4493 4361
f 4489 4494 4493
f 4489 4490 4494
f 4493 4496 4495
f 4493 4494 4496
f 4493 4495 4361
f 4361 4495 4362
f 4362 4495 4497
f 4362 4497 4363
f 4495 4498 4497
f 4495 4496 4498
f 4497 4498 4499
f 4497 4500 4363
f 4497 4499 4500
f 4363 4500 4364
f 4501 4503 4502
f 4501 4504 4503
f 4369 4504 4501
f 4369 4370 4504
f 4369 4501 4347
f 4347 4501 4480
f 4480 4501 4502
f 4480 4502 4479
f 4505 4506 4507
f 4505 4507 4508
f 4372 4508 4373
f 4372 4505 4508
f 4372 4352 4505
f 4352 4488 4505
f 4488 4487 4506
f 4488 4506 4505
f 4509 4511 4510
f 4509 4512 4511
f 4381 4512 4509
f 4381 4382 4512
f 4381 4509 4360
f 4360 4509 4492
f 4492 4509 4510
f 4492 4510 4491
f 4513 4514 4515
f 4513 4515 4516
f 4384 4516 4385
f 4384 4513 4516
f 4384 4364 4513
f 4364 4500 4513
f 4500 4499 4514
f 4500 4514 4513
f 4370 4393 4517
f 4370 4518 4504
f 4370 4517 4518
f 4504 4518 4503
f 4517 4519 4518
f 4517 4520 4519
f 4517 4393 4520
f 4393 4394 4520
f 4394 4398 4521
f 4394 4521 4520
f 4520 4521 4522
f 4520 4522 4519
f 4521 4523 4522
f 4521 4524 4523
f 4521 4398 4524
f 4398 4399 4524
f 4399 4373 4524
f 4373 4508 4524
f 4508 4507 4523
f 4508 4523 4524
f 4382 4406 4525
f 4382 4526 4512
f 4382 4525 4526
f 4512 4526 4511
f 4525 4527 4526
f 4525 4528 4527
f 4525 4406 4528
f 4406 4407 4528
f 4407 4411 4529
f 4407 4529 4528
f 4528 4529 4530
f 4528 4530 4527
f 4529 4531 4530
f 4529 4532 4531
f 4529 4411 4532
f 4411 4412 4532
f 4412 4385 4532
f 4385 4516 4532
f 4516 4515 4531
f 4516 4531 4532
f 4533 4535 4534
f 4533 4536 4535
f 4533 4537 4536
f 4533 4538 4537
f 4533 4539 4538
f 4533 4534 4539
f 4538 4539 4540
f 4538 4540 4537
f 4541 4543 4542
f 4541 4544 4543
f 4541 4545 4544
f 4541 4546 4545
f 4541 4547 4546
f 4541 4542 4547
f 4546 4547 4548
f 4546 4548 4545
f 4549 4551 4550
f 4549 4552 4551
f 4549 4553 4552
f 4549 4554 4553
f 4549 4555 4554
f 4549 4550 4555
f 4554 4557 4556
f 4554 4555 4557
f 4554 4556 4558
f 4554 4558 4553
f 4422 4558 4556
f 4422 4423 4558
f 4422 4556 4559
f 4422 4559 4426
f 4536 4559 4556
f 4536 4537 4559
f 4536 4556 4557
f 4536 4557 4535
f 4537 4560 4559
f 4559 4560 4426
f 4426 4560 4428
f 4428 4560 4561
f 4428 4561 4430
f 4560 4562 4561
f 4537 4562 4560
f 4537 4540 4562
f 4561 4564 4563
f 4561 4562 4564
f 4561 4563 4430
f 4430 4563 4565
f 4430 4565 4431
f 4563 4566 4565
f 4563 4567 4566
f 4563 4564 4567
f 4566 4567 4568
f 4566 4568 4565
f 4569 4571 4570
f 4569 4572 4571
f 4569 4573 4572
f 4569 4574 4573
f 4569 4575 4574
f 4569 4570 4575
f 4574 4577 4576
f 4574 4575 4577
f 4574 4576 4578
f 4574 4578 4573
f 4434 4578 4576
f 4434 4435 4578
f 4434 4576 4579
f 4434 4579 4438
f 4576 4580 4579
f 4576 4577 4580
f 4579 4582 4581
f 4579 4580 4582
f 4579 4581 4438
f 4438 4581 4440
f 4440 4581 4583
f 4440 4583 4442
f 4544 4583 4581
f 4544 4545 4583
f 4544 4581 4582
f 4544 4582 4543
f 4545 4584 4583
f 4583 4584 4442
f 4442 4584 4585
f 4442 4585 4443
f 4584 4586 4585
f 4584 4587 4586
f 4545 4587 4584
f 4545 4548 4587
f 4586 4587 4588
f 4586 4588 4585
f 4552 4553 4589
f 4552 4589 4551
f 4553 4590 4591
f 4553 4591 4589
f 4590 4592 4591
f 4446 4592 4590
f 4446 4447 4592
f 4446 4590 4423
f 4423 4590 4558
f 4558 4590 4553
f 4450 4593 4451
f 4450 4594 4593
f 4450 4431 4594
f 4431 4565 4594
f 4565 4595 4594
f 4565 4596 4595
f 4594 4595 4593
f 4565 4568 4596
f 4597 4599 4598
f 4597 4600 4599
f 4597 4601 4600
f 4597 4602 4601
f 4572 4602 4597
f 4572 4573 4602
f 4572 4597 4598
f 4572 4598 4571
f 4573 4603 4602
f 4602 4603 4604
f 4602 4604 4601
f 4454 4604 4603
f 4454 4455 4604
f 4454 4603 4435
f 4435 4603 4578
f 4578 4603 4573
f 4605 4606 4607
f 4605 4607 4608
f 4458 4608 4459
f 4458 4605 4608
f 4458 4443 4605
f 4443 4585 4609
f 4443 4609 4605
f 4605 4609 4606
f 4585 4610 4609
f 4585 4588 4610
f 4611 4613 4612
f 4611 4614 4613
f 4611 4615 4614
f 4447 4615 4611
f 4447 4462 4615
f 4447 4611 4592
f 4592 4611 4612
f 4592 4612 4591
f 4462 4616 4615
f 4462 4617 4616
f 4462 4463 4617
f 4463 4466 4617
f 4618 4619 4620
f 4466 4620 4617
f 4466 4618 4620
f 4466 4467 4618
f 4467 4451 4618
f 4451 4593 4621
f 4451 4621 4618
f 4618 4621 4619
f 4593 4622 4621
f 4593 4595 4622
f 4600 4601 4623
f 4600 4623 4599
f 4601 4624 4625
f 4601 4625 4623
f 4624 4626 4625
f 4624 4627 4626
f 4455 4627 4624
f 4455 4470 4627
f 4455 4624 4604
f 4604 4624 4601
f 4470 4628 4627
f 4470 4629 4628
f 4470 4471 4629
f 4471 4474 4629
f 4630 4631 4632
f 4474 4632 4629
f 4474 4630 4632
f 4474 4475 4630
f 4475 4459 4630
f 4459 4608 4630
f 4608 4607 4631
f 4608 4631 4630
f 4614 4615 4633
f 4614 4633 4613
f 4615 4634 4633
f 4616 4617 4635
f 4616 4634 4615
f 4616 4635 4634
f 4617 4636 4635
f 4617 4620 4636
f 4626 4627 4637
f 4626 4637 4625
f 4627 4638 4637
f 4628 4629 4639
f 4628 4638 4627
f 4628 4639 4638
f 4629 4640 4639
f 4629 4632 4640
f 4641 4643 4642
f 4641 4644 4643
f 4641 4645 4644
f 4641 4646 4645
f 4641 4647 4646
f 4641 4642 4647
f 4646 4649 4648
f 4646 4647 4649
f 4646 4648 4650
f 4646 4650 4645
f 4648 4651 4650
f 4648 4652 4651
f 4648 4653 4652
f 4648 4649 4653
f 4652 4653 4654
f 4652 4654 4651
f 4655 4657 4656
f 4655 4658 4657
f 4655 4659 4658
f 4655 4660 4659
f 4655 4661 4660
f 4655 4656 4661
f 4660 4663 4662
f 4660 4661 4663
f 4660 4662 4664
f 4660 4664 4659
f 4662 4665 4664
f 4662 4666 4665
f 4662 4667 4666
f 4662 4663 4667
f 4666 4667 4668
f 4666 4668 4665
f 4669 4671 4670
f 4669 4672 4671
f 4478 4672 4669
f 4478 4479 4672
f 4478 4669 4673
f 4478 4673 4482
f 4644 4673 4669
f 4644 4645 4673
f 4644 4669 4670
f 4644 4670 4643
f 4645 4674 4673
f 4673 4674 4482
f 4482 4674 4484
f 4484 4674 4675
f 4484 4675 4486
f 4650 4675 4674
f 4650 4651 4675
f 4650 4674 4645
f 4651 4676 4675
f 4675 4676 4486
f 4486 4676 4677
f 4486 4677 4487
f 4676 4678 4677
f 4676 4679 4678
f 4651 4679 4676
f 4651 4654 4679
f 4678 4679 4680
f 4678 4680 4677
f 4681 4683 4682
f 4681 4684 4683
f 4681 4685 4684
f 4681 4686 4685
f 4681 4687 4686
f 4681 4682 4687
f 4686 4689 4688
f 4686 4687 4689
f 4686 4688 4690
f 4686 4690 4685
f 4490 4690 4688
f 4490 4491 4690
f 4490 4688 4691
f 4490 4691 4494
f 4658 4691 4688
f 4658 4659 4691
f 4658 4688 4689
f 4658 4689 4657
f 4659 4692 4691
f 4691 4692 4494
f 4494 4692 4496
f 4496 4692 4693
f 4496 4693 4498
f 4664 4693 4692
f 4664 4665 4693
f 4664 4692 4659
f 4665 4694 4693
f 4665 4695 4694
f 4693 4696 4498
f 4693 4694 4696
f 4498 4696 4499
f 4665 4668 4695
f 4697 4699 4698
f 4697 4700 4699
f 4697 4701 4700
f 4697 4702 4701
f 4697 4703 4702
f 4697 4698 4703
f 4702 4705 4704
f 4702 4703 4705
f 4702 4704 4706
f 4702 4706 4701
f 4502 4706 4704
f 4502 4503 4706
f 4502 4704 4479
f 4479 4704 4672
f 4672 4704 4705
f 4672 4705 4671
f 4506 4707 4507
f 4506 4708 4707
f 4506 4487 4708
f 4487 4677 4708
f 4677 4709 4708
f 4677 4710 4709
f 4708 4709 4707
f 4677 4680 4710
f 4711 4713 4712
f 4711 4714 4713
f 4711 4715 4714
f 4711 4716 4715
f 4684 4716 4711
f 4684 4685 4716
f 4684 4711 4712
f 4684 4712 4683
f 4685 4717 4716
f 4716 4717 4718
f 4716 4718 4715
f 4510 4718 4717
f 4510 4511 4718
f 4510 4717 4491
f 4491 4717 4690
f 4690 4717 4685
f 4514 4719 4515
f 4514 4720 4719
f 4514 4499 4720
f 4499 4721 4720
f 4499 4696 4721
f 4696 4694 4721
f 4720 4721 4722
f 4720 4722 4719
f 4700 4701 4723
f 4700 4723 4699
f 4701 4724 4725
f 4701 4725 4723
f 4724 4726 4725
f 4724 4727 4726
f 4503 4727 4724
f 4503 4518 4727
f 4503 4724 4706
f 4706 4724 4701
f 4728 4729 4730
f 4518 4730 4727
f 4518 4728 4730
f 4518 4519 4728
f 4519 4522 4731
f 4519 4731 4728
f 4728 4731 4732
f 4728 4732 4729
f 4731 4733 4732
f 4731 4734 4733
f 4731 4522 4734
f 4522 4523 4734
f 4523 4507 4734
f 4507 4707 4735
f 4507 4735 4734
f 4734 4735 4733
f 4707 4736 4735
f 4707 4709 4736
f 4714 4715 4737
f 4714 4737 4713
f 4715 4738 4737
f 4511 4526 4739
f 4511 4740 4718
f 4511 4739 4740
f 4718 4738 4715
f 4718 4740 4738
f 4739 4741 4740
f 4739 4742 4741
f 4739 4526 4742
f 4526 4743 4742
f 4526 4527 4743
f 4527 4530 4743
f 4744 4745 4746
f 4530 4746 4743
f 4530 4744 4746
f 4530 4531 4744
f 4531 4515 4744
f 4515 4719 4747
f 4515 4747 4744
f 4744 4747 4745
f 4719 4748 4747
f 4719 4722 4748
f 4726 4727 4749
f 4726 4749 4725
f 4727 4750 4749
f 4727 4730 4750
f 4742 4743 4751
f 4742 4751 4741
f 4743 4752 4751
f 4743 4746 4752
f 4753 4755 4754
f 4753 4756 4755
f 4534 4756 4753
f 4534 4535 4756
f 4534 4753 4757
f 4534 4757 4539
f 4753 4758 4757
f 4753 4754 4758
f 4757 4760 4759
f 4757 4758 4760
f 4757 4759 4539
f 4539 4759 4761
f 4539 4761 4540
f 4759 4762 4761
f 4759 4763 4762
f 4759 4760 4763
f 4762 4763 4764
f 4762 4764 4761
f 4765 4767 4766
f 4765 4768 4767
f 4765 4769 4768
f 4765 4770 4769
f 4765 4771 4770
f 4765 4766 4771
f 4770 4773 4772
f 4770 4771 4773
f 4770 4772 4774
f 4770 4774 4769
f 4542 4774 4772
f 4542 4543 4774
f 4542 4772 4775
f 4542 4775 4547
f 4772 4776 4775
f 4772 4773 4776
f 4775 4776 4777
f 4775 4778 4547
f 4775 4777 4778
f 4547 4778 4548
f 4779 4781 4780
f 4779 4782 4781
f 4550 4782 4779
f 4550 4551 4782
f 4550 4779 4783
f 4550 4783 4555
f 4779 4784 4783
f 4779 4780 4784
f 4783 4786 4785
f 4783 4784 4786
f 4783 4785 4555
f 4555 4785 4557
f 4557 4785 4535
f 4535 4785 4756
f 4756 4785 4786
f 4756 4786 4755
f 4540 4787 4562
f 4540 4761 4787
f 4761 4788 4787
f 4787 4788 4562
f 4562 4788 4564
f 4564 4788 4789
f 4564 4789 4567
f 4788 4790 4789
f 4761 4790 4788
f 4761 4764 4790
f 4789 4790 4791
f 4789 4792 4567
f 4789 4791 4792
f 4567 4792 4568
f 4793 4795 4794
f 4793 4796 4795
f 4570 4796 4793
f 4570 4571 4796
f 4570 4793 4797
f 4570 4797 4575
f 4793 4798 4797
f 4793 4794 4798
f 4797 4800 4799
f 4797 4798 4800
f 4797 4799 4575
f 4575 4799 4577
f 4577 4799 4801
f 4577 4801 4580
f 4768 4801 4799
f 4768 4769 4801
f 4768 4799 4800
f 4768 4800 4767
f 4769 4802 4801
f 4801 4802 4580
f 4580 4802 4582
f 4582 4802 4543
f 4543 4802 4774
f 4774 4802 4769
f 4548 4803 4587
f 4548 4804 4803
f 4548 4778 4804
f 4778 4777 4804
f 4803 4804 4805
f 4803 4806 4587
f 4803 4805 4806
f 4587 4806 4588
f 4807 4809 4808
f 4807 4810 4809
f 4807 4811 4810
f 4551 4811 4807
f 4551 4589 4811
f 4551 4807 4782
f 4782 4807 4808
f 4782 4808 4781
f 4589 4812 4811
f 4589 4591 4812
f 4813 4814 4815
f 4813 4815 4816
f 4596 4816 4595
f 4596 4813 4816
f 4596 4568 4813
f 4568 4792 4813
f 4792 4791 4814
f 4792 4814 4813
f 4817 4819 4818
f 4817 4820 4819
f 4598 4820 4817
f 4598 4599 4820
f 4598 4817 4571
f 4571 4817 4796
f 4796 4817 4818
f 4796 4818 4795
f 4606 4821 4607
f 4606 4609 4821
f 4822 4823 4824
f 4609 4824 4821
f 4609 4822 4824
f 4609 4610 4822
f 4610 4588 4822
f 4588 4806 4822
f 4806 4805 4823
f 4806 4823 4822
f 4810 4811 4825
f 4810 4825 4809
f 4811 4826 4827
f 4811 4827 4825
f 4826 4828 4827
f 4612 4828 4826
f 4612 4613 4828
f 4612 4826 4591
f 4591 4826 4812
f 4812 4826 4811
f 4619 4829 4620
f 4619 4621 4829
f 4830 4831 4832
f 4621 4832 4829
f 4621 4830 4832
f 4621 4622 4830
f 4622 4595 4830
f 4595 4816 4830
f 4816 4815 4831
f 4816 4831 4830
f 4833 4835 4834
f 4833 4836 4835
f 4833 4837 4836
f 4599 4837 4833
f 4599 4623 4837
f 4599 4833 4820
f 4820 4833 4834
f 4820 4834 4819
f 4623 4838 4837
f 4623 4625 4838
f 4839 4840 4841
f 4839 4841 4842
f 4631 4842 4632
f 4631 4839 4842
f 4631 4607 4839
f 4607 4821 4843
f 4607 4843 4839
f 4839 4843 4840
f 4821 4844 4843
f 4821 4824 4844
f 4613 4633 4845
f 4613 4846 4828
f 4613 4845 4846
f 4828 4846 4827
f 4845 4847 4846
f 4845 4848 4847
f 4845 4633 4848
f 4633 4634 4848
f 4634 4635 4849
f 4634 4849 4848
f 4848 4849 4850
f 4848 4850 4847
f 4849 4851 4850
f 4849 4852 4851
f 4849 4635 4852
f 4635 4636 4852
f 4636 4620 4852
f 4620 4829 4853
f 4620 4853 4852
f 4852 4853 4851
f 4829 4854 4853
f 4829 4832 4854
f 4836 4837 4855
f 4836 4855 4835
f 4837 4856 4855
f 4625 4637 4857
f 4625 4858 4838
f 4625 4857 4858
f 4838 4856 4837
f 4838 4858 4856
f 4857 4859 4858
f 4857 4860 4859
f 4857 4637 4860
f 4637 4638 4860
f 4638 4639 4861
f 4638 4861 4860
f 4860 4861 4862
f 4860 4862 4859
f 4861 4863 4862
f 4861 4864 4863
f 4861 4639 4864
f 4639 4640 4864
f 4640 4632 4864
f 4632 4842 4864
f 4842 4841 4863
f 4842 4863 4864
f 4865 4867 4866
f 4865 4868 4867
f 4642 4868 4865
f 4642 4643 4868
f 4642 4865 4869
f 4642 4869 4647
f 4865 4870 4869
f 4865 4866 4870
f 4869 4872 4871
f 4869 4870 4872
f 4869 4871 4647
f 4647 4871 4649
f 4649 4871 4873
f 4649 4873 4653
f 4871 4874 4873
f 4871 4872 4874
f 4873 4876 4875
f 4873 4874 4876
f 4873 4875 4653
f 4653 4875 4877
f 4653 4877 4654
f 4875 4878 4877
f 4875 4879 4878
f 4875 4876 4879
f 4878 4879 4880
f 4878 4880 4877
f 4881 4883 4882
f 4881 4884 4883
f 4881 4885 4884
f 4881 4886 4885
f 4881 4887 4886
f 4881 4882 4887
f 4886 4889 4888
f 4886 4887 4889
f 4886 4888 4890
f 4886 4890 4885
f 4656 4890 4888
f 4656 4657 4890
f 4656 4888 4891
f 4656 4891 4661
f 4888 4892 4891
f 4888 4889 4892
f 4891 4894 4893
f 4891 4892 4894
f 4891 4893 4661
f 4661 4893 4663
f 4663 4893 4895
f 4663 4895 4667
f 4893 4896 4895
f 4893 4894 4896
f 4895 4896 4897
f 4895 4898 4667
f 4895 4897 4898
f 4667 4898 4668
f 4899 4901 4900
f 4899 4902 4901
f 4899 4903 4902
f 4899 4904 4903
f 4899 4905 4904
f 4899 4900 4905
f 4904 4907 4906
f 4904 4905 4907
f 4904 4906 4908
f 4904 4908 4903
f 4670 4908 4906
f 4670 4671 4908
f 4670 4906 4643
f 4643 4906 4868
f 4868 4906 4907
f 4868 4907 4867
f 4654 4909 4679
f 4654 4877 4909
f 4877 4910 4909
f 4877 4911 4910
f 4909 4912 4679
f 4909 4910 4912
f 4679 4912 4680
f 4877 4880 4911
f 4913 4915 4914
f 4913 4916 4915
f 4682 4916 4913
f 4682 4683 4916
f 4682 4913 4917
f 4682 4917 4687
f 4884 4917 4913
f 4884 4885 4917
f 4884 4913 4914
f 4884 4914 4883
f 4885 4918 4917
f 4917 4918 4687
f 4687 4918 4689
f 4689 4918 4657
f 4657 4918 4890
f 4890 4918 4885
f 4695 4919 4694
f 4695 4920 4919
f 4695 4668 4920
f 4668 4921 4920
f 4668 4898 4921
f 4898 4897 4921
f 4920 4921 4922
f 4920 4922 4919
f 4923 4925 4924
f 4923 4926 4925
f 4698 4926 4923
f 4698 4699 4926
f 4698 4923 4927
f 4698 4927 4703
f 4902 4927 4923
f 4902 4903 4927
f 4902 4923 4924
f 4902 4924 4901
f 4903 4928 4927
f 4927 4928 4703
f 4703 4928 4705
f 4705 4928 4671
f 4671 4928 4908
f 4908 4928 4903
f 4929 4930 4931
f 4929 4931 4932
f 4710 4932 4709
f 4710 4929 4932
f 4710 4680 4929
f 4680 4912 4929
f 4912 4910 4930
f 4912 4930 4929
f 4933 4935 4934
f 4933 4936 4935
f 4712 4936 4933
f 4712 4713 4936
f 4712 4933 4683
f 4683 4933 4916
f 4916 4933 4934
f 4916 4934 4915
f 4694 4937 4721
f 4694 4919 4937
f 4919 4938 4937
f 4919 4939 4938
f 4937 4940 4721
f 4937 4938 4940
f 4721 4940 4722
f 4919 4922 4939
f 4699 4723 4941
f 4699 4942 4926
f 4699 4941 4942
f 4926 4942 4925
f 4941 4943 4942
f 4941 4944 4943
f 4941 4723 4944
f 4723 4725 4944
f 4729 4945 4730
f 4729 4732 4945
f 4946 4947 4948
f 4732 4948 4945
f 4732 4946 4948
f 4732 4733 4946
f 4733 4735 4949
f 4733 4949 4946
f 4946 4949 4950
f 4946 4950 4947
f 4949 4951 4950
f 4949 4952 4951
f 4949 4735 4952
f 4735 4736 4952
f 4736 4709 4952
f 4709 4932 4952
f 4932 4931 4951
f 4932 4951 4952
f 4713 4737 4953
f 4713 4954 4936
f 4713 4953 4954
f 4936 4954 4935
f 4953 4955 4954
f 4953 4956 4955
f 4953 4737 4956
f 4737 4957 4956
f 4737 4738 4957
f 4738 4740 4957
f 4740 4958 4957
f 4740 4741 4958
f 4959 4960 4961
f 4959 4961 4962
f 4745 4962 4746
f 4745 4959 4962
f 4745 4747 4963
f 4745 4963 4959
f 4959 4963 4964
f 4959 4964 4960
f 4963 4965 4964
f 4963 4966 4965
f 4963 4747 4966
f 4747 4748 4966
f 4748 4722 4966
f 4722 4940 4966
f 4940 4938 4965
f 4940 4965 4966
f 4725 4749 4967
f 4725 4968 4944
f 4725 4967 4968
f 4944 4968 4943
f 4967 4969 4968
f 4967 4970 4969
f 4967 4749 4970
f 4749 4750 4970
f 4750 4730 4970
f 4730 4945 4971
f 4730 4971 4970
f 4970 4971 4969
f 4945 4972 4971
f 4945 4948 4972
f 4956 4957 4973
f 4956 4973 4955
f 4957 4974 4973
f 4741 4751 4975
f 4741 4976 4958
f 4741 4975 4976
f 4958 4974 4957
f 4958 4976 4974
f 4975 4977 4976
f 4975 4978 4977
f 4975 4751 4978
f 4751 4752 4978
f 4752 4746 4978
f 4746 4962 4978
f 4962 4961 4977
f 4962 4977 4978
f 4979 4981 4980
f 4979 4982 4981
f 4979 4983 4982
f 4979 4984 4983
f 4979 4985 4984
f 4979 4980 4985
f 4984 4987 4986
f 4984 4985 4987
f 4984 4986 4988
f 4984 4988 4983
f 4754 4988 4986
f 4754 4755 4988
f 4754 4986 4989
f 4754 4989 4758
f 4986 4990 4989
f 4986 4987 4990
f 4989 4992 4991
f 4989 4990 4992
f 4989 4991 4758
f 4758 4991 4760
f 4760 4991 4993
f 4760 4993 4763
f 4991 4994 4993
f 4991 4992 4994
f 4993 4996 4995
f 4993 4994 4996
f 4993 4995 4763
f 4763 4995 4997
f 4763 4997 4764
f 4995 4998 4997
f 4995 4999 4998
f 4995 4996 4999
f 4998 4999 5000
f 4998 5000 4997
f 5001 5003 5002
f 5001 5004 5003
f 5001 5005 5004
f 5001 5006 5005
f 5001 5007 5006
f 5001 5002 5007
f 5006 5009 5008
f 5006 5007 5009
f 5006 5008 5010
f 5006 5010 5005
f 4766 5010 5008
f 4766 4767 5010
f 4766 5008 5011
f 4766 5011 4771
f 5008 5012 5011
f 5008 5009 5012
f 5011 5014 5013
f 5011 5012 5014
f 5011 5013 4771
f 4771 5013 4773
f 4773 5013 5015
f 4773 5015 4776
f 5013 5016 5015
f 5013 5014 5016
f 5015 5018 5017
f 5015 5016 5018
f 5015 5017 4776
f 4776 5017 5019
f 4776 5019 4777
f 5017 5020 5019
f 5017 5021 5020
f 5017 5018 5021
f 5020 5021 5022
f 5020 5022 5019
f 5023 5025 5024
f 5023 5026 5025
f 4780 5026 5023
f 4780 4781 5026
f 4780 5023 5027
f 4780 5027 4784
f 4982 5027 5023
f 4982 4983 5027
f 4982 5023 5024
f 4982 5024 4981
f 4983 5028 5027
f 5027 5028 4784
f 4784 5028 4786
f 4786 5028 4755
f 4755 5028 4988
f 4988 5028 4983
f 4764 5029 4790
f 4764 4997 5029
f 4997 5030 5029
f 5029 5030 4790
f 4790 5030 5031
f 4790 5031 4791
f 5030 5032 5031
f 5030 5033 5032
f 4997 5033 5030
f 4997 5000 5033
f 5032 5033 5034
f 5032 5034 5031
f 5035 5037 5036
f 5035 5038 5037
f 5035 5039 5038
f 5035 5040 5039
f 5035 5041 5040
f 5035 5036 5041
f 5040 5043 5042
f 5040 5041 5043
f 5040 5042 5044
f 5040 5044 5039
f 4794 5044 5042
f 4794 4795 5044
f 4794 5042 5045
f 4794 5045 4798
f 5004 5045 5042
f 5004 5005 5045
f 5004 5042 5043
f 5004 5043 5003
f 5005 5046 5045
f 5045 5046 4798
f 4798 5046 4800
f 4800 5046 4767
f 4767 5046 5010
f 5010 5046 5005
f 4777 5047 4804
f 4777 5019 5047
f 5019 5048 5047
f 5019 5049 5048
f 5047 5050 4804
f 5047 5048 5050
f 4804 5050 4805
f 5019 5022 5049
f 5051 5053 5052
f 5051 5054 5053
f 4808 5054 5051
f 4808 4809 5054
f 4808 5051 4781
f 4781 5051 5026
f 5026 5051 5052
f 5026 5052 5025
f 4814 5055 4815
f 4814 5056 5055
f 4814 4791 5056
f 4791 5031 5056
f 5031 5057 5056
f 5031 5058 5057
f 5056 5057 5055
f 5031 5034 5058
f 5059 5061 5060
f 5059 5062 5061
f 5059 5063 5062
f 5059 5064 5063
f 5038 5064 5059
f 5038 5039 5064
f 5038 5059 5060
f 5038 5060 5037
f 5039 5065 5064
f 5064 5065 5066
f 5064 5066 5063
f 4818 5066 5065
f 4818 4819 5066
f 4818 5065 4795
f 4795 5065 5044
f 5044 5065 5039
f 5067 5068 5069
f 5067 5069 5070
f 4823 5070 4824
f 4823 5067 5070
f 4823 4805 5067
f 4805 5050 5067
f 5050 5048 5068
f 5050 5068 5067
f 5071 5073 5072
f 5071 5074 5073
f 5071 5075 5074
f 4809 5075 5071
f 4809 4825 5075
f 4809 5071 5054
f 5054 5071 5072
f 5054 5072 5053
f 4825 5076 5075
f 4825 4827 5076
f 4831 5077 4832
f 4831 5078 5077
f 4831 4815 5078
f 4815 5055 5078
f 5055 5079 5078
f 5055 5080 5079
f 5078 5079 5077
f 5055 5057 5080
f 5081 5083 5082
f 5081 5084 5083
f 5081 5085 5084
f 5081 5086 5085
f 5062 5086 5081
f 5062 5063 5086
f 5062 5081 5082
f 5062 5082 5061
f 5063 5087 5086
f 5086 5087 5088
f 5086 5088 5085
f 4834 5088 5087
f 4834 4835 5088
f 4834 5087 4819
f 4819 5087 5066
f 5066 5087 5063
f 4840 5089 4841
f 4840 4843 5089
f 5090 5091 5092
f 4843 5092 5089
f 4843 5090 5092
f 4843 4844 5090
f 4844 4824 5090
f 4824 5070 5090
f 5070 5069 5091
f 5070 5091 5090
f 5074 5075 5093
f 5074 5093 5073
f 5075 5094 5095
f 5075 5095 5093
f 5094 5096 5095
f 5094 5097 5096
f 4827 5097 5094
f 4827 4846 5097
f 4827 5094 5076
f 5076 5094 5075
f 4846 5098 5097
f 4846 5099 5098
f 4846 4847 5099
f 4847 4850 5099
f 4850 5100 5099
f 4850 5101 5100
f 4850 4851 5101
f 4851 4853 5101
f 5102 5103 5104
f 4853 5104 5101
f 4853 5102 5104
f 4853 4854 5102
f 4854 4832 5102
f 4832 5077 5105
f 4832 5105 5102
f 5102 5105 5103
f 5077 5106 5105
f 5077 5079 5106
f 5084 5085 5107
f 5084 5107 5083
f 5085 5108 5109
f 5085 5109 5107
f 5108 5110 5109
f 5108 5111 5110
f 4835 5111 5108
f 4835 4855 5111
f 4835 5108 5088
f 5088 5108 5085
f 4855 5112 5111
f 4855 5113 5112
f 4855 4856 5113
f 4856 4858 5113
f 4858 5114 5113
f 4858 5115 5114
f 4858 4859 5115
f 4859 4862 5115
f 5116 5117 5118
f 4862 5118 5115
f 4862 5116 5118
f 4862 4863 5116
f 4863 4841 5116
f 4841 5089 5119
f 4841 5119 5116
f 5116 5119 5117
f 5089 5120 5119
f 5089 5092 5120
f 5096 5097 5121
f 5096 5121 5095
f 5097 5122 5121
f 5098 5099 5123
f 5098 5122 5097
f 5098 5123 5122
f 5099 5124 5123
f 5100 5101 5125
f 5100 5124 5099
f 5100 5125 5124
f 5101 5126 5125
f 5101 5104 5126
f 5110 5111 5127
f 5110 5127 5109
f 5111 5128 5127
f 5112 5113 5129
f 5112 5128 5111
f 5112 5129 5128
f 5113 5130 5129
f 5114 5115 5131
f 5114 5130 5113
f 5114 5131 5130
f 5115 5132 5131
f 5115 5118 5132
f 5133 5135 5134
f 5133 5136 5135
f 5133 5137 5136
f 5133 5138 5137
f 5133 5139 5138
f 5133 5134 5139
f 5138 5141 5140
f 5138 5139 5141
f 5138 5140 5142
f 5138 5142 5137
f 5140 5143 5142
f 5140 5144 5143
f 5140 5145 5144
f 5140 5141 5145
f 5144 5147 5146
f 5144 5145 5147
f 5144 5146 5148
f 5144 5148 5143
f 5146 5149 5148
f 5146 5150 5149
f 5146 5151 5150
f 5146 5147 5151
f 5150 5151 5152
f 5150 5152 5149
f 5153 5155 5154
f 5153 5156 5155
f 5153 5157 5156
f 5153 5158 5157
f 5153 5159 5158
f 5153 5154 5159
f 5158 5161 5160
f 5158 5159 5161
f 5158 5160 5162
f 5158 5162 5157
f 5160 5163 5162
f 5160 5164 5163
f 5160 5165 5164
f 5160 5161 5165
f 5164 5167 5166
f 5164 5165 5167
f 5164 5166 5168
f 5164 5168 5163
f 5166 5169 5168
f 5166 5170 5169
f 5166 5171 5170
f 5166 5167 5171
f 5170 5171 5172
f 5170 5172 5169
f 5173 5175 5174
f 5173 5176 5175
f 5173 5177 5176
f 5173 5178 5177
f 5173 5179 5178
f 5173 5174 5179
f 5178 5181 5180
f 5178 5179 5181
f 5178 5180 5182
f 5178 5182 5177
f 4866 5182 5180
f 4866 4867 5182
f 4866 5180 5183
f 4866 5183 4870
f 5136 5183 5180
f 5136 5137 5183
f 5136 5180 5181
f 5136 5181 5135
f 5137 5184 5183
f 5183 5184 4870
f 4870 5184 4872
f 4872 5184 5185
f 4872 5185 4874
f 5142 5185 5184
f 5142 5143 5185
f 5142 5184 5137
f 5143 5186 5185
f 5185 5186 4874
f 4874 5186 4876
f 4876 5186 5187
f 4876 5187 4879
f 5148 5187 5186
f 5148 5149 5187
f 5148 5186 5143
f 5149 5188 5187
f 5187 5188 4879
f 4879 5188 5189
f 4879 5189 4880
f 5188 5190 5189
f 5188 5191 5190
f 5149 5191 5188
f 5149 5152 5191
f 5190 5191 5192
f 5190 5192 5189
f 5193 5195 5194
f 5193 5196 5195
f 5193 5197 5196
f 5193 5198 5197
f 5193 5199 5198
f 5193 5194 5199
f 5198 5201 5200
f 5198 5199 5201
f 5198 5200 5202
f 5198 5202 5197
f 4882 5202 5200
f 4882 4883 5202
f 4882 5200 5203
f 4882 5203 4887
f 5156 5203 5200
f 5156 5157 5203
f 5156 5200 5201
f 5156 5201 5155
f 5157 5204 5203
f 5203 5204 4887
f 4887 5204 4889
f 4889 5204 5205
f 4889 5205 4892
f 5162 5205 5204
f 5162 5163 5205
f 5162 5204 5157
f 5163 5206 5205
f 5205 5206 4892
f 4892 5206 4894
f 4894 5206 5207
f 4894 5207 4896
f 5168 5207 5206
f 5168 5169 5207
f 5168 5206 5163
f 5169 5208 5207
f 5207 5208 4896
f 4896 5208 5209
f 4896 5209 4897
f 5208 5210 5209
f 5208 5211 5210
f 5169 5211 5208
f 5169 5172 5211
f 5210 5211 5212
f 5210 5212 5209
f 5213 5215 5214
f 5213 5216 5215
f 4900 5216 5213
f 4900 4901 5216
f 4900 5213 5217
f 4900 5217 4905
f 5176 5217 5213
f 5176 5177 5217
f 5176 5213 5214
f 5176 5214 5175
f 5177 5218 5217
f 5217 5218 4905
f 4905 5218 4907
f 4907 5218 4867
f 4867 5218 5182
f 5182 5218 5177
f 4911 5219 4910
f 4911 5220 5219
f 4911 4880 5220
f 4880 5189 5220
f 5189 5221 5220
f 5189 5222 5221
f 5220 5221 5219
f 5189 5192 5222
f 5223 5225 5224
f 5223 5226 5225
f 5223 5227 5226
f 5223 5228 5227
f 5196 5228 5223
f 5196 5197 5228
f 5196 5223 5224
f 5196 5224 5195
f 5197 5229 5228
f 5228 5229 5230
f 5228 5230 5227
f 4914 5230 5229
f 4914 4915 5230
f 4914 5229 4883
f 4883 5229 5202
f 5202 5229 5197
f 4897 5231 4921
f 4897 5209 5231
f 5209 5232 5231
f 5209 5233 5232
f 5231 5234 4921
f 5231 5232 5234
f 4921 5234 4922
f 5209 5212 5233
f 5235 5237 5236
f 5235 5238 5237
f 4924 5238 5235
f 4924 4925 5238
f 4924 5235 4901
f 4901 5235 5216
f 5216 5235 5236
f 5216 5236 5215
f 4930 5239 4931
f 4930 5240 5239
f 4930 4910 5240
f 4910 5219 5240
f 5219 5241 5240
f 5219 5242 5241
f 5240 5241 5239
f 5219 5221 5242
f 5243 5245 5244
f 5243 5246 5245
f 5243 5247 5246
f 5243 5248 5247
f 5226 5248 5243
f 5226 5227 5248
f 5226 5243 5244
f 5226 5244 5225
f 5227 5249 5248
f 5248 5249 5250
f 5248 5250 5247
f 4934 5250 5249
f 4934 4935 5250
f 4934 5249 4915
f 4915 5249 5230
f 5230 5249 5227
f 5251 5252 5253
f 5251 5253 5254
f 4939 5254 4938
f 4939 5251 5254
f 4939 4922 5251
f 4922 5234 5251
f 5234 5232 5252
f 5234 5252 5251
f 5255 5257 5256
f 5255 5258 5257
f 5255 5259 5258
f 4925 5259 5255
f 4925 4942 5259
f 4925 5255 5238
f 5238 5255 5256
f 5238 5256 5237
f 4942 5260 5259
f 4942 4943 5260
f 4947 5261 4948
f 4947 4950 5261
f 5262 5263 5264
f 4950 5264 5261
f 4950 5262 5264
f 4950 4951 5262
f 4951 4931 5262
f 4931 5239 5265
f 4931 5265 5262
f 5262 5265 5263
f 5239 5266 5265
f 5239 5241 5266
f 5246 5247 5267
f 5246 5267 5245
f 5247 5268 5269
f 5247 5269 5267
f 5268 5270 5269
f 5268 5271 5270
f 4935 5271 5268
f 4935 4954 5271
f 4935 5268 5250
f 5250 5268 5247
f 4954 5272 5271
f 4954 4955 5272
f 4960 5273 4961
f 4960 4964 5273
f 5274 5275 5276
f 4964 5276 5273
f 4964 5274 5276
f 4964 4965 5274
f 4965 4938 5274
f 4938 5254 5274
f 5254 5253 5275
f 5254 5275 5274
f 5258 5259 5277
f 5258 5277 5257
f 5259 5278 5277
f 4943 4968 5279
f 4943 5280 5260
f 4943 5279 5280
f 5260 5278 5259
f 5260 5280 5278
f 5279 5281 5280
f 5279 5282 5281
f 5279 4968 5282
f 4968 4969 5282
f 4969 4971 5283
f 4969 5283 5282
f 5282 5283 5284
f 5282 5284 5281
f 5283 5285 5284
f 5283 5286 5285
f 5283 4971 5286
f 4971 4972 5286
f 4972 4948 5286
f 4948 5261 5287
f 4948 5287 5286
f 5286 5287 5285
f 5261 5288 5287
f 5261 5264 5288
f 5270 5271 5289
f 5270 5289 5269
f 5271 5290 5289
f 4955 4973 5291
f 4955 5292 5272
f 4955 5291 5292
f 5272 5290 5271
f 5272 5292 5290
f 5291 5293 5292
f 5291 5294 5293
f 5291 4973 5294
f 4973 4974 5294
f 4974 4976 5295
f 4974 5295 5294
f 5294 5295 5296
f 5294 5296 5293
f 5295 5297 5296
f 5295 5298 5297
f 5295 4976 5298
f 4976 4977 5298
f 4977 4961 5298
f 4961 5273 5299
f 4961 5299 5298
f 5298 5299 5297
f 5273 5300 5299
f 5273 5276 5300
f 5301 5303 5302
f 5301 5304 5303
f 5301 5305 5304
f 5301 5306 5305
f 5301 5307 5306
f 5301 5302 5307
f 5306 5309 5308
f 5306 5307 5309
f 5306 5308 5310
f 5306 5310 5305
f 5308 5311 5310
f 5308 5312 5311
f 5308 5313 5312
f 5308 5309 5313
f 5312 5313 5314
f 5312 5314 5311
f 5315 5317 5316
f 5315 5318 5317
f 5315 5319 5318
f 5315 5320 5319
f 5315 5321 5320
f 5315 5316 5321
f 5320 5323 5322
f 5320 5321 5323
f 5320 5322 5324
f 5320 5324 5319
f 5322 5325 5324
f 5322 5326 5325
f 5322 5327 5326
f 5322 5323 5327
f 5326 5327 5328
f 5326 5328 5325
f 5329 5331 5330
f 5329 5332 5331
f 4980 5332 5329
f 4980 4981 5332
f 4980 5329 5333
f 4980 5333 4985
f 5329 5334 5333
f 5329 5330 5334
f 5333 5336 5335
f 5333 5334 5336
f 5333 5335 4985
f 4985 5335 4987
f 4987 5335 5337
f 4987 5337 4990
f 5304 5337 5335
f 5304 5305 5337
f 5304 5335 5336
f 5304 5336 5303
f 5305 5338 5337
f 5337 5338 4990
f 4990 5338 4992
f 4992 5338 5339
f 4992 5339 4994
f 5310 5339 5338
f 5310 5311 5339
f 5310 5338 5305
f 5311 5340 5339
f 5339 5340 4994
f 4994 5340 4996
f 4996 5340 5341
f 4996 5341 4999
f 5340 5342 5341
f 5311 5342 5340
f 5311 5314 5342
f 5341 5344 5343
f 5341 5342 5344
f 5341 5343 4999
f 4999 5343 5345
f 4999 5345 5000
f 5343 5346 5345
f 5343 5347 5346
f 5343 5344 5347
f 5346 5347 5348
f 5346 5348 5345
f 5349 5351 5350
f 5349 5352 5351
f 5349 5353 5352
f 5349 5354 5353
f 5349 5355 5354
f 5349 5350 5355
f 5354 5357 5356
f 5354 5355 5357
f 5354 5356 5358
f 5354 5358 5353
f 5002 5358 5356
f 5002 5003 5358
f 5002 5356 5359
f 5002 5359 5007
f 5356 5360 5359
f 5356 5357 5360
f 5359 5362 5361
f 5359 5360 5362
f 5359 5361 5007
f 5007 5361 5009
f 5009 5361 5363
f 5009 5363 5012
f 5318 5363 5361
f 5318 5319 5363
f 5318 5361 5362
f 5318 5362 5317
f 5319 5364 5363
f 5363 5364 5012
f 5012 5364 5014
f 5014 5364 5365
f 5014 5365 5016
f 5324 5365 5364
f 5324 5325 5365
f 5324 5364 5319
f 5325 5366 5365
f 5365 5366 5016
f 5016 5366 5018
f 5018 5366 5367
f 5018 5367 5021
f 5366 5368 5367
f 5325 5368 5366
f 5325 5328 5368
f 5367 5368 5369
f 5367 5370 5021
f 5367 5369 5370
f 5021 5370 5022
f 5371 5373 5372
f 5371 5374 5373
f 5371 5375 5374
f 5371 5376 5375
f 5371 5377 5376
f 5371 5372 5377
f 5376 5379 5378
f 5376 5377 5379
f 5376 5378 5380
f 5376 5380 5375
f 5024 5380 5378
f 5024 5025 5380
f 5024 5378 4981
f 4981 5378 5332
f 5332 5378 5379
f 5332 5379 5331
f 5000 5381 5033
f 5000 5345 5381
f 5345 5382 5381
f 5381 5382 5033
f 5033 5382 5383
f 5033 5383 5034
f 5382 5384 5383
f 5382 5385 5384
f 5345 5385 5382
f 5345 5348 5385
f 5384 5385 5386
f 5384 5386 5383
f 5387 5389 5388
f 5387 5390 5389
f 5387 5391 5390
f 5387 5392 5391
f 5387 5393 5392
f 5387 5388 5393
f 5392 5395 5394
f 5392 5393 5395
f 5392 5394 5396
f 5392 5396 5391
f 5036 5396 5394
f 5036 5037 5396
f 5036 5394 5397
f 5036 5397 5041
f 5352 5397 5394
f 5352 5353 5397
f 5352 5394 5395
f 5352 5395 5351
f 5353 5398 5397
f 5397 5398 5041
f 5041 5398 5043
f 5043 5398 5003
f 5003 5398 5358
f 5358 5398 5353
f 5049 5399 5048
f 5049 5400 5399
f 5049 5022 5400
f 5022 5401 5400
f 5022 5370 5401
f 5370 5369 5401
f 5400 5401 5402
f 5400 5402 5399
f 5403 5405 5404
f 5403 5406 5405
f 5403 5407 5406
f 5403 5408 5407
f 5374 5408 5403
f 5374 5375 5408
f 5374 5403 5404
f 5374 5404 5373
f 5375 5409 5408
f 5408 5409 5410
f 5408 5410 5407
f 5052 5410 5409
f 5052 5053 5410
f 5052 5409 5025
f 5025 5409 5380
f 5380 5409 5375
f 5058 5411 5057
f 5058 5412 5411
f 5058 5034 5412
f 5034 5383 5412
f 5383 5413 5412
f 5383 5414 5413
f 5412 5413 5411
f 5383 5386 5414
f 5415 5417 5416
f 5415 5418 5417
f 5415 5419 5418
f 5415 5420 5419
f 5390 5420 5415
f 5390 5391 5420
f 5390 5415 5416
f 5390 5416 5389
f 5391 5421 5420
f 5420 5421 5422
f 5420 5422 5419
f 5060 5422 5421
f 5060 5061 5422
f 5060 5421 5037
f 5037 5421 5396
f 5396 5421 5391
f 5068 5423 5069
f 5068 5424 5423
f 5068 5048 5424
f 5048 5399 5424
f 5399 5425 5424
f 5399 5426 5425
f 5424 5425 5423
f 5399 5402 5426
f 5406 5407 5427
f 5406 5427 5405
f 5407 5428 5429
f 5407 5429 5427
f 5428 5430 5429
f 5072 5430 5428
f 5072 5073 5430
f 5072 5428 5053
f 5053 5428 5410
f 5410 5428 5407
f 5080 5431 5079
f 5080 5432 5431
f 5080 5057 5432
f 5057 5411 5432
f 5411 5433 5432
f 5411 5434 5433
f 5432 5433 5431
f 5411 5413 5434
f 5435 5437 5436
f 5435 5438 5437
f 5435 5439 5438
f 5435 5440 5439
f 5418 5440 5435
f 5418 5419 5440
f 5418 5435 5436
f 5418 5436 5417
f 5419 5441 5440
f 5440 5441 5442
f 5440 5442 5439
f 5082 5442 5441
f 5082 5083 5442
f 5082 5441 5061
f 5061 5441 5422
f 5422 5441 5419
f 5443 5444 5445
f 5443 5445 5446
f 5091 5446 5092
f 5091 5443 5446
f 5091 5069 5443
f 5069 5423 5447
f 5069 5447 5443
f 5443 5447 5444
f 5423 5448 5447
f 5423 5425 5448
f 5449 5451 5450
f 5449 5452 5451
f 5449 5453 5452
f 5073 5453 5449
f 5073 5093 5453
f 5073 5449 5430
f 5430 5449 5450
f 5430 5450 5429
f 5093 5454 5453
f 5093 5095 5454
f 5103 5455 5104
f 5103 5105 5455
f 5456 5457 5458
f 5105 5458 5455
f 5105 5456 5458
f 5105 5106 5456
f 5106 5079 5456
f 5079 5431 5459
f 5079 5459 5456
f 5456 5459 5457
f 5431 5460 5459
f 5431 5433 5460
f 5438 5439 5461
f 5438 5461 5437
f 5439 5462 5463
f 5439 5463 5461
f 5462 5464 5463
f 5462 5465 5464
f 5083 5465 5462
f 5083 5107 5465
f 5083 5462 5442
f 5442 5462 5439
f 5107 5466 5465
f 5107 5109 5466
f 5117 5467 5118
f 5117 5119 5467
f 5468 5469 5470
f 5119 5470 5467
f 5119 5468 5470
f 5119 5120 5468
f 5120 5092 5468
f 5092 5446 5468
f 5446 5445 5469
f 5446 5469 5468
f 5452 5453 5471
f 5452 5471 5451
f 5453 5472 5473
f 5453 5473 5471
f 5472 5474 5473
f 5472 5475 5474
f 5095 5475 5472
f 5095 5121 5475
f 5095 5472 5454
f 5454 5472 5453
f 5121 5476 5475
f 5121 5477 5476
f 5121 5122 5477
f 5122 5123 5477
f 5123 5478 5477
f 5123 5479 5478
f 5123 5124 5479
f 5124 5125 5479
f 5480 5481 5482
f 5125 5482 5479
f 5125 5480 5482
f 5125 5126 5480
f 5126 5104 5480
f 5104 5455 5483
f 5104 5483 5480
f 5480 5483 5481
f 5455 5484 5483
f 5455 5458 5484
f 5464 5465 5485
f 5464 5485 5463
f 5465 5486 5487
f 5465 5487 5485
f 5486 5488 5487
f 5486 5489 5488
f 5109 5489 5486
f 5109 5127 5489
f 5109 5486 5466
f 5466 5486 5465
f 5127 5490 5489
f 5127 5491 5490
f 5127 5128 5491
f 5128 5129 5491
f 5129 5492 5491
f 5129 5493 5492
f 5129 5130 5493
f 5130 5131 5493
f 5494 5495 5496
f 5131 5496 5493
f 5131 5494 5496
f 5131 5132 5494
f 5132 5118 5494
f 5118 5467 5497
f 5118 5497 5494
f 5494 5497 5495
f 5467 5498 5497
f 5467 5470 5498
f 5474 5475 5499
f 5474 5499 5473
f 5475 5500 5499
f 5476 5477 5501
f 5476 5500 5475
f 5476 5501 5500
f 5477 5502 5501
f 5478 5479 5503
f 5478 5502 5477
f 5478 5503 5502
f 5479 5504 5503
f 5479 5482 5504
f 5488 5489 5505
f 5488 5505 5487
f 5489 5506 5505
f 5490 5491 5507
f 5490 5506 5489
f 5490 5507 5506
f 5491 5508 5507
f 5492 5493 5509
f 5492 5508 5491
f 5492 5509 5508
f 5493 5510 5509
f 5493 5496 5510
f 5511 5513 5512
f 5511 5514 5513
f 5511 5515 5514
f 5511 5516 5515
f 5511 5517 5516
f 5511 5512 5517
f 5516 5519 5518
f 5516 5517 5519
f 5516 5518 5520
f 5516 5520 5515
f 5518 5521 5520
f 5518 5522 5521
f 5518 5523 5522
f 5518 5519 5523
f 5522 5525 5524
f 5522 5523 5525
f 5522 5524 5526
f 5522 5526 5521
f 5524 5527 5526
f 5524 5528 5527
f 5524 5529 5528
f 5524 5525 5529
f 5528 5529 5530
f 5528 5530 5527
f 5531 5533 5532
f 5531 5534 5533
f 5531 5535 5534
f 5531 5536 5535
f 5531 5537 5536
f 5531 5532 5537
f 5536 5539 5538
f 5536 5537 5539
f 5536 5538 5540
f 5536 5540 5535
f 5538 5541 5540
f 5538 5542 5541
f 5538 5543 5542
f 5538 5539 5543
f 5542 5545 5544
f 5542 5543 5545
f 5542 5544 5546
f 5542 5546 5541
f 5544 5547 5546
f 5544 5548 5547
f 5544 5549 5548
f 5544 5545 5549
f 5548 5549 5550
f 5548 5550 5547
f 5551 5553 5552
f 5551 5554 5553
f 5551 5555 5554
f 5551 5556 5555
f 5551 5557 5556
f 5551 5552 5557
f 5556 5559 5558
f 5556 5557 5559
f 5556 5558 5560
f 5556 5560 5555
f 5134 5560 5558
f 5134 5135 5560
f 5134 5558 5561
f 5134 5561 5139
f 5514 5561 5558
f 5514 5515 5561
f 5514 5558 5559
f 5514 5559 5513
f 5515 5562 5561
f 5561 5562 5139
f 5139 5562 5141
f 5141 5562 5563
f 5141 5563 5145
f 5520 5563 5562
f 5520 5521 5563
f 5520 5562 5515
f 5521 5564 5563
f 5563 5564 5145
f 5145 5564 5147
f 5147 5564 5565
f 5147 5565 5151
f 5526 5565 5564
f 5526 5527 5565
f 5526 5564 5521
f 5527 5566 5565
f 5565 5566 5151
f 5151 5566 5567
f 5151 5567 5152
f 5566 5568 5567
f 5566 5569 5568
f 5527 5569 5566
f 5527 5530 5569
f 5568 5569 5570
f 5568 5570 5567
f 5571 5573 5572
f 5571 5574 5573
f 5571 5575 5574
f 5571 5576 5575
f 5571 5577 5576
f 5571 5572 5577
f 5576 5579 5578
f 5576 5577 5579
f 5576 5578 5580
f 5576 5580 5575
f 5154 5580 5578
f 5154 5155 5580
f 5154 5578 5581
f 5154 5581 5159
f 5534 5581 5578
f 5534 5535 5581
f 5534 5578 5579
f 5534 5579 5533
f 5535 5582 5581
f 5581 5582 5159
f 5159 5582 5161
f 5161 5582 5583
f 5161 5583 5165
f 5540 5583 5582
f 5540 5541 5583
f 5540 5582 5535
f 5541 5584 5583
f 5583 5584 5165
f 5165 5584 5167
f 5167 5584 5585
f 5167 5585 5171
f 5546 5585 5584
f 5546 5547 5585
f 5546 5584 5541
f 5547 5586 5585
f 5585 5586 5171
f 5171 5586 5587
f 5171 5587 5172
f 5586 5588 5587
f 5586 5589 5588
f 5547 5589 5586
f 5547 5550 5589
f 5588 5589 5590
f 5588 5590 5587
f 5591 5593 5592
f 5591 5594 5593
f 5174 5594 5591
f 5174 5175 5594
f 5174 5591 5595
f 5174 5595 5179
f 5554 5595 5591
f 5554 5555 5595
f 5554 5591 5592
f 5554 5592 5553
f 5555 5596 5595
f 5595 5596 5179
f 5179 5596 5181
f 5181 5596 5135
f 5135 5596 5560
f 5560 5596 5555
f 5152 5597 5191
f 5152 5567 5597
f 5567 5598 5597
f 5597 5598 5191
f 5191 5598 5599
f 5191 5599 5192
f 5598 5600 5599
f 5598 5601 5600
f 5567 5601 5598
f 5567 5570 5601
f 5600 5601 5602
f 5600 5602 5599
f 5603 5605 5604
f 5603 5606 5605
f 5603 5607 5606
f 5603 5608 5607
f 5603 5609 5608
f 5603 5604 5609
f 5608 5611 5610
f 5608 5609 5611
f 5608 5610 5612
f 5608 5612 5607
f 5194 5612 5610
f 5194 5195 5612
f 5194 5610 5613
f 5194 5613 5199
f 5574 5613 5610
f 5574 5575 5613
f 5574 5610 5611
f 5574 5611 5573
f 5575 5614 5613
f 5613 5614 5199
f 5199 5614 5201
f 5201 5614 5155
f 5155 5614 5580
f 5580 5614 5575
f 5172 5615 5211
f 5172 5587 5615
f 5587 5616 5615
f 5587 5617 5616
f 5615 5618 5211
f 5615 5616 5618
f 5211 5618 5212
f 5587 5590 5617
f 5619 5621 5620
f 5619 5622 5621
f 5619 5623 5622
f 5619 5624 5623
f 5619 5625 5624
f 5619 5620 5625
f 5624 5627 5626
f 5624 5625 5627
f 5624 5626 5628
f 5624 5628 5623
f 5214 5628 5626
f 5214 5215 5628
f 5214 5626 5175
f 5175 5626 5594
f 5594 5626 5627
f 5594 5627 5593
f 5222 5629 5221
f 5222 5630 5629
f 5222 5192 5630
f 5192 5599 5630
f 5599 5631 5630
f 5599 5632 5631
f 5630 5631 5629
f 5599 5602 5632
f 5633 5635 5634
f 5633 5636 5635
f 5633 5637 5636
f 5633 5638 5637
f 5606 5638 5633
f 5606 5607 5638
f 5606 5633 5634
f 5606 5634 5605
f 5607 5639 5638
f 5638 5639 5640
f 5638 5640 5637
f 5224 5640 5639
f 5224 5225 5640
f 5224 5639 5195
f 5195 5639 5612
f 5612 5639 5607
f 5233 5641 5232
f 5233 5642 5641
f 5233 5212 5642
f 5212 5643 5642
f 5212 5618 5643
f 5618 5616 5643
f 5642 5643 5644
f 5642 5644 5641
f 5645 5647 5646
f 5645 5648 5647
f 5645 5649 5648
f 5645 5650 5649
f 5622 5650 5645
f 5622 5623 5650
f 5622 5645 5646
f 5622 5646 5621
f 5623 5651 5650
f 5650 5651 5652
f 5650 5652 5649
f 5236 5652 5651
f 5236 5237 5652
f 5236 5651 5215
f 5215 5651 5628
f 5628 5651 5623
f 5242 5653 5241
f 5242 5654 5653
f 5242 5221 5654
f 5221 5629 5654
f 5629 5655 5654
f 5629 5656 5655
f 5654 5655 5653
f 5629 5631 5656
f 5657 5659 5658
f 5657 5660 5659
f 5657 5661 5660
f 5657 5662 5661
f 5636 5662 5657
f 5636 5637 5662
f 5636 5657 5658
f 5636 5658 5635
f 5637 5663 5662
f 5662 5663 5664
f 5662 5664 5661
f 5244 5664 5663
f 5244 5245 5664
f 5244 5663 5225
f 5225 5663 5640
f 5640 5663 5637
f 5252 5665 5253
f 5252 5666 5665
f 5252 5232 5666
f 5232 5641 5666
f 5641 5667 5666
f 5641 5668 5667
f 5666 5667 5665
f 5641 5644 5668
f 5648 5649 5669
f 5648 5669 5647
f 5649 5670 5671
f 5649 5671 5669
f 5670 5672 5671
f 5256 5672 5670
f 5256 5257 5672
f 5256 5670 5237
f 5237 5670 5652
f 5652 5670 5649
f 5263 5673 5264
f 5263 5265 5673
f 5674 5675 5676
f 5265 5676 5673
f 5265 5674 5676
f 5265 5266 5674
f 5266 5241 5674
f 5241 5653 5677
f 5241 5677 5674
f 5674 5677 5675
f 5653 5678 5677
f 5653 5655 5678
f 5660 5661 5679
f 5660 5679 5659
f 5661 5680 5681
f 5661 5681 5679
f 5680 5682 5681
f 5680 5683 5682
f 5245 5683 5680
f 5245 5267 5683
f 5245 5680 5664
f 5664 5680 5661
f 5267 5684 5683
f 5267 5269 5684
f 5685 5686 5687
f 5685 5687 5688
f 5275 5688 5276
f 5275 5685 5688
f 5275 5253 5685
f 5253 5665 5689
f 5253 5689 5685
f 5685 5689 5686
f 5665 5690 5689
f 5665 5667 5690
f 5257 5277 5691
f 5257 5692 5672
f 5257 5691 5692
f 5672 5692 5671
f 5691 5693 5692
f 5691 5694 5693
f 5691 5277 5694
f 5277 5695 5694
f 5277 5278 5695
f 5278 5280 5695
f 5280 5696 5695
f 5280 5697 5696
f 5280 5281 5697
f 5281 5284 5697
f 5698 5699 5700
f 5284 5700 5697
f 5284 5698 5700
f 5284 5285 5698
f 5285 5287 5701
f 5285 5701 5698
f 5698 5701 5702
f 5698 5702 5699
f 5701 5703 5702
f 5701 5704 5703
f 5701 5287 5704
f 5287 5288 5704
f 5288 5264 5704
f 5264 5673 5705
f 5264 5705 5704
f 5704 5705 5703
f 5673 5706 5705
f 5673 5676 5706
f 5682 5683 5707
f 5682 5707 5681
f 5683 5708 5707
f 5269 5289 5709
f 5269 5710 5684
f 5269 5709 5710
f 5684 5708 5683
f 5684 5710 5708
f 5709 5711 5710
f 5709 5712 5711
f 5709 5289 5712
f 5289 5713 5712
f 5289 5290 5713
f 5290 5292 5713
f 5292 5714 5713
f 5292 5715 5714
f 5292 5293 5715
f 5293 5296 5715
f 5716 5717 5718
f 5296 5718 5715
f 5296 5716 5718
f 5296 5297 5716
f 5297 5299 5719
f 5297 5719 5716
f 5716 5719 5720
f 5716 5720 5717
f 5719 5721 5720
f 5719 5722 5721
f 5719 5299 5722
f 5299 5300 5722
f 5300 5276 5722
f 5276 5688 5722
f 5688 5687 5721
f 5688 5721 5722
f 5694 5695 5723
f 5694 5723 5693
f 5695 5724 5723
f 5696 5697 5725
f 5696 5724 5695
f 5696 5725 5724
f 5697 5726 5725
f 5697 5700 5726
f 5712 5713 5727
f 5712 5727 5711
f 5713 5728 5727
f 5714 5715 5729
f 5714 5728 5713
f 5714 5729 5728
f 5715 5730 5729
f 5715 5718 5730
f 5731 5733 5732
f 5731 5734 5733
f 5731 5735 5734
f 5731 5736 5735
f 5731 5737 5736
f 5731 5732 5737
f 5736 5739 5738
f 5736 5737 5739
f 5736 5738 5740
f 5736 5740 5735
f 5302 5740 5738
f 5302 5303 5740
f 5302 5738 5741
f 5302 5741 5307
f 5738 5742 5741
f 5738 5739 5742
f 5741 5744 5743
f 5741 5742 5744
f 5741 5743 5307
f 5307 5743 5309
f 5309 5743 5745
f 5309 5745 5313
f 5743 5746 5745
f 5743 5744 5746
f 5745 5748 5747
f 5745 5746 5748
f 5745 5747 5313
f 5313 5747 5749
f 5313 5749 5314
f 5747 5750 5749
f 5747 5751 5750
f 5747 5748 5751
f 5750 5751 5752
f 5750 5752 5749
f 5753 5755 5754
f 5753 5756 5755
f 5753 5757 5756
f 5753 5758 5757
f 5753 5759 5758
f 5753 5754 5759
f 5758 5761 5760
f 5758 5759 5761
f 5758 5760 5762
f 5758 5762 5757
f 5316 5762 5760
f 5316 5317 5762
f 5316 5760 5763
f 5316 5763 5321
f 5760 5764 5763
f 5760 5761 5764
f 5763 5766 5765
f 5763 5764 5766
f 5763 5765 5321
f 5321 5765 5323
f 5323 5765 5767
f 5323 5767 5327
f 5765 5768 5767
f 5765 5766 5768
f 5767 5770 5769
f 5767 5768 5770
f 5767 5769 5327
f 5327 5769 5771
f 5327 5771 5328
f 5769 5772 5771
f 5769 5773 5772
f 5769 5770 5773
f 5772 5773 5774
f 5772 5774 5771
f 5775 5777 5776
f 5775 5778 5777
f 5775 5779 5778
f 5775 5780 5779
f 5775 5781 5780
f 5775 5776 5781
f 5780 5783 5782
f 5780 5781 5783
f 5780 5782 5784
f 5780 5784 5779
f 5330 5784 5782
f 5330 5331 5784
f 5330 5782 5785
f 5330 5785 5334
f 5734 5785 5782
f 5734 5735 5785
f 5734 5782 5783
f 5734 5783 5733
f 5735 5786 5785
f 5785 5786 5334
f 5334 5786 5336
f 5336 5786 5303
f 5303 5786 5740
f 5740 5786 5735
f 5314 5787 5342
f 5314 5749 5787
f 5749 5788 5787
f 5787 5788 5342
f 5342 5788 5344
f 5344 5788 5789
f 5344 5789 5347
f 5788 5790 5789
f 5749 5790 5788
f 5749 5752 5790
f 5789 5792 5791
f 5789 5790 5792
f 5789 5791 5347
f 5347 5791 5793
f 5347 5793 5348
f 5791 5794 5793
f 5791 5795 5794
f 5791 5792 5795
f 5794 5795 5796
f 5794 5796 5793
f 5797 5799 5798
f 5797 5800 5799
f 5797 5801 5800
f 5797 5802 5801
f 5797 5803 5802
f 5797 5798 5803
f 5802 5805 5804
f 5802 5803 5805
f 5802 5804 5806
f 5802 5806 5801
f 5350 5806 5804
f 5350 5351 5806
f 5350 5804 5807
f 5350 5807 5355
f 5804 5808 5807
f 5804 5805 5808
f 5807 5810 5809
f 5807 5808 5810
f 5807 5809 5355
f 5355 5809 5357
f 5357 5809 5811
f 5357 5811 5360
f 5756 5811 5809
f 5756 5757 5811
f 5756 5809 5810
f 5756 5810 5755
f 5757 5812 5811
f 5811 5812 5360
f 5360 5812 5362
f 5362 5812 5317
f 5317 5812 5762
f 5762 5812 5757
f 5328 5813 5368
f 5328 5771 5813
f 5771 5814 5813
f 5813 5814 5368
f 5368 5814 5815
f 5368 5815 5369
f 5814 5816 5815
f 5814 5817 5816
f 5771 5817 5814
f 5771 5774 5817
f 5816 5817 5818
f 5816 5818 5815
f 5819 5821 5820
f 5819 5822 5821
f 5372 5822 5819
f 5372 5373 5822
f 5372 5819 5823
f 5372 5823 5377
f 5778 5823 5819
f 5778 5779 5823
f 5778 5819 5820
f 5778 5820 5777
f 5779 5824 5823
f 5823 5824 5377
f 5377 5824 5379
f 5379 5824 5331
f 5331 5824 5784
f 5784 5824 5779
f 5348 5825 5385
f 5348 5793 5825
f 5793 5826 5825
f 5825 5826 5385
f 5385 5826 5827
f 5385 5827 5386
f 5826 5828 5827
f 5826 5829 5828
f 5793 5829 5826
f 5793 5796 5829
f 5828 5831 5830
f 5828 5829 5831
f 5828 5830 5832
f 5828 5832 5827
f 5830 5833 5832
f 5830 5834 5833
f 5830 5835 5834
f 5830 5831 5835
f 5834 5835 5836
f 5834 5836 5833
f 5837 5839 5838
f 5837 5840 5839
f 5837 5841 5840
f 5837 5842 5841
f 5837 5843 5842
f 5837 5838 5843
f 5842 5845 5844
f 5842 5843 5845
f 5842 5844 5846
f 5842 5846 5841
f 5844 5847 5846
f 5844 5848 5847
f 5844 5849 5848
f 5844 5845 5849
f 5848 5851 5850
f 5848 5849 5851
f 5848 5850 5852
f 5848 5852 5847
f 5388 5852 5850
f 5388 5389 5852
f 5388 5850 5853
f 5388 5853 5393
f 5800 5853 5850
f 5800 5801 5853
f 5800 5850 5851
f 5800 5851 5799
f 5801 5854 5853
f 5853 5854 5393
f 5393 5854 5395
f 5395 5854 5351
f 5351 5854 5806
f 5806 5854 5801
f 5369 5855 5401
f 5369 5815 5855
f 5815 5856 5855
f 5815 5857 5856
f 5855 5858 5401
f 5855 5856 5858
f 5401 5858 5402
f 5815 5818 5857
f 5859 5861 5860
f 5859 5862 5861
f 5404 5862 5859
f 5404 5405 5862
f 5404 5859 5373
f 5373 5859 5822
f 5822 5859 5860
f 5822 5860 5821
f 5414 5863 5413
f 5414 5864 5863
f 5414 5386 5864
f 5386 5827 5864
f 5827 5865 5864
f 5864 5865 5866
f 5864 5866 5863
f 5865 5867 5866
f 5865 5868 5867
f 5832 5868 5865
f 5832 5833 5868
f 5832 5865 5827
f 5833 5869 5868
f 5833 5870 5869
f 5868 5869 5867
f 5833 5836 5870
f 5871 5873 5872
f 5871 5874 5873
f 5871 5875 5874
f 5871 5876 5875
f 5840 5876 5871
f 5840 5841 5876
f 5840 5871 5872
f 5840 5872 5839
f 5841 5877 5876
f 5876 5877 5878
f 5876 5878 5875
f 5877 5879 5878
f 5877 5880 5879
f 5846 5880 5877
f 5846 5847 5880
f 5846 5877 5841
f 5847 5881 5880
f 5880 5881 5882
f 5880 5882 5879
f 5416 5882 5881
f 5416 5417 5882
f 5416 5881 5389
f 5389 5881 5852
f 5852 5881 5847
f 5883 5884 5885
f 5883 5885 5886
f 5426 5886 5425
f 5426 5883 5886
f 5426 5402 5883
f 5402 5858 5883
f 5858 5856 5884
f 5858 5884 5883
f 5887 5889 5888
f 5887 5890 5889
f 5887 5891 5890
f 5405 5891 5887
f 5405 5427 5891
f 5405 5887 5862
f 5862 5887 5888
f 5862 5888 5861
f 5427 5892 5891
f 5427 5429 5892
f 5434 5893 5433
f 5434 5894 5893
f 5434 5413 5894
f 5413 5863 5894
f 5863 5895 5894
f 5863 5896 5895
f 5894 5895 5893
f 5866 5867 5897
f 5866 5896 5863
f 5866 5897 5896
f 5867 5898 5897
f 5867 5869 5898
f 5874 5875 5899
f 5874 5899 5873
f 5875 5900 5901
f 5875 5901 5899
f 5900 5902 5901
f 5900 5903 5902
f 5900 5904 5903
f 5878 5904 5900
f 5878 5879 5904
f 5878 5900 5875
f 5879 5905 5904
f 5904 5905 5906
f 5904 5906 5903
f 5436 5906 5905
f 5436 5437 5906
f 5436 5905 5417
f 5417 5905 5882
f 5882 5905 5879
f 5444 5907 5445
f 5444 5447 5907
f 5908 5909 5910
f 5447 5910 5907
f 5447 5908 5910
f 5447 5448 5908
f 5448 5425 5908
f 5425 5886 5908
f 5886 5885 5909
f 5886 5909 5908
f 5890 5891 5911
f 5890 5911 5889
f 5891 5912 5913
f 5891 5913 5911
f 5912 5914 5913
f 5450 5914 5912
f 5450 5451 5914
f 5450 5912 5429
f 5429 5912 5892
f 5892 5912 5891
f 5457 5915 5458
f 5457 5459 5915
f 5916 5917 5918
f 5459 5918 5915
f 5459 5916 5918
f 5459 5460 5916
f 5460 5433 5916
f 5433 5893 5919
f 5433 5919 5916
f 5916 5919 5917
f 5893 5920 5919
f 5893 5895 5920
f 5902 5903 5921
f 5902 5921 5901
f 5903 5922 5923
f 5903 5923 5921
f 5922 5924 5923
f 5922 5925 5924
f 5437 5925 5922
f 5437 5461 5925
f 5437 5922 5906
f 5906 5922 5903
f 5461 5926 5925
f 5461 5463 5926
f 5927 5928 5929
f 5927 5929 5930
f 5469 5930 5470
f 5469 5927 5930
f 5469 5445 5927
f 5445 5907 5931
f 5445 5931 5927
f 5927 5931 5928
f 5907 5932 5931
f 5907 5910 5932
f 5933 5935 5934
f 5933 5936 5935
f 5933 5937 5936
f 5451 5937 5933
f 5451 5471 5937
f 5451 5933 5914
f 5914 5933 5934
f 5914 5934 5913
f 5471 5938 5937
f 5471 5473 5938
f 5481 5939 5482
f 5481 5483 5939
f 5940 5941 5942
f 5483 5942 5939
f 5483 5940 5942
f 5483 5484 5940
f 5484 5458 5940
f 5458 5915 5943
f 5458 5943 5940
f 5940 5943 5941
f 5915 5944 5943
f 5915 5918 5944
f 5924 5925 5945
f 5924 5945 5923
f 5925 5946 5947
f 5925 5947 5945
f 5946 5948 5947
f 5946 5949 5948
f 5463 5949 5946
f 5463 5485 5949
f 5463 5946 5926
f 5926 5946 5925
f 5485 5950 5949
f 5485 5487 5950
f 5495 5951 5496
f 5495 5497 5951
f 5952 5953 5954
f 5497 5954 5951
f 5497 5952 5954
f 5497 5498 5952
f 5498 5470 5952
f 5470 5930 5952
f 5930 5929 5953
f 5930 5953 5952
f 5936 5937 5955
f 5936 5955 5935
f 5937 5956 5957
f 5937 5957 5955
f 5956 5958 5957
f 5956 5959 5958
f 5473 5959 5956
f 5473 5499 5959
f 5473 5956 5938
f 5938 5956 5937
f 5499 5960 5959
f 5499 5961 5960
f 5499 5500 5961
f 5500 5501 5961
f 5501 5962 5961
f 5501 5963 5962
f 5501 5502 5963
f 5502 5503 5963
f 5964 5965 5966
f 5503 5966 5963
f 5503 5964 5966
f 5503 5504 5964
f 5504 5482 5964
f 5482 5939 5967
f 5482 5967 5964
f 5964 5967 5965
f 5939 5968 5967
f 5939 5942 5968
f 5948 5949 5969
f 5948 5969 5947
f 5949 5970 5971
f 5949 5971 5969
f 5970 5972 5971
f 5970 5973 5972
f 5487 5973 5970
f 5487 5505 5973
f 5487 5970 5950
f 5950 5970 5949
f 5505 5974 5973
f 5505 5975 5974
f 5505 5506 5975
f 5506 5507 5975
f 5507 5976 5975
f 5507 5977 5976
f 5507 5508 5977
f 5508 5509 5977
f 5978 5979 5980
f 5509 5980 5977
f 5509 5978 5980
f 5509 5510 5978
f 5510 5496 5978
f 5496 5951 5981
f 5496 5981 5978
f 5978 5981 5979
f 5951 5982 5981
f 5951 5954 5982
f 5983 5985 5984
f 5983 5986 5985
f 5983 5987 5986
f 5983 5988 5987
f 5958 5988 5983
f 5958 5959 5988
f 5958 5983 5984
f 5958 5984 5957
f 5959 5989 5988
f 5988 5989 5990
f 5988 5990 5987
f 5989 5991 5990
f 5989 5992 5991
f 5960 5992 5989
f 5960 5961 5992
f 5960 5989 5959
f 5961 5993 5992
f 5961 5994 5993
f 5992 5993 5991
f 5962 5963 5995
f 5962 5994 5961
f 5962 5995 5994
f 5963 5996 5995
f 5963 5966 5996
f 5972 5973 5997
f 5972 5997 5971
f 5973 5998 5999
f 5973 5999 5997
f 5998 6000 5999
f 5998 6001 6000
f 5998 6002 6001
f 5974 6002 5998
f 5974 5975 6002
f 5974 5998 5973
f 5975 6003 6002
f 6002 6003 6004
f 6002 6004 6001
f 6003 6005 6004
f 6003 6006 6005
f 5976 6006 6003
f 5976 5977 6006
f 5976 6003 5975
f 5977 6007 6006
f 5977 6008 6007
f 6006 6007 6005
f 5977 5980 6008
f 5986 5987 6009
f 5986 6009 5985
f 5987 6010 6009
f 5990 5991 6011
f 5990 6010 5987
f 5990 6011 6010
f 5991 6012 6011
f 5991 5993 6012
f 6000 6001 6013
f 6000 6013 5999
f 6001 6014 6013
f 6004 6005 6015
f 6004 6014 6001
f 6004 6015 6014
f 6005 6016 6015
f 6005 6007 6016
f 6017 6019 6018
f 6017 6020 6019
f 6017 6021 6020
f 6017 6022 6021
f 6017 6023 6022
f 6017 6018 6023
f 6022 6025 6024
f 6022 6023 6025
f 6022 6024 6026
f 6022 6026 6021
f 6024 6027 6026
f 6024 6028 6027
f 6024 6029 6028
f 6024 6025 6029
f 6028 6029 6030
f 6028 6030 6027
f 6031 6033 6032
f 6031 6034 6033
f 6031 6035 6034
f 6031 6036 6035
f 6031 6037 6036
f 6031 6032 6037
f 6036 6039 6038
f 6036 6037 6039
f 6036 6038 6040
f 6036 6040 6035
f 6038 6041 6040
f 6038 6042 6041
f 6038 6043 6042
f 6038 6039 6043
f 6042 6043 6044
f 6042 6044 6041
f 6045 6047 6046
f 6045 6048 6047
f 6045 6049 6048
f 6045 6050 6049
f 6020 6050 6045
f 6020 6021 6050
f 6020 6045 6046
f 6020 6046 6019
f 6021 6051 6050
f 6050 6051 6052
f 6050 6052 6049
f 6051 6053 6052
f 6051 6054 6053
f 6026 6054 6051
f 6026 6027 6054
f 6026 6051 6021
f 6027 6055 6054
f 6054 6055 6056
f 6054 6056 6053
f 6055 6057 6056
f 6055 6058 6057
f 6055 6059 6058
f 6027 6059 6055
f 6027 6030 6059
f 6058 6059 6060
f 6058 6060 6057
f 6061 6063 6062
f 6061 6064 6063
f 6061 6065 6064
f 6061 6066 6065
f 6061 6067 6066
f 6061 6062 6067
f 6066 6069 6068
f 6066 6067 6069
f 6066 6068 6070
f 6066 6070 6065
f 6068 6071 6070
f 6068 6072 6071
f 6034 6072 6068
f 6034 6035 6072
f 6034 6068 6069
f 6034 6069 6033
f 6035 6073 6072
f 6072 6073 6074
f 6072 6074 6071
f 6073 6075 6074
f 6073 6076 6075
f 6040 6076 6073
f 6040 6041 6076
f 6040 6073 6035
f 6041 6077 6076
f 6041 6078 6077
f 6076 6077 6075
f 6041 6044 6078
f 6079 6081 6080
f 6079 6082 6081
f 6079 6083 6082
f 6079 6084 6083
f 6079 6085 6084
f 6079 6080 6085
f 6084 6087 6086
f 6084 6085 6087
f 6084 6086 6088
f 6084 6088 6083
f 5512 6088 6086
f 5512 5513 6088
f 5512 6086 6089
f 5512 6089 5517
f 6048 6089 6086
f 6048 6049 6089
f 6048 6086 6087
f 6048 6087 6047
f 6049 6090 6089
f 6089 6090 5517
f 5517 6090 5519
f 5519 6090 6091
f 5519 6091 5523
f 6052 6091 6090
f 6052 6053 6091
f 6052 6090 6049
f 6053 6092 6091
f 6091 6092 5523
f 5523 6092 5525
f 5525 6092 6093
f 5525 6093 5529
f 6056 6093 6092
f 6056 6057 6093
f 6056 6092 6053
f 6057 6094 6093
f 6093 6094 5529
f 5529 6094 6095
f 5529 6095 5530
f 6094 6096 6095
f 6094 6097 6096
f 6057 6097 6094
f 6057 6060 6097
f 6096 6097 6098
f 6096 6098 6095
f 6099 6101 6100
f 6099 6102 6101
f 6099 6103 6102
f 6099 6104 6103
f 6099 6105 6104
f 6099 6100 6105
f 6104 6107 6106
f 6104 6105 6107
f 6104 6106 6108
f 6104 6108 6103
f 5532 6108 6106
f 5532 5533 6108
f 5532 6106 6109
f 5532 6109 5537
f 6064 6109 6106
f 6064 6065 6109
f 6064 6106 6107
f 6064 6107 6063
f 6065 6110 6109
f 6109 6110 5537
f 5537 6110 5539
f 5539 6110 6111
f 5539 6111 5543
f 6070 6111 6110
f 6070 6071 6111
f 6070 6110 6065
f 6071 6112 6111
f 6111 6112 5543
f 5543 6112 5545
f 5545 6112 6113
f 5545 6113 5549
f 6074 6113 6112
f 6074 6075 6113
f 6074 6112 6071
f 6075 6114 6113
f 6113 6114 5549
f 5549 6114 6115
f 5549 6115 5550
f 6114 6116 6115
f 6114 6117 6116
f 6075 6117 6114
f 6075 6077 6117
f 6116 6117 6118
f 6116 6118 6115
f 6119 6121 6120
f 6119 6122 6121
f 5552 6122 6119
f 5552 5553 6122
f 5552 6119 6123
f 5552 6123 5557
f 6082 6123 6119
f 6082 6083 6123
f 6082 6119 6120
f 6082 6120 6081
f 6083 6124 6123
f 6123 6124 5557
f 5557 6124 5559
f 5559 6124 5513
f 5513 6124 6088
f 6088 6124 6083
f 5530 6125 5569
f 5530 6095 6125
f 6095 6126 6125
f 6125 6126 5569
f 5569 6126 6127
f 5569 6127 5570
f 6126 6128 6127
f 6126 6129 6128
f 6095 6129 6126
f 6095 6098 6129
f 6128 6129 6130
f 6128 6130 6127
f 6131 6133 6132
f 6131 6134 6133
f 6131 6135 6134
f 6131 6136 6135
f 6131 6137 6136
f 6131 6132 6137
f 6136 6139 6138
f 6136 6137 6139
f 6136 6138 6140
f 6136 6140 6135
f 5572 6140 6138
f 5572 5573 6140
f 5572 6138 6141
f 5572 6141 5577
f 6102 6141 6138
f 6102 6103 6141
f 6102 6138 6139
f 6102 6139 6101
f 6103 6142 6141
f 6141 6142 5577
f 5577 6142 5579
f 5579 6142 5533
f 5533 6142 6108
f 6108 6142 6103
f 5550 6143 5589
f 5550 6115 6143
f 6115 6144 6143
f 6115 6145 6144
f 6143 6146 5589
f 6143 6144 6146
f 5589 6146 5590
f 6115 6118 6145
f 6147 6149 6148
f 6147 6150 6149
f 6147 6151 6150
f 6147 6152 6151
f 6147 6153 6152
f 6147 6148 6153
f 6152 6155 6154
f 6152 6153 6155
f 6152 6154 6156
f 6152 6156 6151
f 5592 6156 6154
f 5592 5593 6156
f 5592 6154 5553
f 5553 6154 6122
f 6122 6154 6155
f 6122 6155 6121
f 5570 6157 5601
f 5570 6127 6157
f 6127 6158 6157
f 6157 6158 5601
f 5601 6158 6159
f 5601 6159 5602
f 6158 6160 6159
f 6158 6161 6160
f 6127 6161 6158
f 6127 6130 6161
f 6160 6161 6162
f 6160 6162 6159
f 6163 6165 6164
f 6163 6166 6165
f 6163 6167 6166
f 6163 6168 6167
f 6163 6169 6168
f 6163 6164 6169
f 6168 6171 6170
f 6168 6169 6171
f 6168 6170 6172
f 6168 6172 6167
f 5604 6172 6170
f 5604 5605 6172
f 5604 6170 6173
f 5604 6173 5609
f 6134 6173 6170
f 6134 6135 6173
f 6134 6170 6171
f 6134 6171 6133
f 6135 6174 6173
f 6173 6174 5609
f 5609 6174 5611
f 5611 6174 5573
f 5573 6174 6140
f 6140 6174 6135
f 5617 6175 5616
f 5617 6176 6175
f 5617 5590 6176
f 5590 6177 6176
f 5590 6146 6177
f 6146 6144 6177
f 6176 6177 6178
f 6176 6178 6175
f 6179 6181 6180
f 6179 6182 6181
f 5620 6182 6179
f 5620 5621 6182
f 5620 6179 6183
f 5620 6183 5625
f 6150 6183 6179
f 6150 6151 6183
f 6150 6179 6180
f 6150 6180 6149
f 6151 6184 6183
f 6183 6184 5625
f 5625 6184 5627
f 5627 6184 5593
f 5593 6184 6156
f 6156 6184 6151
f 5632 6185 5631
f 5632 6186 6185
f 5632 5602 6186
f 5602 6159 6186
f 6159 6187 6186
f 6186 6187 6188
f 6186 6188 6185
f 6187 6189 6188
f 6187 6190 6189
f 6187 6191 6190
f 6159 6191 6187
f 6159 6162 6191
f 6190 6191 6192
f 6190 6192 6189
f 6193 6195 6194
f 6193 6196 6195
f 6193 6197 6196
f 6193 6198 6197
f 6193 6199 6198
f 6193 6194 6199
f 6198 6201 6200
f 6198 6199 6201
f 6198 6200 6202
f 6198 6202 6197
f 6200 6203 6202
f 6200 6204 6203
f 6166 6204 6200
f 6166 6167 6204
f 6166 6200 6201
f 6166 6201 6165
f 6167 6205 6204
f 6204 6205 6206
f 6204 6206 6203
f 5634 6206 6205
f 5634 5635 6206
f 5634 6205 5605
f 5605 6205 6172
f 6172 6205 6167
f 5616 6207 5643
f 5616 6175 6207
f 6175 6208 6207
f 6175 6209 6208
f 6207 6210 5643
f 6207 6208 6210
f 5643 6210 5644
f 6175 6178 6209
f 6211 6213 6212
f 6211 6214 6213
f 5646 6214 6211
f 5646 5647 6214
f 5646 6211 5621
f 5621 6211 6182
f 6182 6211 6212
f 6182 6212 6181
f 5656 6215 5655
f 5656 6216 6215
f 5656 5631 6216
f 5631 6185 6216
f 6185 6217 6216
f 6216 6217 6218
f 6216 6218 6215
f 6217 6219 6218
f 6217 6220 6219
f 6188 6220 6217
f 6188 6189 6220
f 6188 6217 6185
f 6189 6221 6220
f 6189 6222 6221
f 6220 6221 6219
f 6189 6192 6222
f 6223 6225 6224
f 6223 6226 6225
f 6223 6227 6226
f 6223 6228 6227
f 6196 6228 6223
f 6196 6197 6228
f 6196 6223 6224
f 6196 6224 6195
f 6197 6229 6228
f 6228 6229 6230
f 6228 6230 6227
f 6229 6231 6230
f 6229 6232 6231
f 6202 6232 6229
f 6202 6203 6232
f 6202 6229 6197
f 6203 6233 6232
f 6232 6233 6234
f 6232 6234 6231
f 5658 6234 6233
f 5658 5659 6234
f 5658 6233 5635
f 5635 6233 6206
f 6206 6233 6203
f 6235 6236 6237
f 6235 6237 6238
f 5668 6238 5667
f 5668 6235 6238
f 5668 5644 6235
f 5644 6210 6235
f 6210 6208 6236
f 6210 6236 6235
f 6239 6241 6240
f 6239 6242 6241
f 6239 6243 6242
f 5647 6243 6239
f 5647 5669 6243
f 5647 6239 6214
f 6214 6239 6240
f 6214 6240 6213
f 5669 6244 6243
f 5669 5671 6244
f 5675 6245 5676
f 5675 5677 6245
f 6246 6247 6248
f 5677 6248 6245
f 5677 6246 6248
f 5677 5678 6246
f 5678 5655 6246
f 5655 6215 6249
f 5655 6249 6246
f 6246 6249 6247
f 6215 6250 6249
f 6218 6219 6251
f 6218 6250 6215
f 6218 6251 6250
f 6219 6252 6251
f 6219 6221 6252
f 6226 6227 6253
f 6226 6253 6225
f 6227 6254 6253
f 6230 6231 6255
f 6230 6254 6227
f 6230 6255 6254
f 6231 6256 6257
f 6231 6257 6255
f 6256 6258 6257
f 6256 6259 6258
f 5659 6259 6256
f 5659 5679 6259
f 5659 6256 6234
f 6234 6256 6231
f 5679 6260 6259
f 5679 5681 6260
f 5686 6261 5687
f 5686 5689 6261
f 6262 6263 6264
f 5689 6264 6261
f 5689 6262 6264
f 5689 5690 6262
f 5690 5667 6262
f 5667 6238 6262
f 6238 6237 6263
f 6238 6263 6262
f 6242 6243 6265
f 6242 6265 6241
f 6243 6266 6267
f 6243 6267 6265
f 6266 6268 6267
f 6266 6269 6268
f 5671 6269 6266
f 5671 5692 6269
f 5671 6266 6244
f 6244 6266 6243
f 5692 6270 6269
f 5692 5693 6270
f 5699 6271 5700
f 5699 5702 6271
f 6272 6273 6274
f 5702 6274 6271
f 5702 6272 6274
f 5702 5703 6272
f 5703 5705 6275
f 5703 6275 6272
f 6272 6275 6276
f 6272 6276 6273
f 6275 6277 6276
f 6275 6278 6277
f 6275 5705 6278
f 5705 5706 6278
f 5706 5676 6278
f 5676 6245 6279
f 5676 6279 6278
f 6278 6279 6277
f 6245 6280 6279
f 6245 6248 6280
f 6258 6259 6281
f 6258 6281 6257
f 6259 6282 6281
f 5681 5707 6283
f 5681 6284 6260
f 5681 6283 6284
f 6260 6282 6259
f 6260 6284 6282
f 6283 6285 6284
f 6283 6286 6285
f 6283 5707 6286
f 5707 6287 6286
f 5707 5708 6287
f 5708 5710 6287
f 5710 6288 6287
f 5710 5711 6288
f 5717 6289 5718
f 5717 5720 6289
f 6290 6291 6292
f 5720 6292 6289
f 5720 6290 6292
f 5720 5721 6290
f 5721 5687 6290
f 5687 6261 6293
f 5687 6293 6290
f 6290 6293 6291
f 6261 6294 6293
f 6261 6264 6294
f 6268 6269 6295
f 6268 6295 6267
f 6269 6296 6295
f 5693 5723 6297
f 5693 6298 6270
f 5693 6297 6298
f 6270 6296 6269
f 6270 6298 6296
f 6297 6299 6298
f 6297 6300 6299
f 6297 5723 6300
f 5723 5724 6300
f 5724 5725 6301
f 5724 6301 6300
f 6300 6301 6302
f 6300 6302 6299
f 6301 6303 6302
f 6301 6304 6303
f 6301 5725 6304
f 5725 5726 6304
f 5726 5700 6304
f 5700 6271 6305
f 5700 6305 6304
f 6304 6305 6303
f 6271 6306 6305
f 6271 6274 6306
f 6286 6287 6307
f 6286 6307 6285
f 6287 6308 6307
f 5711 5727 6309
f 5711 6310 6288
f 5711 6309 6310
f 6288 6308 6287
f 6288 6310 6308
f 6309 6311 6310
f 6309 6312 6311
f 6309 5727 6312
f 5727 5728 6312
f 5728 5729 6313
f 5728 6313 6312
f 6312 6313 6314
f 6312 6314 6311
f 6313 6315 6314
f 6313 6316 6315
f 6313 5729 6316
f 5729 5730 6316
f 5730 5718 6316
f 5718 6289 6317
f 5718 6317 6316
f 6316 6317 6315
f 6289 6318 6317
f 6289 6292 6318
f 6319 6321 6320
f 6319 6322 6321
f 5732 6322 6319
f 5732 5733 6322
f 5732 6319 6323
f 5732 6323 5737
f 6319 6324 6323
f 6319 6320 6324
f 6323 6326 6325
f 6323 6324 6326
f 6323 6325 5737
f 5737 6325 5739
f 5739 6325 6327
f 5739 6327 5742
f 6325 6328 6327
f 6325 6326 6328
f 6327 6330 6329
f 6327 6328 6330
f 6327 6329 5742
f 5742 6329 5744
f 5744 6329 6331
f 5744 6331 5746
f 6329 6332 6331
f 6329 6330 6332
f 6331 6334 6333
f 6331 6332 6334
f 6331 6333 5746
f 5746 6333 5748
f 5748 6333 6335
f 5748 6335 5751
f 6333 6336 6335
f 6333 6334 6336
f 6335 6338 6337
f 6335 6336 6338
f 6335 6337 5751
f 5751 6337 6339
f 5751 6339 5752
f 6337 6340 6339
f 6337 6341 6340
f 6337 6338 6341
f 6340 6341 6342
f 6340 6342 6339
f 6343 6345 6344
f 6343 6346 6345
f 6343 6347 6346
f 6343 6348 6347
f 6343 6349 6348
f 6343 6344 6349
f 6348 6351 6350
f 6348 6349 6351
f 6348 6350 6352
f 6348 6352 6347
f 5754 6352 6350
f 5754 5755 6352
f 5754 6350 6353
f 5754 6353 5759
f 6350 6354 6353
f 6350 6351 6354
f 6353 6356 6355
f 6353 6354 6356
f 6353 6355 5759
f 5759 6355 5761
f 5761 6355 6357
f 5761 6357 5764
f 6355 6358 6357
f 6355 6356 6358
f 6357 6360 6359
f 6357 6358 6360
f 6357 6359 5764
f 5764 6359 5766
f 5766 6359 6361
f 5766 6361 5768
f 6359 6362 6361
f 6359 6360 6362
f 6361 6364 6363
f 6361 6362 6364
f 6361 6363 5768
f 5768 6363 5770
f 5770 6363 6365
f 5770 6365 5773
f 6363 6366 6365
f 6363 6364 6366
f 6365 6366 6367
f 6365 6368 5773
f 6365 6367 6368
f 5773 6368 5774
f 6369 6371 6370
f 6369 6372 6371
f 5776 6372 6369
f 5776 5777 6372
f 5776 6369 6373
f 5776 6373 5781
f 6369 6374 6373
f 6369 6370 6374
f 6373 6376 6375
f 6373 6374 6376
f 6373 6375 5781
f 5781 6375 5783
f 5783 6375 5733
f 5733 6375 6322
f 6322 6375 6376
f 6322 6376 6321
f 5752 6377 5790
f 5752 6339 6377
f 6339 6378 6377
f 6377 6378 5790
f 5790 6378 5792
f 5792 6378 6379
f 5792 6379 5795
f 6378 6380 6379
f 6339 6380 6378
f 6339 6342 6380
f 6379 6382 6381
f 6379 6380 6382
f 6379 6381 5795
f 5795 6381 6383
f 5795 6383 5796
f 6381 6384 6383
f 6381 6385 6384
f 6381 6382 6385
f 6384 6385 6386
f 6384 6386 6383
f 6387 6389 6388
f 6387 6390 6389
f 6387 6391 6390
f 6387 6392 6391
f 6387 6393 6392
f 6387 6388 6393
f 6392 6395 6394
f 6392 6393 6395
f 6392 6394 6396
f 6392 6396 6391
f 5798 6396 6394
f 5798 5799 6396
f 5798 6394 6397
f 5798 6397 5803
f 6394 6398 6397
f 6394 6395 6398
f 6397 6400 6399
f 6397 6398 6400
f 6397 6399 5803
f 5803 6399 5805
f 5805 6399 6401
f 5805 6401 5808
f 6346 6401 6399
f 6346 6347 6401
f 6346 6399 6400
f 6346 6400 6345
f 6347 6402 6401
f 6401 6402 5808
f 5808 6402 5810
f 5810 6402 5755
f 5755 6402 6352
f 6352 6402 6347
f 5774 6403 5817
f 5774 6404 6403
f 5774 6368 6404
f 6368 6367 6404
f 6403 6404 6405
f 6403 6406 5817
f 6403 6405 6406
f 5817 6406 5818
f 6407 6409 6408
f 6407 6410 6409
f 5820 6410 6407
f 5820 5821 6410
f 5820 6407 5777
f 5777 6407 6372
f 6372 6407 6408
f 6372 6408 6371
f 5796 6411 5829
f 5796 6383 6411
f 6383 6412 6411
f 6411 6412 5829
f 5829 6412 5831
f 5831 6412 6413
f 5831 6413 5835
f 6412 6414 6413
f 6383 6414 6412
f 6383 6386 6414
f 6413 6416 6415
f 6413 6414 6416
f 6413 6415 5835
f 5835 6415 6417
f 5835 6417 5836
f 6415 6418 6417
f 6415 6419 6418
f 6415 6416 6419
f 6418 6421 6420
f 6418 6419 6421
f 6418 6420 6422
f 6418 6422 6417
f 6420 6423 6422
f 6420 6424 6423
f 6420 6425 6424
f 6420 6421 6425
f 6424 6427 6426
f 6424 6425 6427
f 6424 6426 6428
f 6424 6428 6423
f 5838 6428 6426
f 5838 5839 6428
f 5838 6426 6429
f 5838 6429 5843
f 6426 6430 6429
f 6426 6427 6430
f 6429 6432 6431
f 6429 6430 6432
f 6429 6431 5843
f 5843 6431 5845
f 5845 6431 6433
f 5845 6433 5849
f 6390 6433 6431
f 6390 6391 6433
f 6390 6431 6432
f 6390 6432 6389
f 6391 6434 6433
f 6433 6434 5849
f 5849 6434 5851
f 5851 6434 5799
f 5799 6434 6396
f 6396 6434 6391
f 6435 6436 6437
f 6435 6437 6438
f 5857 6438 5856
f 5857 6435 6438
f 5857 5818 6435
f 5818 6406 6435
f 6406 6405 6436
f 6406 6436 6435
f 6439 6441 6440
f 6439 6442 6441
f 5860 6442 6439
f 5860 5861 6442
f 5860 6439 5821
f 5821 6439 6410
f 6410 6439 6440
f 6410 6440 6409
f 5870 6443 5869
f 5870 6444 6443
f 5870 5836 6444
f 5836 6417 6444
f 6417 6445 6444
f 6444 6445 6446
f 6444 6446 6443
f 6445 6447 6446
f 6445 6448 6447
f 6422 6448 6445
f 6422 6423 6448
f 6422 6445 6417
f 6423 6449 6448
f 6448 6449 6450
f 6448 6450 6447
f 5872 6450 6449
f 5872 5873 6450
f 5872 6449 5839
f 5839 6449 6428
f 6428 6449 6423
f 6451 6452 6453
f 6451 6453 6454
f 5884 6454 5885
f 5884 6451 6454
f 5884 5856 6451
f 5856 6438 6451
f 6438 6437 6452
f 6438 6452 6451
f 6455 6457 6456
f 6455 6458 6457
f 5888 6458 6455
f 5888 5889 6458
f 5888 6455 5861
f 5861 6455 6442
f 6442 6455 6456
f 6442 6456 6441
f 5896 6459 5895
f 5896 5897 6459
f 6460 6461 6462
f 5897 6462 6459
f 5897 6460 6462
f 5897 5898 6460
f 5898 5869 6460
f 5869 6443 6463
f 5869 6463 6460
f 6460 6463 6461
f 6443 6464 6463
f 6446 6447 6465
f 6446 6464 6443
f 6446 6465 6464
f 6447 6466 6467
f 6447 6467 6465
f 6466 6468 6467
f 6466 6469 6468
f 5873 6469 6466
f 5873 5899 6469
f 5873 6466 6450
f 6450 6466 6447
f 5899 6470 6469
f 5899 5901 6470
f 6471 6472 6473
f 6471 6473 6474
f 5909 6474 5910
f 5909 6471 6474
f 5909 5885 6471
f 5885 6454 6471
f 6454 6453 6472
f 6454 6472 6471
f 6475 6477 6476
f 6475 6478 6477
f 6475 6479 6478
f 5889 6479 6475
f 5889 5911 6479
f 5889 6475 6458
f 6458 6475 6476
f 6458 6476 6457
f 5911 6480 6479
f 5911 5913 6480
f 6481 6482 6483
f 6481 6483 6484
f 5917 6484 5918
f 5917 6481 6484
f 5917 5919 6485
f 5917 6485 6481
f 6481 6485 6486
f 6481 6486 6482
f 6485 6487 6486
f 6485 6488 6487
f 6485 5919 6488
f 5919 5920 6488
f 5920 5895 6488
f 5895 6459 6489
f 5895 6489 6488
f 6488 6489 6487
f 6459 6490 6489
f 6459 6462 6490
f 6468 6469 6491
f 6468 6491 6467
f 6469 6492 6491
f 5901 5921 6493
f 5901 6494 6470
f 5901 6493 6494
f 6470 6492 6469
f 6470 6494 6492
f 6493 6495 6494
f 6493 6496 6495
f 6493 5921 6496
f 5921 5923 6496
f 5928 6497 5929
f 5928 5931 6497
f 6498 6499 6500
f 5931 6500 6497
f 5931 6498 6500
f 5931 5932 6498
f 5932 5910 6498
f 5910 6474 6498
f 6474 6473 6499
f 6474 6499 6498
f 6478 6479 6501
f 6478 6501 6477
f 6479 6502 6503
f 6479 6503 6501
f 6502 6504 6503
f 5934 6504 6502
f 5934 5935 6504
f 5934 6502 5913
f 5913 6502 6480
f 6480 6502 6479
f 6505 6506 6507
f 6505 6507 6508
f 5941 6508 5942
f 5941 6505 6508
f 5941 5943 6509
f 5941 6509 6505
f 6505 6509 6510
f 6505 6510 6506
f 6509 6511 6510
f 6509 6512 6511
f 6509 5943 6512
f 5943 5944 6512
f 5944 5918 6512
f 5918 6484 6512
f 6484 6483 6511
f 6484 6511 6512
f 5923 5945 6513
f 5923 6514 6496
f 5923 6513 6514
f 6496 6514 6495
f 6513 6515 6514
f 6513 6516 6515
f 6513 5945 6516
f 5945 5947 6516
f 6517 6518 6519
f 6517 6519 6520
f 5953 6520 5954
f 5953 6517 6520
f 5953 5929 6517
f 5929 6497 6521
f 5929 6521 6517
f 6517 6521 6518
f 6497 6522 6521
f 6497 6500 6522
f 6523 6525 6524
f 6523 6526 6525
f 6523 6527 6526
f 5935 6527 6523
f 5935 5955 6527
f 5935 6523 6504
f 6504 6523 6524
f 6504 6524 6503
f 5955 6528 6527
f 5955 5957 6528
f 6529 6530 6531
f 6529 6531 6532
f 5965 6532 5966
f 5965 6529 6532
f 5965 5967 6533
f 5965 6533 6529
f 6529 6533 6534
f 6529 6534 6530
f 6533 6535 6534
f 6533 6536 6535
f 6533 5967 6536
f 5967 5968 6536
f 5968 5942 6536
f 5942 6508 6536
f 6508 6507 6535
f 6508 6535 6536
f 5947 5969 6537
f 5947 6538 6516
f 5947 6537 6538
f 6516 6538 6515
f 6537 6539 6538
f 6537 6540 6539
f 6537 5969 6540
f 5969 5971 6540
f 5979 6541 5980
f 5979 5981 6541
f 6542 6543 6544
f 5981 6544 6541
f 5981 6542 6544
f 5981 5982 6542
f 5982 5954 6542
f 5954 6520 6542
f 6520 6519 6543
f 6520 6543 6542
f 6526 6527 6545
f 6526 6545 6525
f 6527 6546 6547
f 6527 6547 6545
f 6546 6548 6547
f 5984 6548 6546
f 5984 5985 6548
f 5984 6546 5957
f 5957 6546 6528
f 6528 6546 6527
f 5994 6549 5993
f 5994 5995 6549
f 6550 6551 6552
f 5995 6552 6549
f 5995 6550 6552
f 5995 5996 6550
f 5996 5966 6550
f 5966 6532 6550
f 6532 6531 6551
f 6532 6551 6550
f 6553 6555 6554
f 6553 6556 6555
f 6553 6557 6556
f 5971 6557 6553
f 5971 5997 6557
f 5971 6553 6540
f 6540 6553 6554
f 6540 6554 6539
f 5997 6558 6557
f 5997 5999 6558
f 6559 6560 6561
f 6559 6561 6562
f 6008 6562 6007
f 6008 6559 6562
f 6008 5980 6559
f 5980 6541 6563
f 5980 6563 6559
f 6559 6563 6560
f 6541 6564 6563
f 6541 6544 6564
f 6565 6567 6566
f 6565 6568 6567
f 6565 6569 6568
f 5985 6569 6565
f 5985 6009 6569
f 5985 6565 6548
f 6548 6565 6566
f 6548 6566 6547
f 6009 6570 6569
f 6009 6571 6570
f 6009 6010 6571
f 6010 6011 6571
f 6572 6573 6574
f 6011 6574 6571
f 6011 6572 6574
f 6011 6012 6572
f 6012 5993 6572
f 5993 6549 6575
f 5993 6575 6572
f 6572 6575 6573
f 6549 6576 6575
f 6549 6552 6576
f 6556 6557 6577
f 6556 6577 6555
f 6557 6578 6579
f 6557 6579 6577
f 6578 6580 6579
f 6578 6581 6580
f 5999 6581 6578
f 5999 6013 6581
f 5999 6578 6558
f 6558 6578 6557
f 6013 6582 6581
f 6013 6583 6582
f 6013 6014 6583
f 6014 6015 6583
f 6584 6585 6586
f 6015 6586 6583
f 6015 6584 6586
f 6015 6016 6584
f 6016 6007 6584
f 6007 6562 6584
f 6562 6561 6585
f 6562 6585 6584
f 6587 6589 6588
f 6587 6590 6589
f 6587 6591 6590
f 6587 6592 6591
f 6568 6592 6587
f 6568 6569 6592
f 6568 6587 6588
f 6568 6588 6567
f 6569 6593 6592
f 6592 6593 6594
f 6592 6594 6591
f 6593 6595 6594
f 6593 6596 6595
f 6570 6596 6593
f 6570 6571 6596
f 6570 6593 6569
f 6571 6597 6596
f 6571 6598 6597
f 6596 6597 6595
f 6571 6574 6598
f 6599 6601 6600
f 6599 6602 6601
f 6599 6603 6602
f 6599 6604 6603
f 6580 6604 6599
f 6580 6581 6604
f 6580 6599 6600
f 6580 6600 6579
f 6581 6605 6604
f 6604 6605 6606
f 6604 6606 6603
f 6605 6607 6606
f 6605 6608 6607
f 6582 6608 6605
f 6582 6583 6608
f 6582 6605 6581
f 6583 6609 6608
f 6583 6610 6609
f 6608 6609 6607
f 6583 6586 6610
f 6611 6613 6612
f 6611 6614 6613
f 6018 6614 6611
f 6018 6019 6614
f 6018 6611 6615
f 6018 6615 6023
f 6590 6615 6611
f 6590 6591 6615
f 6590 6611 6612
f 6590 6612 6589
f 6591 6616 6615
f 6615 6616 6023
f 6023 6616 6025
f 6025 6616 6617
f 6025 6617 6029
f 6594 6617 6616
f 6594 6595 6617
f 6594 6616 6591
f 6595 6618 6617
f 6617 6618 6029
f 6029 6618 6619
f 6029 6619 6030
f 6618 6620 6619
f 6618 6621 6620
f 6595 6621 6618
f 6595 6597 6621
f 6620 6621 6622
f 6620 6622 6619
f 6623 6625 6624
f 6623 6626 6625
f 6623 6627 6626
f 6623 6628 6627
f 6623 6629 6628
f 6623 6624 6629
f 6628 6631 6630
f 6628 6629 6631
f 6628 6630 6632
f 6628 6632 6627
f 6032 6632 6630
f 6032 6033 6632
f 6032 6630 6633
f 6032 6633 6037
f 6602 6633 6630
f 6602 6603 6633
f 6602 6630 6631
f 6602 6631 6601
f 6603 6634 6633
f 6633 6634 6037
f 6037 6634 6039
f 6039 6634 6635
f 6039 6635 6043
f 6606 6635 6634
f 6606 6607 6635
f 6606 6634 6603
f 6607 6636 6635
f 6607 6637 6636
f 6635 6638 6043
f 6635 6636 6638
f 6043 6638 6044
f 6607 6609 6637
f 6639 6641 6640
f 6639 6642 6641
f 6639 6643 6642
f 6639 6644 6643
f 6639 6645 6644
f 6639 6640 6645
f 6644 6647 6646
f 6644 6645 6647
f 6644 6646 6648
f 6644 6648 6643
f 6046 6648 6646
f 6046 6047 6648
f 6046 6646 6019
f 6019 6646 6614
f 6614 6646 6647
f 6614 6647 6613
f 6030 6649 6059
f 6030 6619 6649
f 6619 6650 6649
f 6619 6651 6650
f 6649 6652 6059
f 6649 6650 6652
f 6059 6652 6060
f 6619 6622 6651
f 6653 6655 6654
f 6653 6656 6655
f 6062 6656 6653
f 6062 6063 6656
f 6062 6653 6657
f 6062 6657 6067
f 6626 6657 6653
f 6626 6627 6657
f 6626 6653 6654
f 6626 6654 6625
f 6627 6658 6657
f 6657 6658 6067
f 6067 6658 6069
f 6069 6658 6033
f 6033 6658 6632
f 6632 6658 6627
f 6078 6659 6077
f 6078 6660 6659
f 6078 6044 6660
f 6044 6661 6660
f 6044 6638 6661
f 6638 6636 6661
f 6660 6661 6662
f 6660 6662 6659
f 6663 6665 6664
f 6663 6666 6665
f 6080 6666 6663
f 6080 6081 6666
f 6080 6663 6667
f 6080 6667 6085
f 6642 6667 6663
f 6642 6643 6667
f 6642 6663 6664
f 6642 6664 6641
f 6643 6668 6667
f 6667 6668 6085
f 6085 6668 6087
f 6087 6668 6047
f 6047 6668 6648
f 6648 6668 6643
f 6060 6669 6097
f 6060 6670 6669
f 6060 6652 6670
f 6652 6650 6670
f 6669 6670 6671
f 6669 6672 6097
f 6669 6671 6672
f 6097 6672 6098
f 6673 6675 6674
f 6673 6676 6675
f 6100 6676 6673
f 6100 6101 6676
f 6100 6673 6677
f 6100 6677 6105
f 6673 6678 6677
f 6673 6674 6678
f 6677 6680 6679
f 6677 6678 6680
f 6677 6679 6105
f 6105 6679 6107
f 6107 6679 6063
f 6063 6679 6656
f 6656 6679 6680
f 6656 6680 6655
f 6077 6681 6117
f 6077 6659 6681
f 6659 6682 6681
f 6659 6683 6682
f 6681 6684 6117
f 6681 6682 6684
f 6117 6684 6118
f 6659 6662 6683
f 6685 6687 6686
f 6685 6688 6687
f 6685 6689 6688
f 6685 6690 6689
f 6685 6691 6690
f 6685 6686 6691
f 6690 6693 6692
f 6690 6691 6693
f 6690 6692 6694
f 6690 6694 6689
f 6120 6694 6692
f 6120 6121 6694
f 6120 6692 6081
f 6081 6692 6666
f 6666 6692 6693
f 6666 6693 6665
f 6098 6695 6129
f 6098 6696 6695
f 6098 6672 6696
f 6672 6671 6696
f 6695 6696 6697
f 6695 6698 6129
f 6695 6697 6698
f 6129 6698 6130
f 6699 6701 6700
f 6699 6702 6701
f 6132 6702 6699
f 6132 6133 6702
f 6132 6699 6703
f 6132 6703 6137
f 6699 6704 6703
f 6699 6700 6704
f 6703 6706 6705
f 6703 6704 6706
f 6703 6705 6137
f 6137 6705 6139
f 6139 6705 6101
f 6101 6705 6676
f 6676 6705 6706
f 6676 6706 6675
f 6145 6707 6144
f 6145 6708 6707
f 6145 6118 6708
f 6118 6709 6708
f 6118 6684 6709
f 6684 6682 6709
f 6708 6709 6710
f 6708 6710 6707
f 6711 6713 6712
f 6711 6714 6713
f 6148 6714 6711
f 6148 6149 6714
f 6148 6711 6715
f 6148 6715 6153
f 6688 6715 6711
f 6688 6689 6715
f 6688 6711 6712
f 6688 6712 6687
f 6689 6716 6715
f 6715 6716 6153
f 6153 6716 6155
f 6155 6716 6121
f 6121 6716 6694
f 6694 6716 6689
f 6130 6717 6161
f 6130 6718 6717
f 6130 6698 6718
f 6698 6697 6718
f 6717 6720 6719
f 6717 6718 6720
f 6717 6719 6161
f 6161 6719 6721
f 6161 6721 6162
f 6719 6722 6721
f 6719 6723 6722
f 6719 6720 6723
f 6722 6723 6724
f 6722 6724 6721
f 6725 6727 6726
f 6725 6728 6727
f 6725 6729 6728
f 6725 6730 6729
f 6725 6731 6730
f 6725 6726 6731
f 6730 6733 6732
f 6730 6731 6733
f 6730 6732 6734
f 6730 6734 6729
f 6164 6734 6732
f 6164 6165 6734
f 6164 6732 6735
f 6164 6735 6169
f 6732 6736 6735
f 6732 6733 6736
f 6735 6738 6737
f 6735 6736 6738
f 6735 6737 6169
f 6169 6737 6171
f 6171 6737 6133
f 6133 6737 6702
f 6702 6737 6738
f 6702 6738 6701
f 6144 6739 6177
f 6144 6707 6739
f 6707 6740 6739
f 6707 6741 6740
f 6739 6742 6177
f 6739 6740 6742
f 6177 6742 6178
f 6707 6710 6741
f 6743 6745 6744
f 6743 6746 6745
f 6180 6746 6743
f 6180 6181 6746
f 6180 6743 6149
f 6149 6743 6714
f 6714 6743 6744
f 6714 6744 6713
f 6162 6747 6191
f 6162 6721 6747
f 6721 6748 6747
f 6747 6748 6191
f 6191 6748 6749
f 6191 6749 6192
f 6748 6750 6749
f 6748 6751 6750
f 6721 6751 6748
f 6721 6724 6751
f 6750 6753 6752
f 6750 6751 6753
f 6750 6752 6754
f 6750 6754 6749
f 6752 6755 6754
f 6752 6756 6755
f 6752 6757 6756
f 6752 6753 6757
f 6756 6759 6758
f 6756 6757 6759
f 6756 6758 6760
f 6756 6760 6755
f 6194 6760 6758
f 6194 6195 6760
f 6194 6758 6761
f 6194 6761 6199
f 6728 6761 6758
f 6728 6729 6761
f 6728 6758 6759
f 6728 6759 6727
f 6729 6762 6761
f 6761 6762 6199
f 6199 6762 6201
f 6201 6762 6165
f 6165 6762 6734
f 6734 6762 6729
f 6763 6764 6765
f 6763 6765 6766
f 6209 6766 6208
f 6209 6763 6766
f 6209 6178 6763
f 6178 6742 6763
f 6742 6740 6764
f 6742 6764 6763
f 6767 6769 6768
f 6767 6770 6769
f 6212 6770 6767
f 6212 6213 6770
f 6212 6767 6181
f 6181 6767 6746
f 6746 6767 6768
f 6746 6768 6745
f 6222 6771 6221
f 6222 6772 6771
f 6222 6192 6772
f 6192 6749 6772
f 6749 6773 6772
f 6772 6773 6774
f 6772 6774 6771
f 6773 6775 6774
f 6773 6776 6775
f 6754 6776 6773
f 6754 6755 6776
f 6754 6773 6749
f 6755 6777 6776
f 6776 6777 6778
f 6776 6778 6775
f 6224 6778 6777
f 6224 6225 6778
f 6224 6777 6195
f 6195 6777 6760
f 6760 6777 6755
f 6779 6780 6781
f 6779 6781 6782
f 6236 6782 6237
f 6236 6779 6782
f 6236 6208 6779
f 6208 6766 6779
f 6766 6765 6780
f 6766 6780 6779
f 6783 6785 6784
f 6783 6786 6785
f 6240 6786 6783
f 6240 6241 6786
f 6240 6783 6213
f 6213 6783 6770
f 6770 6783 6784
f 6770 6784 6769
f 6247 6787 6248
f 6247 6249 6787
f 6788 6789 6790
f 6249 6790 6787
f 6249 6788 6790
f 6249 6250 6788
f 6250 6251 6791
f 6250 6791 6788
f 6788 6791 6792
f 6788 6792 6789
f 6791 6793 6792
f 6791 6794 6793
f 6791 6251 6794
f 6251 6252 6794
f 6252 6221 6794
f 6221 6771 6795
f 6221 6795 6794
f 6794 6795 6793
f 6771 6796 6795
f 6774 6775 6797
f 6774 6796 6771
f 6774 6797 6796
f 6775 6798 6797
f 6225 6253 6799
f 6225 6800 6778
f 6225 6799 6800
f 6778 6798 6775
f 6778 6800 6798
f 6799 6801 6800
f 6799 6802 6801
f 6799 6253 6802
f 6253 6803 6802
f 6253 6254 6803
f 6254 6255 6803
f 6255 6804 6803
f 6255 6257 6804
f 6805 6806 6807
f 6805 6807 6808
f 6263 6808 6264
f 6263 6805 6808
f 6263 6237 6805
f 6237 6782 6805
f 6782 6781 6806
f 6782 6806 6805
f 6241 6265 6809
f 6241 6810 6786
f 6241 6809 6810
f 6786 6810 6785
f 6809 6811 6810
f 6809 6812 6811
f 6809 6265 6812
f 6265 6267 6812
f 6273 6813 6274
f 6273 6276 6813
f 6814 6815 6816
f 6276 6816 6813
f 6276 6814 6816
f 6276 6277 6814
f 6277 6279 6817
f 6277 6817 6814
f 6814 6817 6818
f 6814 6818 6815
f 6817 6819 6818
f 6817 6820 6819
f 6817 6279 6820
f 6279 6280 6820
f 6280 6248 6820
f 6248 6787 6821
f 6248 6821 6820
f 6820 6821 6819
f 6787 6822 6821
f 6787 6790 6822
f 6802 6803 6823
f 6802 6823 6801
f 6803 6824 6823
f 6257 6281 6825
f 6257 6826 6804
f 6257 6825 6826
f 6804 6824 6803
f 6804 6826 6824
f 6825 6827 6826
f 6825 6828 6827
f 6825 6281 6828
f 6281 6829 6828
f 6281 6282 6829
f 6282 6284 6829
f 6284 6830 6829
f 6284 6285 6830
f 6831 6832 6833
f 6831 6833 6834
f 6291 6834 6292
f 6291 6831 6834
f 6291 6293 6835
f 6291 6835 6831
f 6831 6835 6836
f 6831 6836 6832
f 6835 6837 6836
f 6835 6838 6837
f 6835 6293 6838
f 6293 6294 6838
f 6294 6264 6838
f 6264 6808 6838
f 6808 6807 6837
f 6808 6837 6838
f 6267 6295 6839
f 6267 6840 6812
f 6267 6839 6840
f 6812 6840 6811
f 6839 6841 6840
f 6839 6842 6841
f 6839 6295 6842
f 6295 6296 6842
f 6296 6298 6843
f 6296 6843 6842
f 6842 6843 6844
f 6842 6844 6841
f 6843 6845 6844
f 6843 6846 6845
f 6843 6298 6846
f 6298 6299 6846
f 6299 6302 6847
f 6299 6847 6846
f 6846 6847 6848
f 6846 6848 6845
f 6847 6849 6848
f 6847 6850 6849
f 6847 6302 6850
f 6302 6303 6850
f 6303 6305 6851
f 6303 6851 6850
f 6850 6851 6852
f 6850 6852 6849
f 6851 6853 6852
f 6851 6854 6853
f 6851 6305 6854
f 6305 6306 6854
f 6306 6274 6854
f 6274 6813 6855
f 6274 6855 6854
f 6854 6855 6853
f 6813 6856 6855
f 6813 6816 6856
f 6828 6829 6857
f 6828 6857 6827
f 6829 6858 6857
f 6285 6307 6859
f 6285 6860 6830
f 6285 6859 6860
f 6830 6858 6829
f 6830 6860 6858
f 6859 6861 6860
f 6859 6862 6861
f 6859 6307 6862
f 6307 6308 6862
f 6308 6310 6863
f 6308 6863 6862
f 6862 6863 6864
f 6862 6864 6861
f 6863 6865 6864
f 6863 6866 6865
f 6863 6310 6866
f 6310 6311 6866
f 6311 6314 6867
f 6311 6867 6866
f 6866 6867 6868
f 6866 6868 6865
f 6867 6869 6868
f 6867 6870 6869
f 6867 6314 6870
f 6314 6315 6870
f 6315 6317 6871
f 6315 6871 6870
f 6870 6871 6872
f 6870 6872 6869
f 6871 6873 6872
f 6871 6874 6873
f 6871 6317 6874
f 6317 6318 6874
f 6318 6292 6874
f 6292 6834 6874
f 6834 6833 6873
f 6834 6873 6874
f 6875 6877 6876
f 6875 6878 6877
f 6320 6878 6875
f 6320 6321 6878
f 6320 6875 6879
f 6320 6879 6324
f 6875 6880 6879
f 6875 6876 6880
f 6879 6882 6881
f 6879 6880 6882
f 6879 6881 6324
f 6324 6881 6326
f 6326 6881 6883
f 6326 6883 6328
f 6881 6884 6883
f 6881 6882 6884
f 6883 6886 6885
f 6883 6884 6886
f 6883 6885 6328
f 6328 6885 6330
f 6330 6885 6887
f 6330 6887 6332
f 6885 6888 6887
f 6885 6886 6888
f 6887 6890 6889
f 6887 6888 6890
f 6887 6889 6332
f 6332 6889 6334
f 6334 6889 6891
f 6334 6891 6336
f 6889 6892 6891
f 6889 6890 6892
f 6891 6894 6893
f 6891 6892 6894
f 6891 6893 6336
f 6336 6893 6338
f 6338 6893 6895
f 6338 6895 6341
f 6893 6896 6895
f 6893 6894 6896
f 6895 6896 6897
f 6895 6898 6341
f 6895 6897 6898
f 6341 6898 6342
f 6899 6901 6900
f 6899 6902 6901
f 6344 6902 6899
f 6344 6345 6902
f 6344 6899 6903
f 6344 6903 6349
f 6899 6904 6903
f 6899 6900 6904
f 6903 6906 6905
f 6903 6904 6906
f 6903 6905 6349
f 6349 6905 6351
f 6351 6905 6907
f 6351 6907 6354
f 6905 6908 6907
f 6905 6906 6908
f 6907 6910 6909
f 6907 6908 6910
f 6907 6909 6354
f 6354 6909 6356
f 6356 6909 6911
f 6356 6911 6358
f 6909 6912 6911
f 6909 6910 6912
f 6911 6914 6913
f 6911 6912 6914
f 6911 6913 6358
f 6358 6913 6360
f 6360 6913 6915
f 6360 6915 6362
f 6913 6916 6915
f 6913 6914 6916
f 6915 6918 6917
f 6915 6916 6918
f 6915 6917 6362
f 6362 6917 6364
f 6364 6917 6919
f 6364 6919 6366
f 6917 6920 6919
f 6917 6918 6920
f 6919 6920 6921
f 6919 6922 6366
f 6919 6921 6922
f 6366 6922 6367
f 6923 6925 6924
f 6923 6926 6925
f 6370 6926 6923
f 6370 6371 6926
f 6370 6923 6927
f 6370 6927 6374
f 6923 6928 6927
f 6923 6924 6928
f 6927 6930 6929
f 6927 6928 6930
f 6927 6929 6374
f 6374 6929 6376
f 6376 6929 6321
f 6321 6929 6878
f 6878 6929 6930
f 6878 6930 6877
f 6342 6931 6380
f 6342 6932 6931
f 6342 6898 6932
f 6898 6897 6932
f 6931 6934 6933
f 6931 6932 6934
f 6931 6933 6380
f 6380 6933 6382
f 6382 6933 6935
f 6382 6935 6385
f 6933 6936 6935
f 6933 6934 6936
f 6935 6938 6937
f 6935 6936 6938
f 6935 6937 6385
f 6385 6937 6939
f 6385 6939 6386
f 6937 6940 6939
f 6937 6941 6940
f 6937 6938 6941
f 6940 6941 6942
f 6940 6942 6939
f 6943 6945 6944
f 6943 6946 6945
f 6943 6947 6946
f 6943 6948 6947
f 6943 6949 6948
f 6943 6944 6949
f 6948 6951 6950
f 6948 6949 6951
f 6948 6950 6952
f 6948 6952 6947
f 6388 6952 6950
f 6388 6389 6952
f 6388 6950 6953
f 6388 6953 6393
f 6950 6954 6953
f 6950 6951 6954
f 6953 6956 6955
f 6953 6954 6956
f 6953 6955 6393
f 6393 6955 6395
f 6395 6955 6957
f 6395 6957 6398
f 6955 6958 6957
f 6955 6956 6958
f 6957 6960 6959
f 6957 6958 6960
f 6957 6959 6398
f 6398 6959 6400
f 6400 6959 6345
f 6345 6959 6902
f 6902 6959 6960
f 6902 6960 6901
f 6367 6961 6404
f 6367 6962 6961
f 6367 6922 6962
f 6922 6921 6962
f 6961 6962 6963
f 6961 6964 6404
f 6961 6963 6964
f 6404 6964 6405
f 6965 6967 6966
f 6965 6968 6967
f 6408 6968 6965
f 6408 6409 6968
f 6408 6965 6371
f 6371 6965 6926
f 6926 6965 6966
f 6926 6966 6925
f 6386 6969 6414
f 6386 6939 6969
f 6939 6970 6969
f 6969 6970 6414
f 6414 6970 6416
f 6416 6970 6971
f 6416 6971 6419
f 6970 6972 6971
f 6939 6972 6970
f 6939 6942 6972
f 6971 6974 6973
f 6971 6972 6974
f 6971 6973 6419
f 6419 6973 6421
f 6421 6973 6975
f 6421 6975 6425
f 6973 6976 6975
f 6973 6974 6976
f 6975 6978 6977
f 6975 6976 6978
f 6975 6977 6425
f 6425 6977 6427
f 6427 6977 6979
f 6427 6979 6430
f 6946 6979 6977
f 6946 6947 6979
f 6946 6977 6978
f 6946 6978 6945
f 6947 6980 6979
f 6979 6980 6430
f 6430 6980 6432
f 6432 6980 6389
f 6389 6980 6952
f 6952 6980 6947
f 6981 6982 6983
f 6981 6983 6984
f 6436 6984 6437
f 6436 6981 6984
f 6436 6405 6981
f 6405 6964 6981
f 6964 6963 6982
f 6964 6982 6981
f 6985 6987 6986
f 6985 6988 6987
f 6440 6988 6985
f 6440 6441 6988
f 6440 6985 6409
f 6409 6985 6968
f 6968 6985 6986
f 6968 6986 6967
f 6989 6990 6991
f 6989 6991 6992
f 6452 6992 6453
f 6452 6989 6992
f 6452 6437 6989
f 6437 6984 6989
f 6984 6983 6990
f 6984 6990 6989
f 6993 6995 6994
f 6993 6996 6995
f 6456 6996 6993
f 6456 6457 6996
f 6456 6993 6441
f 6441 6993 6988
f 6988 6993 6994
f 6988 6994 6987
f 6997 6998 6999
f 6997 6999 7000
f 6461 7000 6462
f 6461 6997 7000
f 6461 6463 7001
f 6461 7001 6997
f 6997 7001 7002
f 6997 7002 6998
f 7001 7003 7002
f 7001 7004 7003
f 7001 6463 7004
f 6463 6464 7004
f 6464 6465 7005
f 6464 7005 7004
f 7004 7005 7006
f 7004 7006 7003
f 7005 7007 7006
f 7005 7008 7007
f 7005 6465 7008
f 6465 6467 7008
f 7009 7010 7011
f 7009 7011 7012
f 6472 7012 6473
f 6472 7009 7012
f 6472 6453 7009
f 6453 6992 7009
f 6992 6991 7010
f 6992 7010 7009
f 7013 7015 7014
f 7013 7016 7015
f 6476 7016 7013
f 6476 6477 7016
f 6476 7013 6457
f 6457 7013 6996
f 6996 7013 7014
f 6996 7014 6995
f 7017 7018 7019
f 7017 7019 7020
f 6482 7020 6483
f 6482 7017 7020
f 6482 6486 7021
f 6482 7021 7017
f 7017 7021 7022
f 7017 7022 7018
f 7021 7023 7022
f 7021 7024 7023
f 7021 6486 7024
f 6486 6487 7024
f 6487 6489 7025
f 6487 7025 7024
f 7024 7025 7026
f 7024 7026 7023
f 7025 7027 7026
f 7025 7028 7027
f 7025 6489 7028
f 6489 6490 7028
f 6490 6462 7028
f 6462 7000 7028
f 7000 6999 7027
f 7000 7027 7028
f 6467 6491 7029
f 6467 7030 7008
f 6467 7029 7030
f 7008 7030 7007
f 7029 7031 7030
f 7029 7032 7031
f 7029 6491 7032
f 6491 6492 7032
f 6492 6494 7033
f 6492 7033 7032
f 7032 7033 7034
f 7032 7034 7031
f 7033 7035 7034
f 7033 7036 7035
f 7033 6494 7036
f 6494 6495 7036
f 7037 7038 7039
f 7037 7039 7040
f 6499 7040 6500
f 6499 7037 7040
f 6499 6473 7037
f 6473 7012 7037
f 7012 7011 7038
f 7012 7038 7037
f 6477 6501 7041
f 6477 7042 7016
f 6477 7041 7042
f 7016 7042 7015
f 7041 7043 7042
f 7041 7044 7043
f 7041 6501 7044
f 6501 6503 7044
f 7045 7046 7047
f 7045 7047 7048
f 6506 7048 6507
f 6506 7045 7048
f 6506 6510 7049
f 6506 7049 7045
f 7045 7049 7050
f 7045 7050 7046
f 7049 7051 7050
f 7049 7052 7051
f 7049 6510 7052
f 6510 6511 7052
f 6511 6483 7052
f 6483 7020 7052
f 7020 7019 7051
f 7020 7051 7052
f 6495 6514 7053
f 6495 7054 7036
f 6495 7053 7054
f 7036 7054 7035
f 7053 7055 7054
f 7053 7056 7055
f 7053 6514 7056
f 6514 6515 7056
f 7057 7058 7059
f 7057 7059 7060
f 6518 7060 6519
f 6518 7057 7060
f 6518 6521 7061
f 6518 7061 7057
f 7057 7061 7062
f 7057 7062 7058
f 7061 7063 7062
f 7061 7064 7063
f 7061 6521 7064
f 6521 6522 7064
f 6522 6500 7064
f 6500 7040 7064
f 7040 7039 7063
f 7040 7063 7064
f 7065 7067 7066
f 7065 7068 7067
f 6524 7068 7065
f 6524 6525 7068
f 6524 7065 6503
f 6503 7065 7044
f 7044 7065 7066
f 7044 7066 7043
f 7069 7070 7071
f 7069 7071 7072
f 6530 7072 6531
f 6530 7069 7072
f 6530 6534 7073
f 6530 7073 7069
f 7069 7073 7074
f 7069 7074 7070
f 7073 7075 7074
f 7073 7076 7075
f 7073 6534 7076
f 6534 6535 7076
f 6535 6507 7076
f 6507 7048 7076
f 7048 7047 7075
f 7048 7075 7076
f 6515 6538 7077
f 6515 7078 7056
f 6515 7077 7078
f 7056 7078 7055
f 7077 7079 7078
f 7077 7080 7079
f 7077 6538 7080
f 6538 6539 7080
f 7081 7082 7083
f 7081 7083 7084
f 6543 7084 6544
f 6543 7081 7084
f 6543 6519 7081
f 6519 7060 7081
f 7060 7059 7082
f 7060 7082 7081
f 7085 7087 7086
f 7085 7088 7087
f 7085 7089 7088
f 6525 7089 7085
f 6525 6545 7089
f 6525 7085 7068
f 7068 7085 7086
f 7068 7086 7067
f 6545 7090 7089
f 6545 6547 7090
f 7091 7092 7093
f 7091 7093 7094
f 6551 7094 6552
f 6551 7091 7094
f 6551 6531 7091
f 6531 7072 7091
f 7072 7071 7092
f 7072 7092 7091
f 7095 7097 7096
f 7095 7098 7097
f 6554 7098 7095
f 6554 6555 7098
f 6554 7095 6539
f 6539 7095 7080
f 7080 7095 7096
f 7080 7096 7079
f 6560 7099 6561
f 6560 6563 7099
f 7100 7101 7102
f 6563 7102 7099
f 6563 7100 7102
f 6563 6564 7100
f 6564 6544 7100
f 6544 7084 7100
f 7084 7083 7101
f 7084 7101 7100
f 7088 7089 7103
f 7088 7103 7087
f 7089 7104 7105
f 7089 7105 7103
f 7104 7106 7105
f 6566 7106 7104
f 6566 6567 7106
f 6566 7104 6547
f 6547 7104 7090
f 7090 7104 7089
f 7107 7108 7109
f 7107 7109 7110
f 6573 7110 6574
f 6573 7107 7110
f 6573 6575 7111
f 6573 7111 7107
f 7107 7111 7112
f 7107 7112 7108
f 7111 7113 7112
f 7111 7114 7113
f 7111 6575 7114
f 6575 6576 7114
f 6576 6552 7114
f 6552 7094 7114
f 7094 7093 7113
f 7094 7113 7114
f 6555 6577 7115
f 6555 7116 7098
f 6555 7115 7116
f 7098 7116 7097
f 7115 7117 7116
f 7115 7118 7117
f 7115 6577 7118
f 6577 6579 7118
f 7119 7120 7121
f 7119 7121 7122
f 6585 7122 6586
f 6585 7119 7122
f 6585 6561 7119
f 6561 7099 7123
f 6561 7123 7119
f 7119 7123 7120
f 7099 7124 7123
f 7099 7102 7124
f 7125 7127 7126
f 7125 7128 7127
f 6588 7128 7125
f 6588 6589 7128
f 6588 7125 6567
f 6567 7125 7106
f 7106 7125 7126
f 7106 7126 7105
f 7129 7130 7131
f 7129 7131 7132
f 6598 7132 6597
f 6598 7129 7132
f 6598 6574 7129
f 6574 7110 7129
f 7110 7109 7130
f 7110 7130 7129
f 7133 7135 7134
f 7133 7136 7135
f 6600 7136 7133
f 6600 6601 7136
f 6600 7133 6579
f 6579 7133 7118
f 7118 7133 7134
f 7118 7134 7117
f 7137 7138 7139
f 7137 7139 7140
f 6610 7140 6609
f 6610 7137 7140
f 6610 6586 7137
f 6586 7122 7137
f 7122 7121 7138
f 7122 7138 7137
f 7141 7143 7142
f 7141 7144 7143
f 7141 7145 7144
f 7141 7146 7145
f 7141 7147 7146
f 7141 7142 7147
f 7146 7149 7148
f 7146 7147 7149
f 7146 7148 7150
f 7146 7150 7145
f 6612 7150 7148
f 6612 6613 7150
f 6612 7148 6589
f 6589 7148 7128
f 7128 7148 7149
f 7128 7149 7127
f 6597 7151 6621
f 6597 7152 7151
f 6597 7132 7152
f 7132 7131 7152
f 7151 7152 7153
f 7151 7154 6621
f 7151 7153 7154
f 6621 7154 6622
f 7155 7157 7156
f 7155 7158 7157
f 6624 7158 7155
f 6624 6625 7158
f 6624 7155 7159
f 6624 7159 6629
f 7155 7160 7159
f 7155 7156 7160
f 7159 7162 7161
f 7159 7160 7162
f 7159 7161 6629
f 6629 7161 6631
f 6631 7161 6601
f 6601 7161 7136
f 7136 7161 7162
f 7136 7162 7135
f 6637 7163 6636
f 6637 7164 7163
f 6637 6609 7164
f 6609 7165 7164
f 6609 7140 7165
f 7140 7139 7165
f 7164 7165 7166
f 7164 7166 7163
f 7167 7169 7168
f 7167 7170 7169
f 6640 7170 7167
f 6640 6641 7170
f 6640 7167 7171
f 6640 7171 6645
f 7144 7171 7167
f 7144 7145 7171
f 7144 7167 7168
f 7144 7168 7143
f 7145 7172 7171
f 7171 7172 6645
f 6645 7172 6647
f 6647 7172 6613
f 6613 7172 7150
f 7150 7172 7145
f 7173 7174 7175
f 7173 7175 7176
f 6651 7176 6650
f 6651 7173 7176
f 6651 6622 7173
f 6622 7154 7173
f 7154 7153 7174
f 7154 7174 7173
f 7177 7179 7178
f 7177 7180 7179
f 6654 7180 7177
f 6654 6655 7180
f 6654 7177 6625
f 6625 7177 7158
f 7158 7177 7178
f 7158 7178 7157
f 6636 7181 6661
f 6636 7163 7181
f 7163 7182 7181
f 7163 7183 7182
f 7181 7184 6661
f 7181 7182 7184
f 6661 7184 6662
f 7163 7166 7183
f 7185 7187 7186
f 7185 7188 7187
f 6664 7188 7185
f 6664 6665 7188
f 6664 7185 6641
f 6641 7185 7170
f 7170 7185 7186
f 7170 7186 7169
f 6650 7189 6670
f 6650 7190 7189
f 6650 7176 7190
f 7176 7175 7190
f 7189 7190 7191
f 7189 7192 6670
f 7189 7191 7192
f 6670 7192 6671
f 7193 7195 7194
f 7193 7196 7195
f 6674 7196 7193
f 6674 6675 7196
f 6674 7193 7197
f 6674 7197 6678
f 7193 7198 7197
f 7193 7194 7198
f 7197 7200 7199
f 7197 7198 7200
f 7197 7199 6678
f 6678 7199 6680
f 6680 7199 6655
f 6655 7199 7180
f 7180 7199 7200
f 7180 7200 7179
f 7201 7202 7203
f 7201 7203 7204
f 6683 7204 6682
f 6683 7201 7204
f 6683 6662 7201
f 6662 7184 7201
f 7184 7182 7202
f 7184 7202 7201
f 7205 7207 7206
f 7205 7208 7207
f 6686 7208 7205
f 6686 6687 7208
f 6686 7205 7209
f 6686 7209 6691
f 7205 7210 7209
f 7205 7206 7210
f 7209 7212 7211
f 7209 7210 7212
f 7209 7211 6691
f 6691 7211 6693
f 6693 7211 6665
f 6665 7211 7188
f 7188 7211 7212
f 7188 7212 7187
f 6671 7213 6696
f 6671 7214 7213
f 6671 7192 7214
f 7192 7191 7214
f 7213 7214 7215
f 7213 7216 6696
f 7213 7215 7216
f 6696 7216 6697
f 7217 7219 7218
f 7217 7220 7219
f 6700 7220 7217
f 6700 6701 7220
f 6700 7217 7221
f 6700 7221 6704
f 7217 7222 7221
f 7217 7218 7222
f 7221 7224 7223
f 7221 7222 7224
f 7221 7223 6704
f 6704 7223 6706
f 6706 7223 6675
f 6675 7223 7196
f 7196 7223 7224
f 7196 7224 7195
f 6682 7225 6709
f 6682 7226 7225
f 6682 7204 7226
f 7204 7203 7226
f 7225 7226 7227
f 7225 7228 6709
f 7225 7227 7228
f 6709 7228 6710
f 7229 7231 7230
f 7229 7232 7231
f 6712 7232 7229
f 6712 6713 7232
f 6712 7229 6687
f 6687 7229 7208
f 7208 7229 7230
f 7208 7230 7207
f 6697 7233 6718
f 6697 7234 7233
f 6697 7216 7234
f 7216 7215 7234
f 7233 7236 7235
f 7233 7234 7236
f 7233 7235 6718
f 6718 7235 6720
f 6720 7235 7237
f 6720 7237 6723
f 7235 7238 7237
f 7235 7236 7238
f 7237 7238 7239
f 7237 7240 6723
f 7237 7239 7240
f 6723 7240 6724
f 7241 7243 7242
f 7241 7244 7243
f 6726 7244 7241
f 6726 6727 7244
f 6726 7241 7245
f 6726 7245 6731
f 7241 7246 7245
f 7241 7242 7246
f 7245 7248 7247
f 7245 7246 7248
f 7245 7247 6731
f 6731 7247 6733
f 6733 7247 7249
f 6733 7249 6736
f 7247 7250 7249
f 7247 7248 7250
f 7249 7252 7251
f 7249 7250 7252
f 7249 7251 6736
f 6736 7251 6738
f 6738 7251 6701
f 6701 7251 7220
f 7220 7251 7252
f 7220 7252 7219
f 7253 7254 7255
f 7253 7255 7256
f 6741 7256 6740
f 6741 7253 7256
f 6741 6710 7253
f 6710 7228 7253
f 7228 7227 7254
f 7228 7254 7253
f 7257 7259 7258
f 7257 7260 7259
f 6744 7260 7257
f 6744 6745 7260
f 6744 7257 6713
f 6713 7257 7232
f 7232 7257 7258
f 7232 7258 7231
f 6724 7261 6751
f 6724 7262 7261
f 6724 7240 7262
f 7240 7239 7262
f 7261 7264 7263
f 7261 7262 7264
f 7261 7263 6751
f 6751 7263 6753
f 6753 7263 7265
f 6753 7265 6757
f 7263 7266 7265
f 7263 7264 7266
f 7265 7268 7267
f 7265 7266 7268
f 7265 7267 6757
f 6757 7267 6759
f 6759 7267 6727
f 6727 7267 7244
f 7244 7267 7268
f 7244 7268 7243
f 7269 7270 7271
f 7269 7271 7272
f 6764 7272 6765
f 6764 7269 7272
f 6764 6740 7269
f 6740 7256 7269
f 7256 7255 7270
f 7256 7270 7269
f 7273 7275 7274
f 7273 7276 7275
f 6768 7276 7273
f 6768 6769 7276
f 6768 7273 6745
f 6745 7273 7260
f 7260 7273 7274
f 7260 7274 7259
f 7277 7278 7279
f 7277 7279 7280
f 6780 7280 6781
f 6780 7277 7280
f 6780 6765 7277
f 6765 7272 7277
f 7272 7271 7278
f 7272 7278 7277
f 7281 7283 7282
f 7281 7284 7283
f 6784 7284 7281
f 6784 6785 7284
f 6784 7281 6769
f 6769 7281 7276
f 7276 7281 7282
f 7276 7282 7275
f 6789 7285 6790
f 6789 6792 7285
f 7286 7287 7288
f 6792 7288 7285
f 6792 7286 7288
f 6792 6793 7286
f 6793 6795 7289
f 6793 7289 7286
f 7286 7289 7290
f 7286 7290 7287
f 7289 7291 7290
f 7289 7292 7291
f 7289 6795 7292
f 6795 6796 7292
f 6796 6797 7293
f 6796 7293 7292
f 7292 7293 7294
f 7292 7294 7291
f 7293 7295 7294
f 7293 7296 7295
f 7293 6797 7296
f 6797 7297 7296
f 6797 6798 7297
f 6798 6800 7297
f 6800 7298 7297
f 6800 6801 7298
f 7299 7300 7301
f 7299 7301 7302
f 6806 7302 6807
f 6806 7299 7302
f 6806 6781 7299
f 6781 7280 7299
f 7280 7279 7300
f 7280 7300 7299
f 6785 6810 7303
f 6785 7304 7284
f 6785 7303 7304
f 7284 7304 7283
f 7303 7305 7304
f 7303 7306 7305
f 7303 6810 7306
f 6810 6811 7306
f 7307 7308 7309
f 7307 7309 7310
f 6815 7310 6816
f 6815 7307 7310
f 6815 6818 7311
f 6815 7311 7307
f 7307 7311 7312
f 7307 7312 7308
f 7311 7313 7312
f 7311 7314 7313
f 7311 6818 7314
f 6818 6819 7314
f 6819 6821 7315
f 6819 7315 7314
f 7314 7315 7316
f 7314 7316 7313
f 7315 7317 7316
f 7315 7318 7317
f 7315 6821 7318
f 6821 6822 7318
f 6822 6790 7318
f 6790 7285 7319
f 6790 7319 7318
f 7318 7319 7317
f 7285 7320 7319
f 7285 7288 7320
f 7296 7297 7321
f 7296 7321 7295
f 7297 7322 7321
f 6801 6823 7323
f 6801 7324 7298
f 6801 7323 7324
f 7298 7322 7297
f 7298 7324 7322
f 7323 7325 7324
f 7323 7326 7325
f 7323 6823 7326
f 6823 6824 7326
f 6824 6826 7327
f 6824 7327 7326
f 7326 7327 7328
f 7326 7328 7325
f 7327 7329 7328
f 7327 7330 7329
f 7327 6826 7330
f 6826 6827 7330
f 7331 7332 7333
f 7331 7333 7334
f 6832 7334 6833
f 6832 7331 7334
f 6832 6836 7335
f 6832 7335 7331
f 7331 7335 7336
f 7331 7336 7332
f 7335 7337 7336
f 7335 7338 7337
f 7335 6836 7338
f 6836 6837 7338
f 6837 6807 7338
f 6807 7302 7338
f 7302 7301 7337
f 7302 7337 7338
f 6811 6840 7339
f 6811 7340 7306
f 6811 7339 7340
f 7306 7340 7305
f 7339 7341 7340
f 7339 7342 7341
f 7339 6840 7342
f 6840 6841 7342
f 6841 6844 7343
f 6841 7343 7342
f 7342 7343 7344
f 7342 7344 7341
f 7343 7345 7344
f 7343 7346 7345
f 7343 6844 7346
f 6844 6845 7346
f 6845 6848 7347
f 6845 7347 7346
f 7346 7347 7348
f 7346 7348 7345
f 7347 7349 7348
f 7347 7350 7349
f 7347 6848 7350
f 6848 6849 7350
f 6849 6852 7351
f 6849 7351 7350
f 7350 7351 7352
f 7350 7352 7349
f 7351 7353 7352
f 7351 7354 7353
f 7351 6852 7354
f 6852 6853 7354
f 6853 6855 7355
f 6853 7355 7354
f 7354 7355 7356
f 7354 7356 7353
f 7355 7357 7356
f 7355 7358 7357
f 7355 6855 7358
f 6855 6856 7358
f 6856 6816 7358
f 6816 7310 7358
f 7310 7309 7357
f 7310 7357 7358
f 6827 6857 7359
f 6827 7360 7330
f 6827 7359 7360
f 7330 7360 7329
f 7359 7361 7360
f 7359 7362 7361
f 7359 6857 7362
f 6857 6858 7362
f 6858 6860 7363
f 6858 7363 7362
f 7362 7363 7364
f 7362 7364 7361
f 7363 7365 7364
f 7363 7366 7365
f 7363 6860 7366
f 6860 6861 7366
f 6861 6864 7367
f 6861 7367 7366
f 7366 7367 7368
f 7366 7368 7365
f 7367 7369 7368
f 7367 7370 7369
f 7367 6864 7370
f 6864 6865 7370
f 6865 6868 7371
f 6865 7371 7370
f 7370 7371 7372
f 7370 7372 7369
f 7371 7373 7372
f 7371 7374 7373
f 7371 6868 7374
f 6868 6869 7374
f 6869 6872 7375
f 6869 7375 7374
f 7374 7375 7376
f 7374 7376 7373
f 7375 7377 7376
f 7375 7378 7377
f 7375 6872 7378
f 6872 6873 7378
f 6873 6833 7378
f 6833 7334 7378
f 7334 7333 7377
f 7334 7377 7378
f 7379 7381 7380
f 7379 7382 7381
f 6876 7382 7379
f 6876 6877 7382
f 6876 7379 7383
f 6876 7383 6880
f 7379 7384 7383
f 7379 7380 7384
f 7383 7386 7385
f 7383 7384 7386
f 7383 7385 6880
f 6880 7385 6882
f 6882 7385 7387
f 6882 7387 6884
f 7385 7388 7387
f 7385 7386 7388
f 7387 7390 7389
f 7387 7388 7390
f 7387 7389 6884
f 6884 7389 6886
f 6886 7389 7391
f 6886 7391 6888
f 7389 7392 7391
f 7389 7390 7392
f 7391 7394 7393
f 7391 7392 7394
f 7391 7393 6888
f 6888 7393 6890
f 6890 7393 7395
f 6890 7395 6892
f 7393 7396 7395
f 7393 7394 7396
f 7395 7396 7397
f 7395 7398 6892
f 7395 7397 7398
f 6892 7399 6894
f 6892 7398 7399
f 6894 7399 6896
f 6896 7399 7400
f 6896 7400 6897
f 6900 6901 7401
f 6900 7401 6904
f 7402 7404 7403
f 6904 7404 7402
f 6904 7401 7404
f 6904 7402 6906
f 6906 7402 7405
f 6906 7405 6908
f 7402 7406 7405
f 7402 7403 7406
f 7405 7408 7407
f 7405 7406 7408
f 7405 7407 6908
f 6908 7407 6910
f 6910 7407 7409
f 6910 7409 6912
f 7407 7410 7409
f 7407 7408 7410
f 7409 7412 7411
f 7409 7410 7412
f 7409 7411 6912
f 6912 7411 6914
f 6914 7411 7413
f 6914 7413 6916
f 7411 7414 7413
f 7411 7412 7414
f 7413 7416 7415
f 7413 7414 7416
f 7413 7415 6916
f 6916 7415 6918
f 6918 7415 7417
f 6918 7417 6920
f 7415 7418 7417
f 7415 7416 7418
f 7417 7418 7419
f 7417 7420 6920
f 7417 7419 7420
f 6920 7420 6921
f 7421 7423 7422
f 7421 7424 7423
f 6924 7424 7421
f 6924 6925 7424
f 6924 7421 7425
f 6924 7425 6928
f 7421 7426 7425
f 7421 7422 7426
f 7425 7428 7427
f 7425 7426 7428
f 7425 7427 6928
f 6928 7427 6930
f 6930 7427 6877
f 6877 7427 7382
f 7382 7427 7428
f 7382 7428 7381
f 7398 7429 7399
f 7398 7397 7429
f 7399 7429 7430
f 6897 7431 6932
f 6897 7432 7431
f 6897 7400 7432
f 7400 7430 7432
f 7400 7399 7430
f 7431 7432 7433
f 7431 7434 6932
f 7431 7433 7434
f 6932 7435 6934
f 6932 7434 7435
f 6934 7435 6936
f 6936 7435 7436
f 6936 7437 6938
f 6936 7436 7437
f 6938 7437 6941
f 6941 7437 7438
f 6941 7438 6942
f 6944 6945 7439
f 6944 7439 6949
f 6949 7439 7440
f 6949 7441 6951
f 6949 7440 7441
f 6951 7441 6954
f 7442 7444 7443
f 6954 7444 7442
f 6954 7441 7444
f 6954 7442 6956
f 6956 7442 7445
f 6956 7445 6958
f 7442 7446 7445
f 7442 7443 7446
f 7445 7448 7447
f 7445 7446 7448
f 7445 7447 6958
f 6958 7447 6960
f 6960 7447 6901
f 6901 7447 7449
f 6901 7449 7401
f 7447 7448 7449
f 7401 7449 7450
f 7401 7450 7404
f 6921 7451 6962
f 6921 7452 7451
f 6921 7420 7452
f 7420 7419 7452
f 7451 7452 7453
f 7451 7454 6962
f 7451 7453 7454
f 6962 7454 6963
f 7455 7457 7456
f 7455 7458 7457
f 6966 7458 7455
f 6966 6967 7458
f 6966 7455 6925
f 6925 7455 7424
f 7424 7455 7456
f 7424 7456 7423
f 7434 7459 7435
f 7434 7433 7459
f 7435 7459 7460
f 7436 7461 7437
f 7436 7460 7461
f 7436 7435 7460
f 7437 7461 7462
f 7437 7462 7463
f 7463 7462 7464
f 7463 7464 7465
f 6942 7465 6972
f 6942 7463 7465
f 6942 7438 7463
f 7438 7437 7463
f 6972 7465 7466
f 6972 7467 6974
f 6972 7466 7467
f 6974 7467 6976
f 7468 7470 7469
f 6976 7470 7468
f 6976 7467 7470
f 6976 7468 6978
f 6978 7468 6945
f 6945 7468 7471
f 6945 7471 7439
f 7468 7469 7471
f 7439 7471 7472
f 7440 7473 7441
f 7440 7472 7473
f 7440 7439 7472
f 7441 7473 7474
f 7441 7474 7444
f 7475 7476 7477
f 7475 7477 7478
f 6982 7478 6983
f 6982 7475 7478
f 6982 6963 7475
f 6963 7454 7475
f 7454 7453 7476
f 7454 7476 7475
f 7479 7481 7480
f 7479 7482 7481
f 6986 7482 7479
f 6986 6987 7482
f 6986 7479 6967
f 6967 7479 7458
f 7458 7479 7480
f 7458 7480 7457
f 7483 7484 7485
f 7483 7485 7486
f 7483 7486 7487
f 7483 7487 7488
f 7483 7488 7489
f 7483 7489 7484
f 7488 7490 7489
f 7488 7491 7490
f 7488 7487 7492
f 7488 7492 7491
f 7491 7492 7493
f 7491 7493 7494
f 7464 7494 7465
f 7464 7491 7494
f 7464 7462 7490
f 7464 7490 7491
f 7465 7494 7495
f 7494 7493 7496
f 7494 7496 7495
f 7495 7496 7497
f 7495 7497 7498
f 7466 7498 7467
f 7466 7495 7498
f 7466 7465 7495
f 7467 7498 7499
f 7498 7497 7500
f 7498 7500 7499
f 7499 7500 7501
f 7499 7501 7502
f 7499 7502 7503
f 7467 7503 7470
f 7467 7499 7503
f 7502 7504 7503
f 7502 7501 7504
f 7505 7506 7507
f 7505 7507 7508
f 6990 7508 6991
f 6990 7505 7508
f 6990 6983 7505
f 6983 7478 7505
f 7478 7477 7506
f 7478 7506 7505
f 7509 7511 7510
f 7509 7512 7511
f 6994 7512 7509
f 6994 6995 7512
f 6994 7509 6987
f 6987 7509 7482
f 7482 7509 7510
f 7482 7510 7481
f 7513 7514 7515
f 7513 7515 7516
f 7513 7516 7517
f 7513 7517 7518
f 7513 7518 7519
f 7513 7519 7514
f 7518 7520 7519
f 7518 7521 7520
f 7518 7517 7522
f 7518 7522 7521
f 7521 7522 7523
f 7521 7523 7524
f 7486 7524 7487
f 7486 7521 7524
f 7486 7485 7520
f 7486 7520 7521
f 7487 7524 7525
f 7524 7523 7526
f 7524 7526 7525
f 6998 7526 6999
f 6998 7525 7526
f 6998 7002 7527
f 6998 7527 7525
f 7492 7527 7493
f 7492 7525 7527
f 7492 7487 7525
f 7493 7527 7528
f 7527 7002 7528
f 7002 7003 7528
f 7003 7006 7529
f 7003 7529 7528
f 7496 7529 7497
f 7496 7528 7529
f 7496 7493 7528
f 7497 7529 7530
f 7529 7006 7530
f 7006 7007 7531
f 7006 7531 7530
f 7530 7531 7532
f 7500 7532 7501
f 7500 7530 7532
f 7500 7497 7530
f 7501 7532 7533
f 7532 7531 7534
f 7532 7534 7533
f 7533 7534 7535
f 7533 7535 7536
f 7533 7536 7537
f 7501 7537 7504
f 7501 7533 7537
f 7536 7538 7537
f 7536 7535 7538
f 7539 7540 7541
f 7539 7541 7542
f 7010 7542 7011
f 7010 7539 7542
f 7010 6991 7539
f 6991 7508 7539
f 7508 7507 7540
f 7508 7540 7539
f 7014 7015 7543
f 7014 7544 6995
f 7014 7543 7544
f 6995 7545 7512
f 6995 7544 7545
f 7512 7545 7511
f 7544 7546 7545
f 7544 7543 7546
f 7547 7548 7549
f 7547 7549 7550
f 7547 7550 7551
f 7547 7551 7552
f 7547 7552 7553
f 7547 7553 7548
f 7552 7554 7553
f 7552 7555 7554
f 7552 7551 7556
f 7552 7556 7555
f 7018 7556 7019
f 7018 7555 7556
f 7018 7022 7557
f 7018 7557 7555
f 7516 7557 7517
f 7516 7555 7557
f 7516 7515 7554
f 7516 7554 7555
f 7517 7557 7558
f 7557 7022 7558
f 7022 7023 7558
f 7023 7026 7559
f 7023 7559 7558
f 7522 7559 7523
f 7522 7558 7559
f 7522 7517 7558
f 7523 7559 7560
f 7559 7026 7560
f 7026 7027 7560
f 7027 6999 7560
f 6999 7526 7560
f 7526 7523 7560
f 7007 7030 7561
f 7007 7561 7531
f 7531 7561 7562
f 7561 7030 7562
f 7030 7031 7562
f 7031 7034 7563
f 7031 7563 7562
f 7534 7563 7535
f 7534 7562 7563
f 7534 7531 7562
f 7535 7563 7564
f 7563 7034 7564
f 7034 7035 7565
f 7034 7565 7564
f 7564 7565 7566
f 7564 7566 7567
f 7535 7567 7538
f 7535 7564 7567
f 7566 7568 7567
f 7566 7565 7568
f 7569 7570 7571
f 7569 7571 7572
f 7569 7572 7573
f 7569 7573 7574
f 7569 7574 7575
f 7569 7575 7570
f 7574 7576 7575
f 7574 7577 7576
f 7574 7573 7578
f 7574 7578 7577
f 7038 7578 7039
f 7038 7577 7578
f 7038 7011 7577
f 7011 7542 7577
f 7542 7541 7576
f 7542 7576 7577
f 7015 7042 7579
f 7015 7579 7543
f 7543 7581 7580
f 7543 7579 7581
f 7579 7582 7581
f 7579 7042 7582
f 7042 7043 7582
f 7543 7580 7546
f 7583 7584 7585
f 7583 7585 7586
f 7583 7586 7587
f 7583 7587 7588
f 7583 7588 7589
f 7583 7589 7584
f 7588 7590 7589
f 7588 7591 7590
f 7588 7587 7592
f 7588 7592 7591
f 7046 7592 7047
f 7046 7591 7592
f 7046 7050 7593
f 7046 7593 7591
f 7550 7593 7551
f 7550 7591 7593
f 7550 7549 7590
f 7550 7590 7591
f 7551 7593 7594
f 7593 7050 7594
f 7050 7051 7594
f 7051 7019 7594
f 7019 7556 7594
f 7556 7551 7594
f 7035 7054 7595
f 7035 7595 7565
f 7565 7595 7596
f 7595 7054 7596
f 7054 7055 7597
f 7054 7597 7596
f 7596 7597 7598
f 7596 7598 7599
f 7565 7599 7568
f 7565 7596 7599
f 7598 7600 7599
f 7598 7597 7600
f 7601 7602 7603
f 7601 7603 7604
f 7058 7604 7059
f 7058 7601 7604
f 7058 7062 7605
f 7058 7605 7601
f 7572 7605 7573
f 7572 7601 7605
f 7572 7571 7602
f 7572 7602 7601
f 7573 7605 7606
f 7605 7062 7606
f 7062 7063 7606
f 7063 7039 7606
f 7039 7578 7606
f 7578 7573 7606
f 7066 7067 7607
f 7066 7608 7043
f 7066 7607 7608
f 7043 7609 7582
f 7043 7608 7609
f 7582 7609 7581
f 7608 7610 7609
f 7608 7607 7610
f 7611 7612 7613
f 7611 7613 7614
f 7611 7614 7615
f 7611 7615 7616
f 7611 7616 7617
f 7611 7617 7612
f 7616 7618 7617
f 7616 7619 7618
f 7616 7615 7620
f 7616 7620 7619
f 7070 7620 7071
f 7070 7619 7620
f 7070 7074 7621
f 7070 7621 7619
f 7586 7621 7587
f 7586 7619 7621
f 7586 7585 7618
f 7586 7618 7619
f 7587 7621 7622
f 7621 7074 7622
f 7074 7075 7622
f 7075 7047 7622
f 7047 7592 7622
f 7592 7587 7622
f 7055 7078 7623
f 7055 7623 7597
f 7597 7623 7624
f 7623 7078 7624
f 7078 7079 7625
f 7078 7625 7624
f 7624 7625 7626
f 7624 7626 7627
f 7597 7627 7600
f 7597 7624 7627
f 7626 7628 7627
f 7626 7625 7628
f 7629 7630 7631
f 7629 7631 7632
f 7629 7632 7633
f 7629 7633 7634
f 7629 7634 7635
f 7629 7635 7630
f 7634 7636 7635
f 7634 7637 7636
f 7634 7633 7638
f 7634 7638 7637
f 7082 7638 7083
f 7082 7637 7638
f 7082 7059 7637
f 7059 7604 7637
f 7604 7603 7636
f 7604 7636 7637
f 7086 7087 7639
f 7086 7640 7067
f 7086 7639 7640
f 7067 7640 7607
f 7607 7642 7641
f 7607 7640 7642
f 7640 7639 7642
f 7607 7641 7610
f 7643 7644 7645
f 7643 7645 7646
f 7643 7646 7647
f 7643 7647 7648
f 7643 7648 7649
f 7643 7649 7644
f 7648 7650 7649
f 7648 7651 7650
f 7648 7647 7652
f 7648 7652 7651
f 7651 7652 7653
f 7651 7653 7654
f 7614 7654 7615
f 7614 7651 7654
f 7614 7613 7650
f 7614 7650 7651
f 7615 7654 7655
f 7654 7653 7656
f 7654 7656 7655
f 7092 7656 7093
f 7092 7655 7656
f 7092 7071 7655
f 7071 7620 7655
f 7620 7615 7655
f 7096 7097 7657
f 7096 7658 7079
f 7096 7657 7658
f 7079 7658 7625
f 7625 7658 7659
f 7658 7657 7660
f 7658 7660 7659
f 7659 7660 7661
f 7659 7661 7662
f 7659 7662 7663
f 7625 7663 7628
f 7625 7659 7663
f 7662 7664 7663
f 7662 7661 7664
f 7665 7666 7667
f 7665 7667 7668
f 7665 7668 7669
f 7665 7669 7670
f 7632 7670 7633
f 7632 7665 7670
f 7632 7631 7666
f 7632 7666 7665
f 7633 7670 7671
f 7670 7669 7672
f 7670 7672 7671
f 7101 7672 7102
f 7101 7671 7672
f 7101 7083 7671
f 7083 7638 7671
f 7638 7633 7671
f 7087 7103 7673
f 7087 7673 7639
f 7639 7673 7674
f 7673 7103 7674
f 7103 7105 7675
f 7103 7675 7674
f 7674 7675 7676
f 7674 7676 7677
f 7639 7677 7642
f 7639 7674 7677
f 7676 7678 7677
f 7676 7679 7678
f 7676 7675 7680
f 7676 7680 7679
f 7679 7680 7681
f 7679 7681 7682
f 7646 7682 7647
f 7646 7679 7682
f 7646 7645 7678
f 7646 7678 7679
f 7647 7682 7683
f 7682 7681 7684
f 7682 7684 7683
f 7108 7684 7109
f 7108 7683 7684
f 7108 7112 7685
f 7108 7685 7683
f 7652 7685 7653
f 7652 7683 7685
f 7652 7647 7683
f 7653 7685 7686
f 7685 7112 7686
f 7112 7113 7686
f 7113 7093 7686
f 7093 7656 7686
f 7656 7653 7686
f 7097 7116 7687
f 7097 7687 7657
f 7657 7687 7688
f 7687 7116 7688
f 7116 7117 7689
f 7116 7689 7688
f 7688 7689 7690
f 7660 7690 7661
f 7660 7688 7690
f 7660 7657 7688
f 7661 7690 7691
f 7690 7689 7692
f 7690 7692 7691
f 7691 7692 7693
f 7691 7693 7694
f 7691 7694 7695
f 7661 7695 7664
f 7661 7691 7695
f 7694 7696 7695
f 7694 7697 7696
f 7694 7693 7698
f 7694 7698 7697
f 7120 7698 7121
f 7120 7697 7698
f 7120 7123 7699
f 7120 7699 7697
f 7668 7699 7669
f 7668 7697 7699
f 7668 7667 7696
f 7668 7696 7697
f 7669 7699 7700
f 7699 7123 7700
f 7123 7124 7700
f 7124 7102 7700
f 7102 7672 7700
f 7672 7669 7700
f 7126 7127 7701
f 7126 7702 7105
f 7126 7701 7702
f 7105 7702 7675
f 7675 7702 7703
f 7702 7701 7704
f 7702 7704 7703
f 7703 7704 7705
f 7703 7705 7706
f 7680 7706 7681
f 7680 7703 7706
f 7680 7675 7703
f 7681 7706 7707
f 7706 7705 7708
f 7706 7708 7707
f 7130 7708 7131
f 7130 7707 7708
f 7130 7109 7707
f 7109 7684 7707
f 7684 7681 7707
f 7134 7135 7709
f 7134 7710 7117
f 7134 7709 7710
f 7117 7710 7689
f 7689 7710 7711
f 7710 7709 7712
f 7710 7712 7711
f 7711 7712 7713
f 7711 7713 7714
f 7692 7714 7693
f 7692 7711 7714
f 7692 7689 7711
f 7693 7714 7715
f 7714 7713 7716
f 7714 7716 7715
f 7138 7716 7139
f 7138 7715 7716
f 7138 7121 7715
f 7121 7698 7715
f 7698 7693 7715
f 7142 7143 7717
f 7142 7717 7147
f 7718 7720 7719
f 7147 7720 7718
f 7147 7717 7720
f 7147 7718 7149
f 7149 7718 7127
f 7127 7718 7721
f 7127 7721 7701
f 7718 7719 7721
f 7701 7721 7722
f 7701 7722 7723
f 7723 7722 7724
f 7723 7724 7725
f 7723 7725 7726
f 7704 7726 7705
f 7704 7723 7726
f 7704 7701 7723
f 7705 7726 7727
f 7726 7725 7728
f 7726 7728 7727
f 7727 7728 7729
f 7131 7729 7152
f 7131 7727 7729
f 7131 7708 7727
f 7708 7705 7727
f 7152 7729 7730
f 7152 7730 7153
f 7156 7157 7731
f 7156 7731 7160
f 7160 7731 7732
f 7160 7733 7162
f 7160 7732 7733
f 7162 7734 7135
f 7162 7733 7734
f 7135 7734 7709
f 7709 7736 7735
f 7709 7734 7736
f 7734 7733 7736
f 7712 7737 7713
f 7712 7735 7737
f 7712 7709 7735
f 7713 7737 7738
f 7713 7738 7739
f 7739 7738 7740
f 7739 7740 7741
f 7139 7741 7165
f 7139 7739 7741
f 7139 7716 7739
f 7716 7713 7739
f 7165 7741 7742
f 7165 7742 7166
f 7168 7169 7743
f 7168 7744 7143
f 7168 7743 7744
f 7143 7744 7717
f 7717 7746 7745
f 7717 7744 7746
f 7744 7743 7746
f 7717 7745 7720
f 7724 7747 7725
f 7724 7722 7747
f 7725 7747 7748
f 7725 7748 7749
f 7749 7748 7750
f 7749 7750 7751
f 7749 7751 7752
f 7728 7752 7729
f 7728 7749 7752
f 7728 7725 7749
f 7729 7752 7753
f 7752 7751 7754
f 7752 7754 7753
f 7174 7754 7175
f 7174 7753 7754
f 7174 7153 7753
f 7153 7730 7753
f 7730 7729 7753
f 7178 7179 7755
f 7178 7756 7157
f 7178 7755 7756
f 7157 7756 7731
f 7731 7758 7757
f 7731 7756 7758
f 7756 7755 7758
f 7732 7759 7733
f 7732 7757 7759
f 7732 7731 7757
f 7733 7759 7760
f 7733 7760 7736
f 7761 7762 7763
f 7761 7763 7764
f 7761 7764 7765
f 7761 7765 7766
f 7740 7766 7741
f 7740 7761 7766
f 7740 7738 7762
f 7740 7762 7761
f 7741 7766 7767
f 7766 7765 7768
f 7766 7768 7767
f 7183 7768 7182
f 7183 7767 7768
f 7183 7166 7767
f 7166 7742 7767
f 7742 7741 7767
f 7769 7771 7770
f 7769 7772 7771
f 7186 7772 7769
f 7186 7187 7772
f 7186 7769 7169
f 7169 7769 7773
f 7169 7773 7743
f 7769 7770 7773
f 7743 7773 7774
f 7743 7774 7746
f 7750 7775 7751
f 7750 7748 7775
f 7751 7775 7776
f 7751 7776 7777
f 7777 7776 7778
f 7777 7778 7779
f 7175 7779 7190
f 7175 7777 7779
f 7175 7754 7777
f 7754 7751 7777
f 7190 7779 7780
f 7190 7780 7191
f 7194 7195 7781
f 7194 7781 7198
f 7782 7784 7783
f 7198 7784 7782
f 7198 7781 7784
f 7198 7782 7200
f 7200 7782 7179
f 7179 7782 7785
f 7179 7785 7755
f 7782 7783 7785
f 7755 7785 7786
f 7755 7786 7758
f 7764 7787 7765
f 7764 7763 7787
f 7765 7787 7788
f 7765 7788 7789
f 7789 7788 7790
f 7202 7790 7203
f 7202 7789 7790
f 7202 7182 7789
f 7182 7768 7789
f 7768 7765 7789
f 7206 7207 7791
f 7206 7791 7210
f 7792 7794 7793
f 7210 7794 7792
f 7210 7791 7794
f 7210 7792 7212
f 7212 7792 7187
f 7187 7792 7772
f 7772 7792 7793
f 7772 7793 7771
f 7778 7795 7779
f 7778 7776 7795
f 7779 7795 7796
f 7779 7796 7797
f 7797 7796 7798
f 7797 7798 7799
f 7191 7799 7214
f 7191 7797 7799
f 7191 7780 7797
f 7780 7779 7797
f 7214 7799 7800
f 7214 7800 7215
f 7218 7219 7801
f 7218 7801 7222
f 7802 7804 7803
f 7222 7804 7802
f 7222 7801 7804
f 7222 7802 7224
f 7224 7802 7195
f 7195 7802 7805
f 7195 7805 7781
f 7802 7803 7805
f 7781 7805 7806
f 7781 7806 7784
f 7807 7808 7809
f 7807 7809 7810
f 7807 7810 7811
f 7203 7811 7226
f 7203 7807 7811
f 7203 7790 7807
f 7790 7788 7808
f 7790 7808 7807
f 7226 7811 7812
f 7226 7812 7227
f 7813 7815 7814
f 7813 7816 7815
f 7230 7816 7813
f 7230 7231 7816
f 7230 7813 7207
f 7207 7813 7817
f 7207 7817 7791
f 7813 7814 7817
f 7791 7817 7818
f 7791 7818 7794
f 7798 7819 7799
f 7798 7796 7819
f 7799 7819 7820
f 7799 7820 7821
f 7821 7820 7822
f 7821 7822 7823
f 7215 7823 7234
f 7215 7821 7823
f 7215 7800 7821
f 7800 7799 7821
f 7234 7823 7824
f 7234 7825 7236
f 7234 7824 7825
f 7236 7825 7238
f 7238 7825 7826
f 7238 7826 7239
f 7242 7243 7827
f 7242 7827 7246
f 7246 7827 7828
f 7246 7829 7248
f 7246 7828 7829
f 7248 7829 7250
f 7830 7832 7831
f 7250 7832 7830
f 7250 7829 7832
f 7250 7830 7252
f 7252 7830 7219
f 7219 7830 7833
f 7219 7833 7801
f 7830 7831 7833
f 7801 7833 7834
f 7801 7834 7804
f 7810 7835 7811
f 7810 7809 7835
f 7811 7835 7836
f 7811 7836 7837
f 7837 7836 7838
f 7254 7838 7255
f 7254 7837 7838
f 7254 7227 7837
f 7227 7812 7837
f 7812 7811 7837
f 7839 7841 7840
f 7839 7842 7841
f 7258 7842 7839
f 7258 7259 7842
f 7258 7839 7231
f 7231 7839 7816
f 7816 7839 7840
f 7816 7840 7815
f 7822 7843 7823
f 7822 7820 7843
f 7823 7843 7844
f 7823 7844 7845
f 7845 7844 7846
f 7845 7846 7847
f 7845 7847 7848
f 7824 7848 7825
f 7824 7845 7848
f 7824 7823 7845
f 7825 7848 7849
f 7848 7847 7850
f 7848 7850 7849
f 7849 7850 7851
f 7239 7851 7262
f 7239 7849 7851
f 7239 7826 7849
f 7826 7825 7849
f 7262 7851 7852
f 7262 7853 7264
f 7262 7852 7853
f 7264 7853 7266
f 7266 7853 7854
f 7266 7855 7268
f 7266 7854 7855
f 7268 7856 7243
f 7268 7855 7856
f 7243 7856 7827
f 7827 7858 7857
f 7827 7856 7858
f 7856 7855 7858
f 7828 7859 7829
f 7828 7857 7859
f 7828 7827 7857
f 7829 7859 7860
f 7829 7860 7832
f 7861 7862 7863
f 7861 7863 7864
f 7270 7864 7271
f 7270 7861 7864
f 7270 7255 7861
f 7255 7838 7861
f 7838 7836 7862
f 7838 7862 7861
f 7865 7867 7866
f 7865 7868 7867
f 7274 7868 7865
f 7274 7275 7868
f 7274 7865 7259
f 7259 7865 7842
f 7842 7865 7866
f 7842 7866 7841
f 7846 7869 7847
f 7846 7844 7869
f 7847 7869 7870
f 7847 7870 7871
f 7871 7870 7872
f 7871 7872 7873
f 7871 7873 7874
f 7850 7874 7851
f 7850 7871 7874
f 7850 7847 7871
f 7851 7874 7875
f 7874 7873 7876
f 7874 7876 7875
f 7875 7876 7877
f 7875 7877 7878
f 7852 7878 7853
f 7852 7875 7878
f 7852 7851 7875
f 7853 7880 7879
f 7853 7878 7880
f 7878 7877 7880
f 7854 7881 7855
f 7854 7879 7881
f 7854 7853 7879
f 7855 7881 7882
f 7855 7882 7858
f 7883 7884 7885
f 7883 7885 7886
f 7278 7886 7279
f 7278 7883 7886
f 7278 7271 7883
f 7271 7864 7883
f 7864 7863 7884
f 7864 7884 7883
f 7887 7889 7888
f 7887 7890 7889
f 7282 7890 7887
f 7282 7283 7890
f 7282 7887 7275
f 7275 7887 7868
f 7868 7887 7888
f 7868 7888 7867
f 7891 7892 7893
f 7891 7893 7894
f 7891 7894 7895
f 7891 7895 7896
f 7891 7896 7897
f 7891 7897 7892
f 7896 7898 7897
f 7896 7899 7898
f 7896 7895 7900
f 7896 7900 7899
f 7899 7900 7901
f 7899 7901 7902
f 7899 7902 7903
f 7899 7903 7898
f 7902 7904 7903
f 7902 7905 7904
f 7902 7901 7906
f 7902 7906 7905
f 7287 7906 7288
f 7287 7905 7906
f 7287 7290 7907
f 7287 7907 7905
f 7872 7907 7873
f 7872 7905 7907
f 7872 7870 7904
f 7872 7904 7905
f 7873 7907 7908
f 7907 7290 7908
f 7290 7291 7908
f 7291 7294 7909
f 7291 7909 7908
f 7876 7909 7877
f 7876 7908 7909
f 7876 7873 7908
f 7877 7909 7910
f 7909 7294 7910
f 7294 7295 7911
f 7294 7911 7910
f 7910 7911 7912
f 7910 7912 7913
f 7877 7913 7880
f 7877 7910 7913
f 7912 7914 7913
f 7912 7915 7914
f 7912 7911 7916
f 7912 7916 7915
f 7915 7916 7917
f 7915 7917 7918
f 7915 7918 7919
f 7915 7919 7914
f 7918 7920 7919
f 7918 7917 7920
f 7921 7922 7923
f 7921 7923 7924
f 7300 7924 7301
f 7300 7921 7924
f 7300 7279 7921
f 7279 7886 7921
f 7886 7885 7922
f 7886 7922 7921
f 7283 7304 7925
f 7283 7926 7890
f 7283 7925 7926
f 7890 7926 7889
f 7925 7927 7926
f 7925 7928 7927
f 7925 7304 7928
f 7304 7305 7928
f 7929 7930 7931
f 7929 7931 7932
f 7929 7932 7933
f 7929 7933 7934
f 7929 7934 7935
f 7929 7935 7930
f 7934 7936 7935
f 7934 7937 7936
f 7934 7933 7938
f 7934 7938 7937
f 7308 7938 7309
f 7308 7937 7938
f 7308 7312 7939
f 7308 7939 7937
f 7937 7939 7940
f 7937 7940 7936
f 7939 7941 7940
f 7939 7942 7941
f 7939 7312 7942
f 7312 7313 7942
f 7313 7316 7943
f 7313 7943 7942
f 7894 7943 7895
f 7894 7942 7943
f 7894 7893 7941
f 7894 7941 7942
f 7895 7943 7944
f 7943 7316 7944
f 7316 7317 7944
f 7317 7319 7945
f 7317 7945 7944
f 7900 7945 7901
f 7900 7944 7945
f 7900 7895 7944
f 7901 7945 7946
f 7945 7319 7946
f 7319 7320 7946
f 7320 7288 7946
f 7288 7906 7946
f 7906 7901 7946
f 7295 7321 7947
f 7295 7947 7911
f 7911 7947 7948
f 7947 7321 7948
f 7321 7322 7948
f 7322 7324 7949
f 7322 7949 7948
f 7916 7949 7917
f 7916 7948 7949
f 7916 7911 7948
f 7917 7949 7950
f 7949 7324 7950
f 7324 7325 7950
f 7325 7328 7951
f 7325 7951 7950
f 7950 7951 7952
f 7917 7952 7920
f 7917 7950 7952
f 7951 7953 7952
f 7951 7954 7953
f 7951 7328 7954
f 7328 7329 7955
f 7328 7955 7954
f 7954 7955 7956
f 7954 7956 7957
f 7954 7957 7953
f 7956 7958 7957
f 7956 7955 7958
f 7959 7960 7961
f 7959 7961 7962
f 7332 7962 7333
f 7332 7959 7962
f 7332 7336 7963
f 7332 7963 7959
f 7959 7963 7964
f 7959 7964 7960
f 7963 7965 7964
f 7963 7966 7965
f 7963 7336 7966
f 7336 7337 7966
f 7337 7301 7966
f 7301 7924 7966
f 7924 7923 7965
f 7924 7965 7966
f 7305 7340 7967
f 7305 7968 7928
f 7305 7967 7968
f 7928 7968 7927
f 7967 7969 7968
f 7967 7970 7969
f 7967 7340 7970
f 7340 7341 7970
f 7341 7344 7971
f 7341 7971 7970
f 7970 7971 7972
f 7970 7972 7969
f 7971 7973 7972
f 7971 7974 7973
f 7971 7344 7974
f 7344 7345 7974
f 7345 7348 7975
f 7345 7975 7974
f 7974 7975 7976
f 7974 7976 7973
f 7975 7977 7976
f 7975 7978 7977
f 7975 7348 7978
f 7348 7349 7978
f 7349 7352 7979
f 7349 7979 7978
f 7978 7979 7980
f 7978 7980 7977
f 7979 7981 7980
f 7979 7982 7981
f 7979 7352 7982
f 7352 7353 7982
f 7353 7356 7983
f 7353 7983 7982
f 7932 7983 7933
f 7932 7982 7983
f 7932 7931 7981
f 7932 7981 7982
f 7933 7983 7984
f 7983 7356 7984
f 7356 7357 7984
f 7357 7309 7984
f 7309 7938 7984
f 7938 7933 7984
f 7329 7360 7985
f 7329 7985 7955
f 7955 7985 7986
f 7985 7360 7986
f 7360 7361 7986
f 7361 7364 7987
f 7361 7987 7986
f 7986 7987 7988
f 7955 7988 7958
f 7955 7986 7988
f 7987 7989 7988
f 7987 7990 7989
f 7987 7364 7990
f 7364 7365 7990
f 7365 7368 7991
f 7365 7991 7990
f 7990 7991 7992
f 7990 7992 7989
f 7991 7993 7992
f 7991 7994 7993
f 7991 7368 7994
f 7368 7369 7994
f 7369 7372 7995
f 7369 7995 7994
f 7994 7995 7996
f 7994 7996 7993
f 7995 7997 7996
f 7995 7998 7997
f 7995 7372 7998
f 7372 7373 7998
f 7373 7376 7999
f 7373 7999 7998
f 7998 7999 8000
f 7998 8000 7997
f 7999 8001 8000
f 7999 8002 8001
f 7999 7376 8002
f 7376 7377 8002
f 7377 7333 8002
f 7333 7962 8002
f 7962 7961 8001
f 7962 8001 8002
f 7380 7381 8003
f 7380 8003 7384
f 7384 8003 8004
f 7384 8005 7386
f 7384 8004 8005
f 7386 8005 7388
f 7388 8005 8006
f 7388 8007 7390
f 7388 8006 8007
f 7390 8007 7392
f 7392 8007 8008
f 7392 8009 7394
f 7392 8008 8009
f 7394 8009 7396
f 7396 8009 8010
f 7396 8010 7397
f 7403 7404 8011
f 7403 8011 7406
f 7406 8011 8012
f 7406 8013 7408
f 7406 8012 8013
f 7408 8013 7410
f 7410 8013 8014
f 7410 8015 7412
f 7410 8014 8015
f 7412 8015 7414
f 7414 8015 8016
f 7414 8017 7416
f 7414 8016 8017
f 7416 8017 7418
f 7418 8017 8018
f 7418 8018 7419
f 7422 7423 8019
f 7422 8019 7426
f 8020 8022 8021
f 7426 8022 8020
f 7426 8019 8022
f 7426 8020 7428
f 7428 8020 7381
f 7381 8020 8023
f 7381 8023 8003
f 8020 8021 8023
f 8003 8023 8024
f 8004 8025 8005
f 8004 8024 8025
f 8004 8003 8024
f 8005 8025 8026
f 8006 8027 8007
f 8006 8026 8027
f 8006 8005 8026
f 8007 8027 8028
f 8008 8029 8009
f 8008 8028 8029
f 8008 8007 8028
f 8009 8029 8030
f 8009 8030 8031
f 8031 8030 8032
f 8031 8032 8033
f 7397 8033 7429
f 7397 8031 8033
f 7397 8010 8031
f 8010 8009 8031
f 7429 8033 8034
f 7429 8035 7430
f 7429 8034 8035
f 7430 8035 7432
f 7432 8035 8036
f 7432 8036 7433
f 7443 7444 8037
f 7443 8037 7446
f 7446 8037 8038
f 7446 8039 7448
f 7446 8038 8039
f 7448 8039 7449
f 8040 8042 8041
f 7449 8042 8040
f 7449 8039 8042
f 7449 8040 7450
f 7450 8040 7404
f 7404 8040 8043
f 7404 8043 8011
f 8040 8041 8043
f 8011 8043 8044
f 8012 8045 8013
f 8012 8044 8045
f 8012 8011 8044
f 8013 8045 8046
f 8014 8047 8015
f 8014 8046 8047
f 8014 8013 8046
f 8015 8047 8048
f 8016 8049 8017
f 8016 8048 8049
f 8016 8015 8048
f 8017 8049 8050
f 8017 8050 8051
f 8051 8050 8052
f 8051 8052 8053
f 7419 8053 7452
f 7419 8051 8053
f 7419 8018 8051
f 8018 8017 8051
f 7452 8053 8054
f 7452 8054 7453
f 7456 7457 8055
f 7456 8056 7423
f 7456 8055 8056
f 7423 8056 8019
f 8019 8058 8057
f 8019 8056 8058
f 8056 8055 8058
f 8019 8057 8022
f 8032 8059 8033
f 8032 8030 8059
f 8033 8059 8060
f 8033 8060 8061
f 8061 8060 8062
f 8061 8062 8063
f 8061 8063 8064
f 8034 8064 8035
f 8034 8061 8064
f 8034 8033 8061
f 8035 8064 8065
f 8064 8063 8066
f 8064 8066 8065
f 8065 8066 8067
f 7433 8067 7459
f 7433 8065 8067
f 7433 8036 8065
f 8036 8035 8065
f 7459 8067 8068
f 7459 8069 7460
f 7459 8068 8069
f 7460 8069 7461
f 7461 8069 8070
f 7461 8070 7462
f 7469 7470 8071
f 7469 8071 7471
f 7471 8071 8072
f 7471 8073 7472
f 7471 8072 8073
f 7472 8073 7473
f 7473 8073 8074
f 7473 8075 7474
f 7473 8074 8075
f 7474 8076 7444
f 7474 8075 8076
f 7444 8076 8037
f 8037 8078 8077
f 8037 8076 8078
f 8076 8075 8078
f 8038 8079 8039
f 8038 8077 8079
f 8038 8037 8077
f 8039 8079 8080
f 8039 8080 8042
f 8081 8082 8083
f 8081 8083 8084
f 8081 8084 8085
f 8081 8085 8086
f 8052 8086 8053
f 8052 8081 8086
f 8052 8050 8082
f 8052 8082 8081
f 8053 8086 8087
f 8086 8085 8088
f 8086 8088 8087
f 7476 8088 7477
f 7476 8087 8088
f 7476 7453 8087
f 7453 8054 8087
f 8054 8053 8087
f 7480 7481 8089
f 7480 8090 7457
f 7480 8089 8090
f 7457 8090 8055
f 8055 8092 8091
f 8055 8090 8092
f 8090 8089 8092
f 8055 8091 8058
f 8093 8094 8095
f 8093 8095 8096
f 8093 8096 8097
f 8093 8097 8098
f 8062 8098 8063
f 8062 8093 8098
f 8062 8060 8094
f 8062 8094 8093
f 8063 8098 8099
f 8098 8097 8100
f 8098 8100 8099
f 8099 8100 8101
f 8099 8101 8102
f 8066 8102 8067
f 8066 8099 8102
f 8066 8063 8099
f 8067 8102 8103
f 8102 8101 8104
f 8102 8104 8103
f 7484 8104 7485
f 7484 8103 8104
f 7484 7489 8105
f 7484 8105 8103
f 8068 8105 8069
f 8068 8103 8105
f 8068 8067 8103
f 8069 8105 8106
f 8105 7489 8106
f 7489 7490 8106
f 7490 7462 8106
f 7462 8070 8106
f 8070 8069 8106
f 7470 7503 8107
f 7470 8107 8071
f 8071 8107 8108
f 8107 7503 8108
f 7503 7504 8109
f 7503 8109 8108
f 8108 8109 8110
f 8072 8110 8073
f 8072 8108 8110
f 8072 8071 8108
f 8073 8110 8111
f 8110 8109 8112
f 8110 8112 8111
f 8111 8112 8113
f 8111 8113 8114
f 8074 8114 8075
f 8074 8111 8114
f 8074 8073 8111
f 8075 8116 8115
f 8075 8114 8116
f 8114 8113 8116
f 8075 8115 8078
f 8117 8118 8119
f 8117 8119 8120
f 8117 8120 8121
f 8117 8121 8122
f 8084 8122 8085
f 8084 8117 8122
f 8084 8083 8118
f 8084 8118 8117
f 8085 8122 8123
f 8122 8121 8124
f 8122 8124 8123
f 7506 8124 7507
f 7506 8123 8124
f 7506 7477 8123
f 7477 8088 8123
f 8088 8085 8123
f 7510 7511 8125
f 7510 8126 7481
f 7510 8125 8126
f 7481 8126 8089
f 8089 8128 8127
f 8089 8126 8128
f 8126 8125 8128
f 8089 8127 8092
f 8129 8130 8131
f 8129 8131 8132
f 8129 8132 8133
f 8129 8133 8134
f 8129 8134 8135
f 8129 8135 8130
f 8134 8136 8135
f 8134 8137 8136
f 8134 8133 8138
f 8134 8138 8137
f 8137 8138 8139
f 8137 8139 8140
f 8096 8140 8097
f 8096 8137 8140
f 8096 8095 8136
f 8096 8136 8137
f 8097 8140 8141
f 8140 8139 8142
f 8140 8142 8141
f 7514 8142 7515
f 7514 8141 8142
f 7514 7519 8143
f 7514 8143 8141
f 8100 8143 8101
f 8100 8141 8143
f 8100 8097 8141
f 8101 8143 8144
f 8143 7519 8144
f 7519 7520 8144
f 7520 7485 8144
f 7485 8104 8144
f 8104 8101 8144
f 7504 7537 8145
f 7504 8145 8109
f 8109 8145 8146
f 8145 7537 8146
f 7537 7538 8147
f 7537 8147 8146
f 8146 8147 8148
f 8112 8148 8113
f 8112 8146 8148
f 8112 8109 8146
f 8113 8148 8149
f 8148 8147 8150
f 8148 8150 8149
f 8149 8150 8151
f 8149 8151 8152
f 8149 8152 8153
f 8113 8153 8116
f 8113 8149 8153
f 8152 8154 8153
f 8152 8151 8154
f 8155 8156 8157
f 8155 8157 8158
f 8155 8158 8159
f 8155 8159 8160
f 8120 8160 8121
f 8120 8155 8160
f 8120 8119 8156
f 8120 8156 8155
f 8121 8160 8161
f 8160 8159 8162
f 8160 8162 8161
f 7540 8162 7541
f 7540 8161 8162
f 7540 7507 8161
f 7507 8124 8161
f 8124 8121 8161
f 7511 7545 8163
f 7511 8163 8125
f 8125 8163 8164
f 8163 7545 8164
f 7545 7546 8165
f 7545 8165 8164
f 8164 8165 8166
f 8164 8166 8167
f 8125 8167 8128
f 8125 8164 8167
f 8166 8168 8167
f 8166 8165 8168
f 8169 8170 8171
f 8169 8171 8172
f 8169 8172 8173
f 8169 8173 8174
f 8169 8174 8175
f 8169 8175 8170
f 8174 8176 8175
f 8174 8177 8176
f 8174 8173 8178
f 8174 8178 8177
f 8177 8178 8179
f 8177 8179 8180
f 8132 8180 8133
f 8132 8177 8180
f 8132 8131 8176
f 8132 8176 8177
f 8133 8180 8181
f 8180 8179 8182
f 8180 8182 8181
f 7548 8182 7549
f 7548 8181 8182
f 7548 7553 8183
f 7548 8183 8181
f 8138 8183 8139
f 8138 8181 8183
f 8138 8133 8181
f 8139 8183 8184
f 8183 7553 8184
f 7553 7554 8184
f 7554 7515 8184
f 7515 8142 8184
f 8142 8139 8184
f 7538 7567 8185
f 7538 8185 8147
f 8147 8185 8186
f 8185 7567 8186
f 7567 7568 8187
f 7567 8187 8186
f 8186 8187 8188
f 8150 8188 8151
f 8150 8186 8188
f 8150 8147 8186
f 8151 8188 8189
f 8188 8187 8190
f 8188 8190 8189
f 8189 8190 8191
f 8189 8191 8192
f 8189 8192 8193
f 8151 8193 8154
f 8151 8189 8193
f 8192 8194 8193
f 8192 8191 8194
f 8195 8196 8197
f 8195 8197 8198
f 8195 8198 8199
f 8195 8199 8200
f 8195 8200 8201
f 8195 8201 8196
f 8200 8202 8201
f 8200 8203 8202
f 8200 8199 8204
f 8200 8204 8203
f 7570 8204 7571
f 7570 8203 8204
f 7570 7575 8205
f 7570 8205 8203
f 8158 8205 8159
f 8158 8203 8205
f 8158 8157 8202
f 8158 8202 8203
f 8159 8205 8206
f 8205 7575 8206
f 7575 7576 8206
f 7576 7541 8206
f 7541 8162 8206
f 8162 8159 8206
f 7580 7581 8207
f 7580 8208 7546
f 7580 8207 8208
f 7546 8208 8165
f 8165 8208 8209
f 8208 8207 8210
f 8208 8210 8209
f 8209 8210 8211
f 8209 8211 8212
f 8209 8212 8213
f 8165 8213 8168
f 8165 8209 8213
f 8212 8214 8213
f 8212 8215 8214
f 8212 8211 8216
f 8212 8216 8215
f 8215 8216 8217
f 8215 8217 8218
f 8215 8218 8219
f 8215 8219 8214
f 8218 8220 8219
f 8218 8221 8220
f 8218 8217 8222
f 8218 8222 8221
f 8221 8222 8223
f 8221 8223 8224
f 8172 8224 8173
f 8172 8221 8224
f 8172 8171 8220
f 8172 8220 8221
f 8173 8224 8225
f 8224 8223 8226
f 8224 8226 8225
f 7584 8226 7585
f 7584 8225 8226
f 7584 7589 8227
f 7584 8227 8225
f 8178 8227 8179
f 8178 8225 8227
f 8178 8173 8225
f 8179 8227 8228
f 8227 7589 8228
f 7589 7590 8228
f 7590 7549 8228
f 7549 8182 8228
f 8182 8179 8228
f 7568 7599 8229
f 7568 8229 8187
f 8187 8229 8230
f 8229 7599 8230
f 7599 7600 8231
f 7599 8231 8230
f 8230 8231 8232
f 8190 8232 8191
f 8190 8230 8232
f 8190 8187 8230
f 8191 8232 8233
f 8232 8231 8234
f 8232 8234 8233
f 8233 8234 8235
f 8233 8235 8236
f 8233 8236 8237
f 8191 8237 8194
f 8191 8233 8237
f 8236 8238 8237
f 8236 8239 8238
f 8236 8235 8240
f 8236 8240 8239
f 8239 8240 8241
f 8239 8241 8242
f 8239 8242 8243
f 8239 8243 8238
f 8242 8244 8243
f 8242 8245 8244
f 8242 8241 8246
f 8242 8246 8245
f 8245 8246 8247
f 8245 8247 8248
f 8198 8248 8199
f 8198 8245 8248
f 8198 8197 8244
f 8198 8244 8245
f 8199 8248 8249
f 8248 8247 8250
f 8248 8250 8249
f 7602 8250 7603
f 7602 8249 8250
f 7602 7571 8249
f 7571 8204 8249
f 8204 8199 8249
f 7581 7609 8251
f 7581 8251 8207
f 8207 8251 8252
f 8251 7609 8252
f 7609 7610 8253
f 7609 8253 8252
f 8252 8253 8254
f 8210 8254 8211
f 8210 8252 8254
f 8210 8207 8252
f 8211 8254 8255
f 8254 8253 8256
f 8254 8256 8255
f 8255 8256 8257
f 8255 8257 8258
f 8216 8258 8217
f 8216 8255 8258
f 8216 8211 8255
f 8217 8258 8259
f 8258 8257 8260
f 8258 8260 8259
f 7612 8260 7613
f 7612 8259 8260
f 7612 7617 8261
f 7612 8261 8259
f 8222 8261 8223
f 8222 8259 8261
f 8222 8217 8259
f 8223 8261 8262
f 8261 7617 8262
f 7617 7618 8262
f 7618 7585 8262
f 7585 8226 8262
f 8226 8223 8262
f 7600 7627 8263
f 7600 8263 8231
f 8231 8263 8264
f 8263 7627 8264
f 7627 7628 8265
f 7627 8265 8264
f 8264 8265 8266
f 8234 8266 8235
f 8234 8264 8266
f 8234 8231 8264
f 8235 8266 8267
f 8266 8265 8268
f 8266 8268 8267
f 8267 8268 8269
f 8267 8269 8270
f 8240 8270 8241
f 8240 8267 8270
f 8240 8235 8267
f 8241 8270 8271
f 8270 8269 8272
f 8270 8272 8271
f 7630 8272 7631
f 7630 8271 8272
f 7630 7635 8273
f 7630 8273 8271
f 8246 8273 8247
f 8246 8271 8273
f 8246 8241 8271
f 8247 8273 8274
f 8273 7635 8274
f 7635 7636 8274
f 7636 7603 8274
f 7603 8250 8274
f 8250 8247 8274
f 7641 7642 8275
f 7641 8276 7610
f 7641 8275 8276
f 7610 8276 8253
f 8253 8276 8277
f 8276 8275 8278
f 8276 8278 8277
f 7644 8278 7645
f 7644 8277 8278
f 7644 7649 8279
f 7644 8279 8277
f 8256 8279 8257
f 8256 8277 8279
f 8256 8253 8277
f 8257 8279 8280
f 8279 7649 8280
f 7649 7650 8280
f 7650 7613 8280
f 7613 8260 8280
f 8260 8257 8280
f 7628 7663 8281
f 7628 8281 8265
f 8265 8281 8282
f 8281 7663 8282
f 7663 7664 8283
f 7663 8283 8282
f 8282 8283 8284
f 8268 8284 8269
f 8268 8282 8284
f 8268 8265 8282
f 8269 8284 8285
f 8284 8283 8286
f 8284 8286 8285
f 7666 8286 7667
f 7666 8285 8286
f 7666 7631 8285
f 7631 8272 8285
f 8272 8269 8285
f 7642 7677 8287
f 7642 8287 8275
f 8275 8287 8288
f 8287 7677 8288
f 7677 7678 8288
f 7678 7645 8288
f 7645 8278 8288
f 8278 8275 8288
f 7664 7695 8289
f 7664 8289 8283
f 8283 8289 8290
f 8289 7695 8290
f 7695 7696 8290
f 7696 7667 8290
f 7667 8286 8290
f 8286 8283 8290
f 7719 7720 8291
f 7719 8291 7721
f 7721 8291 8292
f 7721 8292 7722
f 7735 7736 8293
f 7735 8293 7737
f 7737 8293 8294
f 7737 8294 7738
f 7745 7746 8295
f 7745 8296 7720
f 7745 8295 8296
f 7720 8296 8291
f 8291 8296 8297
f 8296 8295 8298
f 8296 8298 8297
f 8297 8298 8299
f 7722 8299 7747
f 7722 8297 8299
f 7722 8292 8297
f 8292 8291 8297
f 7747 8299 8300
f 7747 8300 7748
f 7757 7758 8301
f 7757 8301 7759
f 7759 8301 8302
f 7759 8303 7760
f 7759 8302 8303
f 7760 8304 7736
f 7760 8303 8304
f 7736 8304 8293
f 8293 8304 8305
f 8304 8303 8306
f 8304 8306 8305
f 7762 8306 7763
f 7762 8305 8306
f 7762 7738 8305
f 7738 8294 8305
f 8294 8293 8305
f 7770 7771 8307
f 7770 8307 7773
f 7773 8307 8308
f 7773 8309 7774
f 7773 8308 8309
f 7774 8310 7746
f 7774 8309 8310
f 7746 8310 8295
f 8295 8310 8311
f 8310 8309 8312
f 8310 8312 8311
f 8311 8312 8313
f 8311 8313 8314
f 8298 8314 8299
f 8298 8311 8314
f 8298 8295 8311
f 8299 8314 8315
f 8314 8313 8316
f 8314 8316 8315
f 8315 8316 8317
f 7748 8317 7775
f 7748 8315 8317
f 7748 8300 8315
f 8300 8299 8315
f 7775 8317 8318
f 7775 8318 7776
f 7783 7784 8319
f 7783 8319 7785
f 7785 8319 8320
f 7785 8321 7786
f 7785 8320 8321
f 7786 8322 7758
f 7786 8321 8322
f 7758 8322 8301
f 8301 8322 8323
f 8322 8321 8324
f 8322 8324 8323
f 8323 8324 8325
f 8323 8325 8326
f 8302 8326 8303
f 8302 8323 8326
f 8302 8301 8323
f 8303 8326 8327
f 8326 8325 8328
f 8326 8328 8327
f 8327 8328 8329
f 7763 8329 7787
f 7763 8327 8329
f 7763 8306 8327
f 8306 8303 8327
f 7787 8329 8330
f 7787 8330 7788
f 7793 7794 8331
f 7793 8332 7771
f 7793 8331 8332
f 7771 8332 8307
f 8307 8334 8333
f 8307 8332 8334
f 8332 8331 8334
f 8308 8335 8309
f 8308 8333 8335
f 8308 8307 8333
f 8309 8335 8336
f 8312 8337 8313
f 8312 8336 8337
f 8312 8309 8336
f 8313 8337 8338
f 8313 8338 8339
f 8339 8338 8340
f 8339 8340 8341
f 8339 8341 8342
f 8316 8342 8317
f 8316 8339 8342
f 8316 8313 8339
f 8317 8342 8343
f 8342 8341 8344
f 8342 8344 8343
f 8343 8344 8345
f 7776 8345 7795
f 7776 8343 8345
f 7776 8318 8343
f 8318 8317 8343
f 7795 8345 8346
f 7795 8346 7796
f 7803 7804 8347
f 7803 8347 7805
f 7805 8347 8348
f 7805 8349 7806
f 7805 8348 8349
f 7806 8350 7784
f 7806 8349 8350
f 7784 8350 8319
f 8319 8352 8351
f 8319 8350 8352
f 8350 8349 8352
f 8320 8353 8321
f 8320 8351 8353
f 8320 8319 8351
f 8321 8353 8354
f 8324 8355 8325
f 8324 8354 8355
f 8324 8321 8354
f 8325 8355 8356
f 8325 8356 8357
f 8357 8356 8358
f 8357 8358 8359
f 8357 8359 8360
f 8328 8360 8329
f 8328 8357 8360
f 8328 8325 8357
f 8329 8360 8361
f 8360 8359 8362
f 8360 8362 8361
f 7808 8362 7809
f 7808 8361 8362
f 7808 7788 8361
f 7788 8330 8361
f 8330 8329 8361
f 7814 7815 8363
f 7814 8363 7817
f 8364 8366 8365
f 7817 8366 8364
f 7817 8363 8366
f 7817 8364 7818
f 7818 8364 7794
f 7794 8364 8367
f 7794 8367 8331
f 8364 8365 8367
f 8331 8367 8368
f 8331 8368 8334
f 8340 8369 8341
f 8340 8338 8369
f 8341 8369 8370
f 8341 8370 8371
f 8371 8370 8372
f 8371 8372 8373
f 8371 8373 8374
f 8344 8374 8345
f 8344 8371 8374
f 8344 8341 8371
f 8345 8374 8375
f 8374 8373 8376
f 8374 8376 8375
f 8375 8376 8377
f 7796 8377 7819
f 7796 8375 8377
f 7796 8346 8375
f 8346 8345 8375
f 7819 8377 8378
f 7819 8378 7820
f 7831 7832 8379
f 7831 8379 7833
f 7833 8379 8380
f 7833 8381 7834
f 7833 8380 8381
f 7834 8382 7804
f 7834 8381 8382
f 7804 8382 8347
f 8347 8384 8383
f 8347 8382 8384
f 8382 8381 8384
f 8348 8385 8349
f 8348 8383 8385
f 8348 8347 8383
f 8349 8385 8386
f 8349 8386 8352
f 8358 8387 8359
f 8358 8356 8387
f 8359 8387 8388
f 8359 8388 8389
f 8389 8388 8390
f 8389 8390 8391
f 7809 8391 7835
f 7809 8389 8391
f 7809 8362 8389
f 8362 8359 8389
f 7835 8391 8392
f 7835 8392 7836
f 7840 7841 8393
f 7840 8394 7815
f 7840 8393 8394
f 7815 8394 8363
f 8363 8396 8395
f 8363 8394 8396
f 8394 8393 8396
f 8363 8395 8366
f 8372 8397 8373
f 8372 8370 8397
f 8373 8397 8398
f 8373 8398 8399
f 8399 8398 8400
f 8399 8400 8401
f 8399 8401 8402
f 8376 8402 8377
f 8376 8399 8402
f 8376 8373 8399
f 8377 8402 8403
f 8402 8401 8404
f 8402 8404 8403
f 8403 8404 8405
f 7820 8405 7843
f 7820 8403 8405
f 7820 8378 8403
f 8378 8377 8403
f 7843 8405 8406
f 7843 8406 7844
f 7857 7858 8407
f 7857 8407 7859
f 7859 8407 8408
f 7859 8409 7860
f 7859 8408 8409
f 7860 8410 7832
f 7860 8409 8410
f 7832 8410 8379
f 8379 8412 8411
f 8379 8410 8412
f 8410 8409 8412
f 8380 8413 8381
f 8380 8411 8413
f 8380 8379 8411
f 8381 8413 8414
f 8381 8414 8384
f 8415 8416 8417
f 8415 8417 8418
f 8415 8418 8419
f 8415 8419 8420
f 8390 8420 8391
f 8390 8415 8420
f 8390 8388 8416
f 8390 8416 8415
f 8391 8420 8421
f 8420 8419 8422
f 8420 8422 8421
f 7862 8422 7863
f 7862 8421 8422
f 7862 7836 8421
f 7836 8392 8421
f 8392 8391 8421
f 7866 7867 8423
f 7866 8424 7841
f 7866 8423 8424
f 7841 8424 8393
f 8393 8426 8425
f 8393 8424 8426
f 8424 8423 8426
f 8393 8425 8396
f 8427 8428 8429
f 8427 8429 8430
f 8427 8430 8431
f 8427 8431 8432
f 8400 8432 8401
f 8400 8427 8432
f 8400 8398 8428
f 8400 8428 8427
f 8401 8432 8433
f 8432 8431 8434
f 8432 8434 8433
f 8433 8434 8435
f 8433 8435 8436
f 8404 8436 8405
f 8404 8433 8436
f 8404 8401 8433
f 8405 8436 8437
f 8436 8435 8438
f 8436 8438 8437
f 8437 8438 8439
f 7844 8439 7869
f 7844 8437 8439
f 7844 8406 8437
f 8406 8405 8437
f 7869 8439 8440
f 7869 8440 7870
f 7879 7880 8441
f 7879 8441 7881
f 7881 8441 8442
f 7881 8443 7882
f 7881 8442 8443
f 7882 8444 7858
f 7882 8443 8444
f 7858 8444 8407
f 8407 8444 8445
f 8444 8443 8446
f 8444 8446 8445
f 8445 8446 8447
f 8445 8447 8448
f 8408 8448 8409
f 8408 8445 8448
f 8408 8407 8445
f 8409 8450 8449
f 8409 8448 8450
f 8448 8447 8450
f 8409 8449 8412
f 8451 8452 8453
f 8451 8453 8454
f 8451 8454 8455
f 8451 8455 8456
f 8418 8456 8419
f 8418 8451 8456
f 8418 8417 8452
f 8418 8452 8451
f 8419 8456 8457
f 8456 8455 8458
f 8456 8458 8457
f 7884 8458 7885
f 7884 8457 8458
f 7884 7863 8457
f 7863 8422 8457
f 8422 8419 8457
f 7888 7889 8459
f 7888 8460 7867
f 7888 8459 8460
f 7867 8460 8423
f 8423 8462 8461
f 8423 8460 8462
f 8460 8459 8462
f 8423 8461 8426
f 8463 8464 8465
f 8463 8465 8466
f 8463 8466 8467
f 8463 8467 8468
f 8463 8468 8469
f 8463 8469 8464
f 8468 8470 8469
f 8468 8471 8470
f 8468 8467 8472
f 8468 8472 8471
f 8471 8472 8473
f 8471 8473 8474
f 8430 8474 8431
f 8430 8471 8474
f 8430 8429 8470
f 8430 8470 8471
f 8431 8474 8475
f 8474 8473 8476
f 8474 8476 8475
f 7892 8476 7893
f 7892 8475 8476
f 7892 7897 8477
f 7892 8477 8475
f 8434 8477 8435
f 8434 8475 8477
f 8434 8431 8475
f 8435 8477 8478
f 8477 7897 8478
f 7897 7898 8478
f 7898 7903 8479
f 7898 8479 8478
f 8438 8479 8439
f 8438 8478 8479
f 8438 8435 8478
f 8439 8479 8480
f 8479 7903 8480
f 7903 7904 8480
f 7904 7870 8480
f 7870 8440 8480
f 8440 8439 8480
f 7880 7913 8481
f 7880 8481 8441
f 8441 8481 8482
f 8481 7913 8482
f 7913 7914 8482
f 7914 7919 8483
f 7914 8483 8482
f 8442 8483 8443
f 8442 8482 8483
f 8442 8441 8482
f 8443 8483 8484
f 8483 7919 8484
f 7919 7920 8485
f 7919 8485 8484
f 8484 8485 8486
f 8446 8486 8447
f 8446 8484 8486
f 8446 8443 8484
f 8447 8486 8487
f 8486 8485 8488
f 8486 8488 8487
f 8487 8488 8489
f 8487 8489 8490
f 8487 8490 8491
f 8447 8491 8450
f 8447 8487 8491
f 8490 8492 8491
f 8490 8489 8492
f 8493 8494 8495
f 8493 8495 8496
f 8493 8496 8497
f 8493 8497 8498
f 8454 8498 8455
f 8454 8493 8498
f 8454 8453 8494
f 8454 8494 8493
f 8455 8498 8499
f 8498 8497 8500
f 8498 8500 8499
f 7922 8500 7923
f 7922 8499 8500
f 7922 7885 8499
f 7885 8458 8499
f 8458 8455 8499
f 7889 7926 8501
f 7889 8501 8459
f 8459 8501 8502
f 8501 7926 8502
f 7926 7927 8503
f 7926 8503 8502
f 8502 8503 8504
f 8502 8504 8505
f 8459 8505 8462
f 8459 8502 8505
f 8504 8506 8505
f 8504 8507 8506
f 8504 8503 8508
f 8504 8508 8507
f 8507 8508 8509
f 8507 8509 8510
f 8507 8510 8511
f 8507 8511 8506
f 8510 8512 8511
f 8510 8513 8512
f 8510 8509 8514
f 8510 8514 8513
f 8513 8514 8515
f 8513 8515 8516
f 8513 8516 8517
f 8513 8517 8512
f 8516 8518 8517
f 8516 8519 8518
f 8516 8515 8520
f 8516 8520 8519
f 8519 8520 8521
f 8519 8521 8522
f 8519 8522 8523
f 8519 8523 8518
f 8522 8524 8523
f 8522 8525 8524
f 8522 8521 8526
f 8522 8526 8525
f 7930 8526 7931
f 7930 8525 8526
f 7930 7935 8527
f 7930 8527 8525
f 8466 8527 8467
f 8466 8525 8527
f 8466 8465 8524
f 8466 8524 8525
f 8467 8527 8528
f 8527 7935 8528
f 7935 7936 8528
f 7936 7940 8529
f 7936 8529 8528
f 8472 8529 8473
f 8472 8528 8529
f 8472 8467 8528
f 8473 8529 8530
f 8529 7940 8530
f 7940 7941 8530
f 7941 7893 8530
f 7893 8476 8530
f 8476 8473 8530
f 7920 7952 8531
f 7920 8531 8485
f 8485 8531 8532
f 8531 7952 8532
f 7952 7953 8532
f 7953 7957 8533
f 7953 8533 8532
f 8488 8533 8489
f 8488 8532 8533
f 8488 8485 8532
f 8489 8533 8534
f 8533 7957 8534
f 7957 7958 8535
f 7957 8535 8534
f 8534 8535 8536
f 8534 8536 8537
f 8489 8537 8492
f 8489 8534 8537
f 8536 8538 8537
f 8536 8539 8538
f 8536 8535 8540
f 8536 8540 8539
f 8539 8540 8541
f 8539 8541 8542
f 8539 8542 8543
f 8539 8543 8538
f 8542 8544 8543
f 8542 8545 8544
f 8542 8541 8546
f 8542 8546 8545
f 8545 8546 8547
f 8545 8547 8548
f 8545 8548 8549
f 8545 8549 8544
f 8548 8550 8549
f 8548 8551 8550
f 8548 8547 8552
f 8548 8552 8551
f 8551 8552 8553
f 8551 8553 8554
f 8551 8554 8555
f 8551 8555 8550
f 8554 8556 8555
f 8554 8557 8556
f 8554 8553 8558
f 8554 8558 8557
f 7960 8558 7961
f 7960 8557 8558
f 7960 7964 8559
f 7960 8559 8557
f 8496 8559 8497
f 8496 8557 8559
f 8496 8495 8556
f 8496 8556 8557
f 8497 8559 8560
f 8559 7964 8560
f 7964 7965 8560
f 7965 7923 8560
f 7923 8500 8560
f 8500 8497 8560
f 7927 7968 8561
f 7927 8561 8503
f 8503 8561 8562
f 8561 7968 8562
f 7968 7969 8562
f 7969 7972 8563
f 7969 8563 8562
f 8508 8563 8509
f 8508 8562 8563
f 8508 8503 8562
f 8509 8563 8564
f 8563 7972 8564
f 7972 7973 8564
f 7973 7976 8565
f 7973 8565 8564
f 8514 8565 8515
f 8514 8564 8565
f 8514 8509 8564
f 8515 8565 8566
f 8565 7976 8566
f 7976 7977 8566
f 7977 7980 8567
f 7977 8567 8566
f 8520 8567 8521
f 8520 8566 8567
f 8520 8515 8566
f 8521 8567 8568
f 8567 7980 8568
f 7980 7981 8568
f 7981 7931 8568
f 7931 8526 8568
f 8526 8521 8568
f 7958 7988 8569
f 7958 8569 8535
f 8535 8569 8570
f 8569 7988 8570
f 7988 7989 8570
f 7989 7992 8571
f 7989 8571 8570
f 8540 8571 8541
f 8540 8570 8571
f 8540 8535 8570
f 8541 8571 8572
f 8571 7992 8572
f 7992 7993 8572
f 7993 7996 8573
f 7993 8573 8572
f 8546 8573 8547
f 8546 8572 8573
f 8546 8541 8572
f 8547 8573 8574
f 8573 7996 8574
f 7996 7997 8574
f 7997 8000 8575
f 7997 8575 8574
f 8552 8575 8553
f 8552 8574 8575
f 8552 8547 8574
f 8553 8575 8576
f 8575 8000 8576
f 8000 8001 8576
f 8001 7961 8576
f 7961 8558 8576
f 8558 8553 8576
f 8021 8022 8577
f 8021 8577 8023
f 8023 8577 8578
f 8023 8579 8024
f 8023 8578 8579
f 8024 8579 8025
f 8025 8579 8580
f 8025 8581 8026
f 8025 8580 8581
f 8026 8581 8027
f 8027 8581 8582
f 8027 8583 8028
f 8027 8582 8583
f 8028 8583 8029
f 8029 8583 8584
f 8029 8584 8030
f 8041 8042 8585
f 8041 8585 8043
f 8043 8585 8586
f 8043 8587 8044
f 8043 8586 8587
f 8044 8587 8045
f 8045 8587 8588
f 8045 8589 8046
f 8045 8588 8589
f 8046 8589 8047
f 8047 8589 8590
f 8047 8591 8048
f 8047 8590 8591
f 8048 8591 8049
f 8049 8591 8592
f 8049 8592 8050
f 8057 8058 8593
f 8057 8594 8022
f 8057 8593 8594
f 8022 8594 8577
f 8577 8594 8595
f 8594 8593 8596
f 8594 8596 8595
f 8595 8596 8597
f 8595 8597 8598
f 8578 8598 8579
f 8578 8595 8598
f 8578 8577 8595
f 8579 8598 8599
f 8598 8597 8600
f 8598 8600 8599
f 8599 8600 8601
f 8599 8601 8602
f 8580 8602 8581
f 8580 8599 8602
f 8580 8579 8599
f 8581 8602 8603
f 8602 8601 8604
f 8602 8604 8603
f 8603 8604 8605
f 8603 8605 8606
f 8582 8606 8583
f 8582 8603 8606
f 8582 8581 8603
f 8583 8606 8607
f 8606 8605 8608
f 8606 8608 8607
f 8607 8608 8609
f 8030 8609 8059
f 8030 8607 8609
f 8030 8584 8607
f 8584 8583 8607
f 8059 8609 8610
f 8059 8610 8060
f 8077 8078 8611
f 8077 8611 8079
f 8079 8611 8612
f 8079 8613 8080
f 8079 8612 8613
f 8080 8614 8042
f 8080 8613 8614
f 8042 8614 8585
f 8585 8614 8615
f 8614 8613 8616
f 8614 8616 8615
f 8615 8616 8617
f 8615 8617 8618
f 8586 8618 8587
f 8586 8615 8618
f 8586 8585 8615
f 8587 8618 8619
f 8618 8617 8620
f 8618 8620 8619
f 8619 8620 8621
f 8619 8621 8622
f 8588 8622 8589
f 8588 8619 8622
f 8588 8587 8619
f 8589 8622 8623
f 8622 8621 8624
f 8622 8624 8623
f 8623 8624 8625
f 8623 8625 8626
f 8590 8626 8591
f 8590 8623 8626
f 8590 8589 8623
f 8591 8626 8627
f 8626 8625 8628
f 8626 8628 8627
f 8082 8628 8083
f 8082 8627 8628
f 8082 8050 8627
f 8050 8592 8627
f 8592 8591 8627
f 8091 8092 8629
f 8091 8630 8058
f 8091 8629 8630
f 8058 8630 8593
f 8593 8630 8631
f 8630 8629 8632
f 8630 8632 8631
f 8631 8632 8633
f 8631 8633 8634
f 8596 8634 8597
f 8596 8631 8634
f 8596 8593 8631
f 8597 8634 8635
f 8634 8633 8636
f 8634 8636 8635
f 8635 8636 8637
f 8635 8637 8638
f 8600 8638 8601
f 8600 8635 8638
f 8600 8597 8635
f 8601 8638 8639
f 8638 8637 8640
f 8638 8640 8639
f 8639 8640 8641
f 8639 8641 8642
f 8604 8642 8605
f 8604 8639 8642
f 8604 8601 8639
f 8605 8642 8643
f 8642 8641 8644
f 8642 8644 8643
f 8643 8644 8645
f 8643 8645 8646
f 8608 8646 8609
f 8608 8643 8646
f 8608 8605 8643
f 8609 8646 8647
f 8646 8645 8648
f 8646 8648 8647
f 8094 8648 8095
f 8094 8647 8648
f 8094 8060 8647
f 8060 8610 8647
f 8610 8609 8647
f 8115 8116 8649
f 8115 8650 8078
f 8115 8649 8650
f 8078 8650 8611
f 8611 8650 8651
f 8650 8649 8652
f 8650 8652 8651
f 8651 8652 8653
f 8651 8653 8654
f 8612 8654 8613
f 8612 8651 8654
f 8612 8611 8651
f 8613 8654 8655
f 8654 8653 8656
f 8654 8656 8655
f 8655 8656 8657
f 8655 8657 8658
f 8616 8658 8617
f 8616 8655 8658
f 8616 8613 8655
f 8617 8658 8659
f 8658 8657 8660
f 8658 8660 8659
f 8659 8660 8661
f 8659 8661 8662
f 8620 8662 8621
f 8620 8659 8662
f 8620 8617 8659
f 8621 8662 8663
f 8662 8661 8664
f 8662 8664 8663
f 8663 8664 8665
f 8663 8665 8666
f 8624 8666 8625
f 8624 8663 8666
f 8624 8621 8663
f 8625 8666 8667
f 8666 8665 8668
f 8666 8668 8667
f 8118 8668 8119
f 8118 8667 8668
f 8118 8083 8667
f 8083 8628 8667
f 8628 8625 8667
f 8127 8128 8669
f 8127 8670 8092
f 8127 8669 8670
f 8092 8670 8629
f 8629 8670 8671
f 8670 8669 8672
f 8670 8672 8671
f 8671 8672 8673
f 8671 8673 8674
f 8632 8674 8633
f 8632 8671 8674
f 8632 8629 8671
f 8633 8674 8675
f 8674 8673 8676
f 8674 8676 8675
f 8675 8676 8677
f 8675 8677 8678
f 8636 8678 8637
f 8636 8675 8678
f 8636 8633 8675
f 8637 8678 8679
f 8678 8677 8680
f 8678 8680 8679
f 8679 8680 8681
f 8679 8681 8682
f 8640 8682 8641
f 8640 8679 8682
f 8640 8637 8679
f 8641 8682 8683
f 8682 8681 8684
f 8682 8684 8683
f 8130 8684 8131
f 8130 8683 8684
f 8130 8135 8685
f 8130 8685 8683
f 8644 8685 8645
f 8644 8683 8685
f 8644 8641 8683
f 8645 8685 8686
f 8685 8135 8686
f 8135 8136 8686
f 8136 8095 8686
f 8095 8648 8686
f 8648 8645 8686
f 8116 8153 8687
f 8116 8687 8649
f 8649 8687 8688
f 8687 8153 8688
f 8153 8154 8689
f 8153 8689 8688
f 8688 8689 8690
f 8652 8690 8653
f 8652 8688 8690
f 8652 8649 8688
f 8653 8690 8691
f 8690 8689 8692
f 8690 8692 8691
f 8691 8692 8693
f 8691 8693 8694
f 8656 8694 8657
f 8656 8691 8694
f 8656 8653 8691
f 8657 8694 8695
f 8694 8693 8696
f 8694 8696 8695
f 8695 8696 8697
f 8695 8697 8698
f 8660 8698 8661
f 8660 8695 8698
f 8660 8657 8695
f 8661 8698 8699
f 8698 8697 8700
f 8698 8700 8699
f 8699 8700 8701
f 8699 8701 8702
f 8664 8702 8665
f 8664 8699 8702
f 8664 8661 8699
f 8665 8702 8703
f 8702 8701 8704
f 8702 8704 8703
f 8156 8704 8157
f 8156 8703 8704
f 8156 8119 8703
f 8119 8668 8703
f 8668 8665 8703
f 8128 8167 8705
f 8128 8705 8669
f 8669 8705 8706
f 8705 8167 8706
f 8167 8168 8707
f 8167 8707 8706
f 8706 8707 8708
f 8672 8708 8673
f 8672 8706 8708
f 8672 8669 8706
f 8673 8708 8709
f 8708 8707 8710
f 8708 8710 8709
f 8709 8710 8711
f 8709 8711 8712
f 8676 8712 8677
f 8676 8709 8712
f 8676 8673 8709
f 8677 8712 8713
f 8712 8711 8714
f 8712 8714 8713
f 8170 8714 8171
f 8170 8713 8714
f 8170 8175 8715
f 8170 8715 8713
f 8680 8715 8681
f 8680 8713 8715
f 8680 8677 8713
f 8681 8715 8716
f 8715 8175 8716
f 8175 8176 8716
f 8176 8131 8716
f 8131 8684 8716
f 8684 8681 8716
f 8154 8193 8717
f 8154 8717 8689
f 8689 8717 8718
f 8717 8193 8718
f 8193 8194 8719
f 8193 8719 8718
f 8718 8719 8720
f 8692 8720 8693
f 8692 8718 8720
f 8692 8689 8718
f 8693 8720 8721
f 8720 8719 8722
f 8720 8722 8721
f 8721 8722 8723
f 8721 8723 8724
f 8696 8724 8697
f 8696 8721 8724
f 8696 8693 8721
f 8697 8724 8725
f 8724 8723 8726
f 8724 8726 8725
f 8196 8726 8197
f 8196 8725 8726
f 8196 8201 8727
f 8196 8727 8725
f 8700 8727 8701
f 8700 8725 8727
f 8700 8697 8725
f 8701 8727 8728
f 8727 8201 8728
f 8201 8202 8728
f 8202 8157 8728
f 8157 8704 8728
f 8704 8701 8728
f 8168 8213 8729
f 8168 8729 8707
f 8707 8729 8730
f 8729 8213 8730
f 8213 8214 8730
f 8214 8219 8731
f 8214 8731 8730
f 8710 8731 8711
f 8710 8730 8731
f 8710 8707 8730
f 8711 8731 8732
f 8731 8219 8732
f 8219 8220 8732
f 8220 8171 8732
f 8171 8714 8732
f 8714 8711 8732
f 8194 8237 8733
f 8194 8733 8719
f 8719 8733 8734
f 8733 8237 8734
f 8237 8238 8734
f 8238 8243 8735
f 8238 8735 8734
f 8722 8735 8723
f 8722 8734 8735
f 8722 8719 8734
f 8723 8735 8736
f 8735 8243 8736
f 8243 8244 8736
f 8244 8197 8736
f 8197 8726 8736
f 8726 8723 8736
f 8333 8334 8737
f 8333 8737 8335
f 8335 8737 8738
f 8335 8739 8336
f 8335 8738 8739
f 8336 8739 8337
f 8337 8739 8740
f 8337 8740 8338
f 8351 8352 8741
f 8351 8741 8353
f 8353 8741 8742
f 8353 8743 8354
f 8353 8742 8743
f 8354 8743 8355
f 8355 8743 8744
f 8355 8744 8356
f 8365 8366 8745
f 8365 8745 8367
f 8367 8745 8746
f 8367 8747 8368
f 8367 8746 8747
f 8368 8748 8334
f 8368 8747 8748
f 8334 8748 8737
f 8737 8748 8749
f 8748 8747 8750
f 8748 8750 8749
f 8749 8750 8751
f 8749 8751 8752
f 8738 8752 8739
f 8738 8749 8752
f 8738 8737 8749
f 8739 8752 8753
f 8752 8751 8754
f 8752 8754 8753
f 8753 8754 8755
f 8338 8755 8369
f 8338 8753 8755
f 8338 8740 8753
f 8740 8739 8753
f 8369 8755 8756
f 8369 8756 8370
f 8383 8384 8757
f 8383 8757 8385
f 8385 8757 8758
f 8385 8759 8386
f 8385 8758 8759
f 8386 8760 8352
f 8386 8759 8760
f 8352 8760 8741
f 8741 8760 8761
f 8760 8759 8762
f 8760 8762 8761
f 8761 8762 8763
f 8761 8763 8764
f 8742 8764 8743
f 8742 8761 8764
f 8742 8741 8761
f 8743 8764 8765
f 8764 8763 8766
f 8764 8766 8765
f 8765 8766 8767
f 8356 8767 8387
f 8356 8765 8767
f 8356 8744 8765
f 8744 8743 8765
f 8387 8767 8768
f 8387 8768 8388
f 8395 8396 8769
f 8395 8770 8366
f 8395 8769 8770
f 8366 8770 8745
f 8745 8770 8771
f 8770 8769 8772
f 8770 8772 8771
f 8771 8772 8773
f 8771 8773 8774
f 8746 8774 8747
f 8746 8771 8774
f 8746 8745 8771
f 8747 8774 8775
f 8774 8773 8776
f 8774 8776 8775
f 8775 8776 8777
f 8775 8777 8778
f 8750 8778 8751
f 8750 8775 8778
f 8750 8747 8775
f 8751 8778 8779
f 8778 8777 8780
f 8778 8780 8779
f 8779 8780 8781
f 8779 8781 8782
f 8754 8782 8755
f 8754 8779 8782
f 8754 8751 8779
f 8755 8782 8783
f 8782 8781 8784
f 8782 8784 8783
f 8783 8784 8785
f 8370 8785 8397
f 8370 8783 8785
f 8370 8756 8783
f 8756 8755 8783
f 8397 8785 8786
f 8397 8786 8398
f 8411 8412 8787
f 8411 8787 8413
f 8413 8787 8788
f 8413 8789 8414
f 8413 8788 8789
f 8414 8790 8384
f 8414 8789 8790
f 8384 8790 8757
f 8757 8790 8791
f 8790 8789 8792
f 8790 8792 8791
f 8791 8792 8793
f 8791 8793 8794
f 8758 8794 8759
f 8758 8791 8794
f 8758 8757 8791
f 8759 8794 8795
f 8794 8793 8796
f 8794 8796 8795
f 8795 8796 8797
f 8795 8797 8798
f 8762 8798 8763
f 8762 8795 8798
f 8762 8759 8795
f 8763 8798 8799
f 8798 8797 8800
f 8798 8800 8799
f 8799 8800 8801
f 8799 8801 8802
f 8766 8802 8767
f 8766 8799 8802
f 8766 8763 8799
f 8767 8802 8803
f 8802 8801 8804
f 8802 8804 8803
f 8416 8804 8417
f 8416 8803 8804
f 8416 8388 8803
f 8388 8768 8803
f 8768 8767 8803
f 8425 8426 8805
f 8425 8806 8396
f 8425 8805 8806
f 8396 8806 8769
f 8769 8806 8807
f 8806 8805 8808
f 8806 8808 8807
f 8807 8808 8809
f 8807 8809 8810
f 8772 8810 8773
f 8772 8807 8810
f 8772 8769 8807
f 8773 8810 8811
f 8810 8809 8812
f 8810 8812 8811
f 8811 8812 8813
f 8811 8813 8814
f 8776 8814 8777
f 8776 8811 8814
f 8776 8773 8811
f 8777 8814 8815
f 8814 8813 8816
f 8814 8816 8815
f 8815 8816 8817
f 8815 8817 8818
f 8780 8818 8781
f 8780 8815 8818
f 8780 8777 8815
f 8781 8818 8819
f 8818 8817 8820
f 8818 8820 8819
f 8819 8820 8821
f 8819 8821 8822
f 8784 8822 8785
f 8784 8819 8822
f 8784 8781 8819
f 8785 8822 8823
f 8822 8821 8824
f 8822 8824 8823
f 8428 8824 8429
f 8428 8823 8824
f 8428 8398 8823
f 8398 8786 8823
f 8786 8785 8823
f 8449 8450 8825
f 8449 8826 8412
f 8449 8825 8826
f 8412 8826 8787
f 8787 8826 8827
f 8826 8825 8828
f 8826 8828 8827
f 8827 8828 8829
f 8827 8829 8830
f 8788 8830 8789
f 8788 8827 8830
f 8788 8787 8827
f 8789 8830 8831
f 8830 8829 8832
f 8830 8832 8831
f 8831 8832 8833
f 8831 8833 8834
f 8792 8834 8793
f 8792 8831 8834
f 8792 8789 8831
f 8793 8834 8835
f 8834 8833 8836
f 8834 8836 8835
f 8835 8836 8837
f 8835 8837 8838
f 8796 8838 8797
f 8796 8835 8838
f 8796 8793 8835
f 8797 8838 8839
f 8838 8837 8840
f 8838 8840 8839
f 8839 8840 8841
f 8839 8841 8842
f 8800 8842 8801
f 8800 8839 8842
f 8800 8797 8839
f 8801 8842 8843
f 8842 8841 8844
f 8842 8844 8843
f 8452 8844 8453
f 8452 8843 8844
f 8452 8417 8843
f 8417 8804 8843
f 8804 8801 8843
f 8461 8462 8845
f 8461 8846 8426
f 8461 8845 8846
f 8426 8846 8805
f 8805 8846 8847
f 8846 8845 8848
f 8846 8848 8847
f 8847 8848 8849
f 8847 8849 8850
f 8808 8850 8809
f 8808 8847 8850
f 8808 8805 8847
f 8809 8850 8851
f 8850 8849 8852
f 8850 8852 8851
f 8851 8852 8853
f 8851 8853 8854
f 8812 8854 8813
f 8812 8851 8854
f 8812 8809 8851
f 8813 8854 8855
f 8854 8853 8856
f 8854 8856 8855
f 8855 8856 8857
f 8855 8857 8858
f 8816 8858 8817
f 8816 8855 8858
f 8816 8813 8855
f 8817 8858 8859
f 8858 8857 8860
f 8858 8860 8859
f 8464 8860 8465
f 8464 8859 8860
f 8464 8469 8861
f 8464 8861 8859
f 8820 8861 8821
f 8820 8859 8861
f 8820 8817 8859
f 8821 8861 8862
f 8861 8469 8862
f 8469 8470 8862
f 8470 8429 8862
f 8429 8824 8862
f 8824 8821 8862
f 8450 8491 8863
f 8450 8863 8825
f 8825 8863 8864
f 8863 8491 8864
f 8491 8492 8865
f 8491 8865 8864
f 8864 8865 8866
f 8828 8866 8829
f 8828 8864 8866
f 8828 8825 8864
f 8829 8866 8867
f 8866 8865 8868
f 8866 8868 8867
f 8867 8868 8869
f 8867 8869 8870
f 8832 8870 8833
f 8832 8867 8870
f 8832 8829 8867
f 8833 8870 8871
f 8870 8869 8872
f 8870 8872 8871
f 8871 8872 8873
f 8871 8873 8874
f 8836 8874 8837
f 8836 8871 8874
f 8836 8833 8871
f 8837 8874 8875
f 8874 8873 8876
f 8874 8876 8875
f 8875 8876 8877
f 8875 8877 8878
f 8840 8878 8841
f 8840 8875 8878
f 8840 8837 8875
f 8841 8878 8879
f 8878 8877 8880
f 8878 8880 8879
f 8494 8880 8495
f 8494 8879 8880
f 8494 8453 8879
f 8453 8844 8879
f 8844 8841 8879
f 8462 8505 8881
f 8462 8881 8845
f 8845 8881 8882
f 8881 8505 8882
f 8505 8506 8882
f 8506 8511 8883
f 8506 8883 8882
f 8848 8883 8849
f 8848 8882 8883
f 8848 8845 8882
f 8849 8883 8884
f 8883 8511 8884
f 8511 8512 8884
f 8512 8517 8885
f 8512 8885 8884
f 8852 8885 8853
f 8852 8884 8885
f 8852 8849 8884
f 8853 8885 8886
f 8885 8517 8886
f 8517 8518 8886
f 8518 8523 8887
f 8518 8887 8886
f 8856 8887 8857
f 8856 8886 8887
f 8856 8853 8886
f 8857 8887 8888
f 8887 8523 8888
f 8523 8524 8888
f 8524 8465 8888
f 8465 8860 8888
f 8860 8857 8888
f 8492 8537 8889
f 8492 8889 8865
f 8865 8889 8890
f 8889 8537 8890
f 8537 8538 8890
f 8538 8543 8891
f 8538 8891 8890
f 8868 8891 8869
f 8868 8890 8891
f 8868 8865 8890
f 8869 8891 8892
f 8891 8543 8892
f 8543 8544 8892
f 8544 8549 8893
f 8544 8893 8892
f 8872 8893 8873
f 8872 8892 8893
f 8872 8869 8892
f 8873 8893 8894
f 8893 8549 8894
f 8549 8550 8894
f 8550 8555 8895
f 8550 8895 8894
f 8876 8895 8877
f 8876 8894 8895
f 8876 8873 8894
f 8877 8895 8896
f 8895 8555 8896
f 8555 8556 8896
f 8556 8495 8896
f 8495 8880 8896
f 8880 8877 8896
