# QMW procedural algebraic surface
# units: meters
v -0.199990698283 -0.0324784404939 0.0245763111241
v -0.199099095818 -0.0363116825741 0.0207430690438
v -0.199099095818 -0.0315868380289 0.0108942762817
v -0.200812856334 -0.0315868380289 0.0237541530736
v -0.200636680798 -0.0315868380289 0.0254679135891
v -0.199869880706 -0.032357622917 0.0254679135891
v -0.199099095818 -0.0365593680128 0.0254679135891
v -0.20188463693 -0.0343723791403 0.0437402644969
v -0.199099095818 -0.043245406728 0.0348672369092
v -0.204156147146 -0.0315868380289 0.0414687542802
v -0.203673360511 -0.0315868380289 0.0465258056083
v -0.201450685627 -0.0339384278382 0.0465258056083
v -0.199099095818 -0.0446620246829 0.0465258056083
v -0.203389579694 -0.0358773219048 0.0632932137517
v -0.199099095818 -0.0477859546859 0.0513845809706
v -0.206700199328 -0.0315868380289 0.0599825941175
v -0.205720577467 -0.0315868380289 0.0675836976276
v -0.202588862873 -0.0350766050834 0.0675836976276
v -0.199099095818 -0.048498429895 0.0675836976276
v -0.203751701683 -0.0362394438936 0.0839889837821
v -0.199099095818 -0.049558531735 0.0706698959408
v -0.207431981172 -0.0315868380289 0.0803087042932
v -0.205670990334 -0.0315868380289 0.0886415896469
v -0.202648753769 -0.0351364959796 0.0886415896469
v -0.199099095818 -0.0469390235254 0.0886415896469
v -0.202374931669 -0.0348626738793 0.106423645816
v -0.199099095818 -0.0465319137129 0.0947544059821
v -0.205245881163 -0.0315868380289 0.103552696322
v -0.203218899001 -0.0315868380289 0.109699481666
v -0.201377620498 -0.0338653627087 0.109699481666
v -0.199099095818 -0.0406077331043 0.109699481666
v -0.199099095818 -0.0315868380289 0.127539774842
v -0.199592224449 -0.0110220746403 0.00391689293917
v -0.199099095818 -0.0157599922175 -0.000821024638044
v -0.199099095818 -0.0105289460096 -0.00650457688115
v -0.199840579559 -0.0105289460096 0.00366853782932
v -0.199778405705 -0.0105289460096 0.00441002156982
v -0.199546016767 -0.0109758669588 0.00441002156982
v -0.199099095818 -0.0180019511308 0.00441002156982
v -0.202429280015 -0.0138591302064 0.0221377293923
v -0.199099095818 -0.0279345401699 0.00806231942877
v -0.203817674354 -0.0105289460096 0.0207493350536
v -0.203607292184 -0.0105289460096 0.0254679135891
v -0.20211282364 -0.013542673832 0.0254679135891
v -0.205838302763 -0.0172681529545 0.0397865986635
v -0.20824391364 -0.0105289460096 0.0373809877869
v -0.208166439745 -0.0105289460096 0.0465258056083
v -0.205256724972 -0.0166865751633 0.0465258056083
v -0.208482860793 -0.0199127109847 0.0581999326525
v -0.211634525808 -0.0105289460096 0.0550482676378
v -0.211150571666 -0.0105289460096 0.0675836976276
v -0.20741547687 -0.0188453270616 0.0675836976276
v -0.209559412572 -0.0209892627632 0.0781812728933
v -0.21319235381 -0.0105289460096 0.0745483316549
v -0.21129059708 -0.0105289460096 0.0886415896469
v -0.207650980022 -0.0190808302137 0.0886415896469
v -0.208401212536 -0.0198310627279 0.100397364948
v -0.212029981945 -0.0105289460096 0.0967685955389
v -0.208502383028 -0.0105289460096 0.109699481666
v -0.205801413121 -0.017231263313 0.109699481666
v -0.204082442167 -0.0155122923582 0.125774027337
v -0.206445168231 -0.0105289460096 0.123411301272
v -0.203297006678 -0.0105289460096 0.130757373685
v -0.202135880329 -0.0135657305205 0.130757373685
v -0.199099095818 -0.0289764913286 0.130757373685
v -0.199099095818 -0.0105289460096 0.141365204903
v -0.199840579559 0.00978746226913 0.00366853782932
v -0.199099095818 -0.000385652441346 -0.00650457688115
v -0.199099095818 0.0105289460096 -0.00650457688115
v -0.199840579559 0.0105289460096 0.00366853782932
v -0.199778405705 0.0105289460096 0.00441002156982
v -0.199778405705 0.00984963612313 0.00441002156982
v -0.203817674354 0.00581036747418 0.0207493350536
v -0.203817674354 0.0105289460096 0.0207493350536
v -0.203607292184 0.0105289460096 0.0254679135891
v -0.203607292184 0.00602074964333 0.0254679135891
v -0.20824391364 0.0013841281882 0.0373809877869
v -0.20824391364 0.0105289460096 0.0373809877869
v -0.208166439745 0.0105289460096 0.0465258056083
v -0.208166439745 0.00146160208318 0.0465258056083
v -0.211634525808 -0.00200648398015 0.0550482676378
v -0.211634525808 0.0105289460096 0.0550482676378
v -0.211150571666 0.0105289460096 0.0675836976276
v -0.211150571666 -0.00152252983795 0.0675836976276
v -0.21319235381 -0.00356431198229 0.0745483316549
v -0.21319235381 0.0105289460096 0.0745483316549
v -0.21129059708 0.0105289460096 0.0886415896469
v -0.21129059708 -0.0016625552526 0.0886415896469
v -0.212029981945 -0.00240194011761 0.0967685955389
v -0.212029981945 0.0105289460096 0.0967685955389
v -0.208502383028 0.0105289460096 0.109699481666
v -0.208502383028 0.00112565879984 0.109699481666
v -0.206445168231 0.00318287359637 0.123411301272
v -0.206445168231 0.0105289460096 0.123411301272
v -0.203297006678 0.0105289460096 0.130757373685
v -0.203297006678 0.00633103514989 0.130757373685
v -0.199099095818 0.0105289460096 0.141365204903
v -0.199099095818 7.88852079962e-05 0.141365204903
v -0.199099095818 0.0180019511308 0.00441002156982
v -0.201623299852 0.0290626339948 0.022943709555
v -0.199099095818 0.0315868380289 0.0108942762817
v -0.200812856334 0.0315868380289 0.0237541530736
v -0.200636680798 0.0315868380289 0.0254679135891
v -0.201496401062 0.029189532785 0.0254679135891
v -0.206261664217 0.0244242696302 0.0393632372097
v -0.204156147146 0.0315868380289 0.0414687542802
v -0.203673360511 0.0315868380289 0.0465258056083
v -0.206190986558 0.0244949472893 0.0465258056083
v -0.209802056102 0.0208838777445 0.0568807373433
v -0.206700199328 0.0315868380289 0.0599825941175
v -0.205720577467 0.0315868380289 0.0675836976276
v -0.209304134688 0.0213817991594 0.0675836976276
v -0.211167467572 0.0195184662745 0.0765732178925
v -0.207431981172 0.0315868380289 0.0803087042932
v -0.205670990334 0.0315868380289 0.0886415896469
v -0.209144831547 0.0215411023001 0.0886415896469
v -0.208643060924 0.022042872923 0.10015551656
v -0.205245881163 0.0315868380289 0.103552696322
v -0.203218899001 0.0315868380289 0.109699481666
v -0.205330926082 0.0253550077646 0.109699481666
v -0.199099095818 0.0315868380289 0.127539774842
v -0.199099095818 0.0297782006978 0.128948736354
v -0.199099095818 0.0289764913286 0.130757373685
v -0.199099095818 0.0161823606942 0.13641078837
v -0.199099095818 0.0365593680128 0.0254679135891
v -0.199099095818 0.0376911917151 0.0315722672753
v -0.199099095818 0.0446620246829 0.0465258056083
v -0.199099095818 0.0456343412561 0.0605733088356
v -0.199099095818 0.048498429895 0.0675836976276
v -0.199099095818 0.0453446236981 0.0813414832969
v -0.199099095818 0.0469390235254 0.0886415896469
v -0.199099095818 0.0411047363501 0.098159487968
v -0.199099095818 0.0406077331043 0.109699481666
v -0.199099095818 0.0360624950223 0.11417513866
v -0.17810276496 -0.0737641832284 0.0675221364666
v -0.178041203799 -0.0738847905797 0.0674015291153
v -0.178041203799 -0.0737026220674 0.0605675675114
v -0.178237764048 -0.0737026220674 0.0673871373787
v -0.178188527695 -0.0737026220674 0.0675836976276
v -0.178088403263 -0.0737498215312 0.0675836976276
v -0.178041203799 -0.0738334778542 0.0675836976276
v -0.178041203799 -0.0737026220674 0.0694859324751
v -0.17875531614 -0.0533588423894 0.00369590922856
v -0.178041203799 -0.0569977204503 5.70311676567e-05
v -0.178041203799 -0.0526447300481 -0.0156358300101
v -0.180585129726 -0.0526447300481 0.00186609564262
v -0.180429572476 -0.0526447300481 0.00441002156982
v -0.17868202945 -0.0532855556989 0.00441002156982
v -0.178041203799 -0.0568687595574 0.00441002156982
v -0.18084097662 -0.0554445028695 0.0226681407678
v -0.178041203799 -0.0642423275626 0.0138703160746
v -0.186140488613 -0.0526447300481 0.017368628775
v -0.186473740332 -0.0526447300481 0.0254679135891
v -0.180465580306 -0.0550691065554 0.0254679135891
v -0.178041203799 -0.0656560338607 0.0254679135891
v -0.183378001982 -0.0579815282312 0.0411890074253
v -0.178041203799 -0.0696677121061 0.0295028235504
v -0.19142112803 -0.0526447300481 0.0331458813771
v -0.192720258046 -0.0526447300481 0.0465258056083
v -0.182579896186 -0.0571834224349 0.0465258056083
v -0.178041203799 -0.0723501695935 0.0465258056083
v -0.185256319653 -0.0598598459021 0.0603685817736
v -0.178041203799 -0.0729673677294 0.0472610599464
v -0.195174418363 -0.0526447300481 0.0504504830631
v -0.195778002267 -0.0526447300481 0.0675836976276
v -0.18394668751 -0.058550213759 0.0675836976276
v -0.185777557904 -0.0603810841533 0.0809052355417
v -0.196748352007 -0.0526447300481 0.0699344414385
v -0.194596694759 -0.0526447300481 0.0886415896469
v -0.183959147134 -0.0585626733834 0.0886415896469
v -0.178041203799 -0.0714100909872 0.0886415896469
v -0.184498970857 -0.0591024971068 0.103241714607
v -0.178041203799 -0.0716506655309 0.0906935461833
v -0.195018745006 -0.0526447300481 0.0927219404589
v -0.189844573456 -0.0526447300481 0.109699481666
v -0.182538901439 -0.0571424276882 0.109699481666
v -0.178041203799 -0.0655760762044 0.109699481666
v -0.18099454759 -0.0555980738391 0.127804029894
v -0.178041203799 -0.0629353909613 0.120466712772
v -0.187175329001 -0.0526447300481 0.121623248483
v -0.182594620997 -0.0526447300481 0.130757373685
v -0.179874203793 -0.0544777300424 0.130757373685
v -0.178041203799 -0.057561701885 0.130757373685
v -0.178041203799 -0.0526447300481 0.139347554538
v -0.17823456898 -0.0317802032105 -0.016841235631
v -0.178041203799 -0.0384231034882 -0.0234841359087
v -0.178041203799 -0.0315868380289 -0.0324201051594
v -0.178818011578 -0.0315868380289 -0.017424678229
v -0.178868897399 -0.0315868380289 -0.0166478704494
v -0.178237589317 -0.0317832235475 -0.0166478704494
v -0.178041203799 -0.0437106036421 -0.0166478704494
v -0.181099426671 -0.0346450609013 0.00135179869745
v -0.178041203799 -0.0518186748701 -0.0158218152713
v -0.186985940463 -0.0315868380289 -0.00453471509384
v -0.189651899947 -0.0315868380289 0.00441002156982
v -0.180917306386 -0.0344629406156 0.00441002156982
v -0.186927949722 -0.0404735839522 0.0165811676658
v -0.195943324024 -0.0315868380289 0.0075657933639
v -0.187270525867 -0.0408161600967 0.0254679135891
v -0.192298423304 -0.0458440575343 0.032268586103
v -0.193511107531 -0.0470567417612 0.0465258056083
v -0.195888592377 -0.0494342266069 0.0497363090495
v -0.196399647141 -0.0499452813708 0.0675836976276
v -0.197362106999 -0.0509077412293 0.0693206864464
v -0.195669226334 -0.0492148605636 0.0886415896469
v -0.196457760431 -0.0500033946606 0.0912829250344
v -0.192386927175 -0.0459325614051 0.109699481666
v -0.192681463848 -0.0462270980785 0.116117113636
v -0.197921208128 -0.0315868380289 0.130757373685
v -0.187538937791 -0.0410845720213 0.130757373685
v -0.185017806194 -0.0385634404242 0.144838663309
v -0.197215208481 -0.0315868380289 0.132641261022
v -0.185322660179 -0.0315868380289 0.151815265705
v -0.181724486285 -0.0352701205146 0.151815265705
v -0.178041203799 -0.0432326166857 0.151815265705
v -0.178041203799 -0.0315868380289 0.161670528668
v -0.179184821076 -0.0116725632865 -0.0388493797455
v -0.178041203799 -0.0138972902191 -0.0410741066782
v -0.178041203799 -0.0105289460096 -0.041372694758
v -0.179835024498 -0.0105289460096 -0.039499583168
v -0.183770527026 -0.0105289460096 -0.0377057624687
v -0.180484842561 -0.0129725847722 -0.0377057624687
v -0.178041203799 -0.0297112496123 -0.0377057624687
v -0.181287495637 -0.0137752378482 -0.019894162288
v -0.178041203799 -0.0302013553543 -0.0363202797941
v -0.185235309427 -0.0105289460096 -0.0238419760775
v -0.186210352906 -0.0105289460096 -0.0166478704494
v -0.181472777219 -0.0139605194296 -0.0166478704494
v -0.187434221525 -0.0199219637357 -0.00498299615622
v -0.19328450295 -0.0105289460096 -0.0108332775816
v -0.19010077208 -0.0225885142908 0.00441002156982
v -0.195941335199 -0.0284290774093 0.00756778218941
v -0.198150721993 -0.0306384642041 0.130757373685
v -0.197974375898 -0.0304621181092 0.131882093605
v -0.193160024934 -0.0105289460096 0.151815265705
v -0.188133472866 -0.0206212150771 0.151815265705
v -0.178740253808 -0.0112279960186 0.172174107715
v -0.179867665875 -0.0105289460096 0.171046695647
v -0.178386935746 -0.0105289460096 0.172873157724
v -0.178279669156 -0.0107674113669 0.172873157724
v -0.178041203799 -0.0116673594537 0.172873157724
v -0.178041203799 -0.0105289460096 0.173213553747
v -0.179835024498 0.00873512531033 -0.039499583168
v -0.178041203799 0.00686201372028 -0.041372694758
v -0.178041203799 0.0105289460096 -0.041372694758
v -0.179835024498 0.0105289460096 -0.039499583168
v -0.183770527026 0.0105289460096 -0.0377057624687
v -0.183770527026 0.0047996227827 -0.0377057624687
v -0.185235309427 0.00333484038152 -0.0238419760775
v -0.185235309427 0.0105289460096 -0.0238419760775
v -0.186210352906 0.0105289460096 -0.0166478704494
v -0.186210352906 0.0023597969028 -0.0166478704494
v -0.19328450295 -0.00471435314179 -0.0108332775816
v -0.19328450295 0.0105289460096 -0.0108332775816
v -0.193160024934 0.0105289460096 0.151815265705
v -0.193160024934 -0.00458987512592 0.151815265705
v -0.179867665875 0.00870248393304 0.171046695647
v -0.179867665875 0.0105289460096 0.171046695647
v -0.178386935746 0.0105289460096 0.172873157724
v -0.178386935746 0.0101832140627 0.172873157724
v -0.178041203799 0.0105289460096 0.173213553747
v -0.178041203799 -0.0101885499866 0.173213553747
v -0.178041203799 0.0297112496123 -0.0377057624687
v -0.180111801852 0.0295162399754 -0.018718468503
v -0.178041203799 0.0315868380289 -0.0324201051594
v -0.178818011578 0.0315868380289 -0.017424678229
v -0.178868897399 0.0315868380289 -0.0166478704494
v -0.180516415719 0.0291116261084 -0.0166478704494
v -0.192912980604 0.0167150612234 -0.0104617552356
v -0.186985940463 0.0315868380289 -0.00453471509384
v -0.189651899947 0.0315868380289 0.00441002156982
v -0.195943324024 0.0315868380289 0.0075657933639
v -0.197921208128 0.0315868380289 0.130757373685
v -0.197215208481 0.0315868380289 0.132641261022
v -0.185322660179 0.0315868380289 0.151815265705
v -0.190545672682 0.0190823691454 0.151815265705
v -0.178041203799 0.0315868380289 0.161670528668
v -0.178041203799 0.0232697135254 0.16455603322
v -0.178041203799 0.0116673594537 0.172873157724
v -0.178041203799 0.0107623101162 0.17310652183
v -0.178041203799 0.0437106036421 -0.0166478704494
v -0.185914737123 0.044771196724 -0.00346351175437
v -0.178041203799 0.0526447300481 -0.0156358300101
v -0.180585129726 0.0526447300481 0.00186609564262
v -0.180429572476 0.0526447300481 0.00441002156982
v -0.188538096313 0.0421478375339 0.00441002156982
v -0.195503125488 0.0351828083589 0.00800599189983
v -0.186140488613 0.0526447300481 0.017368628775
v -0.186473740332 0.0526447300481 0.0254679135891
v -0.19142112803 0.0526447300481 0.0331458813771
v -0.192720258046 0.0526447300481 0.0465258056083
v -0.195174418363 0.0526447300481 0.0504504830631
v -0.195778002267 0.0526447300481 0.0675836976276
v -0.196748352007 0.0526447300481 0.0699344414385
v -0.194596694759 0.0526447300481 0.0886415896469
v -0.195018745006 0.0526447300481 0.0927219404589
v -0.189844573456 0.0526447300481 0.109699481666
v -0.187175329001 0.0526447300481 0.121623248483
v -0.182594620997 0.0526447300481 0.130757373685
v -0.195940810299 0.0347451235477 0.130757373685
v -0.178041203799 0.0526447300481 0.139347554538
v -0.178041203799 0.045744586554 0.144915122211
v -0.178041203799 0.0432326166857 0.151815265705
v -0.178041203799 0.0358415424161 0.156069970092
v -0.178041203799 0.0568687595574 0.00441002156982
v -0.178041203799 0.0578811613477 0.00964645286936
v -0.178041203799 0.0656560338607 0.0254679135891
v -0.178041203799 0.0705044408999 0.0433276244408
v -0.178041203799 0.0723501695935 0.0465258056083
v -0.179581468804 0.0721623570622 0.0660434326224
v -0.178041203799 0.0737026220674 0.0605675675114
v -0.178237764048 0.0737026220674 0.0673871373787
v -0.178188527695 0.0737026220674 0.0675836976276
v -0.179895231824 0.0718485940421 0.0675836976276
v -0.178041203799 0.0737026220674 0.0694859324751
v -0.178041203799 0.0704596048902 0.0853985724696
v -0.178041203799 0.0714100909872 0.0886415896469
v -0.178041203799 0.0649512409538 0.100948100553
v -0.178041203799 0.0655760762044 0.109699481666
v -0.178041203799 0.0597309683989 0.116785720017
v -0.178041203799 0.057561701885 0.130757373685
v -0.178041203799 0.0549918529697 0.133104496607
v -0.178041203799 0.0738334778542 0.0675836976276
v -0.178041203799 0.0737886711542 0.0676697467144
v -0.156998212286 -0.0737175225739 -0.0166627709559
v -0.15698331178 -0.0737831199577 -0.0167283683397
v -0.15698331178 -0.0737026220674 -0.0225120900302
v -0.157091229755 -0.0737026220674 -0.0167557884251
v -0.157093828238 -0.0737026220674 -0.0166478704494
v -0.156998261412 -0.0737175716994 -0.0166478704494
v -0.15698331178 -0.0737842580727 -0.0166478704494
v -0.157634039235 -0.0743533495228 0.0037592941144
v -0.15698331178 -0.0768340402542 0.00127860338302
v -0.16101515503 -0.0737026220674 0.000378178319778
v -0.160893481353 -0.0737026220674 0.00441002156982
v -0.15756214132 -0.0742814516074 0.00441002156982
v -0.15698331178 -0.0765209919336 0.00441002156982
v -0.159378639935 -0.0760979502225 0.023072585434
v -0.15698331178 -0.0823857306787 0.0167848049777
v -0.16769579191 -0.0737026220674 0.0147554334588
v -0.169140252902 -0.0737026220674 0.0254679135891
v -0.159003020202 -0.0757223304896 0.0254679135891
v -0.15698331178 -0.0818812990865 0.0254679135891
v -0.161476918569 -0.0781962288572 0.0420321988185
v -0.15698331178 -0.086735023575 0.0334934041007
v -0.173353949731 -0.0737026220674 0.0301551676572
v -0.176429020745 -0.0737026220674 0.0465258056083
v -0.160647356937 -0.0773666672251 0.0465258056083
v -0.15698331178 -0.0859430437227 0.0465258056083
v -0.162910250511 -0.0796295607984 0.0616567588966
v -0.15698331178 -0.0888806820227 0.0524056376723
v -0.177142404786 -0.0737026220674 0.0474246046216
v -0.161598511571 -0.078317821859 0.0675836976276
v -0.15698331178 -0.0868079121429 0.0675836976276
v -0.163023696604 -0.079743006892 0.0826012048223
v -0.15698331178 -0.0884960669958 0.0738481447185
v -0.175190828262 -0.0737026220674 0.0886415896469
v -0.161380576174 -0.078099886462 0.0886415896469
v -0.15698331178 -0.0847432761092 0.0886415896469
v -0.161434550964 -0.0781538612513 0.105248242482
v -0.15698331178 -0.0848243608906 0.0985777428429
v -0.175228678913 -0.0737026220674 0.0914541145324
v -0.168082312487 -0.0737026220674 0.109699481666
v -0.159954699973 -0.0766740102604 0.109699481666
v -0.15698331178 -0.0805309740874 0.109699481666
v -0.157816705989 -0.0745360162772 0.129923979476
v -0.15698331178 -0.0759649165755 0.128495079177
v -0.161583785529 -0.0737026220674 0.126156899936
v -0.158706047776 -0.0737026220674 0.130757373685
v -0.157485387254 -0.0742046975415 0.130757373685
v -0.15698331178 -0.0747864512911 0.130757373685
v -0.15698331178 -0.0737026220674 0.133052865662
v -0.158769014429 -0.0544304326973 -0.0394914651179
v -0.15698331178 -0.0602958076512 -0.0453568400717
v -0.15698331178 -0.0526447300481 -0.0479656851424
v -0.163054898158 -0.0526447300481 -0.0437773488471
v -0.174008182232 -0.0526447300481 -0.0377057624687
v -0.159778796889 -0.0554402151572 -0.0377057624687
v -0.15698331178 -0.072013840987 -0.0377057624687
v -0.160063811973 -0.0557252302415 -0.0197283706428
v -0.15698331178 -0.0721809898268 -0.0361841302281
v -0.174363296836 -0.0526447300481 -0.0340278555056
v -0.176572758669 -0.0526447300481 -0.0166478704494
v -0.160127244089 -0.0557886623576 -0.0166478704494
v -0.162332596988 -0.0579940152566 -0.000939263638629
v -0.177257933222 -0.0526447300481 -0.0158645998724
v -0.16218330797 -0.0578447262388 0.00441002156982
v -0.168197111028 -0.0638585292968 0.0142541143404
v -0.169626557863 -0.0652879761319 0.0254679135891
v -0.173894099325 -0.0695555175936 0.0296150180629
v -0.176645027579 -0.0723064458476 0.0465258056083
v -0.177347947337 -0.0730093656057 0.04721906207
v -0.176110874841 -0.0717722931094 0.0886415896469
v -0.176630306785 -0.0722917250537 0.0900524866606
v -0.171833666342 -0.0674950846106 0.109699481666
v -0.17229116635 -0.0679525846187 0.115449519115
v -0.16664958776 -0.0623110060288 0.130757373685
v -0.164613364934 -0.060274783203 0.14418521255
v -0.16882626533 -0.0526447300481 0.151815265705
v -0.160976315068 -0.0566377333364 0.151815265705
v -0.15698331178 -0.0618740547856 0.151815265705
v -0.15698331178 -0.0526447300481 0.163594487054
v -0.161889580058 -0.0364931063074 -0.0636699227665
v -0.15698331178 -0.0381487146574 -0.0653255311164
v -0.15698331178 -0.0315868380289 -0.0670567649238
v -0.162455735021 -0.0315868380289 -0.0642360777296
v -0.170035780668 -0.0315868380289 -0.058763654488
v -0.169095423021 -0.0436989492705 -0.058763654488
v -0.15698331178 -0.0476013852578 -0.058763654488
v -0.172424053436 -0.0470275796857 -0.0531465041255
v -0.15698331178 -0.0498169657955 -0.0559358902353
v -0.173155648854 -0.0315868380289 -0.0538780995428
v -0.177923427821 -0.0315868380289 -0.0377057624687
v -0.17733078776 -0.0519343140089 -0.0377057624687
v -0.177342576048 -0.0519461022972 -0.0370071347178
v -0.177925438087 -0.0315868380289 -0.0375899967567
v -0.177788311458 -0.0523918377077 -0.0166478704494
v -0.177774474754 -0.0523780010034 -0.0163811414047
v -0.172249256173 -0.0468527824227 0.151815265705
v -0.169025132539 -0.0436286587881 0.160831336965
v -0.167240081261 -0.0315868380289 0.172873157724
v -0.161503416993 -0.0361069432422 0.172873157724
v -0.15698331178 -0.043565247528 0.172873157724
v -0.15698331178 -0.0315868380289 0.180341085297
v -0.166758508342 -0.0203041425719 -0.0685388510502
v -0.15698331178 -0.0234972512355 -0.0717319597138
v -0.15698331178 -0.0105289460096 -0.0757162880607
v -0.166787178412 -0.0105289460096 -0.0685675211203
v -0.174180861848 -0.0105289460096 -0.058763654488
v -0.173848996277 -0.0273946305072 -0.058763654488
v -0.175119676195 -0.0286653104251 -0.0558421268842
v -0.175366901636 -0.0105289460096 -0.0560893523251
v -0.177978237146 -0.0315238713756 -0.0377057624687
v -0.177978814055 -0.0315244482851 -0.0376433727249
v -0.170055626501 -0.0236012607309 0.172873157724
v -0.15698331178 -0.0105289460096 0.188469956057
v -0.15698331178 -0.0184551950354 0.186004800717
v -0.176131926281 -0.0105289460096 0.174782435241
v -0.166787178412 0.000725079377276 -0.0685675211203
v -0.15698331178 -0.00642368756314 -0.0757162880607
v -0.15698331178 0.0105289460096 -0.0757162880607
v -0.166787178412 0.0105289460096 -0.0685675211203
v -0.174180861848 0.0105289460096 -0.058763654488
v -0.174180861848 -0.00666860405893 -0.058763654488
v -0.175366901636 -0.00785464384681 -0.0560893523251
v -0.175366901636 0.0105289460096 -0.0560893523251
v -0.176131926281 -0.00861966849219 0.174782435241
v -0.15698331178 0.00506785232361 0.188469956057
v -0.15698331178 0.0105289460096 0.188469956057
v -0.176131926281 0.0105289460096 0.174782435241
v -0.162477931085 0.0260922187231 -0.0642582737937
v -0.15698331178 0.0184052660871 -0.0719452264297
v -0.15698331178 0.0315868380289 -0.0670567649238
v -0.162455735021 0.0315868380289 -0.0642360777296
v -0.170035780668 0.0315868380289 -0.058763654488
v -0.170535166089 0.0180349837195 -0.058763654488
v -0.173527712981 0.0150424368278 -0.0542501636698
v -0.173155648854 0.0315868380289 -0.0538780995428
v -0.177923427821 0.0315868380289 -0.0377057624687
v -0.177925438087 0.0315868380289 -0.0375899967567
v -0.167240081261 0.0315868380289 0.172873157724
v -0.177367069576 0.011203080233 0.173547291947
v -0.15698331178 0.0207729303965 0.183117142111
v -0.15698331178 0.0315868380289 0.180341085297
v -0.15698331178 0.0476013852578 -0.058763654488
v -0.163888267732 0.0457397740957 -0.0446107184211
v -0.15698331178 0.0526447300481 -0.0479656851424
v -0.163054898158 0.0526447300481 -0.0437773488471
v -0.174008182232 0.0526447300481 -0.0377057624687
v -0.177267148044 0.0323608937842 -0.0377057624687
v -0.177347005854 0.0322810359738 -0.0370115645238
v -0.174363296836 0.0526447300481 -0.0340278555056
v -0.176572758669 0.0526447300481 -0.0166478704494
v -0.177257933222 0.0526447300481 -0.0158645998724
v -0.16882626533 0.0526447300481 0.151815265705
v -0.16645942988 0.0431686119477 0.163397039623
v -0.15698331178 0.0468010427385 0.167029470414
v -0.15698331178 0.0526447300481 0.163594487054
v -0.15698331178 0.043565247528 0.172873157724
v -0.15698331178 0.03531489753 0.176601217225
v -0.15698331178 0.072013840987 -0.0377057624687
v -0.159602648305 0.0710832855424 -0.0192672069744
v -0.15698331178 0.0737026220674 -0.0225120900302
v -0.157091229755 0.0737026220674 -0.0167557884251
v -0.157093828238 0.0737026220674 -0.0166478704494
v -0.163010943373 0.0676749904739 -0.0166478704494
v -0.176932893977 0.0537530398697 -0.0155395606279
v -0.16101515503 0.0737026220674 0.000378178319778
v -0.160893481353 0.0737026220674 0.00441002156982
v -0.16769579191 0.0737026220674 0.0147554334588
v -0.169140252902 0.0737026220674 0.0254679135891
v -0.173353949731 0.0737026220674 0.0301551676572
v -0.176429020745 0.0737026220674 0.0465258056083
v -0.177142404786 0.0737026220674 0.0474246046216
v -0.175190828262 0.0737026220674 0.0886415896469
v -0.175228678913 0.0737026220674 0.0914541145324
v -0.168082312487 0.0737026220674 0.109699481666
v -0.161583785529 0.0737026220674 0.126156899936
v -0.158706047776 0.0737026220674 0.130757373685
v -0.171830609219 0.0588553246275 0.136967968265
v -0.15698331178 0.0639768875581 0.142089531195
v -0.15698331178 0.0737026220674 0.133052865662
v -0.15698331178 0.0618740547856 0.151815265705
v -0.15698331178 0.0565193536863 0.155689889343
v -0.15698331178 0.0737842580727 -0.0166478704494
v -0.15698331178 0.0737748681733 -0.0165756243435
v -0.15698331178 0.0765209919336 0.00441002156982
v -0.15698331178 0.076286133848 0.00699353335039
v -0.15698331178 0.0818812990865 0.0254679135891
v -0.15698331178 0.0811119645449 0.0328772560666
v -0.15698331178 0.0859430437227 0.0465258056083
v -0.15698331178 0.0835964063873 0.0564195899282
v -0.177295507655 0.0744483182114 0.0675836976276
v -0.15698331178 0.0868079121429 0.0675836976276
v -0.15698331178 0.0828575240595 0.0767385996197
v -0.177686470571 0.0740573552955 0.0679384308557
v -0.15698331178 0.0847432761092 0.0886415896469
v -0.15698331178 0.0804599036243 0.0953988712037
v -0.15698331178 0.0805309740874 0.109699481666
v -0.15698331178 0.0774479360112 0.11344479561
v -0.15698331178 0.0747864512911 0.130757373685
v -0.15698331178 0.0742457732589 0.131300524877
v -0.136079350028 -0.0949144443543 0.00425609130222
v -0.13592541976 -0.0952458146956 0.00392472096086
v -0.13592541976 -0.0947605140867 -0.00965862108997
v -0.13722098872 -0.0947605140867 0.00311445261011
v -0.137079653535 -0.0947605140867 0.00441002156982
v -0.136062582383 -0.0948976767097 0.00441002156982
v -0.13592541976 -0.0951782190701 0.00441002156982
v -0.136802688864 -0.0956377831907 0.024590644485
v -0.13592541976 -0.0972518216819 0.0229766059939
v -0.141773604033 -0.0947605140867 0.0196197293166
v -0.141361516337 -0.0947605140867 0.0254679135891
v -0.13664885281 -0.0954839471364 0.0254679135891
v -0.13592541976 -0.0967545937568 0.0254679135891
v -0.137672443703 -0.0965075380297 0.0447787816653
v -0.13592541976 -0.0991848588708 0.0421014608242
v -0.145811343398 -0.0947605140867 0.036639881971
v -0.144994499468 -0.0947605140867 0.0465258056083
v -0.137285615702 -0.0961207100284 0.0465258056083
v -0.13592541976 -0.0981120174887 0.0465258056083
v -0.138053822831 -0.0968889171576 0.0654552945567
v -0.13592541976 -0.0997216138208 0.0626225978934
v -0.147547636731 -0.0947605140867 0.0559614806574
v -0.145194923526 -0.0947605140867 0.0675836976276
v -0.137491175409 -0.0963262697358 0.0675836976276
v -0.13592541976 -0.0982419136243 0.0675836976276
v -0.137409820228 -0.0962449145547 0.0871571891788
v -0.13592541976 -0.0980779636929 0.0853241400406
v -0.14489753516 -0.0947605140867 0.0796694742467
v -0.141344117248 -0.0947605140867 0.0886415896469
v -0.13694840813 -0.0957835024568 0.0886415896469
v -0.13592541976 -0.0968522009446 0.0886415896469
v -0.13592541976 -0.0947605140867 0.102585635901
v -0.13765830888 -0.0754355111866 -0.0394386515879
v -0.13592541976 -0.0816042667933 -0.0456074071946
v -0.13592541976 -0.0737026220674 -0.0518823920864
v -0.144372289862 -0.0737026220674 -0.0461526325706
v -0.155527150241 -0.0737026220674 -0.0377057624687
v -0.138411043066 -0.0761882453726 -0.0377057624687
v -0.13592541976 -0.0896616295763 -0.0377057624687
v -0.138580362645 -0.0763575649518 -0.0193028133339
v -0.13592541976 -0.0899460360833 -0.0328912844653
v -0.155625657461 -0.0737026220674 -0.0363481081499
v -0.13861323568 -0.0763904379871 -0.0166478704494
v -0.13592541976 -0.0909265754964 -0.0166478704494
v -0.139719606209 -0.0774968085163 0.00061583512093
v -0.13592541976 -0.0920427127551 -0.0139300691179
v -0.139352969225 -0.0771301715323 0.00441002156982
v -0.143792556838 -0.0815697591451 0.0176007765114
v -0.143307251144 -0.081084453451 0.0254679135891
v -0.148397037702 -0.0861742400086 0.0340541876671
v -0.147589606756 -0.0853668090634 0.0465258056083
v -0.151108369857 -0.0888855721641 0.0524007475309
v -0.149036421274 -0.0868136235807 0.0675836976276
v -0.151367941361 -0.0891451436678 0.0731990680465
v -0.147761600222 -0.0855388025286 0.0886415896469
v -0.149216308476 -0.0869935107831 0.0964085929504
v -0.144836536779 -0.0826137390862 0.109699481666
v -0.13592541976 -0.0927889207623 0.109699481666
v -0.144586193862 -0.0823633961688 0.122096599584
v -0.13592541976 -0.0926997907781 0.111760204975
v -0.140969059748 -0.0787462620552 0.130757373685
v -0.13592541976 -0.0837196167334 0.130757373685
v -0.137064167142 -0.0748413694489 0.150676518323
v -0.13592541976 -0.0766801716837 0.148837716088
v -0.138329834837 -0.0737026220674 0.151815265705
v -0.136496876499 -0.0742740788059 0.151815265705
v -0.13592541976 -0.074786181541 0.151815265705
v -0.13592541976 -0.0737026220674 0.153472471806
v -0.136110423984 -0.0528297342721 -0.0800065507311
v -0.13592541976 -0.0529253439284 -0.0801021603875
v -0.13592541976 -0.0526447300481 -0.0801433838625
v -0.136141030457 -0.0526447300481 -0.0800371572041
v -0.136513008038 -0.0526447300481 -0.0798215465072
v -0.136453016998 -0.0531723272854 -0.0798215465072
v -0.13592541976 -0.0534118095951 -0.0798215465072
v -0.147093170223 -0.0638124805108 -0.0699314049506
v -0.13592541976 -0.0657894056818 -0.0719083301217
v -0.147670853301 -0.0526447300481 -0.0705090880289
v -0.15484491515 -0.0526447300481 -0.058763654488
v -0.15364816666 -0.0703674769481 -0.058763654488
v -0.13592541976 -0.0724885363748 -0.058763654488
v -0.154572884375 -0.0712921946624 -0.0563532270829
v -0.13592541976 -0.0728533411011 -0.0579143735216
v -0.155466220757 -0.0526447300481 -0.0572465634655
v -0.156848736444 -0.0735680467321 -0.0377057624687
v -0.156849619058 -0.073568929346 -0.0375720697473
v -0.147596115151 -0.0643154254387 0.151815265705
v -0.142709538119 -0.0594288484064 0.166089039366
v -0.145108333134 -0.0526447300481 0.172873157724
v -0.138468499054 -0.0551878093415 0.172873157724
v -0.13592541976 -0.0576886083326 0.172873157724
v -0.13592541976 -0.0526447300481 0.177446303265
v -0.144357077039 -0.0400184953074 -0.0882532037857
v -0.13592541976 -0.0421257768215 -0.0903604852998
v -0.13592541976 -0.0315868380289 -0.0943827761267
v -0.14449473072 -0.0315868380289 -0.0883908574668
v -0.151228883086 -0.0315868380289 -0.0798215465072
v -0.149602208683 -0.0452636269513 -0.0798215465072
v -0.152558651593 -0.0482200698616 -0.0753968863207
v -0.153690634915 -0.0315868380289 -0.0765288696429
v -0.156213938606 -0.0518753568747 -0.058763654488
v -0.156365113195 -0.0520265314635 -0.0581454559033
v -0.150584247136 -0.0462456654047 0.172873157724
v -0.13592541976 -0.0315868380289 0.193109106283
v -0.13592541976 -0.0338484838095 0.191669403963
v -0.137312749888 -0.0315868380289 0.192543719616
v -0.136429068698 -0.0110325949476 -0.101383087464
v -0.13592541976 -0.0112412789404 -0.101591771457
v -0.13592541976 -0.0105289460096 -0.101675476193
v -0.13643168937 -0.0105289460096 -0.101385708136
v -0.13705592221 -0.0105289460096 -0.100879438526
v -0.13698684179 -0.0115903680392 -0.100879438526
v -0.13592541976 -0.0136405501283 -0.100879438526
v -0.147603074831 -0.0222066010802 -0.0914992015778
v -0.13592541976 -0.0274305077092 -0.0967231082068
v -0.147947686759 -0.0105289460096 -0.0918438135058
v -0.155415221403 -0.0105289460096 -0.0798215465072
v -0.153368217678 -0.0279717439274 -0.0798215465072
v -0.154688545414 -0.0292920716628 -0.0775267801412
v -0.156028839243 -0.0105289460096 -0.0788670739705
v -0.14781406114 -0.0105289460096 0.193931049743
v -0.1422581285 -0.0168616547489 0.193931049743
v -0.13592541976 -0.0298460053244 0.193931049743
v -0.13592541976 -0.0105289460096 0.198293971916
v -0.13643168937 0.0100226763999 -0.101385708136
v -0.13592541976 0.00973290834344 -0.101675476193
v -0.13592541976 0.0105289460096 -0.101675476193
v -0.13643168937 0.0105289460096 -0.101385708136
v -0.13705592221 0.0105289460096 -0.100879438526
v -0.13705592221 0.00939844355971 -0.100879438526
v -0.147947686759 -0.001493320989 -0.0918438135058
v -0.147947686759 0.0105289460096 -0.0918438135058
v -0.155415221403 0.0105289460096 -0.0798215465072
v -0.155415221403 -0.00896085563352 -0.0798215465072
v -0.156028839243 -0.00957447347289 -0.0788670739705
v -0.156028839243 0.0105289460096 -0.0788670739705
v -0.14781406114 0.0105289460096 0.193931049743
v -0.14781406114 -0.00135969536979 0.193931049743
v -0.13592541976 0.0105289460096 0.198293971916
v -0.13592541976 -0.00616602383708 0.198293971916
v -0.13592541976 0.0136405501283 -0.100879438526
v -0.144834737578 0.0226775202117 -0.0887308643244
v -0.13592541976 0.0315868380289 -0.0943827761267
v -0.14449473072 0.0315868380289 -0.0883908574668
v -0.151228883086 0.0315868380289 -0.0798215465072
v -0.154300975728 0.0132112820615 -0.0798215465072
v -0.155569867545 0.0119423902443 -0.0784081022726
v -0.153690634915 0.0315868380289 -0.0765288696429
v -0.136753093443 0.030759164346 0.19310337606
v -0.13592541976 0.0309288172053 0.19327302892
v -0.13592541976 0.0315868380289 0.193109106283
v -0.137312749888 0.0315868380289 0.192543719616
v -0.13592541976 0.0298460053244 0.193931049743
v -0.13592541976 0.013685869314 0.197087973047
v -0.136146903389 0.0524232464196 -0.0800430301358
v -0.13592541976 0.0519381110727 -0.0805281654827
v -0.13592541976 0.0526447300481 -0.0801433838625
v -0.136141030457 0.0526447300481 -0.0800371572041
v -0.136513008038 0.0526447300481 -0.0798215465072
v -0.136758631062 0.0518115187468 -0.0798215465072
v -0.149489964299 0.0390801855096 -0.0723281990265
v -0.147670853301 0.0526447300481 -0.0705090880289
v -0.15484491515 0.0526447300481 -0.058763654488
v -0.155466220757 0.0526447300481 -0.0572465634655
v -0.145108333134 0.0526447300481 0.172873157724
v -0.150218571113 0.0383515786957 0.179637898391
v -0.13592541976 0.0410859118963 0.182372231591
v -0.13592541976 0.0526447300481 0.177446303265
v -0.13592541976 0.0534118095951 -0.0798215465072
v -0.13592541976 0.0583540822764 -0.0741121942789
v -0.13592541976 0.0724885363748 -0.058763654488
v -0.147027776029 0.0626002657985 -0.0488081187376
v -0.13592541976 0.0737026220674 -0.0518823920864
v -0.144372289862 0.0737026220674 -0.0461526325706
v -0.155527150241 0.0737026220674 -0.0377057624687
v -0.155625657461 0.0737026220674 -0.0363481081499
v -0.138329834837 0.0737026220674 0.151815265705
v -0.14980607209 0.0598219697374 0.158992505394
v -0.13592541976 0.0621570453998 0.161327581056
v -0.13592541976 0.0737026220674 0.153472471806
v -0.13592541976 0.0576886083326 0.172873157724
v -0.13592541976 0.05448708121 0.174715508886
v -0.13592541976 0.0896616295763 -0.0377057624687
v -0.13592541976 0.0906855613952 -0.0207228231409
v -0.154735575824 0.0759503580227 -0.0166478704494
v -0.13592541976 0.0909265754964 -0.0166478704494
v -0.13592541976 0.0947605140867 -0.00965862108997
v -0.13722098872 0.0947605140867 0.00311445261011
v -0.137079653535 0.0947605140867 0.00441002156982
v -0.141773604033 0.0947605140867 0.0196197293166
v -0.141361516337 0.0947605140867 0.0254679135891
v -0.145811343398 0.0947605140867 0.036639881971
v -0.144994499468 0.0947605140867 0.0465258056083
v -0.147547636731 0.0947605140867 0.0559614806574
v -0.145194923526 0.0947605140867 0.0675836976276
v -0.14489753516 0.0947605140867 0.0796694742467
v -0.141344117248 0.0947605140867 0.0886415896469
v -0.138835896438 0.0918500374087 0.106789004988
v -0.13592541976 0.0922114795382 0.107150447118
v -0.13592541976 0.0947605140867 0.102585635901
v -0.13879737358 0.0918885602668 0.109699481666
v -0.13592541976 0.0927889207623 0.109699481666
v -0.13592541976 0.0839766731949 0.119973532794
v -0.148898553637 0.0817873802096 0.117784239808
v -0.154136686785 0.0765492470621 0.130757373685
v -0.13592541976 0.0837196167334 0.130757373685
v -0.13592541976 0.0785478617145 0.135602613333
v -0.155952146708 0.074733787139 0.131788538757
v -0.13592541976 0.074786181541 0.151815265705
v -0.13592541976 0.0741876659983 0.152300309636
v -0.13592541976 0.0951782190701 0.00441002156982
v -0.13592541976 0.0950875612938 0.00473706877699
v -0.13592541976 0.0967545937568 0.0254679135891
v -0.13592541976 0.0962193720295 0.0269267715319
v -0.13592541976 0.0981120174887 0.0465258056083
v -0.13592541976 0.0970442840016 0.0488095755233
v -0.13592541976 0.0982419136243 0.0675836976276
v -0.13592541976 0.0969630941868 0.0697862777278
v -0.13592541976 0.0968522009446 0.0886415896469
v -0.13592541976 0.0959927538515 0.0898738294117
v -0.114921128829 -0.0948141151743 -0.0377593635563
v -0.114867527741 -0.0949658307312 -0.0379110791132
v -0.114867527741 -0.0947605140867 -0.0393915815057
v -0.115676548841 -0.0947605140867 -0.0385147835688
v -0.118496438391 -0.0947605140867 -0.0377057624687
v -0.114935455772 -0.094828442118 -0.0377057624687
v -0.114867527741 -0.0950790329495 -0.0377057624687
v -0.114994440819 -0.0948874271646 -0.0167747835274
v -0.114867527741 -0.0953495115456 -0.0172368679083
v -0.120777023528 -0.0947605140867 -0.0225573662367
v -0.122066524378 -0.0947605140867 -0.0166478704494
v -0.114994943352 -0.0948879296973 -0.0166478704494
v -0.114867527741 -0.0953575674968 -0.0166478704494
v -0.115663852185 -0.0955568385302 0.00361369712628
v -0.114867527741 -0.0980987596732 0.00107177598326
v -0.131088575786 -0.0947605140867 -0.0118110264748
v -0.115554381626 -0.0954473679713 0.00441002156982
v -0.114867527741 -0.0976143587077 0.00441002156982
v -0.117648438534 -0.0975414248792 0.0226870027965
v -0.114867527741 -0.10348543472 0.0167429929557
v -0.117100361257 -0.0969933476021 0.0254679135891
v -0.114867527741 -0.102212686874 0.0254679135891
v -0.119929009104 -0.0998219954497 0.0414643242453
v -0.114867527741 -0.107262307076 0.0340240126187
v -0.11873761745 -0.0986306037958 0.0465258056083
v -0.114867527741 -0.105016049898 0.0465258056083
v -0.121192433193 -0.101085419539 0.0612587921752
v -0.114867527741 -0.10832475943 0.0540194522842
v -0.119421031614 -0.09931401796 0.0675836976276
v -0.114867527741 -0.104826623739 0.0675836976276
v -0.1207868299 -0.100679816246 0.0827222874877
v -0.114867527741 -0.106654327805 0.0767477759284
v -0.118813545255 -0.0987065316008 0.0886415896469
v -0.114867527741 -0.102458983914 0.0886415896469
v -0.118468491427 -0.0983614777721 0.106098517981
v -0.114867527741 -0.101923148995 0.102536846758
v -0.131412586764 -0.0947605140867 0.109699481666
v -0.117060609695 -0.0969535960405 0.109699481666
v -0.114867527741 -0.0987000118131 0.109699481666
v -0.114867527741 -0.0947605140867 0.125571626125
v -0.115220752316 -0.0740558466428 -0.0801747710826
v -0.114867527741 -0.0743530920147 -0.0804720164545
v -0.114867527741 -0.0737026220674 -0.0805875289806
v -0.115369701469 -0.0737026220674 -0.0803237202349
v -0.116215342268 -0.0737026220674 -0.0798215465072
v -0.115840492165 -0.0746755864909 -0.0798215465072
v -0.114867527741 -0.0754394656984 -0.0798215465072
v -0.125224596284 -0.0840596906106 -0.0691207230312
v -0.114867527741 -0.0872292647589 -0.0722902971794
v -0.127026206401 -0.0737026220674 -0.0709223331475
v -0.134467474171 -0.0737026220674 -0.058763654488
v -0.131644638735 -0.0904797330616 -0.058763654488
v -0.114867527741 -0.0925523328936 -0.058763654488
v -0.132800366477 -0.0916354608036 -0.0556386012049
v -0.114867527741 -0.0932005286356 -0.0572036690369
v -0.134907338159 -0.0737026220674 -0.0577455728865
v -0.135244034274 -0.0940791286004 -0.0377057624687
v -0.135247911575 -0.094083005901 -0.037028254283
v -0.13541250146 -0.0942475957862 -0.0166478704494
v -0.135316003537 -0.0941510978629 -0.0160384542257
v -0.133789341692 -0.0926244360188 0.109699481666
v -0.134084259135 -0.0929193534609 0.111540642292
v -0.125537706169 -0.0843728004953 0.130757373685
v -0.114867527741 -0.0925926162764 0.130757373685
v -0.12349421341 -0.0823293077367 0.143188580035
v -0.114867527741 -0.0917027523188 0.133815135453
v -0.118785545875 -0.0776206402015 0.151815265705
v -0.114867527741 -0.0803919411849 0.151815265705
v -0.114867527741 -0.0737026220674 0.162266978562
v -0.131934249337 -0.0737026220674 0.155806436128
v -0.116291913351 -0.0540691156584 -0.102303824137
v -0.114867527741 -0.0545982650229 -0.102832973501
v -0.114867527741 -0.0526447300481 -0.103244438827
v -0.116344127542 -0.0526447300481 -0.102356038328
v -0.118092876266 -0.0526447300481 -0.100879438526
v -0.117731106888 -0.0555083091949 -0.100879438526
v -0.114867527741 -0.0567640453266 -0.100879438526
v -0.127210629231 -0.0649878315382 -0.0921646479973
v -0.114867527741 -0.067098248298 -0.0942750647571
v -0.127911411947 -0.0526447300481 -0.0928654307133
v -0.13168372061 -0.0694609229171 -0.0798215465072
v -0.133166879471 -0.0709440817785 -0.0770630062183
v -0.135607676255 -0.0733848785623 -0.058763654488
v -0.135662471915 -0.0734396742224 -0.058500706643
v -0.122256889267 -0.0600340915743 0.172873157724
v -0.114867527741 -0.0652117011314 0.172873157724
v -0.114867527741 -0.0526447300481 0.184030041025
v -0.127579714716 -0.0526447300481 0.181218862769
v -0.123745830873 -0.0404651411611 -0.109757741659
v -0.114867527741 -0.0431720437261 -0.112464644224
v -0.114867527741 -0.0315868380289 -0.116664396728
v -0.124160029573 -0.0315868380289 -0.110171940358
v -0.131637790446 -0.0315868380289 -0.100879438526
v -0.128263529195 -0.0449828394829 -0.100879438526
v -0.131622561882 -0.0483418721702 -0.0965765806485
v -0.133756978681 -0.0315868380289 -0.0987109974471
v -0.13362478684 -0.0315868380289 0.193931049743
v -0.119372424559 -0.0360917348471 0.193931049743
v -0.114867527741 -0.039836167642 0.193931049743
v -0.114867527741 -0.0315868380289 0.197595280714
v -0.115509435658 -0.0111708539267 -0.122579238463
v -0.114867527741 -0.0114861061201 -0.122894490656
v -0.114867527741 -0.0105289460096 -0.123005796038
v -0.115517323913 -0.0105289460096 -0.122587126717
v -0.116230258135 -0.0105289460096 -0.121937330546
v -0.116090561539 -0.0117519798075 -0.121937330546
v -0.114867527741 -0.0145180610231 -0.121937330546
v -0.126861815138 -0.0225232334064 -0.112873725923
v -0.114867527741 -0.0280863942752 -0.118436886792
v -0.127451279959 -0.0105289460096 -0.113463190744
v -0.133137567917 -0.0287989861851 -0.100879438526
v -0.134342332445 -0.0300037507136 -0.0992963512112
v -0.134725051929 -0.0303864701972 0.193931049743
v -0.114867527741 -0.0105289460096 0.202709114633
v -0.114867527741 -0.0261008061764 0.199417081596
v -0.129100735678 -0.0105289460096 0.200755733826
v -0.115517323913 0.00987914983796 -0.122587126717
v -0.114867527741 0.00946048051692 -0.123005796038
v -0.114867527741 0.0105289460096 -0.123005796038
v -0.115517323913 0.0105289460096 -0.122587126717
v -0.116230258135 0.0105289460096 -0.121937330546
v -0.116230258135 0.00916621561552 -0.121937330546
v -0.127451279959 -0.00205480620837 -0.113463190744
v -0.127451279959 0.0105289460096 -0.113463190744
v -0.129100735678 -0.00370426192709 0.200755733826
v -0.114867527741 -0.00175088112009 0.202709114633
v -0.114867527741 0.0105289460096 0.202709114633
v -0.129100735678 0.0105289460096 0.200755733826
v -0.114867527741 0.0145180610231 -0.121937330546
v -0.124761661527 0.0216927042432 -0.110773572312
v -0.114867527741 0.0315868380289 -0.116664396728
v -0.124160029573 0.0315868380289 -0.110171940358
v -0.131637790446 0.0315868380289 -0.100879438526
v -0.133756978681 0.0315868380289 -0.0987109974471
v -0.13362478684 0.0315868380289 0.193931049743
v -0.131233122139 0.0152212436311 0.198623347365
v -0.114867527741 0.0168346846047 0.200236788338
v -0.114867527741 0.0315868380289 0.197595280714
v -0.116458110823 0.0510541469659 -0.102470021609
v -0.114867527741 0.0476654742085 -0.105858694366
v -0.114867527741 0.0526447300481 -0.103244438827
v -0.116344127542 0.0526447300481 -0.102356038328
v -0.118092876266 0.0526447300481 -0.100879438526
v -0.120933535608 0.0465787221814 -0.100879438526
v -0.131388221847 0.0361240359422 -0.0963422406132
v -0.127911411947 0.0526447300481 -0.0928654307133
v -0.122018369651 0.0454938881387 0.186780207834
v -0.114867527741 0.0454897703397 0.186776090035
v -0.114867527741 0.0526447300481 0.184030041025
v -0.127579714716 0.0526447300481 0.181218862769
v -0.114867527741 0.039836167642 0.193931049743
v -0.114867527741 0.0336466807333 0.195990892448
v -0.114867527741 0.0567640453266 -0.100879438526
v -0.115442572286 0.0731275775226 -0.080396591052
v -0.114867527741 0.0737026220674 -0.0805875289806
v -0.115369701469 0.0737026220674 -0.0803237202349
v -0.116215342268 0.0737026220674 -0.0798215465072
v -0.127026206401 0.0737026220674 -0.0709223331475
v -0.134467474171 0.0737026220674 -0.058763654488
v -0.134907338159 0.0737026220674 -0.0577455728865
v -0.121335741614 0.0672344081947 0.166404943851
v -0.114867527741 0.0671039005227 0.166274436179
v -0.114867527741 0.0737026220674 0.162266978562
v -0.131934249337 0.0737026220674 0.155806436128
v -0.126175031956 0.0623951178527 0.172873157724
v -0.114867527741 0.0652117011314 0.172873157724
v -0.114867527741 0.0569608059528 0.177189233629
v -0.133175576836 0.0553945729722 0.175623000648
v -0.114867527741 0.0754394656984 -0.0798215465072
v -0.114867527741 0.0800062907423 -0.0735178778324
v -0.114867527741 0.0925523328936 -0.058763654488
v -0.117405657634 0.0922223841939 -0.0402438923615
v -0.114867527741 0.0947605140867 -0.0393915815057
v -0.115676548841 0.0947605140867 -0.0385147835688
v -0.118496438391 0.0947605140867 -0.0377057624687
v -0.120777023528 0.0947605140867 -0.0225573662367
v -0.122066524378 0.0947605140867 -0.0166478704494
v -0.131088575786 0.0947605140867 -0.0118110264748
v -0.131412586764 0.0947605140867 0.109699481666
v -0.117186212277 0.0924418295505 0.128438689149
v -0.114867527741 0.0922521934312 0.12824905303
v -0.114867527741 0.0947605140867 0.125571626125
v -0.117289042498 0.0923389993293 0.130757373685
v -0.114867527741 0.0925926162764 0.130757373685
v -0.114867527741 0.0822936662696 0.139348417888
v -0.127957905719 0.0816701361084 0.138724887726
v -0.133830374228 0.0757976675994 0.151815265705
v -0.114867527741 0.0803919411849 0.151815265705
v -0.114867527741 0.0765380184498 0.154650662087
v -0.13517553439 0.0744525074374 0.152565151075
v -0.114867527741 0.0950790329495 -0.0377057624687
v -0.114867527741 0.0950834478234 -0.037382828732
v -0.114867527741 0.0953575674968 -0.0166478704494
v -0.114867527741 0.0952597250757 -0.0161486594604
v -0.134114384097 0.0965715497501 0.00441002156982
v -0.114867527741 0.0976143587077 0.00441002156982
v -0.114867527741 0.097039774552 0.00668928203513
v -0.134495504249 0.0961904295979 0.00583993708104
v -0.129066762569 0.101619171278 0.0254679135891
v -0.114867527741 0.102212686874 0.0254679135891
v -0.114867527741 0.100287623976 0.0309950234783
v -0.130895191099 0.0997907427482 0.0304981422506
v -0.126578819698 0.104107114149 0.0465258056083
v -0.114867527741 0.105016049898 0.0465258056083
v -0.114867527741 0.10159317963 0.0533584711513
v -0.129868424976 0.100817508871 0.0525828003922
v -0.127572449864 0.103113483983 0.0675836976276
v -0.114867527741 0.104826623739 0.0675836976276
v -0.114867527741 0.100847736378 0.0736709199188
v -0.131167304472 0.0995186293745 0.0723418129155
v -0.131375815932 0.0993101179149 0.0886415896469
v -0.114867527741 0.102458983914 0.0886415896469
v -0.114867527741 0.0990694977247 0.0929505732849
v -0.133618337086 0.0970675967611 0.0909486723213
v -0.114867527741 0.0987000118131 0.109699481666
v -0.114867527741 0.0968317609802 0.11177072856
v -0.0939834855482 -0.115992255932 0.0252940637627
v -0.0938096357218 -0.116176121681 0.0251101980138
v -0.0938096357218 -0.115818406106 0.00773559194383
v -0.0962096734807 -0.115818406106 0.0230678758302
v -0.0957168846942 -0.115818406106 0.0254679135891
v -0.0939495189141 -0.115958289298 0.0254679135891
v -0.0938096357218 -0.116091770316 0.0254679135891
v -0.0940838807761 -0.11609265116 0.0462515605541
v -0.0938096357218 -0.116351079658 0.045993132056
v -0.0972681741102 -0.115818406106 0.04306726722
v -0.0961939659577 -0.115818406106 0.0465258056083
v -0.0940139626574 -0.116022733042 0.0465258056083
v -0.0938096357218 -0.116190145968 0.0465258056083
v -0.0938096357218 -0.115818406106 0.0573866291034
v -0.095426107642 -0.0963769860068 -0.0603801264081
v -0.0938096357218 -0.0990319403815 -0.0630350807828
v -0.0938096357218 -0.0947605140867 -0.066689503512
v -0.0989594180676 -0.0947605140867 -0.0639134368337
v -0.106572349302 -0.0947605140867 -0.058763654488
v -0.0969318621117 -0.0978827404765 -0.058763654488
v -0.0938096357218 -0.104906877505 -0.058763654488
v -0.0997042266162 -0.100655104981 -0.0436003533631
v -0.0938096357218 -0.108973712817 -0.0519189611988
v -0.110120289216 -0.0947605140867 -0.0540164159633
v -0.101758504359 -0.102709382724 -0.0377057624687
v -0.0938096357218 -0.113251721414 -0.0377057624687
v -0.10183389971 -0.102784778075 -0.0246721344376
v -0.0938096357218 -0.113285801957 -0.03517315832
v -0.101903438511 -0.102854316876 -0.0166478704494
v -0.0938096357218 -0.11354771648 -0.0166478704494
v -0.101102210796 -0.10205308916 -0.00288255350393
v -0.0938096357218 -0.113193005317 -0.0140224696608
v -0.100252649187 -0.101203527552 0.00441002156982
v -0.0938096357218 -0.114725859624 0.00441002156982
v -0.101710699747 -0.102661578112 0.0175668495641
v -0.0938096357218 -0.115005140685 0.00522328699069
v -0.100493005111 -0.101443883475 0.0254679135891
v -0.10456631564 -0.105517194005 0.03576912569
v -0.102321673173 -0.103272551538 0.0465258056083
v -0.106193573327 -0.107144451692 0.0551997600221
v -0.102641095284 -0.103591973649 0.0675836976276
v -0.0938096357218 -0.114187199703 0.0675836976276
v -0.105267794093 -0.106218672458 0.0771834312755
v -0.0938096357218 -0.114800105143 0.0686019985906
v -0.101103806218 -0.102054684583 0.0886415896469
v -0.0938096357218 -0.10808890889 0.0886415896469
v -0.101923931616 -0.102874809981 0.101585185772
v -0.0938096357218 -0.108890957282 0.0955690384711
v -0.0984144708691 -0.099365349234 0.109699481666
v -0.0938096357218 -0.102377085045 0.109699481666
v -0.0961861263624 -0.0971370047272 0.128380883045
v -0.0938096357218 -0.0990733529838 0.126444534788
v -0.107044821996 -0.0947605140867 0.130757373685
v -0.0950072521258 -0.0959581304906 0.130757373685
v -0.0938096357218 -0.0966331059661 0.130757373685
v -0.0938096357218 -0.0947605140867 0.1351813108
v -0.0943766794679 -0.0742696658135 -0.101446482273
v -0.0938096357218 -0.0746048106853 -0.101781627144
v -0.0938096357218 -0.0737026220674 -0.101948442873
v -0.0944653158154 -0.0737026220674 -0.10153511862
v -0.0953048466777 -0.0737026220674 -0.100879438526
v -0.0950862828986 -0.0749792692442 -0.100879438526
v -0.0938096357218 -0.0755485389773 -0.100879438526
v -0.105627834315 -0.0855208206608 -0.0916397451006
v -0.0938096357218 -0.0875097172739 -0.0936286417137
v -0.106493887403 -0.0737026220674 -0.0925057981882
v -0.110296998192 -0.0901899845377 -0.0798215465072
v -0.0938096357218 -0.092034767771 -0.0798215465072
v -0.111993964167 -0.0918869505128 -0.0769479829334
v -0.0938096357218 -0.09311514853 -0.0781761809506
v -0.114189907272 -0.0940828936175 -0.058763654488
v -0.11431472024 -0.0942077065854 -0.0582108469867
v -0.112315245091 -0.0922082314367 0.130757373685
v -0.111951460802 -0.0918444471476 0.133673440624
v -0.10075381621 -0.080646802556 0.151815265705
v -0.0938096357218 -0.0841142796058 0.151815265705
v -0.0938096357218 -0.0737026220674 0.167822358546
v -0.0990757487765 -0.0737026220674 0.167607044669
v -0.0943657085313 -0.0532008028576 -0.122493403355
v -0.0938096357218 -0.053454455925 -0.122747056423
v -0.0938096357218 -0.0526447300481 -0.122902723808
v -0.0943848380411 -0.0526447300481 -0.122512532865
v -0.0950350308905 -0.0526447300481 -0.121937330546
v -0.0948112118957 -0.0536463062221 -0.121937330546
v -0.0938096357218 -0.0542604074704 -0.121937330546
v -0.105566448545 -0.0644015428711 -0.112636251349
v -0.0938096357218 -0.066917306852 -0.11515201533
v -0.106654453592 -0.0526447300481 -0.113724256396
v -0.109611181543 -0.0684462758691 -0.100879438526
v -0.11176991611 -0.0706050104362 -0.0977818268953
v -0.1059933444 -0.0648284387263 0.172873157724
v -0.0938096357218 -0.0696357842853 0.172873157724
v -0.0938096357218 -0.0526447300481 0.187031820466
v -0.100365005257 -0.0526447300481 0.187375680208
v -0.101713280828 -0.0394904831349 -0.129840975652
v -0.0938096357218 -0.0422612146678 -0.132611707185
v -0.0938096357218 -0.0315868380289 -0.135842941778
v -0.102176729049 -0.0315868380289 -0.130304423873
v -0.109896166669 -0.0315868380289 -0.121937330546
v -0.105798610033 -0.0435758123397 -0.121937330546
v -0.11022456807 -0.0480017703774 -0.117294370875
v -0.112686212067 -0.0315868380289 -0.119756014872
v -0.102311006645 -0.0400882089521 0.193931049743
v -0.0938096357218 -0.0436040492163 0.193931049743
v -0.0938096357218 -0.0315868380289 0.198844687519
v -0.110139615302 -0.0315868380289 0.198658962182
v -0.104938439861 -0.0216577501485 -0.133066134685
v -0.0938096357218 -0.0266955798431 -0.138103964379
v -0.0938096357218 -0.0105289460096 -0.141525248271
v -0.105542173111 -0.0105289460096 -0.133669867935
v -0.111628343647 -0.0283476539352 -0.121937330546
v -0.113242668731 -0.0299619790187 -0.120312471536
v -0.107813893064 -0.0245332033521 0.20098468442
v -0.0938096357218 -0.024296902018 0.201220985754
v -0.0938096357218 -0.0105289460096 0.203833560765
v -0.104224136326 -0.0105289460096 0.204574441158
v -0.105542173111 -0.00120359137954 -0.133669867935
v -0.0938096357218 -0.00905897171589 -0.141525248271
v -0.0938096357218 0.0105289460096 -0.141525248271
v -0.105542173111 0.0105289460096 -0.133669867935
v -0.104224136326 0.000114445405465 0.204574441158
v -0.0938096357218 -0.000626434987774 0.203833560765
v -0.0938096357218 0.0105289460096 0.203833560765
v -0.104224136326 0.0105289460096 0.204574441158
v -0.102765781406 0.0226306923444 -0.13089347623
v -0.0938096357218 0.0129115032888 -0.140612665286
v -0.0938096357218 0.0315868380289 -0.135842941778
v -0.102176729049 0.0315868380289 -0.130304423873
v -0.109896166669 0.0315868380289 -0.121937330546
v -0.112686212067 0.0315868380289 -0.119756014872
v -0.107074849544 0.0183216242064 0.20172372794
v -0.0938096357218 0.0176436183055 0.201045722039
v -0.0938096357218 0.0315868380289 0.198844687519
v -0.110139615302 0.0315868380289 0.198658962182
v -0.0944391305306 0.0520152352394 -0.122566825354
v -0.0938096357218 0.0508906077955 -0.123691452798
v -0.0938096357218 0.0526447300481 -0.122902723808
v -0.0943848380411 0.0526447300481 -0.122512532865
v -0.0950350308905 0.0526447300481 -0.121937330546
v -0.0965759994735 0.0498783662965 -0.121937330546
v -0.11050599568 0.0359483700896 -0.117575798485
v -0.106654453592 0.0526447300481 -0.113724256396
v -0.0981831286801 0.0482712370899 0.189557556785
v -0.0938096357218 0.0474282482152 0.18871456791
v -0.0938096357218 0.0526447300481 0.187031820466
v -0.100365005257 0.0526447300481 0.187375680208
v -0.103108982043 0.043345383727 0.193931049743
v -0.0938096357218 0.0436040492163 0.193931049743
v -0.0938096357218 0.0343447208173 0.196688932532
v -0.112227213375 0.0342271523955 0.19657136411
v -0.0938096357218 0.0542604074704 -0.121937330546
v -0.09461494215 0.0728973156392 -0.101684744955
v -0.0938096357218 0.0737026220674 -0.101948442873
v -0.0944653158154 0.0737026220674 -0.10153511862
v -0.0953048466777 0.0737026220674 -0.100879438526
v -0.106493887403 0.0737026220674 -0.0925057981882
v -0.0965558377523 0.0709564200369 0.170126955693
v -0.0938096357218 0.0703281706212 0.169498706278
v -0.0938096357218 0.0737026220674 0.167822358546
v -0.0990757487765 0.0737026220674 0.167607044669
v -0.0976356343704 0.0698766234188 0.172873157724
v -0.0938096357218 0.0696357842853 0.172873157724
v -0.0938096357218 0.0579892157576 0.178217643433
v -0.109217955441 0.0582943023479 0.178522730024
v -0.0938096357218 0.0755485389773 -0.100879438526
v -0.0938096357218 0.0790380753944 -0.0955439851995
v -0.111844833949 0.0767253158596 -0.0798215465072
v -0.0938096357218 0.092034767771 -0.0798215465072
v -0.0938096357218 0.0947605140867 -0.066689503512
v -0.0989594180676 0.0947605140867 -0.0639134368337
v -0.106572349302 0.0947605140867 -0.058763654488
v -0.110120289216 0.0947605140867 -0.0540164159633
v -0.107044821996 0.0947605140867 0.130757373685
v -0.102695853364 0.0858742964446 0.142929048063
v -0.0938096357218 0.0849192929186 0.141974044537
v -0.0938096357218 0.0947605140867 0.1351813108
v -0.104746735169 0.0838234146396 0.151815265705
v -0.0938096357218 0.0841142796058 0.151815265705
v -0.0938096357218 0.0777867992523 0.15589944289
v -0.110962289669 0.0776078601394 0.155720503777
v -0.0938096357218 0.104906877505 -0.058763654488
v -0.0938096357218 0.110835603634 -0.0426885649404
v -0.111617993175 0.0980100486523 -0.0377057624687
v -0.0938096357218 0.113251721414 -0.0377057624687
v -0.0938096357218 0.113516722542 -0.0189495540132
v -0.111264824203 0.0983632176247 -0.0341030589307
v -0.108995159698 0.10063288213 -0.0166478704494
v -0.0938096357218 0.11354771648 -0.0166478704494
v -0.0938096357218 0.114883969724 0.0034755851879
v -0.104304253027 0.105323788801 -0.0060845957349
v -0.096617959336 0.113010082492 0.00441002156982
v -0.0938096357218 0.114725859624 0.00441002156982
v -0.0938096357218 0.115818406106 0.00773559194383
v -0.0962096734807 0.115818406106 0.0230678758302
v -0.0957168846942 0.115818406106 0.0254679135891
v -0.0972681741102 0.115818406106 0.04306726722
v -0.0961939659577 0.115818406106 0.0465258056083
v -0.0961705652338 0.113457476594 0.0652227681157
v -0.0938096357218 0.112656344024 0.0644216355457
v -0.0938096357218 0.115818406106 0.0573866291034
v -0.0951176537508 0.114510388077 0.0675836976276
v -0.0938096357218 0.114187199703 0.0675836976276
v -0.0938096357218 0.105513726093 0.0783369096337
v -0.102874536018 0.106753505809 0.0795766893502
v -0.101134097518 0.10849394431 0.0886415896469
v -0.0938096357218 0.10808890889 0.0886415896469
v -0.0938096357218 0.101580758339 0.095461833899
v -0.107655488327 0.101972553501 0.0958536290613
v -0.10817442872 0.101453613108 0.109699481666
v -0.0938096357218 0.102377085045 0.109699481666
v -0.0938096357218 0.098483115204 0.113422082783
v -0.111707277201 0.0979207646266 0.112859732206
v -0.0938096357218 0.0966331059661 0.130757373685
v -0.0938096357218 0.095642397655 0.131639257254
v -0.0938096357218 0.116091770316 0.0254679135891
v -0.0938096357218 0.116008454905 0.0256579623882
v -0.0938096357218 0.116190145968 0.0465258056083
v -0.0938096357218 0.116059058155 0.0467664576573
v -0.0727607579944 -0.115827420398 -0.0166568847413
v -0.0727517437026 -0.115838247378 -0.0166677117217
v -0.0727517437026 -0.115818406106 -0.0272268850645
v -0.0735331563655 -0.115818406106 -0.0174292831124
v -0.0736313315998 -0.115818406106 -0.0166478704494
v -0.0727607702802 -0.115827432684 -0.0166478704494
v -0.0727517437026 -0.115838287883 -0.0166478704494
v -0.0729897442147 -0.116056406618 0.00417202105768
v -0.0727517437026 -0.116335852541 0.00389257513445
v -0.0840695512581 -0.115818406106 -0.00690778598571
v -0.0885771613048 -0.115818406106 0.00441002156982
v -0.0729561485075 -0.116022810911 0.00441002156982
v -0.0727517437026 -0.116245458644 0.00441002156982
v -0.0736038140217 -0.116670476425 0.02461584327
v -0.0727517437026 -0.117540340509 0.0237459791863
v -0.0923067582725 -0.115818406106 0.00591289901909
v -0.0734065786573 -0.116473241061 0.0254679135891
v -0.0727517437026 -0.117069079724 0.0254679135891
v -0.0741493571146 -0.117216019518 0.0451281921963
v -0.0727517437026 -0.11840213037 0.0439420813442
v -0.0737396820318 -0.116806344435 0.0465258056083
v -0.0727517437026 -0.117530496601 0.0465258056083
v -0.0739175899935 -0.116984252397 0.0664178513366
v -0.0727517437026 -0.117825766996 0.065576336738
v -0.0891025733896 -0.115818406106 0.0675836976276
v -0.0735168308766 -0.11658349328 0.0675836976276
v -0.0727517437026 -0.117038489565 0.0675836976276
v -0.0727517437026 -0.115818406106 0.0821264525877
v -0.075803739929 -0.0978125103131 -0.0828735427337
v -0.0727517437026 -0.100461261848 -0.0855222942682
v -0.0727517437026 -0.0947605140867 -0.0881575443159
v -0.0779154944084 -0.0947605140867 -0.084985297213
v -0.084003705852 -0.0947605140867 -0.0798215465072
v -0.0796174893544 -0.101626259739 -0.0798215465072
v -0.0727517437026 -0.106187603739 -0.0798215465072
v -0.0853898795579 -0.107398649942 -0.0714017903433
v -0.0727517437026 -0.111320234985 -0.0753233753866
v -0.0891919538549 -0.0947605140867 -0.0752038646403
v -0.0905625806579 -0.112571351042 -0.058763654488
v -0.0727517437026 -0.114723354519 -0.058763654488
v -0.0913513368286 -0.113360107213 -0.0563053555947
v -0.0727517437026 -0.11501299718 -0.0579582455625
v -0.0930368593782 -0.115045629762 -0.0377057624687
v -0.0727517437026 -0.115787827509 -0.0377057624687
v -0.0930388732211 -0.115047643605 -0.036934999968
v -0.0727517437026 -0.115787910104 -0.0376752664668
v -0.0931253138399 -0.115134084224 -0.0166478704494
v -0.0929570907074 -0.114965861091 -0.015795325435
v -0.0934737174392 -0.115482487823 0.00441002156982
v -0.0933443650477 -0.115353135432 0.00487529224397
v -0.0914032949139 -0.113412065298 0.0675836976276
v -0.0923956875711 -0.114404457955 0.0689976457783
v -0.0843126861052 -0.106321456489 0.0886415896469
v -0.0727517437026 -0.113697232403 0.0886415896469
v -0.0858586023847 -0.107867372769 0.096592622984
v -0.0727517437026 -0.114209596356 0.0902503993967
v -0.0793660588122 -0.101374829196 0.109699481666
v -0.0727517437026 -0.104589620322 0.109699481666
v -0.0776179848229 -0.099626755207 0.125891132565
v -0.0727517437026 -0.102443885488 0.123074002284
v -0.0749048794309 -0.096913649815 0.130757373685
v -0.0727517437026 -0.097815135932 0.130757373685
v -0.0727517437026 -0.0947605140867 0.137806171029
v -0.0874651911233 -0.0947605140867 0.137101818284
v -0.0833835945916 -0.0843344729565 -0.111511289416
v -0.0727517437026 -0.0866481114555 -0.113824927915
v -0.0727517437026 -0.0737026220674 -0.119930853673
v -0.0843171495213 -0.0737026220674 -0.112444844345
v -0.0872061831522 -0.088157061517 -0.100879438526
v -0.0727517437026 -0.090871539493 -0.100879438526
v -0.0901146039035 -0.0910654822683 -0.0971844067081
v -0.0727517437026 -0.0927506389959 -0.0988695634357
v -0.0926129210355 -0.0935637994003 -0.0798215465072
v -0.0929634848442 -0.093914363209 -0.0789753956296
v -0.0817074387264 -0.0826583170912 0.151815265705
v -0.0727517437026 -0.0851877781246 0.151815265705
v -0.0727517437026 -0.0737026220674 0.168198656529
v -0.0764907957688 -0.0737026220674 0.169134105658
v -0.0829202242239 -0.0628132105695 -0.132105811067
v -0.0727517437026 -0.0655477450897 -0.134840345587
v -0.0727517437026 -0.0526447300481 -0.14010779613
v -0.0838857492005 -0.0526447300481 -0.133071336044
v -0.0866482466247 -0.0665412329703 -0.121937330546
v -0.0727517437026 -0.0723964948693 -0.121937330546
v -0.0900405056178 -0.0699334919634 -0.118168200442
v -0.0727517437026 -0.0731295654482 -0.121364273926
v -0.0884197051971 -0.0683126915427 0.172873157724
v -0.0727517437026 -0.0696904384284 0.172873157724
v -0.0727517437026 -0.0526447300481 0.185517838457
v -0.079415355961 -0.0526447300481 0.187267437485
v -0.0783371492538 -0.0371722435801 -0.148580628116
v -0.0727517437026 -0.0396478647398 -0.151056249276
v -0.0727517437026 -0.0315868380289 -0.152891178024
v -0.0786252303853 -0.0315868380289 -0.148868709248
v -0.0846957756319 -0.0315868380289 -0.142995222565
v -0.0813710485012 -0.0402061428276 -0.142995222565
v -0.0727517437026 -0.0483355491664 -0.142995222565
v -0.0880597052697 -0.046894799596 -0.137245292113
v -0.0727517437026 -0.0513230579572 -0.141673550474
v -0.0903203594493 -0.0315868380289 -0.139505946292
v -0.0818543321157 -0.040689426442 0.193931049743
v -0.0727517437026 -0.0409551550599 0.193931049743
v -0.0727517437026 -0.0315868380289 0.197351541711
v -0.0884833419545 -0.0315868380289 0.19925734351
v -0.0817807544602 -0.0195579567673 -0.152024233323
v -0.0727517437026 -0.0238461660836 -0.156312442639
v -0.0727517437026 -0.0105289460096 -0.158523311036
v -0.0822179669954 -0.0105289460096 -0.152461445858
v -0.0919382981293 -0.0105289460096 -0.142995222565
v -0.0878663018797 -0.0256435041868 -0.142995222565
v -0.0911866810485 -0.0289638833555 -0.140372267892
v -0.0930918052893 -0.0105289460096 -0.142277392132
v -0.0864295876555 -0.0242067899626 0.201311097809
v -0.0727517437026 -0.0266152113131 0.198902676459
v -0.0727517437026 -0.0105289460096 0.201525342713
v -0.0838081778545 -0.0105289460096 0.20393250761
v -0.0822179669954 0.00106272271674 -0.152461445858
v -0.0727517437026 -0.00499914246176 -0.158523311036
v -0.0727517437026 0.0105289460096 -0.158523311036
v -0.0822179669954 0.0105289460096 -0.152461445858
v -0.0919382981293 0.0105289460096 -0.142995222565
v -0.0919382981293 -0.00865760841715 -0.142995222565
v -0.0930918052893 -0.00981111557709 -0.142277392132
v -0.0930918052893 0.0105289460096 -0.142277392132
v -0.0838081778545 -0.000527488142312 0.20393250761
v -0.0727517437026 -0.00293465303944 0.201525342713
v -0.0727517437026 0.0105289460096 0.201525342713
v -0.0838081778545 0.0105289460096 0.20393250761
v -0.0789888715652 0.0253497101662 -0.149232350428
v -0.0727517437026 0.0191342715864 -0.155447789007
v -0.0727517437026 0.0315868380289 -0.152891178024
v -0.0786252303853 0.0315868380289 -0.148868709248
v -0.0846957756319 0.0315868380289 -0.142995222565
v -0.0904583775156 0.0138802042158 -0.142995222565
v -0.0928209711953 0.0115176105362 -0.142006558038
v -0.0903203594493 0.0315868380289 -0.139505946292
v -0.0861847631211 0.0181538186103 0.201555922344
v -0.0727517437026 0.0160338592629 0.199435962996
v -0.0727517437026 0.0315868380289 0.197351541711
v -0.0884833419545 0.0315868380289 0.19925734351
v -0.0727517437026 0.0483355491664 -0.142995222565
v -0.0870643360963 0.0383321376544 -0.136249922939
v -0.0727517437026 0.0526447300481 -0.14010779613
v -0.0838857492005 0.0526447300481 -0.133071336044
v -0.0777697092168 0.0476267645339 0.188913084229
v -0.0727517437026 0.0459066916389 0.187193011334
v -0.0727517437026 0.0526447300481 0.185517838457
v -0.079415355961 0.0526447300481 0.187267437485
v -0.0815290112158 0.0438674625349 0.193931049743
v -0.0727517437026 0.0409551550599 0.193931049743
v -0.0727517437026 0.033524245694 0.195868457408
v -0.0906444672212 0.0347520065295 0.197096218244
v -0.0855325279751 0.0609218377949 -0.121937330546
v -0.0727517437026 0.0723964948693 -0.121937330546
v -0.0727517437026 0.0737026220674 -0.119930853673
v -0.0843171495213 0.0737026220674 -0.112444844345
v -0.0751836694227 0.0712706963472 0.170441232004
v -0.0727517437026 0.0702584647236 0.16942900038
v -0.0727517437026 0.0737026220674 0.168198656529
v -0.0764907957688 0.0737026220674 0.169134105658
v -0.0757150716964 0.0707392940735 0.172873157724
v -0.0727517437026 0.0696904384284 0.172873157724
v -0.0727517437026 0.0574207582935 0.177649185969
v -0.0875645918999 0.0588897738701 0.179118201546
v -0.0903913613776 0.0771208964116 -0.100879438526
v -0.0727517437026 0.090871539493 -0.100879438526
v -0.0727517437026 0.0947605140867 -0.0881575443159
v -0.0779154944084 0.0947605140867 -0.084985297213
v -0.084003705852 0.0947605140867 -0.0798215465072
v -0.0891919538549 0.0947605140867 -0.0752038646403
v -0.0801459011122 0.087366356677 0.144421108295
v -0.0727517437026 0.0855183388184 0.142573090436
v -0.0727517437026 0.0947605140867 0.137806171029
v -0.0874651911233 0.0947605140867 0.137101818284
v -0.0808960863514 0.0866161714378 0.151815265705
v -0.0727517437026 0.0851877781246 0.151815265705
v -0.0727517437026 0.0777691277154 0.155881771353
v -0.088749692562 0.0787625652272 0.156875208864
v -0.0727517437026 0.106187603739 -0.0798215465072
v -0.0727517437026 0.112755657012 -0.0618264035815
v -0.07789984037 0.110670309439 -0.058763654488
v -0.0727517437026 0.114723354519 -0.058763654488
v -0.0727517437026 0.115776250778 -0.0377479177964
v -0.0729979980822 0.115572151726 -0.0379520168483
v -0.0728627338651 0.115707415943 -0.0377057624687
v -0.0727517437026 0.115787827509 -0.0377057624687
v -0.0727517437026 0.115818406106 -0.0272268850645
v -0.0735331563655 0.115818406106 -0.0174292831124
v -0.0736313315998 0.115818406106 -0.0166478704494
v -0.0840695512581 0.115818406106 -0.00690778598571
v -0.0885771613048 0.115818406106 0.00441002156982
v -0.0923067582725 0.115818406106 0.00591289901909
v -0.0891025733896 0.115818406106 0.0675836976276
v -0.0751853808558 0.113384768953 0.0862079524936
v -0.0727517437026 0.112297436507 0.085120620048
v -0.0727517437026 0.115818406106 0.0821264525877
v -0.0742949223057 0.114275227503 0.0886415896469
v -0.0727517437026 0.113697232403 0.0886415896469
v -0.0727517437026 0.103028302524 0.0969093780839
v -0.0837442609611 0.104825888847 0.0987069644075
v -0.0828604209137 0.105709728895 0.109699481666
v -0.0727517437026 0.104589620322 0.109699481666
v -0.0727517437026 0.0990862942419 0.114025261821
v -0.0887058397784 0.0998643100301 0.11480327761
v -0.0911364079155 0.0974337418929 0.130757373685
v -0.0727517437026 0.097815135932 0.130757373685
v -0.0727517437026 0.0961000945791 0.132096954178
v -0.0926510926814 0.0959190571271 0.131915916726
v -0.0727517437026 0.115838287883 -0.0166478704494
v -0.0727517437026 0.115834745547 -0.0166315310087
v -0.0727517437026 0.116245458644 0.00441002156982
v -0.0727517437026 0.116122999945 0.00471461540846
v -0.0932784997668 0.116349542061 0.0254679135891
v -0.0727517437026 0.117069079724 0.0254679135891
v -0.0727517437026 0.116627463336 0.026276970819
v -0.0934703968518 0.116157644976 0.0258071524591
v -0.0931505811754 0.116477460652 0.0465258056083
v -0.0727517437026 0.117530496601 0.0465258056083
v -0.0727517437026 0.116852735379 0.0475601348809
v -0.0934198780319 0.116208163796 0.0469155632982
v -0.0727517437026 0.117038489565 0.0675836976276
v -0.0727517437026 0.116518944468 0.0682842359893
v -0.0519177068044 -0.116042261227 -0.0379296175898
v -0.0516938516833 -0.116264674989 -0.0381520313514
v -0.0516938516833 -0.115818406106 -0.0493767821972
v -0.0590240174799 -0.115818406106 -0.0450359282653
v -0.0714020729153 -0.115818406106 -0.0377057624687
v -0.0519772411953 -0.116101795618 -0.0377057624687
v -0.0516938516833 -0.116419705372 -0.0377057624687
v -0.0520009413513 -0.116125495774 -0.0169549601174
v -0.0516938516833 -0.116469159815 -0.0172986241588
v -0.0715013876455 -0.115818406106 -0.0364554064117
v -0.0520015596811 -0.116126114104 -0.0166478704494
v -0.0516938516833 -0.116470958004 -0.0166478704494
v -0.0521133922053 -0.116237946628 0.00399048104786
v -0.0516938516833 -0.116702778099 0.00352564957711
v -0.0520398136428 -0.116164368065 0.00441002156982
v -0.0516938516833 -0.116513375298 0.00441002156982
v -0.0528779391452 -0.117002493568 0.0242838261272
v -0.0516938516833 -0.118103712909 0.0231826067864
v -0.0525473792324 -0.116671933655 0.0254679135891
v -0.0516938516833 -0.117359343451 0.0254679135891
v -0.053790176697 -0.11791473112 0.0444294805947
v -0.0516938516833 -0.119424418246 0.0429197934685
v -0.0530707151903 -0.117195269613 0.0465258056083
v -0.0516938516833 -0.118029652486 0.0465258056083
v -0.0537252588729 -0.117849813295 0.065552290438
v -0.0516938516833 -0.119016398403 0.0643857053306
v -0.0529291621301 -0.117053716553 0.0675836976276
v -0.0516938516833 -0.117626831431 0.0675836976276
v -0.0520209120985 -0.116145466521 0.0883145292317
v -0.0516938516833 -0.116307603317 0.0881523924362
v -0.059361105289 -0.115818406106 0.0886415896469
v -0.0518781087278 -0.11600266315 0.0886415896469
v -0.0516938516833 -0.116071597308 0.0886415896469
v -0.0516938516833 -0.115818406106 0.0899268712525
v -0.0532023123458 -0.0962689747491 -0.102387899189
v -0.0516938516833 -0.0975171311459 -0.103636055586
v -0.0516938516833 -0.0947605140867 -0.105087085787
v -0.0541477111909 -0.0947605140867 -0.103333298034
v -0.0573236582201 -0.0947605140867 -0.100879438526
v -0.0553013229928 -0.0983679853962 -0.100879438526
v -0.0516938516833 -0.100802971386 -0.100879438526
v -0.0640957568422 -0.107162419246 -0.0922234516662
v -0.0516938516833 -0.110260786502 -0.0953218189224
v -0.0667847180435 -0.0947605140867 -0.0949124128674
v -0.0689776293745 -0.112044291778 -0.0798215465072
v -0.0516938516833 -0.113480500186 -0.0798215465072
v -0.0704444835879 -0.113511145991 -0.0775142863925
v -0.0516938516833 -0.114433870173 -0.0784370105746
v -0.0722411623825 -0.115307824786 -0.058763654488
v -0.0516938516833 -0.115596053625 -0.058763654488
v -0.0723431588385 -0.115409821242 -0.0583550696239
v -0.0516938516833 -0.115640969164 -0.058586217546
v -0.0727365181463 -0.11580318055 -0.0377057624687
v -0.0727365301894 -0.115803192593 -0.0376905489556
v -0.0694230928331 -0.112489755236 0.0886415896469
v -0.0703757615245 -0.113442423928 0.0910175718249
v -0.0593333566382 -0.102400019042 0.109699481666
v -0.0516938516833 -0.104692175284 0.109699481666
v -0.0574854288467 -0.10055209125 0.124965796522
v -0.0516938516833 -0.102614317096 0.122903570676
v -0.0538155681863 -0.0968822305896 0.130757373685
v -0.0516938516833 -0.0974689197933 0.130757373685
v -0.0516938516833 -0.0947605140867 0.136598829451
v -0.0650104627743 -0.0947605140867 0.138498654614
v -0.0596005333522 -0.0816093037363 -0.129844012215
v -0.0516938516833 -0.0844414924113 -0.13267620089
v -0.0516938516833 -0.0737026220674 -0.136034016398
v -0.0603349295393 -0.0737026220674 -0.130578408402
v -0.0699995338915 -0.0737026220674 -0.121937330546
v -0.0628086526454 -0.0848174230296 -0.121937330546
v -0.0516938516833 -0.0880031080369 -0.121937330546
v -0.0678988659005 -0.0899076362846 -0.117084452744
v -0.0516938516833 -0.0918844590511 -0.11906127551
v -0.0717426883057 -0.0737026220674 -0.120928275149
v -0.0706949539299 -0.092703724314 -0.100879438526
v -0.0714918678556 -0.0935006382397 -0.0996195626795
v -0.0603567283681 -0.0823654987523 0.151815265705
v -0.0516938516833 -0.0831100685372 0.151815265705
v -0.0516938516833 -0.0737026220674 0.163549275386
v -0.0583568850739 -0.0737026220674 0.166210124333
v -0.0589708138904 -0.0599216922553 -0.150272184772
v -0.0516938516833 -0.0629008365783 -0.153251329095
v -0.0516938516833 -0.0526447300481 -0.156043810241
v -0.0595169872073 -0.0526447300481 -0.150818358089
v -0.0682753851396 -0.0526447300481 -0.142995222565
v -0.0618486128256 -0.0627994911904 -0.142995222565
v -0.0516938516833 -0.0680268693627 -0.142995222565
v -0.06769427191 -0.0686451502749 -0.137937750772
v -0.0516938516833 -0.0716393439929 -0.14093194449
v -0.0712014150642 -0.0526447300481 -0.141444893927
v -0.0720776195278 -0.0730284978926 -0.121937330546
v -0.0723792358943 -0.0733301142592 -0.121564822738
v -0.0660660332514 -0.0670169116163 0.172873157724
v -0.0516938516833 -0.0646457750141 0.172873157724
v -0.0516938516833 -0.0526447300481 0.180468459934
v -0.0616502933714 -0.0526447300481 0.183974608055
v -0.0534884296729 -0.0333814160185 -0.165847692574
v -0.0516938516833 -0.0347099982089 -0.167176274764
v -0.0516938516833 -0.0315868380289 -0.167647131053
v -0.0535622311802 -0.0315868380289 -0.165921494081
v -0.0554580978817 -0.0315868380289 -0.164053114584
v -0.0544766661301 -0.0343696524757 -0.164053114584
v -0.0516938516833 -0.0378119926298 -0.164053114584
v -0.0649950069831 -0.0448879933287 -0.156296377865
v -0.0516938516833 -0.048967280646 -0.160375665182
v -0.066650109283 -0.0315868380289 -0.157951480165
v -0.0709589663439 -0.0508519526895 -0.142995222565
v -0.0719111887663 -0.0518041751119 -0.142154667629
v -0.0522626620833 -0.0321556484289 0.193931049743
v -0.0516938516833 -0.0320117859707 0.193931049743
v -0.0516938516833 -0.0315868380289 0.194067360191
v -0.0694180928851 -0.0315868380289 0.197264700561
v -0.0572962778492 -0.0161313721755 -0.16965554075
v -0.0516938516833 -0.0196640101461 -0.173188178721
v -0.0516938516833 -0.0105289460096 -0.174280328388
v -0.057490088545 -0.0105289460096 -0.169849351446
v -0.0636855741378 -0.0105289460096 -0.164053114584
v -0.0611199389383 -0.0199550332646 -0.164053114584
v -0.0681567118906 -0.026991806217 -0.159458082772
v -0.0696765969569 -0.0105289460096 -0.160977967839
v -0.068314641821 -0.0271497361473 0.198368151625
v -0.0516938516833 -0.031393887011 0.194124000761
v -0.0516938516833 -0.0105289460096 0.196968643526
v -0.0658530240674 -0.0105289460096 0.200829769378
v -0.057490088545 0.00473270914796 -0.169849351446
v -0.0516938516833 0.000301732205587 -0.174280328388
v -0.0516938516833 0.0105289460096 -0.174280328388
v -0.057490088545 0.0105289460096 -0.169849351446
v -0.0636855741378 0.0105289460096 -0.164053114584
v -0.0636855741378 -0.0014627764449 -0.164053114584
v -0.0696765969569 -0.00745379926397 -0.160977967839
v -0.0696765969569 0.0105289460096 -0.160977967839
v -0.0658530240674 -0.00363022637448 0.200829769378
v -0.0516938516833 -0.00749135222697 0.196968643526
v -0.0516938516833 0.0105289460096 0.196968643526
v -0.0658530240674 0.0105289460096 0.200829769378
v -0.0536431582089 0.0296375315033 -0.16600242111
v -0.0516938516833 0.0273264156617 -0.168313536951
v -0.0516938516833 0.0315868380289 -0.167647131053
v -0.0535622311802 0.0315868380289 -0.165921494081
v -0.0554580978817 0.0315868380289 -0.164053114584
v -0.0572140191926 0.0260666705196 -0.164053114584
v -0.0685408645738 0.0147398251384 -0.159842235455
v -0.066650109283 0.0315868380289 -0.157951480165
v -0.0673704455502 0.015910244162 0.199312347896
v -0.0516938516833 0.0127643198652 0.196166423599
v -0.0516938516833 0.0315868380289 0.194067360191
v -0.0694180928851 0.0315868380289 0.197264700561
v -0.0516938516833 0.0378119926298 -0.164053114584
v -0.061337946728 0.0430006350034 -0.15263931761
v -0.0516938516833 0.0526447300481 -0.156043810241
v -0.0595169872073 0.0526447300481 -0.150818358089
v -0.0682753851396 0.0526447300481 -0.142995222565
v -0.0712014150642 0.0526447300481 -0.141444893927
v -0.0598664451539 0.0444721365775 0.185758456273
v -0.0516938516833 0.0412090312424 0.182495350937
v -0.0516938516833 0.0526447300481 0.180468459934
v -0.0616502933714 0.0526447300481 0.183974608055
v -0.064899972713 0.0394386090184 0.193931049743
v -0.0516938516833 0.0320117859707 0.193931049743
v -0.0516938516833 0.0316653602591 0.194009571973
v -0.0706983406384 0.033640241093 0.195984452807
v -0.0516938516833 0.0680268693627 -0.142995222565
v -0.0671628758238 0.0582335979269 -0.137406354686
v -0.0516938516833 0.0737026220674 -0.136034016398
v -0.0603349295393 0.0737026220674 -0.130578408402
v -0.0699995338915 0.0737026220674 -0.121937330546
v -0.0717426883057 0.0737026220674 -0.120928275149
v -0.0567651625401 0.0686313112106 0.167801846867
v -0.0516938516833 0.0660647515118 0.165235287168
v -0.0516938516833 0.0737026220674 0.163549275386
v -0.0583568850739 0.0737026220674 0.166210124333
v -0.0575128893513 0.0678835843995 0.172873157724
v -0.0516938516833 0.0646457750141 0.172873157724
v -0.0516938516833 0.0555863012376 0.175814728913
v -0.0676359416111 0.0577605321396 0.177988959815
v -0.0516938516833 0.0880031080369 -0.121937330546
v -0.0609533755396 0.0855009902304 -0.110138962383
v -0.0516938516833 0.0947605140867 -0.105087085787
v -0.0541477111909 0.0947605140867 -0.103333298034
v -0.0573236582201 0.0947605140867 -0.100879438526
v -0.0667847180435 0.0947605140867 -0.0949124128674
v -0.0601949930906 0.0862593726794 0.143314124297
v -0.0516938516833 0.0834541361904 0.140508887808
v -0.0516938516833 0.0947605140867 0.136598829451
v -0.0650104627743 0.0947605140867 0.138498654614
v -0.0605188451948 0.0859355205752 0.151815265705
v -0.0516938516833 0.0831100685372 0.151815265705
v -0.0516938516833 0.0766572353723 0.15476987901
v -0.0681430826687 0.0783112831013 0.156423926739
v -0.0516938516833 0.100802971386 -0.100879438526
v -0.0516938516833 0.10604822975 -0.0895917228631
v -0.0585429050182 0.108969352771 -0.0798215465072
v -0.0516938516833 0.113480500186 -0.0798215465072
v -0.0516938516833 0.115427024766 -0.0591550358274
v -0.053128219153 0.114384038636 -0.0601980219577
v -0.0521785170085 0.115333740781 -0.058763654488
v -0.0516938516833 0.115596053625 -0.058763654488
v -0.0516938516833 0.115818406106 -0.0493767821972
v -0.0590240174799 0.115818406106 -0.0450359282653
v -0.0714020729153 0.115818406106 -0.0377057624687
v -0.0715013876455 0.115818406106 -0.0364554064117
v -0.059361105289 0.115818406106 0.0886415896469
v -0.0621521981295 0.10536005966 0.0992411352199
v -0.0516938516833 0.102695517079 0.0965765926396
v -0.0516938516833 0.115818406106 0.0899268712525
v -0.0605699378842 0.106942319905 0.109699481666
v -0.0516938516833 0.104692175284 0.109699481666
v -0.0516938516833 0.0985791669015 0.113518134481
v -0.0674019960775 0.100110261712 0.115049229291
v -0.0689048742112 0.0986073835781 0.130757373685
v -0.0516938516833 0.0974689197933 0.130757373685
v -0.0516938516833 0.0958578866744 0.131854746273
v -0.0711333702558 0.0963788875335 0.132375747132
v -0.0516938516833 0.116419705372 -0.0377057624687
v -0.0516938516833 0.116421370944 -0.0371027976311
v -0.0727089149301 0.115861234878 -0.0166478704494
v -0.0516938516833 0.116470958004 -0.0166478704494
v -0.0516938516833 0.116329944365 -0.0161363321903
v -0.0727183854387 0.11585176437 -0.0166145121855
v -0.0718972544799 0.116672895329 0.00441002156982
v -0.0516938516833 0.116513375298 0.00441002156982
v -0.0516938516833 0.116274426857 0.00486604232108
v -0.0721895357505 0.116380614058 0.00497222952187
v -0.0705289966462 0.118041153162 0.0254679135891
v -0.0516938516833 0.117359343451 0.0254679135891
v -0.0516938516833 0.116721970964 0.0263714784474
v -0.0714292743699 0.117140875439 0.0267903829218
v -0.0700302136575 0.118539936151 0.0465258056083
v -0.0516938516833 0.118029652486 0.0465258056083
v -0.0516938516833 0.117039524011 0.0477469235131
v -0.0712303872103 0.117339762598 0.0480471621006
v -0.0709649730566 0.117605176752 0.0675836976276
v -0.0516938516833 0.117626831431 0.0675836976276
v -0.0516938516833 0.1167842692 0.0685495607219
v -0.071797946079 0.116772203729 0.0685374952511
v -0.0516938516833 0.116071597308 0.0886415896469
v -0.0516938516833 0.115950362358 0.0887735458993
v -0.0310719633082 -0.11625440975 -0.0591996581321
v -0.030635959664 -0.11651866669 -0.0594639150717
v -0.030635959664 -0.115818406106 -0.0667114286476
v -0.0356926785694 -0.115818406106 -0.0638203733933
v -0.0448658245593 -0.115818406106 -0.058763654488
v -0.0313734139705 -0.116555860412 -0.058763654488
v -0.030635959664 -0.117101932936 -0.058763654488
v -0.032474502188 -0.11765694863 -0.0395443049926
v -0.030635959664 -0.118894916562 -0.0407822729244
v -0.0484508657761 -0.115818406106 -0.0555206685807
v -0.0330564005217 -0.118238846964 -0.0377057624687
v -0.030635959664 -0.120008949192 -0.0377057624687
v -0.0330804675478 -0.11826291399 -0.0190923783332
v -0.030635959664 -0.12004662379 -0.0208760881338
v -0.0330866270802 -0.118269073522 -0.0166478704494
v -0.030635959664 -0.120058355621 -0.0166478704494
v -0.0323563561755 -0.117538802617 0.0026896250584
v -0.030635959664 -0.11888270587 0.00134572180534
v -0.0320000115089 -0.117182457951 0.00441002156982
v -0.030635959664 -0.118156770958 0.00441002156982
v -0.0321799639891 -0.117362410431 0.023923909264
v -0.030635959664 -0.118448096384 0.0228382233112
v -0.0316638306692 -0.116846277111 0.0254679135891
v -0.030635959664 -0.11745065519 0.0254679135891
v -0.0330030687097 -0.118185515152 0.0441586965626
v -0.030635959664 -0.119435163142 0.0429090485724
v -0.0320487058032 -0.117231152245 0.0465258056083
v -0.030635959664 -0.11783163557 0.0465258056083
v -0.0329629527923 -0.118145399234 0.0652567044994
v -0.030635959664 -0.119070157942 0.0643319457917
v -0.0319245400316 -0.117106986473 0.0675836976276
v -0.030635959664 -0.117507617133 0.0675836976276
v -0.030987009374 -0.116169455816 0.0882905399369
v -0.030635959664 -0.116285486993 0.0881745087597
v -0.0308170637798 -0.115999510222 0.0886415896469
v -0.030635959664 -0.116043727887 0.0886415896469
v -0.030635959664 -0.115818406106 0.0897584406538
v -0.0501598158355 -0.115818406106 0.0901756254947
v -0.0394062953258 -0.103530849748 -0.109649774188
v -0.030635959664 -0.106851960391 -0.11297088483
v -0.030635959664 -0.0947605140867 -0.118306692388
v -0.0420487943121 -0.0947605140867 -0.112292273174
v -0.0444497823494 -0.108574336772 -0.100879438526
v -0.030635959664 -0.111033287713 -0.100879438526
v -0.0480956888267 -0.112220243249 -0.0972812756699
v -0.030635959664 -0.113637043581 -0.098698076002
v -0.0502835118075 -0.11440806623 -0.0798215465072
v -0.030635959664 -0.115058860152 -0.0798215465072
v -0.0507667429648 -0.114891297387 -0.0788944377888
v -0.030635959664 -0.115324709901 -0.0793278503023
v -0.0515478109774 -0.1156723654 -0.058763654488
v -0.05157323005 -0.115697784473 -0.0586430328546
v -0.0376059738033 -0.101730528226 0.109699481666
v -0.030635959664 -0.102641007269 0.109699481666
v -0.0346192566416 -0.0987438110642 0.126774076708
v -0.030635959664 -0.0993924168598 0.126125470912
v -0.0317883099767 -0.0959128643994 0.130757373685
v -0.030635959664 -0.0960896698679 0.130757373685
v -0.030635959664 -0.0947605140867 0.133383395942
v -0.0460827650819 -0.0947605140867 0.136368460287
v -0.0335517348343 -0.0766183972377 -0.145910997735
v -0.030635959664 -0.078732629144 -0.148025229642
v -0.030635959664 -0.0737026220674 -0.149568970487
v -0.0341449806682 -0.0737026220674 -0.146504243569
v -0.0382875540933 -0.0737026220674 -0.142995222565
v -0.0354117146802 -0.0784783770835 -0.142995222565
v -0.030635959664 -0.0812144575261 -0.142995222565
v -0.0448693618311 -0.0879360242345 -0.136170732713
v -0.030635959664 -0.0905004819132 -0.138735190392
v -0.0475308668317 -0.0737026220674 -0.138832237713
v -0.0476760937009 -0.0907427561043 -0.121937330546
v -0.030635959664 -0.0936037842823 -0.121937330546
v -0.0496247116983 -0.0926913741016 -0.119868190561
v -0.030635959664 -0.0942096568759 -0.121386473335
v -0.035828827689 -0.0788954900924 0.151815265705
v -0.030635959664 -0.0786823285275 0.151815265705
v -0.030635959664 -0.0737026220674 0.157144282546
v -0.0421065322983 -0.0737026220674 0.16140258509
v -0.0331331891456 -0.0551419595297 -0.166550344066
v -0.030635959664 -0.057346228606 -0.168754613142
v -0.030635959664 -0.0526447300481 -0.169814480354
v -0.0334128686633 -0.0526447300481 -0.166830023583
v -0.0362791689293 -0.0526447300481 -0.164053114584
v -0.0343388052916 -0.0563475756757 -0.164053114584
v -0.030635959664 -0.0595153097383 -0.164053114584
v -0.0445411660979 -0.066549936482 -0.156900428999
v -0.030635959664 -0.069812069666 -0.160162562183
v -0.0468370170398 -0.0526447300481 -0.159196279941
v -0.0484784146891 -0.0704871850732 -0.142995222565
v -0.0501898383076 -0.0721986086917 -0.141491209189
v -0.0353674540176 -0.0573762244017 0.172873157724
v -0.030635959664 -0.0560436163764 0.172873157724
v -0.030635959664 -0.0526447300481 0.174705917926
v -0.0453014200254 -0.0526447300481 0.179265589382
v -0.0408709461539 -0.0418218245188 -0.174288101074
v -0.030635959664 -0.0463491023029 -0.178815378858
v -0.030635959664 -0.0315868380289 -0.182068815881
v -0.0417495908091 -0.0315868380289 -0.175166745729
v -0.0452720980579 -0.0462229764227 -0.164053114584
v -0.0491143475998 -0.0500652259647 -0.161473610501
v -0.0401208992504 -0.0410717776152 0.184446110157
v -0.030635959664 -0.0482090167085 0.177308871063
v -0.030635959664 -0.0315868380289 0.181152669763
v -0.0381040393206 -0.0315868380289 0.186462970087
v -0.0507958921684 -0.0315868380289 0.193931049743
v -0.05156626144 -0.0315868380289 0.194058639986
v -0.0316968304964 -0.011589816842 -0.186171877436
v -0.030635959664 -0.0130812694822 -0.187663330076
v -0.030635959664 -0.0105289460096 -0.187922306343
v -0.0317335750852 -0.0105289460096 -0.186208622025
v -0.0326472814257 -0.0105289460096 -0.185111006604
v -0.0322978685549 -0.0121908549005 -0.185111006604
v -0.030635959664 -0.0171043230941 -0.185111006604
v -0.0442573203329 -0.0241503066785 -0.177674475253
v -0.030635959664 -0.0296198769675 -0.183144045542
v -0.0452293323519 -0.0105289460096 -0.178646487272
v -0.0344667899234 -0.014359776269 0.190100219484
v -0.030635959664 -0.0186244316439 0.185835564109
v -0.030635959664 -0.0105289460096 0.186175566442
v -0.0342654068862 -0.0105289460096 0.190301602521
v -0.0376402954959 -0.0105289460096 0.193931049743
v -0.0496057831211 -0.0294987694667 0.193931049743
v -0.0515265875692 -0.0314195739148 0.194098313857
v -0.04901196622 -0.0105289460096 0.196612935206
v -0.0317335750852 0.00943133058852 -0.186208622025
v -0.030635959664 0.00771764626997 -0.187922306343
v -0.030635959664 0.0105289460096 -0.187922306343
v -0.0317335750852 0.0105289460096 -0.186208622025
v -0.0326472814257 0.0105289460096 -0.185111006604
v -0.0326472814257 0.00851762424796 -0.185111006604
v -0.0452293323519 -0.00406442667823 -0.178646487272
v -0.0452293323519 0.0105289460096 -0.178646487272
v -0.0342654068862 0.00689949878746 0.190301602521
v -0.030635959664 0.00277346270807 0.186175566442
v -0.030635959664 0.0105289460096 0.186175566442
v -0.0342654068862 0.0105289460096 0.190301602521
v -0.0376402954959 0.0105289460096 0.193931049743
v -0.0376402954959 0.0035246101778 0.193931049743
v -0.04901196622 -0.00784706054636 0.196612935206
v -0.04901196622 0.0105289460096 0.196612935206
v -0.030635959664 0.0171043230941 -0.185111006604
v -0.0428362358966 0.0193865617964 -0.176253390817
v -0.030635959664 0.0315868380289 -0.182068815881
v -0.0417495908091 0.0315868380289 -0.175166745729
v -0.0377908633426 0.0244319343503 0.186776146065
v -0.030635959664 0.0191565338998 0.181500745614
v -0.030635959664 0.0315868380289 0.181152669763
v -0.0381040393206 0.0315868380289 0.186462970087
v -0.0507958921684 0.0315868380289 0.193931049743
v -0.0422579188972 0.0199648787957 0.193931049743
v -0.0495879651957 0.0126348324973 0.196036936231
v -0.05156626144 0.0315868380289 0.194058639986
v -0.0338408514935 0.0494398382187 -0.167258006414
v -0.030635959664 0.0423789752076 -0.174318869425
v -0.030635959664 0.0526447300481 -0.169814480354
v -0.0334128686633 0.0526447300481 -0.166830023583
v -0.0362791689293 0.0526447300481 -0.164053114584
v -0.0468370170398 0.0526447300481 -0.159196279941
v -0.0433977169854 0.0398829727267 0.181169292422
v -0.030635959664 0.0355448921726 0.176831211868
v -0.030635959664 0.0526447300481 0.174705917926
v -0.0453014200254 0.0526447300481 0.179265589382
v -0.0513640239098 0.0319166658024 0.193931049743
v -0.051614356871 0.0316663328411 0.194010544555
v -0.030635959664 0.0595153097383 -0.164053114584
v -0.036015257972 0.0683233237594 -0.148374520873
v -0.030635959664 0.0737026220674 -0.149568970487
v -0.0341449806682 0.0737026220674 -0.146504243569
v -0.0382875540933 0.0737026220674 -0.142995222565
v -0.0475308668317 0.0737026220674 -0.138832237713
v -0.040353823133 0.0639847585984 0.163155294255
v -0.030635959664 0.0596892814676 0.158859817124
v -0.030635959664 0.0737026220674 0.157144282546
v -0.0421065322983 0.0737026220674 0.16140258509
v -0.0418367029326 0.0625018787988 0.172873157724
v -0.030635959664 0.0560436163764 0.172873157724
v -0.030635959664 0.0533796735605 0.173608101236
v -0.0487059917109 0.0556325900206 0.175861017696
v -0.030635959664 0.0812144575261 -0.142995222565
v -0.030635959664 0.0886024657776 -0.128095378855
v -0.0328329782952 0.0925634954555 -0.121937330546
v -0.030635959664 0.0936037842823 -0.121937330546
v -0.030635959664 0.0947605140867 -0.118306692388
v -0.0420487943121 0.0947605140867 -0.112292273174
v -0.0422310126911 0.0831654610596 0.140220212678
v -0.030635959664 0.0796614394255 0.136716191043
v -0.030635959664 0.0947605140867 0.133383395942
v -0.0460827650819 0.0947605140867 0.136368460287
v -0.0425731113892 0.0828233623615 0.151815265705
v -0.030635959664 0.0786823285275 0.151815265705
v -0.030635959664 0.075098367825 0.153211011462
v -0.0485557255541 0.0768407481966 0.154953391834
v -0.0428956631633 0.103558702607 -0.100879438526
v -0.030635959664 0.111033287713 -0.100879438526
v -0.030635959664 0.11398763878 -0.0816523138327
v -0.0371832316108 0.109271134159 -0.086368818454
v -0.0319230912537 0.114531274516 -0.0798215465072
v -0.030635959664 0.115058860152 -0.0798215465072
v -0.030635959664 0.115818406106 -0.0667114286476
v -0.0356926785694 0.115818406106 -0.0638203733933
v -0.0448658245593 0.115818406106 -0.058763654488
v -0.0484508657761 0.115818406106 -0.0555206685807
v -0.0428018780834 0.103652487687 0.0975335632468
v -0.030635959664 0.100664096207 0.0945451717671
v -0.030635959664 0.115818406106 0.0897584406538
v -0.0501598158355 0.115818406106 0.0901756254947
v -0.0407649609639 0.105689404806 0.109699481666
v -0.030635959664 0.102641007269 0.109699481666
v -0.030635959664 0.0973931243078 0.112332091887
v -0.0473779996329 0.0990763661371 0.114015333717
v -0.0486069189585 0.0978474468115 0.130757373685
v -0.030635959664 0.0960896698679 0.130757373685
v -0.030635959664 0.0952616604799 0.131258520079
v -0.0504615536874 0.0959928120825 0.131989671681
v -0.030635959664 0.117101932936 -0.058763654488
v -0.030635959664 0.117632200652 -0.0569498599422
v -0.0505727912162 0.116939466573 -0.0377057624687
v -0.030635959664 0.120008949192 -0.0377057624687
v -0.030635959664 0.120020602589 -0.0335035659853
v -0.0505691044938 0.116943153295 -0.0365810152792
v -0.0504791549305 0.117033102859 -0.0166478704494
v -0.030635959664 0.120058355621 -0.0166478704494
v -0.030635959664 0.119104776204 -0.0133615003514
v -0.050788953207 0.116723304582 -0.0157429719732
v -0.0504728507982 0.117039406991 0.00441002156982
v -0.030635959664 0.118156770958 0.00441002156982
v -0.030635959664 0.117261178271 0.00585279373465
v -0.0509573312905 0.116554926499 0.00514654196259
v -0.0492831663132 0.118229091476 0.0254679135891
v -0.030635959664 0.11745065519 0.0254679135891
v -0.030635959664 0.116683346616 0.0263328540995
v -0.0503918859628 0.117120371826 0.0267698793096
v -0.0485962379789 0.11891601981 0.0465258056083
v -0.030635959664 0.11783163557 0.0465258056083
v -0.030635959664 0.116830408602 0.0475378081045
v -0.0500913775985 0.117420880191 0.0481282796931
v -0.0493423958105 0.118169861979 0.0675836976276
v -0.030635959664 0.117507617133 0.0675836976276
v -0.030635959664 0.116659116011 0.0684244075323
v -0.0505030958296 0.11700916196 0.0687744534812
v -0.0513791076671 0.116133150122 0.0886415896469
v -0.030635959664 0.116043727887 0.0886415896469
v -0.030635959664 0.115930073051 0.0887532565915
v -0.0515375296227 0.115974728167 0.0887979117074
v -0.011179029439 -0.1174193679 -0.0603646162821
v -0.00957806764478 -0.117891323862 -0.0608365722445
v -0.00957806764478 -0.115818406106 -0.0757368250485
v -0.0220414303214 -0.115818406106 -0.0712270171646
v -0.0124082178296 -0.118648556291 -0.058763654488
v -0.00957806764478 -0.119595030901 -0.058763654488
v -0.0143183894839 -0.120558727945 -0.0424460843078
v -0.00957806764478 -0.121929831525 -0.0438171878875
v -0.0158255754473 -0.122065913908 -0.0377057624687
v -0.00957806764478 -0.123881955886 -0.0377057624687
v -0.0158443635706 -0.122084702032 -0.0229141663752
v -0.00957806764478 -0.123903224086 -0.0247326884294
v -0.0158596396802 -0.122099978141 -0.0166478704494
v -0.00957806764478 -0.123921387525 -0.0166478704494
v -0.014122195322 -0.120362533783 -0.000134106107354
v -0.00957806764478 -0.121887059975 -0.0016586322988
v -0.0131145907725 -0.119354929234 0.00441002156982
v -0.00957806764478 -0.120478639338 0.00441002156982
v -0.0119382293856 -0.118178567847 0.0231077518482
v -0.00957806764478 -0.118996289374 0.0222900303206
v -0.0110349382091 -0.11727527667 0.0254679135891
v -0.00957806764478 -0.117692251344 0.0254679135891
v -0.0120704432952 -0.118310781756 0.0440334299579
v -0.00957806764478 -0.118976381273 0.043367830441
v -0.0109268703501 -0.117167208811 0.0465258056083
v -0.00957806764478 -0.117447647279 0.0465258056083
v -0.0119086056325 -0.118148944094 0.0652531596399
v -0.00957806764478 -0.118604645665 0.0647974580685
v -0.0107593618442 -0.116999700305 0.0675836976276
v -0.00957806764478 -0.117176530962 0.0675836976276
v -0.00960395706673 -0.115844295528 0.0886157002249
v -0.00957806764478 -0.115848432246 0.0886115635066
v -0.00959041982094 -0.115830758282 0.0886415896469
v -0.00957806764478 -0.115832200366 0.0886415896469
v -0.00957806764478 -0.115818406106 0.0887079062366
v -0.029477465121 -0.115818406106 0.0898000841899
v -0.011119229682 -0.0963016761238 -0.123478492583
v -0.00957806764478 -0.096944210067 -0.124121026526
v -0.00957806764478 -0.0947605140867 -0.127323290583
v -0.0128876330396 -0.0947605140867 -0.125246895941
v -0.0190249556791 -0.0947605140867 -0.121937330546
v -0.013495881005 -0.0986783274469 -0.121937330546
v -0.00957806764478 -0.100418350415 -0.121937330546
v -0.0236467575933 -0.108829204035 -0.114948128475
v -0.00957806764478 -0.110846486465 -0.116965410905
v -0.0280569051443 -0.0947605140867 -0.119358276026
v -0.0271703132555 -0.112352759697 -0.100879438526
v -0.00957806764478 -0.113444207512 -0.100879438526
v -0.028870279491 -0.114052725933 -0.0991137583534
v -0.00957806764478 -0.114644521839 -0.0997055542596
v -0.0300298531484 -0.11521229959 -0.0798215465072
v -0.00957806764478 -0.115602841948 -0.0798215465072
v -0.03022620395 -0.115408650392 -0.0794117907932
v -0.00957806764478 -0.115673570853 -0.0796767112543
v -0.0148918899671 -0.100074336409 0.109699481666
v -0.00957806764478 -0.100229551403 0.109699481666
v -0.00988106584842 -0.0950635122903 0.130454375482
v -0.00957806764478 -0.0950752890687 0.130442598703
v -0.00965126088861 -0.0948337073305 0.130757373685
v -0.00957806764478 -0.0948382896997 0.130757373685
v -0.00957806764478 -0.0947605140867 0.130901776664
v -0.0281579601444 -0.0947605140867 0.133235373205
v -0.0189812174893 -0.0831057719119 -0.152398372409
v -0.00957806764478 -0.0861966677109 -0.155489268208
v -0.00957806764478 -0.0737026220674 -0.159421080765
v -0.0209175558897 -0.0737026220674 -0.15433471081
v -0.0219546030069 -0.0860791574295 -0.142995222565
v -0.00957806764478 -0.0889554032375 -0.142995222565
v -0.0271794564097 -0.0913040108323 -0.139538719311
v -0.00957806764478 -0.0927328036656 -0.140967512144
v -0.0297290164517 -0.0938535708743 -0.121937330546
v -0.0301670563335 -0.0942916107561 -0.121468427215
v -0.0107685667858 -0.0748931212084 0.151815265705
v -0.00957806764478 -0.0748211053412 0.151815265705
v -0.00957806764478 -0.0737026220674 0.152894729896
v -0.0260389241374 -0.0737026220674 0.156412301231
v -0.0194355736503 -0.0625022360536 -0.17391062059
v -0.00957806764478 -0.0666137266197 -0.178022111156
v -0.00957806764478 -0.0526447300481 -0.181560585371
v -0.0208563076833 -0.0526447300481 -0.175331354623
v -0.022154403135 -0.0652210655384 -0.164053114584
v -0.00957806764478 -0.0698784123709 -0.164053114584
v -0.027487634595 -0.0705542969983 -0.160904789515
v -0.00957806764478 -0.0725512091347 -0.162901701652
v -0.0169154796701 -0.0599821420734 0.165535745699
v -0.00957806764478 -0.0681082035565 0.157409684216
v -0.00957806764478 -0.0526447300481 0.161730257665
v -0.0151570192284 -0.0526447300481 0.16729420614
v -0.01978894261 -0.0526447300481 0.172873157724
v -0.0290106151116 -0.0526447300481 0.174498502276
v -0.0147347542423 -0.0367435246264 -0.190267693201
v -0.00957806764478 -0.0421093458931 -0.195633514468
v -0.00957806764478 -0.0315868380289 -0.199109301133
v -0.0155170483506 -0.0315868380289 -0.191049987309
v -0.0214528369286 -0.0315868380289 -0.185111006604
v -0.0167089347656 -0.0387177051497 -0.185111006604
v -0.00957806764478 -0.0460421060938 -0.185111006604
v -0.025856331019 -0.0478651014031 -0.180331377958
v -0.00957806764478 -0.0512916229032 -0.183757899459
v -0.0284427290509 -0.0315868380289 -0.18291777599
v -0.00957806764478 -0.034151084526 0.172873157724
v -0.00957806764478 -0.0315868380289 0.173327066613
v -0.0275950130969 -0.0496037834811 0.175914104291
v -0.0245147706555 -0.0315868380289 0.178994346732
v -0.0196412862699 -0.0205921646348 -0.195174225229
v -0.00957806764478 -0.0278399984104 -0.202422059004
v -0.00957806764478 -0.0105289460096 -0.204574441158
v -0.0202239448796 -0.0105289460096 -0.195756883838
v -0.0253885302486 -0.0263394086134 -0.185111006604
v -0.0291134393781 -0.030064317743 -0.183588486318
v -0.0226688540002 -0.0236197323651 0.180840263388
v -0.00957806764478 -0.0309197165283 0.173540279224
v -0.00957806764478 -0.0105289460096 0.173807753685
v -0.0223253701936 -0.0105289460096 0.181183747194
v -0.0202239448796 -0.000116931225199 -0.195756883838
v -0.00957806764478 -0.00893448854511 -0.204574441158
v -0.00957806764478 0.0105289460096 -0.204574441158
v -0.0202239448796 0.0105289460096 -0.195756883838
v -0.0223253701936 -0.00221835653917 0.181183747194
v -0.00957806764478 -0.00959435004891 0.173807753685
v -0.00957806764478 0.0105289460096 0.173807753685
v -0.0223253701936 0.0105289460096 0.181183747194
v -0.0160004005691 0.0251645051046 -0.191533339528
v -0.00957806764478 0.0139041819656 -0.202793662667
v -0.00957806764478 0.0315868380289 -0.199109301133
v -0.0155170483506 0.0315868380289 -0.191049987309
v -0.0214528369286 0.0315868380289 -0.185111006604
v -0.0284427290509 0.0315868380289 -0.18291777599
v -0.0242118152221 0.0169530904516 0.179297302166
v -0.00957806764478 0.0111675214155 0.17351173313
v -0.00957806764478 0.0315868380289 0.173327066613
v -0.0245147706555 0.0315868380289 0.178994346732
v -0.00957806764478 0.0460421060938 -0.185111006604
v -0.025253776665 0.036969021028 -0.179728823604
v -0.00957806764478 0.0526447300481 -0.181560585371
v -0.0208563076833 0.0526447300481 -0.175331354623
v -0.0157420655022 0.0464807321907 0.166709159866
v -0.00957806764478 0.0385370628485 0.158765490524
v -0.00957806764478 0.0526447300481 0.161730257665
v -0.0151570192284 0.0526447300481 0.16729420614
v -0.01978894261 0.0526447300481 0.172873157724
v -0.0154613212365 0.0467614764564 0.172873157724
v -0.00957806764478 0.034151084526 0.172873157724
v -0.00957806764478 0.0318142456158 0.173100565311
v -0.0270813724332 0.0351414252597 0.176427744955
v -0.0290106151116 0.0526447300481 0.174498502276
v -0.018097294954 0.0651833947582 -0.164053114584
v -0.00957806764478 0.0698784123709 -0.164053114584
v -0.00957806764478 0.0737026220674 -0.159421080765
v -0.0209175558897 0.0737026220674 -0.15433471081
v -0.0244666053273 0.0588140843849 0.157984620041
v -0.00957806764478 0.0551148623474 0.154285398004
v -0.00957806764478 0.0737026220674 0.152894729896
v -0.0260389241374 0.0737026220674 0.156412301231
v -0.0277525379732 0.055528151739 0.172873157724
v -0.0299035695181 0.0533771201941 0.17360554787
v -0.0199923424237 0.0843462393077 -0.142995222565
v -0.00957806764478 0.0889554032375 -0.142995222565
v -0.00957806764478 0.0947605140867 -0.127323290583
v -0.0128876330396 0.0947605140867 -0.125246895941
v -0.0190249556791 0.0947605140867 -0.121937330546
v -0.0280569051443 0.0947605140867 -0.119358276026
v -0.0249551265519 0.0793834551796 0.136438206798
v -0.00957806764478 0.0767096026725 0.13376435429
v -0.00957806764478 0.0947605140867 0.130901776664
v -0.0281579601444 0.0947605140867 0.133235373205
v -0.0259028791419 0.0784357025895 0.151815265705
v -0.00957806764478 0.0748211053412 0.151815265705
v -0.00957806764478 0.0739944528414 0.152107096479
v -0.0292099655176 0.0751286162138 0.153241259851
v -0.00957806764478 0.100418350415 -0.121937330546
v -0.00957806764478 0.104697935727 -0.111999908905
v -0.0129354981676 0.112460975583 -0.100879438526
v -0.00957806764478 0.113444207512 -0.100879438526
v -0.00957806764478 0.115359825189 -0.0802801274245
v -0.0102553180414 0.115141155709 -0.0804987969038
v -0.0098495153744 0.115546958376 -0.0798215465072
v -0.00957806764478 0.115602841948 -0.0798215465072
v -0.00957806764478 0.115818406106 -0.0757368250485
v -0.0220414303214 0.115818406106 -0.0712270171646
v -0.0245665767982 0.100829896953 0.0947109725127
v -0.00957806764478 0.0987315388172 0.0926126143774
v -0.00957806764478 0.115818406106 0.0887079062366
v -0.029477465121 0.115818406106 0.0898000841899
v -0.0225637190431 0.102832754708 0.109699481666
v -0.00957806764478 0.100229551403 0.109699481666
v -0.00957806764478 0.0964228129308 0.11136178051
v -0.027859729935 0.0975367438157 0.112475711395
v -0.0292288626628 0.0961676110879 0.130757373685
v -0.00957806764478 0.0948382896997 0.130757373685
v -0.00957806764478 0.0947885776972 0.130785437296
v -0.0301068100036 0.0952896637471 0.131286523346
v -0.0288731676448 0.117581198125 -0.058763654488
v -0.00957806764478 0.119595030901 -0.058763654488
v -0.00957806764478 0.121063062014 -0.0535189985796
v -0.0280717920337 0.118382573736 -0.0561994868576
v -0.0249997539624 0.121454611808 -0.0377057624687
v -0.00957806764478 0.123881955886 -0.0377057624687
v -0.00957806764478 0.12390010131 -0.0296240672644
v -0.02498469525 0.12146967052 -0.0320544980546
v -0.0249383242234 0.121516041547 -0.0166478704494
v -0.00957806764478 0.123921387525 -0.0166478704494
v -0.00957806764478 0.12224320521 -0.0102230713458
v -0.0262856291347 0.120168736635 -0.0122975399201
v -0.0274861530252 0.118968212745 0.00441002156982
v -0.00957806764478 0.120478639338 0.00441002156982
v -0.00957806764478 0.11866309864 0.00725471410423
v -0.0287798658618 0.117674499908 0.0062661153721
v -0.0285419029612 0.117912462809 0.0254679135891
v -0.00957806764478 0.117692251344 0.0254679135891
v -0.00957806764478 0.116752701349 0.0264022088318
v -0.0295858233558 0.116868542414 0.0265180498974
v -0.028221072856 0.118233292914 0.0465258056083
v -0.00957806764478 0.117447647279 0.0465258056083
v -0.00957806764478 0.116587598399 0.0472949979013
v -0.0294709828907 0.116983382879 0.0476907823817
v -0.0287012871779 0.117753078592 0.0675836976276
v -0.00957806764478 0.117176530962 0.0675836976276
v -0.00957806764478 0.116464396222 0.068229687744
v -0.0297013936077 0.116752972162 0.0685182636839
v -0.0303846290836 0.116069736686 0.0886415896469
v -0.00957806764478 0.115832200366 0.0886415896469
v -0.00957806764478 0.115825035789 0.0886482193301
v -0.0305144549044 0.115939910866 0.0887630944065
v 0.00940690661798 -0.117891323862 -0.0608365722445
v 0.0114798243745 -0.117891323862 -0.0608365722445
v 0.0114798243745 -0.115818406106 -0.0757368250485
v -0.00549334618605 -0.115818406106 -0.0757368250485
v 0.00770319957919 -0.119595030901 -0.058763654488
v 0.0114798243745 -0.119595030901 -0.058763654488
v 0.00536839895572 -0.121929831525 -0.0438171878875
v 0.0114798243745 -0.121929831525 -0.0438171878875
v 0.00341627459393 -0.123881955886 -0.0377057624687
v 0.0114798243745 -0.123881955886 -0.0377057624687
v 0.0033950063945 -0.123903224086 -0.0247326884294
v 0.0114798243745 -0.123903224086 -0.0247326884294
v 0.0033768429552 -0.123921387525 -0.0166478704494
v 0.0114798243745 -0.123921387525 -0.0166478704494
v 0.00541117050586 -0.121887059975 -0.0016586322988
v 0.0114798243745 -0.121887059975 -0.0016586322988
v 0.00681959114257 -0.120478639338 0.00441002156982
v 0.0114798243745 -0.120478639338 0.00441002156982
v 0.00830194110599 -0.118996289374 0.0222900303206
v 0.0114798243745 -0.118996289374 0.0222900303206
v 0.00960597913593 -0.117692251344 0.0254679135891
v 0.0114798243745 -0.117692251344 0.0254679135891
v 0.00832184920716 -0.118976381273 0.043367830441
v 0.0114798243745 -0.118976381273 0.043367830441
v 0.00985058320136 -0.117447647279 0.0465258056083
v 0.0114798243745 -0.117447647279 0.0465258056083
v 0.00869358481539 -0.118604645665 0.0647974580685
v 0.0114798243745 -0.118604645665 0.0647974580685
v 0.0101216995189 -0.117176530962 0.0675836976276
v 0.0114798243745 -0.117176530962 0.0675836976276
v 0.0114497982342 -0.115848432246 0.0886115635066
v 0.0114798243745 -0.115848432246 0.0886115635066
v 0.0114660301142 -0.115832200366 0.0886415896469
v 0.0114798243745 -0.115832200366 0.0886415896469
v 0.0114798243745 -0.115818406106 0.0887079062366
v -0.00951175105503 -0.115818406106 0.0887079062366
v 0.00929612839411 -0.096944210067 -0.124121026526
v 0.0114798243745 -0.096944210067 -0.124121026526
v 0.0114798243745 -0.0947605140867 -0.127323290583
v 0.00609386433732 -0.0947605140867 -0.127323290583
v 0.00582198804617 -0.100418350415 -0.121937330546
v 0.0114798243745 -0.100418350415 -0.121937330546
v -0.00460614800402 -0.110846486465 -0.116965410905
v 0.0114798243745 -0.110846486465 -0.116965410905
v -0.00720386905052 -0.113444207512 -0.100879438526
v 0.0114798243745 -0.113444207512 -0.100879438526
v -0.00840418337787 -0.114644521839 -0.0997055542596
v 0.0114798243745 -0.114644521839 -0.0997055542596
v -0.00936250348655 -0.115602841948 -0.0798215465072
v 0.0114798243745 -0.115602841948 -0.0798215465072
v -0.00943323239184 -0.115673570853 -0.0796767112543
v 0.0114798243745 -0.115673570853 -0.0796767112543
v 0.00601078705863 -0.100229551403 0.109699481666
v 0.0114798243745 -0.100229551403 0.109699481666
v 0.0111650493924 -0.0950752890687 0.130442598703
v 0.0114798243745 -0.0950752890687 0.130442598703
v 0.0114020487614 -0.0948382896997 0.130757373685
v 0.0114798243745 -0.0948382896997 0.130757373685
v 0.0114798243745 -0.0947605140867 0.130901776664
v -0.0094336646662 -0.0947605140867 0.130901776664
v -0.00101422126901 -0.0861966677109 -0.155489268208
v 0.0114798243745 -0.0861966677109 -0.155489268208
v 0.0114798243745 -0.0737026220674 -0.159421080765
v -0.00494603382546 -0.0737026220674 -0.159421080765
v -0.00377295679566 -0.0889554032375 -0.142995222565
v 0.0114798243745 -0.0889554032375 -0.142995222565
v -0.00755035722375 -0.0927328036656 -0.140967512144
v 0.0114798243745 -0.0927328036656 -0.140967512144
v 0.0103613411006 -0.0748211053412 0.151815265705
v 0.0114798243745 -0.0748211053412 0.151815265705
v 0.0114798243745 -0.0737026220674 0.152894729896
v -0.00849860345333 -0.0737026220674 0.152894729896
v -0.00248917219704 -0.0666137266197 -0.178022111156
v 0.0114798243745 -0.0666137266197 -0.178022111156
v 0.0114798243745 -0.0526447300481 -0.181560585371
v -0.00602764641255 -0.0526447300481 -0.181560585371
v -0.00575385794831 -0.0698784123709 -0.164053114584
v 0.0114798243745 -0.0698784123709 -0.164053114584
v -0.0084266547121 -0.0725512091347 -0.162901701652
v 0.0114798243745 -0.0725512091347 -0.162901701652
v -0.00398364913391 -0.0681082035565 0.157409684216
v 0.0114798243745 -0.0681082035565 0.157409684216
v 0.0114798243745 -0.0526447300481 0.161730257665
v 0.000336924315934 -0.0526447300481 0.161730257665
v 0.000957316510302 -0.0421093458931 -0.195633514468
v 0.0114798243745 -0.0421093458931 -0.195633514468
v 0.0114798243745 -0.0315868380289 -0.199109301133
v -0.00251847015539 -0.0315868380289 -0.199109301133
v -0.00297544369046 -0.0460421060938 -0.185111006604
v 0.0114798243745 -0.0460421060938 -0.185111006604
v -0.00822496049986 -0.0512916229032 -0.183757899459
v 0.0114798243745 -0.0512916229032 -0.183757899459
v 0.0089155778774 -0.034151084526 0.172873157724
v 0.0114798243745 -0.034151084526 0.172873157724
v 0.0114798243745 -0.0315868380289 0.173327066613
v -0.00912415875527 -0.0315868380289 0.173327066613
v -0.00583122802627 -0.0278399984104 -0.202422059004
v 0.0114798243745 -0.0278399984104 -0.202422059004
v 0.0114798243745 -0.0105289460096 -0.204574441158
v -0.00798361018026 -0.0105289460096 -0.204574441158
v -0.0089109461442 -0.0309197165283 0.173540279224
v 0.0114798243745 -0.0309197165283 0.173540279224
v 0.0114798243745 -0.0105289460096 0.173807753685
v -0.00864347168406 -0.0105289460096 0.173807753685
v -0.00798361018026 -0.00893448854511 -0.204574441158
v 0.0114798243745 -0.00893448854511 -0.204574441158
v 0.0114798243745 0.0105289460096 -0.204574441158
v -0.00798361018026 0.0105289460096 -0.204574441158
v -0.00864347168406 -0.00959435004891 0.173807753685
v 0.0114798243745 -0.00959435004891 0.173807753685
v 0.0114798243745 0.0105289460096 0.173807753685
v -0.00864347168406 0.0105289460096 0.173807753685
v -0.00620283168882 0.0139041819656 -0.202793662667
v 0.0114798243745 0.0139041819656 -0.202793662667
v 0.0114798243745 0.0315868380289 -0.199109301133
v -0.00251847015539 0.0315868380289 -0.199109301133
v -0.00893949223888 0.0111675214155 0.17351173313
v 0.0114798243745 0.0111675214155 0.17351173313
v 0.0114798243745 0.0315868380289 0.173327066613
v -0.00912415875527 0.0315868380289 0.173327066613
v 0.00487720042016 0.0460421060938 -0.185111006604
v 0.0114798243745 0.0460421060938 -0.185111006604
v 0.0114798243745 0.0526447300481 -0.181560585371
v -0.00602764641255 0.0526447300481 -0.181560585371
v -0.00262784282514 0.0385370628485 0.158765490524
v 0.0114798243745 0.0385370628485 0.158765490524
v 0.0114798243745 0.0526447300481 0.161730257665
v 0.000336924315934 0.0526447300481 0.161730257665
v -0.00701382114771 0.034151084526 0.172873157724
v 0.0114798243745 0.034151084526 0.172873157724
v 0.0114798243745 0.0318142456158 0.173100565311
v -0.00935066005783 0.0318142456158 0.173100565311
v 0.007655614678 0.0698784123709 -0.164053114584
v 0.0114798243745 0.0698784123709 -0.164053114584
v 0.0114798243745 0.0737026220674 -0.159421080765
v -0.00494603382546 0.0737026220674 -0.159421080765
v -0.00710793534557 0.0551148623474 0.154285398004
v 0.0114798243745 0.0551148623474 0.154285398004
v 0.0114798243745 0.0737026220674 0.152894729896
v -0.00849860345333 0.0737026220674 0.152894729896
v 0.00567471352535 0.0889554032375 -0.142995222565
v 0.0114798243745 0.0889554032375 -0.142995222565
v 0.0114798243745 0.0947605140867 -0.127323290583
v 0.00609386433732 0.0947605140867 -0.127323290583
v -0.00657108703973 0.0767096026725 0.13376435429
v 0.0114798243745 0.0767096026725 0.13376435429
v 0.0114798243745 0.0947605140867 0.130901776664
v -0.0094336646662 0.0947605140867 0.130901776664
v -0.00845958437095 0.0748211053412 0.151815265705
v 0.0114798243745 0.0748211053412 0.151815265705
v 0.0114798243745 0.0739944528414 0.152107096479
v -0.00928623687077 0.0739944528414 0.152107096479
v -0.00392023131648 0.100418350415 -0.121937330546
v 0.0114798243745 0.100418350415 -0.121937330546
v 0.0114798243745 0.104697935727 -0.111999908905
v 0.000359353996002 0.104697935727 -0.111999908905
v 0.00910562578021 0.113444207512 -0.100879438526
v 0.0114798243745 0.113444207512 -0.100879438526
v 0.0114798243745 0.115359825189 -0.0802801274245
v 0.0110212434572 0.115359825189 -0.0802801274245
v 0.0112642602162 0.115602841948 -0.0798215465072
v 0.0114798243745 0.115602841948 -0.0798215465072
v 0.0114798243745 0.115818406106 -0.0757368250485
v -0.00549334618605 0.115818406106 -0.0757368250485
v -0.00560704291427 0.0987315388172 0.0926126143774
v 0.0114798243745 0.0987315388172 0.0926126143774
v 0.0114798243745 0.115818406106 0.0887079062366
v -0.00951175105503 0.115818406106 0.0887079062366
v -0.00410903032893 0.100229551403 0.109699481666
v 0.0114798243745 0.100229551403 0.109699481666
v 0.0114798243745 0.0964228129308 0.11136178051
v -0.00791576880067 0.0964228129308 0.11136178051
v -0.00950029203175 0.0948382896997 0.130757373685
v 0.0114798243745 0.0948382896997 0.130757373685
v 0.0114798243745 0.0947885776972 0.130785437296
v -0.00955000403428 0.0947885776972 0.130785437296
v -0.0058014428495 0.119595030901 -0.058763654488
v 0.0114798243745 0.119595030901 -0.058763654488
v 0.0114798243745 0.121063062014 -0.0535189985796
v -0.00433341173642 0.121063062014 -0.0535189985796
v -0.00151451786423 0.123881955886 -0.0377057624687
v 0.0114798243745 0.123881955886 -0.0377057624687
v 0.0114798243745 0.12390010131 -0.0296240672644
v -0.00149637244046 0.12390010131 -0.0296240672644
v -0.0014750862255 0.123921387525 -0.0166478704494
v 0.0114798243745 0.123921387525 -0.0166478704494
v 0.0114798243745 0.12224320521 -0.0102230713458
v -0.00315326854115 0.12224320521 -0.0102230713458
v -0.00491783441288 0.120478639338 0.00441002156982
v 0.0114798243745 0.120478639338 0.00441002156982
v 0.0114798243745 0.11866309864 0.00725471410423
v -0.00673337511038 0.11866309864 0.00725471410423
v -0.00770422240624 0.117692251344 0.0254679135891
v 0.0114798243745 0.117692251344 0.0254679135891
v 0.0114798243745 0.116752701349 0.0264022088318
v -0.00864377240204 0.116752701349 0.0264022088318
v -0.00794882647167 0.117447647279 0.0465258056083
v 0.0114798243745 0.117447647279 0.0465258056083
v 0.0114798243745 0.116587598399 0.0472949979013
v -0.00880887535184 0.116587598399 0.0472949979013
v -0.00821994278918 0.117176530962 0.0675836976276
v 0.0114798243745 0.117176530962 0.0675836976276
v 0.0114798243745 0.116464396222 0.068229687744
v -0.00893207752839 0.116464396222 0.068229687744
v -0.00956427338447 0.115832200366 0.0886415896469
v 0.0114798243745 0.115832200366 0.0886415896469
v 0.0114798243745 0.115825035789 0.0886482193301
v -0.00957143796157 0.115825035789 0.0886482193301
v 0.0316184777495 -0.11673764475 -0.0596828931322
v 0.0325377163937 -0.11651866669 -0.0594639150717
v 0.0325377163937 -0.115818406106 -0.0667114286476
v 0.0191733123686 -0.115818406106 -0.0721280585131
v 0.0307749243745 -0.117581198125 -0.058763654488
v 0.0325377163937 -0.117101932936 -0.058763654488
v 0.0284508148978 -0.119905307602 -0.0417926639646
v 0.0325377163937 -0.118894916562 -0.0407822729244
v 0.0269015106921 -0.121454611808 -0.0377057624687
v 0.0325377163937 -0.120008949192 -0.0377057624687
v 0.0268552176543 -0.121500904845 -0.0223303691889
v 0.0325377163937 -0.12004662379 -0.0208760881338
v 0.0268400809531 -0.121516041547 -0.0166478704494
v 0.0325377163937 -0.120058355621 -0.0166478704494
v 0.0283185165518 -0.120037605948 0.000190821727843
v 0.0325377163937 -0.11888270587 0.00134572180534
v 0.0293879097549 -0.118968212745 0.00441002156982
v 0.0325377163937 -0.118156770958 0.00441002156982
v 0.0290145175703 -0.119341604929 0.0219447147657
v 0.0325377163937 -0.118448096384 0.0228382233112
v 0.0304436596909 -0.117912462809 0.0254679135891
v 0.0325377163937 -0.11745065519 0.0254679135891
v 0.028028026827 -0.120328095673 0.0420161160416
v 0.0325377163937 -0.119435163142 0.0429090485724
v 0.0301228295857 -0.118233292914 0.0465258056083
v 0.0325377163937 -0.11783163557 0.0465258056083
v 0.0286871700729 -0.119668952427 0.0637331513068
v 0.0325377163937 -0.119070157942 0.0643319457917
v 0.0306030439076 -0.117753078592 0.0675836976276
v 0.0325377163937 -0.117507617133 0.0675836976276
v 0.0319978130582 -0.116358309441 0.0881016863114
v 0.0325377163937 -0.116285486993 0.0881745087597
v 0.0322863858132 -0.116069736686 0.0886415896469
v 0.0325377163937 -0.116043727887 0.0886415896469
v 0.0325377163937 -0.115818406106 0.0897584406538
v 0.0115436312463 -0.115818406106 0.0887053965186
v 0.0209267124088 -0.0947605140867 -0.121937330546
v 0.0181279776381 -0.109170252842 -0.115289177282
v 0.0325377163937 -0.106851960391 -0.11297088483
v 0.0325377163937 -0.0947605140867 -0.118306692388
v 0.0148372548973 -0.112460975583 -0.100879438526
v 0.0325377163937 -0.111033287713 -0.100879438526
v 0.0129406178277 -0.114357612653 -0.0994186450732
v 0.0325377163937 -0.113637043581 -0.098698076002
v 0.0117512721041 -0.115546958376 -0.0798215465072
v 0.0325377163937 -0.115058860152 -0.0798215465072
v 0.0116547897155 -0.115643440765 -0.0796465811662
v 0.0325377163937 -0.115324709901 -0.0793278503023
v 0.0244654757728 -0.102832754708 0.109699481666
v 0.0325377163937 -0.102641007269 0.109699481666
v 0.0277644783991 -0.0995337520813 0.125984135691
v 0.0325377163937 -0.0993924168598 0.126125470912
v 0.0311306193925 -0.0961676110879 0.130757373685
v 0.0325377163937 -0.0960896698679 0.130757373685
v 0.0325377163937 -0.0947605140867 0.133383395942
v 0.01163401002 -0.0947605140867 0.130911559331
v 0.0249139977231 -0.0813263407381 -0.150618941236
v 0.0325377163937 -0.078732629144 -0.148025229642
v 0.0325377163937 -0.0737026220674 -0.149568970487
v 0.0203300531732 -0.0737026220674 -0.155202885786
v 0.0218940991534 -0.0843462393077 -0.142995222565
v 0.0325377163937 -0.0812144575261 -0.142995222565
v 0.0140269805542 -0.092213357907 -0.140448066385
v 0.0325377163937 -0.0905004819132 -0.138735190392
v 0.0325377163937 -0.0936037842823 -0.121937330546
v 0.0325377163937 -0.0942096568759 -0.121386473335
v 0.0278046358716 -0.0784357025895 0.151815265705
v 0.0325377163937 -0.0786823285275 0.151815265705
v 0.0325377163937 -0.0737026220674 0.157144282546
v 0.0127752488445 -0.0737026220674 0.153110690175
v 0.0242920481973 -0.0608903982446 -0.172298782781
v 0.0325377163937 -0.057346228606 -0.168754613142
v 0.0325377163937 -0.0526447300481 -0.169814480354
v 0.0195464655848 -0.0526447300481 -0.177044365393
v 0.0199990516837 -0.0651833947582 -0.164053114584
v 0.0325377163937 -0.0595153097383 -0.164053114584
v 0.0129410980899 -0.072241348352 -0.162591840869
v 0.0325377163937 -0.069812069666 -0.160162562183
v 0.0216906993397 -0.0526447300481 0.172873157724
v 0.0296542947029 -0.055528151739 0.172873157724
v 0.0325377163937 -0.0560436163764 0.172873157724
v 0.0325377163937 -0.0526447300481 0.174705917926
v 0.0233545936583 -0.0315868380289 -0.185111006604
v 0.0133896167243 -0.0507349376983 -0.183201214254
v 0.0325377163937 -0.0463491023029 -0.178815378858
v 0.0325377163937 -0.0315868380289 -0.182068815881
v 0.0173630779662 -0.0467614764564 0.172873157724
v 0.0325377163937 -0.0315868380289 0.181152669763
v 0.0325377163937 -0.0482090167085 0.177308871063
v 0.0121886034451 -0.0315868380289 0.173581936795
v 0.0238945344412 -0.0191721279622 -0.193754188556
v 0.0325377163937 -0.0130812694822 -0.187663330076
v 0.0325377163937 -0.0105289460096 -0.187922306343
v 0.0188960416219 -0.0105289460096 -0.198752681375
v 0.0325377163937 -0.0171043230941 -0.185111006604
v 0.0325377163937 -0.0296198769675 -0.183144045542
v 0.01314873889 -0.0299179235134 0.174542072239
v 0.0325377163937 -0.0186244316439 0.185835564109
v 0.0325377163937 -0.0105289460096 0.186175566442
v 0.0137727052607 -0.0105289460096 0.17516603861
v 0.0188960416219 -0.00311272876222 -0.198752681375
v 0.0325377163937 0.00771764626997 -0.187922306343
v 0.0325377163937 0.0105289460096 -0.187922306343
v 0.0188960416219 0.0105289460096 -0.198752681375
v 0.0137727052607 -0.00823606512338 0.17516603861
v 0.0325377163937 0.00277346270807 0.186175566442
v 0.0325377163937 0.0105289460096 0.186175566442
v 0.0137727052607 0.0105289460096 0.17516603861
v 0.0233545936583 0.0315868380289 -0.185111006604
v 0.0272902869783 0.0263394086134 -0.185111006604
v 0.0325377163937 0.0171043230941 -0.185111006604
v 0.0325377163937 0.0315868380289 -0.182068815881
v 0.0124719673486 0.0115210889838 0.173865300698
v 0.0325377163937 0.0191565338998 0.181500745614
v 0.0325377163937 0.0315868380289 0.181152669763
v 0.0121886034451 0.0315868380289 0.173581936795
v 0.0186106914953 0.0387177051497 -0.185111006604
v 0.0325377163937 0.0423789752076 -0.174318869425
v 0.0325377163937 0.0526447300481 -0.169814480354
v 0.0195464655848 0.0526447300481 -0.177044365393
v 0.0216906993397 0.0526447300481 0.172873157724
v 0.0117386280832 0.0318456417376 0.173131961433
v 0.0325377163937 0.0355448921726 0.176831211868
v 0.0325377163937 0.0526447300481 0.174705917926
v 0.0240561598647 0.0652210655384 -0.164053114584
v 0.0325377163937 0.0595153097383 -0.164053114584
v 0.0325377163937 0.0737026220674 -0.149568970487
v 0.0203300531732 0.0737026220674 -0.155202885786
v 0.0144034232839 0.0555683289575 0.154738864614
v 0.0325377163937 0.0596892814676 0.158859817124
v 0.0325377163937 0.0737026220674 0.157144282546
v 0.0127752488445 0.0737026220674 0.153110690175
v 0.0325377163937 0.0560436163764 0.172873157724
v 0.0325377163937 0.0533796735605 0.173608101236
v 0.0238563597366 0.0860791574295 -0.142995222565
v 0.0325377163937 0.0812144575261 -0.142995222565
v 0.0325377163937 0.0886024657776 -0.128095378855
v 0.029621264415 0.0918440621079 -0.124853782524
v 0.0209267124088 0.0947605140867 -0.121937330546
v 0.0316307731814 0.0938535708743 -0.121937330546
v 0.0325377163937 0.0936037842823 -0.121937330546
v 0.0325377163937 0.0947605140867 -0.118306692388
v 0.0146610160732 0.0768838137661 0.133938565384
v 0.0325377163937 0.0796614394255 0.136716191043
v 0.0325377163937 0.0947605140867 0.133383395942
v 0.01163401002 0.0947605140867 0.130911559331
v 0.0126703235155 0.0748931212084 0.151815265705
v 0.0325377163937 0.0786823285275 0.151815265705
v 0.0325377163937 0.075098367825 0.153211011462
v 0.0117651151816 0.0739879128745 0.152100556512
v 0.0153976377347 0.0986783274469 -0.121937330546
v 0.0191797018176 0.10246039153 -0.114237453103
v 0.0290720699851 0.112352759697 -0.100879438526
v 0.0325377163937 0.111033287713 -0.100879438526
v 0.0325377163937 0.11398763878 -0.0816523138327
v 0.0312749884752 0.114555678187 -0.0810842744257
v 0.0319316098781 0.11521229959 -0.0798215465072
v 0.0325377163937 0.115058860152 -0.0798215465072
v 0.0325377163937 0.115818406106 -0.0667114286476
v 0.0191733123686 0.115818406106 -0.0721280585131
v 0.0153276547527 0.0986083444649 0.0924894200251
v 0.0325377163937 0.100664096207 0.0945451717671
v 0.0325377163937 0.115818406106 0.0897584406538
v 0.0115436312463 0.115818406106 0.0887053965186
v 0.0167936466968 0.100074336409 0.109699481666
v 0.0325377163937 0.102641007269 0.109699481666
v 0.0325377163937 0.0973931243078 0.112332091887
v 0.0130511763538 0.096331866066 0.111270833645
v 0.0115530176183 0.0948337073305 0.130757373685
v 0.0325377163937 0.0960896698679 0.130757373685
v 0.0325377163937 0.0952616604799 0.131258520079
v 0.0115063685348 0.094787058247 0.130783917846
v 0.0143099745593 0.118648556291 -0.058763654488
v 0.0325377163937 0.117101932936 -0.058763654488
v 0.0325377163937 0.117632200652 -0.0569498599422
v 0.0153540185473 0.119692600279 -0.0548894603151
v 0.017727332177 0.122065913908 -0.0377057624687
v 0.0325377163937 0.120008949192 -0.0377057624687
v 0.0325377163937 0.120020602589 -0.0335035659853
v 0.0177425818771 0.122081163609 -0.0314430049661
v 0.0177613964099 0.122099978141 -0.0166478704494
v 0.0325377163937 0.120058355621 -0.0166478704494
v 0.0325377163937 0.119104776204 -0.0133615003514
v 0.0164853101016 0.120823891833 -0.0116423847224
v 0.0150163475022 0.119354929234 0.00441002156982
v 0.0325377163937 0.118156770958 0.00441002156982
v 0.0325377163937 0.117261178271 0.00585279373465
v 0.0137166958305 0.118055277562 0.00664689302584
v 0.0129366949387 0.11727527667 0.0254679135891
v 0.0325377163937 0.11745065519 0.0254679135891
v 0.0325377163937 0.116683346616 0.0263328540995
v 0.0122485679309 0.116587149662 0.0262366571455
v 0.0128286270797 0.117167208811 0.0465258056083
v 0.0325377163937 0.11783163557 0.0465258056083
v 0.0325377163937 0.116830408602 0.0475378081045
v 0.0121462721347 0.116484853866 0.0471922533686
v 0.0126611185739 0.116999700305 0.0675836976276
v 0.0325377163937 0.117507617133 0.0675836976276
v 0.0325377163937 0.116659116011 0.0684244075323
v 0.0120601036059 0.116398685337 0.068163976859
v 0.0114921765506 0.115830758282 0.0886415896469
v 0.0325377163937 0.116043727887 0.0886415896469
v 0.0325377163937 0.115930073051 0.0887532565915
v 0.0114859145699 0.115824496301 0.0886476798422
v 0.046767581289 -0.115818406106 -0.058763654488
v 0.0528105548035 -0.116603459715 -0.0384908160782
v 0.053595608413 -0.116264674989 -0.0381520313514
v 0.053595608413 -0.115818406106 -0.0493767821972
v 0.0524745479459 -0.116939466573 -0.0377057624687
v 0.053595608413 -0.116419705372 -0.0377057624687
v 0.0523848753129 -0.117029139206 -0.0178586035495
v 0.053595608413 -0.116469159815 -0.0172986241588
v 0.0523809116602 -0.117033102859 -0.0166478704494
v 0.053595608413 -0.116470958004 -0.0166478704494
v 0.0519653437787 -0.11744867074 0.00277975693555
v 0.053595608413 -0.116702778099 0.00352564957711
v 0.0523746075279 -0.117039406991 0.00441002156982
v 0.053595608413 -0.116513375298 0.00441002156982
v 0.0498046245316 -0.119609389987 0.0216769297077
v 0.053595608413 -0.118103712909 0.0231826067864
v 0.0511849230429 -0.118229091476 0.0254679135891
v 0.053595608413 -0.117359343451 0.0254679135891
v 0.0482721862758 -0.121141828243 0.0412023834712
v 0.053595608413 -0.119424418246 0.0429197934685
v 0.0504979947085 -0.11891601981 0.0465258056083
v 0.053595608413 -0.118029652486 0.0465258056083
v 0.0492078028522 -0.120206211667 0.0631958920668
v 0.053595608413 -0.119016398403 0.0643857053306
v 0.0512441525402 -0.118169861979 0.0675836976276
v 0.053595608413 -0.117626831431 0.0675836976276
v 0.0529461507787 -0.11646786374 0.0879921320126
v 0.053595608413 -0.116307603317 0.0881523924362
v 0.0532808643968 -0.116133150122 0.0886415896469
v 0.053595608413 -0.116071597308 0.0886415896469
v 0.053595608413 -0.115818406106 0.0899268712525
v 0.0334702313648 -0.115818406106 0.089574104618
v 0.0489305560735 -0.0994255664262 -0.105544490866
v 0.053595608413 -0.0975171311459 -0.103636055586
v 0.053595608413 -0.0947605140867 -0.105087085787
v 0.0429988971968 -0.0947605140867 -0.111476149743
v 0.044797419893 -0.103558702607 -0.100879438526
v 0.053595608413 -0.100802971386 -0.100879438526
v 0.0360627590159 -0.112293363484 -0.0973543959043
v 0.053595608413 -0.110260786502 -0.0953218189224
v 0.0338248479834 -0.114531274516 -0.0798215465072
v 0.053595608413 -0.113480500186 -0.0798215465072
v 0.0332829138831 -0.115073208617 -0.0790763490179
v 0.053595608413 -0.114433870173 -0.0784370105746
v 0.053595608413 -0.115596053625 -0.058763654488
v 0.053595608413 -0.115640969164 -0.058586217546
v 0.0426667176936 -0.105689404806 0.109699481666
v 0.053595608413 -0.104692175284 0.109699481666
v 0.044788055069 -0.103568067431 0.121949820341
v 0.053595608413 -0.102614317096 0.122903570676
v 0.0505086756882 -0.0978474468115 0.130757373685
v 0.053595608413 -0.0974689197933 0.130757373685
v 0.053595608413 -0.0947605140867 0.136598829451
v 0.0352934165392 -0.0947605140867 0.133513073831
v 0.0401893108229 -0.0737026220674 -0.142995222565
v 0.0396338035776 -0.0876644269028 -0.135899135381
v 0.053595608413 -0.0844414924113 -0.13267620089
v 0.053595608413 -0.0737026220674 -0.136034016398
v 0.0347347350249 -0.0925634954555 -0.121937330546
v 0.053595608413 -0.0880031080369 -0.121937330546
v 0.0333280379794 -0.093970192501 -0.12114700896
v 0.053595608413 -0.0918844590511 -0.11906127551
v 0.0444748681189 -0.0828233623615 0.151815265705
v 0.053595608413 -0.0831100685372 0.151815265705
v 0.053595608413 -0.0737026220674 0.163549275386
v 0.0396512514965 -0.0737026220674 0.158928800807
v 0.0381809256589 -0.0526447300481 -0.164053114584
v 0.0392119243734 -0.0670284140877 -0.157378906605
v 0.053595608413 -0.0629008365783 -0.153251329095
v 0.053595608413 -0.0526447300481 -0.156043810241
v 0.053595608413 -0.0680268693627 -0.142995222565
v 0.053595608413 -0.0716393439929 -0.14093194449
v 0.0437384596623 -0.0625018787988 0.172873157724
v 0.053595608413 -0.0646457750141 0.172873157724
v 0.053595608413 -0.0526447300481 0.180468459934
v 0.0348506674768 -0.0526447300481 0.175186108807
v 0.0472451324285 -0.0379373140134 -0.170403590569
v 0.053595608413 -0.0347099982089 -0.167176274764
v 0.053595608413 -0.0315868380289 -0.167647131053
v 0.0426109131025 -0.0315868380289 -0.175037809895
v 0.053595608413 -0.0378119926298 -0.164053114584
v 0.053595608413 -0.048967280646 -0.160375665182
v 0.0526976488981 -0.0315868380289 0.193931049743
v 0.0532657806395 -0.0319166658024 0.193931049743
v 0.053595608413 -0.0320117859707 0.193931049743
v 0.053595608413 -0.0315868380289 0.194067360191
v 0.0345490381554 -0.0105289460096 -0.185111006604
v 0.0366994507976 -0.027425103625 -0.1809492722
v 0.053595608413 -0.0196640101461 -0.173188178721
v 0.053595608413 -0.0105289460096 -0.174280328388
v 0.0395420522256 -0.0105289460096 0.193931049743
v 0.0441596756269 -0.0199648787957 0.193931049743
v 0.053595608413 -0.0105289460096 0.196968643526
v 0.053595608413 -0.031393887011 0.194124000761
v 0.0345490381554 0.0105289460096 -0.185111006604
v 0.0345490381554 -0.00851762424796 -0.185111006604
v 0.053595608413 0.000301732205587 -0.174280328388
v 0.053595608413 0.0105289460096 -0.174280328388
v 0.0395420522256 0.0105289460096 0.193931049743
v 0.0395420522256 -0.0035246101778 0.193931049743
v 0.053595608413 0.0105289460096 0.196968643526
v 0.053595608413 -0.00749135222697 0.196968643526
v 0.0341996252846 0.0121908549005 -0.185111006604
v 0.053595608413 0.0273264156617 -0.168313536951
v 0.053595608413 0.0315868380289 -0.167647131053
v 0.0426109131025 0.0315868380289 -0.175037809895
v 0.0526976488981 0.0315868380289 0.193931049743
v 0.0515075398508 0.0294987694667 0.193931049743
v 0.053595608413 0.0315868380289 0.194067360191
v 0.053595608413 0.0127643198652 0.196166423599
v 0.038180925659 0.0526447300481 -0.164053114584
v 0.0471738547876 0.0462229764227 -0.164053114584
v 0.053595608413 0.0378119926298 -0.164053114584
v 0.053595608413 0.0526447300481 -0.156043810241
v 0.0373921925155 0.0364413141506 0.177727633846
v 0.053595608413 0.0412090312424 0.182495350937
v 0.053595608413 0.0526447300481 0.180468459934
v 0.0348506674768 0.0526447300481 0.175186108807
v 0.053595608413 0.0320117859707 0.193931049743
v 0.053595608413 0.0316653602591 0.194009571973
v 0.0362405620213 0.0563475756757 -0.164053114584
v 0.0405080301761 0.0606150438306 -0.156082800802
v 0.0401893108229 0.0737026220674 -0.142995222565
v 0.0503801714188 0.0704871850732 -0.142995222565
v 0.053595608413 0.0680268693627 -0.142995222565
v 0.053595608413 0.0737026220674 -0.136034016398
v 0.0416099131313 0.0617169267858 0.160887462442
v 0.053595608413 0.0660647515118 0.165235287168
v 0.053595608413 0.0737026220674 0.163549275386
v 0.0396512514965 0.0737026220674 0.158928800807
v 0.0372692107473 0.0573762244017 0.172873157724
v 0.053595608413 0.0646457750141 0.172873157724
v 0.053595608413 0.0555863012376 0.175814728913
v 0.0332598790709 0.0533668927253 0.173595320401
v 0.0373134714098 0.0784783770835 -0.142995222565
v 0.0404052424122 0.0815701480859 -0.135127696547
v 0.0495778504306 0.0907427561043 -0.121937330546
v 0.053595608413 0.0880031080369 -0.121937330546
v 0.053595608413 0.0947605140867 -0.105087085787
v 0.0429988971968 0.0947605140867 -0.111476149743
v 0.0387354512186 0.0799003568923 0.13695510851
v 0.053595608413 0.0834541361904 0.140508887808
v 0.053595608413 0.0947605140867 0.136598829451
v 0.0352934165392 0.0947605140867 0.133513073831
v 0.0377305844187 0.0788954900924 0.151815265705
v 0.053595608413 0.0831100685372 0.151815265705
v 0.053595608413 0.0766572353723 0.15476987901
v 0.0338444112073 0.0750093168809 0.153121960518
v 0.0463515390791 0.108574336772 -0.100879438526
v 0.053595608413 0.100802971386 -0.100879438526
v 0.053595608413 0.10604822975 -0.0895917228631
v 0.0503432668614 0.112566064554 -0.0830738880588
v 0.0521852685372 0.11440806623 -0.0798215465072
v 0.053595608413 0.113480500186 -0.0798215465072
v 0.053595608413 0.115427024766 -0.0591550358274
v 0.053368862251 0.115591659944 -0.05899040065
v 0.046767581289 0.115818406106 -0.058763654488
v 0.0534495677071 0.1156723654 -0.058763654488
v 0.053595608413 0.115596053625 -0.058763654488
v 0.053595608413 0.115818406106 -0.0493767821972
v 0.0376702610124 0.0998930587053 0.0937741342655
v 0.053595608413 0.102695517079 0.0965765926396
v 0.053595608413 0.115818406106 0.0899268712525
v 0.0334702313648 0.115818406106 0.089574104618
v 0.039507730533 0.101730528226 0.109699481666
v 0.053595608413 0.104692175284 0.109699481666
v 0.053595608413 0.0985791669015 0.113518134481
v 0.0348403714531 0.0970631691461 0.112002136726
v 0.0336900667064 0.0959128643994 0.130757373685
v 0.053595608413 0.0974689197933 0.130757373685
v 0.053595608413 0.0958578866744 0.131854746273
v 0.0329821970373 0.0952049947302 0.131201854329
v 0.0332751707002 0.116555860412 -0.058763654488
v 0.0335265039951 0.116807193707 -0.0577748668866
v 0.0349581572514 0.118238846964 -0.0377057624687
v 0.053595608413 0.116419705372 -0.0377057624687
v 0.053595608413 0.116421370944 -0.0371027976311
v 0.0349642640468 0.118244953759 -0.0352792148156
v 0.0349883838099 0.118269073522 -0.0166478704494
v 0.053595608413 0.116470958004 -0.0166478704494
v 0.053595608413 0.116329944365 -0.0161363321903
v 0.0344960973081 0.11777678702 -0.0146894895351
v 0.0339017682386 0.117182457951 0.00441002156982
v 0.053595608413 0.116513375298 0.00441002156982
v 0.053595608413 0.116274426857 0.00486604232108
v 0.0334429991576 0.11672368887 0.00531530433368
v 0.0335655873989 0.116846277111 0.0254679135891
v 0.053595608413 0.117359343451 0.0254679135891
v 0.053595608413 0.116721970964 0.0263714784474
v 0.0331339495869 0.116414639299 0.0260641467823
v 0.0339504625329 0.117231152245 0.0465258056083
v 0.053595608413 0.118029652486 0.0465258056083
v 0.053595608413 0.117039524011 0.0477469235131
v 0.0333033529705 0.116584042683 0.0472914421851
v 0.0338262967613 0.117106986473 0.0675836976276
v 0.053595608413 0.117626831431 0.0675836976276
v 0.053595608413 0.1167842692 0.0685495607219
v 0.0332173834403 0.116498073152 0.0682633646741
v 0.0327188205095 0.115999510222 0.0886415896469
v 0.053595608413 0.116071597308 0.0886415896469
v 0.053595608413 0.115950362358 0.0887735458993
v 0.0326319465121 0.115912636224 0.0887358197652
v 0.073303829645 -0.115818406106 -0.0377057624687
v 0.0746107931963 -0.115861113342 -0.0166905776854
v 0.0746535004323 -0.115838247378 -0.0166677117217
v 0.0746535004323 -0.115818406106 -0.0272268850645
v 0.0746106716598 -0.115861234878 -0.0166478704494
v 0.0746535004323 -0.115838287883 -0.0166478704494
v 0.0735684503334 -0.116903456205 0.00332497147094
v 0.0746535004323 -0.116335852541 0.00389257513445
v 0.0737990112096 -0.116672895329 0.00441002156982
v 0.0746535004323 -0.116245458644 0.00441002156982
v 0.0714117332292 -0.119060173309 0.0222261463861
v 0.0746535004323 -0.117540340509 0.0237459791863
v 0.0724307533759 -0.118041153162 0.0254679135891
v 0.0746535004323 -0.117069079724 0.0254679135891
v 0.0702898611483 -0.12018204539 0.0421621663244
v 0.0746535004323 -0.11840213037 0.0439420813442
v 0.0719319703872 -0.118539936151 0.0465258056083
v 0.0746535004323 -0.117530496601 0.0465258056083
v 0.0714910683574 -0.118980838181 0.0644212655527
v 0.0746535004323 -0.117825766996 0.065576336738
v 0.0728667297862 -0.117605176752 0.0675836976276
v 0.0746535004323 -0.117038489565 0.0675836976276
v 0.0746535004323 -0.115818406106 0.0821264525877
v 0.0681974754382 -0.115818406106 0.0821855646528
v 0.0612628620187 -0.115818406106 0.0886415896469
v 0.054433905218 -0.115818406106 0.0894798864518
v 0.0592254149498 -0.0947605140867 -0.100879438526
v 0.0658200652257 -0.103593949293 -0.0886549817138
v 0.0746535004323 -0.100461261848 -0.0855222942682
v 0.0746535004323 -0.0947605140867 -0.0881575443159
v 0.0604446617479 -0.108969352771 -0.0798215465072
v 0.0746535004323 -0.106187603739 -0.0798215465072
v 0.0564271774261 -0.112986837093 -0.0769899774941
v 0.0746535004323 -0.111320234985 -0.0753233753866
v 0.0540802737382 -0.115333740781 -0.058763654488
v 0.0746535004323 -0.114723354519 -0.058763654488
v 0.0539492192863 -0.115464795233 -0.0584100436147
v 0.0746535004323 -0.11501299718 -0.0579582455625
v 0.0746535004323 -0.115787827509 -0.0377057624687
v 0.0746535004323 -0.115787910104 -0.0376752664668
v 0.0746535004323 -0.113697232403 0.0886415896469
v 0.0746535004323 -0.114209596356 0.0902503993967
v 0.0624716946139 -0.106942319905 0.109699481666
v 0.0746535004323 -0.104589620322 0.109699481666
v 0.0646745991024 -0.104739415417 0.120778472356
v 0.0746535004323 -0.102443885488 0.123074002284
v 0.0708066309408 -0.0986073835781 0.130757373685
v 0.0746535004323 -0.097815135932 0.130757373685
v 0.0746535004323 -0.0947605140867 0.137806171029
v 0.0588475020054 -0.0947605140867 0.136009267278
v 0.0719012906212 -0.0737026220674 -0.121937330546
v 0.0588325079425 -0.0895236145572 -0.116700431016
v 0.0746535004323 -0.0866481114555 -0.113824927915
v 0.0746535004323 -0.0737026220674 -0.119930853673
v 0.0746535004323 -0.090871539493 -0.100879438526
v 0.0746535004323 -0.0927506389959 -0.0988695634357
v 0.0624206019245 -0.0859355205752 0.151815265705
v 0.0746535004323 -0.0851877781246 0.151815265705
v 0.0746535004323 -0.0737026220674 0.168198656529
v 0.0677303356098 -0.0737026220674 0.165949992901
v 0.0701771418693 -0.0526447300481 -0.142995222565
v 0.0573531679566 -0.0699450625238 -0.139237663021
v 0.0746535004323 -0.0655477450897 -0.134840345587
v 0.0746535004323 -0.0526447300481 -0.14010779613
v 0.0746535004323 -0.0723964948693 -0.121937330546
v 0.0746535004323 -0.0731295654482 -0.121364273926
v 0.0594146460809 -0.0678835843995 0.172873157724
v 0.0746535004323 -0.0696904384284 0.172873157724
v 0.0746535004323 -0.0526447300481 0.185517838457
v 0.0626920412188 -0.0526447300481 0.18196959053
v 0.0573598546114 -0.0315868380289 -0.164053114584
v 0.0613676351909 -0.0448727032703 -0.156281087806
v 0.0746535004323 -0.0396478647398 -0.151056249276
v 0.0746535004323 -0.0315868380289 -0.152891178024
v 0.0746535004323 -0.0483355491664 -0.142995222565
v 0.0746535004323 -0.0513230579572 -0.141673550474
v 0.0668017294427 -0.0394386090184 0.193931049743
v 0.0746535004323 -0.0409551550599 0.193931049743
v 0.0746535004323 -0.0315868380289 0.197351541711
v 0.0537361300735 -0.0315868380289 0.194071571404
v 0.0655873308675 -0.0105289460096 -0.164053114584
v 0.0591157759223 -0.0260666705196 -0.164053114584
v 0.0746535004323 -0.0238461660836 -0.156312442639
v 0.0746535004323 -0.0105289460096 -0.158523311036
v 0.0538186652468 -0.0313637811951 0.194154106577
v 0.0746535004323 -0.0266152113131 0.198902676459
v 0.0746535004323 -0.0105289460096 0.201525342713
v 0.057034010117 -0.0105289460096 0.197369451447
v 0.0655873308675 0.0105289460096 -0.164053114584
v 0.0655873308675 0.0014627764449 -0.164053114584
v 0.0746535004323 -0.00499914246176 -0.158523311036
v 0.0746535004323 0.0105289460096 -0.158523311036
v 0.057034010117 -0.00709054430559 0.197369451447
v 0.0746535004323 -0.00293465303944 0.201525342713
v 0.0746535004323 0.0105289460096 0.201525342713
v 0.057034010117 0.0105289460096 0.197369451447
v 0.0573598546114 0.0315868380289 -0.164053114584
v 0.063021695668 0.0199550332646 -0.164053114584
v 0.0746535004323 0.0191342715864 -0.155447789007
v 0.0746535004323 0.0315868380289 -0.152891178024
v 0.0558929217111 0.0128262593077 0.196228363041
v 0.0746535004323 0.0160338592629 0.199435962996
v 0.0746535004323 0.0315868380289 0.197351541711
v 0.0537361300735 0.0315868380289 0.194071571404
v 0.0563784228598 0.0343696524757 -0.164053114584
v 0.0638780394436 0.0418692690595 -0.153770683554
v 0.0701771418693 0.0526447300481 -0.142995222565
v 0.0728607230736 0.0508519526895 -0.142995222565
v 0.0746535004323 0.0483355491664 -0.142995222565
v 0.0746535004323 0.0526447300481 -0.14010779613
v 0.0647865281384 0.0427777577543 0.184064077449
v 0.0746535004323 0.0459066916389 0.187193011334
v 0.0746535004323 0.0526447300481 0.185517838457
v 0.0626920412188 0.0526447300481 0.18196959053
v 0.054164418813 0.0321556484289 0.193931049743
v 0.0746535004323 0.0409551550599 0.193931049743
v 0.0746535004323 0.033524245694 0.195868457408
v 0.0536692626105 0.0316604922263 0.194004703941
v 0.0637503695553 0.0627994911904 -0.142995222565
v 0.0725267713804 0.0715758930155 -0.124064059598
v 0.0719012906212 0.0737026220674 -0.121937330546
v 0.0739793762575 0.0730284978926 -0.121937330546
v 0.0746535004323 0.0723964948693 -0.121937330546
v 0.0746535004323 0.0737026220674 -0.119930853673
v 0.0691845628271 0.0682336844623 0.167404220119
v 0.0746535004323 0.0702584647236 0.16942900038
v 0.0746535004323 0.0737026220674 0.168198656529
v 0.0677303356098 0.0737026220674 0.165949992901
v 0.0679677899811 0.0670169116163 0.172873157724
v 0.0746535004323 0.0696904384284 0.172873157724
v 0.0746535004323 0.0574207582935 0.177649185969
v 0.0563171585922 0.0553662802273 0.175594707903
v 0.0647104093751 0.0848174230296 -0.121937330546
v 0.0695081008514 0.0896151145058 -0.106024838107
v 0.0592254149498 0.0947605140867 -0.100879438526
v 0.0725967106595 0.092703724314 -0.100879438526
v 0.0746535004323 0.090871539493 -0.100879438526
v 0.0746535004323 0.0947605140867 -0.0881575443159
v 0.0625963593273 0.0827033729818 0.1397581246
v 0.0746535004323 0.0855183388184 0.142573090436
v 0.0746535004323 0.0947605140867 0.137806171029
v 0.0588475020054 0.0947605140867 0.136009267278
v 0.0622584850978 0.0823654987523 0.151815265705
v 0.0746535004323 0.0851877781246 0.151815265705
v 0.0746535004323 0.0777691277154 0.155881771353
v 0.0561721674591 0.0762791811135 0.154391824751
v 0.0572030797225 0.0983679853962 -0.100879438526
v 0.0619738870304 0.103138792704 -0.0925011599091
v 0.0708793861042 0.112044291778 -0.0798215465072
v 0.0746535004323 0.106187603739 -0.0798215465072
v 0.0746535004323 0.112755657012 -0.0618264035815
v 0.0737641358033 0.114929041477 -0.0596530191169
v 0.0741429191122 0.115307824786 -0.058763654488
v 0.0746535004323 0.114723354519 -0.058763654488
v 0.0746535004323 0.115776250778 -0.0377479177964
v 0.0746343831573 0.115799288831 -0.0377248797436
v 0.073303829645 0.115818406106 -0.0377057624687
v 0.074638274876 0.11580318055 -0.0377057624687
v 0.0746535004323 0.115787827509 -0.0377057624687
v 0.0746535004323 0.115818406106 -0.0272268850645
v 0.0696579268598 0.110822832533 0.0836460160744
v 0.0746535004323 0.112297436507 0.085120620048
v 0.0746535004323 0.115818406106 0.0821264525877
v 0.0681974754382 0.115818406106 0.0821855646528
v 0.0612628620187 0.115818406106 0.0886415896469
v 0.0713248495628 0.112489755236 0.0886415896469
v 0.0746535004323 0.113697232403 0.0886415896469
v 0.0746535004323 0.103028302524 0.0969093780839
v 0.0594565282206 0.100621433894 0.0945025094545
v 0.054433905218 0.115818406106 0.0894798864518
v 0.0612351133679 0.102400019042 0.109699481666
v 0.0746535004323 0.104589620322 0.109699481666
v 0.0746535004323 0.0990862942419 0.114025261821
v 0.0566268012462 0.0977917069199 0.112730674499
v 0.055717324916 0.0968822305896 0.130757373685
v 0.0746535004323 0.097815135932 0.130757373685
v 0.0746535004323 0.0961000945791 0.132096954178
v 0.0544997650458 0.0956646707195 0.131661530318
v 0.053878997925 0.116101795618 -0.0377057624687
v 0.0538795691872 0.11610236688 -0.0374218016945
v 0.0539033164108 0.116126114104 -0.0166478704494
v 0.0746535004323 0.115838287883 -0.0166478704494
v 0.0746535004323 0.115834745547 -0.0166315310087
v 0.0538491100073 0.1160719077 -0.0163943688551
v 0.0539415703725 0.116164368065 0.00441002156982
v 0.0746535004323 0.116245458644 0.00441002156982
v 0.0746535004323 0.116122999945 0.00471461540846
v 0.0538420868541 0.116064884547 0.00465650001088
v 0.0544491359621 0.116671933655 0.0254679135891
v 0.0746535004323 0.117069079724 0.0254679135891
v 0.0746535004323 0.116627463336 0.026276970819
v 0.0541438713187 0.116366669012 0.0260161764948
v 0.05497247192 0.117195269613 0.0465258056083
v 0.0746535004323 0.117530496601 0.0465258056083
v 0.0746535004323 0.116852735379 0.0475601348809
v 0.0544217491737 0.116644546867 0.047351946369
v 0.0548309188598 0.117053716553 0.0675836976276
v 0.0746535004323 0.117038489565 0.0675836976276
v 0.0746535004323 0.116518944468 0.0682842359893
v 0.0543051215995 0.116527919292 0.0682932108141
v 0.0537798654575 0.11600266315 0.0886415896469
v 0.053698237321 0.115921035014 0.0887442185549
v 0.0755330883294 -0.115818406106 -0.0166478704494
v 0.0767992711295 -0.115818406106 -0.0145020997522
v 0.0904789180345 -0.115818406106 0.00441002156982
v 0.0949699727865 -0.116559825771 0.0247264939241
v 0.0957113924515 -0.116176121681 0.0251101980138
v 0.0957113924515 -0.115818406106 0.00773559194383
v 0.0951802564965 -0.116349542061 0.0254679135891
v 0.0957113924515 -0.116091770316 0.0254679135891
v 0.0946884628035 -0.116841335754 0.0455028759603
v 0.0957113924515 -0.116351079658 0.045993132056
v 0.0950523379051 -0.116477460652 0.0465258056083
v 0.0957113924515 -0.116190145968 0.0465258056083
v 0.0957113924515 -0.115818406106 0.0573866291034
v 0.0903360585943 -0.115818406106 0.0622083637704
v 0.0910043301193 -0.115818406106 0.0675836976276
v 0.0795672995395 -0.115818406106 0.0724974967349
v 0.0859054625817 -0.0947605140867 -0.0798215465072
v 0.0876194646139 -0.102852441924 -0.0668555823256
v 0.0957113924515 -0.0990319403815 -0.0630350807828
v 0.0957113924515 -0.0947605140867 -0.066689503512
v 0.0798015970997 -0.110670309439 -0.058763654488
v 0.0957113924515 -0.104906877505 -0.058763654488
v 0.0773186177588 -0.113153288779 -0.0560985371614
v 0.0957113924515 -0.108973712817 -0.0519189611988
v 0.0747644905948 -0.115707415943 -0.0377057624687
v 0.0957113924515 -0.113251721414 -0.0377057624687
v 0.0747628240851 -0.115709082453 -0.0375964388159
v 0.0957113924515 -0.113285801957 -0.03517315832
v 0.0957113924515 -0.11354771648 -0.0166478704494
v 0.0957113924515 -0.113193005317 -0.0140224696608
v 0.0957113924515 -0.114725859624 0.00441002156982
v 0.0957113924515 -0.115005140685 0.00522328699069
v 0.0957113924515 -0.114187199703 0.0675836976276
v 0.0957113924515 -0.114800105143 0.0686019985906
v 0.0761966790354 -0.114275227503 0.0886415896469
v 0.0957113924515 -0.10808890889 0.0886415896469
v 0.0759730019613 -0.114498904577 0.0899610911759
v 0.0957113924515 -0.108890957282 0.0955690384711
v 0.0847621776434 -0.105709728895 0.109699481666
v 0.0957113924515 -0.102377085045 0.109699481666
v 0.0887643390144 -0.101707567524 0.123810320248
v 0.0957113924515 -0.0990733529838 0.126444534788
v 0.0930381646452 -0.0974337418929 0.130757373685
v 0.0957113924515 -0.0966331059661 0.130757373685
v 0.0957113924515 -0.0947605140867 0.1351813108
v 0.0796408494625 -0.0947605140867 0.135744722716
v 0.0943329404339 -0.075081074085 -0.102257890544
v 0.0957113924515 -0.0746048106853 -0.101781627144
v 0.0957113924515 -0.0737026220674 -0.101948442873
v 0.0895167444664 -0.0737026220674 -0.107074086512
v 0.0922931181073 -0.0771208964116 -0.100879438526
v 0.0957113924515 -0.0755485389773 -0.100879438526
v 0.0790038040529 -0.090410210466 -0.0965291349058
v 0.0957113924515 -0.0875097172739 -0.0936286417137
v 0.0957113924515 -0.092034767771 -0.0798215465072
v 0.0957113924515 -0.09311514853 -0.0781761809506
v 0.0827978430811 -0.0866161714378 0.151815265705
v 0.0957113924515 -0.0841142796058 0.151815265705
v 0.0957113924515 -0.0737026220674 0.167822358546
v 0.0895143945718 -0.0737026220674 0.166676159844
v 0.0943750565365 -0.0539810659631 -0.123273666461
v 0.0957113924515 -0.053454455925 -0.122747056423
v 0.0957113924515 -0.0526447300481 -0.122902723808
v 0.0912410723905 -0.0526447300481 -0.126407650607
v 0.0874342847047 -0.0609218377949 -0.121937330546
v 0.0957113924515 -0.0542604074704 -0.121937330546
v 0.075864247695 -0.0724918748046 -0.120726583283
v 0.0957113924515 -0.066917306852 -0.11515201533
v 0.0776168284261 -0.0707392940735 0.172873157724
v 0.0957113924515 -0.0696357842853 0.172873157724
v 0.0957113924515 -0.0526447300481 0.187031820466
v 0.0870379770533 -0.0526447300481 0.185257634345
v 0.0865975323615 -0.0315868380289 -0.142995222565
v 0.0777657560954 -0.049532474385 -0.139882966902
v 0.0957113924515 -0.0422612146678 -0.132611707185
v 0.0957113924515 -0.0315868380289 -0.135842941778
v 0.0834307679455 -0.0438674625349 0.193931049743
v 0.0957113924515 -0.0436040492163 0.193931049743
v 0.0957113924515 -0.0315868380289 0.198844687519
v 0.0777796477318 -0.0315868380289 0.197057197043
v 0.093840054859 -0.0105289460096 -0.142995222565
v 0.0923601342453 -0.0138802042158 -0.142995222565
v 0.0957113924515 -0.0266955798431 -0.138103964379
v 0.0957113924515 -0.0105289460096 -0.141525248271
v 0.0795538866298 -0.0266864518313 0.198831435941
v 0.0957113924515 -0.024296902018 0.201220985754
v 0.0957113924515 -0.0105289460096 0.203833560765
v 0.0821565003671 -0.0105289460096 0.201434049678
v 0.093840054859 0.0105289460096 -0.142995222565
v 0.093840054859 0.00865760841715 -0.142995222565
v 0.0957113924515 -0.00905897171589 -0.141525248271
v 0.0957113924515 0.0105289460096 -0.141525248271
v 0.0821565003671 -0.00302594607483 0.201434049678
v 0.0957113924515 -0.000626434987774 0.203833560765
v 0.0957113924515 0.0105289460096 0.203833560765
v 0.0821565003671 0.0105289460096 0.201434049678
v 0.0865975323615 0.0315868380289 -0.142995222565
v 0.0897680586094 0.0256435041868 -0.142995222565
v 0.0957113924515 0.0129115032888 -0.140612665286
v 0.0957113924515 0.0315868380289 -0.135842941778
v 0.0797363903612 0.0156118359386 0.199013939672
v 0.0957113924515 0.0176436183055 0.201045722039
v 0.0957113924515 0.0315868380289 0.198844687519
v 0.0777796477318 0.0315868380289 0.197057197043
v 0.0832728052309 0.0402061428276 -0.142995222565
v 0.0957113924515 0.0508906077955 -0.123691452798
v 0.0957113924515 0.0526447300481 -0.122902723808
v 0.0912410723905 0.0526447300481 -0.126407650607
v 0.0887363806051 0.0456697182018 0.186956037897
v 0.0957113924515 0.0474282482152 0.18871456791
v 0.0957113924515 0.0526447300481 0.187031820466
v 0.0870379770533 0.0526447300481 0.185257634345
v 0.0837560888454 0.040689426442 0.193931049743
v 0.0957113924515 0.0436040492163 0.193931049743
v 0.0957113924515 0.0343447208173 0.196688932532
v 0.0763268326724 0.033260170269 0.195604381983
v 0.0885500033544 0.0665412329703 -0.121937330546
v 0.0957113924515 0.0542604074704 -0.121937330546
v 0.0957113924515 0.0737026220674 -0.101948442873
v 0.0895167444664 0.0737026220674 -0.107074086512
v 0.0910309850531 0.069022214669 0.168192750325
v 0.0957113924515 0.0703281706212 0.169498706278
v 0.0957113924515 0.0737026220674 0.167822358546
v 0.0895143945718 0.0737026220674 0.166676159844
v 0.0903214619268 0.0683126915427 0.172873157724
v 0.0957113924515 0.0696357842853 0.172873157724
v 0.0957113924515 0.0579892157576 0.178217643433
v 0.0786831798364 0.0566744094523 0.176902837128
v 0.0891079398819 0.088157061517 -0.100879438526
v 0.0957113924515 0.0755485389773 -0.100879438526
v 0.0957113924515 0.0790380753944 -0.0955439851995
v 0.0932995675762 0.0923486892113 -0.0822333713826
v 0.0859054625817 0.0947605140867 -0.0798215465072
v 0.0945146777651 0.0935637994003 -0.0798215465072
v 0.0957113924515 0.092034767771 -0.0798215465072
v 0.0957113924515 0.0947605140867 -0.066689503512
v 0.083937560736 0.0829866823712 0.140041433989
v 0.0957113924515 0.0849192929186 0.141974044537
v 0.0957113924515 0.0947605140867 0.1351813108
v 0.0796408494625 0.0947605140867 0.135744722716
v 0.0836091954561 0.0826583170912 0.151815265705
v 0.0957113924515 0.0841142796058 0.151815265705
v 0.0957113924515 0.0777867992523 0.15589944289
v 0.0778969752 0.0769460968352 0.155058740472
v 0.0815192460841 0.101626259739 -0.0798215465072
v 0.0881034204772 0.108210434132 -0.0663716264623
v 0.0924643373876 0.112571351042 -0.058763654488
v 0.0957113924515 0.104906877505 -0.058763654488
v 0.0957113924515 0.110835603634 -0.0426885649404
v 0.0946600996601 0.114767113314 -0.0387570552601
v 0.0949386161079 0.115045629762 -0.0377057624687
v 0.0957113924515 0.113251721414 -0.0377057624687
v 0.0957113924515 0.113516722542 -0.0189495540132
v 0.0950252749398 0.115132288594 -0.0173339879612
v 0.0755330883294 0.115818406106 -0.0166478704494
v 0.0950270705696 0.115134084224 -0.0166478704494
v 0.0957113924515 0.11354771648 -0.0166478704494
v 0.0957113924515 0.114883969724 0.0034755851879
v 0.0954431106878 0.115550124342 0.00414173980607
v 0.0767992711295 0.115818406106 -0.0145020997522
v 0.0904789180345 0.115818406106 0.00441002156982
v 0.0953754741689 0.115482487823 0.00441002156982
v 0.0957113924515 0.114725859624 0.00441002156982
v 0.0957113924515 0.115818406106 0.00773559194383
v 0.0918746889972 0.111981702652 0.0637469941732
v 0.0957113924515 0.112656344024 0.0644216355457
v 0.0957113924515 0.115818406106 0.0573866291034
v 0.0903360585943 0.115818406106 0.0622083637704
v 0.0910043301193 0.115818406106 0.0675836976276
v 0.0933050516436 0.113412065298 0.0675836976276
v 0.0957113924515 0.114187199703 0.0675836976276
v 0.0957113924515 0.105513726093 0.0783369096337
v 0.0831706581659 0.10327767182 0.0761008553613
v 0.0795672995395 0.115818406106 0.0724974967349
v 0.0862144428349 0.106321456489 0.0886415896469
v 0.0957113924515 0.10808890889 0.0886415896469
v 0.0957113924515 0.101580758339 0.095461833899
v 0.0799751403786 0.100082154033 0.0939632295932
v 0.0812678155419 0.101374829196 0.109699481666
v 0.0957113924515 0.102377085045 0.109699481666
v 0.0957113924515 0.098483115204 0.113422082783
v 0.0777675370525 0.0978745507069 0.112813518286
v 0.0768066361606 0.096913649815 0.130757373685
v 0.0957113924515 0.0966331059661 0.130757373685
v 0.0957113924515 0.095642397655 0.131639257254
v 0.0756754099182 0.0957824235726 0.131779283171
v 0.0746625270099 0.115827432684 -0.0166478704494
v 0.0746612408186 0.115826146492 -0.0166401300631
v 0.0748579052372 0.116022810911 0.00441002156982
v 0.074809433096 0.11597433877 0.00456595423358
v 0.075308335387 0.116473241061 0.0254679135891
v 0.0957113924515 0.116091770316 0.0254679135891
v 0.0957113924515 0.116008454905 0.0256579623882
v 0.0751113169882 0.116276222662 0.025925730145
v 0.0756414387615 0.116806344435 0.0465258056083
v 0.0957113924515 0.116190145968 0.0465258056083
v 0.0957113924515 0.116059058155 0.0467664576573
v 0.0752998483018 0.116464753976 0.0471721534779
v 0.0754185876063 0.11658349328 0.0675836976276
v 0.0751288991362 0.11629380481 0.0680590963315
v 0.0976186414239 -0.115818406106 0.0254679135891
v 0.0969912192325 -0.115818406106 0.0267477403701
v 0.0980957226874 -0.115818406106 0.0465258056083
v 0.0969891807858 -0.115818406106 0.0478035939426
v 0.108474106032 -0.0947605140867 -0.058763654488
v 0.115717089842 -0.0958127087156 -0.0387579570976
v 0.116769284471 -0.0949658307312 -0.0379110791132
v 0.116769284471 -0.0947605140867 -0.0393915815057
v 0.113519749905 -0.0980100486523 -0.0377057624687
v 0.116769284471 -0.0950790329495 -0.0377057624687
v 0.111404191874 -0.100125606684 -0.0220129630464
v 0.116769284471 -0.0953495115456 -0.0172368679083
v 0.110896916427 -0.10063288213 -0.0166478704494
v 0.116769284471 -0.0953575674968 -0.0166478704494
v 0.101733704174 -0.109796094383 -0.0106255587266
v 0.116769284471 -0.0980987596732 0.00107177598326
v 0.0985197160657 -0.113010082492 0.00441002156982
v 0.116769284471 -0.0976143587077 0.00441002156982
v 0.0964058012673 -0.11512399729 0.00510443038559
v 0.116769284471 -0.10348543472 0.0167429929557
v 0.116769284471 -0.102212686874 0.0254679135891
v 0.116769284471 -0.107262307076 0.0340240126187
v 0.116769284471 -0.105016049898 0.0465258056083
v 0.116769284471 -0.10832475943 0.0540194522842
v 0.0970194104805 -0.114510388077 0.0675836976276
v 0.116769284471 -0.104826623739 0.0675836976276
v 0.0966515273136 -0.114878271244 0.0685238324897
v 0.116769284471 -0.106654327805 0.0767477759284
v 0.103035854247 -0.10849394431 0.0886415896469
v 0.116769284471 -0.102458983914 0.0886415896469
v 0.103576942543 -0.107952856015 0.0965071397383
v 0.116769284471 -0.101923148995 0.102536846758
v 0.11007618545 -0.101453613108 0.109699481666
v 0.116769284471 -0.0987000118131 0.109699481666
v 0.116769284471 -0.0947605140867 0.125571626125
v 0.112310060026 -0.0947605140867 0.12629814924
v 0.108946578726 -0.0947605140867 0.130757373685
v 0.0981965059123 -0.0947605140867 0.133242487146
v 0.0972066034074 -0.0737026220674 -0.100879438526
v 0.115815297641 -0.0746566088974 -0.0807755333372
v 0.116769284471 -0.0743530920147 -0.0804720164545
v 0.116769284471 -0.0737026220674 -0.0805875289806
v 0.113746590679 -0.0767253158596 -0.0798215465072
v 0.116769284471 -0.0754394656984 -0.0798215465072
v 0.100553820574 -0.089918085964 -0.0749791183845
v 0.116769284471 -0.0872292647589 -0.0722902971794
v 0.116769284471 -0.0925523328936 -0.058763654488
v 0.116769284471 -0.0932005286356 -0.0572036690369
v 0.116769284471 -0.0925926162764 0.130757373685
v 0.116769284471 -0.0917027523188 0.133815135453
v 0.106648491899 -0.0838234146396 0.151815265705
v 0.116769284471 -0.0803919411849 0.151815265705
v 0.116769284471 -0.0737026220674 0.162266978562
v 0.106454139276 -0.0737026220674 0.162558012529
v 0.0969367876202 -0.0526447300481 -0.121937330546
v 0.113707085291 -0.0557069292278 -0.103941637706
v 0.116769284471 -0.0545982650229 -0.102832973501
v 0.116769284471 -0.0526447300481 -0.103244438827
v 0.116769284471 -0.0567640453266 -0.100879438526
v 0.116769284471 -0.067098248298 -0.0942750647571
v 0.0995373911001 -0.0698766234188 0.172873157724
v 0.116769284471 -0.0652117011314 0.172873157724
v 0.116769284471 -0.0526447300481 0.184030041025
v 0.106473510331 -0.0526447300481 0.183635275603
v 0.111797923399 -0.0315868380289 -0.121937330546
v 0.0984777562032 -0.0498783662965 -0.121937330546
v 0.116769284471 -0.0431720437261 -0.112464644224
v 0.116769284471 -0.0315868380289 -0.116664396728
v 0.105010738773 -0.043345383727 0.193931049743
v 0.116769284471 -0.039836167642 0.193931049743
v 0.116769284471 -0.0315868380289 0.197595280714
v 0.0995293335933 -0.0315868380289 0.197748990885
v 0.114176405694 -0.0131218247862 -0.124530209322
v 0.116769284471 -0.0114861061201 -0.122894490656
v 0.116769284471 -0.0105289460096 -0.123005796038
v 0.1091572515 -0.0105289460096 -0.129549363517
v 0.116769284471 -0.0145180610231 -0.121937330546
v 0.116769284471 -0.0280863942752 -0.118436886792
v 0.101402551671 -0.0258956788093 0.199622208963
v 0.116769284471 -0.0261008061764 0.199417081596
v 0.116769284471 -0.0105289460096 0.202709114633
v 0.1037778515 -0.0105289460096 0.201997508792
v 0.1091572515 0.00291691303881 -0.129549363517
v 0.116769284471 0.00946048051692 -0.123005796038
v 0.116769284471 0.0105289460096 -0.123005796038
v 0.1091572515 0.0105289460096 -0.129549363517
v 0.1037778515 -0.00246248696095 0.201997508792
v 0.116769284471 -0.00175088112009 0.202709114633
v 0.116769284471 0.0105289460096 0.202709114633
v 0.1037778515 0.0105289460096 0.201997508792
v 0.111797923399 0.0315868380289 -0.121937330546
v 0.113530100377 0.0283476539352 -0.121937330546
v 0.116769284471 0.0145180610231 -0.121937330546
v 0.116769284471 0.0315868380289 -0.116664396728
v 0.101412891942 0.0162304455002 0.199632549234
v 0.116769284471 0.0168346846047 0.200236788338
v 0.116769284471 0.0315868380289 0.197595280714
v 0.0995293335933 0.0315868380289 0.197748990885
v 0.0969367876202 0.0526447300481 -0.121937330546
v 0.107700366762 0.0435758123397 -0.121937330546
v 0.116769284471 0.0476654742085 -0.105858694366
v 0.116769284471 0.0526447300481 -0.103244438827
v 0.108500900681 0.044376346258 0.185662665953
v 0.116769284471 0.0454897703397 0.186776090035
v 0.116769284471 0.0526447300481 0.184030041025
v 0.106473510331 0.0526447300481 0.183635275603
v 0.104212763375 0.0400882089521 0.193931049743
v 0.116769284471 0.039836167642 0.193931049743
v 0.116769284471 0.0336466807333 0.195990892448
v 0.0978659799875 0.0337414255649 0.196085637279
v 0.0967129686254 0.0536463062221 -0.121937330546
v 0.0979468570998 0.0548801946964 -0.119701865897
v 0.0972066034074 0.0737026220674 -0.100879438526
v 0.111512938272 0.0684462758691 -0.100879438526
v 0.116769284471 0.0567640453266 -0.100879438526
v 0.116769284471 0.0737026220674 -0.0805875289806
v 0.109033304396 0.0659666419923 0.165137177649
v 0.116769284471 0.0671039005227 0.166274436179
v 0.116769284471 0.0737026220674 0.162266978562
v 0.106454139276 0.0737026220674 0.162558012529
v 0.10789510113 0.0648284387263 0.172873157724
v 0.116769284471 0.0652117011314 0.172873157724
v 0.116769284471 0.0569608059528 0.177189233629
v 0.0997753996383 0.0567087372349 0.176937164911
v 0.0969880396283 0.0749792692442 -0.100879438526
v 0.0989540415991 0.076945271215 -0.0976367893789
v 0.112198754922 0.0901899845377 -0.0798215465072
v 0.116769284471 0.0754394656984 -0.0798215465072
v 0.116769284471 0.0800062907423 -0.0735178778324
v 0.115608735603 0.0935999652184 -0.0599242033562
v 0.108474106032 0.0947605140867 -0.058763654488
v 0.116091664002 0.0940828936175 -0.058763654488
v 0.116769284471 0.0925523328936 -0.058763654488
v 0.116769284471 0.0947605140867 -0.0393915815057
v 0.113515318399 0.0915065480146 0.127503407613
v 0.116769284471 0.0922521934312 0.12824905303
v 0.116769284471 0.0947605140867 0.125571626125
v 0.112310060026 0.0947605140867 0.12629814924
v 0.108946578726 0.0947605140867 0.130757373685
v 0.114217001821 0.0922082314367 0.130757373685
v 0.116769284471 0.0925926162764 0.130757373685
v 0.116769284471 0.0822936662696 0.139348417888
v 0.103385746545 0.0813769761612 0.138431727779
v 0.0981965059123 0.0947605140867 0.133242487146
v 0.10265557294 0.080646802556 0.151815265705
v 0.116769284471 0.0803919411849 0.151815265705
v 0.116769284471 0.0765380184498 0.154650662087
v 0.0986852063397 0.0766764359556 0.154789079593
v 0.0988336188414 0.0978827404765 -0.058763654488
v 0.1002082524 0.0992573740356 -0.054266794539
v 0.103660261089 0.102709382724 -0.0377057624687
v 0.116769284471 0.0950790329495 -0.0377057624687
v 0.116769284471 0.0950834478234 -0.037382828732
v 0.103729548462 0.102778670097 -0.029687606458
v 0.103805195241 0.102854316876 -0.0166478704494
v 0.116769284471 0.0953575674968 -0.0166478704494
v 0.116769284471 0.0952597250757 -0.0161486594604
v 0.102911113353 0.101960234988 -0.0094481495478
v 0.102154405917 0.101203527552 0.00441002156982
v 0.116769284471 0.0976143587077 0.00441002156982
v 0.116769284471 0.097039774552 0.00668928203513
v 0.101069902362 0.100119023997 0.00976853148004
v 0.0976186414239 0.115818406106 0.0254679135891
v 0.10239476184 0.101443883475 0.0254679135891
v 0.116769284471 0.102212686874 0.0254679135891
v 0.116769284471 0.100287623976 0.0309950234783
v 0.100596984352 0.0996461059869 0.0303535054893
v 0.0969912192325 0.115818406106 0.0267477403701
v 0.0980957226874 0.115818406106 0.0465258056083
v 0.104223429903 0.103272551538 0.0465258056083
v 0.116769284471 0.105016049898 0.0465258056083
v 0.116769284471 0.10159317963 0.0533584711513
v 0.101092589514 0.10014171115 0.0519070026713
v 0.0969891807858 0.115818406106 0.0478035939426
v 0.104542852013 0.103591973649 0.0675836976276
v 0.116769284471 0.104826623739 0.0675836976276
v 0.116769284471 0.100847736378 0.0736709199188
v 0.100824953352 0.0998740749876 0.0726972585285
v 0.103005562948 0.102054684583 0.0886415896469
v 0.116769284471 0.102458983914 0.0886415896469
v 0.116769284471 0.0990694977247 0.0929505732849
v 0.0997403981426 0.0987895197777 0.0926705953379
v 0.100316227599 0.099365349234 0.109699481666
v 0.116769284471 0.0987000118131 0.109699481666
v 0.116769284471 0.0968317609802 0.11177072856
v 0.0981779129344 0.0972270345695 0.112166002149
v 0.0969090088555 0.0959581304906 0.130757373685
v 0.0963369257166 0.0953860473518 0.13138290695
v 0.0958512756438 0.115958289298 0.0254679135891
v 0.0958154412681 0.115922454923 0.0255719624057
v 0.0959157193871 0.116022733042 0.0465258056083
v 0.095854134072 0.115961147726 0.0466685472288
v 0.120398195121 -0.0947605140867 -0.0377057624687
v 0.12134021381 -0.0947605140867 -0.0331348331296
v 0.123968281107 -0.0947605140867 -0.0166478704494
v 0.135687942061 -0.096899748516 0.0022707871405
v 0.13782717649 -0.0952458146956 0.00392472096086
v 0.13782717649 -0.0947605140867 -0.00965862108997
v 0.136016140827 -0.0965715497501 0.00441002156982
v 0.13782717649 -0.0951782190701 0.00441002156982
v 0.129736862529 -0.102850828048 0.017377599628
v 0.13782717649 -0.0972518216819 0.0229766059939
v 0.130968519299 -0.101619171278 0.0254679135891
v 0.13782717649 -0.0967545937568 0.0254679135891
v 0.1262194771 -0.106368213477 0.034918106218
v 0.13782717649 -0.0991848588708 0.0421014608242
v 0.128480576428 -0.104107114149 0.0465258056083
v 0.13782717649 -0.0981120174887 0.0465258056083
v 0.125926862446 -0.106660828131 0.0556833835833
v 0.13782717649 -0.0997216138208 0.0626225978934
v 0.129474206593 -0.103113483983 0.0675836976276
v 0.13782717649 -0.0982419136243 0.0675836976276
v 0.12976230711 -0.102825383466 0.0805767202671
v 0.13782717649 -0.0980779636929 0.0853241400406
v 0.133277572662 -0.0993101179149 0.0886415896469
v 0.13782717649 -0.0968522009446 0.0886415896469
v 0.13782717649 -0.0947605140867 0.102585635901
v 0.133696998671 -0.0947605140867 0.105569303847
v 0.133314343494 -0.0947605140867 0.109699481666
v 0.122352690062 -0.0947605140867 0.115282887257
v 0.118117098997 -0.0737026220674 -0.0798215465072
v 0.125239170289 -0.0737026220674 -0.0713516606888
v 0.136369230901 -0.0737026220674 -0.058763654488
v 0.125892516965 -0.0856372815922 -0.0496404219935
v 0.13782717649 -0.0816042667933 -0.0456074071946
v 0.13782717649 -0.0737026220674 -0.0518823920864
v 0.13782717649 -0.0896616295763 -0.0377057624687
v 0.13782717649 -0.0899460360833 -0.0328912844653
v 0.13782717649 -0.0909265754964 -0.0166478704494
v 0.13782717649 -0.0920427127551 -0.0139300691179
v 0.13782717649 -0.0927889207623 0.109699481666
v 0.13782717649 -0.0926997907781 0.111760204975
v 0.119190799228 -0.0923389993293 0.130757373685
v 0.13782717649 -0.0837196167334 0.130757373685
v 0.125554419907 -0.0859753786504 0.139542509122
v 0.13782717649 -0.0766801716837 0.148837716088
v 0.135732130958 -0.0757976675994 0.151815265705
v 0.13782717649 -0.074786181541 0.151815265705
v 0.13782717649 -0.0737026220674 0.153472471806
v 0.122342821588 -0.0737026220674 0.157388802822
v 0.119994632996 -0.0526447300481 -0.100879438526
v 0.137396709264 -0.0530751972746 -0.0802520137336
v 0.13782717649 -0.0529253439284 -0.0801021603875
v 0.13782717649 -0.0526447300481 -0.0801433838625
v 0.13782717649 -0.0534118095951 -0.0798215465072
v 0.13782717649 -0.0657894056818 -0.0719083301217
v 0.13782717649 -0.0724885363748 -0.058763654488
v 0.13782717649 -0.0728533411011 -0.0579143735216
v 0.128076788685 -0.0623951178527 0.172873157724
v 0.13782717649 -0.0576886083326 0.172873157724
v 0.13782717649 -0.0526447300481 0.177446303265
v 0.123561863958 -0.0526447300481 0.179665737211
v 0.133539547176 -0.0315868380289 -0.100879438526
v 0.122835292338 -0.0465787221814 -0.100879438526
v 0.13782717649 -0.0421257768215 -0.0903604852998
v 0.13782717649 -0.0315868380289 -0.0943827761267
v 0.136447674483 -0.0329663400361 0.192551547736
v 0.13782717649 -0.0338484838095 0.191669403963
v 0.13782717649 -0.0315868380289 0.193109106283
v 0.137004544136 -0.0315868380289 0.193108417389
v 0.13552654357 -0.0315868380289 0.193931049743
v 0.119184883754 -0.0315868380289 0.196346649027
v 0.118132014865 -0.0105289460096 -0.121937330546
v 0.135360130013 -0.0129959924864 -0.103346485003
v 0.13782717649 -0.0112412789404 -0.101591771457
v 0.13782717649 -0.0105289460096 -0.101675476193
v 0.13782717649 -0.0136405501283 -0.100879438526
v 0.13782717649 -0.0274305077092 -0.0967231082068
v 0.13782717649 -0.0298460053244 0.193931049743
v 0.13782717649 -0.0105289460096 0.198293971916
v 0.120161347545 -0.0281947749549 0.197323112817
v 0.122673249663 -0.0105289460096 0.199835014935
v 0.118132014865 0.0105289460096 -0.121937330546
v 0.118132014865 -0.00916621561552 -0.121937330546
v 0.13782717649 0.00973290834344 -0.101675476193
v 0.13782717649 0.0105289460096 -0.101675476193
v 0.122673249663 -0.00462498081782 0.199835014935
v 0.13782717649 -0.00616602383708 0.198293971916
v 0.13782717649 0.0105289460096 0.198293971916
v 0.122673249663 0.0105289460096 0.199835014935
v 0.117992318269 0.0117519798075 -0.121937330546
v 0.121695254673 0.0154549162118 -0.117011360344
v 0.133539547176 0.0315868380289 -0.100879438526
v 0.135039324646 0.0287989861851 -0.100879438526
v 0.13782717649 0.0136405501283 -0.100879438526
v 0.13782717649 0.0315868380289 -0.0943827761267
v 0.137109920164 0.0308695817031 0.193213793417
v 0.13782717649 0.0309288172053 0.19327302892
v 0.13782717649 0.0315868380289 0.193109106283
v 0.137004544136 0.0315868380289 0.193108417389
v 0.13552654357 0.0315868380289 0.193931049743
v 0.136626808658 0.0303864701972 0.193931049743
v 0.13782717649 0.0298460053244 0.193931049743
v 0.13782717649 0.013685869314 0.197087973047
v 0.121153130306 0.014912791845 0.198314895578
v 0.119184883754 0.0315868380289 0.196346649027
v 0.119994632996 0.0526447300481 -0.100879438526
v 0.130165285925 0.0449828394829 -0.100879438526
v 0.13782717649 0.0519381110727 -0.0805281654827
v 0.13782717649 0.0526447300481 -0.0801433838625
v 0.126263812768 0.0410813663259 0.182367686021
v 0.13782717649 0.0410859118963 0.182372231591
v 0.13782717649 0.0526447300481 0.177446303265
v 0.123561863958 0.0526447300481 0.179665737211
v 0.121274181289 0.0360917348471 0.193931049743
v 0.118222998388 0.0330405519457 0.19538476366
v 0.119632863618 0.0555083091949 -0.100879438526
v 0.123209211231 0.0590846568082 -0.0944395117664
v 0.118117098997 0.0737026220674 -0.0798215465072
v 0.13358547734 0.0694609229171 -0.0798215465072
v 0.13782717649 0.0534118095951 -0.0798215465072
v 0.13782717649 0.0583540822764 -0.0741121942789
v 0.137300849748 0.0731762953258 -0.0592899812296
v 0.125239170289 0.0737026220674 -0.0713516606888
v 0.136369230901 0.0737026220674 -0.058763654488
v 0.137509432985 0.0733848785623 -0.058763654488
v 0.13782717649 0.0724885363748 -0.058763654488
v 0.13782717649 0.0737026220674 -0.0518823920864
v 0.126130776332 0.0620062219096 0.161176757566
v 0.13782717649 0.0621570453998 0.161327581056
v 0.13782717649 0.0737026220674 0.153472471806
v 0.122342821588 0.0737026220674 0.157388802822
v 0.124158645997 0.0600340915743 0.172873157724
v 0.13782717649 0.0576886083326 0.172873157724
v 0.13782717649 0.05448708121 0.174715508886
v 0.119744998704 0.0556204442816 0.175848871957
v 0.117742248894 0.0746755864909 -0.0798215465072
v 0.120222537012 0.0771558746083 -0.0763682939663
v 0.133546395465 0.0904797330616 -0.058763654488
v 0.136844262145 0.093777599742 -0.0386886768134
v 0.120398195121 0.0947605140867 -0.0377057624687
v 0.137145791004 0.0940791286004 -0.0377057624687
v 0.13782717649 0.0896616295763 -0.0377057624687
v 0.13782717649 0.0906855613952 -0.0207228231409
v 0.137311298975 0.0942446365719 -0.0171637479642
v 0.12134021381 0.0947605140867 -0.0331348331296
v 0.123968281107 0.0947605140867 -0.0166478704494
v 0.13731425819 0.0942475957862 -0.0166478704494
v 0.13782717649 0.0909265754964 -0.0166478704494
v 0.13782717649 0.0947605140867 -0.00965862108997
v 0.134750559172 0.0916838967689 0.106622864348
v 0.13782717649 0.0922114795382 0.107150447118
v 0.13782717649 0.0947605140867 0.102585635901
v 0.133696998671 0.0947605140867 0.105569303847
v 0.133314343494 0.0947605140867 0.109699481666
v 0.135691098422 0.0926244360188 0.109699481666
v 0.13782717649 0.0927889207623 0.109699481666
v 0.13782717649 0.0839766731949 0.119973532794
v 0.126577012015 0.0835103496117 0.11950720921
v 0.122352690062 0.0947605140867 0.115282887257
v 0.127439462899 0.0843728004953 0.130757373685
v 0.13782717649 0.0837196167334 0.130757373685
v 0.13782717649 0.0785478617145 0.135602613333
v 0.122093082548 0.0790264201451 0.136081171763
v 0.120687302605 0.0776206402015 0.151815265705
v 0.13782717649 0.074786181541 0.151815265705
v 0.13782717649 0.0741876659983 0.152300309636
v 0.118672308057 0.075605645654 0.153718289291
v 0.116837212502 0.094828442118 -0.0377057624687
v 0.116837482235 0.0948287118509 -0.0376375647044
v 0.116896700081 0.0948879296973 -0.0166478704494
v 0.116878687769 0.0948699173852 -0.0165384671509
v 0.117456138355 0.0954473679713 0.00441002156982
v 0.13782717649 0.0951782190701 0.00441002156982
v 0.13782717649 0.0950875612938 0.00473706877699
v 0.117308591427 0.095299821043 0.00494932852615
v 0.119002117986 0.0969933476021 0.0254679135891
v 0.13782717649 0.0967545937568 0.0254679135891
v 0.13782717649 0.0962193720295 0.0269267715319
v 0.118408323053 0.0963995526685 0.0271069521709
v 0.12063937418 0.0986306037958 0.0465258056083
v 0.13782717649 0.0981120174887 0.0465258056083
v 0.13782717649 0.0970442840016 0.0488095755233
v 0.119431265834 0.0974224954494 0.0491877869711
v 0.121322788344 0.09931401796 0.0675836976276
v 0.13782717649 0.0982419136243 0.0675836976276
v 0.13782717649 0.0969630941868 0.0697862777278
v 0.119716181304 0.09770741092 0.070530594461
v 0.120715301985 0.0987065316008 0.0886415896469
v 0.13782717649 0.0968522009446 0.0886415896469
v 0.13782717649 0.0959927538515 0.0898738294117
v 0.119191230083 0.0971824596993 0.0910635352595
v 0.118962366425 0.0969535960405 0.109699481666
v 0.118056080617 0.0960473102325 0.110986277812
v 0.138981410264 -0.0947605140867 0.00441002156982
v 0.138877242985 -0.0947605140867 0.00546008806482
v 0.143263273067 -0.0947605140867 0.0254679135891
v 0.142655211535 -0.0947605140867 0.0302959486337
v 0.146896256198 -0.0947605140867 0.0465258056083
v 0.144684757697 -0.0947605140867 0.0533833868155
v 0.147096680256 -0.0947605140867 0.0675836976276
v 0.143480576086 -0.0947605140867 0.0732370972237
v 0.143245873978 -0.0947605140867 0.0886415896469
v 0.140550623451 -0.0947605140867 0.0913650366075
v 0.157428906971 -0.0737026220674 -0.0377057624687
v 0.157150926273 -0.075436764304 -0.0183820126861
v 0.158885068509 -0.0737831199577 -0.0167283683397
v 0.158885068509 -0.0737026220674 -0.0225120900302
v 0.156637332554 -0.0759503580227 -0.0166478704494
v 0.158885068509 -0.0737842580727 -0.0166478704494
v 0.141136363748 -0.0914513268283 -0.0133386831911
v 0.158885068509 -0.0768340402542 0.00127860338302
v 0.158885068509 -0.0765209919336 0.00441002156982
v 0.158885068509 -0.0823857306787 0.0167848049777
v 0.158885068509 -0.0818812990865 0.0254679135891
v 0.158885068509 -0.086735023575 0.0334934041007
v 0.158885068509 -0.0859430437227 0.0465258056083
v 0.158885068509 -0.0888806820227 0.0524056376723
v 0.158885068509 -0.0868079121429 0.0675836976276
v 0.158885068509 -0.0884960669958 0.0738481447185
v 0.158885068509 -0.0847432761092 0.0886415896469
v 0.158885068509 -0.0848243608906 0.0985777428429
v 0.14069913031 -0.0918885602668 0.109699481666
v 0.158885068509 -0.0805309740874 0.109699481666
v 0.145963049411 -0.0866246411653 0.117835354587
v 0.158885068509 -0.0759649165755 0.128495079177
v 0.156038443515 -0.0765492470621 0.130757373685
v 0.158885068509 -0.0747864512911 0.130757373685
v 0.158885068509 -0.0737026220674 0.133052865662
v 0.146571359613 -0.0737026220674 0.139501556809
v 0.140231591566 -0.0737026220674 0.151815265705
v 0.138583428829 -0.0737026220674 0.152571518044
v 0.138414764768 -0.0526447300481 -0.0798215465072
v 0.141356638019 -0.0526447300481 -0.0762920849785
v 0.15674667188 -0.0526447300481 -0.058763654488
v 0.145469806227 -0.06605999233 -0.0511210247506
v 0.158885068509 -0.0602958076512 -0.0453568400717
v 0.158885068509 -0.0526447300481 -0.0479656851424
v 0.158885068509 -0.072013840987 -0.0377057624687
v 0.158885068509 -0.0721809898268 -0.0361841302281
v 0.158885068509 -0.0618740547856 0.151815265705
v 0.158885068509 -0.0526447300481 0.163594487054
v 0.141477843566 -0.070051954991 0.155465932781
v 0.151918725263 -0.0526447300481 0.165906814478
v 0.147010089864 -0.0526447300481 0.172873157724
v 0.140185144469 -0.0526447300481 0.175231125703
v 0.153130639815 -0.0315868380289 -0.0798215465072
v 0.138660387791 -0.0518115187468 -0.0798215465072
v 0.158885068509 -0.0381487146574 -0.0653255311164
v 0.158885068509 -0.0315868380289 -0.0670567649238
v 0.158885068509 -0.0476013852578 -0.058763654488
v 0.158885068509 -0.0498169657955 -0.0559358902353
v 0.158885068509 -0.043565247528 0.172873157724
v 0.158885068509 -0.0315868380289 0.180341085297
v 0.142957465133 -0.047514441405 0.178003446367
v 0.148109201715 -0.0315868380289 0.183155182949
v 0.13895767894 -0.0105289460096 -0.100879438526
v 0.145121228687 -0.0105289460096 -0.0935853863299
v 0.157316978133 -0.0105289460096 -0.0798215465072
v 0.156202732457 -0.0132112820615 -0.0798215465072
v 0.158885068509 -0.0234972512355 -0.0717319597138
v 0.158885068509 -0.0105289460096 -0.0757162880607
v 0.153453170331 -0.0159608441879 0.188499151565
v 0.158885068509 -0.0184551950354 0.186004800717
v 0.158885068509 -0.0105289460096 0.188469956057
v 0.154329497366 -0.0105289460096 0.1893754786
v 0.149715817869 -0.0105289460096 0.193931049743
v 0.140328428034 -0.0105289460096 0.196432301288
v 0.13895767894 0.0105289460096 -0.100879438526
v 0.13895767894 -0.00939844355971 -0.100879438526
v 0.145121228687 -0.0032348938131 -0.0935853863299
v 0.145121228687 0.0105289460096 -0.0935853863299
v 0.157316978133 0.0105289460096 -0.0798215465072
v 0.157316978133 0.00896085563352 -0.0798215465072
v 0.158885068509 -0.00642368756314 -0.0757162880607
v 0.158885068509 0.0105289460096 -0.0757162880607
v 0.154329497366 0.0059733748661 0.1893754786
v 0.158885068509 0.00506785232361 0.188469956057
v 0.158885068509 0.0105289460096 0.188469956057
v 0.154329497366 0.0105289460096 0.1893754786
v 0.149715817869 0.0105289460096 0.193931049743
v 0.149715817869 0.00135969536979 0.193931049743
v 0.140328428034 -0.00802769446527 0.196432301288
v 0.140328428034 0.0105289460096 0.196432301288
v 0.13888859852 0.0115903680392 -0.100879438526
v 0.141420163849 0.0141219333686 -0.0972864511675
v 0.153130639815 0.0315868380289 -0.0798215465072
v 0.155269974408 0.0279717439274 -0.0798215465072
v 0.158885068509 0.0184052660871 -0.0719452264297
v 0.158885068509 0.0315868380289 -0.0670567649238
v 0.149319927445 0.0220216969648 0.184365908679
v 0.158885068509 0.0207729303965 0.183117142111
v 0.158885068509 0.0315868380289 0.180341085297
v 0.148109201715 0.0315868380289 0.183155182949
v 0.144159885229 0.0168616547489 0.193931049743
v 0.139767610648 0.0124693801677 0.195871483901
v 0.138414764768 0.0526447300481 -0.0798215465072
v 0.151503965412 0.0452636269513 -0.0798215465072
v 0.157380727868 0.0511403894067 -0.0602679951294
v 0.141356638019 0.0526447300481 -0.0762920849785
v 0.15674667188 0.0526447300481 -0.058763654488
v 0.158115695336 0.0518753568747 -0.058763654488
v 0.158885068509 0.0476013852578 -0.058763654488
v 0.158885068509 0.0526447300481 -0.0479656851424
v 0.153295090794 0.0470547523331 0.167283180009
v 0.158885068509 0.0468010427385 0.167029470414
v 0.158885068509 0.0526447300481 0.163594487054
v 0.151918725263 0.0526447300481 0.165906814478
v 0.147010089864 0.0526447300481 0.172873157724
v 0.152486003866 0.0462456654047 0.172873157724
v 0.158885068509 0.043565247528 0.172873157724
v 0.158885068509 0.03531489753 0.176601217225
v 0.143553920979 0.0373135825175 0.178599902213
v 0.140185144469 0.0526447300481 0.175231125703
v 0.138354773727 0.0531723272854 -0.0798215465072
v 0.140099101483 0.0549166550413 -0.0775496215141
v 0.15554992339 0.0703674769481 -0.058763654488
v 0.158689719317 0.0735072728755 -0.0379011116606
v 0.157428906971 0.0737026220674 -0.0377057624687
v 0.158750493174 0.0735680467321 -0.0377057624687
v 0.158885068509 0.072013840987 -0.0377057624687
v 0.158885068509 0.0737026220674 -0.0225120900302
v 0.149570785415 0.0643883389734 0.142500982611
v 0.158885068509 0.0639768875581 0.142089531195
v 0.158885068509 0.0737026220674 0.133052865662
v 0.146571359613 0.0737026220674 0.139501556809
v 0.140231591566 0.0737026220674 0.151815265705
v 0.149497871881 0.0643154254387 0.151815265705
v 0.158885068509 0.0618740547856 0.151815265705
v 0.158885068509 0.0565193536863 0.155689889343
v 0.143393252354 0.0582108059122 0.157381341569
v 0.138583428829 0.0737026220674 0.152571518044
v 0.140370255783 0.0551878093415 0.172873157724
v 0.138995428303 0.0538129818613 0.174041409537
v 0.140312799795 0.0761882453726 -0.0377057624687
v 0.140343863049 0.0762193086266 -0.0351890759095
v 0.14051499241 0.0763904379871 -0.0166478704494
v 0.158885068509 0.0737842580727 -0.0166478704494
v 0.158885068509 0.0737748681733 -0.0165756243435
v 0.14024032137 0.076115766947 -0.0142347255698
v 0.138981410264 0.0947605140867 0.00441002156982
v 0.141254725955 0.0771301715323 0.00441002156982
v 0.158885068509 0.0765209919336 0.00441002156982
v 0.158885068509 0.076286133848 0.00699353335039
v 0.140977873133 0.0768533187102 0.00756071821263
v 0.138877242985 0.0947605140867 0.00546008806482
v 0.143263273067 0.0947605140867 0.0254679135891
v 0.145209007874 0.081084453451 0.0254679135891
v 0.158885068509 0.0818812990865 0.0254679135891
v 0.158885068509 0.0811119645449 0.0328772560666
v 0.144475934093 0.08035137967 0.0321166711917
v 0.142655211535 0.0947605140867 0.0302959486337
v 0.146896256198 0.0947605140867 0.0465258056083
v 0.149491363486 0.0853668090634 0.0465258056083
v 0.158885068509 0.0859430437227 0.0465258056083
v 0.158885068509 0.0835964063873 0.0564195899282
v 0.147138538347 0.0830139839245 0.0558371674654
v 0.144684757697 0.0947605140867 0.0533833868155
v 0.147096680256 0.0947605140867 0.0675836976276
v 0.150938178003 0.0868136235807 0.0675836976276
v 0.158885068509 0.0868079121429 0.0675836976276
v 0.158885068509 0.0828575240595 0.0767385996197
v 0.146988051494 0.0828634970711 0.0767445726313
v 0.143480576086 0.0947605140867 0.0732370972237
v 0.143245873978 0.0947605140867 0.0886415896469
v 0.149663356951 0.0855388025286 0.0886415896469
v 0.158885068509 0.0847432761092 0.0886415896469
v 0.158885068509 0.0804599036243 0.0953988712037
v 0.145301640526 0.0811770861036 0.0961160536831
v 0.140550623451 0.0947605140867 0.0913650366075
v 0.146738293509 0.0826137390862 0.109699481666
v 0.158885068509 0.0805309740874 0.109699481666
v 0.158885068509 0.0774479360112 0.11344479561
v 0.143060743554 0.0789361891315 0.11493304873
v 0.142870816478 0.0787462620552 0.130757373685
v 0.158885068509 0.0747864512911 0.130757373685
v 0.158885068509 0.0742457732589 0.131300524877
v 0.140632156868 0.0765076024456 0.133562354064
v 0.138398633228 0.0742740788059 0.151815265705
v 0.138131339439 0.0740067850168 0.152119428654
v 0.137964339113 0.0948976767097 0.00441002156982
v 0.137939563792 0.0948729013889 0.00452240887203
v 0.13855060954 0.0954839471364 0.0254679135891
v 0.138383892212 0.0953172298088 0.0260246293112
v 0.139187372432 0.0961207100284 0.0465258056083
v 0.138817181187 0.0957505187831 0.0475158103048
v 0.139392932139 0.0963262697358 0.0675836976276
v 0.138907627457 0.0958409650533 0.0686641485942
v 0.13885016486 0.0957835024568 0.0886415896469
v 0.138498221509 0.0954315591059 0.0893126346661
v 0.158995584967 -0.0737026220674 -0.0166478704494
v 0.158991509967 -0.0737026220674 -0.0165414289913
v 0.162795238083 -0.0737026220674 0.00441002156982
v 0.163754173346 -0.0737026220674 0.00927912640683
v 0.171042009632 -0.0737026220674 0.0254679135891
v 0.176259469531 -0.0737026220674 0.0428423146112
v 0.178330777474 -0.0737026220674 0.0465258056083
v 0.178797841297 -0.0748477412989 0.0664385783961
v 0.179942960529 -0.0738847905797 0.0674015291153
v 0.179942960529 -0.0737026220674 0.0605675675114
v 0.179197264385 -0.0744483182114 0.0675836976276
v 0.179942960529 -0.0738334778542 0.0675836976276
v 0.179942960529 -0.0737026220674 0.0694859324751
v 0.176084495784 -0.0737026220674 0.0847831249024
v 0.177092584992 -0.0737026220674 0.0886415896469
v 0.169902966387 -0.0737026220674 0.0996594875246
v 0.169984069216 -0.0737026220674 0.109699481666
v 0.164404656854 -0.0737026220674 0.115219070011
v 0.160607804506 -0.0737026220674 0.130757373685
v 0.159630335463 -0.0737026220674 0.131502640639
v 0.175909938961 -0.0526447300481 -0.0377057624687
v 0.178312721537 -0.0526447300481 -0.0182781094412
v 0.178474515398 -0.0526447300481 -0.0166478704494
v 0.164912700103 -0.0676749904739 -0.0166478704494
v 0.179942960529 -0.0569977204503 5.70311676567e-05
v 0.179942960529 -0.0526447300481 -0.0156358300101
v 0.179942960529 -0.0568687595574 0.00441002156982
v 0.179942960529 -0.0642423275626 0.0138703160746
v 0.179942960529 -0.0656560338607 0.0254679135891
v 0.179942960529 -0.0696677121061 0.0295028235504
v 0.179942960529 -0.0723501695935 0.0465258056083
v 0.179942960529 -0.0729673677294 0.0472610599464
v 0.179942960529 -0.0714100909872 0.0886415896469
v 0.179942960529 -0.0716506655309 0.0906935461833
v 0.179942960529 -0.0655760762044 0.109699481666
v 0.179942960529 -0.0629353909613 0.120466712772
v 0.179942960529 -0.057561701885 0.130757373685
v 0.179942960529 -0.0526447300481 0.139347554538
v 0.162416910315 -0.0701707802616 0.134289215491
v 0.172729374738 -0.0526447300481 0.144601679914
v 0.170728022059 -0.0526447300481 0.151815265705
v 0.163270110544 -0.0526447300481 0.156200307739
v 0.171937537397 -0.0315868380289 -0.058763654488
v 0.179705215236 -0.0315868380289 -0.0379435077612
v 0.179825184551 -0.0315868380289 -0.0377057624687
v 0.179168904773 -0.0323608937842 -0.0377057624687
v 0.179942960529 -0.0384231034882 -0.0234841359087
v 0.179942960529 -0.0315868380289 -0.0324201051594
v 0.179942960529 -0.0437106036421 -0.0166478704494
v 0.179942960529 -0.0518186748701 -0.0158218152713
v 0.179942960529 -0.0432326166857 0.151815265705
v 0.179942960529 -0.0315868380289 0.161670528668
v 0.168939575436 -0.0425902231211 0.161869772632
v 0.172615887579 -0.0315868380289 0.165546084774
v 0.169141837991 -0.0315868380289 0.172873157724
v 0.162190557369 -0.0315868380289 0.176178646583
v 0.176082618578 -0.0105289460096 -0.058763654488
v 0.172436922819 -0.0180349837195 -0.058763654488
v 0.179942960529 -0.0138972902191 -0.0410741066782
v 0.179942960529 -0.0105289460096 -0.041372694758
v 0.179942960529 -0.0297112496123 -0.0377057624687
v 0.179942960529 -0.0302013553543 -0.0363202797941
v 0.179942960529 -0.0116673594537 0.172873157724
v 0.179942960529 -0.0105289460096 0.173213553747
v 0.163401053104 -0.0270708534347 0.177389142318
v 0.165623913393 -0.0105289460096 0.179612002608
v 0.176082618578 0.0105289460096 -0.058763654488
v 0.176082618578 0.00666860405893 -0.058763654488
v 0.179942960529 0.00686201372028 -0.041372694758
v 0.179942960529 0.0105289460096 -0.041372694758
v 0.165623913393 -0.00379010112585 0.179612002608
v 0.179942960529 -0.0101885499866 0.173213553747
v 0.179942960529 0.0105289460096 0.173213553747
v 0.165623913393 0.0105289460096 0.179612002608
v 0.171937537397 0.0315868380289 -0.058763654488
v 0.175750753007 0.0273946305072 -0.058763654488
v 0.179845957562 0.0314898350624 -0.0378027654352
v 0.179705215236 0.0315868380289 -0.0379435077612
v 0.179825184551 0.0315868380289 -0.0377057624687
v 0.179879993875 0.0315238713756 -0.0377057624687
v 0.179942960529 0.0297112496123 -0.0377057624687
v 0.179942960529 0.0315868380289 -0.0324201051594
v 0.17345078963 0.0250946671307 0.166380986826
v 0.179942960529 0.0232697135254 0.16455603322
v 0.179942960529 0.0315868380289 0.161670528668
v 0.172615887579 0.0315868380289 0.165546084774
v 0.169141837991 0.0315868380289 0.172873157724
v 0.171957383231 0.0236012607309 0.172873157724
v 0.179942960529 0.0116673594537 0.172873157724
v 0.179942960529 0.0107623101162 0.17310652183
v 0.164001892123 0.0156457696238 0.177989981338
v 0.162190557369 0.0315868380289 0.176178646583
v 0.170997179751 0.0436989492705 -0.058763654488
v 0.17854908213 0.0512508516498 -0.0390996408671
v 0.175909938961 0.0526447300481 -0.0377057624687
v 0.179232544489 0.0519343140089 -0.0377057624687
v 0.179685705977 0.0523874754965 -0.0169051250011
v 0.178312721537 0.0526447300481 -0.0182781094412
v 0.178474515398 0.0526447300481 -0.0166478704494
v 0.179690068188 0.0523918377077 -0.0166478704494
v 0.179942960529 0.0437106036421 -0.0166478704494
v 0.179942960529 0.0526447300481 -0.0156358300101
v 0.174115071354 0.0468168408738 0.14598737653
v 0.179942960529 0.045744586554 0.144915122211
v 0.179942960529 0.0526447300481 0.139347554538
v 0.172729374738 0.0526447300481 0.144601679914
v 0.170728022059 0.0526447300481 0.151815265705
v 0.174151012903 0.0468527824227 0.151815265705
v 0.179942960529 0.0432326166857 0.151815265705
v 0.179942960529 0.0358415424161 0.156069970092
v 0.16626350335 0.0389652728691 0.159193700545
v 0.163270110544 0.0526447300481 0.156200307739
v 0.163405173723 0.0361069432422 0.172873157724
v 0.160939286464 0.0336410559831 0.174927375678
v 0.161680553618 0.0554402151572 -0.0377057624687
v 0.161739048555 0.0554987100939 -0.0348517824229
v 0.158995584967 0.0737026220674 -0.0166478704494
v 0.162029000819 0.0557886623576 -0.0166478704494
v 0.161929331625 0.055688993164 -0.0136036073336
v 0.158991509967 0.0737026220674 -0.0165414289913
v 0.162795238083 0.0737026220674 0.00441002156982
v 0.1640850647 0.0578447262388 0.00441002156982
v 0.179942960529 0.0568687595574 0.00441002156982
v 0.179942960529 0.0578811613477 0.00964645286936
v 0.165243035304 0.059002696843 0.0107679883646
v 0.163754173346 0.0737026220674 0.00927912640683
v 0.171042009632 0.0737026220674 0.0254679135891
v 0.171528314593 0.0652879761319 0.0254679135891
v 0.179942960529 0.0656560338607 0.0254679135891
v 0.179942960529 0.0705044408999 0.0433276244408
v 0.176540498846 0.070300160385 0.0431233439259
v 0.176259469531 0.0737026220674 0.0428423146112
v 0.178330777474 0.0737026220674 0.0465258056083
v 0.178546784309 0.0723064458476 0.0465258056083
v 0.179942960529 0.0723501695935 0.0465258056083
v 0.179942960529 0.0737026220674 0.0605675675114
v 0.176863479454 0.0706231409933 0.0855621085728
v 0.179942960529 0.0704596048902 0.0853985724696
v 0.179942960529 0.0737026220674 0.0694859324751
v 0.176084495784 0.0737026220674 0.0847831249024
v 0.177092584992 0.0737026220674 0.0886415896469
v 0.178012631571 0.0717722931094 0.0886415896469
v 0.179942960529 0.0714100909872 0.0886415896469
v 0.179942960529 0.0649512409538 0.100948100553
v 0.172150479657 0.0659101411958 0.101907000795
v 0.169902966387 0.0737026220674 0.0996594875246
v 0.169984069216 0.0737026220674 0.109699481666
v 0.173735423072 0.0674950846106 0.109699481666
v 0.179942960529 0.0655760762044 0.109699481666
v 0.179942960529 0.0597309683989 0.116785720017
v 0.167995313491 0.06175497503 0.118809726648
v 0.164404656854 0.0737026220674 0.115219070011
v 0.160607804506 0.0737026220674 0.130757373685
v 0.16855134449 0.0623110060288 0.130757373685
v 0.179942960529 0.057561701885 0.130757373685
v 0.179942960529 0.0549918529697 0.133104496607
v 0.16433782554 0.0580974870786 0.136210130716
v 0.159630335463 0.0737026220674 0.131502640639
v 0.162878071798 0.0566377333364 0.151815265705
v 0.161001517315 0.0547611788534 0.15393171451
v 0.158900018141 0.0737175716994 -0.0166478704494
v 0.158898320761 0.0737158743194 -0.0166346181975
v 0.159463898049 0.0742814516074 0.00441002156982
v 0.159365792367 0.074183345925 0.00489074542738
v 0.160904776931 0.0757223304896 0.0254679135891
v 0.160487731888 0.0753052854464 0.0270705769681
v 0.162549113667 0.0773666672251 0.0465258056083
v 0.161646784069 0.0764643376275 0.0492875211684
v 0.163500268301 0.078317821859 0.0675836976276
v 0.179942960529 0.0738334778542 0.0675836976276
v 0.179942960529 0.0737886711542 0.0676697467144
v 0.162160279479 0.0769778330376 0.0708589085978
v 0.163282332904 0.078099886462 0.0886415896469
v 0.16181725789 0.0766348114479 0.0915737790273
v 0.161856456702 0.0766740102604 0.109699481666
v 0.160753703475 0.075571257033 0.111568116632
v 0.159387143983 0.0742046975415 0.130757373685
v 0.159184590025 0.0740021435831 0.131056895201
v 0.180090284424 -0.0737026220674 0.0675836976276
v 0.180042348099 -0.0737026220674 0.0676830851984
v 0.182331329205 -0.0526447300481 0.00441002156982
v 0.182475523939 -0.0526447300481 0.00694258497987
v 0.188375497061 -0.0526447300481 0.0254679135891
v 0.189811691269 -0.0526447300481 0.0353366443292
v 0.194622014775 -0.0526447300481 0.0465258056083
v 0.195481440894 -0.0526447300481 0.0620642859743
v 0.197679758997 -0.0526447300481 0.0675836976276
v 0.181796988554 -0.0718485940421 0.0675836976276
v 0.180842218656 -0.0728033639402 0.0684829557548
v 0.194928244466 -0.0526447300481 0.0825689815654
v 0.196498451488 -0.0526447300481 0.0886415896469
v 0.191101162203 -0.0526447300481 0.0997997913213
v 0.191746330186 -0.0526447300481 0.109699481666
v 0.18657111561 -0.0526447300481 0.116327636748
v 0.184496377726 -0.0526447300481 0.130757373685
v 0.182166316924 -0.0526447300481 0.132980730081
v 0.180770654129 -0.0315868380289 -0.0166478704494
v 0.181285476867 -0.0315868380289 -0.0153053541112
v 0.191553656677 -0.0315868380289 0.00441002156982
v 0.190439853043 -0.0421478375339 0.00441002156982
v 0.201000852548 -0.0363116825741 0.0207430690438
v 0.201000852548 -0.0315868380289 0.0108942762817
v 0.201000852548 -0.0365593680128 0.0254679135891
v 0.201000852548 -0.043245406728 0.0348672369092
v 0.201000852548 -0.0446620246829 0.0465258056083
v 0.201000852548 -0.0477859546859 0.0513845809706
v 0.201000852548 -0.048498429895 0.0675836976276
v 0.201000852548 -0.049558531735 0.0706698959408
v 0.201000852548 -0.0469390235254 0.0886415896469
v 0.201000852548 -0.0465319137129 0.0947544059821
v 0.201000852548 -0.0406077331043 0.109699481666
v 0.201000852548 -0.0315868380289 0.127539774842
v 0.198983051215 -0.0336046393612 0.128739572353
v 0.199748332185 -0.0315868380289 0.129504853322
v 0.199822964858 -0.0315868380289 0.130757373685
v 0.197842567029 -0.0347451235477 0.130757373685
v 0.184731353272 -0.047856337305 0.135545766428
v 0.189778763066 -0.0315868380289 0.140593176223
v 0.187224416909 -0.0315868380289 0.151815265705
v 0.183099236568 -0.0315868380289 0.154971541744
v 0.185672283755 -0.0105289460096 -0.0377057624687
v 0.186543316003 -0.0105289460096 -0.0311054069943
v 0.188112109635 -0.0105289460096 -0.0166478704494
v 0.182418172449 -0.0291116261084 -0.0166478704494
v 0.201000852548 -0.0157599922175 -0.000821024638044
v 0.201000852548 -0.0105289460096 -0.00650457688115
v 0.201000852548 -0.0180019511308 0.00441002156982
v 0.201000852548 -0.0279345401699 0.00806231942877
v 0.201000852548 -0.0289764913286 0.130757373685
v 0.201000852548 -0.0105289460096 0.141365204903
v 0.194851242119 -0.0166785564388 0.145665655275
v 0.195795868156 -0.0105289460096 0.146610281312
v 0.195061781664 -0.0105289460096 0.151815265705
v 0.192447429412 -0.0190823691454 0.151815265705
v 0.184247621139 -0.0272821774182 0.156119926315
v 0.18645227227 -0.0105289460096 0.158324577446
v 0.180288692475 -0.0105289460096 0.172873157724
v 0.180077889369 -0.0105289460096 0.173008086564
v 0.185672283755 0.0105289460096 -0.0377057624687
v 0.185672283755 -0.0047996227827 -0.0377057624687
v 0.186543316003 -0.0039285905352 -0.0311054069943
v 0.186543316003 0.0105289460096 -0.0311054069943
v 0.188112109635 0.0105289460096 -0.0166478704494
v 0.188112109635 -0.0023597969028 -0.0166478704494
v 0.201000852548 -0.000385652441346 -0.00650457688115
v 0.201000852548 0.0105289460096 -0.00650457688115
v 0.195795868156 0.00532396161747 0.146610281312
v 0.201000852548 7.88852079964e-05 0.141365204903
v 0.201000852548 0.0105289460096 0.141365204903
v 0.195795868156 0.0105289460096 0.146610281312
v 0.195061781664 0.0105289460096 0.151815265705
v 0.195061781664 0.00458987512592 0.151815265705
v 0.18645227227 -0.00401963426851 0.158324577446
v 0.18645227227 0.0105289460096 0.158324577446
v 0.180288692475 0.0105289460096 0.172873157724
v 0.180288692475 -0.0101832140627 0.172873157724
v 0.180077889369 -0.0103940171693 0.173008086564
v 0.180077889369 0.0105289460096 0.173008086564
v 0.182386599291 0.0129725847722 -0.0377057624687
v 0.182532730446 0.0131187159268 -0.0351159925515
v 0.180770654129 0.0315868380289 -0.0166478704494
v 0.183374533949 0.0139605194296 -0.0166478704494
v 0.185096384697 0.0156823701784 -0.0114944462807
v 0.181285476867 0.0315868380289 -0.0153053541112
v 0.191553656677 0.0315868380289 0.00441002156982
v 0.19200252881 0.0225885142908 0.00441002156982
v 0.201000852548 0.0180019511308 0.00441002156982
v 0.201000852548 0.0315868380289 0.0108942762817
v 0.199895633475 0.0304816189562 0.129652154613
v 0.201000852548 0.0297782006978 0.128948736354
v 0.201000852548 0.0315868380289 0.127539774842
v 0.199748332185 0.0315868380289 0.129504853322
v 0.199822964858 0.0315868380289 0.130757373685
v 0.200052478723 0.0306384642041 0.130757373685
v 0.201000852548 0.0289764913286 0.130757373685
v 0.201000852548 0.0161823606942 0.13641078837
v 0.190978762387 0.0215647478676 0.141793175543
v 0.189778763066 0.0315868380289 0.140593176223
v 0.187224416909 0.0315868380289 0.151815265705
v 0.190035229596 0.0206212150771 0.151815265705
v 0.184889390124 0.0154753756051 0.1567616953
v 0.183099236568 0.0315868380289 0.154971541744
v 0.180181425886 0.0107674113669 0.172873157724
v 0.180050812725 0.0106367982061 0.17298100992
v 0.180139346047 0.0317832235475 -0.0166478704494
v 0.180125918795 0.0317697962957 -0.0164649121826
v 0.182331329205 0.0526447300481 0.00441002156982
v 0.182819063115 0.0344629406156 0.00441002156982
v 0.182987901563 0.0346317790636 0.00745496260449
v 0.182475523939 0.0526447300481 0.00694258497987
v 0.188375497061 0.0526447300481 0.0254679135891
v 0.189172282596 0.0408161600967 0.0254679135891
v 0.201000852548 0.0365593680128 0.0254679135891
v 0.201000852548 0.0376911917151 0.0315722672753
v 0.190629318356 0.0422731958559 0.0361542714161
v 0.189811691269 0.0526447300481 0.0353366443292
v 0.194622014775 0.0526447300481 0.0465258056083
v 0.195412864261 0.0470567417612 0.0465258056083
v 0.201000852548 0.0446620246829 0.0465258056083
v 0.201000852548 0.0456343412561 0.0605733088356
v 0.196200582604 0.047844460104 0.0627834276834
v 0.195481440894 0.0526447300481 0.0620642859743
v 0.197679758997 0.0526447300481 0.0675836976276
v 0.198301403871 0.0499452813708 0.0675836976276
v 0.201000852548 0.048498429895 0.0675836976276
v 0.201000852548 0.0453446236981 0.0813414832969
v 0.19591730699 0.0475611844903 0.083558044089
v 0.194928244466 0.0526447300481 0.0825689815654
v 0.196498451488 0.0526447300481 0.0886415896469
v 0.197570983063 0.0492148605636 0.0886415896469
v 0.201000852548 0.0469390235254 0.0886415896469
v 0.201000852548 0.0411047363501 0.098159487968
v 0.192824414234 0.044468291734 0.101523043352
v 0.191101162203 0.0526447300481 0.0997997913213
v 0.191746330186 0.0526447300481 0.109699481666
v 0.194288683905 0.0459325614051 0.109699481666
v 0.201000852548 0.0406077331043 0.109699481666
v 0.201000852548 0.0360624950223 0.11417513866
v 0.189101964164 0.0407458416647 0.118858485302
v 0.18657111561 0.0526447300481 0.116327636748
v 0.184496377726 0.0526447300481 0.130757373685
v 0.189440694521 0.0410845720213 0.130757373685
v 0.185420186727 0.0370640642277 0.136234599884
v 0.182166316924 0.0526447300481 0.132980730081
v 0.183626243014 0.0352701205146 0.151815265705
v 0.181906512413 0.0335503899135 0.153778817589
v 0.180583786179 0.0532855556989 0.00441002156982
v 0.180489203224 0.0531909727432 0.00495626426483
v 0.182367337036 0.0550691065554 0.0254679135891
v 0.181949195308 0.0546509648271 0.0274741483681
v 0.184481652915 0.0571834224349 0.0465258056083
v 0.183531873795 0.0562336433149 0.0501147188751
v 0.180090284424 0.0737026220674 0.0675836976276
v 0.185848444239 0.058550213759 0.0675836976276
v 0.184319010244 0.0570207797634 0.0719597473429
v 0.180042348099 0.0737026220674 0.0676830851984
v 0.185860903864 0.0585626733834 0.0886415896469
v 0.184018940266 0.056720709786 0.0927175693847
v 0.184440658169 0.0571424276882 0.109699481666
v 0.182827818909 0.0555295884286 0.112584340047
v 0.181775960523 0.0544777300424 0.130757373685
v 0.181045086165 0.0537468556843 0.131859499322
v 0.179990159992 0.0737498215312 0.0675836976276
v 0.179977326871 0.0737369884097 0.0676180639699
v 0.202538437528 -0.0315868380289 0.0254679135891
v 0.202363043149 -0.0315868380289 0.0268301041906
v 0.20557511724 -0.0315868380289 0.0465258056083
v 0.204873332628 -0.0315868380289 0.0503982856886
v 0.207622334196 -0.0315868380289 0.0675836976276
v 0.206078691901 -0.0315868380289 0.0726615369807
v 0.207572747064 -0.0315868380289 0.0886415896469
v 0.20544738325 -0.0315868380289 0.093088120349
v 0.205120655731 -0.0315868380289 0.109699481666
v 0.203459806238 -0.0315868380289 0.112158435356
v 0.201680162434 -0.0105289460096 0.00441002156982
v 0.20164279914 -0.0105289460096 0.00505196816203
v 0.205509048914 -0.0105289460096 0.0254679135891
v 0.203398157792 -0.029189532785 0.0254679135891
v 0.20336649668 -0.029221193897 0.027833557721
v 0.205456165476 -0.0105289460096 0.0299232265176
v 0.210068196474 -0.0105289460096 0.0465258056083
v 0.208092743287 -0.0244949472893 0.0465258056083
v 0.207654863886 -0.0249328266907 0.0531798169465
v 0.209583299933 -0.0105289460096 0.0551082529932
v 0.213052328395 -0.0105289460096 0.0675836976276
v 0.211205891417 -0.0213817991594 0.0675836976276
v 0.209210352859 -0.0233773377175 0.075793197939
v 0.211029365085 -0.0105289460096 0.0776122101644
v 0.21319235381 -0.0105289460096 0.0886415896469
v 0.211046588277 -0.0215411023001 0.0886415896469
v 0.207661046549 -0.0249266440281 0.0953017836477
v 0.209651752176 -0.0105289460096 0.0972924892749
v 0.210404139758 -0.0105289460096 0.109699481666
v 0.207232682812 -0.0253550077646 0.109699481666
v 0.204442186931 -0.028145503646 0.113140816049
v 0.20674359563 -0.0105289460096 0.115442224748
v 0.205198763408 -0.0105289460096 0.130757373685
v 0.203257963951 -0.0105289460096 0.133014485088
v 0.201680162434 0.0105289460096 0.00441002156982
v 0.201680162434 -0.00984963612313 0.00441002156982
v 0.20164279914 -0.00988699941742 0.00505196816203
v 0.20164279914 0.0105289460096 0.00505196816203
v 0.205509048914 0.0105289460096 0.0254679135891
v 0.205509048914 -0.00602074964333 0.0254679135891
v 0.205456165476 -0.00607363308112 0.0299232265176
v 0.205456165476 0.0105289460096 0.0299232265176
v 0.210068196474 0.0105289460096 0.0465258056083
v 0.210068196474 -0.00146160208318 0.0465258056083
v 0.209583299933 -0.00194649862479 0.0551082529932
v 0.209583299933 0.0105289460096 0.0551082529932
v 0.213052328395 0.0105289460096 0.0675836976276
v 0.213052328395 0.00152252983795 0.0675836976276
v 0.211029365085 -0.000500433472839 0.0776122101644
v 0.211029365085 0.0105289460096 0.0776122101644
v 0.21319235381 0.0105289460096 0.0886415896469
v 0.21319235381 0.0016625552526 0.0886415896469
v 0.209651752176 -0.00187804638157 0.0972924892749
v 0.209651752176 0.0105289460096 0.0972924892749
v 0.210404139758 0.0105289460096 0.109699481666
v 0.210404139758 -0.00112565879984 0.109699481666
v 0.20674359563 -0.00478620292767 0.115442224748
v 0.20674359563 0.0105289460096 0.115442224748
v 0.205198763408 0.0105289460096 0.130757373685
v 0.205198763408 -0.00633103514989 0.130757373685
v 0.203257963951 -0.0082718346067 0.133014485088
v 0.203257963951 0.0105289460096 0.133014485088
v 0.201447773497 0.0109758669588 0.00441002156982
v 0.201399148301 0.0109272417628 0.00480831732302
v 0.202538437528 0.0315868380289 0.0254679135891
v 0.20401458037 0.013542673832 0.0254679135891
v 0.20369403224 0.0132221257017 0.0281610932811
v 0.202363043149 0.0315868380289 0.0268301041906
v 0.20557511724 0.0315868380289 0.0465258056083
v 0.207158481702 0.0166865751633 0.0465258056083
v 0.206291749221 0.0158198426825 0.0518167022812
v 0.204873332628 0.0315868380289 0.0503982856886
v 0.207622334196 0.0315868380289 0.0675836976276
v 0.2093172336 0.0188453270616 0.0675836976276
v 0.207557933359 0.0170860268208 0.0741407784387
v 0.206078691901 0.0315868380289 0.0726615369807
v 0.207572747064 0.0315868380289 0.0886415896469
v 0.209552736752 0.0190808302137 0.0886415896469
v 0.207054639224 0.0165827326854 0.0946953763227
v 0.20544738325 0.0315868380289 0.093088120349
v 0.205120655731 0.0315868380289 0.109699481666
v 0.207703169851 0.017231263313 0.109699481666
v 0.205263198231 0.0147912916931 0.11396182735
v 0.203459806238 0.0315868380289 0.112158435356
v 0.204037637059 0.0135657305205 0.130757373685
v 0.202755034281 0.0122831277431 0.132511555419
v 0.201771637436 0.032357622917 0.0254679135891
v 0.201640570371 0.0322265558524 0.0261076314126
v 0.203352442357 0.0339384278382 0.0465258056083
v 0.202873168569 0.03345915405 0.0483981216294
v 0.204490619602 0.0350766050834 0.0675836976276
v 0.203619335409 0.0342053208901 0.0702021804888
v 0.204550510499 0.0351364959796 0.0886415896469
v 0.203481464926 0.0340674504069 0.0911222020249
v 0.203279377228 0.0338653627087 0.109699481666
v 0.202479801204 0.0330657866854 0.111178430323
f 1 3 2
f 1 4 3
f 1 5 4
f 1 6 5
f 1 7 6
f 1 2 7
f 6 9 8
f 6 7 9
f 6 8 10
f 6 10 5
f 8 11 10
f 8 12 11
f 8 13 12
f 8 9 13
f 12 15 14
f 12 13 15
f 12 14 16
f 12 16 11
f 14 17 16
f 14 18 17
f 14 19 18
f 14 15 19
f 18 21 20
f 18 19 21
f 18 20 22
f 18 22 17
f 20 23 22
f 20 24 23
f 20 25 24
f 20 21 25
f 24 27 26
f 24 25 27
f 24 26 28
f 24 28 23
f 26 29 28
f 26 30 29
f 26 31 30
f 26 27 31
f 30 31 32
f 30 32 29
f 33 35 34
f 33 36 35
f 33 37 36
f 33 38 37
f 33 39 38
f 33 34 39
f 38 41 40
f 38 39 41
f 38 40 42
f 38 42 37
f 40 43 42
f 40 44 43
f 4 44 40
f 4 5 44
f 4 40 41
f 4 41 3
f 5 45 44
f 44 45 46
f 44 46 43
f 45 47 46
f 45 48 47
f 10 48 45
f 10 11 48
f 10 45 5
f 11 49 48
f 48 49 50
f 48 50 47
f 49 51 50
f 49 52 51
f 16 52 49
f 16 17 52
f 16 49 11
f 17 53 52
f 52 53 54
f 52 54 51
f 53 55 54
f 53 56 55
f 22 56 53
f 22 23 56
f 22 53 17
f 23 57 56
f 56 57 58
f 56 58 55
f 57 59 58
f 57 60 59
f 28 60 57
f 28 29 60
f 28 57 23
f 29 61 60
f 60 61 62
f 60 62 59
f 61 63 62
f 61 64 63
f 61 65 64
f 29 65 61
f 29 32 65
f 64 65 66
f 64 66 63
f 67 69 68
f 67 70 69
f 67 71 70
f 67 72 71
f 36 72 67
f 36 37 72
f 36 67 68
f 36 68 35
f 37 73 72
f 72 73 74
f 72 74 71
f 73 75 74
f 73 76 75
f 42 76 73
f 42 43 76
f 42 73 37
f 43 77 76
f 76 77 78
f 76 78 75
f 77 79 78
f 77 80 79
f 46 80 77
f 46 47 80
f 46 77 43
f 47 81 80
f 80 81 82
f 80 82 79
f 81 83 82
f 81 84 83
f 50 84 81
f 50 51 84
f 50 81 47
f 51 85 84
f 84 85 86
f 84 86 83
f 85 87 86
f 85 88 87
f 54 88 85
f 54 55 88
f 54 85 51
f 55 89 88
f 88 89 90
f 88 90 87
f 89 91 90
f 89 92 91
f 58 92 89
f 58 59 92
f 58 89 55
f 59 93 92
f 92 93 94
f 92 94 91
f 93 95 94
f 93 96 95
f 62 96 93
f 62 63 96
f 62 93 59
f 63 97 96
f 63 98 97
f 96 97 95
f 63 66 98
f 70 71 99
f 70 99 69
f 71 100 101
f 71 101 99
f 100 102 101
f 100 103 102
f 100 104 103
f 74 104 100
f 74 75 104
f 74 100 71
f 75 105 104
f 104 105 106
f 104 106 103
f 105 107 106
f 105 108 107
f 78 108 105
f 78 79 108
f 78 105 75
f 79 109 108
f 108 109 110
f 108 110 107
f 109 111 110
f 109 112 111
f 82 112 109
f 82 83 112
f 82 109 79
f 83 113 112
f 112 113 114
f 112 114 111
f 113 115 114
f 113 116 115
f 86 116 113
f 86 87 116
f 86 113 83
f 87 117 116
f 116 117 118
f 116 118 115
f 117 119 118
f 117 120 119
f 90 120 117
f 90 91 120
f 90 117 87
f 91 121 120
f 91 122 121
f 120 121 119
f 94 95 123
f 94 122 91
f 94 123 122
f 95 124 123
f 95 97 124
f 102 103 125
f 102 125 101
f 103 126 125
f 106 107 127
f 106 126 103
f 106 127 126
f 107 128 127
f 110 111 129
f 110 128 107
f 110 129 128
f 111 130 129
f 114 115 131
f 114 130 111
f 114 131 130
f 115 132 131
f 118 119 133
f 118 132 115
f 118 133 132
f 119 134 133
f 119 121 134
f 135 137 136
f 135 138 137
f 135 139 138
f 135 140 139
f 135 141 140
f 135 136 141
f 140 141 142
f 140 142 139
f 143 145 144
f 143 146 145
f 143 147 146
f 143 148 147
f 143 149 148
f 143 144 149
f 148 151 150
f 148 149 151
f 148 150 152
f 148 152 147
f 150 153 152
f 150 154 153
f 150 155 154
f 150 151 155
f 154 157 156
f 154 155 157
f 154 156 158
f 154 158 153
f 156 159 158
f 156 160 159
f 156 161 160
f 156 157 161
f 160 163 162
f 160 161 163
f 160 162 164
f 160 164 159
f 162 165 164
f 162 166 165
f 138 166 162
f 138 139 166
f 138 162 163
f 138 163 137
f 139 167 166
f 166 167 168
f 166 168 165
f 167 169 168
f 167 170 169
f 167 171 170
f 139 171 167
f 139 142 171
f 170 173 172
f 170 171 173
f 170 172 174
f 170 174 169
f 172 175 174
f 172 176 175
f 172 177 176
f 172 173 177
f 176 179 178
f 176 177 179
f 176 178 180
f 176 180 175
f 178 181 180
f 178 182 181
f 178 183 182
f 178 179 183
f 182 183 184
f 182 184 181
f 185 187 186
f 185 188 187
f 185 189 188
f 185 190 189
f 185 191 190
f 185 186 191
f 190 193 192
f 190 191 193
f 190 192 194
f 190 194 189
f 192 195 194
f 192 196 195
f 146 196 192
f 146 147 196
f 146 192 193
f 146 193 145
f 147 197 196
f 196 197 198
f 196 198 195
f 2 198 197
f 2 3 198
f 2 197 199
f 2 199 7
f 152 199 197
f 152 153 199
f 152 197 147
f 153 200 199
f 199 200 7
f 7 200 9
f 9 200 201
f 9 201 13
f 158 201 200
f 158 159 201
f 158 200 153
f 159 202 201
f 201 202 13
f 13 202 15
f 15 202 203
f 15 203 19
f 164 203 202
f 164 165 203
f 164 202 159
f 165 204 203
f 203 204 19
f 19 204 21
f 21 204 205
f 21 205 25
f 168 205 204
f 168 169 205
f 168 204 165
f 169 206 205
f 205 206 25
f 25 206 27
f 27 206 207
f 27 207 31
f 174 207 206
f 174 175 207
f 174 206 169
f 175 208 207
f 207 208 31
f 31 208 209
f 31 209 32
f 208 210 209
f 180 210 208
f 180 181 210
f 180 208 175
f 181 211 210
f 210 211 212
f 210 212 209
f 211 213 212
f 211 214 213
f 211 215 214
f 181 215 211
f 181 184 215
f 214 215 216
f 214 216 213
f 217 219 218
f 217 220 219
f 217 221 220
f 217 222 221
f 217 223 222
f 217 218 223
f 222 225 224
f 222 223 225
f 222 224 226
f 222 226 221
f 224 227 226
f 224 228 227
f 188 228 224
f 188 189 228
f 188 224 225
f 188 225 187
f 189 229 228
f 228 229 230
f 228 230 227
f 34 230 229
f 34 35 230
f 34 229 231
f 34 231 39
f 194 231 229
f 194 195 231
f 194 229 189
f 195 232 231
f 231 232 39
f 39 232 41
f 41 232 3
f 3 232 198
f 198 232 195
f 32 233 65
f 32 209 233
f 209 234 233
f 233 234 65
f 65 234 235
f 65 235 66
f 234 236 235
f 212 236 234
f 212 213 236
f 212 234 209
f 213 237 236
f 236 237 238
f 236 238 235
f 237 239 238
f 237 240 239
f 237 241 240
f 213 241 237
f 213 216 241
f 240 241 242
f 240 242 239
f 243 245 244
f 243 246 245
f 243 247 246
f 243 248 247
f 220 248 243
f 220 221 248
f 220 243 244
f 220 244 219
f 221 249 248
f 248 249 250
f 248 250 247
f 249 251 250
f 249 252 251
f 226 252 249
f 226 227 252
f 226 249 221
f 227 253 252
f 252 253 254
f 252 254 251
f 68 254 253
f 68 69 254
f 68 253 35
f 35 253 230
f 230 253 227
f 98 255 97
f 98 256 255
f 98 66 256
f 66 235 256
f 235 257 256
f 256 257 258
f 256 258 255
f 257 259 258
f 257 260 259
f 238 260 257
f 238 239 260
f 238 257 235
f 239 261 260
f 239 262 261
f 260 261 259
f 239 242 262
f 246 247 263
f 246 263 245
f 247 264 265
f 247 265 263
f 264 266 265
f 264 267 266
f 264 268 267
f 250 268 264
f 250 251 268
f 250 264 247
f 251 269 268
f 268 269 270
f 268 270 267
f 269 271 270
f 69 271 269
f 69 99 271
f 69 269 254
f 254 269 251
f 99 272 271
f 99 101 272
f 122 273 121
f 122 123 273
f 123 274 273
f 123 275 274
f 123 124 275
f 124 276 275
f 124 97 276
f 97 255 276
f 255 277 276
f 255 278 277
f 276 277 275
f 258 259 279
f 258 278 255
f 258 279 278
f 259 280 279
f 259 261 280
f 266 267 281
f 266 281 265
f 267 282 283
f 267 283 281
f 282 284 283
f 282 285 284
f 282 286 285
f 270 286 282
f 270 271 286
f 270 282 267
f 271 287 286
f 286 287 288
f 286 288 285
f 287 289 288
f 101 289 287
f 101 125 289
f 101 287 272
f 272 287 271
f 125 290 289
f 125 291 290
f 125 126 291
f 126 127 291
f 127 292 291
f 127 293 292
f 127 128 293
f 128 129 293
f 129 294 293
f 129 295 294
f 129 130 295
f 130 131 295
f 131 296 295
f 131 297 296
f 131 132 297
f 132 133 297
f 133 298 297
f 133 299 298
f 133 134 299
f 134 300 299
f 134 121 300
f 121 273 300
f 273 301 300
f 273 302 301
f 300 301 299
f 274 275 303
f 274 302 273
f 274 303 302
f 275 304 303
f 275 277 304
f 284 285 305
f 284 305 283
f 285 306 305
f 288 289 307
f 288 306 285
f 288 307 306
f 289 308 307
f 290 291 309
f 290 308 289
f 290 309 308
f 291 310 311
f 291 311 309
f 310 312 311
f 310 313 312
f 310 314 313
f 292 314 310
f 292 293 314
f 292 310 291
f 293 315 314
f 293 316 315
f 314 315 313
f 294 295 317
f 294 316 293
f 294 317 316
f 295 318 317
f 296 297 319
f 296 318 295
f 296 319 318
f 297 320 319
f 298 299 321
f 298 320 297
f 298 321 320
f 299 322 321
f 299 301 322
f 312 313 323
f 312 323 311
f 313 324 323
f 313 315 324
f 325 327 326
f 325 328 327
f 325 329 328
f 325 330 329
f 325 331 330
f 325 326 331
f 330 333 332
f 330 331 333
f 330 332 334
f 330 334 329
f 332 335 334
f 332 336 335
f 332 337 336
f 332 333 337
f 336 339 338
f 336 337 339
f 336 338 340
f 336 340 335
f 338 341 340
f 338 342 341
f 338 343 342
f 338 339 343
f 342 345 344
f 342 343 345
f 342 344 346
f 342 346 341
f 344 347 346
f 344 348 347
f 344 349 348
f 344 345 349
f 348 351 350
f 348 349 351
f 348 350 352
f 348 352 347
f 136 352 350
f 136 137 352
f 136 350 353
f 136 353 141
f 350 354 353
f 350 351 354
f 353 356 355
f 353 354 356
f 353 355 141
f 141 355 357
f 141 357 142
f 355 358 357
f 355 359 358
f 355 356 359
f 358 361 360
f 358 359 361
f 358 360 362
f 358 362 357
f 360 363 362
f 360 364 363
f 360 365 364
f 360 361 365
f 364 367 366
f 364 365 367
f 364 366 368
f 364 368 363
f 366 369 368
f 366 370 369
f 366 371 370
f 366 367 371
f 370 371 372
f 370 372 369
f 373 375 374
f 373 376 375
f 373 377 376
f 373 378 377
f 373 379 378
f 373 374 379
f 378 381 380
f 378 379 381
f 378 380 382
f 378 382 377
f 380 383 382
f 380 384 383
f 328 384 380
f 328 329 384
f 328 380 381
f 328 381 327
f 329 385 384
f 384 385 386
f 384 386 383
f 144 386 385
f 144 145 386
f 144 387 385
f 144 387 149
f 334 385 387
f 334 335 387
f 334 385 329
f 335 388 387
f 387 388 149
f 149 388 151
f 151 388 389
f 151 389 155
f 340 389 388
f 340 341 389
f 340 388 335
f 341 390 389
f 389 390 155
f 155 390 157
f 157 390 391
f 157 391 161
f 346 391 390
f 346 347 391
f 346 390 341
f 347 392 391
f 391 392 161
f 161 392 163
f 163 392 137
f 137 392 352
f 352 392 347
f 142 393 171
f 142 357 393
f 357 394 393
f 393 394 171
f 171 394 173
f 173 394 395
f 173 395 177
f 362 395 394
f 362 363 395
f 362 394 357
f 363 396 395
f 395 396 177
f 177 396 179
f 179 396 397
f 179 397 183
f 368 397 396
f 368 369 397
f 368 396 363
f 369 398 397
f 397 398 183
f 183 398 399
f 183 399 184
f 398 400 399
f 398 401 400
f 369 401 398
f 369 372 401
f 400 401 402
f 400 402 399
f 403 405 404
f 403 406 405
f 403 407 406
f 403 408 407
f 403 409 408
f 403 404 409
f 408 411 410
f 408 409 411
f 408 410 412
f 408 412 407
f 410 413 412
f 410 414 413
f 376 414 410
f 376 377 414
f 376 410 411
f 376 411 375
f 377 415 414
f 414 415 416
f 414 416 413
f 186 416 415
f 186 187 416
f 186 415 417
f 186 417 191
f 382 417 415
f 382 383 417
f 382 415 377
f 383 418 417
f 417 418 191
f 191 418 193
f 193 418 145
f 145 418 386
f 386 418 383
f 184 419 215
f 184 399 419
f 399 420 419
f 419 420 215
f 215 420 421
f 215 421 216
f 420 422 421
f 420 423 422
f 399 423 420
f 399 402 423
f 422 423 424
f 422 424 421
f 425 427 426
f 425 428 427
f 425 429 428
f 425 430 429
f 406 430 425
f 406 407 430
f 406 425 426
f 406 426 405
f 407 431 430
f 430 431 432
f 430 432 429
f 218 432 431
f 218 219 432
f 218 431 433
f 218 433 223
f 412 433 431
f 412 413 433
f 412 431 407
f 413 434 433
f 433 434 223
f 223 434 225
f 225 434 187
f 187 434 416
f 416 434 413
f 216 435 241
f 216 421 435
f 421 436 435
f 421 437 436
f 435 438 241
f 435 436 438
f 241 438 242
f 421 424 437
f 439 441 440
f 439 442 441
f 439 443 442
f 439 444 443
f 428 444 439
f 428 429 444
f 428 439 440
f 428 440 427
f 429 445 444
f 444 445 446
f 444 446 443
f 244 446 445
f 244 245 446
f 244 445 219
f 219 445 432
f 432 445 429
f 447 448 449
f 447 449 450
f 262 450 261
f 262 447 450
f 262 242 447
f 242 438 447
f 438 436 448
f 438 448 447
f 451 453 452
f 451 454 453
f 451 455 454
f 451 456 455
f 442 456 451
f 442 443 456
f 442 451 452
f 442 452 441
f 443 457 456
f 456 457 458
f 456 458 455
f 457 459 458
f 245 459 457
f 245 263 459
f 245 457 446
f 446 457 443
f 263 460 459
f 263 265 460
f 278 461 277
f 278 279 461
f 462 463 464
f 279 464 461
f 279 462 464
f 279 280 462
f 280 261 462
f 261 450 462
f 450 449 463
f 450 463 462
f 454 455 465
f 454 465 453
f 455 466 467
f 455 467 465
f 466 468 467
f 466 469 468
f 466 470 469
f 458 470 466
f 458 459 470
f 458 466 455
f 459 471 470
f 470 471 472
f 470 472 469
f 471 473 472
f 265 473 471
f 265 281 473
f 265 471 460
f 460 471 459
f 281 474 473
f 281 283 474
f 302 475 301
f 302 303 475
f 476 477 478
f 303 478 475
f 303 476 478
f 303 304 476
f 304 277 476
f 277 461 479
f 277 479 476
f 476 479 477
f 461 480 479
f 461 464 480
f 468 469 481
f 468 481 467
f 469 482 483
f 469 483 481
f 482 484 483
f 482 485 484
f 482 486 485
f 472 486 482
f 472 473 486
f 472 482 469
f 473 487 486
f 486 487 488
f 486 488 485
f 487 489 488
f 283 489 487
f 283 305 489
f 283 487 474
f 474 487 473
f 305 490 489
f 305 491 490
f 305 306 491
f 306 307 491
f 307 492 491
f 307 493 492
f 307 308 493
f 308 309 493
f 309 494 493
f 309 311 494
f 316 495 315
f 316 317 495
f 317 496 495
f 317 497 496
f 317 318 497
f 318 319 497
f 319 498 497
f 319 499 498
f 319 320 499
f 320 321 499
f 500 501 502
f 321 502 499
f 321 500 502
f 321 322 500
f 322 301 500
f 301 475 503
f 301 503 500
f 500 503 501
f 475 504 503
f 475 478 504
f 484 485 505
f 484 505 483
f 485 506 505
f 488 489 507
f 488 506 485
f 488 507 506
f 489 508 507
f 490 491 509
f 490 508 489
f 490 509 508
f 491 510 509
f 492 493 511
f 492 510 491
f 492 511 510
f 493 512 511
f 311 323 513
f 311 514 494
f 311 513 514
f 494 512 493
f 494 514 512
f 513 515 514
f 513 516 515
f 513 323 516
f 323 324 516
f 324 315 516
f 315 495 517
f 315 517 516
f 516 517 515
f 495 518 517
f 496 497 519
f 496 518 495
f 496 519 518
f 497 520 519
f 498 499 521
f 498 520 497
f 498 521 520
f 499 522 521
f 499 502 522
f 523 525 524
f 523 526 525
f 523 527 526
f 523 528 527
f 523 529 528
f 523 524 529
f 528 531 530
f 528 529 531
f 528 530 532
f 528 532 527
f 530 533 532
f 530 534 533
f 530 535 534
f 530 531 535
f 534 537 536
f 534 535 537
f 534 536 538
f 534 538 533
f 536 539 538
f 536 540 539
f 536 541 540
f 536 537 541
f 540 543 542
f 540 541 543
f 540 542 544
f 540 544 539
f 542 545 544
f 542 546 545
f 542 547 546
f 542 543 547
f 546 549 548
f 546 547 549
f 546 548 550
f 546 550 545
f 548 551 550
f 548 552 551
f 548 553 552
f 548 549 553
f 552 553 554
f 552 554 551
f 555 557 556
f 555 558 557
f 555 559 558
f 555 560 559
f 555 561 560
f 555 556 561
f 560 563 562
f 560 561 563
f 560 562 564
f 560 564 559
f 326 564 562
f 326 327 564
f 326 562 565
f 326 565 331
f 562 566 565
f 562 563 566
f 565 568 567
f 565 566 568
f 565 567 331
f 331 567 333
f 333 569 567
f 333 569 337
f 526 567 569
f 526 527 569
f 526 567 568
f 526 568 525
f 527 570 569
f 569 570 337
f 337 570 339
f 339 570 571
f 339 571 343
f 532 571 570
f 532 533 571
f 532 570 527
f 533 572 571
f 571 572 343
f 343 572 345
f 345 572 573
f 345 573 349
f 538 573 572
f 538 539 573
f 538 572 533
f 539 574 573
f 573 574 349
f 349 574 351
f 351 574 575
f 351 575 354
f 544 575 574
f 544 545 575
f 544 574 539
f 545 576 575
f 575 576 354
f 354 576 356
f 356 576 577
f 356 577 359
f 550 577 576
f 550 551 577
f 550 576 545
f 551 578 577
f 577 578 359
f 359 578 361
f 361 578 579
f 361 579 365
f 578 580 579
f 551 580 578
f 551 554 580
f 579 582 581
f 579 580 582
f 579 581 365
f 365 581 367
f 367 581 583
f 367 583 371
f 581 584 583
f 581 582 584
f 583 586 585
f 583 584 586
f 583 585 371
f 371 585 587
f 371 587 372
f 585 588 587
f 585 589 588
f 585 586 589
f 588 589 590
f 588 590 587
f 591 593 592
f 591 594 593
f 591 595 594
f 591 596 595
f 591 597 596
f 591 592 597
f 596 599 598
f 596 597 599
f 596 598 600
f 596 600 595
f 598 601 600
f 598 602 601
f 598 603 602
f 598 599 603
f 602 605 604
f 602 603 605
f 602 604 606
f 602 606 601
f 374 606 604
f 374 375 606
f 374 604 607
f 374 607 379
f 558 607 604
f 558 559 607
f 558 604 605
f 558 605 557
f 559 608 607
f 607 608 379
f 379 608 381
f 381 608 327
f 327 608 564
f 564 608 559
f 372 609 401
f 372 587 609
f 587 610 609
f 609 610 401
f 401 610 611
f 401 611 402
f 610 612 611
f 610 613 612
f 587 613 610
f 587 590 613
f 612 613 614
f 612 614 611
f 615 617 616
f 615 618 617
f 615 619 618
f 615 620 619
f 594 620 615
f 594 595 620
f 594 615 616
f 594 616 593
f 595 621 620
f 620 621 622
f 620 622 619
f 404 622 621
f 404 405 622
f 404 621 623
f 404 623 409
f 600 623 621
f 600 601 623
f 600 621 595
f 601 624 623
f 623 624 409
f 409 624 411
f 411 624 375
f 375 624 606
f 606 624 601
f 402 625 423
f 402 611 625
f 611 626 625
f 611 627 626
f 625 628 423
f 625 626 628
f 423 628 424
f 611 614 627
f 629 631 630
f 629 632 631
f 629 633 632
f 629 634 633
f 629 635 634
f 629 630 635
f 634 637 636
f 634 635 637
f 634 636 638
f 634 638 633
f 636 639 638
f 636 640 639
f 618 640 636
f 618 619 640
f 618 636 637
f 618 637 617
f 619 641 640
f 640 641 642
f 640 642 639
f 426 642 641
f 426 427 642
f 426 641 405
f 405 641 622
f 622 641 619
f 437 643 436
f 437 644 643
f 437 424 644
f 424 645 644
f 424 628 645
f 628 626 645
f 644 645 646
f 644 646 643
f 647 649 648
f 647 650 649
f 647 651 650
f 647 652 651
f 632 652 647
f 632 633 652
f 632 647 648
f 632 648 631
f 633 653 652
f 652 653 654
f 652 654 651
f 653 655 654
f 653 656 655
f 638 656 653
f 638 639 656
f 638 653 633
f 639 657 656
f 656 657 658
f 656 658 655
f 440 658 657
f 440 441 658
f 440 657 427
f 427 657 642
f 642 657 639
f 448 659 449
f 448 660 659
f 448 436 660
f 436 643 660
f 643 661 660
f 643 662 661
f 660 661 659
f 643 646 662
f 650 651 663
f 650 663 649
f 651 664 665
f 651 665 663
f 664 666 665
f 664 667 666
f 664 668 667
f 654 668 664
f 654 655 668
f 654 664 651
f 655 669 668
f 668 669 670
f 668 670 667
f 452 670 669
f 452 453 670
f 452 669 441
f 441 669 658
f 658 669 655
f 671 672 673
f 671 673 674
f 463 674 464
f 463 671 674
f 463 449 671
f 449 659 675
f 449 675 671
f 671 675 672
f 659 676 675
f 659 661 676
f 677 679 678
f 677 680 679
f 677 681 680
f 677 682 681
f 666 682 677
f 666 667 682
f 666 677 678
f 666 678 665
f 667 683 682
f 682 683 684
f 682 684 681
f 683 685 684
f 453 685 683
f 453 465 685
f 453 683 670
f 670 683 667
f 465 686 685
f 465 467 686
f 477 687 478
f 477 479 687
f 688 689 690
f 479 690 687
f 479 688 690
f 479 480 688
f 480 464 688
f 464 674 688
f 674 673 689
f 674 689 688
f 680 681 691
f 680 691 679
f 681 692 691
f 684 685 693
f 684 692 681
f 684 693 692
f 685 694 695
f 685 695 693
f 694 696 695
f 694 697 696
f 467 697 694
f 467 481 697
f 467 694 686
f 686 694 685
f 481 698 697
f 481 483 698
f 501 699 502
f 501 503 699
f 700 701 702
f 503 702 699
f 503 700 702
f 503 504 700
f 504 478 700
f 478 687 703
f 478 703 700
f 700 703 701
f 687 704 703
f 687 690 704
f 696 697 705
f 696 705 695
f 697 706 705
f 483 505 707
f 483 708 698
f 483 707 708
f 698 706 697
f 698 708 706
f 707 709 708
f 707 710 709
f 707 505 710
f 505 711 710
f 505 506 711
f 506 507 711
f 507 712 711
f 507 713 712
f 507 508 713
f 508 509 713
f 509 714 713
f 509 715 714
f 509 510 715
f 510 511 715
f 511 716 715
f 511 717 716
f 511 512 717
f 512 514 717
f 514 718 717
f 514 719 718
f 514 515 719
f 515 517 719
f 720 721 722
f 517 722 719
f 517 720 722
f 517 518 720
f 518 519 723
f 518 723 720
f 720 723 724
f 720 724 721
f 723 725 724
f 723 726 725
f 723 519 726
f 519 520 726
f 520 521 727
f 520 727 726
f 726 727 728
f 726 728 725
f 727 729 728
f 727 730 729
f 727 521 730
f 521 522 730
f 522 502 730
f 502 699 731
f 502 731 730
f 730 731 729
f 699 732 731
f 699 702 732
f 710 711 733
f 710 733 709
f 711 734 733
f 712 713 735
f 712 734 711
f 712 735 734
f 713 736 735
f 714 715 737
f 714 736 713
f 714 737 736
f 715 738 737
f 716 717 739
f 716 738 715
f 716 739 738
f 717 740 739
f 718 719 741
f 718 740 717
f 718 741 740
f 719 742 741
f 719 722 742
f 743 745 744
f 743 746 745
f 743 747 746
f 743 748 747
f 743 749 748
f 743 744 749
f 748 751 750
f 748 749 751
f 748 750 752
f 748 752 747
f 750 753 752
f 750 754 753
f 750 755 754
f 750 751 755
f 754 757 756
f 754 755 757
f 754 756 758
f 754 758 753
f 524 758 756
f 524 525 758
f 524 759 756
f 524 759 529
f 756 759 760
f 756 760 757
f 759 762 761
f 759 760 762
f 759 761 529
f 529 761 531
f 531 761 763
f 531 763 535
f 761 763 764
f 761 762 764
f 763 766 765
f 763 764 766
f 763 765 535
f 535 765 537
f 537 765 767
f 537 767 541
f 765 768 767
f 765 766 768
f 767 770 769
f 767 768 770
f 767 769 541
f 541 769 543
f 543 769 771
f 543 771 547
f 769 772 771
f 769 770 772
f 771 774 773
f 771 772 774
f 771 773 547
f 547 773 549
f 549 773 775
f 549 775 553
f 773 776 775
f 773 774 776
f 775 778 777
f 775 776 778
f 775 777 553
f 553 777 779
f 553 779 554
f 777 780 779
f 777 781 780
f 777 778 781
f 780 781 782
f 780 782 779
f 783 785 784
f 783 786 785
f 783 787 786
f 783 788 787
f 783 789 788
f 783 784 789
f 788 791 790
f 788 789 791
f 788 790 792
f 788 792 787
f 790 793 792
f 790 794 793
f 790 795 794
f 790 791 795
f 794 797 796
f 794 795 797
f 794 796 798
f 794 798 793
f 556 798 796
f 556 557 798
f 556 796 799
f 556 799 561
f 746 799 796
f 746 747 799
f 746 796 797
f 746 797 745
f 747 800 799
f 799 800 561
f 561 800 563
f 563 800 801
f 563 801 566
f 752 801 800
f 752 753 801
f 752 800 747
f 753 802 801
f 801 802 566
f 566 802 568
f 568 802 525
f 525 802 758
f 758 802 753
f 554 803 580
f 554 779 803
f 779 804 803
f 803 804 580
f 580 804 582
f 582 804 805
f 582 805 584
f 804 806 805
f 779 806 804
f 779 782 806
f 805 808 807
f 805 806 808
f 805 807 584
f 584 807 586
f 586 807 809
f 586 809 589
f 807 810 809
f 807 808 810
f 809 810 811
f 809 812 589
f 809 811 812
f 589 812 590
f 813 815 814
f 813 816 815
f 813 817 816
f 813 818 817
f 813 819 818
f 813 814 819
f 818 821 820
f 818 819 821
f 818 820 822
f 818 822 817
f 592 822 820
f 592 593 822
f 592 820 823
f 592 823 597
f 786 823 820
f 786 787 823
f 786 820 821
f 786 821 785
f 787 824 823
f 823 824 597
f 597 824 599
f 599 824 825
f 599 825 603
f 792 825 824
f 792 793 825
f 792 824 787
f 793 826 825
f 825 826 603
f 603 826 605
f 605 826 557
f 557 826 798
f 798 826 793
f 590 827 613
f 590 828 827
f 590 812 828
f 812 811 828
f 827 828 829
f 827 830 613
f 827 829 830
f 613 830 614
f 831 833 832
f 831 834 833
f 831 835 834
f 831 836 835
f 816 836 831
f 816 817 836
f 816 831 832
f 816 832 815
f 817 837 836
f 836 837 838
f 836 838 835
f 616 838 837
f 616 617 838
f 616 837 593
f 593 837 822
f 822 837 817
f 627 839 626
f 627 840 839
f 627 614 840
f 614 841 840
f 614 830 841
f 830 829 841
f 840 841 842
f 840 842 839
f 843 845 844
f 843 846 845
f 843 847 846
f 843 848 847
f 843 849 848
f 843 844 849
f 848 851 850
f 848 849 851
f 848 850 852
f 848 852 847
f 630 852 850
f 630 631 852
f 630 850 853
f 630 853 635
f 834 853 850
f 834 835 853
f 834 850 851
f 834 851 833
f 835 854 853
f 853 854 635
f 635 854 637
f 637 854 617
f 617 854 838
f 838 854 835
f 626 855 645
f 626 839 855
f 839 856 855
f 839 857 856
f 855 858 645
f 855 856 858
f 645 858 646
f 839 842 857
f 859 861 860
f 859 862 861
f 859 863 862
f 859 864 863
f 846 864 859
f 846 847 864
f 846 859 860
f 846 860 845
f 847 865 864
f 864 865 866
f 864 866 863
f 648 866 865
f 648 649 866
f 648 865 631
f 631 865 852
f 852 865 847
f 867 868 869
f 867 869 870
f 662 870 661
f 662 867 870
f 662 646 867
f 646 858 867
f 858 856 868
f 858 868 867
f 862 863 871
f 862 871 861
f 863 872 873
f 863 873 871
f 872 874 873
f 872 875 874
f 649 875 872
f 649 663 875
f 649 872 866
f 866 872 863
f 663 876 875
f 663 665 876
f 672 877 673
f 672 675 877
f 878 879 880
f 675 880 877
f 675 878 880
f 675 676 878
f 676 661 878
f 661 870 878
f 870 869 879
f 870 879 878
f 881 883 882
f 881 884 883
f 881 885 884
f 881 886 885
f 874 886 881
f 874 875 886
f 874 881 882
f 874 882 873
f 875 887 886
f 886 887 888
f 886 888 885
f 678 888 887
f 678 679 888
f 678 887 665
f 665 887 876
f 876 887 875
f 889 890 891
f 889 891 892
f 689 892 690
f 689 889 892
f 689 673 889
f 673 877 893
f 673 893 889
f 889 893 890
f 877 894 893
f 877 880 894
f 884 885 895
f 884 895 883
f 885 896 897
f 885 897 895
f 896 898 897
f 896 899 898
f 679 899 896
f 679 691 899
f 679 896 888
f 888 896 885
f 691 900 899
f 691 901 900
f 691 692 901
f 692 693 901
f 693 902 901
f 693 695 902
f 903 904 905
f 903 905 906
f 701 906 702
f 701 903 906
f 701 703 907
f 701 907 903
f 903 907 908
f 903 908 904
f 907 909 908
f 907 910 909
f 907 703 910
f 703 704 910
f 704 690 910
f 690 892 910
f 892 891 909
f 892 909 910
f 898 899 911
f 898 911 897
f 899 912 911
f 900 901 913
f 900 912 899
f 900 913 912
f 901 914 915
f 901 915 913
f 914 916 915
f 914 917 916
f 695 917 914
f 695 705 917
f 695 914 902
f 902 914 901
f 705 918 917
f 705 919 918
f 705 706 919
f 706 708 919
f 708 920 919
f 708 709 920
f 721 921 722
f 721 724 921
f 922 923 924
f 724 924 921
f 724 922 924
f 724 725 922
f 725 728 925
f 725 925 922
f 922 925 926
f 922 926 923
f 925 927 926
f 925 928 927
f 925 728 928
f 728 729 928
f 729 731 929
f 729 929 928
f 928 929 930
f 928 930 927
f 929 931 930
f 929 932 931
f 929 731 932
f 731 732 932
f 732 702 932
f 702 906 932
f 906 905 931
f 906 931 932
f 916 917 933
f 916 933 915
f 917 934 933
f 918 919 935
f 918 934 917
f 918 935 934
f 919 936 935
f 709 733 937
f 709 938 920
f 709 937 938
f 920 936 919
f 920 938 936
f 937 938 939
f 937 940 939
f 937 733 940
f 733 734 940
f 734 735 941
f 734 941 940
f 940 941 942
f 940 942 939
f 941 943 942
f 941 944 943
f 941 735 944
f 735 736 944
f 736 737 945
f 736 945 944
f 944 945 946
f 944 946 943
f 945 947 946
f 945 948 947
f 945 737 948
f 737 738 948
f 738 739 949
f 738 949 948
f 948 949 950
f 948 950 947
f 949 951 950
f 949 952 951
f 949 739 952
f 739 740 952
f 740 741 953
f 740 953 952
f 952 953 954
f 952 954 951
f 953 955 954
f 953 956 955
f 953 741 956
f 741 742 956
f 742 722 956
f 722 921 957
f 722 957 956
f 956 957 955
f 921 958 957
f 921 924 958
f 959 961 960
f 959 962 961
f 959 963 962
f 959 964 963
f 959 965 964
f 959 960 965
f 964 967 966
f 964 965 967
f 964 966 968
f 964 968 963
f 966 969 968
f 966 970 969
f 966 971 970
f 966 967 971
f 970 971 972
f 970 972 969
f 973 975 974
f 973 976 975
f 973 977 976
f 973 978 977
f 973 979 978
f 973 974 979
f 978 981 980
f 978 979 981
f 978 980 982
f 978 982 977
f 744 982 980
f 744 745 982
f 744 980 983
f 744 983 749
f 980 984 983
f 980 981 984
f 983 986 985
f 983 984 986
f 983 985 749
f 749 985 751
f 751 985 987
f 751 987 755
f 985 988 987
f 985 986 988
f 987 989 990
f 987 988 990
f 987 989 755
f 755 989 757
f 757 989 991
f 757 760 991
f 989 991 992
f 989 990 992
f 991 994 993
f 991 992 994
f 991 993 760
f 760 993 762
f 762 995 993
f 762 995 764
f 962 993 995
f 962 963 995
f 962 993 994
f 962 994 961
f 963 996 995
f 995 996 764
f 764 996 766
f 766 996 997
f 766 997 768
f 968 997 996
f 968 969 997
f 968 996 963
f 969 998 997
f 997 998 768
f 768 998 770
f 770 998 999
f 770 999 772
f 998 1000 999
f 969 1000 998
f 969 972 1000
f 999 1002 1001
f 999 1000 1002
f 999 1001 772
f 772 1001 774
f 774 1001 1003
f 774 1003 776
f 1001 1004 1003
f 1001 1002 1004
f 1003 1006 1005
f 1003 1004 1006
f 1003 1005 776
f 776 1005 778
f 778 1005 1007
f 778 1007 781
f 1005 1008 1007
f 1005 1006 1008
f 1007 1010 1009
f 1007 1008 1010
f 1007 1009 781
f 781 1009 1011
f 781 1011 782
f 1009 1012 1011
f 1009 1013 1012
f 1009 1010 1013
f 1012 1013 1014
f 1012 1014 1011
f 1015 1017 1016
f 1015 1018 1017
f 1015 1019 1018
f 1015 1020 1019
f 1015 1021 1020
f 1015 1016 1021
f 1020 1023 1022
f 1020 1021 1023
f 1020 1022 1024
f 1020 1024 1019
f 784 1024 1022
f 784 785 1024
f 784 1022 1025
f 784 1025 789
f 1022 1026 1025
f 1022 1023 1026
f 1025 1028 1027
f 1025 1026 1028
f 1025 1027 789
f 789 1027 791
f 791 1027 1029
f 791 1029 795
f 976 1029 1027
f 976 977 1029
f 976 1027 1028
f 976 1028 975
f 977 1030 1029
f 1029 1030 795
f 795 1030 797
f 797 1030 745
f 745 1030 982
f 982 1030 977
f 782 1031 806
f 782 1011 1031
f 1011 1032 1031
f 1031 1032 806
f 806 1032 808
f 808 1032 1033
f 808 1033 810
f 1032 1034 1033
f 1011 1034 1032
f 1011 1014 1034
f 1033 1034 1035
f 1033 1036 810
f 1033 1035 1036
f 810 1036 811
f 1037 1039 1038
f 1037 1040 1039
f 1037 1041 1040
f 1037 1042 1041
f 1037 1043 1042
f 1037 1038 1043
f 1042 1045 1044
f 1042 1043 1045
f 1042 1044 1046
f 1042 1046 1041
f 814 1046 1044
f 814 815 1046
f 814 1044 1047
f 814 1047 819
f 1018 1047 1044
f 1018 1019 1047
f 1018 1044 1045
f 1018 1045 1017
f 1019 1048 1047
f 1047 1048 819
f 819 1048 821
f 821 1048 785
f 785 1048 1024
f 1024 1048 1019
f 811 1049 828
f 811 1050 1049
f 811 1036 1050
f 1036 1035 1050
f 1049 1050 1051
f 1049 1052 828
f 1049 1051 1052
f 828 1052 829
f 1053 1055 1054
f 1053 1056 1055
f 1053 1057 1056
f 1053 1058 1057
f 1040 1058 1053
f 1040 1041 1058
f 1040 1053 1054
f 1040 1054 1039
f 1041 1059 1058
f 1058 1059 1060
f 1058 1060 1057
f 832 1060 1059
f 832 833 1060
f 832 1059 815
f 815 1059 1046
f 1046 1059 1041
f 829 1061 841
f 829 1062 1061
f 829 1052 1062
f 1052 1051 1062
f 1061 1062 1063
f 1061 1064 841
f 1061 1063 1064
f 841 1064 842
f 1065 1067 1066
f 1065 1068 1067
f 844 1068 1065
f 844 845 1068
f 844 1065 1069
f 844 1069 849
f 1056 1069 1065
f 1056 1057 1069
f 1056 1065 1066
f 1056 1066 1055
f 1057 1070 1069
f 1069 1070 849
f 849 1070 851
f 851 1070 833
f 833 1070 1060
f 1060 1070 1057
f 1071 1072 1073
f 1071 1073 1074
f 857 1074 856
f 857 1071 1074
f 857 842 1071
f 842 1064 1071
f 1064 1063 1072
f 1064 1072 1071
f 1075 1077 1076
f 1075 1078 1077
f 860 1078 1075
f 860 861 1078
f 860 1075 845
f 845 1075 1068
f 1068 1075 1076
f 1068 1076 1067
f 1079 1080 1081
f 1079 1081 1082
f 868 1082 869
f 868 1079 1082
f 868 856 1079
f 856 1074 1079
f 1074 1073 1080
f 1074 1080 1079
f 1083 1085 1084
f 1083 1086 1085
f 1083 1087 1086
f 861 1087 1083
f 861 871 1087
f 861 1083 1078
f 1078 1083 1084
f 1078 1084 1077
f 871 1088 1087
f 871 873 1088
f 1089 1090 1091
f 1089 1091 1092
f 879 1092 880
f 879 1089 1092
f 879 869 1089
f 869 1082 1089
f 1082 1081 1090
f 1082 1090 1089
f 1093 1095 1094
f 1093 1096 1095
f 1093 1097 1096
f 1093 1098 1097
f 1086 1098 1093
f 1086 1087 1098
f 1086 1093 1094
f 1086 1094 1085
f 1087 1099 1098
f 1098 1099 1100
f 1098 1100 1097
f 882 1100 1099
f 882 883 1100
f 882 1099 873
f 873 1099 1088
f 1088 1099 1087
f 1101 1102 1103
f 1101 1103 1104
f 890 1104 891
f 890 1101 1104
f 890 893 1105
f 890 1105 1101
f 1101 1105 1106
f 1101 1106 1102
f 1105 1107 1106
f 1105 1108 1107
f 1105 893 1108
f 893 894 1108
f 894 880 1108
f 880 1092 1108
f 1092 1091 1107
f 1092 1107 1108
f 1096 1097 1109
f 1096 1109 1095
f 1097 1110 1111
f 1097 1111 1109
f 1110 1112 1111
f 1110 1113 1112
f 883 1113 1110
f 883 895 1113
f 883 1110 1100
f 1100 1110 1097
f 895 1114 1113
f 895 897 1114
f 1115 1116 1117
f 1115 1117 1118
f 904 1118 905
f 904 1115 1118
f 904 908 1119
f 904 1119 1115
f 1115 1119 1120
f 1115 1120 1116
f 1119 1121 1120
f 1119 1122 1121
f 1119 908 1122
f 908 909 1122
f 909 891 1122
f 891 1104 1122
f 1104 1103 1121
f 1104 1121 1122
f 1112 1113 1123
f 1112 1123 1111
f 1113 1124 1123
f 897 911 1125
f 897 1126 1114
f 897 1125 1126
f 1114 1124 1113
f 1114 1126 1124
f 1125 1127 1126
f 1125 1128 1127
f 1125 911 1128
f 911 1129 1128
f 911 912 1129
f 912 913 1129
f 913 1130 1129
f 913 915 1130
f 923 1131 924
f 923 926 1131
f 1132 1133 1134
f 926 1134 1131
f 926 1132 1134
f 926 927 1132
f 927 930 1135
f 927 1135 1132
f 1132 1135 1136
f 1132 1136 1133
f 1135 1137 1136
f 1135 1138 1137
f 1135 930 1138
f 930 931 1138
f 931 905 1138
f 905 1118 1138
f 1118 1117 1137
f 1118 1137 1138
f 1128 1129 1139
f 1128 1139 1127
f 1129 1140 1139
f 915 933 1141
f 915 1142 1130
f 915 1141 1142
f 1130 1140 1129
f 1130 1142 1140
f 1141 1143 1142
f 1141 1144 1143
f 1141 933 1144
f 933 934 1144
f 934 935 1145
f 934 1145 1144
f 1144 1145 1146
f 1144 1146 1143
f 1145 1147 1146
f 1145 1148 1147
f 1145 935 1148
f 935 936 1148
f 936 1149 938
f 936 1149 1148
f 1148 1149 1150
f 1148 1150 1147
f 1149 1151 1150
f 1149 1152 1151
f 1149 938 1152
f 938 1153 1152
f 938 939 1153
f 939 942 1153
f 942 1154 1153
f 942 1155 1154
f 942 943 1155
f 943 946 1155
f 1156 1157 1158
f 946 1158 1155
f 946 1156 1158
f 946 947 1156
f 947 950 1159
f 947 1159 1156
f 1156 1159 1160
f 1156 1160 1157
f 1159 1161 1160
f 1159 1162 1161
f 1159 950 1162
f 950 951 1162
f 951 954 1163
f 951 1163 1162
f 1162 1163 1164
f 1162 1164 1161
f 1163 1165 1164
f 1163 1166 1165
f 1163 954 1166
f 954 955 1166
f 955 957 1167
f 955 1167 1166
f 1166 1167 1168
f 1166 1168 1165
f 1167 1169 1168
f 1167 1170 1169
f 1167 957 1170
f 957 958 1170
f 958 924 1170
f 924 1131 1171
f 924 1171 1170
f 1170 1171 1169
f 1131 1172 1171
f 1131 1134 1172
f 1152 1153 1173
f 1152 1173 1151
f 1153 1174 1173
f 1154 1155 1175
f 1154 1174 1153
f 1154 1175 1174
f 1155 1176 1175
f 1155 1158 1176
f 1177 1179 1178
f 1177 1180 1179
f 1177 1181 1180
f 1177 1182 1181
f 1177 1183 1182
f 1177 1178 1183
f 1182 1184 1185
f 1182 1185 1183
f 1182 1184 1186
f 1182 1186 1181
f 1184 1187 1186
f 1184 1188 1187
f 1184 1188 1189
f 1184 1189 1185
f 1188 1191 1190
f 1188 1189 1191
f 1188 1190 1192
f 1188 1192 1187
f 960 1192 1190
f 960 961 1192
f 960 1190 1193
f 960 1193 965
f 1190 1194 1193
f 1190 1191 1194
f 1193 1196 1195
f 1193 1194 1196
f 1193 1195 965
f 965 1195 967
f 967 1195 1197
f 967 1197 971
f 1195 1198 1197
f 1195 1196 1198
f 1197 1200 1199
f 1197 1198 1200
f 1197 1199 971
f 971 1199 1201
f 971 1201 972
f 1199 1202 1201
f 1199 1203 1202
f 1199 1200 1203
f 1202 1203 1204
f 1202 1204 1201
f 1205 1207 1206
f 1205 1208 1207
f 1205 1209 1208
f 1205 1210 1209
f 1205 1211 1210
f 1205 1206 1211
f 1210 1213 1212
f 1210 1211 1213
f 1210 1212 1214
f 1210 1214 1209
f 974 1214 1212
f 974 975 1214
f 974 1212 1215
f 974 1215 979
f 1212 1216 1215
f 1212 1213 1216
f 1215 1218 1217
f 1215 1216 1218
f 1215 1217 979
f 979 1217 981
f 981 1217 1219
f 981 1219 984
f 1217 1220 1219
f 1217 1218 1220
f 1219 1222 1221
f 1219 1220 1222
f 1219 1221 984
f 984 1221 986
f 986 1221 1223
f 986 1223 988
f 1180 1223 1221
f 1180 1181 1223
f 1180 1221 1222
f 1180 1222 1179
f 1181 1224 1223
f 1223 1224 988
f 988 1224 990
f 990 1224 1225
f 990 1225 992
f 1186 1225 1224
f 1186 1187 1225
f 1186 1224 1181
f 1187 1226 1225
f 1225 1226 992
f 992 1226 994
f 994 1226 961
f 961 1226 1192
f 1192 1226 1187
f 972 1227 1000
f 972 1201 1227
f 1201 1228 1227
f 1227 1228 1000
f 1000 1228 1002
f 1002 1228 1229
f 1002 1229 1004
f 1228 1230 1229
f 1201 1230 1228
f 1201 1204 1230
f 1229 1232 1231
f 1229 1230 1232
f 1229 1231 1004
f 1004 1231 1006
f 1006 1231 1233
f 1006 1233 1008
f 1231 1234 1233
f 1231 1232 1234
f 1233 1236 1235
f 1233 1234 1236
f 1233 1235 1008
f 1008 1235 1010
f 1010 1235 1237
f 1010 1237 1013
f 1235 1238 1237
f 1235 1236 1238
f 1237 1238 1239
f 1237 1240 1013
f 1237 1239 1240
f 1013 1240 1014
f 1241 1243 1242
f 1241 1244 1243
f 1016 1244 1241
f 1016 1017 1244
f 1016 1241 1245
f 1016 1245 1021
f 1241 1246 1245
f 1241 1242 1246
f 1245 1248 1247
f 1245 1246 1248
f 1245 1247 1021
f 1021 1247 1023
f 1023 1247 1249
f 1023 1249 1026
f 1208 1249 1247
f 1208 1209 1249
f 1208 1247 1248
f 1208 1248 1207
f 1209 1250 1249
f 1249 1250 1026
f 1026 1250 1028
f 1028 1250 975
f 975 1250 1214
f 1214 1250 1209
f 1014 1251 1034
f 1014 1252 1251
f 1014 1240 1252
f 1240 1239 1252
f 1251 1252 1253
f 1251 1254 1034
f 1251 1253 1254
f 1034 1254 1035
f 1255 1257 1256
f 1255 1258 1257
f 1038 1258 1255
f 1038 1039 1258
f 1038 1255 1259
f 1038 1259 1043
f 1255 1260 1259
f 1255 1256 1260
f 1259 1262 1261
f 1259 1260 1262
f 1259 1261 1043
f 1043 1261 1045
f 1045 1261 1017
f 1017 1261 1244
f 1244 1261 1262
f 1244 1262 1243
f 1035 1263 1050
f 1035 1264 1263
f 1035 1254 1264
f 1254 1253 1264
f 1263 1264 1265
f 1263 1266 1050
f 1263 1265 1266
f 1050 1266 1051
f 1267 1269 1268
f 1267 1270 1269
f 1267 1271 1270
f 1267 1272 1271
f 1267 1273 1272
f 1267 1268 1273
f 1272 1275 1274
f 1272 1273 1275
f 1272 1274 1276
f 1272 1276 1271
f 1054 1276 1274
f 1054 1055 1276
f 1054 1274 1039
f 1039 1274 1258
f 1258 1274 1275
f 1258 1275 1257
f 1051 1277 1062
f 1051 1278 1277
f 1051 1266 1278
f 1266 1265 1278
f 1277 1278 1279
f 1277 1280 1062
f 1277 1279 1280
f 1062 1280 1063
f 1281 1283 1282
f 1281 1284 1283
f 1281 1285 1284
f 1281 1286 1285
f 1270 1286 1281
f 1270 1271 1286
f 1270 1281 1282
f 1270 1282 1269
f 1271 1287 1286
f 1286 1287 1288
f 1286 1288 1285
f 1066 1288 1287
f 1066 1067 1288
f 1066 1287 1055
f 1055 1287 1276
f 1276 1287 1271
f 1289 1290 1291
f 1289 1291 1292
f 1072 1292 1073
f 1072 1289 1292
f 1072 1063 1289
f 1063 1280 1289
f 1280 1279 1290
f 1280 1290 1289
f 1293 1295 1294
f 1293 1296 1295
f 1293 1297 1296
f 1293 1298 1297
f 1284 1298 1293
f 1284 1285 1298
f 1284 1293 1294
f 1284 1294 1283
f 1285 1299 1298
f 1298 1299 1300
f 1298 1300 1297
f 1076 1300 1299
f 1076 1077 1300
f 1076 1299 1067
f 1067 1299 1288
f 1288 1299 1285
f 1301 1302 1303
f 1301 1303 1304
f 1080 1304 1081
f 1080 1301 1304
f 1080 1073 1301
f 1073 1292 1301
f 1292 1291 1302
f 1292 1302 1301
f 1305 1307 1306
f 1305 1308 1307
f 1305 1309 1308
f 1305 1310 1309
f 1296 1310 1305
f 1296 1297 1310
f 1296 1305 1306
f 1296 1306 1295
f 1297 1311 1310
f 1310 1311 1312
f 1310 1312 1309
f 1084 1312 1311
f 1084 1085 1312
f 1084 1311 1077
f 1077 1311 1300
f 1300 1311 1297
f 1313 1314 1315
f 1313 1315 1316
f 1090 1316 1091
f 1090 1313 1316
f 1090 1081 1313
f 1081 1304 1313
f 1304 1303 1314
f 1304 1314 1313
f 1308 1309 1317
f 1308 1317 1307
f 1309 1318 1319
f 1309 1319 1317
f 1318 1320 1319
f 1094 1320 1318
f 1094 1095 1320
f 1094 1318 1085
f 1085 1318 1312
f 1312 1318 1309
f 1321 1322 1323
f 1321 1323 1324
f 1102 1324 1103
f 1102 1321 1324
f 1102 1106 1325
f 1102 1325 1321
f 1321 1325 1326
f 1321 1326 1322
f 1325 1327 1326
f 1325 1328 1327
f 1325 1106 1328
f 1106 1107 1328
f 1107 1091 1328
f 1091 1316 1328
f 1316 1315 1327
f 1316 1327 1328
f 1095 1109 1329
f 1095 1330 1320
f 1095 1329 1330
f 1320 1330 1319
f 1329 1331 1330
f 1329 1332 1331
f 1329 1109 1332
f 1109 1111 1332
f 1333 1334 1335
f 1333 1335 1336
f 1116 1336 1117
f 1116 1333 1336
f 1116 1120 1337
f 1116 1337 1333
f 1333 1337 1338
f 1333 1338 1334
f 1337 1339 1338
f 1337 1340 1339
f 1337 1120 1340
f 1120 1121 1340
f 1121 1103 1340
f 1103 1324 1340
f 1324 1323 1339
f 1324 1339 1340
f 1111 1123 1341
f 1111 1342 1332
f 1111 1341 1342
f 1332 1342 1331
f 1341 1343 1342
f 1341 1344 1343
f 1341 1123 1344
f 1123 1345 1344
f 1123 1124 1345
f 1124 1126 1345
f 1126 1346 1345
f 1126 1127 1346
f 1347 1348 1349
f 1347 1349 1350
f 1133 1350 1134
f 1133 1347 1350
f 1133 1136 1351
f 1133 1351 1347
f 1347 1351 1352
f 1347 1352 1348
f 1351 1353 1352
f 1351 1354 1353
f 1351 1136 1354
f 1136 1137 1354
f 1137 1117 1354
f 1117 1336 1354
f 1336 1335 1353
f 1336 1353 1354
f 1344 1345 1355
f 1344 1355 1343
f 1345 1356 1355
f 1127 1139 1357
f 1127 1358 1346
f 1127 1357 1358
f 1346 1356 1345
f 1346 1358 1356
f 1357 1359 1358
f 1357 1360 1359
f 1357 1139 1360
f 1139 1140 1360
f 1140 1142 1361
f 1140 1361 1360
f 1360 1361 1362
f 1360 1362 1359
f 1361 1363 1362
f 1361 1364 1363
f 1361 1142 1364
f 1142 1365 1364
f 1142 1143 1365
f 1143 1146 1365
f 1146 1366 1365
f 1146 1367 1366
f 1146 1147 1367
f 1147 1150 1367
f 1150 1368 1367
f 1150 1151 1368
f 1157 1369 1158
f 1157 1160 1369
f 1370 1371 1372
f 1160 1372 1369
f 1160 1370 1372
f 1160 1161 1370
f 1161 1164 1373
f 1161 1373 1370
f 1370 1373 1374
f 1370 1374 1371
f 1373 1375 1374
f 1373 1376 1375
f 1373 1164 1376
f 1164 1165 1376
f 1165 1168 1377
f 1165 1377 1376
f 1376 1377 1378
f 1376 1378 1375
f 1377 1379 1378
f 1377 1380 1379
f 1377 1168 1380
f 1168 1169 1380
f 1169 1171 1381
f 1169 1381 1380
f 1380 1381 1382
f 1380 1382 1379
f 1381 1383 1382
f 1381 1384 1383
f 1381 1171 1384
f 1171 1172 1384
f 1172 1134 1384
f 1134 1350 1384
f 1350 1349 1383
f 1350 1383 1384
f 1364 1365 1385
f 1364 1385 1363
f 1365 1385 1386
f 1366 1367 1387
f 1366 1386 1365
f 1366 1387 1386
f 1367 1388 1387
f 1151 1173 1389
f 1151 1390 1368
f 1151 1389 1390
f 1368 1388 1367
f 1368 1390 1388
f 1389 1391 1390
f 1389 1392 1391
f 1389 1173 1392
f 1173 1174 1392
f 1174 1175 1393
f 1174 1393 1392
f 1392 1393 1394
f 1392 1394 1391
f 1393 1395 1394
f 1393 1396 1395
f 1393 1175 1396
f 1175 1176 1396
f 1176 1158 1396
f 1158 1369 1397
f 1158 1397 1396
f 1396 1397 1395
f 1369 1398 1397
f 1369 1372 1398
f 1399 1401 1400
f 1399 1402 1401
f 1399 1403 1402
f 1399 1404 1403
f 1399 1405 1404
f 1399 1400 1405
f 1404 1407 1406
f 1404 1405 1407
f 1404 1406 1408
f 1404 1408 1403
f 1178 1408 1406
f 1178 1179 1408
f 1178 1406 1409
f 1178 1409 1183
f 1406 1410 1409
f 1406 1407 1410
f 1409 1412 1411
f 1409 1410 1412
f 1409 1411 1183
f 1183 1411 1185
f 1185 1411 1413
f 1185 1189 1413
f 1411 1414 1413
f 1411 1412 1414
f 1413 1415 1416
f 1413 1414 1416
f 1413 1415 1189
f 1189 1415 1191
f 1191 1417 1415
f 1191 1417 1194
f 1415 1417 1418
f 1415 1418 1416
f 1417 1420 1419
f 1417 1418 1420
f 1417 1419 1194
f 1194 1419 1196
f 1196 1419 1421
f 1196 1421 1198
f 1419 1422 1421
f 1419 1420 1422
f 1421 1424 1423
f 1421 1422 1424
f 1421 1423 1198
f 1198 1423 1200
f 1200 1423 1425
f 1200 1425 1203
f 1423 1426 1425
f 1423 1424 1426
f 1425 1428 1427
f 1425 1426 1428
f 1425 1427 1203
f 1203 1427 1429
f 1203 1429 1204
f 1427 1430 1429
f 1427 1431 1430
f 1427 1428 1431
f 1430 1431 1432
f 1430 1432 1429
f 1433 1435 1434
f 1433 1436 1435
f 1433 1437 1436
f 1433 1438 1437
f 1433 1439 1438
f 1433 1434 1439
f 1438 1441 1440
f 1438 1439 1441
f 1438 1440 1442
f 1438 1442 1437
f 1206 1442 1440
f 1206 1207 1442
f 1206 1440 1443
f 1206 1443 1211
f 1440 1444 1443
f 1440 1441 1444
f 1443 1446 1445
f 1443 1444 1446
f 1443 1445 1211
f 1211 1445 1213
f 1213 1445 1447
f 1213 1447 1216
f 1445 1448 1447
f 1445 1446 1448
f 1447 1450 1449
f 1447 1448 1450
f 1447 1449 1216
f 1216 1449 1218
f 1218 1449 1451
f 1218 1451 1220
f 1402 1451 1449
f 1402 1403 1451
f 1402 1449 1450
f 1402 1450 1401
f 1403 1452 1451
f 1451 1452 1220
f 1220 1452 1222
f 1222 1452 1179
f 1179 1452 1408
f 1408 1452 1403
f 1204 1453 1230
f 1204 1429 1453
f 1429 1454 1453
f 1453 1454 1230
f 1230 1454 1232
f 1232 1454 1455
f 1232 1455 1234
f 1454 1456 1455
f 1429 1456 1454
f 1429 1432 1456
f 1455 1458 1457
f 1455 1456 1458
f 1455 1457 1234
f 1234 1457 1236
f 1236 1457 1459
f 1236 1459 1238
f 1457 1460 1459
f 1457 1458 1460
f 1459 1460 1461
f 1459 1462 1238
f 1459 1461 1462
f 1238 1462 1239
f 1463 1465 1464
f 1463 1466 1465
f 1463 1467 1466
f 1463 1468 1467
f 1463 1469 1468
f 1463 1464 1469
f 1468 1471 1470
f 1468 1469 1471
f 1468 1470 1472
f 1468 1472 1467
f 1242 1472 1470
f 1242 1243 1472
f 1242 1470 1473
f 1242 1473 1246
f 1436 1473 1470
f 1436 1437 1473
f 1436 1470 1471
f 1436 1471 1435
f 1437 1474 1473
f 1473 1474 1246
f 1246 1474 1248
f 1248 1474 1207
f 1207 1474 1442
f 1442 1474 1437
f 1239 1475 1252
f 1239 1476 1475
f 1239 1462 1476
f 1462 1461 1476
f 1475 1476 1477
f 1475 1478 1252
f 1475 1477 1478
f 1252 1478 1253
f 1479 1481 1480
f 1479 1482 1481
f 1479 1483 1482
f 1479 1484 1483
f 1479 1485 1484
f 1479 1480 1485
f 1484 1487 1486
f 1484 1485 1487
f 1484 1486 1488
f 1484 1488 1483
f 1256 1488 1486
f 1256 1257 1488
f 1256 1486 1489
f 1256 1489 1260
f 1466 1489 1486
f 1466 1467 1489
f 1466 1486 1487
f 1466 1487 1465
f 1467 1490 1489
f 1489 1490 1260
f 1260 1490 1262
f 1262 1490 1243
f 1243 1490 1472
f 1472 1490 1467
f 1253 1491 1264
f 1253 1492 1491
f 1253 1478 1492
f 1478 1477 1492
f 1491 1492 1493
f 1491 1494 1264
f 1491 1493 1494
f 1264 1494 1265
f 1495 1497 1496
f 1495 1498 1497
f 1495 1499 1498
f 1495 1500 1499
f 1495 1501 1500
f 1495 1496 1501
f 1500 1503 1502
f 1500 1501 1503
f 1500 1502 1504
f 1500 1504 1499
f 1268 1504 1502
f 1268 1269 1504
f 1268 1502 1505
f 1268 1505 1273
f 1482 1505 1502
f 1482 1483 1505
f 1482 1502 1503
f 1482 1503 1481
f 1483 1506 1505
f 1505 1506 1273
f 1273 1506 1275
f 1275 1506 1257
f 1257 1506 1488
f 1488 1506 1483
f 1265 1507 1278
f 1265 1508 1507
f 1265 1494 1508
f 1494 1493 1508
f 1507 1508 1509
f 1507 1510 1278
f 1507 1509 1510
f 1278 1510 1279
f 1511 1513 1512
f 1511 1514 1513
f 1511 1515 1514
f 1511 1516 1515
f 1498 1516 1511
f 1498 1499 1516
f 1498 1511 1512
f 1498 1512 1497
f 1499 1517 1516
f 1516 1517 1518
f 1516 1518 1515
f 1282 1518 1517
f 1282 1283 1518
f 1282 1517 1269
f 1269 1517 1504
f 1504 1517 1499
f 1519 1520 1521
f 1519 1521 1522
f 1290 1522 1291
f 1290 1519 1522
f 1290 1279 1519
f 1279 1510 1519
f 1510 1509 1520
f 1510 1520 1519
f 1523 1525 1524
f 1523 1526 1525
f 1523 1527 1526
f 1523 1528 1527
f 1514 1528 1523
f 1514 1515 1528
f 1514 1523 1524
f 1514 1524 1513
f 1515 1529 1528
f 1528 1529 1530
f 1528 1530 1527
f 1294 1530 1529
f 1294 1295 1530
f 1294 1529 1283
f 1283 1529 1518
f 1518 1529 1515
f 1531 1532 1533
f 1531 1533 1534
f 1302 1534 1303
f 1302 1531 1534
f 1302 1291 1531
f 1291 1522 1531
f 1522 1521 1532
f 1522 1532 1531
f 1535 1537 1536
f 1535 1538 1537
f 1535 1539 1538
f 1535 1540 1539
f 1526 1540 1535
f 1526 1527 1540
f 1526 1535 1536
f 1526 1536 1525
f 1527 1541 1540
f 1540 1541 1542
f 1540 1542 1539
f 1306 1542 1541
f 1306 1307 1542
f 1306 1541 1295
f 1295 1541 1530
f 1530 1541 1527
f 1543 1544 1545
f 1543 1545 1546
f 1314 1546 1315
f 1314 1543 1546
f 1314 1303 1543
f 1303 1534 1543
f 1534 1533 1544
f 1534 1544 1543
f 1538 1539 1547
f 1538 1547 1537
f 1539 1548 1549
f 1539 1549 1547
f 1548 1550 1549
f 1548 1551 1550
f 1307 1551 1548
f 1307 1317 1551
f 1307 1548 1542
f 1542 1548 1539
f 1317 1552 1551
f 1317 1319 1552
f 1553 1554 1555
f 1553 1555 1556
f 1322 1556 1323
f 1322 1553 1556
f 1322 1326 1557
f 1322 1557 1553
f 1553 1557 1558
f 1553 1558 1554
f 1557 1559 1558
f 1557 1560 1559
f 1557 1326 1560
f 1326 1327 1560
f 1327 1315 1560
f 1315 1546 1560
f 1546 1545 1559
f 1546 1559 1560
f 1550 1551 1561
f 1550 1561 1549
f 1551 1562 1563
f 1551 1563 1561
f 1562 1564 1563
f 1562 1565 1564
f 1319 1565 1562
f 1319 1330 1565
f 1319 1562 1552
f 1552 1562 1551
f 1330 1566 1565
f 1330 1331 1566
f 1567 1568 1569
f 1567 1569 1570
f 1334 1570 1335
f 1334 1567 1570
f 1334 1338 1571
f 1334 1571 1567
f 1567 1571 1572
f 1567 1572 1568
f 1571 1573 1572
f 1571 1574 1573
f 1571 1338 1574
f 1338 1339 1574
f 1339 1323 1574
f 1323 1556 1574
f 1556 1555 1573
f 1556 1573 1574
f 1564 1565 1575
f 1564 1575 1563
f 1565 1576 1577
f 1565 1577 1575
f 1576 1578 1577
f 1576 1579 1578
f 1331 1579 1576
f 1331 1342 1579
f 1331 1576 1566
f 1566 1576 1565
f 1342 1580 1579
f 1342 1343 1580
f 1581 1582 1583
f 1581 1583 1584
f 1348 1584 1349
f 1348 1581 1584
f 1348 1352 1585
f 1348 1585 1581
f 1581 1585 1586
f 1581 1586 1582
f 1585 1587 1586
f 1585 1588 1587
f 1585 1352 1588
f 1352 1353 1588
f 1353 1335 1588
f 1335 1570 1588
f 1570 1569 1587
f 1570 1587 1588
f 1578 1579 1589
f 1578 1589 1577
f 1579 1590 1589
f 1343 1355 1591
f 1343 1592 1580
f 1343 1591 1592
f 1580 1590 1579
f 1580 1592 1590
f 1591 1593 1592
f 1591 1594 1593
f 1591 1355 1594
f 1355 1356 1594
f 1356 1358 1595
f 1356 1595 1594
f 1594 1595 1596
f 1594 1596 1593
f 1595 1597 1596
f 1595 1598 1597
f 1595 1358 1598
f 1358 1599 1598
f 1358 1359 1599
f 1359 1362 1599
f 1362 1600 1599
f 1362 1363 1600
f 1371 1601 1372
f 1371 1374 1601
f 1602 1603 1604
f 1374 1604 1601
f 1374 1602 1604
f 1374 1375 1602
f 1375 1378 1605
f 1375 1605 1602
f 1602 1605 1606
f 1602 1606 1603
f 1605 1607 1606
f 1605 1608 1607
f 1605 1378 1608
f 1378 1379 1608
f 1379 1382 1609
f 1379 1609 1608
f 1608 1609 1610
f 1608 1610 1607
f 1609 1611 1610
f 1609 1612 1611
f 1609 1382 1612
f 1382 1383 1612
f 1383 1349 1612
f 1349 1584 1612
f 1584 1583 1611
f 1584 1611 1612
f 1598 1599 1613
f 1598 1613 1597
f 1599 1614 1613
f 1363 1385 1615
f 1363 1616 1600
f 1363 1615 1616
f 1600 1614 1599
f 1600 1616 1614
f 1615 1617 1616
f 1615 1618 1617
f 1615 1618 1385
f 1385 1618 1386
f 1386 1387 1619
f 1386 1618 1619
f 1618 1619 1620
f 1618 1620 1617
f 1619 1620 1621
f 1619 1621 1622
f 1619 1387 1622
f 1387 1622 1388
f 1388 1390 1623
f 1388 1623 1622
f 1622 1623 1624
f 1622 1624 1621
f 1623 1624 1625
f 1623 1626 1625
f 1623 1390 1626
f 1390 1391 1626
f 1391 1394 1627
f 1391 1627 1626
f 1626 1627 1628
f 1626 1628 1625
f 1627 1629 1628
f 1627 1630 1629
f 1627 1394 1630
f 1394 1395 1630
f 1395 1397 1631
f 1395 1631 1630
f 1630 1631 1632
f 1630 1632 1629
f 1631 1633 1632
f 1631 1634 1633
f 1631 1397 1634
f 1397 1398 1634
f 1398 1372 1634
f 1372 1601 1635
f 1372 1635 1634
f 1634 1635 1633
f 1601 1636 1635
f 1601 1604 1636
f 1637 1639 1638
f 1637 1640 1639
f 1637 1641 1640
f 1637 1642 1641
f 1637 1643 1642
f 1637 1638 1643
f 1642 1645 1644
f 1642 1643 1645
f 1642 1644 1646
f 1642 1646 1641
f 1400 1646 1644
f 1400 1401 1646
f 1400 1644 1647
f 1400 1647 1405
f 1644 1648 1647
f 1644 1645 1648
f 1647 1650 1649
f 1647 1648 1650
f 1647 1649 1405
f 1405 1649 1407
f 1407 1649 1651
f 1407 1651 1410
f 1649 1652 1651
f 1649 1650 1652
f 1651 1654 1653
f 1651 1652 1654
f 1651 1653 1410
f 1410 1653 1412
f 1412 1653 1655
f 1412 1655 1414
f 1653 1656 1655
f 1653 1654 1656
f 1655 1658 1657
f 1655 1656 1658
f 1655 1657 1414
f 1414 1657 1416
f 1416 1659 1657
f 1416 1418 1659
f 1657 1659 1660
f 1657 1660 1658
f 1659 1661 1662
f 1659 1662 1660
f 1659 1418 1661
f 1418 1661 1420
f 1420 1661 1663
f 1420 1663 1422
f 1661 1663 1664
f 1661 1664 1662
f 1663 1666 1665
f 1663 1664 1666
f 1663 1665 1422
f 1422 1665 1424
f 1424 1665 1667
f 1424 1667 1426
f 1665 1668 1667
f 1665 1666 1668
f 1667 1670 1669
f 1667 1668 1670
f 1667 1669 1426
f 1426 1669 1428
f 1428 1669 1671
f 1428 1671 1431
f 1669 1672 1671
f 1669 1670 1672
f 1671 1672 1673
f 1671 1674 1431
f 1671 1673 1674
f 1431 1674 1432
f 1675 1677 1676
f 1675 1678 1677
f 1434 1678 1675
f 1434 1435 1678
f 1434 1675 1679
f 1434 1679 1439
f 1675 1680 1679
f 1675 1676 1680
f 1679 1682 1681
f 1679 1680 1682
f 1679 1681 1439
f 1439 1681 1441
f 1441 1681 1683
f 1441 1683 1444
f 1681 1684 1683
f 1681 1682 1684
f 1683 1686 1685
f 1683 1684 1686
f 1683 1685 1444
f 1444 1685 1446
f 1446 1685 1687
f 1446 1687 1448
f 1640 1687 1685
f 1640 1641 1687
f 1640 1685 1686
f 1640 1686 1639
f 1641 1688 1687
f 1687 1688 1448
f 1448 1688 1450
f 1450 1688 1401
f 1401 1688 1646
f 1646 1688 1641
f 1432 1689 1456
f 1432 1690 1689
f 1432 1674 1690
f 1674 1673 1690
f 1689 1692 1691
f 1689 1690 1692
f 1689 1691 1456
f 1456 1691 1458
f 1458 1691 1693
f 1458 1693 1460
f 1691 1694 1693
f 1691 1692 1694
f 1693 1694 1695
f 1693 1696 1460
f 1693 1695 1696
f 1460 1696 1461
f 1697 1699 1698
f 1697 1700 1699
f 1697 1701 1700
f 1697 1702 1701
f 1697 1703 1702
f 1697 1698 1703
f 1702 1705 1704
f 1702 1703 1705
f 1702 1704 1706
f 1702 1706 1701
f 1464 1706 1704
f 1464 1465 1706
f 1464 1704 1707
f 1464 1707 1469
f 1704 1708 1707
f 1704 1705 1708
f 1707 1710 1709
f 1707 1708 1710
f 1707 1709 1469
f 1469 1709 1471
f 1471 1709 1435
f 1435 1709 1678
f 1678 1709 1710
f 1678 1710 1677
f 1461 1711 1476
f 1461 1712 1711
f 1461 1696 1712
f 1696 1695 1712
f 1711 1712 1713
f 1711 1714 1476
f 1711 1713 1714
f 1476 1714 1477
f 1715 1717 1716
f 1715 1718 1717
f 1715 1719 1718
f 1715 1720 1719
f 1715 1721 1720
f 1715 1716 1721
f 1720 1723 1722
f 1720 1721 1723
f 1720 1722 1724
f 1720 1724 1719
f 1480 1724 1722
f 1480 1481 1724
f 1480 1722 1725
f 1480 1725 1485
f 1700 1725 1722
f 1700 1701 1725
f 1700 1722 1723
f 1700 1723 1699
f 1701 1726 1725
f 1725 1726 1485
f 1485 1726 1487
f 1487 1726 1465
f 1465 1726 1706
f 1706 1726 1701
f 1477 1727 1492
f 1477 1728 1727
f 1477 1714 1728
f 1714 1713 1728
f 1727 1728 1729
f 1727 1730 1492
f 1727 1729 1730
f 1492 1730 1493
f 1731 1733 1732
f 1731 1734 1733
f 1496 1734 1731
f 1496 1497 1734
f 1496 1731 1735
f 1496 1735 1501
f 1718 1735 1731
f 1718 1719 1735
f 1718 1731 1732
f 1718 1732 1717
f 1719 1736 1735
f 1735 1736 1501
f 1501 1736 1503
f 1503 1736 1481
f 1481 1736 1724
f 1724 1736 1719
f 1737 1738 1739
f 1737 1739 1740
f 1737 1740 1741
f 1493 1741 1508
f 1493 1737 1741
f 1493 1730 1737
f 1730 1729 1738
f 1730 1738 1737
f 1508 1741 1742
f 1508 1742 1509
f 1743 1745 1744
f 1743 1746 1745
f 1743 1747 1746
f 1743 1748 1747
f 1743 1749 1748
f 1743 1744 1749
f 1748 1751 1750
f 1748 1749 1751
f 1748 1750 1752
f 1748 1752 1747
f 1512 1752 1750
f 1512 1513 1752
f 1512 1750 1497
f 1497 1750 1734
f 1734 1750 1751
f 1734 1751 1733
f 1753 1754 1755
f 1753 1755 1756
f 1753 1756 1757
f 1753 1757 1758
f 1740 1758 1741
f 1740 1753 1758
f 1740 1739 1754
f 1740 1754 1753
f 1741 1758 1759
f 1758 1757 1760
f 1758 1760 1759
f 1520 1760 1521
f 1520 1759 1760
f 1520 1509 1759
f 1509 1742 1759
f 1742 1741 1759
f 1761 1763 1762
f 1761 1764 1763
f 1761 1765 1764
f 1761 1766 1765
f 1746 1766 1761
f 1746 1747 1766
f 1746 1761 1762
f 1746 1762 1745
f 1747 1767 1766
f 1766 1767 1768
f 1766 1768 1765
f 1524 1768 1767
f 1524 1525 1768
f 1524 1767 1513
f 1513 1767 1752
f 1752 1767 1747
f 1769 1770 1771
f 1769 1771 1772
f 1769 1772 1773
f 1769 1773 1774
f 1756 1774 1757
f 1756 1769 1774
f 1756 1755 1770
f 1756 1770 1769
f 1757 1774 1775
f 1774 1773 1776
f 1774 1776 1775
f 1532 1776 1533
f 1532 1775 1776
f 1532 1521 1775
f 1521 1760 1775
f 1760 1757 1775
f 1764 1765 1777
f 1764 1777 1763
f 1765 1778 1779
f 1765 1779 1777
f 1778 1780 1779
f 1536 1780 1778
f 1536 1537 1780
f 1536 1778 1525
f 1525 1778 1768
f 1768 1778 1765
f 1781 1782 1783
f 1781 1783 1784
f 1781 1784 1785
f 1781 1785 1786
f 1772 1786 1773
f 1772 1781 1786
f 1772 1771 1782
f 1772 1782 1781
f 1773 1786 1787
f 1786 1785 1788
f 1786 1788 1787
f 1544 1788 1545
f 1544 1787 1788
f 1544 1533 1787
f 1533 1776 1787
f 1776 1773 1787
f 1789 1791 1790
f 1789 1792 1791
f 1789 1793 1792
f 1537 1793 1789
f 1537 1547 1793
f 1537 1789 1780
f 1780 1789 1790
f 1780 1790 1779
f 1547 1794 1793
f 1547 1549 1794
f 1795 1796 1797
f 1795 1797 1798
f 1554 1798 1555
f 1554 1795 1798
f 1554 1558 1799
f 1554 1799 1795
f 1784 1799 1785
f 1784 1795 1799
f 1784 1783 1796
f 1784 1796 1795
f 1785 1799 1800
f 1799 1558 1800
f 1558 1559 1800
f 1559 1545 1800
f 1545 1788 1800
f 1788 1785 1800
f 1792 1793 1801
f 1792 1801 1791
f 1793 1802 1803
f 1793 1803 1801
f 1802 1804 1803
f 1802 1805 1804
f 1549 1805 1802
f 1549 1561 1805
f 1549 1802 1794
f 1794 1802 1793
f 1561 1806 1805
f 1561 1563 1806
f 1807 1808 1809
f 1807 1809 1810
f 1568 1810 1569
f 1568 1807 1810
f 1568 1572 1811
f 1568 1811 1807
f 1807 1811 1812
f 1807 1812 1808
f 1811 1813 1812
f 1811 1814 1813
f 1811 1572 1814
f 1572 1573 1814
f 1573 1555 1814
f 1555 1798 1814
f 1798 1797 1813
f 1798 1813 1814
f 1804 1805 1815
f 1804 1815 1803
f 1805 1816 1815
f 1563 1575 1817
f 1563 1818 1806
f 1563 1817 1818
f 1806 1816 1805
f 1806 1818 1816
f 1817 1819 1818
f 1817 1820 1819
f 1817 1575 1820
f 1575 1577 1820
f 1821 1822 1823
f 1821 1823 1824
f 1582 1824 1583
f 1582 1821 1824
f 1582 1586 1825
f 1582 1825 1821
f 1821 1825 1826
f 1821 1826 1822
f 1825 1827 1826
f 1825 1828 1827
f 1825 1586 1828
f 1586 1587 1828
f 1587 1569 1828
f 1569 1810 1828
f 1810 1809 1827
f 1810 1827 1828
f 1577 1589 1829
f 1577 1830 1820
f 1577 1829 1830
f 1820 1830 1819
f 1829 1831 1830
f 1829 1832 1831
f 1829 1589 1832
f 1589 1590 1832
f 1590 1592 1833
f 1590 1833 1832
f 1832 1833 1834
f 1832 1834 1831
f 1833 1835 1834
f 1833 1836 1835
f 1833 1592 1836
f 1592 1837 1836
f 1592 1593 1837
f 1593 1596 1837
f 1596 1838 1837
f 1596 1597 1838
f 1839 1840 1841
f 1839 1841 1842
f 1603 1842 1604
f 1603 1839 1842
f 1603 1606 1843
f 1603 1843 1839
f 1839 1843 1844
f 1839 1844 1840
f 1843 1845 1844
f 1843 1846 1845
f 1843 1606 1846
f 1606 1607 1846
f 1607 1610 1847
f 1607 1847 1846
f 1846 1847 1848
f 1846 1848 1845
f 1847 1849 1848
f 1847 1850 1849
f 1847 1610 1850
f 1610 1611 1850
f 1611 1583 1850
f 1583 1824 1850
f 1824 1823 1849
f 1824 1849 1850
f 1836 1837 1851
f 1836 1851 1835
f 1837 1852 1851
f 1597 1613 1853
f 1597 1854 1838
f 1597 1853 1854
f 1838 1852 1837
f 1838 1854 1852
f 1853 1855 1854
f 1853 1856 1855
f 1853 1613 1856
f 1613 1614 1856
f 1614 1616 1857
f 1614 1857 1856
f 1856 1857 1858
f 1856 1858 1855
f 1857 1859 1858
f 1857 1860 1859
f 1857 1616 1860
f 1616 1617 1860
f 1617 1620 1861
f 1617 1861 1860
f 1860 1861 1862
f 1860 1862 1859
f 1861 1863 1862
f 1861 1864 1863
f 1861 1620 1864
f 1620 1621 1864
f 1621 1865 1624
f 1621 1865 1864
f 1864 1865 1866
f 1864 1866 1863
f 1865 1866 1867
f 1865 1867 1868
f 1865 1868 1624
f 1624 1868 1625
f 1625 1628 1869
f 1625 1869 1868
f 1868 1869 1870
f 1868 1867 1870
f 1869 1870 1871
f 1869 1872 1871
f 1869 1628 1872
f 1628 1629 1872
f 1629 1632 1873
f 1629 1873 1872
f 1872 1873 1874
f 1872 1874 1871
f 1873 1875 1874
f 1873 1876 1875
f 1873 1632 1876
f 1632 1633 1876
f 1633 1635 1877
f 1633 1877 1876
f 1876 1877 1878
f 1876 1878 1875
f 1877 1879 1878
f 1877 1880 1879
f 1877 1635 1880
f 1635 1636 1880
f 1636 1604 1880
f 1604 1842 1880
f 1842 1841 1879
f 1842 1879 1880
f 1881 1883 1882
f 1881 1884 1883
f 1638 1884 1881
f 1638 1639 1884
f 1638 1881 1885
f 1638 1885 1643
f 1881 1886 1885
f 1881 1882 1886
f 1885 1888 1887
f 1885 1886 1888
f 1885 1887 1643
f 1643 1887 1645
f 1645 1887 1889
f 1645 1889 1648
f 1887 1890 1889
f 1887 1888 1890
f 1889 1892 1891
f 1889 1890 1892
f 1889 1891 1648
f 1648 1891 1650
f 1650 1891 1893
f 1650 1893 1652
f 1891 1894 1893
f 1891 1892 1894
f 1893 1896 1895
f 1893 1894 1896
f 1893 1895 1652
f 1652 1895 1654
f 1654 1895 1897
f 1654 1897 1656
f 1895 1898 1897
f 1895 1896 1898
f 1897 1900 1899
f 1897 1898 1900
f 1897 1899 1656
f 1656 1899 1658
f 1658 1899 1901
f 1658 1901 1660
f 1899 1902 1901
f 1899 1900 1902
f 1901 1903 1904
f 1901 1902 1904
f 1901 1903 1660
f 1660 1662 1903
f 1662 1905 1903
f 1662 1664 1905
f 1903 1905 1906
f 1903 1906 1904
f 1905 1908 1907
f 1905 1906 1908
f 1905 1907 1664
f 1664 1907 1666
f 1666 1907 1909
f 1666 1909 1668
f 1907 1910 1909
f 1907 1908 1910
f 1909 1912 1911
f 1909 1910 1912
f 1909 1911 1668
f 1668 1911 1670
f 1670 1911 1913
f 1670 1913 1672
f 1911 1914 1913
f 1911 1912 1914
f 1913 1914 1915
f 1913 1916 1672
f 1913 1915 1916
f 1672 1916 1673
f 1917 1919 1918
f 1917 1920 1919
f 1917 1921 1920
f 1917 1922 1921
f 1917 1923 1922
f 1917 1918 1923
f 1922 1925 1924
f 1922 1923 1925
f 1922 1924 1926
f 1922 1926 1921
f 1676 1926 1924
f 1676 1677 1926
f 1676 1924 1927
f 1676 1927 1680
f 1924 1928 1927
f 1924 1925 1928
f 1927 1930 1929
f 1927 1928 1930
f 1927 1929 1680
f 1680 1929 1682
f 1682 1929 1931
f 1682 1931 1684
f 1929 1932 1931
f 1929 1930 1932
f 1931 1934 1933
f 1931 1932 1934
f 1931 1933 1684
f 1684 1933 1686
f 1686 1933 1639
f 1639 1933 1884
f 1884 1933 1934
f 1884 1934 1883
f 1673 1935 1690
f 1673 1936 1935
f 1673 1916 1936
f 1916 1915 1936
f 1935 1938 1937
f 1935 1936 1938
f 1935 1937 1690
f 1690 1937 1692
f 1692 1937 1939
f 1692 1939 1694
f 1937 1940 1939
f 1937 1938 1940
f 1939 1940 1941
f 1939 1942 1694
f 1939 1941 1942
f 1694 1942 1695
f 1943 1945 1944
f 1943 1946 1945
f 1698 1946 1943
f 1698 1699 1946
f 1698 1943 1947
f 1698 1947 1703
f 1943 1948 1947
f 1943 1944 1948
f 1947 1950 1949
f 1947 1948 1950
f 1947 1949 1703
f 1703 1949 1705
f 1705 1949 1951
f 1705 1951 1708
f 1920 1951 1949
f 1920 1921 1951
f 1920 1949 1950
f 1920 1950 1919
f 1921 1952 1951
f 1951 1952 1708
f 1708 1952 1710
f 1710 1952 1677
f 1677 1952 1926
f 1926 1952 1921
f 1695 1953 1712
f 1695 1954 1953
f 1695 1942 1954
f 1942 1941 1954
f 1953 1954 1955
f 1953 1956 1712
f 1953 1955 1956
f 1712 1956 1713
f 1957 1959 1958
f 1957 1960 1959
f 1716 1960 1957
f 1716 1717 1960
f 1716 1957 1961
f 1716 1961 1721
f 1957 1962 1961
f 1957 1958 1962
f 1961 1964 1963
f 1961 1962 1964
f 1961 1963 1721
f 1721 1963 1723
f 1723 1963 1699
f 1699 1963 1946
f 1946 1963 1964
f 1946 1964 1945
f 1965 1966 1967
f 1965 1967 1968
f 1965 1968 1969
f 1713 1969 1728
f 1713 1965 1969
f 1713 1956 1965
f 1956 1955 1966
f 1956 1966 1965
f 1728 1969 1970
f 1728 1970 1729
f 1971 1973 1972
f 1971 1974 1973
f 1971 1975 1974
f 1971 1976 1975
f 1971 1977 1976
f 1971 1972 1977
f 1976 1979 1978
f 1976 1977 1979
f 1976 1978 1980
f 1976 1980 1975
f 1732 1980 1978
f 1732 1733 1980
f 1732 1978 1717
f 1717 1978 1960
f 1960 1978 1979
f 1960 1979 1959
f 1968 1981 1969
f 1968 1967 1981
f 1969 1981 1982
f 1969 1982 1983
f 1983 1982 1984
f 1738 1984 1739
f 1738 1983 1984
f 1738 1729 1983
f 1729 1970 1983
f 1970 1969 1983
f 1985 1987 1986
f 1985 1988 1987
f 1744 1988 1985
f 1744 1745 1988
f 1744 1985 1989
f 1744 1989 1749
f 1974 1989 1985
f 1974 1975 1989
f 1974 1985 1986
f 1974 1986 1973
f 1975 1990 1989
f 1989 1990 1749
f 1749 1990 1751
f 1751 1990 1733
f 1733 1990 1980
f 1980 1990 1975
f 1991 1992 1993
f 1991 1993 1994
f 1754 1994 1755
f 1754 1991 1994
f 1754 1739 1991
f 1739 1984 1991
f 1984 1982 1992
f 1984 1992 1991
f 1995 1997 1996
f 1995 1998 1997
f 1762 1998 1995
f 1762 1763 1998
f 1762 1995 1745
f 1745 1995 1988
f 1988 1995 1996
f 1988 1996 1987
f 1999 2000 2001
f 1999 2001 2002
f 1770 2002 1771
f 1770 1999 2002
f 1770 1755 1999
f 1755 1994 1999
f 1994 1993 2000
f 1994 2000 1999
f 2003 2005 2004
f 2003 2006 2005
f 2003 2007 2006
f 1763 2007 2003
f 1763 1777 2007
f 1763 2003 1998
f 1998 2003 2004
f 1998 2004 1997
f 1777 2008 2007
f 1777 1779 2008
f 2009 2010 2011
f 2009 2011 2012
f 1782 2012 1783
f 1782 2009 2012
f 1782 1771 2009
f 1771 2002 2009
f 2002 2001 2010
f 2002 2010 2009
f 2006 2007 2013
f 2006 2013 2005
f 2007 2014 2015
f 2007 2015 2013
f 2014 2016 2015
f 1790 2016 2014
f 1790 1791 2016
f 1790 2014 1779
f 1779 2014 2008
f 2008 2014 2007
f 2017 2018 2019
f 2017 2019 2020
f 2017 2020 2021
f 2017 2021 2022
f 2017 2022 2023
f 2017 2023 2018
f 2022 2024 2023
f 2022 2025 2024
f 2022 2021 2026
f 2022 2026 2025
f 1796 2026 1797
f 1796 2025 2026
f 1796 1783 2025
f 1783 2012 2025
f 2012 2011 2024
f 2012 2024 2025
f 1791 1801 2027
f 1791 2028 2016
f 1791 2027 2028
f 2016 2028 2015
f 2027 2029 2028
f 2027 2030 2029
f 2027 1801 2030
f 1801 1803 2030
f 2031 2032 2033
f 2031 2033 2034
f 1808 2034 1809
f 1808 2031 2034
f 1808 1812 2035
f 1808 2035 2031
f 2020 2035 2021
f 2020 2031 2035
f 2020 2019 2032
f 2020 2032 2031
f 2021 2035 2036
f 2035 1812 2036
f 1812 1813 2036
f 1813 1797 2036
f 1797 2026 2036
f 2026 2021 2036
f 1803 1815 2037
f 1803 2038 2030
f 1803 2037 2038
f 2030 2038 2029
f 2037 2039 2038
f 2037 2040 2039
f 2037 1815 2040
f 1815 2041 2040
f 1815 1816 2041
f 1816 1818 2041
f 1818 2042 2041
f 1818 1819 2042
f 2043 2044 2045
f 2043 2045 2046
f 1822 2046 1823
f 1822 2043 2046
f 1822 1826 2047
f 1822 2047 2043
f 2043 2047 2048
f 2043 2048 2044
f 2047 2049 2048
f 2047 2050 2049
f 2047 1826 2050
f 1826 1827 2050
f 1827 1809 2050
f 1809 2034 2050
f 2034 2033 2049
f 2034 2049 2050
f 2040 2041 2051
f 2040 2051 2039
f 2041 2052 2051
f 1819 1830 2053
f 1819 2054 2042
f 1819 2053 2054
f 2042 2052 2041
f 2042 2054 2052
f 2053 2055 2054
f 2053 2056 2055
f 2053 1830 2056
f 1830 1831 2056
f 1831 1834 2057
f 1831 2057 2056
f 2056 2057 2058
f 2056 2058 2055
f 2057 2059 2058
f 2057 2060 2059
f 2057 1834 2060
f 1834 1835 2060
f 2061 2063 2062
f 2061 2063 2064
f 1840 2064 1841
f 1840 2061 2064
f 1840 1844 2065
f 1840 2065 2061
f 2061 2065 2066
f 2061 2066 2062
f 2065 2067 2066
f 2065 2068 2067
f 2065 1844 2068
f 1844 1845 2068
f 1845 1848 2069
f 1845 2069 2068
f 2068 2069 2070
f 2068 2070 2067
f 2069 2071 2070
f 2069 2072 2071
f 2069 1848 2072
f 1848 1849 2072
f 1849 1823 2072
f 1823 2046 2072
f 2046 2045 2071
f 2046 2071 2072
f 1835 1851 2073
f 1835 2074 2060
f 1835 2073 2074
f 2060 2074 2059
f 2073 2075 2074
f 2073 2076 2075
f 2073 1851 2076
f 1851 1852 2076
f 1852 1854 2077
f 1852 2077 2076
f 2076 2077 2078
f 2076 2078 2075
f 2077 2079 2078
f 2077 2080 2079
f 2077 1854 2080
f 1854 1855 2080
f 1855 1858 2081
f 1855 2081 2080
f 2080 2081 2082
f 2080 2082 2079
f 2081 2083 2082
f 2081 2084 2083
f 2081 1858 2084
f 1858 1859 2084
f 1859 1862 2085
f 1859 2085 2084
f 2084 2085 2086
f 2084 2086 2083
f 2085 2087 2086
f 2085 2088 2087
f 2085 1862 2088
f 1862 1863 2088
f 1863 1866 2089
f 1863 2089 2088
f 2088 2089 2090
f 2088 2090 2087
f 2089 2091 2090
f 2089 2092 2091
f 2089 2092 1866
f 1866 2092 1867
f 1867 2093 1870
f 1867 2092 2093
f 2092 2094 2093
f 2092 2094 2091
f 2093 2094 2095
f 2093 2095 2096
f 2093 2096 1870
f 1870 2096 1871
f 1871 1874 2097
f 1871 2097 2096
f 2096 2097 2098
f 2096 2098 2095
f 2097 2099 2098
f 2097 2100 2099
f 2097 1874 2100
f 1874 1875 2100
f 1875 1878 2101
f 1875 2101 2100
f 2100 2101 2102
f 2100 2102 2099
f 2101 2103 2102
f 2101 2104 2103
f 2101 1878 2104
f 1878 1879 2104
f 1879 1841 2104
f 1841 2064 2104
f 2064 2063 2103
f 2064 2103 2104
f 2105 2107 2106
f 2105 2108 2107
f 1882 2108 2105
f 1882 1883 2108
f 1882 2105 2109
f 1882 2109 1886
f 2105 2110 2109
f 2105 2106 2110
f 2109 2112 2111
f 2109 2110 2112
f 2109 2111 1886
f 1886 2111 1888
f 1888 2111 2113
f 1888 2113 1890
f 2111 2114 2113
f 2111 2112 2114
f 2113 2116 2115
f 2113 2114 2116
f 2113 2115 1890
f 1890 2115 1892
f 1892 2115 2117
f 1892 2117 1894
f 2115 2118 2117
f 2115 2116 2118
f 2117 2120 2119
f 2117 2118 2120
f 2117 2119 1894
f 1894 2119 1896
f 1896 2119 2121
f 1896 2121 1898
f 2119 2122 2121
f 2119 2120 2122
f 2121 2124 2123
f 2121 2122 2124
f 2121 2123 1898
f 1898 2123 1900
f 1900 2123 2125
f 1900 2125 1902
f 2123 2126 2125
f 2123 2124 2126
f 2125 2127 2128
f 2125 2126 2128
f 2125 2127 1902
f 1902 1904 2127
f 1904 2129 2127
f 1904 1906 2129
f 2127 2129 2130
f 2127 2130 2128
f 2129 2132 2131
f 2129 2130 2132
f 2129 2131 1906
f 1906 2131 1908
f 1908 2131 2133
f 1908 2133 1910
f 2131 2134 2133
f 2131 2132 2134
f 2133 2136 2135
f 2133 2134 2136
f 2133 2135 1910
f 1910 2135 1912
f 1912 2135 2137
f 1912 2137 1914
f 2135 2138 2137
f 2135 2136 2138
f 2137 2138 2139
f 2137 2140 1914
f 2137 2139 2140
f 1914 2140 1915
f 2141 2143 2142
f 2141 2144 2143
f 1918 2144 2141
f 1918 1919 2144
f 1918 2141 2145
f 1918 2145 1923
f 2141 2146 2145
f 2141 2142 2146
f 2145 2148 2147
f 2145 2146 2148
f 2145 2147 1923
f 1923 2147 1925
f 1925 2147 2149
f 1925 2149 1928
f 2147 2150 2149
f 2147 2148 2150
f 2149 2152 2151
f 2149 2150 2152
f 2149 2151 1928
f 1928 2151 1930
f 1930 2151 2153
f 1930 2153 1932
f 2151 2154 2153
f 2151 2152 2154
f 2153 2156 2155
f 2153 2154 2156
f 2153 2155 1932
f 1932 2155 1934
f 1934 2155 1883
f 1883 2155 2108
f 2108 2155 2156
f 2108 2156 2107
f 1915 2157 1936
f 1915 2158 2157
f 1915 2140 2158
f 2140 2139 2158
f 2157 2160 2159
f 2157 2158 2160
f 2157 2159 1936
f 1936 2159 1938
f 1938 2159 2161
f 1938 2161 1940
f 2159 2162 2161
f 2159 2160 2162
f 2161 2162 2163
f 2161 2164 1940
f 2161 2163 2164
f 1940 2164 1941
f 2165 2167 2166
f 2165 2168 2167
f 1944 2168 2165
f 1944 1945 2168
f 1944 2165 2169
f 1944 2169 1948
f 2165 2170 2169
f 2165 2166 2170
f 2169 2172 2171
f 2169 2170 2172
f 2169 2171 1948
f 1948 2171 1950
f 1950 2171 1919
f 1919 2171 2144
f 2144 2171 2172
f 2144 2172 2143
f 1941 2173 1954
f 1941 2174 2173
f 1941 2164 2174
f 2164 2163 2174
f 2173 2174 2175
f 2173 2176 1954
f 2173 2175 2176
f 1954 2176 1955
f 2177 2179 2178
f 2177 2180 2179
f 1958 2180 2177
f 1958 1959 2180
f 1958 2177 2181
f 1958 2181 1962
f 2177 2182 2181
f 2177 2178 2182
f 2181 2184 2183
f 2181 2182 2184
f 2181 2183 1962
f 1962 2183 1964
f 1964 2183 1945
f 1945 2183 2168
f 2168 2183 2184
f 2168 2184 2167
f 2185 2186 2187
f 2185 2187 2188
f 1966 2188 1967
f 1966 2185 2188
f 1966 1955 2185
f 1955 2176 2185
f 2176 2175 2186
f 2176 2186 2185
f 2189 2191 2190
f 2189 2192 2191
f 1972 2192 2189
f 1972 1973 2192
f 1972 2189 2193
f 1972 2193 1977
f 2189 2194 2193
f 2189 2190 2194
f 2193 2196 2195
f 2193 2194 2196
f 2193 2195 1977
f 1977 2195 1979
f 1979 2195 1959
f 1959 2195 2180
f 2180 2195 2196
f 2180 2196 2179
f 1967 2197 1981
f 1967 2198 2197
f 1967 2188 2198
f 2188 2187 2198
f 2197 2198 2199
f 2197 2200 1981
f 2197 2199 2200
f 1981 2200 1982
f 2201 2203 2202
f 2201 2204 2203
f 1986 2204 2201
f 1986 1987 2204
f 1986 2201 1973
f 1973 2201 2192
f 2192 2201 2202
f 2192 2202 2191
f 2205 2206 2207
f 2205 2207 2208
f 1992 2208 1993
f 1992 2205 2208
f 1992 1982 2205
f 1982 2200 2205
f 2200 2199 2206
f 2200 2206 2205
f 2209 2211 2210
f 2209 2212 2211
f 1996 2212 2209
f 1996 1997 2212
f 1996 2209 1987
f 1987 2209 2204
f 2204 2209 2210
f 2204 2210 2203
f 2213 2214 2215
f 2213 2215 2216
f 2000 2216 2001
f 2000 2213 2216
f 2000 1993 2213
f 1993 2208 2213
f 2208 2207 2214
f 2208 2214 2213
f 2217 2219 2218
f 2217 2220 2219
f 2004 2220 2217
f 2004 2005 2220
f 2004 2217 1997
f 1997 2217 2212
f 2212 2217 2218
f 2212 2218 2211
f 2221 2222 2223
f 2221 2223 2224
f 2010 2224 2011
f 2010 2221 2224
f 2010 2001 2221
f 2001 2216 2221
f 2216 2215 2222
f 2216 2222 2221
f 2005 2013 2225
f 2005 2226 2220
f 2005 2225 2226
f 2220 2226 2219
f 2225 2227 2226
f 2225 2228 2227
f 2225 2013 2228
f 2013 2015 2228
f 2229 2230 2231
f 2229 2231 2232
f 2018 2232 2019
f 2018 2229 2232
f 2018 2023 2233
f 2018 2229 2233
f 2229 2233 2234
f 2229 2230 2234
f 2233 2235 2234
f 2233 2236 2235
f 2233 2023 2236
f 2023 2024 2236
f 2024 2011 2236
f 2011 2224 2236
f 2224 2223 2235
f 2224 2235 2236
f 2015 2028 2237
f 2015 2238 2228
f 2015 2237 2238
f 2228 2238 2227
f 2237 2239 2238
f 2237 2240 2239
f 2237 2028 2240
f 2028 2029 2240
f 2241 2242 2243
f 2241 2243 2244
f 2032 2244 2033
f 2032 2241 2244
f 2032 2019 2241
f 2019 2232 2241
f 2232 2231 2242
f 2232 2242 2241
f 2029 2038 2245
f 2029 2246 2240
f 2029 2245 2246
f 2240 2246 2239
f 2245 2247 2246
f 2245 2248 2247
f 2245 2038 2248
f 2038 2039 2248
f 2249 2250 2251
f 2249 2251 2252
f 2044 2252 2045
f 2044 2249 2252
f 2044 2048 2253
f 2044 2253 2249
f 2249 2253 2254
f 2249 2254 2250
f 2253 2255 2254
f 2253 2256 2255
f 2253 2048 2256
f 2048 2049 2256
f 2049 2033 2256
f 2033 2244 2256
f 2244 2243 2255
f 2244 2255 2256
f 2039 2051 2257
f 2039 2258 2248
f 2039 2257 2258
f 2248 2258 2247
f 2257 2259 2258
f 2257 2260 2259
f 2257 2051 2260
f 2051 2052 2260
f 2052 2054 2261
f 2052 2261 2260
f 2260 2261 2262
f 2260 2262 2259
f 2261 2263 2262
f 2261 2264 2263
f 2261 2054 2264
f 2054 2055 2264
f 2055 2058 2265
f 2055 2265 2264
f 2264 2265 2266
f 2264 2266 2263
f 2265 2267 2266
f 2265 2268 2267
f 2265 2058 2268
f 2058 2059 2268
f 2269 2271 2270
f 2269 2271 2272
f 2062 2272 2063
f 2062 2272 2269
f 2062 2066 2273
f 2062 2269 2273
f 2269 2273 2274
f 2269 2270 2274
f 2273 2275 2274
f 2273 2276 2275
f 2273 2066 2276
f 2066 2067 2276
f 2067 2070 2277
f 2067 2277 2276
f 2276 2277 2278
f 2276 2278 2275
f 2277 2279 2278
f 2277 2280 2279
f 2277 2070 2280
f 2070 2071 2280
f 2071 2045 2280
f 2045 2252 2280
f 2252 2251 2279
f 2252 2279 2280
f 2059 2074 2281
f 2059 2282 2268
f 2059 2281 2282
f 2268 2282 2267
f 2281 2283 2282
f 2281 2284 2283
f 2281 2074 2284
f 2074 2075 2284
f 2075 2078 2285
f 2075 2285 2284
f 2284 2285 2286
f 2284 2286 2283
f 2285 2287 2286
f 2285 2288 2287
f 2285 2078 2288
f 2078 2079 2288
f 2079 2082 2289
f 2079 2289 2288
f 2288 2289 2290
f 2288 2290 2287
f 2289 2291 2290
f 2289 2292 2291
f 2289 2082 2292
f 2082 2083 2292
f 2083 2086 2293
f 2083 2293 2292
f 2292 2293 2294
f 2292 2294 2291
f 2293 2295 2294
f 2293 2296 2295
f 2293 2086 2296
f 2086 2087 2296
f 2087 2090 2297
f 2087 2297 2296
f 2296 2297 2298
f 2296 2298 2295
f 2297 2299 2298
f 2297 2300 2299
f 2297 2090 2300
f 2090 2091 2300
f 2091 2301 2094
f 2091 2301 2300
f 2300 2302 2301
f 2300 2302 2299
f 2301 2302 2303
f 2301 2303 2304
f 2301 2304 2094
f 2094 2304 2095
f 2095 2098 2305
f 2095 2305 2304
f 2304 2305 2306
f 2304 2306 2303
f 2305 2307 2306
f 2305 2308 2307
f 2305 2098 2308
f 2098 2099 2308
f 2099 2102 2309
f 2099 2309 2308
f 2308 2309 2310
f 2308 2310 2307
f 2309 2311 2310
f 2309 2312 2311
f 2309 2102 2312
f 2102 2103 2312
f 2103 2063 2312
f 2063 2272 2312
f 2272 2271 2311
f 2272 2311 2312
f 2313 2315 2314
f 2313 2316 2315
f 2106 2316 2313
f 2106 2107 2316
f 2106 2313 2317
f 2106 2317 2110
f 2313 2318 2317
f 2313 2314 2318
f 2317 2320 2319
f 2317 2318 2320
f 2317 2319 2110
f 2110 2319 2112
f 2112 2319 2321
f 2112 2321 2114
f 2319 2322 2321
f 2319 2320 2322
f 2321 2324 2323
f 2321 2322 2324
f 2321 2323 2114
f 2114 2323 2116
f 2116 2323 2325
f 2116 2325 2118
f 2323 2326 2325
f 2323 2324 2326
f 2325 2328 2327
f 2325 2326 2328
f 2325 2327 2118
f 2118 2327 2120
f 2120 2327 2329
f 2120 2329 2122
f 2327 2330 2329
f 2327 2328 2330
f 2329 2332 2331
f 2329 2330 2332
f 2329 2331 2122
f 2122 2331 2124
f 2124 2331 2333
f 2124 2333 2126
f 2331 2333 2334
f 2331 2334 2332
f 2333 2336 2335
f 2333 2336 2334
f 2333 2126 2335
f 2126 2128 2335
f 2128 2337 2335
f 2128 2130 2337
f 2335 2338 2337
f 2335 2336 2338
f 2337 2340 2339
f 2337 2338 2340
f 2337 2339 2130
f 2130 2339 2132
f 2132 2339 2341
f 2132 2341 2134
f 2339 2342 2341
f 2339 2340 2342
f 2341 2344 2343
f 2341 2342 2344
f 2341 2343 2134
f 2134 2343 2136
f 2136 2343 2345
f 2136 2345 2138
f 2343 2346 2345
f 2343 2344 2346
f 2345 2346 2347
f 2345 2348 2138
f 2345 2347 2348
f 2138 2348 2139
f 2142 2143 2349
f 2142 2349 2146
f 2350 2352 2351
f 2146 2352 2350
f 2146 2349 2352
f 2146 2350 2148
f 2148 2350 2353
f 2148 2353 2150
f 2350 2354 2353
f 2350 2351 2354
f 2353 2356 2355
f 2353 2354 2356
f 2353 2355 2150
f 2150 2355 2152
f 2152 2355 2357
f 2152 2357 2154
f 2355 2358 2357
f 2355 2356 2358
f 2357 2360 2359
f 2357 2358 2360
f 2357 2359 2154
f 2154 2359 2156
f 2156 2359 2107
f 2107 2359 2316
f 2316 2359 2360
f 2316 2360 2315
f 2139 2361 2158
f 2139 2362 2361
f 2139 2348 2362
f 2348 2347 2362
f 2361 2364 2363
f 2361 2362 2364
f 2361 2363 2158
f 2158 2363 2160
f 2160 2363 2365
f 2160 2365 2162
f 2363 2366 2365
f 2363 2364 2366
f 2365 2366 2367
f 2365 2368 2162
f 2365 2367 2368
f 2162 2368 2163
f 2369 2371 2370
f 2369 2372 2371
f 2166 2372 2369
f 2166 2167 2372
f 2166 2369 2373
f 2166 2373 2170
f 2369 2374 2373
f 2369 2370 2374
f 2373 2376 2375
f 2373 2374 2376
f 2373 2375 2170
f 2170 2375 2172
f 2172 2375 2143
f 2143 2375 2377
f 2143 2377 2349
f 2375 2376 2377
f 2349 2377 2378
f 2349 2378 2352
f 2163 2379 2174
f 2163 2380 2379
f 2163 2368 2380
f 2368 2367 2380
f 2379 2380 2381
f 2379 2382 2174
f 2379 2381 2382
f 2174 2382 2175
f 2383 2385 2384
f 2383 2386 2385
f 2178 2386 2383
f 2178 2179 2386
f 2178 2383 2387
f 2178 2387 2182
f 2383 2388 2387
f 2383 2384 2388
f 2387 2390 2389
f 2387 2388 2390
f 2387 2389 2182
f 2182 2389 2184
f 2184 2389 2167
f 2167 2389 2372
f 2372 2389 2390
f 2372 2390 2371
f 2186 2391 2187
f 2186 2392 2391
f 2186 2175 2392
f 2175 2393 2392
f 2175 2382 2393
f 2382 2381 2393
f 2392 2393 2394
f 2392 2394 2391
f 2190 2191 2395
f 2190 2395 2194
f 2396 2398 2397
f 2194 2398 2396
f 2194 2395 2398
f 2194 2396 2196
f 2196 2396 2179
f 2179 2396 2386
f 2386 2396 2397
f 2386 2397 2385
f 2187 2399 2198
f 2187 2391 2399
f 2391 2400 2399
f 2391 2401 2400
f 2399 2402 2198
f 2399 2400 2402
f 2198 2402 2199
f 2391 2394 2401
f 2403 2405 2404
f 2403 2406 2405
f 2202 2406 2403
f 2202 2203 2406
f 2202 2403 2191
f 2191 2403 2407
f 2191 2407 2395
f 2403 2404 2407
f 2395 2407 2408
f 2395 2408 2398
f 2409 2410 2411
f 2409 2411 2412
f 2206 2412 2207
f 2206 2409 2412
f 2206 2199 2409
f 2199 2402 2409
f 2402 2400 2410
f 2402 2410 2409
f 2413 2415 2414
f 2413 2416 2415
f 2210 2416 2413
f 2210 2211 2416
f 2210 2413 2203
f 2203 2413 2406
f 2406 2413 2414
f 2406 2414 2405
f 2417 2418 2419
f 2417 2419 2420
f 2214 2420 2215
f 2214 2417 2420
f 2214 2207 2417
f 2207 2412 2417
f 2412 2411 2418
f 2412 2418 2417
f 2218 2219 2421
f 2218 2422 2211
f 2218 2421 2422
f 2211 2423 2416
f 2211 2422 2423
f 2416 2423 2415
f 2422 2424 2423
f 2422 2421 2424
f 2425 2426 2427
f 2425 2427 2428
f 2222 2428 2223
f 2222 2425 2428
f 2222 2215 2425
f 2215 2420 2425
f 2420 2419 2426
f 2420 2426 2425
f 2219 2226 2429
f 2219 2429 2421
f 2421 2431 2430
f 2421 2429 2431
f 2429 2432 2431
f 2429 2226 2432
f 2226 2227 2432
f 2421 2430 2424
f 2230 2433 2231
f 2230 2234 2433
f 2434 2435 2436
f 2234 2436 2433
f 2234 2434 2436
f 2234 2235 2434
f 2235 2223 2434
f 2223 2428 2434
f 2428 2427 2435
f 2428 2435 2434
f 2227 2238 2437
f 2227 2438 2432
f 2227 2437 2438
f 2432 2438 2431
f 2437 2439 2438
f 2437 2440 2439
f 2437 2238 2440
f 2238 2239 2440
f 2441 2442 2443
f 2441 2443 2444
f 2242 2444 2243
f 2242 2441 2444
f 2242 2231 2441
f 2231 2433 2445
f 2231 2445 2441
f 2441 2445 2442
f 2433 2446 2445
f 2433 2436 2446
f 2239 2246 2447
f 2239 2448 2440
f 2239 2447 2448
f 2440 2448 2439
f 2447 2449 2448
f 2447 2450 2449
f 2447 2246 2450
f 2246 2247 2451
f 2246 2451 2450
f 2450 2451 2452
f 2450 2452 2453
f 2450 2453 2449
f 2452 2454 2453
f 2452 2451 2454
f 2455 2456 2457
f 2455 2457 2458
f 2250 2458 2251
f 2250 2455 2458
f 2250 2254 2459
f 2250 2459 2455
f 2455 2459 2460
f 2455 2460 2456
f 2459 2461 2460
f 2459 2462 2461
f 2459 2254 2462
f 2254 2255 2462
f 2255 2243 2462
f 2243 2444 2462
f 2444 2443 2461
f 2444 2461 2462
f 2247 2258 2463
f 2247 2463 2451
f 2451 2463 2464
f 2463 2258 2464
f 2258 2259 2464
f 2259 2262 2465
f 2259 2465 2464
f 2464 2465 2466
f 2451 2466 2454
f 2451 2464 2466
f 2465 2467 2466
f 2465 2468 2467
f 2465 2262 2468
f 2262 2263 2468
f 2263 2266 2469
f 2263 2469 2468
f 2468 2469 2470
f 2468 2470 2467
f 2469 2471 2470
f 2469 2472 2471
f 2469 2266 2472
f 2266 2267 2472
f 2473 2474 2475
f 2473 2475 2476
f 2270 2476 2271
f 2270 2476 2473
f 2270 2274 2477
f 2270 2473 2477
f 2473 2477 2478
f 2473 2478 2474
f 2477 2479 2478
f 2477 2480 2479
f 2477 2274 2480
f 2274 2275 2480
f 2275 2278 2481
f 2275 2481 2480
f 2480 2481 2482
f 2480 2482 2479
f 2481 2483 2482
f 2481 2484 2483
f 2481 2278 2484
f 2278 2279 2484
f 2279 2251 2484
f 2251 2458 2484
f 2458 2457 2483
f 2458 2483 2484
f 2267 2282 2485
f 2267 2486 2472
f 2267 2485 2486
f 2472 2486 2471
f 2485 2487 2486
f 2485 2488 2487
f 2485 2282 2488
f 2282 2283 2488
f 2283 2286 2489
f 2283 2489 2488
f 2488 2489 2490
f 2488 2490 2487
f 2489 2491 2490
f 2489 2492 2491
f 2489 2286 2492
f 2286 2287 2492
f 2287 2290 2493
f 2287 2493 2492
f 2492 2493 2494
f 2492 2494 2491
f 2493 2495 2494
f 2493 2496 2495
f 2493 2290 2496
f 2290 2291 2496
f 2291 2294 2497
f 2291 2497 2496
f 2496 2497 2498
f 2496 2498 2495
f 2497 2499 2498
f 2497 2500 2499
f 2497 2294 2500
f 2294 2295 2500
f 2295 2298 2501
f 2295 2501 2500
f 2500 2501 2502
f 2500 2502 2499
f 2501 2503 2502
f 2501 2504 2503
f 2501 2298 2504
f 2298 2299 2504
f 2299 2505 2302
f 2299 2505 2504
f 2504 2506 2505
f 2504 2506 2503
f 2505 2506 2507
f 2505 2507 2508
f 2505 2508 2302
f 2302 2508 2303
f 2303 2306 2509
f 2303 2509 2508
f 2508 2509 2510
f 2508 2510 2507
f 2509 2511 2510
f 2509 2512 2511
f 2509 2306 2512
f 2306 2307 2512
f 2307 2310 2513
f 2307 2513 2512
f 2512 2513 2514
f 2512 2514 2511
f 2513 2515 2514
f 2513 2516 2515
f 2513 2310 2516
f 2310 2311 2516
f 2311 2271 2516
f 2271 2476 2516
f 2476 2475 2515
f 2476 2515 2516
f 2314 2315 2517
f 2314 2517 2318
f 2518 2520 2519
f 2318 2520 2518
f 2318 2517 2520
f 2318 2518 2320
f 2320 2518 2521
f 2320 2521 2322
f 2518 2522 2521
f 2518 2519 2522
f 2521 2524 2523
f 2521 2522 2524
f 2521 2523 2322
f 2322 2523 2324
f 2324 2523 2525
f 2324 2525 2326
f 2523 2526 2525
f 2523 2524 2526
f 2525 2528 2527
f 2525 2526 2528
f 2525 2527 2326
f 2326 2527 2328
f 2328 2527 2529
f 2328 2529 2330
f 2527 2530 2529
f 2527 2528 2530
f 2529 2531 2532
f 2529 2530 2532
f 2529 2531 2330
f 2330 2531 2332
f 2332 2533 2531
f 2332 2334 2533
f 2531 2533 2534
f 2531 2534 2532
f 2533 2536 2535
f 2533 2534 2536
f 2533 2535 2334
f 2334 2535 2336
f 2336 2535 2537
f 2336 2537 2338
f 2535 2538 2537
f 2535 2536 2538
f 2537 2540 2539
f 2537 2538 2540
f 2537 2539 2338
f 2338 2539 2340
f 2340 2539 2541
f 2340 2541 2342
f 2539 2542 2541
f 2539 2540 2542
f 2541 2544 2543
f 2541 2542 2544
f 2541 2543 2342
f 2342 2543 2344
f 2344 2543 2545
f 2344 2545 2346
f 2543 2546 2545
f 2543 2544 2546
f 2545 2546 2547
f 2545 2548 2346
f 2545 2547 2548
f 2346 2548 2347
f 2549 2551 2550
f 2549 2552 2551
f 2351 2552 2549
f 2351 2352 2552
f 2351 2549 2553
f 2351 2553 2354
f 2549 2554 2553
f 2549 2550 2554
f 2553 2556 2555
f 2553 2554 2556
f 2553 2555 2354
f 2354 2555 2356
f 2356 2555 2557
f 2356 2557 2358
f 2555 2558 2557
f 2555 2556 2558
f 2557 2560 2559
f 2557 2558 2560
f 2557 2559 2358
f 2358 2559 2360
f 2360 2559 2315
f 2315 2559 2561
f 2315 2561 2517
f 2559 2560 2561
f 2517 2561 2562
f 2517 2562 2520
f 2347 2563 2362
f 2347 2564 2563
f 2347 2548 2564
f 2548 2547 2564
f 2563 2566 2565
f 2563 2564 2566
f 2563 2565 2362
f 2362 2565 2364
f 2364 2565 2567
f 2364 2567 2366
f 2565 2568 2567
f 2565 2566 2568
f 2567 2568 2569
f 2567 2570 2366
f 2567 2569 2570
f 2366 2570 2367
f 2370 2371 2571
f 2370 2571 2374
f 2572 2574 2573
f 2374 2574 2572
f 2374 2571 2574
f 2374 2572 2376
f 2376 2572 2575
f 2376 2575 2377
f 2572 2576 2575
f 2572 2573 2576
f 2575 2578 2577
f 2575 2576 2578
f 2575 2577 2377
f 2377 2577 2378
f 2378 2577 2352
f 2352 2577 2552
f 2552 2577 2578
f 2552 2578 2551
f 2367 2579 2380
f 2367 2580 2579
f 2367 2570 2580
f 2570 2569 2580
f 2579 2580 2581
f 2579 2582 2380
f 2579 2581 2582
f 2380 2582 2381
f 2384 2385 2583
f 2384 2583 2388
f 2584 2586 2585
f 2388 2586 2584
f 2388 2583 2586
f 2388 2584 2390
f 2390 2584 2371
f 2371 2584 2587
f 2371 2587 2571
f 2584 2585 2587
f 2571 2587 2588
f 2571 2588 2574
f 2381 2589 2393
f 2381 2590 2589
f 2381 2582 2590
f 2582 2581 2590
f 2589 2590 2591
f 2589 2592 2393
f 2589 2591 2592
f 2393 2592 2394
f 2593 2595 2594
f 2593 2596 2595
f 2397 2596 2593
f 2397 2398 2596
f 2397 2593 2385
f 2385 2593 2597
f 2385 2597 2583
f 2593 2594 2597
f 2583 2597 2598
f 2583 2598 2586
f 2401 2599 2400
f 2401 2600 2599
f 2401 2394 2600
f 2394 2601 2600
f 2394 2592 2601
f 2592 2591 2601
f 2600 2601 2602
f 2600 2602 2599
f 2404 2405 2603
f 2404 2603 2407
f 2604 2606 2605
f 2407 2606 2604
f 2407 2603 2606
f 2407 2604 2408
f 2408 2604 2398
f 2398 2604 2596
f 2596 2604 2605
f 2596 2605 2595
f 2410 2607 2411
f 2410 2608 2607
f 2410 2400 2608
f 2400 2599 2608
f 2599 2609 2608
f 2599 2610 2609
f 2608 2609 2607
f 2599 2602 2610
f 2414 2415 2611
f 2414 2612 2405
f 2414 2611 2612
f 2405 2612 2603
f 2603 2614 2613
f 2603 2612 2614
f 2612 2611 2614
f 2603 2613 2606
f 2418 2615 2419
f 2418 2616 2615
f 2418 2411 2616
f 2411 2607 2616
f 2607 2617 2616
f 2607 2618 2617
f 2616 2617 2615
f 2607 2609 2618
f 2415 2423 2619
f 2415 2619 2611
f 2611 2621 2620
f 2611 2619 2621
f 2619 2622 2621
f 2619 2423 2622
f 2423 2424 2622
f 2611 2620 2614
f 2426 2623 2427
f 2426 2624 2623
f 2426 2419 2624
f 2419 2615 2624
f 2615 2625 2624
f 2615 2626 2625
f 2624 2625 2623
f 2615 2617 2626
f 2430 2431 2627
f 2430 2628 2424
f 2430 2627 2628
f 2424 2629 2622
f 2424 2628 2629
f 2622 2629 2621
f 2628 2630 2629
f 2628 2627 2630
f 2631 2632 2633
f 2631 2633 2634
f 2435 2634 2436
f 2435 2631 2634
f 2435 2427 2631
f 2427 2623 2635
f 2427 2635 2631
f 2631 2635 2632
f 2623 2636 2635
f 2623 2625 2636
f 2431 2438 2637
f 2431 2637 2627
f 2627 2637 2638
f 2637 2438 2638
f 2438 2439 2639
f 2438 2639 2638
f 2638 2639 2640
f 2638 2640 2641
f 2627 2641 2630
f 2627 2638 2641
f 2640 2642 2641
f 2640 2639 2642
f 2643 2644 2645
f 2643 2645 2646
f 2442 2646 2443
f 2442 2643 2646
f 2442 2445 2647
f 2442 2647 2643
f 2643 2647 2648
f 2643 2648 2644
f 2647 2649 2648
f 2647 2650 2649
f 2647 2445 2650
f 2445 2446 2650
f 2446 2436 2650
f 2436 2634 2650
f 2634 2633 2649
f 2634 2649 2650
f 2439 2448 2651
f 2439 2651 2639
f 2639 2651 2652
f 2651 2448 2652
f 2448 2449 2652
f 2449 2453 2653
f 2449 2653 2652
f 2652 2653 2654
f 2639 2654 2642
f 2639 2652 2654
f 2653 2655 2654
f 2653 2656 2655
f 2653 2453 2656
f 2453 2454 2656
f 2657 2658 2659
f 2657 2659 2660
f 2456 2660 2457
f 2456 2657 2660
f 2456 2460 2661
f 2456 2661 2657
f 2657 2661 2662
f 2657 2662 2658
f 2661 2663 2662
f 2661 2664 2663
f 2661 2460 2664
f 2460 2461 2664
f 2461 2443 2664
f 2443 2646 2664
f 2646 2645 2663
f 2646 2663 2664
f 2454 2466 2665
f 2454 2666 2656
f 2454 2665 2666
f 2656 2666 2655
f 2665 2667 2666
f 2665 2668 2667
f 2665 2466 2668
f 2466 2467 2668
f 2467 2470 2669
f 2467 2669 2668
f 2668 2669 2670
f 2668 2670 2667
f 2669 2671 2670
f 2669 2672 2671
f 2669 2470 2672
f 2470 2471 2673
f 2470 2673 2672
f 2672 2673 2674
f 2672 2674 2675
f 2672 2675 2671
f 2674 2676 2675
f 2674 2673 2676
f 2677 2678 2679
f 2677 2679 2680
f 2474 2680 2475
f 2474 2680 2677
f 2474 2478 2681
f 2474 2681 2677
f 2677 2681 2682
f 2677 2682 2678
f 2681 2683 2682
f 2681 2684 2683
f 2681 2478 2684
f 2478 2479 2684
f 2479 2482 2685
f 2479 2685 2684
f 2684 2685 2686
f 2684 2686 2683
f 2685 2687 2686
f 2685 2688 2687
f 2685 2482 2688
f 2482 2483 2688
f 2483 2457 2688
f 2457 2660 2688
f 2660 2659 2687
f 2660 2687 2688
f 2471 2486 2689
f 2471 2689 2673
f 2673 2689 2690
f 2689 2486 2690
f 2486 2487 2690
f 2487 2490 2691
f 2487 2691 2690
f 2690 2691 2692
f 2673 2692 2676
f 2673 2690 2692
f 2691 2693 2692
f 2691 2694 2693
f 2691 2490 2694
f 2490 2491 2694
f 2491 2494 2695
f 2491 2695 2694
f 2694 2695 2696
f 2694 2696 2693
f 2695 2697 2696
f 2695 2698 2697
f 2695 2494 2698
f 2494 2495 2698
f 2495 2498 2699
f 2495 2699 2698
f 2698 2699 2700
f 2698 2700 2697
f 2699 2701 2700
f 2699 2702 2701
f 2699 2498 2702
f 2498 2499 2702
f 2499 2502 2703
f 2499 2703 2702
f 2702 2703 2704
f 2702 2704 2701
f 2703 2704 2705
f 2703 2705 2706
f 2703 2706 2502
f 2502 2706 2503
f 2503 2707 2506
f 2503 2706 2707
f 2706 2707 2708
f 2706 2708 2705
f 2707 2709 2708
f 2707 2709 2710
f 2707 2710 2506
f 2506 2710 2507
f 2507 2510 2711
f 2507 2711 2710
f 2710 2711 2712
f 2710 2712 2709
f 2711 2713 2712
f 2711 2714 2713
f 2711 2510 2714
f 2510 2511 2714
f 2511 2514 2715
f 2511 2715 2714
f 2714 2715 2716
f 2714 2716 2713
f 2715 2717 2716
f 2715 2718 2717
f 2715 2514 2718
f 2514 2515 2718
f 2515 2475 2718
f 2475 2680 2718
f 2680 2679 2717
f 2680 2717 2718
f 2519 2520 2719
f 2519 2719 2522
f 2720 2722 2721
f 2522 2722 2720
f 2522 2719 2722
f 2522 2720 2524
f 2524 2720 2723
f 2524 2723 2526
f 2720 2724 2723
f 2720 2721 2724
f 2723 2726 2725
f 2723 2726 2724
f 2723 2725 2526
f 2526 2725 2528
f 2528 2727 2725
f 2528 2727 2530
f 2725 2728 2727
f 2725 2726 2728
f 2727 2730 2729
f 2727 2728 2730
f 2727 2729 2530
f 2530 2729 2532
f 2532 2729 2731
f 2532 2731 2534
f 2729 2732 2731
f 2729 2730 2732
f 2731 2734 2733
f 2731 2732 2734
f 2731 2733 2534
f 2534 2733 2536
f 2536 2733 2735
f 2536 2735 2538
f 2733 2736 2735
f 2733 2734 2736
f 2735 2738 2737
f 2735 2736 2738
f 2735 2737 2538
f 2538 2737 2540
f 2540 2737 2739
f 2540 2739 2542
f 2737 2740 2739
f 2737 2738 2740
f 2739 2740 2741
f 2739 2742 2542
f 2739 2741 2742
f 2542 2743 2544
f 2542 2742 2743
f 2544 2743 2546
f 2546 2743 2744
f 2546 2744 2547
f 2550 2551 2745
f 2550 2745 2554
f 2746 2748 2747
f 2554 2748 2746
f 2554 2745 2748
f 2554 2746 2556
f 2556 2746 2749
f 2556 2749 2558
f 2746 2750 2749
f 2746 2747 2750
f 2749 2752 2751
f 2749 2750 2752
f 2749 2751 2558
f 2558 2751 2560
f 2560 2751 2753
f 2560 2753 2561
f 2751 2754 2753
f 2751 2752 2754
f 2753 2756 2755
f 2753 2754 2756
f 2753 2755 2561
f 2561 2755 2562
f 2562 2755 2520
f 2520 2755 2757
f 2520 2757 2719
f 2755 2756 2757
f 2719 2757 2758
f 2719 2758 2722
f 2742 2759 2743
f 2742 2741 2759
f 2743 2759 2760
f 2547 2761 2564
f 2547 2762 2761
f 2547 2744 2762
f 2744 2760 2762
f 2744 2743 2760
f 2761 2764 2763
f 2761 2762 2764
f 2761 2763 2564
f 2564 2763 2566
f 2566 2763 2765
f 2566 2765 2568
f 2763 2766 2765
f 2763 2764 2766
f 2765 2766 2767
f 2765 2768 2568
f 2765 2767 2768
f 2568 2768 2569
f 2573 2574 2769
f 2573 2769 2576
f 2770 2772 2771
f 2576 2772 2770
f 2576 2769 2772
f 2576 2770 2578
f 2578 2770 2551
f 2551 2770 2773
f 2551 2773 2745
f 2770 2771 2773
f 2745 2773 2774
f 2745 2774 2748
f 2569 2775 2580
f 2569 2776 2775
f 2569 2768 2776
f 2768 2767 2776
f 2775 2776 2777
f 2775 2778 2580
f 2775 2777 2778
f 2580 2778 2581
f 2585 2586 2779
f 2585 2779 2587
f 2780 2782 2781
f 2587 2782 2780
f 2587 2779 2782
f 2587 2780 2588
f 2588 2780 2574
f 2574 2780 2783
f 2574 2783 2769
f 2780 2781 2783
f 2769 2783 2784
f 2769 2784 2772
f 2581 2785 2590
f 2581 2786 2785
f 2581 2778 2786
f 2778 2777 2786
f 2785 2786 2787
f 2785 2788 2590
f 2785 2787 2788
f 2590 2788 2591
f 2594 2595 2789
f 2594 2789 2597
f 2790 2792 2791
f 2597 2792 2790
f 2597 2789 2792
f 2597 2790 2598
f 2598 2790 2586
f 2586 2790 2793
f 2586 2793 2779
f 2790 2791 2793
f 2779 2793 2794
f 2779 2794 2782
f 2591 2795 2601
f 2591 2796 2795
f 2591 2788 2796
f 2788 2787 2796
f 2795 2796 2797
f 2795 2798 2601
f 2795 2797 2798
f 2601 2798 2602
f 2605 2606 2799
f 2605 2800 2595
f 2605 2799 2800
f 2595 2800 2789
f 2789 2802 2801
f 2789 2800 2802
f 2800 2799 2802
f 2789 2801 2792
f 2803 2804 2805
f 2803 2805 2806
f 2610 2806 2609
f 2610 2803 2806
f 2610 2602 2803
f 2602 2798 2803
f 2798 2797 2804
f 2798 2804 2803
f 2613 2614 2807
f 2613 2808 2606
f 2613 2807 2808
f 2606 2808 2799
f 2799 2810 2809
f 2799 2808 2810
f 2808 2807 2810
f 2799 2809 2802
f 2811 2812 2813
f 2811 2813 2814
f 2618 2814 2617
f 2618 2811 2814
f 2618 2609 2811
f 2609 2806 2811
f 2806 2805 2812
f 2806 2812 2811
f 2620 2621 2815
f 2620 2816 2614
f 2620 2815 2816
f 2614 2816 2807
f 2807 2818 2817
f 2807 2816 2818
f 2816 2815 2818
f 2807 2817 2810
f 2819 2820 2821
f 2819 2821 2822
f 2626 2822 2625
f 2626 2819 2822
f 2626 2617 2819
f 2617 2814 2819
f 2814 2813 2820
f 2814 2820 2819
f 2621 2629 2823
f 2621 2823 2815
f 2815 2823 2824
f 2823 2629 2824
f 2629 2630 2825
f 2629 2825 2824
f 2824 2825 2826
f 2824 2826 2827
f 2815 2827 2818
f 2815 2824 2827
f 2826 2828 2827
f 2826 2825 2828
f 2829 2830 2831
f 2829 2831 2832
f 2632 2832 2633
f 2632 2829 2832
f 2632 2635 2833
f 2632 2833 2829
f 2829 2833 2834
f 2829 2834 2830
f 2833 2835 2834
f 2833 2836 2835
f 2833 2635 2836
f 2635 2636 2836
f 2636 2625 2836
f 2625 2822 2836
f 2822 2821 2835
f 2822 2835 2836
f 2630 2641 2837
f 2630 2837 2825
f 2825 2837 2838
f 2837 2641 2838
f 2641 2642 2839
f 2641 2839 2838
f 2838 2839 2840
f 2838 2840 2841
f 2825 2841 2828
f 2825 2838 2841
f 2840 2842 2841
f 2840 2839 2842
f 2843 2844 2845
f 2843 2845 2846
f 2644 2846 2645
f 2644 2843 2846
f 2644 2648 2847
f 2644 2847 2843
f 2843 2847 2848
f 2843 2848 2844
f 2847 2849 2848
f 2847 2850 2849
f 2847 2648 2850
f 2648 2649 2850
f 2649 2633 2850
f 2633 2832 2850
f 2832 2831 2849
f 2832 2849 2850
f 2642 2654 2851
f 2642 2851 2839
f 2839 2851 2852
f 2851 2654 2852
f 2654 2655 2853
f 2654 2853 2852
f 2852 2853 2854
f 2852 2854 2855
f 2839 2855 2842
f 2839 2852 2855
f 2854 2856 2855
f 2854 2853 2856
f 2857 2858 2859
f 2857 2859 2860
f 2658 2860 2659
f 2658 2857 2860
f 2658 2662 2861
f 2658 2861 2857
f 2857 2861 2862
f 2857 2862 2858
f 2861 2863 2862
f 2861 2864 2863
f 2861 2662 2864
f 2662 2663 2864
f 2663 2645 2864
f 2645 2846 2864
f 2846 2845 2863
f 2846 2863 2864
f 2655 2666 2865
f 2655 2865 2853
f 2853 2865 2866
f 2865 2666 2866
f 2666 2667 2866
f 2667 2670 2867
f 2667 2867 2866
f 2866 2867 2868
f 2853 2868 2856
f 2853 2866 2868
f 2867 2869 2868
f 2867 2870 2869
f 2867 2670 2870
f 2670 2671 2870
f 2671 2675 2871
f 2671 2871 2870
f 2870 2871 2872
f 2870 2872 2869
f 2871 2873 2872
f 2871 2874 2873
f 2871 2675 2874
f 2675 2676 2875
f 2675 2875 2874
f 2874 2875 2876
f 2874 2876 2877
f 2874 2877 2873
f 2876 2878 2877
f 2876 2875 2878
f 2879 2880 2881
f 2879 2881 2882
f 2879 2882 2883
f 2879 2883 2884
f 2879 2884 2885
f 2879 2885 2880
f 2884 2886 2885
f 2884 2887 2886
f 2884 2883 2888
f 2884 2888 2887
f 2678 2888 2679
f 2678 2887 2888
f 2678 2682 2889
f 2678 2889 2887
f 2887 2889 2890
f 2887 2890 2886
f 2889 2891 2890
f 2889 2892 2891
f 2889 2682 2892
f 2682 2683 2892
f 2683 2686 2893
f 2683 2893 2892
f 2892 2893 2894
f 2892 2894 2891
f 2893 2895 2894
f 2893 2896 2895
f 2893 2686 2896
f 2686 2687 2896
f 2687 2659 2896
f 2659 2860 2896
f 2860 2859 2895
f 2860 2895 2896
f 2676 2692 2897
f 2676 2897 2875
f 2875 2897 2898
f 2897 2692 2898
f 2692 2693 2898
f 2693 2696 2899
f 2693 2899 2898
f 2898 2899 2900
f 2875 2900 2878
f 2875 2898 2900
f 2899 2901 2900
f 2899 2902 2901
f 2899 2696 2902
f 2696 2697 2902
f 2697 2700 2903
f 2697 2903 2902
f 2902 2903 2904
f 2902 2904 2901
f 2903 2904 2905
f 2903 2906 2905
f 2903 2700 2906
f 2700 2701 2906
f 2701 2907 2704
f 2701 2907 2906
f 2906 2908 2907
f 2906 2908 2905
f 2907 2909 2908
f 2907 2909 2910
f 2907 2910 2704
f 2704 2910 2705
f 2705 2708 2911
f 2705 2910 2911
f 2910 2911 2912
f 2910 2912 2909
f 2911 2913 2912
f 2911 2914 2913
f 2911 2708 2914
f 2708 2709 2914
f 2709 2712 2915
f 2709 2915 2914
f 2914 2915 2916
f 2914 2916 2913
f 2915 2917 2916
f 2915 2918 2917
f 2915 2712 2918
f 2712 2713 2918
f 2713 2716 2919
f 2713 2919 2918
f 2882 2919 2883
f 2882 2918 2919
f 2882 2881 2917
f 2882 2917 2918
f 2883 2919 2920
f 2919 2716 2920
f 2716 2717 2920
f 2717 2679 2920
f 2679 2888 2920
f 2888 2883 2920
f 2721 2722 2921
f 2721 2921 2724
f 2724 2922 2921
f 2724 2923 2726
f 2724 2922 2923
f 2726 2923 2728
f 2924 2926 2925
f 2728 2926 2924
f 2728 2923 2926
f 2728 2924 2730
f 2730 2924 2927
f 2730 2927 2732
f 2924 2928 2927
f 2924 2925 2928
f 2927 2930 2929
f 2927 2928 2930
f 2927 2929 2732
f 2732 2929 2734
f 2734 2929 2931
f 2734 2931 2736
f 2929 2932 2931
f 2929 2930 2932
f 2931 2932 2933
f 2931 2934 2736
f 2931 2933 2934
f 2736 2935 2738
f 2736 2934 2935
f 2738 2935 2740
f 2740 2935 2936
f 2740 2936 2741
f 2747 2748 2937
f 2747 2937 2750
f 2938 2940 2939
f 2750 2940 2938
f 2750 2937 2940
f 2750 2938 2752
f 2752 2938 2941
f 2752 2941 2754
f 2938 2942 2941
f 2938 2939 2942
f 2941 2944 2943
f 2941 2942 2944
f 2941 2943 2754
f 2754 2943 2756
f 2756 2943 2945
f 2756 2945 2757
f 2943 2946 2945
f 2943 2944 2946
f 2945 2948 2947
f 2945 2946 2948
f 2945 2947 2757
f 2757 2947 2758
f 2758 2947 2722
f 2722 2947 2949
f 2722 2949 2921
f 2947 2948 2949
f 2921 2949 2950
f 2922 2951 2923
f 2922 2950 2951
f 2922 2921 2950
f 2923 2951 2952
f 2923 2952 2926
f 2934 2953 2935
f 2934 2933 2953
f 2935 2953 2954
f 2741 2955 2759
f 2741 2956 2955
f 2741 2936 2956
f 2936 2954 2956
f 2936 2935 2954
f 2955 2958 2957
f 2955 2956 2958
f 2955 2957 2759
f 2759 2957 2760
f 2760 2957 2959
f 2760 2959 2762
f 2957 2960 2959
f 2957 2958 2960
f 2959 2962 2961
f 2959 2960 2962
f 2959 2961 2762
f 2762 2961 2764
f 2764 2961 2963
f 2764 2963 2766
f 2961 2964 2963
f 2961 2962 2964
f 2963 2964 2965
f 2963 2966 2766
f 2963 2965 2966
f 2766 2966 2767
f 2967 2969 2968
f 2967 2970 2969
f 2771 2970 2967
f 2771 2772 2970
f 2771 2967 2971
f 2771 2971 2773
f 2967 2972 2971
f 2967 2968 2972
f 2971 2974 2973
f 2971 2972 2974
f 2971 2973 2773
f 2773 2973 2774
f 2774 2973 2748
f 2748 2973 2975
f 2748 2975 2937
f 2973 2974 2975
f 2937 2975 2976
f 2937 2976 2940
f 2767 2977 2776
f 2767 2978 2977
f 2767 2966 2978
f 2966 2965 2978
f 2977 2978 2979
f 2977 2980 2776
f 2977 2979 2980
f 2776 2980 2777
f 2981 2983 2982
f 2981 2984 2983
f 2781 2984 2981
f 2781 2782 2984
f 2781 2981 2985
f 2781 2985 2783
f 2981 2986 2985
f 2981 2982 2986
f 2985 2988 2987
f 2985 2986 2988
f 2985 2987 2783
f 2783 2987 2784
f 2784 2987 2772
f 2772 2987 2970
f 2970 2987 2988
f 2970 2988 2969
f 2777 2989 2786
f 2777 2990 2989
f 2777 2980 2990
f 2980 2979 2990
f 2989 2990 2991
f 2989 2992 2786
f 2989 2991 2992
f 2786 2992 2787
f 2791 2792 2993
f 2791 2993 2793
f 2994 2996 2995
f 2793 2996 2994
f 2793 2993 2996
f 2793 2994 2794
f 2794 2994 2782
f 2782 2994 2984
f 2984 2994 2995
f 2984 2995 2983
f 2787 2997 2796
f 2787 2998 2997
f 2787 2992 2998
f 2992 2991 2998
f 2997 2998 2999
f 2997 3000 2796
f 2997 2999 3000
f 2796 3000 2797
f 2801 2802 3001
f 2801 3002 2792
f 2801 3001 3002
f 2792 3002 2993
f 2993 3004 3003
f 2993 3002 3004
f 3002 3001 3004
f 2993 3003 2996
f 3005 3006 3007
f 3005 3007 3008
f 2804 3008 2805
f 2804 3005 3008
f 2804 2797 3005
f 2797 3000 3005
f 3000 2999 3006
f 3000 3006 3005
f 2809 2810 3009
f 2809 3010 2802
f 2809 3009 3010
f 2802 3010 3001
f 3001 3012 3011
f 3001 3010 3012
f 3010 3009 3012
f 3001 3011 3004
f 3013 3014 3015
f 3013 3015 3016
f 2812 3016 2813
f 2812 3013 3016
f 2812 2805 3013
f 2805 3008 3013
f 3008 3007 3014
f 3008 3014 3013
f 2817 2818 3017
f 2817 3018 2810
f 2817 3017 3018
f 2810 3018 3009
f 3009 3020 3019
f 3009 3018 3020
f 3018 3017 3020
f 3009 3019 3012
f 3021 3022 3023
f 3021 3023 3024
f 2820 3024 2821
f 2820 3021 3024
f 2820 2813 3021
f 2813 3016 3021
f 3016 3015 3022
f 3016 3022 3021
f 2818 2827 3025
f 2818 3025 3017
f 3017 3027 3026
f 3017 3025 3027
f 3025 3028 3027
f 3025 2827 3028
f 2827 2828 3028
f 3017 3026 3020
f 3029 3030 3031
f 3029 3031 3032
f 2830 3032 2831
f 2830 3029 3032
f 2830 2834 3033
f 2830 3033 3029
f 3029 3033 3034
f 3029 3034 3030
f 3033 3035 3034
f 3033 3036 3035
f 3033 2834 3036
f 2834 2835 3036
f 2835 2821 3036
f 2821 3024 3036
f 3024 3023 3035
f 3024 3035 3036
f 2828 2841 3037
f 2828 3038 3028
f 2828 3037 3038
f 3028 3038 3027
f 3037 3039 3038
f 3037 3040 3039
f 3037 2841 3040
f 2841 2842 3040
f 3041 3042 3043
f 3041 3043 3044
f 2844 3044 2845
f 2844 3041 3044
f 2844 2848 3045
f 2844 3045 3041
f 3041 3045 3046
f 3041 3046 3042
f 3045 3047 3046
f 3045 3048 3047
f 3045 2848 3048
f 2848 2849 3048
f 2849 2831 3048
f 2831 3032 3048
f 3032 3031 3047
f 3032 3047 3048
f 2842 2855 3049
f 2842 3050 3040
f 2842 3049 3050
f 3040 3050 3039
f 3049 3051 3050
f 3049 3052 3051
f 3049 2855 3052
f 2855 2856 3053
f 2855 3053 3052
f 3052 3053 3054
f 3052 3054 3055
f 3052 3055 3051
f 3054 3056 3055
f 3054 3053 3056
f 3057 3058 3059
f 3057 3059 3060
f 2858 3060 2859
f 2858 3057 3060
f 2858 2862 3061
f 2858 3061 3057
f 3057 3061 3062
f 3057 3062 3058
f 3061 3063 3062
f 3061 3064 3063
f 3061 2862 3064
f 2862 2863 3064
f 2863 2845 3064
f 2845 3044 3064
f 3044 3043 3063
f 3044 3063 3064
f 2856 2868 3065
f 2856 3065 3053
f 3053 3065 3066
f 3065 2868 3066
f 2868 2869 3066
f 2869 2872 3067
f 2869 3067 3066
f 3066 3067 3068
f 3053 3068 3056
f 3053 3066 3068
f 3067 3069 3068
f 3067 3070 3069
f 3067 2872 3070
f 2872 2873 3070
f 2873 2877 3071
f 2873 3071 3070
f 3070 3071 3072
f 3070 3072 3069
f 3071 3073 3072
f 3071 3074 3073
f 3071 2877 3074
f 2877 2878 3075
f 2877 3075 3074
f 3074 3075 3076
f 3074 3076 3077
f 3074 3077 3073
f 3076 3078 3077
f 3076 3079 3078
f 3076 3075 3080
f 3076 3080 3079
f 3079 3080 3081
f 3079 3081 3082
f 3079 3082 3083
f 3079 3083 3078
f 3082 3084 3083
f 3082 3081 3084
f 3085 3086 3087
f 3085 3087 3088
f 3085 3088 3089
f 3085 3089 3090
f 3085 3090 3091
f 3085 3091 3086
f 3090 3092 3091
f 3090 3093 3092
f 3090 3089 3094
f 3090 3094 3093
f 2880 3094 2881
f 2880 3093 3094
f 2880 2885 3095
f 2880 3095 3093
f 3093 3095 3096
f 3093 3096 3092
f 3095 3097 3096
f 3095 3098 3097
f 3095 2885 3098
f 2885 2886 3098
f 2886 2890 3099
f 2886 3099 3098
f 3098 3099 3100
f 3098 3100 3097
f 3099 3101 3100
f 3099 3102 3101
f 3099 2890 3102
f 2890 2891 3102
f 2891 2894 3103
f 2891 3103 3102
f 3102 3103 3104
f 3102 3104 3101
f 3103 3105 3104
f 3103 3106 3105
f 3103 2894 3106
f 2894 2895 3106
f 2895 2859 3106
f 2859 3060 3106
f 3060 3059 3105
f 3060 3105 3106
f 2878 2900 3107
f 2878 3107 3075
f 3075 3108 3107
f 3107 3108 2900
f 2900 3108 2901
f 2901 3109 2904
f 2901 3108 3109
f 3080 3109 3081
f 3080 3108 3109
f 3080 3108 3075
f 3081 3109 3110
f 3109 3110 2904
f 2904 3110 2905
f 2905 2908 3111
f 2905 3111 3110
f 3110 3111 3112
f 3081 3112 3084
f 3081 3110 3112
f 3111 3113 3112
f 3111 3114 3113
f 3111 2908 3114
f 2908 2909 3114
f 2909 2912 3115
f 2909 3115 3114
f 3114 3115 3116
f 3114 3116 3113
f 3115 3117 3116
f 3115 3118 3117
f 3115 2912 3118
f 2912 2913 3118
f 2913 2916 3119
f 2913 3119 3118
f 3088 3119 3089
f 3088 3118 3119
f 3088 3087 3117
f 3088 3117 3118
f 3089 3119 3120
f 3119 2916 3120
f 2916 2917 3120
f 2917 2881 3120
f 2881 3094 3120
f 3094 3089 3120
f 2925 2926 3121
f 2925 3121 2928
f 2928 3121 3122
f 2928 3123 2930
f 2928 3122 3123
f 2930 3123 2932
f 2932 3123 3124
f 2932 3124 2933
f 2939 2940 3125
f 2939 3125 2942
f 3126 3128 3127
f 2942 3128 3126
f 2942 3125 3128
f 2942 3126 2944
f 2944 3126 3129
f 2944 3129 2946
f 3126 3130 3129
f 3126 3127 3130
f 3129 3132 3131
f 3129 3130 3132
f 3129 3131 2946
f 2946 3131 2948
f 2948 3131 3133
f 2948 3133 2949
f 3131 3134 3133
f 3131 3132 3134
f 3133 3136 3135
f 3133 3134 3136
f 3133 3135 2949
f 2949 3135 2950
f 2950 3135 3137
f 2950 3137 2951
f 3135 3138 3137
f 3135 3138 3136
f 3137 3140 3139
f 3137 3138 3140
f 3137 3139 2951
f 2951 3139 2952
f 2952 3139 2926
f 2926 3139 3141
f 2926 3141 3121
f 3139 3140 3141
f 3121 3141 3142
f 3122 3143 3123
f 3122 3142 3143
f 3122 3121 3142
f 3123 3143 3144
f 2933 3145 2953
f 2933 3146 3145
f 2933 3124 3146
f 3124 3144 3146
f 3124 3123 3144
f 3145 3148 3147
f 3145 3146 3148
f 3145 3147 2953
f 2953 3147 2954
f 2954 3147 3149
f 2954 3149 2956
f 3147 3150 3149
f 3147 3148 3150
f 3149 3152 3151
f 3149 3150 3152
f 3149 3151 2956
f 2956 3151 2958
f 2958 3151 3153
f 2958 3153 2960
f 3151 3154 3153
f 3151 3152 3154
f 3153 3154 3155
f 3153 3156 2960
f 3153 3155 3156
f 2960 3157 2962
f 2960 3156 3157
f 2962 3157 2964
f 2964 3157 3158
f 2964 3158 2965
f 2968 2969 3159
f 2968 3159 2972
f 3160 3162 3161
f 2972 3162 3160
f 2972 3159 3162
f 2972 3160 2974
f 2974 3160 3163
f 2974 3163 2975
f 3160 3164 3163
f 3160 3161 3164
f 3163 3166 3165
f 3163 3164 3166
f 3163 3165 2975
f 2975 3165 2976
f 2976 3165 2940
f 2940 3165 3167
f 2940 3167 3125
f 3165 3166 3167
f 3125 3167 3168
f 3125 3168 3128
f 3156 3169 3157
f 3156 3155 3169
f 3157 3169 3170
f 2965 3171 2978
f 2965 3172 3171
f 2965 3158 3172
f 3158 3170 3172
f 3158 3157 3170
f 3171 3172 3173
f 3171 3174 2978
f 3171 3173 3174
f 2978 3174 2979
f 2982 2983 3175
f 2982 3175 2986
f 3176 3178 3177
f 2986 3178 3176
f 2986 3175 3178
f 2986 3176 2988
f 2988 3176 2969
f 2969 3176 3179
f 2969 3179 3159
f 3176 3177 3179
f 3159 3179 3180
f 3159 3180 3162
f 2979 3181 2990
f 2979 3182 3181
f 2979 3174 3182
f 3174 3173 3182
f 3181 3182 3183
f 3181 3184 2990
f 3181 3183 3184
f 2990 3184 2991
f 2995 2996 3185
f 2995 3186 2983
f 2995 3185 3186
f 2983 3186 3175
f 3175 3188 3187
f 3175 3186 3188
f 3186 3185 3188
f 3175 3187 3178
f 2991 3189 2998
f 2991 3190 3189
f 2991 3184 3190
f 3184 3183 3190
f 3189 3190 3191
f 3189 3192 2998
f 3189 3191 3192
f 2998 3192 2999
f 3193 3195 3194
f 3193 3196 3195
f 3003 3196 3193
f 3003 3004 3196
f 3003 3193 2996
f 2996 3193 3197
f 2996 3197 3185
f 3193 3194 3197
f 3185 3197 3198
f 3185 3198 3188
f 3199 3200 3201
f 3199 3201 3202
f 3006 3202 3007
f 3006 3199 3202
f 3006 2999 3199
f 2999 3192 3199
f 3192 3191 3200
f 3192 3200 3199
f 3203 3205 3204
f 3203 3206 3205
f 3011 3206 3203
f 3011 3012 3206
f 3011 3203 3004
f 3004 3203 3196
f 3196 3203 3204
f 3196 3204 3195
f 3207 3208 3209
f 3207 3209 3210
f 3014 3210 3015
f 3014 3207 3210
f 3014 3007 3207
f 3007 3202 3207
f 3202 3201 3208
f 3202 3208 3207
f 3019 3020 3211
f 3019 3212 3012
f 3019 3211 3212
f 3012 3213 3206
f 3012 3212 3213
f 3206 3213 3205
f 3212 3214 3213
f 3212 3211 3214
f 3215 3216 3217
f 3215 3217 3218
f 3022 3218 3023
f 3022 3215 3218
f 3022 3015 3215
f 3015 3210 3215
f 3210 3209 3216
f 3210 3216 3215
f 3026 3027 3219
f 3026 3220 3020
f 3026 3219 3220
f 3020 3220 3211
f 3211 3222 3221
f 3211 3220 3222
f 3220 3219 3222
f 3211 3221 3214
f 3223 3224 3225
f 3223 3225 3226
f 3030 3226 3031
f 3030 3223 3226
f 3030 3034 3227
f 3030 3227 3223
f 3223 3227 3228
f 3223 3228 3224
f 3227 3229 3228
f 3227 3230 3229
f 3227 3034 3230
f 3034 3035 3230
f 3035 3023 3230
f 3023 3218 3230
f 3218 3217 3229
f 3218 3229 3230
f 3027 3038 3231
f 3027 3231 3219
f 3219 3231 3232
f 3231 3038 3232
f 3038 3039 3233
f 3038 3233 3232
f 3232 3233 3234
f 3232 3234 3235
f 3219 3235 3222
f 3219 3232 3235
f 3234 3236 3235
f 3234 3233 3236
f 3237 3238 3239
f 3237 3239 3240
f 3042 3240 3043
f 3042 3237 3240
f 3042 3046 3241
f 3042 3241 3237
f 3237 3241 3242
f 3237 3242 3238
f 3241 3243 3242
f 3241 3244 3243
f 3241 3046 3244
f 3046 3047 3244
f 3047 3031 3244
f 3031 3226 3244
f 3226 3225 3243
f 3226 3243 3244
f 3039 3050 3245
f 3039 3245 3233
f 3233 3245 3246
f 3245 3050 3246
f 3050 3051 3246
f 3051 3055 3247
f 3051 3247 3246
f 3246 3247 3248
f 3233 3248 3236
f 3233 3246 3248
f 3247 3249 3248
f 3247 3250 3249
f 3247 3055 3250
f 3055 3056 3251
f 3055 3251 3250
f 3250 3251 3252
f 3250 3252 3253
f 3250 3253 3249
f 3252 3254 3253
f 3252 3251 3254
f 3255 3256 3257
f 3255 3257 3258
f 3255 3258 3259
f 3255 3259 3260
f 3255 3260 3261
f 3255 3261 3256
f 3260 3262 3261
f 3260 3263 3262
f 3260 3259 3264
f 3260 3264 3263
f 3058 3264 3059
f 3058 3263 3264
f 3058 3062 3265
f 3058 3265 3263
f 3263 3265 3266
f 3263 3266 3262
f 3265 3267 3266
f 3265 3268 3267
f 3265 3062 3268
f 3062 3063 3268
f 3063 3043 3268
f 3043 3240 3268
f 3240 3239 3267
f 3240 3267 3268
f 3056 3068 3269
f 3056 3269 3251
f 3251 3269 3270
f 3269 3068 3270
f 3068 3069 3270
f 3069 3072 3271
f 3069 3271 3270
f 3270 3271 3272
f 3251 3272 3254
f 3251 3270 3272
f 3271 3273 3272
f 3271 3274 3273
f 3271 3072 3274
f 3072 3073 3274
f 3073 3077 3275
f 3073 3275 3274
f 3274 3275 3276
f 3274 3276 3273
f 3275 3277 3276
f 3275 3278 3277
f 3275 3077 3278
f 3077 3078 3278
f 3078 3083 3279
f 3078 3278 3279
f 3278 3279 3280
f 3278 3280 3277
f 3279 3280 3281
f 3279 3282 3281
f 3279 3282 3083
f 3083 3084 3283
f 3083 3283 3282
f 3282 3284 3283
f 3282 3284 3285
f 3282 3285 3281
f 3284 3286 3285
f 3284 3286 3287
f 3284 3283 3288
f 3284 3287 3288
f 3287 3288 3289
f 3287 3289 3290
f 3287 3290 3291
f 3287 3291 3286
f 3290 3292 3291
f 3290 3293 3292
f 3290 3289 3294
f 3290 3293 3294
f 3086 3294 3087
f 3086 3293 3294
f 3086 3091 3295
f 3086 3295 3293
f 3293 3295 3296
f 3293 3296 3292
f 3295 3297 3296
f 3295 3298 3297
f 3295 3091 3298
f 3091 3092 3298
f 3092 3096 3299
f 3092 3299 3298
f 3298 3299 3300
f 3298 3300 3297
f 3299 3301 3300
f 3299 3302 3301
f 3299 3096 3302
f 3096 3097 3302
f 3097 3100 3303
f 3097 3303 3302
f 3302 3303 3304
f 3302 3304 3301
f 3303 3305 3304
f 3303 3306 3305
f 3303 3100 3306
f 3100 3101 3306
f 3101 3104 3307
f 3101 3307 3306
f 3258 3307 3259
f 3258 3306 3307
f 3258 3257 3305
f 3258 3305 3306
f 3259 3307 3308
f 3307 3104 3308
f 3104 3105 3308
f 3105 3059 3308
f 3059 3264 3308
f 3264 3259 3308
f 3084 3112 3309
f 3084 3309 3283
f 3283 3309 3310
f 3309 3112 3310
f 3112 3113 3310
f 3113 3116 3311
f 3113 3311 3310
f 3288 3311 3289
f 3288 3310 3311
f 3288 3283 3310
f 3289 3311 3312
f 3311 3116 3312
f 3116 3117 3312
f 3117 3087 3312
f 3087 3294 3312
f 3294 3289 3312
f 3127 3128 3313
f 3127 3313 3130
f 3130 3313 3314
f 3130 3315 3132
f 3130 3314 3315
f 3132 3315 3134
f 3316 3318 3317
f 3134 3318 3316
f 3134 3315 3318
f 3134 3316 3136
f 3136 3316 3319
f 3136 3319 3138
f 3316 3320 3319
f 3316 3317 3320
f 3319 3322 3321
f 3319 3320 3322
f 3319 3321 3138
f 3138 3321 3140
f 3140 3321 3323
f 3140 3323 3141
f 3321 3324 3323
f 3321 3322 3324
f 3323 3326 3325
f 3323 3324 3326
f 3323 3325 3141
f 3141 3325 3142
f 3142 3325 3327
f 3142 3327 3143
f 3325 3328 3327
f 3325 3326 3328
f 3327 3330 3329
f 3327 3328 3330
f 3327 3329 3143
f 3143 3329 3144
f 3144 3329 3331
f 3144 3331 3146
f 3329 3332 3331
f 3329 3330 3332
f 3331 3334 3333
f 3331 3332 3334
f 3331 3333 3146
f 3146 3333 3148
f 3148 3333 3335
f 3148 3335 3150
f 3333 3336 3335
f 3333 3334 3336
f 3335 3336 3337
f 3335 3338 3150
f 3335 3337 3338
f 3150 3339 3152
f 3150 3338 3339
f 3152 3339 3154
f 3154 3339 3340
f 3154 3340 3155
f 3161 3162 3341
f 3161 3341 3164
f 3164 3341 3342
f 3164 3343 3166
f 3164 3342 3343
f 3166 3343 3167
f 3344 3346 3345
f 3167 3346 3344
f 3167 3343 3346
f 3167 3344 3168
f 3168 3344 3128
f 3128 3344 3347
f 3128 3347 3313
f 3344 3345 3347
f 3313 3347 3348
f 3314 3349 3315
f 3314 3348 3349
f 3314 3313 3348
f 3315 3349 3350
f 3315 3350 3318
f 3338 3351 3339
f 3338 3337 3351
f 3339 3351 3352
f 3155 3353 3169
f 3155 3354 3353
f 3155 3340 3354
f 3340 3352 3354
f 3340 3339 3352
f 3353 3356 3355
f 3353 3354 3356
f 3353 3355 3169
f 3169 3355 3170
f 3170 3355 3357
f 3170 3357 3172
f 3355 3358 3357
f 3355 3356 3358
f 3357 3358 3359
f 3357 3360 3172
f 3357 3359 3360
f 3172 3360 3173
f 3177 3178 3361
f 3177 3361 3179
f 3362 3364 3363
f 3179 3364 3362
f 3179 3361 3364
f 3179 3362 3180
f 3180 3362 3162
f 3162 3362 3365
f 3162 3365 3341
f 3362 3363 3365
f 3341 3365 3366
f 3342 3367 3343
f 3342 3366 3367
f 3342 3341 3366
f 3343 3367 3368
f 3343 3368 3346
f 3173 3369 3182
f 3173 3370 3369
f 3173 3360 3370
f 3360 3359 3370
f 3369 3370 3371
f 3369 3372 3182
f 3369 3371 3372
f 3182 3372 3183
f 3187 3188 3373
f 3187 3374 3178
f 3187 3373 3374
f 3178 3374 3361
f 3361 3376 3375
f 3361 3374 3376
f 3374 3373 3376
f 3361 3375 3364
f 3377 3378 3379
f 3377 3379 3380
f 3377 3380 3381
f 3183 3381 3190
f 3183 3377 3381
f 3183 3372 3377
f 3372 3371 3378
f 3372 3378 3377
f 3190 3381 3382
f 3190 3382 3191
f 3194 3195 3383
f 3194 3383 3197
f 3384 3386 3385
f 3197 3386 3384
f 3197 3383 3386
f 3197 3384 3198
f 3198 3384 3188
f 3188 3384 3387
f 3188 3387 3373
f 3384 3385 3387
f 3373 3387 3388
f 3373 3388 3376
f 3380 3389 3381
f 3380 3379 3389
f 3381 3389 3390
f 3381 3390 3391
f 3391 3390 3392
f 3200 3392 3201
f 3200 3391 3392
f 3200 3191 3391
f 3191 3382 3391
f 3382 3381 3391
f 3204 3205 3393
f 3204 3394 3195
f 3204 3393 3394
f 3195 3394 3383
f 3383 3396 3395
f 3383 3394 3396
f 3394 3393 3396
f 3383 3395 3386
f 3397 3398 3399
f 3397 3399 3400
f 3208 3400 3209
f 3208 3397 3400
f 3208 3201 3397
f 3201 3392 3397
f 3392 3390 3398
f 3392 3398 3397
f 3205 3213 3401
f 3205 3401 3393
f 3393 3401 3402
f 3401 3213 3402
f 3213 3214 3403
f 3213 3403 3402
f 3402 3403 3404
f 3402 3404 3405
f 3393 3405 3396
f 3393 3402 3405
f 3404 3406 3405
f 3404 3403 3406
f 3407 3408 3409
f 3407 3409 3410
f 3407 3410 3411
f 3407 3411 3412
f 3407 3412 3413
f 3407 3413 3408
f 3412 3414 3413
f 3412 3415 3414
f 3412 3411 3416
f 3412 3416 3415
f 3216 3416 3217
f 3216 3415 3416
f 3216 3209 3415
f 3209 3400 3415
f 3400 3399 3414
f 3400 3414 3415
f 3221 3222 3417
f 3221 3418 3214
f 3221 3417 3418
f 3214 3418 3403
f 3403 3420 3419
f 3403 3418 3420
f 3418 3417 3420
f 3403 3419 3406
f 3421 3422 3423
f 3421 3423 3424
f 3224 3424 3225
f 3224 3421 3424
f 3224 3228 3425
f 3224 3425 3421
f 3410 3425 3411
f 3410 3421 3425
f 3410 3409 3422
f 3410 3422 3421
f 3411 3425 3426
f 3425 3228 3426
f 3228 3229 3426
f 3229 3217 3426
f 3217 3416 3426
f 3416 3411 3426
f 3222 3235 3427
f 3222 3427 3417
f 3417 3427 3428
f 3427 3235 3428
f 3235 3236 3429
f 3235 3429 3428
f 3428 3429 3430
f 3428 3430 3431
f 3417 3431 3420
f 3417 3428 3431
f 3430 3432 3431
f 3430 3433 3432
f 3430 3429 3434
f 3430 3434 3433
f 3433 3434 3435
f 3433 3435 3436
f 3433 3436 3437
f 3433 3437 3432
f 3436 3438 3437
f 3436 3435 3438
f 3439 3440 3441
f 3439 3441 3442
f 3238 3442 3239
f 3238 3439 3442
f 3238 3242 3443
f 3238 3443 3439
f 3439 3443 3444
f 3439 3444 3440
f 3443 3445 3444
f 3443 3446 3445
f 3443 3242 3446
f 3242 3243 3446
f 3243 3225 3446
f 3225 3424 3446
f 3424 3423 3445
f 3424 3445 3446
f 3236 3248 3447
f 3236 3447 3429
f 3429 3447 3448
f 3447 3248 3448
f 3248 3249 3448
f 3249 3253 3449
f 3249 3449 3448
f 3434 3449 3435
f 3434 3448 3449
f 3434 3429 3448
f 3435 3449 3450
f 3449 3253 3450
f 3253 3254 3451
f 3253 3451 3450
f 3450 3451 3452
f 3450 3452 3453
f 3435 3453 3438
f 3435 3450 3453
f 3452 3454 3453
f 3452 3455 3454
f 3452 3451 3456
f 3452 3456 3455
f 3455 3456 3457
f 3455 3457 3458
f 3455 3458 3459
f 3455 3459 3454
f 3458 3460 3459
f 3458 3457 3460
f 3461 3462 3463
f 3461 3463 3464
f 3461 3464 3465
f 3461 3465 3466
f 3461 3466 3467
f 3461 3467 3462
f 3466 3468 3467
f 3466 3469 3468
f 3466 3465 3470
f 3466 3470 3469
f 3256 3470 3257
f 3256 3469 3470
f 3256 3261 3471
f 3256 3471 3469
f 3469 3471 3472
f 3469 3472 3468
f 3471 3473 3472
f 3471 3474 3473
f 3471 3261 3474
f 3261 3262 3474
f 3262 3266 3475
f 3262 3475 3474
f 3474 3475 3476
f 3474 3476 3473
f 3475 3477 3476
f 3475 3478 3477
f 3475 3266 3478
f 3266 3267 3478
f 3267 3239 3478
f 3239 3442 3478
f 3442 3441 3477
f 3442 3477 3478
f 3254 3272 3479
f 3254 3479 3451
f 3451 3479 3480
f 3479 3272 3480
f 3272 3273 3480
f 3273 3276 3481
f 3273 3481 3480
f 3456 3481 3457
f 3456 3480 3481
f 3456 3451 3480
f 3457 3481 3482
f 3481 3276 3482
f 3276 3277 3482
f 3277 3280 3483
f 3277 3483 3482
f 3482 3483 3484
f 3457 3484 3460
f 3457 3482 3484
f 3483 3485 3484
f 3483 3485 3486
f 3483 3486 3280
f 3280 3486 3281
f 3281 3285 3487
f 3281 3486 3487
f 3486 3487 3488
f 3486 3488 3485
f 3487 3489 3488
f 3487 3490 3489
f 3487 3490 3285
f 3285 3490 3286
f 3286 3291 3491
f 3286 3491 3490
f 3490 3491 3492
f 3490 3492 3489
f 3491 3493 3492
f 3491 3494 3493
f 3491 3291 3494
f 3291 3292 3494
f 3292 3296 3495
f 3292 3495 3494
f 3494 3495 3496
f 3494 3496 3493
f 3495 3497 3496
f 3495 3498 3497
f 3495 3296 3498
f 3296 3297 3498
f 3297 3300 3499
f 3297 3499 3498
f 3498 3499 3500
f 3498 3500 3497
f 3499 3501 3500
f 3499 3502 3501
f 3499 3300 3502
f 3300 3301 3502
f 3301 3304 3503
f 3301 3503 3502
f 3464 3503 3465
f 3464 3502 3503
f 3464 3463 3501
f 3464 3501 3502
f 3465 3503 3504
f 3503 3304 3504
f 3304 3305 3504
f 3305 3257 3504
f 3257 3470 3504
f 3470 3465 3504
f 3317 3318 3505
f 3317 3505 3320
f 3320 3505 3506
f 3320 3507 3322
f 3320 3506 3507
f 3322 3507 3324
f 3324 3507 3508
f 3324 3509 3326
f 3324 3508 3509
f 3326 3509 3328
f 3328 3509 3510
f 3328 3511 3330
f 3328 3510 3511
f 3330 3511 3332
f 3332 3511 3512
f 3332 3513 3334
f 3332 3512 3513
f 3334 3513 3336
f 3336 3513 3514
f 3336 3514 3337
f 3345 3346 3515
f 3345 3515 3347
f 3516 3518 3517
f 3347 3518 3516
f 3347 3515 3518
f 3347 3516 3348
f 3348 3516 3519
f 3348 3519 3349
f 3516 3520 3519
f 3516 3517 3520
f 3519 3522 3521
f 3519 3520 3522
f 3519 3521 3349
f 3349 3521 3350
f 3350 3521 3318
f 3318 3521 3523
f 3318 3523 3505
f 3521 3522 3523
f 3505 3523 3524
f 3506 3525 3507
f 3506 3524 3525
f 3506 3505 3524
f 3507 3525 3526
f 3508 3527 3509
f 3508 3526 3527
f 3508 3507 3526
f 3509 3527 3528
f 3510 3529 3511
f 3510 3528 3529
f 3510 3509 3528
f 3511 3529 3530
f 3512 3531 3513
f 3512 3530 3531
f 3512 3511 3530
f 3513 3531 3532
f 3337 3533 3351
f 3337 3534 3533
f 3337 3514 3534
f 3514 3532 3534
f 3514 3513 3532
f 3533 3536 3535
f 3533 3534 3536
f 3533 3535 3351
f 3351 3535 3352
f 3352 3535 3537
f 3352 3537 3354
f 3535 3538 3537
f 3535 3536 3538
f 3537 3538 3539
f 3537 3540 3354
f 3537 3539 3540
f 3354 3541 3356
f 3354 3540 3541
f 3356 3541 3358
f 3358 3541 3542
f 3358 3542 3359
f 3363 3364 3543
f 3363 3543 3365
f 3365 3543 3544
f 3365 3545 3366
f 3365 3544 3545
f 3366 3545 3367
f 3546 3548 3547
f 3367 3548 3546
f 3367 3545 3548
f 3367 3546 3368
f 3368 3546 3346
f 3346 3546 3549
f 3346 3549 3515
f 3546 3547 3549
f 3515 3549 3550
f 3515 3550 3518
f 3540 3551 3541
f 3540 3539 3551
f 3541 3551 3552
f 3541 3552 3553
f 3553 3552 3554
f 3553 3554 3555
f 3359 3555 3370
f 3359 3553 3555
f 3359 3542 3553
f 3542 3541 3553
f 3370 3555 3556
f 3370 3556 3371
f 3375 3376 3557
f 3375 3558 3364
f 3375 3557 3558
f 3364 3558 3543
f 3543 3560 3559
f 3543 3558 3560
f 3558 3557 3560
f 3544 3561 3545
f 3544 3559 3561
f 3544 3543 3559
f 3545 3561 3562
f 3545 3562 3548
f 3554 3563 3555
f 3554 3552 3563
f 3555 3563 3564
f 3555 3564 3565
f 3565 3564 3566
f 3378 3566 3379
f 3378 3565 3566
f 3378 3371 3565
f 3371 3556 3565
f 3556 3555 3565
f 3385 3386 3567
f 3385 3567 3387
f 3387 3567 3568
f 3387 3569 3388
f 3387 3568 3569
f 3388 3570 3376
f 3388 3569 3570
f 3376 3570 3557
f 3557 3572 3571
f 3557 3570 3572
f 3570 3569 3572
f 3557 3571 3560
f 3573 3574 3575
f 3573 3575 3576
f 3573 3576 3577
f 3379 3577 3389
f 3379 3573 3577
f 3379 3566 3573
f 3566 3564 3574
f 3566 3574 3573
f 3389 3577 3578
f 3389 3578 3390
f 3395 3396 3579
f 3395 3580 3386
f 3395 3579 3580
f 3386 3580 3567
f 3567 3580 3581
f 3580 3579 3582
f 3580 3582 3581
f 3581 3582 3583
f 3581 3583 3584
f 3568 3584 3569
f 3568 3581 3584
f 3568 3567 3581
f 3569 3586 3585
f 3569 3584 3586
f 3584 3583 3586
f 3569 3585 3572
f 3587 3588 3589
f 3587 3589 3590
f 3587 3590 3591
f 3587 3591 3592
f 3576 3592 3577
f 3576 3587 3592
f 3576 3575 3588
f 3576 3588 3587
f 3577 3592 3593
f 3592 3591 3594
f 3592 3594 3593
f 3398 3594 3399
f 3398 3593 3594
f 3398 3390 3593
f 3390 3578 3593
f 3578 3577 3593
f 3396 3405 3595
f 3396 3595 3579
f 3579 3595 3596
f 3595 3405 3596
f 3405 3406 3597
f 3405 3597 3596
f 3596 3597 3598
f 3582 3598 3583
f 3582 3596 3598
f 3582 3579 3596
f 3583 3600 3599
f 3583 3598 3600
f 3598 3597 3600
f 3583 3599 3586
f 3601 3602 3603
f 3601 3603 3604
f 3408 3604 3409
f 3408 3601 3604
f 3408 3413 3605
f 3408 3605 3601
f 3590 3605 3591
f 3590 3601 3605
f 3590 3589 3602
f 3590 3602 3601
f 3591 3605 3606
f 3605 3413 3606
f 3413 3414 3606
f 3414 3399 3606
f 3399 3594 3606
f 3594 3591 3606
f 3419 3420 3607
f 3419 3608 3406
f 3419 3607 3608
f 3406 3608 3597
f 3597 3608 3609
f 3608 3607 3610
f 3608 3610 3609
f 3609 3610 3611
f 3609 3611 3612
f 3609 3612 3613
f 3597 3613 3600
f 3597 3609 3613
f 3612 3614 3613
f 3612 3611 3614
f 3615 3616 3617
f 3615 3617 3618
f 3615 3618 3619
f 3615 3619 3620
f 3615 3620 3621
f 3615 3621 3616
f 3620 3622 3621
f 3620 3623 3622
f 3620 3619 3624
f 3620 3624 3623
f 3422 3624 3423
f 3422 3623 3624
f 3422 3409 3623
f 3409 3604 3623
f 3604 3603 3622
f 3604 3622 3623
f 3420 3431 3625
f 3420 3625 3607
f 3607 3625 3626
f 3625 3431 3626
f 3431 3432 3626
f 3432 3437 3627
f 3432 3627 3626
f 3610 3627 3611
f 3610 3626 3627
f 3610 3607 3626
f 3611 3627 3628
f 3627 3437 3628
f 3437 3438 3629
f 3437 3629 3628
f 3628 3629 3630
f 3628 3630 3631
f 3611 3631 3614
f 3611 3628 3631
f 3630 3632 3631
f 3630 3629 3632
f 3633 3634 3635
f 3633 3635 3636
f 3633 3636 3637
f 3633 3637 3638
f 3633 3638 3639
f 3633 3639 3634
f 3638 3640 3639
f 3638 3641 3640
f 3638 3637 3642
f 3638 3642 3641
f 3440 3642 3441
f 3440 3641 3642
f 3440 3444 3643
f 3440 3643 3641
f 3618 3643 3619
f 3618 3641 3643
f 3618 3617 3640
f 3618 3640 3641
f 3619 3643 3644
f 3643 3444 3644
f 3444 3445 3644
f 3445 3423 3644
f 3423 3624 3644
f 3624 3619 3644
f 3438 3453 3645
f 3438 3645 3629
f 3629 3645 3646
f 3645 3453 3646
f 3453 3454 3646
f 3454 3459 3647
f 3454 3647 3646
f 3646 3647 3648
f 3629 3648 3632
f 3629 3646 3648
f 3647 3648 3649
f 3647 3650 3649
f 3647 3459 3650
f 3459 3460 3651
f 3459 3651 3650
f 3650 3652 3651
f 3650 3652 3653
f 3650 3653 3649
f 3652 3654 3653
f 3652 3654 3655
f 3652 3651 3656
f 3652 3655 3656
f 3655 3656 3657
f 3655 3657 3658
f 3655 3658 3659
f 3655 3659 3654
f 3658 3660 3659
f 3658 3661 3660
f 3658 3657 3662
f 3658 3662 3661
f 3661 3662 3663
f 3661 3663 3664
f 3661 3664 3665
f 3661 3665 3660
f 3664 3666 3665
f 3664 3667 3666
f 3664 3663 3668
f 3664 3668 3667
f 3667 3668 3669
f 3667 3669 3670
f 3667 3670 3671
f 3667 3671 3666
f 3670 3672 3671
f 3670 3673 3672
f 3670 3669 3674
f 3670 3674 3673
f 3673 3674 3675
f 3673 3675 3676
f 3673 3676 3677
f 3673 3677 3672
f 3676 3678 3677
f 3676 3679 3678
f 3676 3675 3680
f 3676 3680 3679
f 3462 3680 3463
f 3462 3679 3680
f 3462 3467 3681
f 3462 3681 3679
f 3679 3681 3682
f 3679 3682 3678
f 3681 3683 3682
f 3681 3684 3683
f 3681 3467 3684
f 3467 3468 3684
f 3468 3472 3685
f 3468 3685 3684
f 3684 3685 3686
f 3684 3686 3683
f 3685 3687 3686
f 3685 3688 3687
f 3685 3472 3688
f 3472 3473 3688
f 3473 3476 3689
f 3473 3689 3688
f 3636 3689 3637
f 3636 3688 3689
f 3636 3635 3687
f 3636 3687 3688
f 3637 3689 3690
f 3689 3476 3690
f 3476 3477 3690
f 3477 3441 3690
f 3441 3642 3690
f 3642 3637 3690
f 3460 3484 3691
f 3460 3691 3651
f 3651 3691 3692
f 3691 3484 3692
f 3484 3485 3692
f 3485 3488 3693
f 3485 3693 3692
f 3656 3693 3657
f 3656 3692 3693
f 3656 3651 3692
f 3657 3693 3694
f 3693 3488 3694
f 3488 3489 3694
f 3489 3492 3695
f 3489 3695 3694
f 3662 3695 3663
f 3662 3694 3695
f 3662 3657 3694
f 3663 3695 3696
f 3695 3492 3696
f 3492 3493 3696
f 3493 3496 3697
f 3493 3697 3696
f 3668 3697 3669
f 3668 3696 3697
f 3668 3663 3696
f 3669 3697 3698
f 3697 3496 3698
f 3496 3497 3698
f 3497 3500 3699
f 3497 3699 3698
f 3674 3699 3675
f 3674 3698 3699
f 3674 3669 3698
f 3675 3699 3700
f 3699 3500 3700
f 3500 3501 3700
f 3501 3463 3700
f 3463 3680 3700
f 3680 3675 3700
f 3517 3518 3701
f 3517 3701 3520
f 3520 3701 3702
f 3520 3703 3522
f 3520 3702 3703
f 3522 3703 3523
f 3523 3703 3704
f 3523 3705 3524
f 3523 3704 3705
f 3524 3705 3525
f 3525 3705 3706
f 3525 3707 3526
f 3525 3706 3707
f 3526 3707 3527
f 3708 3710 3709
f 3527 3710 3708
f 3527 3707 3710
f 3527 3708 3528
f 3528 3708 3711
f 3528 3711 3529
f 3708 3712 3711
f 3708 3709 3712
f 3711 3712 3713
f 3711 3714 3529
f 3711 3713 3714
f 3529 3715 3530
f 3529 3714 3715
f 3530 3715 3531
f 3531 3715 3716
f 3531 3717 3532
f 3531 3716 3717
f 3532 3717 3534
f 3534 3717 3718
f 3534 3719 3536
f 3534 3718 3719
f 3536 3719 3538
f 3538 3719 3720
f 3538 3720 3539
f 3547 3548 3721
f 3547 3721 3549
f 3549 3721 3722
f 3549 3723 3550
f 3549 3722 3723
f 3550 3724 3518
f 3550 3723 3724
f 3518 3724 3701
f 3701 3726 3725
f 3701 3724 3726
f 3724 3723 3726
f 3702 3727 3703
f 3702 3725 3727
f 3702 3701 3725
f 3703 3727 3728
f 3704 3729 3705
f 3704 3728 3729
f 3704 3703 3728
f 3705 3729 3730
f 3706 3731 3707
f 3706 3730 3731
f 3706 3705 3730
f 3707 3731 3732
f 3707 3732 3710
f 3714 3733 3715
f 3714 3713 3733
f 3715 3733 3734
f 3716 3735 3717
f 3716 3734 3735
f 3716 3715 3734
f 3717 3735 3736
f 3718 3737 3719
f 3718 3736 3737
f 3718 3717 3736
f 3719 3737 3738
f 3719 3738 3739
f 3739 3738 3740
f 3739 3740 3741
f 3539 3741 3551
f 3539 3739 3741
f 3539 3720 3739
f 3720 3719 3739
f 3551 3741 3742
f 3551 3742 3552
f 3559 3560 3743
f 3559 3743 3561
f 3561 3743 3744
f 3561 3745 3562
f 3561 3744 3745
f 3562 3746 3548
f 3562 3745 3746
f 3548 3746 3721
f 3721 3748 3747
f 3721 3746 3748
f 3746 3745 3748
f 3722 3749 3723
f 3722 3747 3749
f 3722 3721 3747
f 3723 3749 3750
f 3723 3750 3726
f 3740 3751 3741
f 3740 3738 3751
f 3741 3751 3752
f 3741 3752 3753
f 3753 3752 3754
f 3753 3754 3755
f 3552 3755 3563
f 3552 3753 3755
f 3552 3742 3753
f 3742 3741 3753
f 3563 3755 3756
f 3563 3756 3564
f 3571 3572 3757
f 3571 3758 3560
f 3571 3757 3758
f 3560 3758 3743
f 3743 3760 3759
f 3743 3758 3760
f 3758 3757 3760
f 3744 3761 3745
f 3744 3759 3761
f 3744 3743 3759
f 3745 3761 3762
f 3745 3762 3748
f 3754 3763 3755
f 3754 3752 3763
f 3755 3763 3764
f 3755 3764 3765
f 3765 3764 3766
f 3574 3766 3575
f 3574 3765 3766
f 3574 3564 3765
f 3564 3756 3765
f 3756 3755 3765
f 3585 3586 3767
f 3585 3768 3572
f 3585 3767 3768
f 3572 3768 3757
f 3757 3770 3769
f 3757 3768 3770
f 3768 3767 3770
f 3757 3769 3760
f 3771 3772 3773
f 3771 3773 3774
f 3588 3774 3589
f 3588 3771 3774
f 3588 3575 3771
f 3575 3766 3771
f 3766 3764 3772
f 3766 3772 3771
f 3599 3600 3775
f 3599 3776 3586
f 3599 3775 3776
f 3586 3776 3767
f 3767 3776 3777
f 3776 3775 3778
f 3776 3778 3777
f 3777 3778 3779
f 3777 3779 3780
f 3777 3780 3781
f 3767 3781 3770
f 3767 3777 3781
f 3780 3782 3781
f 3780 3779 3782
f 3783 3784 3785
f 3783 3785 3786
f 3783 3786 3787
f 3783 3787 3788
f 3783 3788 3789
f 3783 3789 3784
f 3788 3790 3789
f 3788 3791 3790
f 3788 3787 3792
f 3788 3792 3791
f 3602 3792 3603
f 3602 3791 3792
f 3602 3589 3791
f 3589 3774 3791
f 3774 3773 3790
f 3774 3790 3791
f 3600 3613 3793
f 3600 3793 3775
f 3775 3793 3794
f 3793 3613 3794
f 3613 3614 3795
f 3613 3795 3794
f 3794 3795 3796
f 3778 3796 3779
f 3778 3794 3796
f 3778 3775 3794
f 3779 3796 3797
f 3796 3795 3798
f 3796 3798 3797
f 3797 3798 3799
f 3797 3799 3800
f 3797 3800 3801
f 3779 3801 3782
f 3779 3797 3801
f 3800 3802 3801
f 3800 3799 3802
f 3803 3804 3805
f 3803 3805 3806
f 3803 3806 3807
f 3803 3807 3808
f 3803 3808 3809
f 3803 3809 3804
f 3808 3810 3809
f 3808 3811 3810
f 3808 3807 3812
f 3808 3812 3811
f 3616 3812 3617
f 3616 3811 3812
f 3616 3621 3813
f 3616 3813 3811
f 3786 3813 3787
f 3786 3811 3813
f 3786 3785 3810
f 3786 3810 3811
f 3787 3813 3814
f 3813 3621 3814
f 3621 3622 3814
f 3622 3603 3814
f 3603 3792 3814
f 3792 3787 3814
f 3614 3631 3815
f 3614 3815 3795
f 3795 3815 3816
f 3815 3631 3816
f 3631 3632 3817
f 3631 3817 3816
f 3816 3817 3818
f 3798 3818 3799
f 3798 3816 3818
f 3798 3795 3816
f 3799 3818 3819
f 3818 3820 3817
f 3818 3820 3819
f 3819 3820 3821
f 3819 3821 3822
f 3819 3822 3823
f 3799 3823 3802
f 3799 3819 3823
f 3822 3824 3823
f 3822 3825 3824
f 3822 3821 3826
f 3822 3826 3825
f 3825 3826 3827
f 3825 3827 3828
f 3825 3828 3829
f 3825 3829 3824
f 3828 3830 3829
f 3828 3831 3830
f 3828 3827 3832
f 3828 3832 3831
f 3831 3832 3833
f 3831 3833 3834
f 3831 3834 3835
f 3831 3835 3830
f 3834 3836 3835
f 3834 3833 3836
f 3837 3838 3839
f 3837 3839 3840
f 3837 3840 3841
f 3837 3841 3842
f 3837 3842 3843
f 3837 3843 3838
f 3842 3844 3843
f 3842 3845 3844
f 3842 3841 3846
f 3842 3846 3845
f 3845 3846 3847
f 3845 3847 3848
f 3845 3848 3849
f 3845 3849 3844
f 3848 3850 3849
f 3848 3851 3850
f 3848 3847 3852
f 3848 3852 3851
f 3851 3852 3853
f 3851 3853 3854
f 3851 3854 3855
f 3851 3855 3850
f 3854 3856 3855
f 3854 3857 3856
f 3854 3853 3858
f 3854 3858 3857
f 3634 3858 3635
f 3634 3857 3858
f 3634 3639 3859
f 3634 3859 3857
f 3806 3859 3807
f 3806 3857 3859
f 3806 3805 3856
f 3806 3856 3857
f 3807 3859 3860
f 3859 3639 3860
f 3639 3640 3860
f 3640 3617 3860
f 3617 3812 3860
f 3812 3807 3860
f 3632 3648 3861
f 3632 3861 3817
f 3817 3861 3862
f 3861 3648 3862
f 3648 3649 3862
f 3649 3653 3863
f 3649 3863 3862
f 3820 3863 3821
f 3820 3862 3863
f 3820 3817 3862
f 3821 3863 3864
f 3863 3653 3864
f 3653 3654 3864
f 3654 3659 3865
f 3654 3865 3864
f 3826 3865 3827
f 3826 3864 3865
f 3826 3821 3864
f 3827 3865 3866
f 3865 3659 3866
f 3659 3660 3866
f 3660 3665 3867
f 3660 3867 3866
f 3832 3867 3833
f 3832 3866 3867
f 3832 3827 3866
f 3833 3867 3868
f 3867 3665 3868
f 3665 3666 3868
f 3666 3671 3869
f 3666 3869 3868
f 3868 3869 3870
f 3833 3870 3836
f 3833 3868 3870
f 3869 3871 3870
f 3869 3872 3871
f 3869 3671 3872
f 3671 3672 3872
f 3672 3677 3873
f 3672 3873 3872
f 3840 3873 3841
f 3840 3872 3873
f 3840 3839 3871
f 3840 3871 3872
f 3841 3873 3874
f 3873 3677 3874
f 3677 3678 3874
f 3678 3682 3875
f 3678 3875 3874
f 3846 3875 3847
f 3846 3874 3875
f 3846 3841 3874
f 3847 3875 3876
f 3875 3682 3876
f 3682 3683 3876
f 3683 3686 3877
f 3683 3877 3876
f 3852 3877 3853
f 3852 3876 3877
f 3852 3847 3876
f 3853 3877 3878
f 3877 3686 3878
f 3686 3687 3878
f 3687 3635 3878
f 3635 3858 3878
f 3858 3853 3878
f 3709 3710 3879
f 3709 3879 3712
f 3712 3879 3880
f 3712 3880 3713
f 3725 3726 3881
f 3725 3881 3727
f 3727 3881 3882
f 3727 3883 3728
f 3727 3882 3883
f 3728 3883 3729
f 3729 3883 3884
f 3729 3885 3730
f 3729 3884 3885
f 3730 3885 3731
f 3731 3885 3886
f 3731 3887 3732
f 3731 3886 3887
f 3732 3888 3710
f 3732 3887 3888
f 3710 3888 3879
f 3879 3888 3889
f 3888 3887 3890
f 3888 3890 3889
f 3889 3890 3891
f 3713 3891 3733
f 3713 3889 3891
f 3713 3880 3889
f 3880 3879 3889
f 3733 3891 3892
f 3733 3893 3734
f 3733 3892 3893
f 3734 3893 3735
f 3735 3893 3894
f 3735 3895 3736
f 3735 3894 3895
f 3736 3895 3737
f 3737 3895 3896
f 3737 3896 3738
f 3747 3748 3897
f 3747 3897 3749
f 3749 3897 3898
f 3749 3899 3750
f 3749 3898 3899
f 3750 3900 3726
f 3750 3899 3900
f 3726 3900 3881
f 3881 3902 3901
f 3881 3900 3902
f 3900 3899 3902
f 3882 3903 3883
f 3882 3901 3903
f 3882 3881 3901
f 3883 3903 3904
f 3884 3905 3885
f 3884 3904 3905
f 3884 3883 3904
f 3885 3905 3906
f 3886 3907 3887
f 3886 3906 3907
f 3886 3885 3906
f 3887 3907 3908
f 3890 3909 3891
f 3890 3908 3909
f 3890 3887 3908
f 3891 3909 3910
f 3892 3911 3893
f 3892 3910 3911
f 3892 3891 3910
f 3893 3911 3912
f 3893 3912 3913
f 3913 3912 3914
f 3913 3914 3915
f 3913 3915 3916
f 3894 3916 3895
f 3894 3913 3916
f 3894 3893 3913
f 3895 3916 3917
f 3916 3915 3918
f 3916 3918 3917
f 3917 3918 3919
f 3738 3919 3751
f 3738 3917 3919
f 3738 3896 3917
f 3896 3895 3917
f 3751 3919 3920
f 3751 3920 3752
f 3759 3760 3921
f 3759 3921 3761
f 3761 3921 3922
f 3761 3923 3762
f 3761 3922 3923
f 3762 3924 3748
f 3762 3923 3924
f 3748 3924 3897
f 3897 3926 3925
f 3897 3924 3926
f 3924 3923 3926
f 3898 3927 3899
f 3898 3925 3927
f 3898 3897 3925
f 3899 3927 3928
f 3899 3928 3902
f 3914 3929 3915
f 3914 3912 3929
f 3915 3929 3930
f 3915 3930 3931
f 3931 3930 3932
f 3931 3932 3933
f 3931 3933 3934
f 3918 3934 3919
f 3918 3931 3934
f 3918 3915 3931
f 3919 3934 3935
f 3934 3933 3936
f 3934 3936 3935
f 3935 3936 3937
f 3752 3937 3763
f 3752 3935 3937
f 3752 3920 3935
f 3920 3919 3935
f 3763 3937 3938
f 3763 3938 3764
f 3769 3770 3939
f 3769 3940 3760
f 3769 3939 3940
f 3760 3940 3921
f 3921 3940 3941
f 3940 3939 3942
f 3940 3942 3941
f 3941 3942 3943
f 3941 3943 3944
f 3922 3944 3923
f 3922 3941 3944
f 3922 3921 3941
f 3923 3946 3945
f 3923 3944 3946
f 3944 3943 3946
f 3923 3945 3926
f 3947 3948 3949
f 3947 3949 3950
f 3947 3950 3951
f 3947 3951 3952
f 3932 3952 3933
f 3932 3947 3952
f 3932 3930 3948
f 3932 3948 3947
f 3933 3952 3953
f 3952 3951 3954
f 3952 3954 3953
f 3953 3954 3955
f 3953 3955 3956
f 3936 3956 3937
f 3936 3953 3956
f 3936 3933 3953
f 3937 3956 3957
f 3956 3955 3958
f 3956 3958 3957
f 3772 3958 3773
f 3772 3957 3958
f 3772 3764 3957
f 3764 3938 3957
f 3938 3937 3957
f 3770 3781 3959
f 3770 3959 3939
f 3939 3959 3960
f 3959 3781 3960
f 3781 3782 3961
f 3781 3961 3960
f 3960 3961 3962
f 3942 3962 3943
f 3942 3960 3962
f 3942 3939 3960
f 3943 3962 3963
f 3962 3961 3964
f 3962 3964 3963
f 3963 3964 3965
f 3963 3965 3966
f 3963 3966 3967
f 3943 3967 3946
f 3943 3963 3967
f 3966 3968 3967
f 3966 3965 3968
f 3969 3970 3971
f 3969 3971 3972
f 3969 3972 3973
f 3969 3973 3974
f 3969 3974 3975
f 3969 3975 3970
f 3974 3976 3975
f 3974 3977 3976
f 3974 3973 3978
f 3974 3978 3977
f 3977 3978 3979
f 3977 3979 3980
f 3950 3980 3951
f 3950 3977 3980
f 3950 3949 3976
f 3950 3976 3977
f 3951 3980 3981
f 3980 3979 3982
f 3980 3982 3981
f 3784 3982 3785
f 3784 3981 3982
f 3784 3789 3983
f 3784 3983 3981
f 3954 3983 3955
f 3954 3981 3983
f 3954 3951 3981
f 3955 3983 3984
f 3983 3789 3984
f 3789 3790 3984
f 3790 3773 3984
f 3773 3958 3984
f 3958 3955 3984
f 3782 3801 3985
f 3782 3985 3961
f 3961 3985 3986
f 3985 3801 3986
f 3801 3802 3987
f 3801 3987 3986
f 3986 3987 3988
f 3964 3988 3965
f 3964 3986 3988
f 3964 3961 3986
f 3965 3988 3989
f 3988 3987 3990
f 3988 3990 3989
f 3989 3990 3991
f 3989 3991 3992
f 3989 3992 3993
f 3965 3993 3968
f 3965 3989 3993
f 3992 3994 3993
f 3992 3995 3994
f 3992 3991 3996
f 3992 3996 3995
f 3995 3996 3997
f 3995 3997 3998
f 3995 3998 3999
f 3995 3999 3994
f 3998 4000 3999
f 3998 4001 4000
f 3998 3997 4002
f 3998 4002 4001
f 4001 4002 4003
f 4001 4003 4004
f 4001 4004 4005
f 4001 4005 4000
f 4004 4006 4005
f 4004 4007 4006
f 4004 4003 4008
f 4004 4008 4007
f 4007 4008 4009
f 4007 4009 4010
f 4007 4010 4011
f 4007 4011 4006
f 4010 4012 4011
f 4010 4013 4012
f 4010 4009 4014
f 4010 4014 4013
f 4013 4014 4015
f 4013 4015 4016
f 4013 4016 4017
f 4013 4017 4012
f 4016 4018 4017
f 4016 4019 4018
f 4016 4015 4020
f 4016 4020 4019
f 4019 4020 4021
f 4019 4021 4022
f 3972 4022 3973
f 3972 4019 4022
f 3972 3971 4018
f 3972 4018 4019
f 3973 4022 4023
f 4022 4021 4024
f 4022 4024 4023
f 3804 4024 3805
f 3804 4023 4024
f 3804 3809 4025
f 3804 4025 4023
f 3978 4025 3979
f 3978 4023 4025
f 3978 3973 4023
f 3979 4025 4026
f 4025 3809 4026
f 3809 3810 4026
f 3810 3785 4026
f 3785 3982 4026
f 3982 3979 4026
f 3802 3823 4027
f 3802 4027 3987
f 3987 4027 4028
f 4027 3823 4028
f 3823 3824 4028
f 3824 3829 4029
f 3824 4029 4028
f 3990 4029 3991
f 3990 4028 4029
f 3990 3987 4028
f 3991 4029 4030
f 4029 3829 4030
f 3829 3830 4030
f 3830 3835 4031
f 3830 4031 4030
f 3996 4031 3997
f 3996 4030 4031
f 3996 3991 4030
f 3997 4031 4032
f 4031 3835 4032
f 3835 3836 4033
f 3835 4033 4032
f 4032 4033 4034
f 4002 4034 4003
f 4002 4032 4034
f 4002 3997 4032
f 4003 4034 4035
f 4034 4033 4036
f 4034 4036 4035
f 3838 4036 3839
f 3838 4035 4036
f 3838 3843 4037
f 3838 4037 4035
f 4008 4037 4009
f 4008 4035 4037
f 4008 4003 4035
f 4009 4037 4038
f 4037 3843 4038
f 3843 3844 4038
f 3844 3849 4039
f 3844 4039 4038
f 4014 4039 4015
f 4014 4038 4039
f 4014 4009 4038
f 4015 4039 4040
f 4039 3849 4040
f 3849 3850 4040
f 3850 3855 4041
f 3850 4041 4040
f 4020 4041 4021
f 4020 4040 4041
f 4020 4015 4040
f 4021 4041 4042
f 4041 3855 4042
f 3855 3856 4042
f 3856 3805 4042
f 3805 4024 4042
f 4024 4021 4042
f 3836 3870 4043
f 3836 4043 4033
f 4033 4043 4044
f 4043 3870 4044
f 3870 3871 4044
f 3871 3839 4044
f 3839 4036 4044
f 4036 4033 4044
f 3901 3902 4045
f 3901 4045 3903
f 3903 4045 4046
f 3903 4047 3904
f 3903 4046 4047
f 3904 4047 3905
f 3905 4047 4048
f 3905 4049 3906
f 3905 4048 4049
f 3906 4049 3907
f 3907 4049 4050
f 3907 4051 3908
f 3907 4050 4051
f 3908 4051 3909
f 3909 4051 4052
f 3909 4053 3910
f 3909 4052 4053
f 3910 4053 3911
f 3911 4053 4054
f 3911 4054 3912
f 3925 3926 4055
f 3925 4055 3927
f 3927 4055 4056
f 3927 4057 3928
f 3927 4056 4057
f 3928 4058 3902
f 3928 4057 4058
f 3902 4058 4045
f 4045 4058 4059
f 4058 4057 4060
f 4058 4060 4059
f 4059 4060 4061
f 4059 4061 4062
f 4046 4062 4047
f 4046 4059 4062
f 4046 4045 4059
f 4047 4062 4063
f 4062 4061 4064
f 4062 4064 4063
f 4063 4064 4065
f 4063 4065 4066
f 4048 4066 4049
f 4048 4063 4066
f 4048 4047 4063
f 4049 4066 4067
f 4066 4065 4068
f 4066 4068 4067
f 4067 4068 4069
f 4067 4069 4070
f 4050 4070 4051
f 4050 4067 4070
f 4050 4049 4067
f 4051 4070 4071
f 4070 4069 4072
f 4070 4072 4071
f 4071 4072 4073
f 4071 4073 4074
f 4052 4074 4053
f 4052 4071 4074
f 4052 4051 4071
f 4053 4074 4075
f 4074 4073 4076
f 4074 4076 4075
f 4075 4076 4077
f 3912 4077 3929
f 3912 4075 4077
f 3912 4054 4075
f 4054 4053 4075
f 3929 4077 4078
f 3929 4078 3930
f 3945 3946 4079
f 3945 4080 3926
f 3945 4079 4080
f 3926 4080 4055
f 4055 4080 4081
f 4080 4079 4082
f 4080 4082 4081
f 4081 4082 4083
f 4081 4083 4084
f 4056 4084 4057
f 4056 4081 4084
f 4056 4055 4081
f 4057 4084 4085
f 4084 4083 4086
f 4084 4086 4085
f 4085 4086 4087
f 4085 4087 4088
f 4060 4088 4061
f 4060 4085 4088
f 4060 4057 4085
f 4061 4088 4089
f 4088 4087 4090
f 4088 4090 4089
f 4089 4090 4091
f 4089 4091 4092
f 4064 4092 4065
f 4064 4089 4092
f 4064 4061 4089
f 4065 4092 4093
f 4092 4091 4094
f 4092 4094 4093
f 4093 4094 4095
f 4093 4095 4096
f 4068 4096 4069
f 4068 4093 4096
f 4068 4065 4093
f 4069 4096 4097
f 4096 4095 4098
f 4096 4098 4097
f 4097 4098 4099
f 4097 4099 4100
f 4072 4100 4073
f 4072 4097 4100
f 4072 4069 4097
f 4073 4100 4101
f 4100 4099 4102
f 4100 4102 4101
f 4101 4102 4103
f 4101 4103 4104
f 4076 4104 4077
f 4076 4101 4104
f 4076 4073 4101
f 4077 4104 4105
f 4104 4103 4106
f 4104 4106 4105
f 3948 4106 3949
f 3948 4105 4106
f 3948 3930 4105
f 3930 4078 4105
f 4078 4077 4105
f 3946 3967 4107
f 3946 4107 4079
f 4079 4107 4108
f 4107 3967 4108
f 3967 3968 4109
f 3967 4109 4108
f 4108 4109 4110
f 4082 4110 4083
f 4082 4108 4110
f 4082 4079 4108
f 4083 4110 4111
f 4110 4109 4112
f 4110 4112 4111
f 4111 4112 4113
f 4111 4113 4114
f 4086 4114 4087
f 4086 4111 4114
f 4086 4083 4111
f 4087 4114 4115
f 4114 4113 4116
f 4114 4116 4115
f 4115 4116 4117
f 4115 4117 4118
f 4090 4118 4091
f 4090 4115 4118
f 4090 4087 4115
f 4091 4118 4119
f 4118 4117 4120
f 4118 4120 4119
f 4119 4120 4121
f 4119 4121 4122
f 4094 4122 4095
f 4094 4119 4122
f 4094 4091 4119
f 4095 4122 4123
f 4122 4121 4124
f 4122 4124 4123
f 4123 4124 4125
f 4123 4125 4126
f 4098 4126 4099
f 4098 4123 4126
f 4098 4095 4123
f 4099 4126 4127
f 4126 4125 4128
f 4126 4128 4127
f 3970 4128 3971
f 3970 4127 4128
f 3970 3975 4129
f 3970 4129 4127
f 4102 4129 4103
f 4102 4127 4129
f 4102 4099 4127
f 4103 4129 4130
f 4129 3975 4130
f 3975 3976 4130
f 3976 3949 4130
f 3949 4106 4130
f 4106 4103 4130
f 3968 3993 4131
f 3968 4131 4109
f 4109 4131 4132
f 4131 3993 4132
f 3993 3994 4132
f 3994 3999 4133
f 3994 4133 4132
f 4112 4133 4113
f 4112 4132 4133
f 4112 4109 4132
f 4113 4133 4134
f 4133 3999 4134
f 3999 4000 4134
f 4000 4005 4135
f 4000 4135 4134
f 4116 4135 4117
f 4116 4134 4135
f 4116 4113 4134
f 4117 4135 4136
f 4135 4005 4136
f 4005 4006 4136
f 4006 4011 4137
f 4006 4137 4136
f 4120 4137 4121
f 4120 4136 4137
f 4120 4117 4136
f 4121 4137 4138
f 4137 4011 4138
f 4011 4012 4138
f 4012 4017 4139
f 4012 4139 4138
f 4124 4139 4125
f 4124 4138 4139
f 4124 4121 4138
f 4125 4139 4140
f 4139 4017 4140
f 4017 4018 4140
f 4018 3971 4140
f 3971 4128 4140
f 4128 4125 4140
