# QMW procedural algebraic surface
# units: millimeters
v -199.990698283 -32.4784404939 24.5763111241
v -199.099095818 -36.3116825741 20.7430690438
v -199.099095818 -31.5868380289 10.8942762817
v -200.812856334 -31.5868380289 23.7541530736
v -200.636680798 -31.5868380289 25.4679135891
v -199.869880706 -32.357622917 25.4679135891
v -199.099095818 -36.5593680128 25.4679135891
v -201.88463693 -34.3723791403 43.7402644969
v -199.099095818 -43.245406728 34.8672369092
v -204.156147146 -31.5868380289 41.4687542802
v -203.673360511 -31.5868380289 46.5258056083
v -201.450685627 -33.9384278382 46.5258056083
v -199.099095818 -44.6620246829 46.5258056083
v -203.389579694 -35.8773219048 63.2932137517
v -199.099095818 -47.7859546859 51.3845809706
v -206.700199328 -31.5868380289 59.9825941175
v -205.720577467 -31.5868380289 67.5836976276
v -202.588862873 -35.0766050834 67.5836976276
v -199.099095818 -48.498429895 67.5836976276
v -203.751701683 -36.2394438936 83.9889837821
v -199.099095818 -49.558531735 70.6698959408
v -207.431981172 -31.5868380289 80.3087042932
v -205.670990334 -31.5868380289 88.6415896469
v -202.648753769 -35.1364959796 88.6415896469
v -199.099095818 -46.9390235254 88.6415896469
v -202.374931669 -34.8626738793 106.423645816
v -199.099095818 -46.5319137129 94.7544059821
v -205.245881163 -31.5868380289 103.552696322
v -203.218899001 -31.5868380289 109.699481666
v -201.377620498 -33.8653627087 109.699481666
v -199.099095818 -40.6077331043 109.699481666
v -199.099095818 -31.5868380289 127.539774842
v -199.592224449 -11.0220746403 3.91689293917
v -199.099095818 -15.7599922175 -0.821024638044
v -199.099095818 -10.5289460096 -6.50457688115
v -199.840579559 -10.5289460096 3.66853782932
v -199.778405705 -10.5289460096 4.41002156982
v -199.546016767 -10.9758669588 4.41002156982
v -199.099095818 -18.0019511308 4.41002156982
v -202.429280015 -13.8591302064 22.1377293923
v -199.099095818 -27.9345401699 8.06231942877
v -203.817674354 -10.5289460096 20.7493350536
v -203.607292184 -10.5289460096 25.4679135891
v -202.11282364 -13.542673832 25.4679135891
v -205.838302763 -17.2681529545 39.7865986635
v -208.24391364 -10.5289460096 37.3809877869
v -208.166439745 -10.5289460096 46.5258056083
v -205.256724972 -16.6865751633 46.5258056083
v -208.482860793 -19.9127109847 58.1999326525
v -211.634525808 -10.5289460096 55.0482676378
v -211.150571666 -10.5289460096 67.5836976276
v -207.41547687 -18.8453270616 67.5836976276
v -209.559412572 -20.9892627632 78.1812728933
v -213.19235381 -10.5289460096 74.5483316549
v -211.29059708 -10.5289460096 88.6415896469
v -207.650980022 -19.0808302137 88.6415896469
v -208.401212536 -19.8310627279 100.397364948
v -212.029981945 -10.5289460096 96.7685955389
v -208.502383028 -10.5289460096 109.699481666
v -205.801413121 -17.231263313 109.699481666
v -204.082442167 -15.5122923582 125.774027337
v -206.445168231 -10.5289460096 123.411301272
v -203.297006678 -10.5289460096 130.757373685
v -202.135880329 -13.5657305205 130.757373685
v -199.099095818 -28.9764913286 130.757373685
v -199.099095818 -10.5289460096 141.365204903
v -199.840579559 9.78746226913 3.66853782932
v -199.099095818 -0.385652441346 -6.50457688115
v -199.099095818 10.5289460096 -6.50457688115
v -199.840579559 10.5289460096 3.66853782932
v -199.778405705 10.5289460096 4.41002156982
v -199.778405705 9.84963612313 4.41002156982
v -203.817674354 5.81036747418 20.7493350536
v -203.817674354 10.5289460096 20.7493350536
v -203.607292184 10.5289460096 25.4679135891
v -203.607292184 6.02074964333 25.4679135891
v -208.24391364 1.3841281882 37.3809877869
v -208.24391364 10.5289460096 37.3809877869
v -208.166439745 10.5289460096 46.5258056083
v -208.166439745 1.46160208318 46.5258056083
v -211.634525808 -2.00648398015 55.0482676378
v -211.634525808 10.5289460096 55.0482676378
v -211.150571666 10.5289460096 67.5836976276
v -211.150571666 -1.52252983795 67.5836976276
v -213.19235381 -3.56431198229 74.5483316549
v -213.19235381 10.5289460096 74.5483316549
v -211.29059708 10.5289460096 88.6415896469
v -211.29059708 -1.6625552526 88.6415896469
v -212.029981945 -2.40194011761 96.7685955389
v -212.029981945 10.5289460096 96.7685955389
v -208.502383028 10.5289460096 109.699481666
v -208.502383028 1.12565879984 109.699481666
v -206.445168231 3.18287359637 123.411301272
v -206.445168231 10.5289460096 123.411301272
v -203.297006678 10.5289460096 130.757373685
v -203.297006678 6.33103514989 130.757373685
v -199.099095818 10.5289460096 141.365204903
v -199.099095818 0.0788852079962 141.365204903
v -199.099095818 18.0019511308 4.41002156982
v -201.623299852 29.0626339948 22.943709555
v -199.099095818 31.5868380289 10.8942762817
v -200.812856334 31.5868380289 23.7541530736
v -200.636680798 31.5868380289 25.4679135891
v -201.496401062 29.189532785 25.4679135891
v -206.261664217 24.4242696302 39.3632372097
v -204.156147146 31.5868380289 41.4687542802
v -203.673360511 31.5868380289 46.5258056083
v -206.190986558 24.4949472893 46.5258056083
v -209.802056102 20.8838777445 56.8807373433
v -206.700199328 31.5868380289 59.9825941175
v -205.720577467 31.5868380289 67.5836976276
v -209.304134688 21.3817991594 67.5836976276
v -211.167467572 19.5184662745 76.5732178925
v -207.431981172 31.5868380289 80.3087042932
v -205.670990334 31.5868380289 88.6415896469
v -209.144831547 21.5411023001 88.6415896469
v -208.643060924 22.042872923 100.15551656
v -205.245881163 31.5868380289 103.552696322
v -203.218899001 31.5868380289 109.699481666
v -205.330926082 25.3550077646 109.699481666
v -199.099095818 31.5868380289 127.539774842
v -199.099095818 29.7782006978 128.948736354
v -199.099095818 28.9764913286 130.757373685
v -199.099095818 16.1823606942 136.41078837
v -199.099095818 36.5593680128 25.4679135891
v -199.099095818 37.6911917151 31.5722672753
v -199.099095818 44.6620246829 46.5258056083
v -199.099095818 45.6343412561 60.5733088356
v -199.099095818 48.498429895 67.5836976276
v -199.099095818 45.3446236981 81.3414832969
v -199.099095818 46.9390235254 88.6415896469
v -199.099095818 41.1047363501 98.159487968
v -199.099095818 40.6077331043 109.699481666
v -199.099095818 36.0624950223 114.17513866
v -178.10276496 -73.7641832284 67.5221364666
v -178.041203799 -73.8847905797 67.4015291153
v -178.041203799 -73.7026220674 60.5675675114
v -178.237764048 -73.7026220674 67.3871373787
v -178.188527695 -73.7026220674 67.5836976276
v -178.088403263 -73.7498215312 67.5836976276
v -178.041203799 -73.8334778542 67.5836976276
v -178.041203799 -73.7026220674 69.4859324751
v -178.75531614 -53.3588423894 3.69590922856
v -178.041203799 -56.9977204503 0.0570311676567
v -178.041203799 -52.6447300481 -15.6358300101
v -180.585129726 -52.6447300481 1.86609564262
v -180.429572476 -52.6447300481 4.41002156982
v -178.68202945 -53.2855556989 4.41002156982
v -178.041203799 -56.8687595574 4.41002156982
v -180.84097662 -55.4445028695 22.6681407678
v -178.041203799 -64.2423275626 13.8703160746
v -186.140488613 -52.6447300481 17.368628775
v -186.473740332 -52.6447300481 25.4679135891
v -180.465580306 -55.0691065554 25.4679135891
v -178.041203799 -65.6560338607 25.4679135891
v -183.378001982 -57.9815282312 41.1890074253
v -178.041203799 -69.6677121061 29.5028235504
v -191.42112803 -52.6447300481 33.1458813771
v -192.720258046 -52.6447300481 46.5258056083
v -182.579896186 -57.1834224349 46.5258056083
v -178.041203799 -72.3501695935 46.5258056083
v -185.256319653 -59.8598459021 60.3685817736
v -178.041203799 -72.9673677294 47.2610599464
v -195.174418363 -52.6447300481 50.4504830631
v -195.778002267 -52.6447300481 67.5836976276
v -183.94668751 -58.550213759 67.5836976276
v -185.777557904 -60.3810841533 80.9052355417
v -196.748352007 -52.6447300481 69.9344414385
v -194.596694759 -52.6447300481 88.6415896469
v -183.959147134 -58.5626733834 88.6415896469
v -178.041203799 -71.4100909872 88.6415896469
v -184.498970857 -59.1024971068 103.241714607
v -178.041203799 -71.6506655309 90.6935461833
v -195.018745006 -52.6447300481 92.7219404589
v -189.844573456 -52.6447300481 109.699481666
v -182.538901439 -57.1424276882 109.699481666
v -178.041203799 -65.5760762044 109.699481666
v -180.99454759 -55.5980738391 127.804029894
v -178.041203799 -62.9353909613 120.466712772
v -187.175329001 -52.6447300481 121.623248483
v -182.594620997 -52.6447300481 130.757373685
v -179.874203793 -54.4777300424 130.757373685
v -178.041203799 -57.561701885 130.757373685
v -178.041203799 -52.6447300481 139.347554538
v -178.23456898 -31.7802032105 -16.841235631
v -178.041203799 -38.4231034882 -23.4841359087
v -178.041203799 -31.5868380289 -32.4201051594
v -178.818011578 -31.5868380289 -17.424678229
v -178.868897399 -31.5868380289 -16.6478704494
v -178.237589317 -31.7832235475 -16.6478704494
v -178.041203799 -43.7106036421 -16.6478704494
v -181.099426671 -34.6450609013 1.35179869745
v -178.041203799 -51.8186748701 -15.8218152713
v -186.985940463 -31.5868380289 -4.53471509384
v -189.651899947 -31.5868380289 4.41002156982
v -180.917306386 -34.4629406156 4.41002156982
v -186.927949722 -40.4735839522 16.5811676658
v -195.943324024 -31.5868380289 7.5657933639
v -187.270525867 -40.8161600967 25.4679135891
v -192.298423304 -45.8440575343 32.268586103
v -193.511107531 -47.0567417612 46.5258056083
v -195.888592377 -49.4342266069 49.7363090495
v -196.399647141 -49.9452813708 67.5836976276
v -197.362106999 -50.9077412293 69.3206864464
v -195.669226334 -49.2148605636 88.6415896469
v -196.457760431 -50.0033946606 91.2829250344
v -192.386927175 -45.9325614051 109.699481666
v -192.681463848 -46.2270980785 116.117113636
v -197.921208128 -31.5868380289 130.757373685
v -187.538937791 -41.0845720213 130.757373685
v -185.017806194 -38.5634404242 144.838663309
v -197.215208481 -31.5868380289 132.641261022
v -185.322660179 -31.5868380289 151.815265705
v -181.724486285 -35.2701205146 151.815265705
v -178.041203799 -43.2326166857 151.815265705
v -178.041203799 -31.5868380289 161.670528668
v -179.184821076 -11.6725632865 -38.8493797455
v -178.041203799 -13.8972902191 -41.0741066782
v -178.041203799 -10.5289460096 -41.372694758
v -179.835024498 -10.5289460096 -39.499583168
v -183.770527026 -10.5289460096 -37.7057624687
v -180.484842561 -12.9725847722 -37.7057624687
v -178.041203799 -29.7112496123 -37.7057624687
v -181.287495637 -13.7752378482 -19.894162288
v -178.041203799 -30.2013553543 -36.3202797941
v -185.235309427 -10.5289460096 -23.8419760775
v -186.210352906 -10.5289460096 -16.6478704494
v -181.472777219 -13.9605194296 -16.6478704494
v -187.434221525 -19.9219637357 -4.98299615622
v -193.28450295 -10.5289460096 -10.8332775816
v -190.10077208 -22.5885142908 4.41002156982
v -195.941335199 -28.4290774093 7.56778218941
v -198.150721993 -30.6384642041 130.757373685
v -197.974375898 -30.4621181092 131.882093605
v -193.160024934 -10.5289460096 151.815265705
v -188.133472866 -20.6212150771 151.815265705
v -178.740253808 -11.2279960186 172.174107715
v -179.867665875 -10.5289460096 171.046695647
v -178.386935746 -10.5289460096 172.873157724
v -178.279669156 -10.7674113669 172.873157724
v -178.041203799 -11.6673594537 172.873157724
v -178.041203799 -10.5289460096 173.213553747
v -179.835024498 8.73512531033 -39.499583168
v -178.041203799 6.86201372028 -41.372694758
v -178.041203799 10.5289460096 -41.372694758
v -179.835024498 10.5289460096 -39.499583168
v -183.770527026 10.5289460096 -37.7057624687
v -183.770527026 4.7996227827 -37.7057624687
v -185.235309427 3.33484038152 -23.8419760775
v -185.235309427 10.5289460096 -23.8419760775
v -186.210352906 10.5289460096 -16.6478704494
v -186.210352906 2.3597969028 -16.6478704494
v -193.28450295 -4.71435314179 -10.8332775816
v -193.28450295 10.5289460096 -10.8332775816
v -193.160024934 10.5289460096 151.815265705
v -193.160024934 -4.58987512592 151.815265705
v -179.867665875 8.70248393304 171.046695647
v -179.867665875 10.5289460096 171.046695647
v -178.386935746 10.5289460096 172.873157724
v -178.386935746 10.1832140627 172.873157724
v -178.041203799 10.5289460096 173.213553747
v -178.041203799 -10.1885499866 173.213553747
v -178.041203799 29.7112496123 -37.7057624687
v -180.111801852 29.5162399754 -18.718468503
v -178.041203799 31.5868380289 -32.4201051594
v -178.818011578 31.5868380289 -17.424678229
v -178.868897399 31.5868380289 -16.6478704494
v -180.516415719 29.1116261084 -16.6478704494
v -192.912980604 16.7150612234 -10.4617552356
v -186.985940463 31.5868380289 -4.53471509384
v -189.651899947 31.5868380289 4.41002156982
v -195.943324024 31.5868380289 7.5657933639
v -197.921208128 31.5868380289 130.757373685
v -197.215208481 31.5868380289 132.641261022
v -185.322660179 31.5868380289 151.815265705
v -190.545672682 19.0823691454 151.815265705
v -178.041203799 31.5868380289 161.670528668
v -178.041203799 23.2697135254 164.55603322
v -178.041203799 11.6673594537 172.873157724
v -178.041203799 10.7623101162 173.10652183
v -178.041203799 43.7106036421 -16.6478704494
v -185.914737123 44.771196724 -3.46351175437
v -178.041203799 52.6447300481 -15.6358300101
v -180.585129726 52.6447300481 1.86609564262
v -180.429572476 52.6447300481 4.41002156982
v -188.538096313 42.1478375339 4.41002156982
v -195.503125488 35.1828083589 8.00599189983
v -186.140488613 52.6447300481 17.368628775
v -186.473740332 52.6447300481 25.4679135891
v -191.42112803 52.6447300481 33.1458813771
v -192.720258046 52.6447300481 46.5258056083
v -195.174418363 52.6447300481 50.4504830631
v -195.778002267 52.6447300481 67.5836976276
v -196.748352007 52.6447300481 69.9344414385
v -194.596694759 52.6447300481 88.6415896469
v -195.018745006 52.6447300481 92.7219404589
v -189.844573456 52.6447300481 109.699481666
v -187.175329001 52.6447300481 121.623248483
v -182.594620997 52.6447300481 130.757373685
v -195.940810299 34.7451235477 130.757373685
v -178.041203799 52.6447300481 139.347554538
v -178.041203799 45.744586554 144.915122211
v -178.041203799 43.2326166857 151.815265705
v -178.041203799 35.8415424161 156.069970092
v -178.041203799 56.8687595574 4.41002156982
v -178.041203799 57.8811613477 9.64645286936
v -178.041203799 65.6560338607 25.4679135891
v -178.041203799 70.5044408999 43.3276244408
v -178.041203799 72.3501695935 46.5258056083
v -179.581468804 72.1623570622 66.0434326224
v -178.041203799 73.7026220674 60.5675675114
v -178.237764048 73.7026220674 67.3871373787
v -178.188527695 73.7026220674 67.5836976276
v -179.895231824 71.8485940421 67.5836976276
v -178.041203799 73.7026220674 69.4859324751
v -178.041203799 70.4596048902 85.3985724696
v -178.041203799 71.4100909872 88.6415896469
v -178.041203799 64.9512409538 100.948100553
v -178.041203799 65.5760762044 109.699481666
v -178.041203799 59.7309683989 116.785720017
v -178.041203799 57.561701885 130.757373685
v -178.041203799 54.9918529697 133.104496607
v -178.041203799 73.8334778542 67.5836976276
v -178.041203799 73.7886711542 67.6697467144
v -156.998212286 -73.7175225739 -16.6627709559
v -156.98331178 -73.7831199577 -16.7283683397
v -156.98331178 -73.7026220674 -22.5120900302
v -157.091229755 -73.7026220674 -16.7557884251
v -157.093828238 -73.7026220674 -16.6478704494
v -156.998261412 -73.7175716994 -16.6478704494
v -156.98331178 -73.7842580727 -16.6478704494
v -157.634039235 -74.3533495228 3.7592941144
v -156.98331178 -76.8340402542 1.27860338302
v -161.01515503 -73.7026220674 0.378178319778
v -160.893481353 -73.7026220674 4.41002156982
v -157.56214132 -74.2814516074 4.41002156982
v -156.98331178 -76.5209919336 4.41002156982
v -159.378639935 -76.0979502225 23.072585434
v -156.98331178 -82.3857306787 16.7848049777
v -167.69579191 -73.7026220674 14.7554334588
v -169.140252902 -73.7026220674 25.4679135891
v -159.003020202 -75.7223304896 25.4679135891
v -156.98331178 -81.8812990865 25.4679135891
v -161.476918569 -78.1962288572 42.0321988185
v -156.98331178 -86.735023575 33.4934041007
v -173.353949731 -73.7026220674 30.1551676572
v -176.429020745 -73.7026220674 46.5258056083
v -160.647356937 -77.3666672251 46.5258056083
v -156.98331178 -85.9430437227 46.5258056083
v -162.910250511 -79.6295607984 61.6567588966
v -156.98331178 -88.8806820227 52.4056376723
v -177.142404786 -73.7026220674 47.4246046216
v -161.598511571 -78.317821859 67.5836976276
v -156.98331178 -86.8079121429 67.5836976276
v -163.023696604 -79.743006892 82.6012048223
v -156.98331178 -88.4960669958 73.8481447185
v -175.190828262 -73.7026220674 88.6415896469
v -161.380576174 -78.099886462 88.6415896469
v -156.98331178 -84.7432761092 88.6415896469
v -161.434550964 -78.1538612513 105.248242482
v -156.98331178 -84.8243608906 98.5777428429
v -175.228678913 -73.7026220674 91.4541145324
v -168.082312487 -73.7026220674 109.699481666
v -159.954699973 -76.6740102604 109.699481666
v -156.98331178 -80.5309740874 109.699481666
v -157.816705989 -74.5360162772 129.923979476
v -156.98331178 -75.9649165755 128.495079177
v -161.583785529 -73.7026220674 126.156899936
v -158.706047776 -73.7026220674 130.757373685
v -157.485387254 -74.2046975415 130.757373685
v -156.98331178 -74.7864512911 130.757373685
v -156.98331178 -73.7026220674 133.052865662
v -158.769014429 -54.4304326973 -39.4914651179
v -156.98331178 -60.2958076512 -45.3568400717
v -156.98331178 -52.6447300481 -47.9656851424
v -163.054898158 -52.6447300481 -43.7773488471
v -174.008182232 -52.6447300481 -37.7057624687
v -159.778796889 -55.4402151572 -37.7057624687
v -156.98331178 -72.013840987 -37.7057624687
v -160.063811973 -55.7252302415 -19.7283706428
v -156.98331178 -72.1809898268 -36.1841302281
v -174.363296836 -52.6447300481 -34.0278555056
v -176.572758669 -52.6447300481 -16.6478704494
v -160.127244089 -55.7886623576 -16.6478704494
v -162.332596988 -57.9940152566 -0.939263638629
v -177.257933222 -52.6447300481 -15.8645998724
v -162.18330797 -57.8447262388 4.41002156982
v -168.197111028 -63.8585292968 14.2541143404
v -169.626557863 -65.2879761319 25.4679135891
v -173.894099325 -69.5555175936 29.6150180629
v -176.645027579 -72.3064458476 46.5258056083
v -177.347947337 -73.0093656057 47.21906207
v -176.110874841 -71.7722931094 88.6415896469
v -176.630306785 -72.2917250537 90.0524866606
v -171.833666342 -67.4950846106 109.699481666
v -172.29116635 -67.9525846187 115.449519115
v -166.64958776 -62.3110060288 130.757373685
v -164.613364934 -60.274783203 144.18521255
v -168.82626533 -52.6447300481 151.815265705
v -160.976315068 -56.6377333364 151.815265705
v -156.98331178 -61.8740547856 151.815265705
v -156.98331178 -52.6447300481 163.594487054
v -161.889580058 -36.4931063074 -63.6699227665
v -156.98331178 -38.1487146574 -65.3255311164
v -156.98331178 -31.5868380289 -67.0567649238
v -162.455735021 -31.5868380289 -64.2360777296
v -170.035780668 -31.5868380289 -58.763654488
v -169.095423021 -43.6989492705 -58.763654488
v -156.98331178 -47.6013852578 -58.763654488
v -172.424053436 -47.0275796857 -53.1465041255
v -156.98331178 -49.8169657955 -55.9358902353
v -173.155648854 -31.5868380289 -53.8780995428
v -177.923427821 -31.5868380289 -37.7057624687
v -177.33078776 -51.9343140089 -37.7057624687
v -177.342576048 -51.9461022972 -37.0071347178
v -177.925438087 -31.5868380289 -37.5899967567
v -177.788311458 -52.3918377077 -16.6478704494
v -177.774474754 -52.3780010034 -16.3811414047
v -172.249256173 -46.8527824227 151.815265705
v -169.025132539 -43.6286587881 160.831336965
v -167.240081261 -31.5868380289 172.873157724
v -161.503416993 -36.1069432422 172.873157724
v -156.98331178 -43.565247528 172.873157724
v -156.98331178 -31.5868380289 180.341085297
v -166.758508342 -20.3041425719 -68.5388510502
v -156.98331178 -23.4972512355 -71.7319597138
v -156.98331178 -10.5289460096 -75.7162880607
v -166.787178412 -10.5289460096 -68.5675211203
v -174.180861848 -10.5289460096 -58.763654488
v -173.848996277 -27.3946305072 -58.763654488
v -175.119676195 -28.6653104251 -55.8421268842
v -175.366901636 -10.5289460096 -56.0893523251
v -177.978237146 -31.5238713756 -37.7057624687
v -177.978814055 -31.5244482851 -37.6433727249
v -170.055626501 -23.6012607309 172.873157724
v -156.98331178 -10.5289460096 188.469956057
v -156.98331178 -18.4551950354 186.004800717
v -176.131926281 -10.5289460096 174.782435241
v -166.787178412 0.725079377276 -68.5675211203
v -156.98331178 -6.42368756314 -75.7162880607
v -156.98331178 10.5289460096 -75.7162880607
v -166.787178412 10.5289460096 -68.5675211203
v -174.180861848 10.5289460096 -58.763654488
v -174.180861848 -6.66860405893 -58.763654488
v -175.366901636 -7.85464384681 -56.0893523251
v -175.366901636 10.5289460096 -56.0893523251
v -176.131926281 -8.61966849219 174.782435241
v -156.98331178 5.06785232361 188.469956057
v -156.98331178 10.5289460096 188.469956057
v -176.131926281 10.5289460096 174.782435241
v -162.477931085 26.0922187231 -64.2582737937
v -156.98331178 18.4052660871 -71.9452264297
v -156.98331178 31.5868380289 -67.0567649238
v -162.455735021 31.5868380289 -64.2360777296
v -170.035780668 31.5868380289 -58.763654488
v -170.535166089 18.0349837195 -58.763654488
v -173.527712981 15.0424368278 -54.2501636698
v -173.155648854 31.5868380289 -53.8780995428
v -177.923427821 31.5868380289 -37.7057624687
v -177.925438087 31.5868380289 -37.5899967567
v -167.240081261 31.5868380289 172.873157724
v -177.367069576 11.203080233 173.547291947
v -156.98331178 20.7729303965 183.117142111
v -156.98331178 31.5868380289 180.341085297
v -156.98331178 47.6013852578 -58.763654488
v -163.888267732 45.7397740957 -44.6107184211
v -156.98331178 52.6447300481 -47.9656851424
v -163.054898158 52.6447300481 -43.7773488471
v -174.008182232 52.6447300481 -37.7057624687
v -177.267148044 32.3608937842 -37.7057624687
v -177.347005854 32.2810359738 -37.0115645238
v -174.363296836 52.6447300481 -34.0278555056
v -176.572758669 52.6447300481 -16.6478704494
v -177.257933222 52.6447300481 -15.8645998724
v -168.82626533 52.6447300481 151.815265705
v -166.45942988 43.1686119477 163.397039623
v -156.98331178 46.8010427385 167.029470414
v -156.98331178 52.6447300481 163.594487054
v -156.98331178 43.565247528 172.873157724
v -156.98331178 35.31489753 176.601217225
v -156.98331178 72.013840987 -37.7057624687
v -159.602648305 71.0832855424 -19.2672069744
v -156.98331178 73.7026220674 -22.5120900302
v -157.091229755 73.7026220674 -16.7557884251
v -157.093828238 73.7026220674 -16.6478704494
v -163.010943373 67.6749904739 -16.6478704494
v -176.932893977 53.7530398697 -15.5395606279
v -161.01515503 73.7026220674 0.378178319778
v -160.893481353 73.7026220674 4.41002156982
v -167.69579191 73.7026220674 14.7554334588
v -169.140252902 73.7026220674 25.4679135891
v -173.353949731 73.7026220674 30.1551676572
v -176.429020745 73.7026220674 46.5258056083
v -177.142404786 73.7026220674 47.4246046216
v -175.190828262 73.7026220674 88.6415896469
v -175.228678913 73.7026220674 91.4541145324
v -168.082312487 73.7026220674 109.699481666
v -161.583785529 73.7026220674 126.156899936
v -158.706047776 73.7026220674 130.757373685
v -171.830609219 58.8553246275 136.967968265
v -156.98331178 63.9768875581 142.089531195
v -156.98331178 73.7026220674 133.052865662
v -156.98331178 61.8740547856 151.815265705
v -156.98331178 56.5193536863 155.689889343
v -156.98331178 73.7842580727 -16.6478704494
v -156.98331178 73.7748681733 -16.5756243435
v -156.98331178 76.5209919336 4.41002156982
v -156.98331178 76.286133848 6.99353335039
v -156.98331178 81.8812990865 25.4679135891
v -156.98331178 81.1119645449 32.8772560666
v -156.98331178 85.9430437227 46.5258056083
v -156.98331178 83.5964063873 56.4195899282
v -177.295507655 74.4483182114 67.5836976276
v -156.98331178 86.8079121429 67.5836976276
v -156.98331178 82.8575240595 76.7385996197
v -177.686470571 74.0573552955 67.9384308557
v -156.98331178 84.7432761092 88.6415896469
v -156.98331178 80.4599036243 95.3988712037
v -156.98331178 80.5309740874 109.699481666
v -156.98331178 77.4479360112 113.44479561
v -156.98331178 74.7864512911 130.757373685
v -156.98331178 74.2457732589 131.300524877
v -136.079350028 -94.9144443543 4.25609130222
v -135.92541976 -95.2458146956 3.92472096086
v -135.92541976 -94.7605140867 -9.65862108997
v -137.22098872 -94.7605140867 3.11445261011
v -137.079653535 -94.7605140867 4.41002156982
v -136.062582383 -94.8976767097 4.41002156982
v -135.92541976 -95.1782190701 4.41002156982
v -136.802688864 -95.6377831907 24.590644485
v -135.92541976 -97.2518216819 22.9766059939
v -141.773604033 -94.7605140867 19.6197293166
v -141.361516337 -94.7605140867 25.4679135891
v -136.64885281 -95.4839471364 25.4679135891
v -135.92541976 -96.7545937568 25.4679135891
v -137.672443703 -96.5075380297 44.7787816653
v -135.92541976 -99.1848588708 42.1014608242
v -145.811343398 -94.7605140867 36.639881971
v -144.994499468 -94.7605140867 46.5258056083
v -137.285615702 -96.1207100284 46.5258056083
v -135.92541976 -98.1120174887 46.5258056083
v -138.053822831 -96.8889171576 65.4552945567
v -135.92541976 -99.7216138208 62.6225978934
v -147.547636731 -94.7605140867 55.9614806574
v -145.194923526 -94.7605140867 67.5836976276
v -137.491175409 -96.3262697358 67.5836976276
v -135.92541976 -98.2419136243 67.5836976276
v -137.409820228 -96.2449145547 87.1571891788
v -135.92541976 -98.0779636929 85.3241400406
v -144.89753516 -94.7605140867 79.6694742467
v -141.344117248 -94.7605140867 88.6415896469
v -136.94840813 -95.7835024568 88.6415896469
v -135.92541976 -96.8522009446 88.6415896469
v -135.92541976 -94.7605140867 102.585635901
v -137.65830888 -75.4355111866 -39.4386515879
v -135.92541976 -81.6042667933 -45.6074071946
v -135.92541976 -73.7026220674 -51.8823920864
v -144.372289862 -73.7026220674 -46.1526325706
v -155.527150241 -73.7026220674 -37.7057624687
v -138.411043066 -76.1882453726 -37.7057624687
v -135.92541976 -89.6616295763 -37.7057624687
v -138.580362645 -76.3575649518 -19.3028133339
v -135.92541976 -89.9460360833 -32.8912844653
v -155.625657461 -73.7026220674 -36.3481081499
v -138.61323568 -76.3904379871 -16.6478704494
v -135.92541976 -90.9265754964 -16.6478704494
v -139.719606209 -77.4968085163 0.61583512093
v -135.92541976 -92.0427127551 -13.9300691179
v -139.352969225 -77.1301715323 4.41002156982
v -143.792556838 -81.5697591451 17.6007765114
v -143.307251144 -81.084453451 25.4679135891
v -148.397037702 -86.1742400086 34.0541876671
v -147.589606756 -85.3668090634 46.5258056083
v -151.108369857 -88.8855721641 52.4007475309
v -149.036421274 -86.8136235807 67.5836976276
v -151.367941361 -89.1451436678 73.1990680465
v -147.761600222 -85.5388025286 88.6415896469
v -149.216308476 -86.9935107831 96.4085929504
v -144.836536779 -82.6137390862 109.699481666
v -135.92541976 -92.7889207623 109.699481666
v -144.586193862 -82.3633961688 122.096599584
v -135.92541976 -92.6997907781 111.760204975
v -140.969059748 -78.7462620552 130.757373685
v -135.92541976 -83.7196167334 130.757373685
v -137.064167142 -74.8413694489 150.676518323
v -135.92541976 -76.6801716837 148.837716088
v -138.329834837 -73.7026220674 151.815265705
v -136.496876499 -74.2740788059 151.815265705
v -135.92541976 -74.786181541 151.815265705
v -135.92541976 -73.7026220674 153.472471806
v -136.110423984 -52.8297342721 -80.0065507311
v -135.92541976 -52.9253439284 -80.1021603875
v -135.92541976 -52.6447300481 -80.1433838625
v -136.141030457 -52.6447300481 -80.0371572041
v -136.513008038 -52.6447300481 -79.8215465072
v -136.453016998 -53.1723272854 -79.8215465072
v -135.92541976 -53.4118095951 -79.8215465072
v -147.093170223 -63.8124805108 -69.9314049506
v -135.92541976 -65.7894056818 -71.9083301217
v -147.670853301 -52.6447300481 -70.5090880289
v -154.84491515 -52.6447300481 -58.763654488
v -153.64816666 -70.3674769481 -58.763654488
v -135.92541976 -72.4885363748 -58.763654488
v -154.572884375 -71.2921946624 -56.3532270829
v -135.92541976 -72.8533411011 -57.9143735216
v -155.466220757 -52.6447300481 -57.2465634655
v -156.848736444 -73.5680467321 -37.7057624687
v -156.849619058 -73.568929346 -37.5720697473
v -147.596115151 -64.3154254387 151.815265705
v -142.709538119 -59.4288484064 166.089039366
v -145.108333134 -52.6447300481 172.873157724
v -138.468499054 -55.1878093415 172.873157724
v -135.92541976 -57.6886083326 172.873157724
v -135.92541976 -52.6447300481 177.446303265
v -144.357077039 -40.0184953074 -88.2532037857
v -135.92541976 -42.1257768215 -90.3604852998
v -135.92541976 -31.5868380289 -94.3827761267
v -144.49473072 -31.5868380289 -88.3908574668
v -151.228883086 -31.5868380289 -79.8215465072
v -149.602208683 -45.2636269513 -79.8215465072
v -152.558651593 -48.2200698616 -75.3968863207
v -153.690634915 -31.5868380289 -76.5288696429
v -156.213938606 -51.8753568747 -58.763654488
v -156.365113195 -52.0265314635 -58.1454559033
v -150.584247136 -46.2456654047 172.873157724
v -135.92541976 -31.5868380289 193.109106283
v -135.92541976 -33.8484838095 191.669403963
v -137.312749888 -31.5868380289 192.543719616
v -136.429068698 -11.0325949476 -101.383087464
v -135.92541976 -11.2412789404 -101.591771457
v -135.92541976 -10.5289460096 -101.675476193
v -136.43168937 -10.5289460096 -101.385708136
v -137.05592221 -10.5289460096 -100.879438526
v -136.98684179 -11.5903680392 -100.879438526
v -135.92541976 -13.6405501283 -100.879438526
v -147.603074831 -22.2066010802 -91.4992015778
v -135.92541976 -27.4305077092 -96.7231082068
v -147.947686759 -10.5289460096 -91.8438135058
v -155.415221403 -10.5289460096 -79.8215465072
v -153.368217678 -27.9717439274 -79.8215465072
v -154.688545414 -29.2920716628 -77.5267801412
v -156.028839243 -10.5289460096 -78.8670739705
v -147.81406114 -10.5289460096 193.931049743
v -142.2581285 -16.8616547489 193.931049743
v -135.92541976 -29.8460053244 193.931049743
v -135.92541976 -10.5289460096 198.293971916
v -136.43168937 10.0226763999 -101.385708136
v -135.92541976 9.73290834344 -101.675476193
v -135.92541976 10.5289460096 -101.675476193
v -136.43168937 10.5289460096 -101.385708136
v -137.05592221 10.5289460096 -100.879438526
v -137.05592221 9.39844355971 -100.879438526
v -147.947686759 -1.493320989 -91.8438135058
v -147.947686759 10.5289460096 -91.8438135058
v -155.415221403 10.5289460096 -79.8215465072
v -155.415221403 -8.96085563352 -79.8215465072
v -156.028839243 -9.57447347289 -78.8670739705
v -156.028839243 10.5289460096 -78.8670739705
v -147.81406114 10.5289460096 193.931049743
v -147.81406114 -1.35969536979 193.931049743
v -135.92541976 10.5289460096 198.293971916
v -135.92541976 -6.16602383708 198.293971916
v -135.92541976 13.6405501283 -100.879438526
v -144.834737578 22.6775202117 -88.7308643244
v -135.92541976 31.5868380289 -94.3827761267
v -144.49473072 31.5868380289 -88.3908574668
v -151.228883086 31.5868380289 -79.8215465072
v -154.300975728 13.2112820615 -79.8215465072
v -155.569867545 11.9423902443 -78.4081022726
v -153.690634915 31.5868380289 -76.5288696429
v -136.753093443 30.759164346 193.10337606
v -135.92541976 30.9288172053 193.27302892
v -135.92541976 31.5868380289 193.109106283
v -137.312749888 31.5868380289 192.543719616
v -135.92541976 29.8460053244 193.931049743
v -135.92541976 13.685869314 197.087973047
v -136.146903389 52.4232464196 -80.0430301358
v -135.92541976 51.9381110727 -80.5281654827
v -135.92541976 52.6447300481 -80.1433838625
v -136.141030457 52.6447300481 -80.0371572041
v -136.513008038 52.6447300481 -79.8215465072
v -136.758631062 51.8115187468 -79.8215465072
v -149.489964299 39.0801855096 -72.3281990265
v -147.670853301 52.6447300481 -70.5090880289
v -154.84491515 52.6447300481 -58.763654488
v -155.466220757 52.6447300481 -57.2465634655
v -145.108333134 52.6447300481 172.873157724
v -150.218571113 38.3515786957 179.637898391
v -135.92541976 41.0859118963 182.372231591
v -135.92541976 52.6447300481 177.446303265
v -135.92541976 53.4118095951 -79.8215465072
v -135.92541976 58.3540822764 -74.1121942789
v -135.92541976 72.4885363748 -58.763654488
v -147.027776029 62.6002657985 -48.8081187376
v -135.92541976 73.7026220674 -51.8823920864
v -144.372289862 73.7026220674 -46.1526325706
v -155.527150241 73.7026220674 -37.7057624687
v -155.625657461 73.7026220674 -36.3481081499
v -138.329834837 73.7026220674 151.815265705
v -149.80607209 59.8219697374 158.992505394
v -135.92541976 62.1570453998 161.327581056
v -135.92541976 73.7026220674 153.472471806
v -135.92541976 57.6886083326 172.873157724
v -135.92541976 54.48708121 174.715508886
v -135.92541976 89.6616295763 -37.7057624687
v -135.92541976 90.6855613952 -20.7228231409
v -154.735575824 75.9503580227 -16.6478704494
v -135.92541976 90.9265754964 -16.6478704494
v -135.92541976 94.7605140867 -9.65862108997
v -137.22098872 94.7605140867 3.11445261011
v -137.079653535 94.7605140867 4.41002156982
v -141.773604033 94.7605140867 19.6197293166
v -141.361516337 94.7605140867 25.4679135891
v -145.811343398 94.7605140867 36.639881971
v -144.994499468 94.7605140867 46.5258056083
v -147.547636731 94.7605140867 55.9614806574
v -145.194923526 94.7605140867 67.5836976276
v -144.89753516 94.7605140867 79.6694742467
v -141.344117248 94.7605140867 88.6415896469
v -138.835896438 91.8500374087 106.789004988
v -135.92541976 92.2114795382 107.150447118
v -135.92541976 94.7605140867 102.585635901
v -138.79737358 91.8885602668 109.699481666
v -135.92541976 92.7889207623 109.699481666
v -135.92541976 83.9766731949 119.973532794
v -148.898553637 81.7873802096 117.784239808
v -154.136686785 76.5492470621 130.757373685
v -135.92541976 83.7196167334 130.757373685
v -135.92541976 78.5478617145 135.602613333
v -155.952146708 74.733787139 131.788538757
v -135.92541976 74.786181541 151.815265705
v -135.92541976 74.1876659983 152.300309636
v -135.92541976 95.1782190701 4.41002156982
v -135.92541976 95.0875612938 4.73706877699
v -135.92541976 96.7545937568 25.4679135891
v -135.92541976 96.2193720295 26.9267715319
v -135.92541976 98.1120174887 46.5258056083
v -135.92541976 97.0442840016 48.8095755233
v -135.92541976 98.2419136243 67.5836976276
v -135.92541976 96.9630941868 69.7862777278
v -135.92541976 96.8522009446 88.6415896469
v -135.92541976 95.9927538515 89.8738294117
v -114.921128829 -94.8141151743 -37.7593635563
v -114.867527741 -94.9658307312 -37.9110791132
v -114.867527741 -94.7605140867 -39.3915815057
v -115.676548841 -94.7605140867 -38.5147835688
v -118.496438391 -94.7605140867 -37.7057624687
v -114.935455772 -94.828442118 -37.7057624687
v -114.867527741 -95.0790329495 -37.7057624687
v -114.994440819 -94.8874271646 -16.7747835274
v -114.867527741 -95.3495115456 -17.2368679083
v -120.777023528 -94.7605140867 -22.5573662367
v -122.066524378 -94.7605140867 -16.6478704494
v -114.994943352 -94.8879296973 -16.6478704494
v -114.867527741 -95.3575674968 -16.6478704494
v -115.663852185 -95.5568385302 3.61369712628
v -114.867527741 -98.0987596732 1.07177598326
v -131.088575786 -94.7605140867 -11.8110264748
v -115.554381626 -95.4473679713 4.41002156982
v -114.867527741 -97.6143587077 4.41002156982
v -117.648438534 -97.5414248792 22.6870027965
v -114.867527741 -103.48543472 16.7429929557
v -117.100361257 -96.9933476021 25.4679135891
v -114.867527741 -102.212686874 25.4679135891
v -119.929009104 -99.8219954497 41.4643242453
v -114.867527741 -107.262307076 34.0240126187
v -118.73761745 -98.6306037958 46.5258056083
v -114.867527741 -105.016049898 46.5258056083
v -121.192433193 -101.085419539 61.2587921752
v -114.867527741 -108.32475943 54.0194522842
v -119.421031614 -99.31401796 67.5836976276
v -114.867527741 -104.826623739 67.5836976276
v -120.7868299 -100.679816246 82.7222874877
v -114.867527741 -106.654327805 76.7477759284
v -118.813545255 -98.7065316008 88.6415896469
v -114.867527741 -102.458983914 88.6415896469
v -118.468491427 -98.3614777721 106.098517981
v -114.867527741 -101.923148995 102.536846758
v -131.412586764 -94.7605140867 109.699481666
v -117.060609695 -96.9535960405 109.699481666
v -114.867527741 -98.7000118131 109.699481666
v -114.867527741 -94.7605140867 125.571626125
v -115.220752316 -74.0558466428 -80.1747710826
v -114.867527741 -74.3530920147 -80.4720164545
v -114.867527741 -73.7026220674 -80.5875289806
v -115.369701469 -73.7026220674 -80.3237202349
v -116.215342268 -73.7026220674 -79.8215465072
v -115.840492165 -74.6755864909 -79.8215465072
v -114.867527741 -75.4394656984 -79.8215465072
v -125.224596284 -84.0596906106 -69.1207230312
v -114.867527741 -87.2292647589 -72.2902971794
v -127.026206401 -73.7026220674 -70.9223331475
v -134.467474171 -73.7026220674 -58.763654488
v -131.644638735 -90.4797330616 -58.763654488
v -114.867527741 -92.5523328936 -58.763654488
v -132.800366477 -91.6354608036 -55.6386012049
v -114.867527741 -93.2005286356 -57.2036690369
v -134.907338159 -73.7026220674 -57.7455728865
v -135.244034274 -94.0791286004 -37.7057624687
v -135.247911575 -94.083005901 -37.028254283
v -135.41250146 -94.2475957862 -16.6478704494
v -135.316003537 -94.1510978629 -16.0384542257
v -133.789341692 -92.6244360188 109.699481666
v -134.084259135 -92.9193534609 111.540642292
v -125.537706169 -84.3728004953 130.757373685
v -114.867527741 -92.5926162764 130.757373685
v -123.49421341 -82.3293077367 143.188580035
v -114.867527741 -91.7027523188 133.815135453
v -118.785545875 -77.6206402015 151.815265705
v -114.867527741 -80.3919411849 151.815265705
v -114.867527741 -73.7026220674 162.266978562
v -131.934249337 -73.7026220674 155.806436128
v -116.291913351 -54.0691156584 -102.303824137
v -114.867527741 -54.5982650229 -102.832973501
v -114.867527741 -52.6447300481 -103.244438827
v -116.344127542 -52.6447300481 -102.356038328
v -118.092876266 -52.6447300481 -100.879438526
v -117.731106888 -55.5083091949 -100.879438526
v -114.867527741 -56.7640453266 -100.879438526
v -127.210629231 -64.9878315382 -92.1646479973
v -114.867527741 -67.098248298 -94.2750647571
v -127.911411947 -52.6447300481 -92.8654307133
v -131.68372061 -69.4609229171 -79.8215465072
v -133.166879471 -70.9440817785 -77.0630062183
v -135.607676255 -73.3848785623 -58.763654488
v -135.662471915 -73.4396742224 -58.500706643
v -122.256889267 -60.0340915743 172.873157724
v -114.867527741 -65.2117011314 172.873157724
v -114.867527741 -52.6447300481 184.030041025
v -127.579714716 -52.6447300481 181.218862769
v -123.745830873 -40.4651411611 -109.757741659
v -114.867527741 -43.1720437261 -112.464644224
v -114.867527741 -31.5868380289 -116.664396728
v -124.160029573 -31.5868380289 -110.171940358
v -131.637790446 -31.5868380289 -100.879438526
v -128.263529195 -44.9828394829 -100.879438526
v -131.622561882 -48.3418721702 -96.5765806485
v -133.756978681 -31.5868380289 -98.7109974471
v -133.62478684 -31.5868380289 193.931049743
v -119.372424559 -36.0917348471 193.931049743
v -114.867527741 -39.836167642 193.931049743
v -114.867527741 -31.5868380289 197.595280714
v -115.509435658 -11.1708539267 -122.579238463
v -114.867527741 -11.4861061201 -122.894490656
v -114.867527741 -10.5289460096 -123.005796038
v -115.517323913 -10.5289460096 -122.587126717
v -116.230258135 -10.5289460096 -121.937330546
v -116.090561539 -11.7519798075 -121.937330546
v -114.867527741 -14.5180610231 -121.937330546
v -126.861815138 -22.5232334064 -112.873725923
v -114.867527741 -28.0863942752 -118.436886792
v -127.451279959 -10.5289460096 -113.463190744
v -133.137567917 -28.7989861851 -100.879438526
v -134.342332445 -30.0037507136 -99.2963512112
v -134.725051929 -30.3864701972 193.931049743
v -114.867527741 -10.5289460096 202.709114633
v -114.867527741 -26.1008061764 199.417081596
v -129.100735678 -10.5289460096 200.755733826
v -115.517323913 9.87914983796 -122.587126717
v -114.867527741 9.46048051692 -123.005796038
v -114.867527741 10.5289460096 -123.005796038
v -115.517323913 10.5289460096 -122.587126717
v -116.230258135 10.5289460096 -121.937330546
v -116.230258135 9.16621561552 -121.937330546
v -127.451279959 -2.05480620837 -113.463190744
v -127.451279959 10.5289460096 -113.463190744
v -129.100735678 -3.70426192709 200.755733826
v -114.867527741 -1.75088112009 202.709114633
v -114.867527741 10.5289460096 202.709114633
v -129.100735678 10.5289460096 200.755733826
v -114.867527741 14.5180610231 -121.937330546
v -124.761661527 21.6927042432 -110.773572312
v -114.867527741 31.5868380289 -116.664396728
v -124.160029573 31.5868380289 -110.171940358
v -131.637790446 31.5868380289 -100.879438526
v -133.756978681 31.5868380289 -98.7109974471
v -133.62478684 31.5868380289 193.931049743
v -131.233122139 15.2212436311 198.623347365
v -114.867527741 16.8346846047 200.236788338
v -114.867527741 31.5868380289 197.595280714
v -116.458110823 51.0541469659 -102.470021609
v -114.867527741 47.6654742085 -105.858694366
v -114.867527741 52.6447300481 -103.244438827
v -116.344127542 52.6447300481 -102.356038328
v -118.092876266 52.6447300481 -100.879438526
v -120.933535608 46.5787221814 -100.879438526
v -131.388221847 36.1240359422 -96.3422406132
v -127.911411947 52.6447300481 -92.8654307133
v -122.018369651 45.4938881387 186.780207834
v -114.867527741 45.4897703397 186.776090035
v -114.867527741 52.6447300481 184.030041025
v -127.579714716 52.6447300481 181.218862769
v -114.867527741 39.836167642 193.931049743
v -114.867527741 33.6466807333 195.990892448
v -114.867527741 56.7640453266 -100.879438526
v -115.442572286 73.1275775226 -80.396591052
v -114.867527741 73.7026220674 -80.5875289806
v -115.369701469 73.7026220674 -80.3237202349
v -116.215342268 73.7026220674 -79.8215465072
v -127.026206401 73.7026220674 -70.9223331475
v -134.467474171 73.7026220674 -58.763654488
v -134.907338159 73.7026220674 -57.7455728865
v -121.335741614 67.2344081947 166.404943851
v -114.867527741 67.1039005227 166.274436179
v -114.867527741 73.7026220674 162.266978562
v -131.934249337 73.7026220674 155.806436128
v -126.175031956 62.3951178527 172.873157724
v -114.867527741 65.2117011314 172.873157724
v -114.867527741 56.9608059528 177.189233629
v -133.175576836 55.3945729722 175.623000648
v -114.867527741 75.4394656984 -79.8215465072
v -114.867527741 80.0062907423 -73.5178778324
v -114.867527741 92.5523328936 -58.763654488
v -117.405657634 92.2223841939 -40.2438923615
v -114.867527741 94.7605140867 -39.3915815057
v -115.676548841 94.7605140867 -38.5147835688
v -118.496438391 94.7605140867 -37.7057624687
v -120.777023528 94.7605140867 -22.5573662367
v -122.066524378 94.7605140867 -16.6478704494
v -131.088575786 94.7605140867 -11.8110264748
v -131.412586764 94.7605140867 109.699481666
v -117.186212277 92.4418295505 128.438689149
v -114.867527741 92.2521934312 128.24905303
v -114.867527741 94.7605140867 125.571626125
v -117.289042498 92.3389993293 130.757373685
v -114.867527741 92.5926162764 130.757373685
v -114.867527741 82.2936662696 139.348417888
v -127.957905719 81.6701361084 138.724887726
v -133.830374228 75.7976675994 151.815265705
v -114.867527741 80.3919411849 151.815265705
v -114.867527741 76.5380184498 154.650662087
v -135.17553439 74.4525074374 152.565151075
v -114.867527741 95.0790329495 -37.7057624687
v -114.867527741 95.0834478234 -37.382828732
v -114.867527741 95.3575674968 -16.6478704494
v -114.867527741 95.2597250757 -16.1486594604
v -134.114384097 96.5715497501 4.41002156982
v -114.867527741 97.6143587077 4.41002156982
v -114.867527741 97.039774552 6.68928203513
v -134.495504249 96.1904295979 5.83993708104
v -129.066762569 101.619171278 25.4679135891
v -114.867527741 102.212686874 25.4679135891
v -114.867527741 100.287623976 30.9950234783
v -130.895191099 99.7907427482 30.4981422506
v -126.578819698 104.107114149 46.5258056083
v -114.867527741 105.016049898 46.5258056083
v -114.867527741 101.59317963 53.3584711513
v -129.868424976 100.817508871 52.5828003922
v -127.572449864 103.113483983 67.5836976276
v -114.867527741 104.826623739 67.5836976276
v -114.867527741 100.847736378 73.6709199188
v -131.167304472 99.5186293745 72.3418129155
v -131.375815932 99.3101179149 88.6415896469
v -114.867527741 102.458983914 88.6415896469
v -114.867527741 99.0694977247 92.9505732849
v -133.618337086 97.0675967611 90.9486723213
v -114.867527741 98.7000118131 109.699481666
v -114.867527741 96.8317609802 111.77072856
v -93.9834855482 -115.992255932 25.2940637627
v -93.8096357218 -116.176121681 25.1101980138
v -93.8096357218 -115.818406106 7.73559194383
v -96.2096734807 -115.818406106 23.0678758302
v -95.7168846942 -115.818406106 25.4679135891
v -93.9495189141 -115.958289298 25.4679135891
v -93.8096357218 -116.091770316 25.4679135891
v -94.0838807761 -116.09265116 46.2515605541
v -93.8096357218 -116.351079658 45.993132056
v -97.2681741102 -115.818406106 43.06726722
v -96.1939659577 -115.818406106 46.5258056083
v -94.0139626574 -116.022733042 46.5258056083
v -93.8096357218 -116.190145968 46.5258056083
v -93.8096357218 -115.818406106 57.3866291034
v -95.426107642 -96.3769860068 -60.3801264081
v -93.8096357218 -99.0319403815 -63.0350807828
v -93.8096357218 -94.7605140867 -66.689503512
v -98.9594180676 -94.7605140867 -63.9134368337
v -106.572349302 -94.7605140867 -58.763654488
v -96.9318621117 -97.8827404765 -58.763654488
v -93.8096357218 -104.906877505 -58.763654488
v -99.7042266162 -100.655104981 -43.6003533631
v -93.8096357218 -108.973712817 -51.9189611988
v -110.120289216 -94.7605140867 -54.0164159633
v -101.758504359 -102.709382724 -37.7057624687
v -93.8096357218 -113.251721414 -37.7057624687
v -101.83389971 -102.784778075 -24.6721344376
v -93.8096357218 -113.285801957 -35.17315832
v -101.903438511 -102.854316876 -16.6478704494
v -93.8096357218 -113.54771648 -16.6478704494
v -101.102210796 -102.05308916 -2.88255350393
v -93.8096357218 -113.193005317 -14.0224696608
v -100.252649187 -101.203527552 4.41002156982
v -93.8096357218 -114.725859624 4.41002156982
v -101.710699747 -102.661578112 17.5668495641
v -93.8096357218 -115.005140685 5.22328699069
v -100.493005111 -101.443883475 25.4679135891
v -104.56631564 -105.517194005 35.76912569
v -102.321673173 -103.272551538 46.5258056083
v -106.193573327 -107.144451692 55.1997600221
v -102.641095284 -103.591973649 67.5836976276
v -93.8096357218 -114.187199703 67.5836976276
v -105.267794093 -106.218672458 77.1834312755
v -93.8096357218 -114.800105143 68.6019985906
v -101.103806218 -102.054684583 88.6415896469
v -93.8096357218 -108.08890889 88.6415896469
v -101.923931616 -102.874809981 101.585185772
v -93.8096357218 -108.890957282 95.5690384711
v -98.4144708691 -99.365349234 109.699481666
v -93.8096357218 -102.377085045 109.699481666
v -96.1861263624 -97.1370047272 128.380883045
v -93.8096357218 -99.0733529838 126.444534788
v -107.044821996 -94.7605140867 130.757373685
v -95.0072521258 -95.9581304906 130.757373685
v -93.8096357218 -96.6331059661 130.757373685
v -93.8096357218 -94.7605140867 135.1813108
v -94.3766794679 -74.2696658135 -101.446482273
v -93.8096357218 -74.6048106853 -101.781627144
v -93.8096357218 -73.7026220674 -101.948442873
v -94.4653158154 -73.7026220674 -101.53511862
v -95.3048466777 -73.7026220674 -100.879438526
v -95.0862828986 -74.9792692442 -100.879438526
v -93.8096357218 -75.5485389773 -100.879438526
v -105.627834315 -85.5208206608 -91.6397451006
v -93.8096357218 -87.5097172739 -93.6286417137
v -106.493887403 -73.7026220674 -92.5057981882
v -110.296998192 -90.1899845377 -79.8215465072
v -93.8096357218 -92.034767771 -79.8215465072
v -111.993964167 -91.8869505128 -76.9479829334
v -93.8096357218 -93.11514853 -78.1761809506
v -114.189907272 -94.0828936175 -58.763654488
v -114.31472024 -94.2077065854 -58.2108469867
v -112.315245091 -92.2082314367 130.757373685
v -111.951460802 -91.8444471476 133.673440624
v -100.75381621 -80.646802556 151.815265705
v -93.8096357218 -84.1142796058 151.815265705
v -93.8096357218 -73.7026220674 167.822358546
v -99.0757487765 -73.7026220674 167.607044669
v -94.3657085313 -53.2008028576 -122.493403355
v -93.8096357218 -53.454455925 -122.747056423
v -93.8096357218 -52.6447300481 -122.902723808
v -94.3848380411 -52.6447300481 -122.512532865
v -95.0350308905 -52.6447300481 -121.937330546
v -94.8112118957 -53.6463062221 -121.937330546
v -93.8096357218 -54.2604074704 -121.937330546
v -105.566448545 -64.4015428711 -112.636251349
v -93.8096357218 -66.917306852 -115.15201533
v -106.654453592 -52.6447300481 -113.724256396
v -109.611181543 -68.4462758691 -100.879438526
v -111.76991611 -70.6050104362 -97.7818268953
v -105.9933444 -64.8284387263 172.873157724
v -93.8096357218 -69.6357842853 172.873157724
v -93.8096357218 -52.6447300481 187.031820466
v -100.365005257 -52.6447300481 187.375680208
v -101.713280828 -39.4904831349 -129.840975652
v -93.8096357218 -42.2612146678 -132.611707185
v -93.8096357218 -31.5868380289 -135.842941778
v -102.176729049 -31.5868380289 -130.304423873
v -109.896166669 -31.5868380289 -121.937330546
v -105.798610033 -43.5758123397 -121.937330546
v -110.22456807 -48.0017703774 -117.294370875
v -112.686212067 -31.5868380289 -119.756014872
v -102.311006645 -40.0882089521 193.931049743
v -93.8096357218 -43.6040492163 193.931049743
v -93.8096357218 -31.5868380289 198.844687519
v -110.139615302 -31.5868380289 198.658962182
v -104.938439861 -21.6577501485 -133.066134685
v -93.8096357218 -26.6955798431 -138.103964379
v -93.8096357218 -10.5289460096 -141.525248271
v -105.542173111 -10.5289460096 -133.669867935
v -111.628343647 -28.3476539352 -121.937330546
v -113.242668731 -29.9619790187 -120.312471536
v -107.813893064 -24.5332033521 200.98468442
v -93.8096357218 -24.296902018 201.220985754
v -93.8096357218 -10.5289460096 203.833560765
v -104.224136326 -10.5289460096 204.574441158
v -105.542173111 -1.20359137954 -133.669867935
v -93.8096357218 -9.05897171589 -141.525248271
v -93.8096357218 10.5289460096 -141.525248271
v -105.542173111 10.5289460096 -133.669867935
v -104.224136326 0.114445405465 204.574441158
v -93.8096357218 -0.626434987774 203.833560765
v -93.8096357218 10.5289460096 203.833560765
v -104.224136326 10.5289460096 204.574441158
v -102.765781406 22.6306923444 -130.89347623
v -93.8096357218 12.9115032888 -140.612665286
v -93.8096357218 31.5868380289 -135.842941778
v -102.176729049 31.5868380289 -130.304423873
v -109.896166669 31.5868380289 -121.937330546
v -112.686212067 31.5868380289 -119.756014872
v -107.074849544 18.3216242064 201.72372794
v -93.8096357218 17.6436183055 201.045722039
v -93.8096357218 31.5868380289 198.844687519
v -110.139615302 31.5868380289 198.658962182
v -94.4391305306 52.0152352394 -122.566825354
v -93.8096357218 50.8906077955 -123.691452798
v -93.8096357218 52.6447300481 -122.902723808
v -94.3848380411 52.6447300481 -122.512532865
v -95.0350308905 52.6447300481 -121.937330546
v -96.5759994735 49.8783662965 -121.937330546
v -110.50599568 35.9483700896 -117.575798485
v -106.654453592 52.6447300481 -113.724256396
v -98.1831286801 48.2712370899 189.557556785
v -93.8096357218 47.4282482152 188.71456791
v -93.8096357218 52.6447300481 187.031820466
v -100.365005257 52.6447300481 187.375680208
v -103.108982043 43.345383727 193.931049743
v -93.8096357218 43.6040492163 193.931049743
v -93.8096357218 34.3447208173 196.688932532
v -112.227213375 34.2271523955 196.57136411
v -93.8096357218 54.2604074704 -121.937330546
v -94.61494215 72.8973156392 -101.684744955
v -93.8096357218 73.7026220674 -101.948442873
v -94.4653158154 73.7026220674 -101.53511862
v -95.3048466777 73.7026220674 -100.879438526
v -106.493887403 73.7026220674 -92.5057981882
v -96.5558377523 70.9564200369 170.126955693
v -93.8096357218 70.3281706212 169.498706278
v -93.8096357218 73.7026220674 167.822358546
v -99.0757487765 73.7026220674 167.607044669
v -97.6356343704 69.8766234188 172.873157724
v -93.8096357218 69.6357842853 172.873157724
v -93.8096357218 57.9892157576 178.217643433
v -109.217955441 58.2943023479 178.522730024
v -93.8096357218 75.5485389773 -100.879438526
v -93.8096357218 79.0380753944 -95.5439851995
v -111.844833949 76.7253158596 -79.8215465072
v -93.8096357218 92.034767771 -79.8215465072
v -93.8096357218 94.7605140867 -66.689503512
v -98.9594180676 94.7605140867 -63.9134368337
v -106.572349302 94.7605140867 -58.763654488
v -110.120289216 94.7605140867 -54.0164159633
v -107.044821996 94.7605140867 130.757373685
v -102.695853364 85.8742964446 142.929048063
v -93.8096357218 84.9192929186 141.974044537
v -93.8096357218 94.7605140867 135.1813108
v -104.746735169 83.8234146396 151.815265705
v -93.8096357218 84.1142796058 151.815265705
v -93.8096357218 77.7867992523 155.89944289
v -110.962289669 77.6078601394 155.720503777
v -93.8096357218 104.906877505 -58.763654488
v -93.8096357218 110.835603634 -42.6885649404
v -111.617993175 98.0100486523 -37.7057624687
v -93.8096357218 113.251721414 -37.7057624687
v -93.8096357218 113.516722542 -18.9495540132
v -111.264824203 98.3632176247 -34.1030589307
v -108.995159698 100.63288213 -16.6478704494
v -93.8096357218 113.54771648 -16.6478704494
v -93.8096357218 114.883969724 3.4755851879
v -104.304253027 105.323788801 -6.0845957349
v -96.617959336 113.010082492 4.41002156982
v -93.8096357218 114.725859624 4.41002156982
v -93.8096357218 115.818406106 7.73559194383
v -96.2096734807 115.818406106 23.0678758302
v -95.7168846942 115.818406106 25.4679135891
v -97.2681741102 115.818406106 43.06726722
v -96.1939659577 115.818406106 46.5258056083
v -96.1705652338 113.457476594 65.2227681157
v -93.8096357218 112.656344024 64.4216355457
v -93.8096357218 115.818406106 57.3866291034
v -95.1176537508 114.510388077 67.5836976276
v -93.8096357218 114.187199703 67.5836976276
v -93.8096357218 105.513726093 78.3369096337
v -102.874536018 106.753505809 79.5766893502
v -101.134097518 108.49394431 88.6415896469
v -93.8096357218 108.08890889 88.6415896469
v -93.8096357218 101.580758339 95.461833899
v -107.655488327 101.972553501 95.8536290613
v -108.17442872 101.453613108 109.699481666
v -93.8096357218 102.377085045 109.699481666
v -93.8096357218 98.483115204 113.422082783
v -111.707277201 97.9207646266 112.859732206
v -93.8096357218 96.6331059661 130.757373685
v -93.8096357218 95.642397655 131.639257254
v -93.8096357218 116.091770316 25.4679135891
v -93.8096357218 116.008454905 25.6579623882
v -93.8096357218 116.190145968 46.5258056083
v -93.8096357218 116.059058155 46.7664576573
v -72.7607579944 -115.827420398 -16.6568847413
v -72.7517437026 -115.838247378 -16.6677117217
v -72.7517437026 -115.818406106 -27.2268850645
v -73.5331563655 -115.818406106 -17.4292831124
v -73.6313315998 -115.818406106 -16.6478704494
v -72.7607702802 -115.827432684 -16.6478704494
v -72.7517437026 -115.838287883 -16.6478704494
v -72.9897442147 -116.056406618 4.17202105768
v -72.7517437026 -116.335852541 3.89257513445
v -84.0695512581 -115.818406106 -6.90778598571
v -88.5771613048 -115.818406106 4.41002156982
v -72.9561485075 -116.022810911 4.41002156982
v -72.7517437026 -116.245458644 4.41002156982
v -73.6038140217 -116.670476425 24.61584327
v -72.7517437026 -117.540340509 23.7459791863
v -92.3067582725 -115.818406106 5.91289901909
v -73.4065786573 -116.473241061 25.4679135891
v -72.7517437026 -117.069079724 25.4679135891
v -74.1493571146 -117.216019518 45.1281921963
v -72.7517437026 -118.40213037 43.9420813442
v -73.7396820318 -116.806344435 46.5258056083
v -72.7517437026 -117.530496601 46.5258056083
v -73.9175899935 -116.984252397 66.4178513366
v -72.7517437026 -117.825766996 65.576336738
v -89.1025733896 -115.818406106 67.5836976276
v -73.5168308766 -116.58349328 67.5836976276
v -72.7517437026 -117.038489565 67.5836976276
v -72.7517437026 -115.818406106 82.1264525877
v -75.803739929 -97.8125103131 -82.8735427337
v -72.7517437026 -100.461261848 -85.5222942682
v -72.7517437026 -94.7605140867 -88.1575443159
v -77.9154944084 -94.7605140867 -84.985297213
v -84.003705852 -94.7605140867 -79.8215465072
v -79.6174893544 -101.626259739 -79.8215465072
v -72.7517437026 -106.187603739 -79.8215465072
v -85.3898795579 -107.398649942 -71.4017903433
v -72.7517437026 -111.320234985 -75.3233753866
v -89.1919538549 -94.7605140867 -75.2038646403
v -90.5625806579 -112.571351042 -58.763654488
v -72.7517437026 -114.723354519 -58.763654488
v -91.3513368286 -113.360107213 -56.3053555947
v -72.7517437026 -115.01299718 -57.9582455625
v -93.0368593782 -115.045629762 -37.7057624687
v -72.7517437026 -115.787827509 -37.7057624687
v -93.0388732211 -115.047643605 -36.934999968
v -72.7517437026 -115.787910104 -37.6752664668
v -93.1253138399 -115.134084224 -16.6478704494
v -92.9570907074 -114.965861091 -15.795325435
v -93.4737174392 -115.482487823 4.41002156982
v -93.3443650477 -115.353135432 4.87529224397
v -91.4032949139 -113.412065298 67.5836976276
v -92.3956875711 -114.404457955 68.9976457783
v -84.3126861052 -106.321456489 88.6415896469
v -72.7517437026 -113.697232403 88.6415896469
v -85.8586023847 -107.867372769 96.592622984
v -72.7517437026 -114.209596356 90.2503993967
v -79.3660588122 -101.374829196 109.699481666
v -72.7517437026 -104.589620322 109.699481666
v -77.6179848229 -99.626755207 125.891132565
v -72.7517437026 -102.443885488 123.074002284
v -74.9048794309 -96.913649815 130.757373685
v -72.7517437026 -97.815135932 130.757373685
v -72.7517437026 -94.7605140867 137.806171029
v -87.4651911233 -94.7605140867 137.101818284
v -83.3835945916 -84.3344729565 -111.511289416
v -72.7517437026 -86.6481114555 -113.824927915
v -72.7517437026 -73.7026220674 -119.930853673
v -84.3171495213 -73.7026220674 -112.444844345
v -87.2061831522 -88.157061517 -100.879438526
v -72.7517437026 -90.871539493 -100.879438526
v -90.1146039035 -91.0654822683 -97.1844067081
v -72.7517437026 -92.7506389959 -98.8695634357
v -92.6129210355 -93.5637994003 -79.8215465072
v -92.9634848442 -93.914363209 -78.9753956296
v -81.7074387264 -82.6583170912 151.815265705
v -72.7517437026 -85.1877781246 151.815265705
v -72.7517437026 -73.7026220674 168.198656529
v -76.4907957688 -73.7026220674 169.134105658
v -82.9202242239 -62.8132105695 -132.105811067
v -72.7517437026 -65.5477450897 -134.840345587
v -72.7517437026 -52.6447300481 -140.10779613
v -83.8857492005 -52.6447300481 -133.071336044
v -86.6482466247 -66.5412329703 -121.937330546
v -72.7517437026 -72.3964948693 -121.937330546
v -90.0405056178 -69.9334919634 -118.168200442
v -72.7517437026 -73.1295654482 -121.364273926
v -88.4197051971 -68.3126915427 172.873157724
v -72.7517437026 -69.6904384284 172.873157724
v -72.7517437026 -52.6447300481 185.517838457
v -79.415355961 -52.6447300481 187.267437485
v -78.3371492538 -37.1722435801 -148.580628116
v -72.7517437026 -39.6478647398 -151.056249276
v -72.7517437026 -31.5868380289 -152.891178024
v -78.6252303853 -31.5868380289 -148.868709248
v -84.6957756319 -31.5868380289 -142.995222565
v -81.3710485012 -40.2061428276 -142.995222565
v -72.7517437026 -48.3355491664 -142.995222565
v -88.0597052697 -46.894799596 -137.245292113
v -72.7517437026 -51.3230579572 -141.673550474
v -90.3203594493 -31.5868380289 -139.505946292
v -81.8543321157 -40.689426442 193.931049743
v -72.7517437026 -40.9551550599 193.931049743
v -72.7517437026 -31.5868380289 197.351541711
v -88.4833419545 -31.5868380289 199.25734351
v -81.7807544602 -19.5579567673 -152.024233323
v -72.7517437026 -23.8461660836 -156.312442639
v -72.7517437026 -10.5289460096 -158.523311036
v -82.2179669954 -10.5289460096 -152.461445858
v -91.9382981293 -10.5289460096 -142.995222565
v -87.8663018797 -25.6435041868 -142.995222565
v -91.1866810485 -28.9638833555 -140.372267892
v -93.0918052893 -10.5289460096 -142.277392132
v -86.4295876555 -24.2067899626 201.311097809
v -72.7517437026 -26.6152113131 198.902676459
v -72.7517437026 -10.5289460096 201.525342713
v -83.8081778545 -10.5289460096 203.93250761
v -82.2179669954 1.06272271674 -152.461445858
v -72.7517437026 -4.99914246176 -158.523311036
v -72.7517437026 10.5289460096 -158.523311036
v -82.2179669954 10.5289460096 -152.461445858
v -91.9382981293 10.5289460096 -142.995222565
v -91.9382981293 -8.65760841715 -142.995222565
v -93.0918052893 -9.81111557709 -142.277392132
v -93.0918052893 10.5289460096 -142.277392132
v -83.8081778545 -0.527488142312 203.93250761
v -72.7517437026 -2.93465303944 201.525342713
v -72.7517437026 10.5289460096 201.525342713
v -83.8081778545 10.5289460096 203.93250761
v -78.9888715652 25.3497101662 -149.232350428
v -72.7517437026 19.1342715864 -155.447789007
v -72.7517437026 31.5868380289 -152.891178024
v -78.6252303853 31.5868380289 -148.868709248
v -84.6957756319 31.5868380289 -142.995222565
v -90.4583775156 13.8802042158 -142.995222565
v -92.8209711953 11.5176105362 -142.006558038
v -90.3203594493 31.5868380289 -139.505946292
v -86.1847631211 18.1538186103 201.555922344
v -72.7517437026 16.0338592629 199.435962996
v -72.7517437026 31.5868380289 197.351541711
v -88.4833419545 31.5868380289 199.25734351
v -72.7517437026 48.3355491664 -142.995222565
v -87.0643360963 38.3321376544 -136.249922939
v -72.7517437026 52.6447300481 -140.10779613
v -83.8857492005 52.6447300481 -133.071336044
v -77.7697092168 47.6267645339 188.913084229
v -72.7517437026 45.9066916389 187.193011334
v -72.7517437026 52.6447300481 185.517838457
v -79.415355961 52.6447300481 187.267437485
v -81.5290112158 43.8674625349 193.931049743
v -72.7517437026 40.9551550599 193.931049743
v -72.7517437026 33.524245694 195.868457408
v -90.6444672212 34.7520065295 197.096218244
v -85.5325279751 60.9218377949 -121.937330546
v -72.7517437026 72.3964948693 -121.937330546
v -72.7517437026 73.7026220674 -119.930853673
v -84.3171495213 73.7026220674 -112.444844345
v -75.1836694227 71.2706963472 170.441232004
v -72.7517437026 70.2584647236 169.42900038
v -72.7517437026 73.7026220674 168.198656529
v -76.4907957688 73.7026220674 169.134105658
v -75.7150716964 70.7392940735 172.873157724
v -72.7517437026 69.6904384284 172.873157724
v -72.7517437026 57.4207582935 177.649185969
v -87.5645918999 58.8897738701 179.118201546
v -90.3913613776 77.1208964116 -100.879438526
v -72.7517437026 90.871539493 -100.879438526
v -72.7517437026 94.7605140867 -88.1575443159
v -77.9154944084 94.7605140867 -84.985297213
v -84.003705852 94.7605140867 -79.8215465072
v -89.1919538549 94.7605140867 -75.2038646403
v -80.1459011122 87.366356677 144.421108295
v -72.7517437026 85.5183388184 142.573090436
v -72.7517437026 94.7605140867 137.806171029
v -87.4651911233 94.7605140867 137.101818284
v -80.8960863514 86.6161714378 151.815265705
v -72.7517437026 85.1877781246 151.815265705
v -72.7517437026 77.7691277154 155.881771353
v -88.749692562 78.7625652272 156.875208864
v -72.7517437026 106.187603739 -79.8215465072
v -72.7517437026 112.755657012 -61.8264035815
v -77.89984037 110.670309439 -58.763654488
v -72.7517437026 114.723354519 -58.763654488
v -72.7517437026 115.776250778 -37.7479177964
v -72.9979980822 115.572151726 -37.9520168483
v -72.8627338651 115.707415943 -37.7057624687
v -72.7517437026 115.787827509 -37.7057624687
v -72.7517437026 115.818406106 -27.2268850645
v -73.5331563655 115.818406106 -17.4292831124
v -73.6313315998 115.818406106 -16.6478704494
v -84.0695512581 115.818406106 -6.90778598571
v -88.5771613048 115.818406106 4.41002156982
v -92.3067582725 115.818406106 5.91289901909
v -89.1025733896 115.818406106 67.5836976276
v -75.1853808558 113.384768953 86.2079524936
v -72.7517437026 112.297436507 85.120620048
v -72.7517437026 115.818406106 82.1264525877
v -74.2949223057 114.275227503 88.6415896469
v -72.7517437026 113.697232403 88.6415896469
v -72.7517437026 103.028302524 96.9093780839
v -83.7442609611 104.825888847 98.7069644075
v -82.8604209137 105.709728895 109.699481666
v -72.7517437026 104.589620322 109.699481666
v -72.7517437026 99.0862942419 114.025261821
v -88.7058397784 99.8643100301 114.80327761
v -91.1364079155 97.4337418929 130.757373685
v -72.7517437026 97.815135932 130.757373685
v -72.7517437026 96.1000945791 132.096954178
v -92.6510926814 95.9190571271 131.915916726
v -72.7517437026 115.838287883 -16.6478704494
v -72.7517437026 115.834745547 -16.6315310087
v -72.7517437026 116.245458644 4.41002156982
v -72.7517437026 116.122999945 4.71461540846
v -93.2784997668 116.349542061 25.4679135891
v -72.7517437026 117.069079724 25.4679135891
v -72.7517437026 116.627463336 26.276970819
v -93.4703968518 116.157644976 25.8071524591
v -93.1505811754 116.477460652 46.5258056083
v -72.7517437026 117.530496601 46.5258056083
v -72.7517437026 116.852735379 47.5601348809
v -93.4198780319 116.208163796 46.9155632982
v -72.7517437026 117.038489565 67.5836976276
v -72.7517437026 116.518944468 68.2842359893
v -51.9177068044 -116.042261227 -37.9296175898
v -51.6938516833 -116.264674989 -38.1520313514
v -51.6938516833 -115.818406106 -49.3767821972
v -59.0240174799 -115.818406106 -45.0359282653
v -71.4020729153 -115.818406106 -37.7057624687
v -51.9772411953 -116.101795618 -37.7057624687
v -51.6938516833 -116.419705372 -37.7057624687
v -52.0009413513 -116.125495774 -16.9549601174
v -51.6938516833 -116.469159815 -17.2986241588
v -71.5013876455 -115.818406106 -36.4554064117
v -52.0015596811 -116.126114104 -16.6478704494
v -51.6938516833 -116.470958004 -16.6478704494
v -52.1133922053 -116.237946628 3.99048104786
v -51.6938516833 -116.702778099 3.52564957711
v -52.0398136428 -116.164368065 4.41002156982
v -51.6938516833 -116.513375298 4.41002156982
v -52.8779391452 -117.002493568 24.2838261272
v -51.6938516833 -118.103712909 23.1826067864
v -52.5473792324 -116.671933655 25.4679135891
v -51.6938516833 -117.359343451 25.4679135891
v -53.790176697 -117.91473112 44.4294805947
v -51.6938516833 -119.424418246 42.9197934685
v -53.0707151903 -117.195269613 46.5258056083
v -51.6938516833 -118.029652486 46.5258056083
v -53.7252588729 -117.849813295 65.552290438
v -51.6938516833 -119.016398403 64.3857053306
v -52.9291621301 -117.053716553 67.5836976276
v -51.6938516833 -117.626831431 67.5836976276
v -52.0209120985 -116.145466521 88.3145292317
v -51.6938516833 -116.307603317 88.1523924362
v -59.361105289 -115.818406106 88.6415896469
v -51.8781087278 -116.00266315 88.6415896469
v -51.6938516833 -116.071597308 88.6415896469
v -51.6938516833 -115.818406106 89.9268712525
v -53.2023123458 -96.2689747491 -102.387899189
v -51.6938516833 -97.5171311459 -103.636055586
v -51.6938516833 -94.7605140867 -105.087085787
v -54.1477111909 -94.7605140867 -103.333298034
v -57.3236582201 -94.7605140867 -100.879438526
v -55.3013229928 -98.3679853962 -100.879438526
v -51.6938516833 -100.802971386 -100.879438526
v -64.0957568422 -107.162419246 -92.2234516662
v -51.6938516833 -110.260786502 -95.3218189224
v -66.7847180435 -94.7605140867 -94.9124128674
v -68.9776293745 -112.044291778 -79.8215465072
v -51.6938516833 -113.480500186 -79.8215465072
v -70.4444835879 -113.511145991 -77.5142863925
v -51.6938516833 -114.433870173 -78.4370105746
v -72.2411623825 -115.307824786 -58.763654488
v -51.6938516833 -115.596053625 -58.763654488
v -72.3431588385 -115.409821242 -58.3550696239
v -51.6938516833 -115.640969164 -58.586217546
v -72.7365181463 -115.80318055 -37.7057624687
v -72.7365301894 -115.803192593 -37.6905489556
v -69.4230928331 -112.489755236 88.6415896469
v -70.3757615245 -113.442423928 91.0175718249
v -59.3333566382 -102.400019042 109.699481666
v -51.6938516833 -104.692175284 109.699481666
v -57.4854288467 -100.55209125 124.965796522
v -51.6938516833 -102.614317096 122.903570676
v -53.8155681863 -96.8822305896 130.757373685
v -51.6938516833 -97.4689197933 130.757373685
v -51.6938516833 -94.7605140867 136.598829451
v -65.0104627743 -94.7605140867 138.498654614
v -59.6005333522 -81.6093037363 -129.844012215
v -51.6938516833 -84.4414924113 -132.67620089
v -51.6938516833 -73.7026220674 -136.034016398
v -60.3349295393 -73.7026220674 -130.578408402
v -69.9995338915 -73.7026220674 -121.937330546
v -62.8086526454 -84.8174230296 -121.937330546
v -51.6938516833 -88.0031080369 -121.937330546
v -67.8988659005 -89.9076362846 -117.084452744
v -51.6938516833 -91.8844590511 -119.06127551
v -71.7426883057 -73.7026220674 -120.928275149
v -70.6949539299 -92.703724314 -100.879438526
v -71.4918678556 -93.5006382397 -99.6195626795
v -60.3567283681 -82.3654987523 151.815265705
v -51.6938516833 -83.1100685372 151.815265705
v -51.6938516833 -73.7026220674 163.549275386
v -58.3568850739 -73.7026220674 166.210124333
v -58.9708138904 -59.9216922553 -150.272184772
v -51.6938516833 -62.9008365783 -153.251329095
v -51.6938516833 -52.6447300481 -156.043810241
v -59.5169872073 -52.6447300481 -150.818358089
v -68.2753851396 -52.6447300481 -142.995222565
v -61.8486128256 -62.7994911904 -142.995222565
v -51.6938516833 -68.0268693627 -142.995222565
v -67.69427191 -68.6451502749 -137.937750772
v -51.6938516833 -71.6393439929 -140.93194449
v -71.2014150642 -52.6447300481 -141.444893927
v -72.0776195278 -73.0284978926 -121.937330546
v -72.3792358943 -73.3301142592 -121.564822738
v -66.0660332514 -67.0169116163 172.873157724
v -51.6938516833 -64.6457750141 172.873157724
v -51.6938516833 -52.6447300481 180.468459934
v -61.6502933714 -52.6447300481 183.974608055
v -53.4884296729 -33.3814160185 -165.847692574
v -51.6938516833 -34.7099982089 -167.176274764
v -51.6938516833 -31.5868380289 -167.647131053
v -53.5622311802 -31.5868380289 -165.921494081
v -55.4580978817 -31.5868380289 -164.053114584
v -54.4766661301 -34.3696524757 -164.053114584
v -51.6938516833 -37.8119926298 -164.053114584
v -64.9950069831 -44.8879933287 -156.296377865
v -51.6938516833 -48.967280646 -160.375665182
v -66.650109283 -31.5868380289 -157.951480165
v -70.9589663439 -50.8519526895 -142.995222565
v -71.9111887663 -51.8041751119 -142.154667629
v -52.2626620833 -32.1556484289 193.931049743
v -51.6938516833 -32.0117859707 193.931049743
v -51.6938516833 -31.5868380289 194.067360191
v -69.4180928851 -31.5868380289 197.264700561
v -57.2962778492 -16.1313721755 -169.65554075
v -51.6938516833 -19.6640101461 -173.188178721
v -51.6938516833 -10.5289460096 -174.280328388
v -57.490088545 -10.5289460096 -169.849351446
v -63.6855741378 -10.5289460096 -164.053114584
v -61.1199389383 -19.9550332646 -164.053114584
v -68.1567118906 -26.991806217 -159.458082772
v -69.6765969569 -10.5289460096 -160.977967839
v -68.314641821 -27.1497361473 198.368151625
v -51.6938516833 -31.393887011 194.124000761
v -51.6938516833 -10.5289460096 196.968643526
v -65.8530240674 -10.5289460096 200.829769378
v -57.490088545 4.73270914796 -169.849351446
v -51.6938516833 0.301732205587 -174.280328388
v -51.6938516833 10.5289460096 -174.280328388
v -57.490088545 10.5289460096 -169.849351446
v -63.6855741378 10.5289460096 -164.053114584
v -63.6855741378 -1.4627764449 -164.053114584
v -69.6765969569 -7.45379926397 -160.977967839
v -69.6765969569 10.5289460096 -160.977967839
v -65.8530240674 -3.63022637448 200.829769378
v -51.6938516833 -7.49135222697 196.968643526
v -51.6938516833 10.5289460096 196.968643526
v -65.8530240674 10.5289460096 200.829769378
v -53.6431582089 29.6375315033 -166.00242111
v -51.6938516833 27.3264156617 -168.313536951
v -51.6938516833 31.5868380289 -167.647131053
v -53.5622311802 31.5868380289 -165.921494081
v -55.4580978817 31.5868380289 -164.053114584
v -57.2140191926 26.0666705196 -164.053114584
v -68.5408645738 14.7398251384 -159.842235455
v -66.650109283 31.5868380289 -157.951480165
v -67.3704455502 15.910244162 199.312347896
v -51.6938516833 12.7643198652 196.166423599
v -51.6938516833 31.5868380289 194.067360191
v -69.4180928851 31.5868380289 197.264700561
v -51.6938516833 37.8119926298 -164.053114584
v -61.337946728 43.0006350034 -152.63931761
v -51.6938516833 52.6447300481 -156.043810241
v -59.5169872073 52.6447300481 -150.818358089
v -68.2753851396 52.6447300481 -142.995222565
v -71.2014150642 52.6447300481 -141.444893927
v -59.8664451539 44.4721365775 185.758456273
v -51.6938516833 41.2090312424 182.495350937
v -51.6938516833 52.6447300481 180.468459934
v -61.6502933714 52.6447300481 183.974608055
v -64.899972713 39.4386090184 193.931049743
v -51.6938516833 32.0117859707 193.931049743
v -51.6938516833 31.6653602591 194.009571973
v -70.6983406384 33.640241093 195.984452807
v -51.6938516833 68.0268693627 -142.995222565
v -67.1628758238 58.2335979269 -137.406354686
v -51.6938516833 73.7026220674 -136.034016398
v -60.3349295393 73.7026220674 -130.578408402
v -69.9995338915 73.7026220674 -121.937330546
v -71.7426883057 73.7026220674 -120.928275149
v -56.7651625401 68.6313112106 167.801846867
v -51.6938516833 66.0647515118 165.235287168
v -51.6938516833 73.7026220674 163.549275386
v -58.3568850739 73.7026220674 166.210124333
v -57.5128893513 67.8835843995 172.873157724
v -51.6938516833 64.6457750141 172.873157724
v -51.6938516833 55.5863012376 175.814728913
v -67.6359416111 57.7605321396 177.988959815
v -51.6938516833 88.0031080369 -121.937330546
v -60.9533755396 85.5009902304 -110.138962383
v -51.6938516833 94.7605140867 -105.087085787
v -54.1477111909 94.7605140867 -103.333298034
v -57.3236582201 94.7605140867 -100.879438526
v -66.7847180435 94.7605140867 -94.9124128674
v -60.1949930906 86.2593726794 143.314124297
v -51.6938516833 83.4541361904 140.508887808
v -51.6938516833 94.7605140867 136.598829451
v -65.0104627743 94.7605140867 138.498654614
v -60.5188451948 85.9355205752 151.815265705
v -51.6938516833 83.1100685372 151.815265705
v -51.6938516833 76.6572353723 154.76987901
v -68.1430826687 78.3112831013 156.423926739
v -51.6938516833 100.802971386 -100.879438526
v -51.6938516833 106.04822975 -89.5917228631
v -58.5429050182 108.969352771 -79.8215465072
v -51.6938516833 113.480500186 -79.8215465072
v -51.6938516833 115.427024766 -59.1550358274
v -53.128219153 114.384038636 -60.1980219577
v -52.1785170085 115.333740781 -58.763654488
v -51.6938516833 115.596053625 -58.763654488
v -51.6938516833 115.818406106 -49.3767821972
v -59.0240174799 115.818406106 -45.0359282653
v -71.4020729153 115.818406106 -37.7057624687
v -71.5013876455 115.818406106 -36.4554064117
v -59.361105289 115.818406106 88.6415896469
v -62.1521981295 105.36005966 99.2411352199
v -51.6938516833 102.695517079 96.5765926396
v -51.6938516833 115.818406106 89.9268712525
v -60.5699378842 106.942319905 109.699481666
v -51.6938516833 104.692175284 109.699481666
v -51.6938516833 98.5791669015 113.518134481
v -67.4019960775 100.110261712 115.049229291
v -68.9048742112 98.6073835781 130.757373685
v -51.6938516833 97.4689197933 130.757373685
v -51.6938516833 95.8578866744 131.854746273
v -71.1333702558 96.3788875335 132.375747132
v -51.6938516833 116.419705372 -37.7057624687
v -51.6938516833 116.421370944 -37.1027976311
v -72.7089149301 115.861234878 -16.6478704494
v -51.6938516833 116.470958004 -16.6478704494
v -51.6938516833 116.329944365 -16.1363321903
v -72.7183854387 115.85176437 -16.6145121855
v -71.8972544799 116.672895329 4.41002156982
v -51.6938516833 116.513375298 4.41002156982
v -51.6938516833 116.274426857 4.86604232108
v -72.1895357505 116.380614058 4.97222952187
v -70.5289966462 118.041153162 25.4679135891
v -51.6938516833 117.359343451 25.4679135891
v -51.6938516833 116.721970964 26.3714784474
v -71.4292743699 117.140875439 26.7903829218
v -70.0302136575 118.539936151 46.5258056083
v -51.6938516833 118.029652486 46.5258056083
v -51.6938516833 117.039524011 47.7469235131
v -71.2303872103 117.339762598 48.0471621006
v -70.9649730566 117.605176752 67.5836976276
v -51.6938516833 117.626831431 67.5836976276
v -51.6938516833 116.7842692 68.5495607219
v -71.797946079 116.772203729 68.5374952511
v -51.6938516833 116.071597308 88.6415896469
v -51.6938516833 115.950362358 88.7735458993
v -31.0719633082 -116.25440975 -59.1996581321
v -30.635959664 -116.51866669 -59.4639150717
v -30.635959664 -115.818406106 -66.7114286476
v -35.6926785694 -115.818406106 -63.8203733933
v -44.8658245593 -115.818406106 -58.763654488
v -31.3734139705 -116.555860412 -58.763654488
v -30.635959664 -117.101932936 -58.763654488
v -32.474502188 -117.65694863 -39.5443049926
v -30.635959664 -118.894916562 -40.7822729244
v -48.4508657761 -115.818406106 -55.5206685807
v -33.0564005217 -118.238846964 -37.7057624687
v -30.635959664 -120.008949192 -37.7057624687
v -33.0804675478 -118.26291399 -19.0923783332
v -30.635959664 -120.04662379 -20.8760881338
v -33.0866270802 -118.269073522 -16.6478704494
v -30.635959664 -120.058355621 -16.6478704494
v -32.3563561755 -117.538802617 2.6896250584
v -30.635959664 -118.88270587 1.34572180534
v -32.0000115089 -117.182457951 4.41002156982
v -30.635959664 -118.156770958 4.41002156982
v -32.1799639891 -117.362410431 23.923909264
v -30.635959664 -118.448096384 22.8382233112
v -31.6638306692 -116.846277111 25.4679135891
v -30.635959664 -117.45065519 25.4679135891
v -33.0030687097 -118.185515152 44.1586965626
v -30.635959664 -119.435163142 42.9090485724
v -32.0487058032 -117.231152245 46.5258056083
v -30.635959664 -117.83163557 46.5258056083
v -32.9629527923 -118.145399234 65.2567044994
v -30.635959664 -119.070157942 64.3319457917
v -31.9245400316 -117.106986473 67.5836976276
v -30.635959664 -117.507617133 67.5836976276
v -30.987009374 -116.169455816 88.2905399369
v -30.635959664 -116.285486993 88.1745087597
v -30.8170637798 -115.999510222 88.6415896469
v -30.635959664 -116.043727887 88.6415896469
v -30.635959664 -115.818406106 89.7584406538
v -50.1598158355 -115.818406106 90.1756254947
v -39.4062953258 -103.530849748 -109.649774188
v -30.635959664 -106.851960391 -112.97088483
v -30.635959664 -94.7605140867 -118.306692388
v -42.0487943121 -94.7605140867 -112.292273174
v -44.4497823494 -108.574336772 -100.879438526
v -30.635959664 -111.033287713 -100.879438526
v -48.0956888267 -112.220243249 -97.2812756699
v -30.635959664 -113.637043581 -98.698076002
v -50.2835118075 -114.40806623 -79.8215465072
v -30.635959664 -115.058860152 -79.8215465072
v -50.7667429648 -114.891297387 -78.8944377888
v -30.635959664 -115.324709901 -79.3278503023
v -51.5478109774 -115.6723654 -58.763654488
v -51.57323005 -115.697784473 -58.6430328546
v -37.6059738033 -101.730528226 109.699481666
v -30.635959664 -102.641007269 109.699481666
v -34.6192566416 -98.7438110642 126.774076708
v -30.635959664 -99.3924168598 126.125470912
v -31.7883099767 -95.9128643994 130.757373685
v -30.635959664 -96.0896698679 130.757373685
v -30.635959664 -94.7605140867 133.383395942
v -46.0827650819 -94.7605140867 136.368460287
v -33.5517348343 -76.6183972377 -145.910997735
v -30.635959664 -78.732629144 -148.025229642
v -30.635959664 -73.7026220674 -149.568970487
v -34.1449806682 -73.7026220674 -146.504243569
v -38.2875540933 -73.7026220674 -142.995222565
v -35.4117146802 -78.4783770835 -142.995222565
v -30.635959664 -81.2144575261 -142.995222565
v -44.8693618311 -87.9360242345 -136.170732713
v -30.635959664 -90.5004819132 -138.735190392
v -47.5308668317 -73.7026220674 -138.832237713
v -47.6760937009 -90.7427561043 -121.937330546
v -30.635959664 -93.6037842823 -121.937330546
v -49.6247116983 -92.6913741016 -119.868190561
v -30.635959664 -94.2096568759 -121.386473335
v -35.828827689 -78.8954900924 151.815265705
v -30.635959664 -78.6823285275 151.815265705
v -30.635959664 -73.7026220674 157.144282546
v -42.1065322983 -73.7026220674 161.40258509
v -33.1331891456 -55.1419595297 -166.550344066
v -30.635959664 -57.346228606 -168.754613142
v -30.635959664 -52.6447300481 -169.814480354
v -33.4128686633 -52.6447300481 -166.830023583
v -36.2791689293 -52.6447300481 -164.053114584
v -34.3388052916 -56.3475756757 -164.053114584
v -30.635959664 -59.5153097383 -164.053114584
v -44.5411660979 -66.549936482 -156.900428999
v -30.635959664 -69.812069666 -160.162562183
v -46.8370170398 -52.6447300481 -159.196279941
v -48.4784146891 -70.4871850732 -142.995222565
v -50.1898383076 -72.1986086917 -141.491209189
v -35.3674540176 -57.3762244017 172.873157724
v -30.635959664 -56.0436163764 172.873157724
v -30.635959664 -52.6447300481 174.705917926
v -45.3014200254 -52.6447300481 179.265589382
v -40.8709461539 -41.8218245188 -174.288101074
v -30.635959664 -46.3491023029 -178.815378858
v -30.635959664 -31.5868380289 -182.068815881
v -41.7495908091 -31.5868380289 -175.166745729
v -45.2720980579 -46.2229764227 -164.053114584
v -49.1143475998 -50.0652259647 -161.473610501
v -40.1208992504 -41.0717776152 184.446110157
v -30.635959664 -48.2090167085 177.308871063
v -30.635959664 -31.5868380289 181.152669763
v -38.1040393206 -31.5868380289 186.462970087
v -50.7958921684 -31.5868380289 193.931049743
v -51.56626144 -31.5868380289 194.058639986
v -31.6968304964 -11.589816842 -186.171877436
v -30.635959664 -13.0812694822 -187.663330076
v -30.635959664 -10.5289460096 -187.922306343
v -31.7335750852 -10.5289460096 -186.208622025
v -32.6472814257 -10.5289460096 -185.111006604
v -32.2978685549 -12.1908549005 -185.111006604
v -30.635959664 -17.1043230941 -185.111006604
v -44.2573203329 -24.1503066785 -177.674475253
v -30.635959664 -29.6198769675 -183.144045542
v -45.2293323519 -10.5289460096 -178.646487272
v -34.4667899234 -14.359776269 190.100219484
v -30.635959664 -18.6244316439 185.835564109
v -30.635959664 -10.5289460096 186.175566442
v -34.2654068862 -10.5289460096 190.301602521
v -37.6402954959 -10.5289460096 193.931049743
v -49.6057831211 -29.4987694667 193.931049743
v -51.5265875692 -31.4195739148 194.098313857
v -49.01196622 -10.5289460096 196.612935206
v -31.7335750852 9.43133058852 -186.208622025
v -30.635959664 7.71764626997 -187.922306343
v -30.635959664 10.5289460096 -187.922306343
v -31.7335750852 10.5289460096 -186.208622025
v -32.6472814257 10.5289460096 -185.111006604
v -32.6472814257 8.51762424796 -185.111006604
v -45.2293323519 -4.06442667823 -178.646487272
v -45.2293323519 10.5289460096 -178.646487272
v -34.2654068862 6.89949878746 190.301602521
v -30.635959664 2.77346270807 186.175566442
v -30.635959664 10.5289460096 186.175566442
v -34.2654068862 10.5289460096 190.301602521
v -37.6402954959 10.5289460096 193.931049743
v -37.6402954959 3.5246101778 193.931049743
v -49.01196622 -7.84706054636 196.612935206
v -49.01196622 10.5289460096 196.612935206
v -30.635959664 17.1043230941 -185.111006604
v -42.8362358966 19.3865617964 -176.253390817
v -30.635959664 31.5868380289 -182.068815881
v -41.7495908091 31.5868380289 -175.166745729
v -37.7908633426 24.4319343503 186.776146065
v -30.635959664 19.1565338998 181.500745614
v -30.635959664 31.5868380289 181.152669763
v -38.1040393206 31.5868380289 186.462970087
v -50.7958921684 31.5868380289 193.931049743
v -42.2579188972 19.9648787957 193.931049743
v -49.5879651957 12.6348324973 196.036936231
v -51.56626144 31.5868380289 194.058639986
v -33.8408514935 49.4398382187 -167.258006414
v -30.635959664 42.3789752076 -174.318869425
v -30.635959664 52.6447300481 -169.814480354
v -33.4128686633 52.6447300481 -166.830023583
v -36.2791689293 52.6447300481 -164.053114584
v -46.8370170398 52.6447300481 -159.196279941
v -43.3977169854 39.8829727267 181.169292422
v -30.635959664 35.5448921726 176.831211868
v -30.635959664 52.6447300481 174.705917926
v -45.3014200254 52.6447300481 179.265589382
v -51.3640239098 31.9166658024 193.931049743
v -51.614356871 31.6663328411 194.010544555
v -30.635959664 59.5153097383 -164.053114584
v -36.015257972 68.3233237594 -148.374520873
v -30.635959664 73.7026220674 -149.568970487
v -34.1449806682 73.7026220674 -146.504243569
v -38.2875540933 73.7026220674 -142.995222565
v -47.5308668317 73.7026220674 -138.832237713
v -40.353823133 63.9847585984 163.155294255
v -30.635959664 59.6892814676 158.859817124
v -30.635959664 73.7026220674 157.144282546
v -42.1065322983 73.7026220674 161.40258509
v -41.8367029326 62.5018787988 172.873157724
v -30.635959664 56.0436163764 172.873157724
v -30.635959664 53.3796735605 173.608101236
v -48.7059917109 55.6325900206 175.861017696
v -30.635959664 81.2144575261 -142.995222565
v -30.635959664 88.6024657776 -128.095378855
v -32.8329782952 92.5634954555 -121.937330546
v -30.635959664 93.6037842823 -121.937330546
v -30.635959664 94.7605140867 -118.306692388
v -42.0487943121 94.7605140867 -112.292273174
v -42.2310126911 83.1654610596 140.220212678
v -30.635959664 79.6614394255 136.716191043
v -30.635959664 94.7605140867 133.383395942
v -46.0827650819 94.7605140867 136.368460287
v -42.5731113892 82.8233623615 151.815265705
v -30.635959664 78.6823285275 151.815265705
v -30.635959664 75.098367825 153.211011462
v -48.5557255541 76.8407481966 154.953391834
v -42.8956631633 103.558702607 -100.879438526
v -30.635959664 111.033287713 -100.879438526
v -30.635959664 113.98763878 -81.6523138327
v -37.1832316108 109.271134159 -86.368818454
v -31.9230912537 114.531274516 -79.8215465072
v -30.635959664 115.058860152 -79.8215465072
v -30.635959664 115.818406106 -66.7114286476
v -35.6926785694 115.818406106 -63.8203733933
v -44.8658245593 115.818406106 -58.763654488
v -48.4508657761 115.818406106 -55.5206685807
v -42.8018780834 103.652487687 97.5335632468
v -30.635959664 100.664096207 94.5451717671
v -30.635959664 115.818406106 89.7584406538
v -50.1598158355 115.818406106 90.1756254947
v -40.7649609639 105.689404806 109.699481666
v -30.635959664 102.641007269 109.699481666
v -30.635959664 97.3931243078 112.332091887
v -47.3779996329 99.0763661371 114.015333717
v -48.6069189585 97.8474468115 130.757373685
v -30.635959664 96.0896698679 130.757373685
v -30.635959664 95.2616604799 131.258520079
v -50.4615536874 95.9928120825 131.989671681
v -30.635959664 117.101932936 -58.763654488
v -30.635959664 117.632200652 -56.9498599422
v -50.5727912162 116.939466573 -37.7057624687
v -30.635959664 120.008949192 -37.7057624687
v -30.635959664 120.020602589 -33.5035659853
v -50.5691044938 116.943153295 -36.5810152792
v -50.4791549305 117.033102859 -16.6478704494
v -30.635959664 120.058355621 -16.6478704494
v -30.635959664 119.104776204 -13.3615003514
v -50.788953207 116.723304582 -15.7429719732
v -50.4728507982 117.039406991 4.41002156982
v -30.635959664 118.156770958 4.41002156982
v -30.635959664 117.261178271 5.85279373465
v -50.9573312905 116.554926499 5.14654196259
v -49.2831663132 118.229091476 25.4679135891
v -30.635959664 117.45065519 25.4679135891
v -30.635959664 116.683346616 26.3328540995
v -50.3918859628 117.120371826 26.7698793096
v -48.5962379789 118.91601981 46.5258056083
v -30.635959664 117.83163557 46.5258056083
v -30.635959664 116.830408602 47.5378081045
v -50.0913775985 117.420880191 48.1282796931
v -49.3423958105 118.169861979 67.5836976276
v -30.635959664 117.507617133 67.5836976276
v -30.635959664 116.659116011 68.4244075323
v -50.5030958296 117.00916196 68.7744534812
v -51.3791076671 116.133150122 88.6415896469
v -30.635959664 116.043727887 88.6415896469
v -30.635959664 115.930073051 88.7532565915
v -51.5375296227 115.974728167 88.7979117074
v -11.179029439 -117.4193679 -60.3646162821
v -9.57806764478 -117.891323862 -60.8365722445
v -9.57806764478 -115.818406106 -75.7368250485
v -22.0414303214 -115.818406106 -71.2270171646
v -12.4082178296 -118.648556291 -58.763654488
v -9.57806764478 -119.595030901 -58.763654488
v -14.3183894839 -120.558727945 -42.4460843078
v -9.57806764478 -121.929831525 -43.8171878875
v -15.8255754473 -122.065913908 -37.7057624687
v -9.57806764478 -123.881955886 -37.7057624687
v -15.8443635706 -122.084702032 -22.9141663752
v -9.57806764478 -123.903224086 -24.7326884294
v -15.8596396802 -122.099978141 -16.6478704494
v -9.57806764478 -123.921387525 -16.6478704494
v -14.122195322 -120.362533783 -0.134106107354
v -9.57806764478 -121.887059975 -1.6586322988
v -13.1145907725 -119.354929234 4.41002156982
v -9.57806764478 -120.478639338 4.41002156982
v -11.9382293856 -118.178567847 23.1077518482
v -9.57806764478 -118.996289374 22.2900303206
v -11.0349382091 -117.27527667 25.4679135891
v -9.57806764478 -117.692251344 25.4679135891
v -12.0704432952 -118.310781756 44.0334299579
v -9.57806764478 -118.976381273 43.367830441
v -10.9268703501 -117.167208811 46.5258056083
v -9.57806764478 -117.447647279 46.5258056083
v -11.9086056325 -118.148944094 65.2531596399
v -9.57806764478 -118.604645665 64.7974580685
v -10.7593618442 -116.999700305 67.5836976276
v -9.57806764478 -117.176530962 67.5836976276
v -9.60395706673 -115.844295528 88.6157002249
v -9.57806764478 -115.848432246 88.6115635066
v -9.59041982094 -115.830758282 88.6415896469
v -9.57806764478 -115.832200366 88.6415896469
v -9.57806764478 -115.818406106 88.7079062366
v -29.477465121 -115.818406106 89.8000841899
v -11.119229682 -96.3016761238 -123.478492583
v -9.57806764478 -96.944210067 -124.121026526
v -9.57806764478 -94.7605140867 -127.323290583
v -12.8876330396 -94.7605140867 -125.246895941
v -19.0249556791 -94.7605140867 -121.937330546
v -13.495881005 -98.6783274469 -121.937330546
v -9.57806764478 -100.418350415 -121.937330546
v -23.6467575933 -108.829204035 -114.948128475
v -9.57806764478 -110.846486465 -116.965410905
v -28.0569051443 -94.7605140867 -119.358276026
v -27.1703132555 -112.352759697 -100.879438526
v -9.57806764478 -113.444207512 -100.879438526
v -28.870279491 -114.052725933 -99.1137583534
v -9.57806764478 -114.644521839 -99.7055542596
v -30.0298531484 -115.21229959 -79.8215465072
v -9.57806764478 -115.602841948 -79.8215465072
v -30.22620395 -115.408650392 -79.4117907932
v -9.57806764478 -115.673570853 -79.6767112543
v -14.8918899671 -100.074336409 109.699481666
v -9.57806764478 -100.229551403 109.699481666
v -9.88106584842 -95.0635122903 130.454375482
v -9.57806764478 -95.0752890687 130.442598703
v -9.65126088861 -94.8337073305 130.757373685
v -9.57806764478 -94.8382896997 130.757373685
v -9.57806764478 -94.7605140867 130.901776664
v -28.1579601444 -94.7605140867 133.235373205
v -18.9812174893 -83.1057719119 -152.398372409
v -9.57806764478 -86.1966677109 -155.489268208
v -9.57806764478 -73.7026220674 -159.421080765
v -20.9175558897 -73.7026220674 -154.33471081
v -21.9546030069 -86.0791574295 -142.995222565
v -9.57806764478 -88.9554032375 -142.995222565
v -27.1794564097 -91.3040108323 -139.538719311
v -9.57806764478 -92.7328036656 -140.967512144
v -29.7290164517 -93.8535708743 -121.937330546
v -30.1670563335 -94.2916107561 -121.468427215
v -10.7685667858 -74.8931212084 151.815265705
v -9.57806764478 -74.8211053412 151.815265705
v -9.57806764478 -73.7026220674 152.894729896
v -26.0389241374 -73.7026220674 156.412301231
v -19.4355736503 -62.5022360536 -173.91062059
v -9.57806764478 -66.6137266197 -178.022111156
v -9.57806764478 -52.6447300481 -181.560585371
v -20.8563076833 -52.6447300481 -175.331354623
v -22.154403135 -65.2210655384 -164.053114584
v -9.57806764478 -69.8784123709 -164.053114584
v -27.487634595 -70.5542969983 -160.904789515
v -9.57806764478 -72.5512091347 -162.901701652
v -16.9154796701 -59.9821420734 165.535745699
v -9.57806764478 -68.1082035565 157.409684216
v -9.57806764478 -52.6447300481 161.730257665
v -15.1570192284 -52.6447300481 167.29420614
v -19.78894261 -52.6447300481 172.873157724
v -29.0106151116 -52.6447300481 174.498502276
v -14.7347542423 -36.7435246264 -190.267693201
v -9.57806764478 -42.1093458931 -195.633514468
v -9.57806764478 -31.5868380289 -199.109301133
v -15.5170483506 -31.5868380289 -191.049987309
v -21.4528369286 -31.5868380289 -185.111006604
v -16.7089347656 -38.7177051497 -185.111006604
v -9.57806764478 -46.0421060938 -185.111006604
v -25.856331019 -47.8651014031 -180.331377958
v -9.57806764478 -51.2916229032 -183.757899459
v -28.4427290509 -31.5868380289 -182.91777599
v -9.57806764478 -34.151084526 172.873157724
v -9.57806764478 -31.5868380289 173.327066613
v -27.5950130969 -49.6037834811 175.914104291
v -24.5147706555 -31.5868380289 178.994346732
v -19.6412862699 -20.5921646348 -195.174225229
v -9.57806764478 -27.8399984104 -202.422059004
v -9.57806764478 -10.5289460096 -204.574441158
v -20.2239448796 -10.5289460096 -195.756883838
v -25.3885302486 -26.3394086134 -185.111006604
v -29.1134393781 -30.064317743 -183.588486318
v -22.6688540002 -23.6197323651 180.840263388
v -9.57806764478 -30.9197165283 173.540279224
v -9.57806764478 -10.5289460096 173.807753685
v -22.3253701936 -10.5289460096 181.183747194
v -20.2239448796 -0.116931225199 -195.756883838
v -9.57806764478 -8.93448854511 -204.574441158
v -9.57806764478 10.5289460096 -204.574441158
v -20.2239448796 10.5289460096 -195.756883838
v -22.3253701936 -2.21835653917 181.183747194
v -9.57806764478 -9.59435004891 173.807753685
v -9.57806764478 10.5289460096 173.807753685
v -22.3253701936 10.5289460096 181.183747194
v -16.0004005691 25.1645051046 -191.533339528
v -9.57806764478 13.9041819656 -202.793662667
v -9.57806764478 31.5868380289 -199.109301133
v -15.5170483506 31.5868380289 -191.049987309
v -21.4528369286 31.5868380289 -185.111006604
v -28.4427290509 31.5868380289 -182.91777599
v -24.2118152221 16.9530904516 179.297302166
v -9.57806764478 11.1675214155 173.51173313
v -9.57806764478 31.5868380289 173.327066613
v -24.5147706555 31.5868380289 178.994346732
v -9.57806764478 46.0421060938 -185.111006604
v -25.253776665 36.969021028 -179.728823604
v -9.57806764478 52.6447300481 -181.560585371
v -20.8563076833 52.6447300481 -175.331354623
v -15.7420655022 46.4807321907 166.709159866
v -9.57806764478 38.5370628485 158.765490524
v -9.57806764478 52.6447300481 161.730257665
v -15.1570192284 52.6447300481 167.29420614
v -19.78894261 52.6447300481 172.873157724
v -15.4613212365 46.7614764564 172.873157724
v -9.57806764478 34.151084526 172.873157724
v -9.57806764478 31.8142456158 173.100565311
v -27.0813724332 35.1414252597 176.427744955
v -29.0106151116 52.6447300481 174.498502276
v -18.097294954 65.1833947582 -164.053114584
v -9.57806764478 69.8784123709 -164.053114584
v -9.57806764478 73.7026220674 -159.421080765
v -20.9175558897 73.7026220674 -154.33471081
v -24.4666053273 58.8140843849 157.984620041
v -9.57806764478 55.1148623474 154.285398004
v -9.57806764478 73.7026220674 152.894729896
v -26.0389241374 73.7026220674 156.412301231
v -27.7525379732 55.528151739 172.873157724
v -29.9035695181 53.3771201941 173.60554787
v -19.9923424237 84.3462393077 -142.995222565
v -9.57806764478 88.9554032375 -142.995222565
v -9.57806764478 94.7605140867 -127.323290583
v -12.8876330396 94.7605140867 -125.246895941
v -19.0249556791 94.7605140867 -121.937330546
v -28.0569051443 94.7605140867 -119.358276026
v -24.9551265519 79.3834551796 136.438206798
v -9.57806764478 76.7096026725 133.76435429
v -9.57806764478 94.7605140867 130.901776664
v -28.1579601444 94.7605140867 133.235373205
v -25.9028791419 78.4357025895 151.815265705
v -9.57806764478 74.8211053412 151.815265705
v -9.57806764478 73.9944528414 152.107096479
v -29.2099655176 75.1286162138 153.241259851
v -9.57806764478 100.418350415 -121.937330546
v -9.57806764478 104.697935727 -111.999908905
v -12.9354981676 112.460975583 -100.879438526
v -9.57806764478 113.444207512 -100.879438526
v -9.57806764478 115.359825189 -80.2801274245
v -10.2553180414 115.141155709 -80.4987969038
v -9.8495153744 115.546958376 -79.8215465072
v -9.57806764478 115.602841948 -79.8215465072
v -9.57806764478 115.818406106 -75.7368250485
v -22.0414303214 115.818406106 -71.2270171646
v -24.5665767982 100.829896953 94.7109725127
v -9.57806764478 98.7315388172 92.6126143774
v -9.57806764478 115.818406106 88.7079062366
v -29.477465121 115.818406106 89.8000841899
v -22.5637190431 102.832754708 109.699481666
v -9.57806764478 100.229551403 109.699481666
v -9.57806764478 96.4228129308 111.36178051
v -27.859729935 97.5367438157 112.475711395
v -29.2288626628 96.1676110879 130.757373685
v -9.57806764478 94.8382896997 130.757373685
v -9.57806764478 94.7885776972 130.785437296
v -30.1068100036 95.2896637471 131.286523346
v -28.8731676448 117.581198125 -58.763654488
v -9.57806764478 119.595030901 -58.763654488
v -9.57806764478 121.063062014 -53.5189985796
v -28.0717920337 118.382573736 -56.1994868576
v -24.9997539624 121.454611808 -37.7057624687
v -9.57806764478 123.881955886 -37.7057624687
v -9.57806764478 123.90010131 -29.6240672644
v -24.98469525 121.46967052 -32.0544980546
v -24.9383242234 121.516041547 -16.6478704494
v -9.57806764478 123.921387525 -16.6478704494
v -9.57806764478 122.24320521 -10.2230713458
v -26.2856291347 120.168736635 -12.2975399201
v -27.4861530252 118.968212745 4.41002156982
v -9.57806764478 120.478639338 4.41002156982
v -9.57806764478 118.66309864 7.25471410423
v -28.7798658618 117.674499908 6.2661153721
v -28.5419029612 117.912462809 25.4679135891
v -9.57806764478 117.692251344 25.4679135891
v -9.57806764478 116.752701349 26.4022088318
v -29.5858233558 116.868542414 26.5180498974
v -28.221072856 118.233292914 46.5258056083
v -9.57806764478 117.447647279 46.5258056083
v -9.57806764478 116.587598399 47.2949979013
v -29.4709828907 116.983382879 47.6907823817
v -28.7012871779 117.753078592 67.5836976276
v -9.57806764478 117.176530962 67.5836976276
v -9.57806764478 116.464396222 68.229687744
v -29.7013936077 116.752972162 68.5182636839
v -30.3846290836 116.069736686 88.6415896469
v -9.57806764478 115.832200366 88.6415896469
v -9.57806764478 115.825035789 88.6482193301
v -30.5144549044 115.939910866 88.7630944065
v 9.40690661798 -117.891323862 -60.8365722445
v 11.4798243745 -117.891323862 -60.8365722445
v 11.4798243745 -115.818406106 -75.7368250485
v -5.49334618605 -115.818406106 -75.7368250485
v 7.70319957919 -119.595030901 -58.763654488
v 11.4798243745 -119.595030901 -58.763654488
v 5.36839895572 -121.929831525 -43.8171878875
v 11.4798243745 -121.929831525 -43.8171878875
v 3.41627459393 -123.881955886 -37.7057624687
v 11.4798243745 -123.881955886 -37.7057624687
v 3.3950063945 -123.903224086 -24.7326884294
v 11.4798243745 -123.903224086 -24.7326884294
v 3.3768429552 -123.921387525 -16.6478704494
v 11.4798243745 -123.921387525 -16.6478704494
v 5.41117050586 -121.887059975 -1.6586322988
v 11.4798243745 -121.887059975 -1.6586322988
v 6.81959114257 -120.478639338 4.41002156982
v 11.4798243745 -120.478639338 4.41002156982
v 8.30194110599 -118.996289374 22.2900303206
v 11.4798243745 -118.996289374 22.2900303206
v 9.60597913593 -117.692251344 25.4679135891
v 11.4798243745 -117.692251344 25.4679135891
v 8.32184920716 -118.976381273 43.367830441
v 11.4798243745 -118.976381273 43.367830441
v 9.85058320136 -117.447647279 46.5258056083
v 11.4798243745 -117.447647279 46.5258056083
v 8.69358481539 -118.604645665 64.7974580685
v 11.4798243745 -118.604645665 64.7974580685
v 10.1216995189 -117.176530962 67.5836976276
v 11.4798243745 -117.176530962 67.5836976276
v 11.4497982342 -115.848432246 88.6115635066
v 11.4798243745 -115.848432246 88.6115635066
v 11.4660301142 -115.832200366 88.6415896469
v 11.4798243745 -115.832200366 88.6415896469
v 11.4798243745 -115.818406106 88.7079062366
v -9.51175105503 -115.818406106 88.7079062366
v 9.29612839411 -96.944210067 -124.121026526
v 11.4798243745 -96.944210067 -124.121026526
v 11.4798243745 -94.7605140867 -127.323290583
v 6.09386433732 -94.7605140867 -127.323290583
v 5.82198804617 -100.418350415 -121.937330546
v 11.4798243745 -100.418350415 -121.937330546
v -4.60614800402 -110.846486465 -116.965410905
v 11.4798243745 -110.846486465 -116.965410905
v -7.20386905052 -113.444207512 -100.879438526
v 11.4798243745 -113.444207512 -100.879438526
v -8.40418337787 -114.644521839 -99.7055542596
v 11.4798243745 -114.644521839 -99.7055542596
v -9.36250348655 -115.602841948 -79.8215465072
v 11.4798243745 -115.602841948 -79.8215465072
v -9.43323239184 -115.673570853 -79.6767112543
v 11.4798243745 -115.673570853 -79.6767112543
v 6.01078705863 -100.229551403 109.699481666
v 11.4798243745 -100.229551403 109.699481666
v 11.1650493924 -95.0752890687 130.442598703
v 11.4798243745 -95.0752890687 130.442598703
v 11.4020487614 -94.8382896997 130.757373685
v 11.4798243745 -94.8382896997 130.757373685
v 11.4798243745 -94.7605140867 130.901776664
v -9.4336646662 -94.7605140867 130.901776664
v -1.01422126901 -86.1966677109 -155.489268208
v 11.4798243745 -86.1966677109 -155.489268208
v 11.4798243745 -73.7026220674 -159.421080765
v -4.94603382546 -73.7026220674 -159.421080765
v -3.77295679566 -88.9554032375 -142.995222565
v 11.4798243745 -88.9554032375 -142.995222565
v -7.55035722375 -92.7328036656 -140.967512144
v 11.4798243745 -92.7328036656 -140.967512144
v 10.3613411006 -74.8211053412 151.815265705
v 11.4798243745 -74.8211053412 151.815265705
v 11.4798243745 -73.7026220674 152.894729896
v -8.49860345333 -73.7026220674 152.894729896
v -2.48917219704 -66.6137266197 -178.022111156
v 11.4798243745 -66.6137266197 -178.022111156
v 11.4798243745 -52.6447300481 -181.560585371
v -6.02764641255 -52.6447300481 -181.560585371
v -5.75385794831 -69.8784123709 -164.053114584
v 11.4798243745 -69.8784123709 -164.053114584
v -8.4266547121 -72.5512091347 -162.901701652
v 11.4798243745 -72.5512091347 -162.901701652
v -3.98364913391 -68.1082035565 157.409684216
v 11.4798243745 -68.1082035565 157.409684216
v 11.4798243745 -52.6447300481 161.730257665
v 0.336924315934 -52.6447300481 161.730257665
v 0.957316510302 -42.1093458931 -195.633514468
v 11.4798243745 -42.1093458931 -195.633514468
v 11.4798243745 -31.5868380289 -199.109301133
v -2.51847015539 -31.5868380289 -199.109301133
v -2.97544369046 -46.0421060938 -185.111006604
v 11.4798243745 -46.0421060938 -185.111006604
v -8.22496049986 -51.2916229032 -183.757899459
v 11.4798243745 -51.2916229032 -183.757899459
v 8.9155778774 -34.151084526 172.873157724
v 11.4798243745 -34.151084526 172.873157724
v 11.4798243745 -31.5868380289 173.327066613
v -9.12415875527 -31.5868380289 173.327066613
v -5.83122802627 -27.8399984104 -202.422059004
v 11.4798243745 -27.8399984104 -202.422059004
v 11.4798243745 -10.5289460096 -204.574441158
v -7.98361018026 -10.5289460096 -204.574441158
v -8.9109461442 -30.9197165283 173.540279224
v 11.4798243745 -30.9197165283 173.540279224
v 11.4798243745 -10.5289460096 173.807753685
v -8.64347168406 -10.5289460096 173.807753685
v -7.98361018026 -8.93448854511 -204.574441158
v 11.4798243745 -8.93448854511 -204.574441158
v 11.4798243745 10.5289460096 -204.574441158
v -7.98361018026 10.5289460096 -204.574441158
v -8.64347168406 -9.59435004891 173.807753685
v 11.4798243745 -9.59435004891 173.807753685
v 11.4798243745 10.5289460096 173.807753685
v -8.64347168406 10.5289460096 173.807753685
v -6.20283168882 13.9041819656 -202.793662667
v 11.4798243745 13.9041819656 -202.793662667
v 11.4798243745 31.5868380289 -199.109301133
v -2.51847015539 31.5868380289 -199.109301133
v -8.93949223888 11.1675214155 173.51173313
v 11.4798243745 11.1675214155 173.51173313
v 11.4798243745 31.5868380289 173.327066613
v -9.12415875527 31.5868380289 173.327066613
v 4.87720042016 46.0421060938 -185.111006604
v 11.4798243745 46.0421060938 -185.111006604
v 11.4798243745 52.6447300481 -181.560585371
v -6.02764641255 52.6447300481 -181.560585371
v -2.62784282514 38.5370628485 158.765490524
v 11.4798243745 38.5370628485 158.765490524
v 11.4798243745 52.6447300481 161.730257665
v 0.336924315934 52.6447300481 161.730257665
v -7.01382114771 34.151084526 172.873157724
v 11.4798243745 34.151084526 172.873157724
v 11.4798243745 31.8142456158 173.100565311
v -9.35066005783 31.8142456158 173.100565311
v 7.655614678 69.8784123709 -164.053114584
v 11.4798243745 69.8784123709 -164.053114584
v 11.4798243745 73.7026220674 -159.421080765
v -4.94603382546 73.7026220674 -159.421080765
v -7.10793534557 55.1148623474 154.285398004
v 11.4798243745 55.1148623474 154.285398004
v 11.4798243745 73.7026220674 152.894729896
v -8.49860345333 73.7026220674 152.894729896
v 5.67471352535 88.9554032375 -142.995222565
v 11.4798243745 88.9554032375 -142.995222565
v 11.4798243745 94.7605140867 -127.323290583
v 6.09386433732 94.7605140867 -127.323290583
v -6.57108703973 76.7096026725 133.76435429
v 11.4798243745 76.7096026725 133.76435429
v 11.4798243745 94.7605140867 130.901776664
v -9.4336646662 94.7605140867 130.901776664
v -8.45958437095 74.8211053412 151.815265705
v 11.4798243745 74.8211053412 151.815265705
v 11.4798243745 73.9944528414 152.107096479
v -9.28623687077 73.9944528414 152.107096479
v -3.92023131648 100.418350415 -121.937330546
v 11.4798243745 100.418350415 -121.937330546
v 11.4798243745 104.697935727 -111.999908905
v 0.359353996002 104.697935727 -111.999908905
v 9.10562578021 113.444207512 -100.879438526
v 11.4798243745 113.444207512 -100.879438526
v 11.4798243745 115.359825189 -80.2801274245
v 11.0212434572 115.359825189 -80.2801274245
v 11.2642602162 115.602841948 -79.8215465072
v 11.4798243745 115.602841948 -79.8215465072
v 11.4798243745 115.818406106 -75.7368250485
v -5.49334618605 115.818406106 -75.7368250485
v -5.60704291427 98.7315388172 92.6126143774
v 11.4798243745 98.7315388172 92.6126143774
v 11.4798243745 115.818406106 88.7079062366
v -9.51175105503 115.818406106 88.7079062366
v -4.10903032893 100.229551403 109.699481666
v 11.4798243745 100.229551403 109.699481666
v 11.4798243745 96.4228129308 111.36178051
v -7.91576880067 96.4228129308 111.36178051
v -9.50029203175 94.8382896997 130.757373685
v 11.4798243745 94.8382896997 130.757373685
v 11.4798243745 94.7885776972 130.785437296
v -9.55000403428 94.7885776972 130.785437296
v -5.8014428495 119.595030901 -58.763654488
v 11.4798243745 119.595030901 -58.763654488
v 11.4798243745 121.063062014 -53.5189985796
v -4.33341173642 121.063062014 -53.5189985796
v -1.51451786423 123.881955886 -37.7057624687
v 11.4798243745 123.881955886 -37.7057624687
v 11.4798243745 123.90010131 -29.6240672644
v -1.49637244046 123.90010131 -29.6240672644
v -1.4750862255 123.921387525 -16.6478704494
v 11.4798243745 123.921387525 -16.6478704494
v 11.4798243745 122.24320521 -10.2230713458
v -3.15326854115 122.24320521 -10.2230713458
v -4.91783441288 120.478639338 4.41002156982
v 11.4798243745 120.478639338 4.41002156982
v 11.4798243745 118.66309864 7.25471410423
v -6.73337511038 118.66309864 7.25471410423
v -7.70422240624 117.692251344 25.4679135891
v 11.4798243745 117.692251344 25.4679135891
v 11.4798243745 116.752701349 26.4022088318
v -8.64377240204 116.752701349 26.4022088318
v -7.94882647167 117.447647279 46.5258056083
v 11.4798243745 117.447647279 46.5258056083
v 11.4798243745 116.587598399 47.2949979013
v -8.80887535184 116.587598399 47.2949979013
v -8.21994278918 117.176530962 67.5836976276
v 11.4798243745 117.176530962 67.5836976276
v 11.4798243745 116.464396222 68.229687744
v -8.93207752839 116.464396222 68.229687744
v -9.56427338447 115.832200366 88.6415896469
v 11.4798243745 115.832200366 88.6415896469
v 11.4798243745 115.825035789 88.6482193301
v -9.57143796157 115.825035789 88.6482193301
v 31.6184777495 -116.73764475 -59.6828931322
v 32.5377163937 -116.51866669 -59.4639150717
v 32.5377163937 -115.818406106 -66.7114286476
v 19.1733123686 -115.818406106 -72.1280585131
v 30.7749243745 -117.581198125 -58.763654488
v 32.5377163937 -117.101932936 -58.763654488
v 28.4508148978 -119.905307602 -41.7926639646
v 32.5377163937 -118.894916562 -40.7822729244
v 26.9015106921 -121.454611808 -37.7057624687
v 32.5377163937 -120.008949192 -37.7057624687
v 26.8552176543 -121.500904845 -22.3303691889
v 32.5377163937 -120.04662379 -20.8760881338
v 26.8400809531 -121.516041547 -16.6478704494
v 32.5377163937 -120.058355621 -16.6478704494
v 28.3185165518 -120.037605948 0.190821727843
v 32.5377163937 -118.88270587 1.34572180534
v 29.3879097549 -118.968212745 4.41002156982
v 32.5377163937 -118.156770958 4.41002156982
v 29.0145175703 -119.341604929 21.9447147657
v 32.5377163937 -118.448096384 22.8382233112
v 30.4436596909 -117.912462809 25.4679135891
v 32.5377163937 -117.45065519 25.4679135891
v 28.028026827 -120.328095673 42.0161160416
v 32.5377163937 -119.435163142 42.9090485724
v 30.1228295857 -118.233292914 46.5258056083
v 32.5377163937 -117.83163557 46.5258056083
v 28.6871700729 -119.668952427 63.7331513068
v 32.5377163937 -119.070157942 64.3319457917
v 30.6030439076 -117.753078592 67.5836976276
v 32.5377163937 -117.507617133 67.5836976276
v 31.9978130582 -116.358309441 88.1016863114
v 32.5377163937 -116.285486993 88.1745087597
v 32.2863858132 -116.069736686 88.6415896469
v 32.5377163937 -116.043727887 88.6415896469
v 32.5377163937 -115.818406106 89.7584406538
v 11.5436312463 -115.818406106 88.7053965186
v 20.9267124088 -94.7605140867 -121.937330546
v 18.1279776381 -109.170252842 -115.289177282
v 32.5377163937 -106.851960391 -112.97088483
v 32.5377163937 -94.7605140867 -118.306692388
v 14.8372548973 -112.460975583 -100.879438526
v 32.5377163937 -111.033287713 -100.879438526
v 12.9406178277 -114.357612653 -99.4186450732
v 32.5377163937 -113.637043581 -98.698076002
v 11.7512721041 -115.546958376 -79.8215465072
v 32.5377163937 -115.058860152 -79.8215465072
v 11.6547897155 -115.643440765 -79.6465811662
v 32.5377163937 -115.324709901 -79.3278503023
v 24.4654757728 -102.832754708 109.699481666
v 32.5377163937 -102.641007269 109.699481666
v 27.7644783991 -99.5337520813 125.984135691
v 32.5377163937 -99.3924168598 126.125470912
v 31.1306193925 -96.1676110879 130.757373685
v 32.5377163937 -96.0896698679 130.757373685
v 32.5377163937 -94.7605140867 133.383395942
v 11.63401002 -94.7605140867 130.911559331
v 24.9139977231 -81.3263407381 -150.618941236
v 32.5377163937 -78.732629144 -148.025229642
v 32.5377163937 -73.7026220674 -149.568970487
v 20.3300531732 -73.7026220674 -155.202885786
v 21.8940991534 -84.3462393077 -142.995222565
v 32.5377163937 -81.2144575261 -142.995222565
v 14.0269805542 -92.213357907 -140.448066385
v 32.5377163937 -90.5004819132 -138.735190392
v 32.5377163937 -93.6037842823 -121.937330546
v 32.5377163937 -94.2096568759 -121.386473335
v 27.8046358716 -78.4357025895 151.815265705
v 32.5377163937 -78.6823285275 151.815265705
v 32.5377163937 -73.7026220674 157.144282546
v 12.7752488445 -73.7026220674 153.110690175
v 24.2920481973 -60.8903982446 -172.298782781
v 32.5377163937 -57.346228606 -168.754613142
v 32.5377163937 -52.6447300481 -169.814480354
v 19.5464655848 -52.6447300481 -177.044365393
v 19.9990516837 -65.1833947582 -164.053114584
v 32.5377163937 -59.5153097383 -164.053114584
v 12.9410980899 -72.241348352 -162.591840869
v 32.5377163937 -69.812069666 -160.162562183
v 21.6906993397 -52.6447300481 172.873157724
v 29.6542947029 -55.528151739 172.873157724
v 32.5377163937 -56.0436163764 172.873157724
v 32.5377163937 -52.6447300481 174.705917926
v 23.3545936583 -31.5868380289 -185.111006604
v 13.3896167243 -50.7349376983 -183.201214254
v 32.5377163937 -46.3491023029 -178.815378858
v 32.5377163937 -31.5868380289 -182.068815881
v 17.3630779662 -46.7614764564 172.873157724
v 32.5377163937 -31.5868380289 181.152669763
v 32.5377163937 -48.2090167085 177.308871063
v 12.1886034451 -31.5868380289 173.581936795
v 23.8945344412 -19.1721279622 -193.754188556
v 32.5377163937 -13.0812694822 -187.663330076
v 32.5377163937 -10.5289460096 -187.922306343
v 18.8960416219 -10.5289460096 -198.752681375
v 32.5377163937 -17.1043230941 -185.111006604
v 32.5377163937 -29.6198769675 -183.144045542
v 13.14873889 -29.9179235134 174.542072239
v 32.5377163937 -18.6244316439 185.835564109
v 32.5377163937 -10.5289460096 186.175566442
v 13.7727052607 -10.5289460096 175.16603861
v 18.8960416219 -3.11272876222 -198.752681375
v 32.5377163937 7.71764626997 -187.922306343
v 32.5377163937 10.5289460096 -187.922306343
v 18.8960416219 10.5289460096 -198.752681375
v 13.7727052607 -8.23606512338 175.16603861
v 32.5377163937 2.77346270807 186.175566442
v 32.5377163937 10.5289460096 186.175566442
v 13.7727052607 10.5289460096 175.16603861
v 23.3545936583 31.5868380289 -185.111006604
v 27.2902869783 26.3394086134 -185.111006604
v 32.5377163937 17.1043230941 -185.111006604
v 32.5377163937 31.5868380289 -182.068815881
v 12.4719673486 11.5210889838 173.865300698
v 32.5377163937 19.1565338998 181.500745614
v 32.5377163937 31.5868380289 181.152669763
v 12.1886034451 31.5868380289 173.581936795
v 18.6106914953 38.7177051497 -185.111006604
v 32.5377163937 42.3789752076 -174.318869425
v 32.5377163937 52.6447300481 -169.814480354
v 19.5464655848 52.6447300481 -177.044365393
v 21.6906993397 52.6447300481 172.873157724
v 11.7386280832 31.8456417376 173.131961433
v 32.5377163937 35.5448921726 176.831211868
v 32.5377163937 52.6447300481 174.705917926
v 24.0561598647 65.2210655384 -164.053114584
v 32.5377163937 59.5153097383 -164.053114584
v 32.5377163937 73.7026220674 -149.568970487
v 20.3300531732 73.7026220674 -155.202885786
v 14.4034232839 55.5683289575 154.738864614
v 32.5377163937 59.6892814676 158.859817124
v 32.5377163937 73.7026220674 157.144282546
v 12.7752488445 73.7026220674 153.110690175
v 32.5377163937 56.0436163764 172.873157724
v 32.5377163937 53.3796735605 173.608101236
v 23.8563597366 86.0791574295 -142.995222565
v 32.5377163937 81.2144575261 -142.995222565
v 32.5377163937 88.6024657776 -128.095378855
v 29.621264415 91.8440621079 -124.853782524
v 20.9267124088 94.7605140867 -121.937330546
v 31.6307731814 93.8535708743 -121.937330546
v 32.5377163937 93.6037842823 -121.937330546
v 32.5377163937 94.7605140867 -118.306692388
v 14.6610160732 76.8838137661 133.938565384
v 32.5377163937 79.6614394255 136.716191043
v 32.5377163937 94.7605140867 133.383395942
v 11.63401002 94.7605140867 130.911559331
v 12.6703235155 74.8931212084 151.815265705
v 32.5377163937 78.6823285275 151.815265705
v 32.5377163937 75.098367825 153.211011462
v 11.7651151816 73.9879128745 152.100556512
v 15.3976377347 98.6783274469 -121.937330546
v 19.1797018176 102.46039153 -114.237453103
v 29.0720699851 112.352759697 -100.879438526
v 32.5377163937 111.033287713 -100.879438526
v 32.5377163937 113.98763878 -81.6523138327
v 31.2749884752 114.555678187 -81.0842744257
v 31.9316098781 115.21229959 -79.8215465072
v 32.5377163937 115.058860152 -79.8215465072
v 32.5377163937 115.818406106 -66.7114286476
v 19.1733123686 115.818406106 -72.1280585131
v 15.3276547527 98.6083444649 92.4894200251
v 32.5377163937 100.664096207 94.5451717671
v 32.5377163937 115.818406106 89.7584406538
v 11.5436312463 115.818406106 88.7053965186
v 16.7936466968 100.074336409 109.699481666
v 32.5377163937 102.641007269 109.699481666
v 32.5377163937 97.3931243078 112.332091887
v 13.0511763538 96.331866066 111.270833645
v 11.5530176183 94.8337073305 130.757373685
v 32.5377163937 96.0896698679 130.757373685
v 32.5377163937 95.2616604799 131.258520079
v 11.5063685348 94.787058247 130.783917846
v 14.3099745593 118.648556291 -58.763654488
v 32.5377163937 117.101932936 -58.763654488
v 32.5377163937 117.632200652 -56.9498599422
v 15.3540185473 119.692600279 -54.8894603151
v 17.727332177 122.065913908 -37.7057624687
v 32.5377163937 120.008949192 -37.7057624687
v 32.5377163937 120.020602589 -33.5035659853
v 17.7425818771 122.081163609 -31.4430049661
v 17.7613964099 122.099978141 -16.6478704494
v 32.5377163937 120.058355621 -16.6478704494
v 32.5377163937 119.104776204 -13.3615003514
v 16.4853101016 120.823891833 -11.6423847224
v 15.0163475022 119.354929234 4.41002156982
v 32.5377163937 118.156770958 4.41002156982
v 32.5377163937 117.261178271 5.85279373465
v 13.7166958305 118.055277562 6.64689302584
v 12.9366949387 117.27527667 25.4679135891
v 32.5377163937 117.45065519 25.4679135891
v 32.5377163937 116.683346616 26.3328540995
v 12.2485679309 116.587149662 26.2366571455
v 12.8286270797 117.167208811 46.5258056083
v 32.5377163937 117.83163557 46.5258056083
v 32.5377163937 116.830408602 47.5378081045
v 12.1462721347 116.484853866 47.1922533686
v 12.6611185739 116.999700305 67.5836976276
v 32.5377163937 117.507617133 67.5836976276
v 32.5377163937 116.659116011 68.4244075323
v 12.0601036059 116.398685337 68.163976859
v 11.4921765506 115.830758282 88.6415896469
v 32.5377163937 116.043727887 88.6415896469
v 32.5377163937 115.930073051 88.7532565915
v 11.4859145699 115.824496301 88.6476798422
v 46.767581289 -115.818406106 -58.763654488
v 52.8105548035 -116.603459715 -38.4908160782
v 53.595608413 -116.264674989 -38.1520313514
v 53.595608413 -115.818406106 -49.3767821972
v 52.4745479459 -116.939466573 -37.7057624687
v 53.595608413 -116.419705372 -37.7057624687
v 52.3848753129 -117.029139206 -17.8586035495
v 53.595608413 -116.469159815 -17.2986241588
v 52.3809116602 -117.033102859 -16.6478704494
v 53.595608413 -116.470958004 -16.6478704494
v 51.9653437787 -117.44867074 2.77975693555
v 53.595608413 -116.702778099 3.52564957711
v 52.3746075279 -117.039406991 4.41002156982
v 53.595608413 -116.513375298 4.41002156982
v 49.8046245316 -119.609389987 21.6769297077
v 53.595608413 -118.103712909 23.1826067864
v 51.1849230429 -118.229091476 25.4679135891
v 53.595608413 -117.359343451 25.4679135891
v 48.2721862758 -121.141828243 41.2023834712
v 53.595608413 -119.424418246 42.9197934685
v 50.4979947085 -118.91601981 46.5258056083
v 53.595608413 -118.029652486 46.5258056083
v 49.2078028522 -120.206211667 63.1958920668
v 53.595608413 -119.016398403 64.3857053306
v 51.2441525402 -118.169861979 67.5836976276
v 53.595608413 -117.626831431 67.5836976276
v 52.9461507787 -116.46786374 87.9921320126
v 53.595608413 -116.307603317 88.1523924362
v 53.2808643968 -116.133150122 88.6415896469
v 53.595608413 -116.071597308 88.6415896469
v 53.595608413 -115.818406106 89.9268712525
v 33.4702313648 -115.818406106 89.574104618
v 48.9305560735 -99.4255664262 -105.544490866
v 53.595608413 -97.5171311459 -103.636055586
v 53.595608413 -94.7605140867 -105.087085787
v 42.9988971968 -94.7605140867 -111.476149743
v 44.797419893 -103.558702607 -100.879438526
v 53.595608413 -100.802971386 -100.879438526
v 36.0627590159 -112.293363484 -97.3543959043
v 53.595608413 -110.260786502 -95.3218189224
v 33.8248479834 -114.531274516 -79.8215465072
v 53.595608413 -113.480500186 -79.8215465072
v 33.2829138831 -115.073208617 -79.0763490179
v 53.595608413 -114.433870173 -78.4370105746
v 53.595608413 -115.596053625 -58.763654488
v 53.595608413 -115.640969164 -58.586217546
v 42.6667176936 -105.689404806 109.699481666
v 53.595608413 -104.692175284 109.699481666
v 44.788055069 -103.568067431 121.949820341
v 53.595608413 -102.614317096 122.903570676
v 50.5086756882 -97.8474468115 130.757373685
v 53.595608413 -97.4689197933 130.757373685
v 53.595608413 -94.7605140867 136.598829451
v 35.2934165392 -94.7605140867 133.513073831
v 40.1893108229 -73.7026220674 -142.995222565
v 39.6338035776 -87.6644269028 -135.899135381
v 53.595608413 -84.4414924113 -132.67620089
v 53.595608413 -73.7026220674 -136.034016398
v 34.7347350249 -92.5634954555 -121.937330546
v 53.595608413 -88.0031080369 -121.937330546
v 33.3280379794 -93.970192501 -121.14700896
v 53.595608413 -91.8844590511 -119.06127551
v 44.4748681189 -82.8233623615 151.815265705
v 53.595608413 -83.1100685372 151.815265705
v 53.595608413 -73.7026220674 163.549275386
v 39.6512514965 -73.7026220674 158.928800807
v 38.1809256589 -52.6447300481 -164.053114584
v 39.2119243734 -67.0284140877 -157.378906605
v 53.595608413 -62.9008365783 -153.251329095
v 53.595608413 -52.6447300481 -156.043810241
v 53.595608413 -68.0268693627 -142.995222565
v 53.595608413 -71.6393439929 -140.93194449
v 43.7384596623 -62.5018787988 172.873157724
v 53.595608413 -64.6457750141 172.873157724
v 53.595608413 -52.6447300481 180.468459934
v 34.8506674768 -52.6447300481 175.186108807
v 47.2451324285 -37.9373140134 -170.403590569
v 53.595608413 -34.7099982089 -167.176274764
v 53.595608413 -31.5868380289 -167.647131053
v 42.6109131025 -31.5868380289 -175.037809895
v 53.595608413 -37.8119926298 -164.053114584
v 53.595608413 -48.967280646 -160.375665182
v 52.6976488981 -31.5868380289 193.931049743
v 53.2657806395 -31.9166658024 193.931049743
v 53.595608413 -32.0117859707 193.931049743
v 53.595608413 -31.5868380289 194.067360191
v 34.5490381554 -10.5289460096 -185.111006604
v 36.6994507976 -27.425103625 -180.9492722
v 53.595608413 -19.6640101461 -173.188178721
v 53.595608413 -10.5289460096 -174.280328388
v 39.5420522256 -10.5289460096 193.931049743
v 44.1596756269 -19.9648787957 193.931049743
v 53.595608413 -10.5289460096 196.968643526
v 53.595608413 -31.393887011 194.124000761
v 34.5490381554 10.5289460096 -185.111006604
v 34.5490381554 -8.51762424796 -185.111006604
v 53.595608413 0.301732205587 -174.280328388
v 53.595608413 10.5289460096 -174.280328388
v 39.5420522256 10.5289460096 193.931049743
v 39.5420522256 -3.5246101778 193.931049743
v 53.595608413 10.5289460096 196.968643526
v 53.595608413 -7.49135222697 196.968643526
v 34.1996252846 12.1908549005 -185.111006604
v 53.595608413 27.3264156617 -168.313536951
v 53.595608413 31.5868380289 -167.647131053
v 42.6109131025 31.5868380289 -175.037809895
v 52.6976488981 31.5868380289 193.931049743
v 51.5075398508 29.4987694667 193.931049743
v 53.595608413 31.5868380289 194.067360191
v 53.595608413 12.7643198652 196.166423599
v 38.180925659 52.6447300481 -164.053114584
v 47.1738547876 46.2229764227 -164.053114584
v 53.595608413 37.8119926298 -164.053114584
v 53.595608413 52.6447300481 -156.043810241
v 37.3921925155 36.4413141506 177.727633846
v 53.595608413 41.2090312424 182.495350937
v 53.595608413 52.6447300481 180.468459934
v 34.8506674768 52.6447300481 175.186108807
v 53.595608413 32.0117859707 193.931049743
v 53.595608413 31.6653602591 194.009571973
v 36.2405620213 56.3475756757 -164.053114584
v 40.5080301761 60.6150438306 -156.082800802
v 40.1893108229 73.7026220674 -142.995222565
v 50.3801714188 70.4871850732 -142.995222565
v 53.595608413 68.0268693627 -142.995222565
v 53.595608413 73.7026220674 -136.034016398
v 41.6099131313 61.7169267858 160.887462442
v 53.595608413 66.0647515118 165.235287168
v 53.595608413 73.7026220674 163.549275386
v 39.6512514965 73.7026220674 158.928800807
v 37.2692107473 57.3762244017 172.873157724
v 53.595608413 64.6457750141 172.873157724
v 53.595608413 55.5863012376 175.814728913
v 33.2598790709 53.3668927253 173.595320401
v 37.3134714098 78.4783770835 -142.995222565
v 40.4052424122 81.5701480859 -135.127696547
v 49.5778504306 90.7427561043 -121.937330546
v 53.595608413 88.0031080369 -121.937330546
v 53.595608413 94.7605140867 -105.087085787
v 42.9988971968 94.7605140867 -111.476149743
v 38.7354512186 79.9003568923 136.95510851
v 53.595608413 83.4541361904 140.508887808
v 53.595608413 94.7605140867 136.598829451
v 35.2934165392 94.7605140867 133.513073831
v 37.7305844187 78.8954900924 151.815265705
v 53.595608413 83.1100685372 151.815265705
v 53.595608413 76.6572353723 154.76987901
v 33.8444112073 75.0093168809 153.121960518
v 46.3515390791 108.574336772 -100.879438526
v 53.595608413 100.802971386 -100.879438526
v 53.595608413 106.04822975 -89.5917228631
v 50.3432668614 112.566064554 -83.0738880588
v 52.1852685372 114.40806623 -79.8215465072
v 53.595608413 113.480500186 -79.8215465072
v 53.595608413 115.427024766 -59.1550358274
v 53.368862251 115.591659944 -58.99040065
v 46.767581289 115.818406106 -58.763654488
v 53.4495677071 115.6723654 -58.763654488
v 53.595608413 115.596053625 -58.763654488
v 53.595608413 115.818406106 -49.3767821972
v 37.6702610124 99.8930587053 93.7741342655
v 53.595608413 102.695517079 96.5765926396
v 53.595608413 115.818406106 89.9268712525
v 33.4702313648 115.818406106 89.574104618
v 39.507730533 101.730528226 109.699481666
v 53.595608413 104.692175284 109.699481666
v 53.595608413 98.5791669015 113.518134481
v 34.8403714531 97.0631691461 112.002136726
v 33.6900667064 95.9128643994 130.757373685
v 53.595608413 97.4689197933 130.757373685
v 53.595608413 95.8578866744 131.854746273
v 32.9821970373 95.2049947302 131.201854329
v 33.2751707002 116.555860412 -58.763654488
v 33.5265039951 116.807193707 -57.7748668866
v 34.9581572514 118.238846964 -37.7057624687
v 53.595608413 116.419705372 -37.7057624687
v 53.595608413 116.421370944 -37.1027976311
v 34.9642640468 118.244953759 -35.2792148156
v 34.9883838099 118.269073522 -16.6478704494
v 53.595608413 116.470958004 -16.6478704494
v 53.595608413 116.329944365 -16.1363321903
v 34.4960973081 117.77678702 -14.6894895351
v 33.9017682386 117.182457951 4.41002156982
v 53.595608413 116.513375298 4.41002156982
v 53.595608413 116.274426857 4.86604232108
v 33.4429991576 116.72368887 5.31530433368
v 33.5655873989 116.846277111 25.4679135891
v 53.595608413 117.359343451 25.4679135891
v 53.595608413 116.721970964 26.3714784474
v 33.1339495869 116.414639299 26.0641467823
v 33.9504625329 117.231152245 46.5258056083
v 53.595608413 118.029652486 46.5258056083
v 53.595608413 117.039524011 47.7469235131
v 33.3033529705 116.584042683 47.2914421851
v 33.8262967613 117.106986473 67.5836976276
v 53.595608413 117.626831431 67.5836976276
v 53.595608413 116.7842692 68.5495607219
v 33.2173834403 116.498073152 68.2633646741
v 32.7188205095 115.999510222 88.6415896469
v 53.595608413 116.071597308 88.6415896469
v 53.595608413 115.950362358 88.7735458993
v 32.6319465121 115.912636224 88.7358197652
v 73.303829645 -115.818406106 -37.7057624687
v 74.6107931963 -115.861113342 -16.6905776854
v 74.6535004323 -115.838247378 -16.6677117217
v 74.6535004323 -115.818406106 -27.2268850645
v 74.6106716598 -115.861234878 -16.6478704494
v 74.6535004323 -115.838287883 -16.6478704494
v 73.5684503334 -116.903456205 3.32497147094
v 74.6535004323 -116.335852541 3.89257513445
v 73.7990112096 -116.672895329 4.41002156982
v 74.6535004323 -116.245458644 4.41002156982
v 71.4117332292 -119.060173309 22.2261463861
v 74.6535004323 -117.540340509 23.7459791863
v 72.4307533759 -118.041153162 25.4679135891
v 74.6535004323 -117.069079724 25.4679135891
v 70.2898611483 -120.18204539 42.1621663244
v 74.6535004323 -118.40213037 43.9420813442
v 71.9319703872 -118.539936151 46.5258056083
v 74.6535004323 -117.530496601 46.5258056083
v 71.4910683574 -118.980838181 64.4212655527
v 74.6535004323 -117.825766996 65.576336738
v 72.8667297862 -117.605176752 67.5836976276
v 74.6535004323 -117.038489565 67.5836976276
v 74.6535004323 -115.818406106 82.1264525877
v 68.1974754382 -115.818406106 82.1855646528
v 61.2628620187 -115.818406106 88.6415896469
v 54.433905218 -115.818406106 89.4798864518
v 59.2254149498 -94.7605140867 -100.879438526
v 65.8200652257 -103.593949293 -88.6549817138
v 74.6535004323 -100.461261848 -85.5222942682
v 74.6535004323 -94.7605140867 -88.1575443159
v 60.4446617479 -108.969352771 -79.8215465072
v 74.6535004323 -106.187603739 -79.8215465072
v 56.4271774261 -112.986837093 -76.9899774941
v 74.6535004323 -111.320234985 -75.3233753866
v 54.0802737382 -115.333740781 -58.763654488
v 74.6535004323 -114.723354519 -58.763654488
v 53.9492192863 -115.464795233 -58.4100436147
v 74.6535004323 -115.01299718 -57.9582455625
v 74.6535004323 -115.787827509 -37.7057624687
v 74.6535004323 -115.787910104 -37.6752664668
v 74.6535004323 -113.697232403 88.6415896469
v 74.6535004323 -114.209596356 90.2503993967
v 62.4716946139 -106.942319905 109.699481666
v 74.6535004323 -104.589620322 109.699481666
v 64.6745991024 -104.739415417 120.778472356
v 74.6535004323 -102.443885488 123.074002284
v 70.8066309408 -98.6073835781 130.757373685
v 74.6535004323 -97.815135932 130.757373685
v 74.6535004323 -94.7605140867 137.806171029
v 58.8475020054 -94.7605140867 136.009267278
v 71.9012906212 -73.7026220674 -121.937330546
v 58.8325079425 -89.5236145572 -116.700431016
v 74.6535004323 -86.6481114555 -113.824927915
v 74.6535004323 -73.7026220674 -119.930853673
v 74.6535004323 -90.871539493 -100.879438526
v 74.6535004323 -92.7506389959 -98.8695634357
v 62.4206019245 -85.9355205752 151.815265705
v 74.6535004323 -85.1877781246 151.815265705
v 74.6535004323 -73.7026220674 168.198656529
v 67.7303356098 -73.7026220674 165.949992901
v 70.1771418693 -52.6447300481 -142.995222565
v 57.3531679566 -69.9450625238 -139.237663021
v 74.6535004323 -65.5477450897 -134.840345587
v 74.6535004323 -52.6447300481 -140.10779613
v 74.6535004323 -72.3964948693 -121.937330546
v 74.6535004323 -73.1295654482 -121.364273926
v 59.4146460809 -67.8835843995 172.873157724
v 74.6535004323 -69.6904384284 172.873157724
v 74.6535004323 -52.6447300481 185.517838457
v 62.6920412188 -52.6447300481 181.96959053
v 57.3598546114 -31.5868380289 -164.053114584
v 61.3676351909 -44.8727032703 -156.281087806
v 74.6535004323 -39.6478647398 -151.056249276
v 74.6535004323 -31.5868380289 -152.891178024
v 74.6535004323 -48.3355491664 -142.995222565
v 74.6535004323 -51.3230579572 -141.673550474
v 66.8017294427 -39.4386090184 193.931049743
v 74.6535004323 -40.9551550599 193.931049743
v 74.6535004323 -31.5868380289 197.351541711
v 53.7361300735 -31.5868380289 194.071571404
v 65.5873308675 -10.5289460096 -164.053114584
v 59.1157759223 -26.0666705196 -164.053114584
v 74.6535004323 -23.8461660836 -156.312442639
v 74.6535004323 -10.5289460096 -158.523311036
v 53.8186652468 -31.3637811951 194.154106577
v 74.6535004323 -26.6152113131 198.902676459
v 74.6535004323 -10.5289460096 201.525342713
v 57.034010117 -10.5289460096 197.369451447
v 65.5873308675 10.5289460096 -164.053114584
v 65.5873308675 1.4627764449 -164.053114584
v 74.6535004323 -4.99914246176 -158.523311036
v 74.6535004323 10.5289460096 -158.523311036
v 57.034010117 -7.09054430559 197.369451447
v 74.6535004323 -2.93465303944 201.525342713
v 74.6535004323 10.5289460096 201.525342713
v 57.034010117 10.5289460096 197.369451447
v 57.3598546114 31.5868380289 -164.053114584
v 63.021695668 19.9550332646 -164.053114584
v 74.6535004323 19.1342715864 -155.447789007
v 74.6535004323 31.5868380289 -152.891178024
v 55.8929217111 12.8262593077 196.228363041
v 74.6535004323 16.0338592629 199.435962996
v 74.6535004323 31.5868380289 197.351541711
v 53.7361300735 31.5868380289 194.071571404
v 56.3784228598 34.3696524757 -164.053114584
v 63.8780394436 41.8692690595 -153.770683554
v 70.1771418693 52.6447300481 -142.995222565
v 72.8607230736 50.8519526895 -142.995222565
v 74.6535004323 48.3355491664 -142.995222565
v 74.6535004323 52.6447300481 -140.10779613
v 64.7865281384 42.7777577543 184.064077449
v 74.6535004323 45.9066916389 187.193011334
v 74.6535004323 52.6447300481 185.517838457
v 62.6920412188 52.6447300481 181.96959053
v 54.164418813 32.1556484289 193.931049743
v 74.6535004323 40.9551550599 193.931049743
v 74.6535004323 33.524245694 195.868457408
v 53.6692626105 31.6604922263 194.004703941
v 63.7503695553 62.7994911904 -142.995222565
v 72.5267713804 71.5758930155 -124.064059598
v 71.9012906212 73.7026220674 -121.937330546
v 73.9793762575 73.0284978926 -121.937330546
v 74.6535004323 72.3964948693 -121.937330546
v 74.6535004323 73.7026220674 -119.930853673
v 69.1845628271 68.2336844623 167.404220119
v 74.6535004323 70.2584647236 169.42900038
v 74.6535004323 73.7026220674 168.198656529
v 67.7303356098 73.7026220674 165.949992901
v 67.9677899811 67.0169116163 172.873157724
v 74.6535004323 69.6904384284 172.873157724
v 74.6535004323 57.4207582935 177.649185969
v 56.3171585922 55.3662802273 175.594707903
v 64.7104093751 84.8174230296 -121.937330546
v 69.5081008514 89.6151145058 -106.024838107
v 59.2254149498 94.7605140867 -100.879438526
v 72.5967106595 92.703724314 -100.879438526
v 74.6535004323 90.871539493 -100.879438526
v 74.6535004323 94.7605140867 -88.1575443159
v 62.5963593273 82.7033729818 139.7581246
v 74.6535004323 85.5183388184 142.573090436
v 74.6535004323 94.7605140867 137.806171029
v 58.8475020054 94.7605140867 136.009267278
v 62.2584850978 82.3654987523 151.815265705
v 74.6535004323 85.1877781246 151.815265705
v 74.6535004323 77.7691277154 155.881771353
v 56.1721674591 76.2791811135 154.391824751
v 57.2030797225 98.3679853962 -100.879438526
v 61.9738870304 103.138792704 -92.5011599091
v 70.8793861042 112.044291778 -79.8215465072
v 74.6535004323 106.187603739 -79.8215465072
v 74.6535004323 112.755657012 -61.8264035815
v 73.7641358033 114.929041477 -59.6530191169
v 74.1429191122 115.307824786 -58.763654488
v 74.6535004323 114.723354519 -58.763654488
v 74.6535004323 115.776250778 -37.7479177964
v 74.6343831573 115.799288831 -37.7248797436
v 73.303829645 115.818406106 -37.7057624687
v 74.638274876 115.80318055 -37.7057624687
v 74.6535004323 115.787827509 -37.7057624687
v 74.6535004323 115.818406106 -27.2268850645
v 69.6579268598 110.822832533 83.6460160744
v 74.6535004323 112.297436507 85.120620048
v 74.6535004323 115.818406106 82.1264525877
v 68.1974754382 115.818406106 82.1855646528
v 61.2628620187 115.818406106 88.6415896469
v 71.3248495628 112.489755236 88.6415896469
v 74.6535004323 113.697232403 88.6415896469
v 74.6535004323 103.028302524 96.9093780839
v 59.4565282206 100.621433894 94.5025094545
v 54.433905218 115.818406106 89.4798864518
v 61.2351133679 102.400019042 109.699481666
v 74.6535004323 104.589620322 109.699481666
v 74.6535004323 99.0862942419 114.025261821
v 56.6268012462 97.7917069199 112.730674499
v 55.717324916 96.8822305896 130.757373685
v 74.6535004323 97.815135932 130.757373685
v 74.6535004323 96.1000945791 132.096954178
v 54.4997650458 95.6646707195 131.661530318
v 53.878997925 116.101795618 -37.7057624687
v 53.8795691872 116.10236688 -37.4218016945
v 53.9033164108 116.126114104 -16.6478704494
v 74.6535004323 115.838287883 -16.6478704494
v 74.6535004323 115.834745547 -16.6315310087
v 53.8491100073 116.0719077 -16.3943688551
v 53.9415703725 116.164368065 4.41002156982
v 74.6535004323 116.245458644 4.41002156982
v 74.6535004323 116.122999945 4.71461540846
v 53.8420868541 116.064884547 4.65650001088
v 54.4491359621 116.671933655 25.4679135891
v 74.6535004323 117.069079724 25.4679135891
v 74.6535004323 116.627463336 26.276970819
v 54.1438713187 116.366669012 26.0161764948
v 54.97247192 117.195269613 46.5258056083
v 74.6535004323 117.530496601 46.5258056083
v 74.6535004323 116.852735379 47.5601348809
v 54.4217491737 116.644546867 47.351946369
v 54.8309188598 117.053716553 67.5836976276
v 74.6535004323 117.038489565 67.5836976276
v 74.6535004323 116.518944468 68.2842359893
v 54.3051215995 116.527919292 68.2932108141
v 53.7798654575 116.00266315 88.6415896469
v 53.698237321 115.921035014 88.7442185549
v 75.5330883294 -115.818406106 -16.6478704494
v 76.7992711295 -115.818406106 -14.5020997522
v 90.4789180345 -115.818406106 4.41002156982
v 94.9699727865 -116.559825771 24.7264939241
v 95.7113924515 -116.176121681 25.1101980138
v 95.7113924515 -115.818406106 7.73559194383
v 95.1802564965 -116.349542061 25.4679135891
v 95.7113924515 -116.091770316 25.4679135891
v 94.6884628035 -116.841335754 45.5028759603
v 95.7113924515 -116.351079658 45.993132056
v 95.0523379051 -116.477460652 46.5258056083
v 95.7113924515 -116.190145968 46.5258056083
v 95.7113924515 -115.818406106 57.3866291034
v 90.3360585943 -115.818406106 62.2083637704
v 91.0043301193 -115.818406106 67.5836976276
v 79.5672995395 -115.818406106 72.4974967349
v 85.9054625817 -94.7605140867 -79.8215465072
v 87.6194646139 -102.852441924 -66.8555823256
v 95.7113924515 -99.0319403815 -63.0350807828
v 95.7113924515 -94.7605140867 -66.689503512
v 79.8015970997 -110.670309439 -58.763654488
v 95.7113924515 -104.906877505 -58.763654488
v 77.3186177588 -113.153288779 -56.0985371614
v 95.7113924515 -108.973712817 -51.9189611988
v 74.7644905948 -115.707415943 -37.7057624687
v 95.7113924515 -113.251721414 -37.7057624687
v 74.7628240851 -115.709082453 -37.5964388159
v 95.7113924515 -113.285801957 -35.17315832
v 95.7113924515 -113.54771648 -16.6478704494
v 95.7113924515 -113.193005317 -14.0224696608
v 95.7113924515 -114.725859624 4.41002156982
v 95.7113924515 -115.005140685 5.22328699069
v 95.7113924515 -114.187199703 67.5836976276
v 95.7113924515 -114.800105143 68.6019985906
v 76.1966790354 -114.275227503 88.6415896469
v 95.7113924515 -108.08890889 88.6415896469
v 75.9730019613 -114.498904577 89.9610911759
v 95.7113924515 -108.890957282 95.5690384711
v 84.7621776434 -105.709728895 109.699481666
v 95.7113924515 -102.377085045 109.699481666
v 88.7643390144 -101.707567524 123.810320248
v 95.7113924515 -99.0733529838 126.444534788
v 93.0381646452 -97.4337418929 130.757373685
v 95.7113924515 -96.6331059661 130.757373685
v 95.7113924515 -94.7605140867 135.1813108
v 79.6408494625 -94.7605140867 135.744722716
v 94.3329404339 -75.081074085 -102.257890544
v 95.7113924515 -74.6048106853 -101.781627144
v 95.7113924515 -73.7026220674 -101.948442873
v 89.5167444664 -73.7026220674 -107.074086512
v 92.2931181073 -77.1208964116 -100.879438526
v 95.7113924515 -75.5485389773 -100.879438526
v 79.0038040529 -90.410210466 -96.5291349058
v 95.7113924515 -87.5097172739 -93.6286417137
v 95.7113924515 -92.034767771 -79.8215465072
v 95.7113924515 -93.11514853 -78.1761809506
v 82.7978430811 -86.6161714378 151.815265705
v 95.7113924515 -84.1142796058 151.815265705
v 95.7113924515 -73.7026220674 167.822358546
v 89.5143945718 -73.7026220674 166.676159844
v 94.3750565365 -53.9810659631 -123.273666461
v 95.7113924515 -53.454455925 -122.747056423
v 95.7113924515 -52.6447300481 -122.902723808
v 91.2410723905 -52.6447300481 -126.407650607
v 87.4342847047 -60.9218377949 -121.937330546
v 95.7113924515 -54.2604074704 -121.937330546
v 75.864247695 -72.4918748046 -120.726583283
v 95.7113924515 -66.917306852 -115.15201533
v 77.6168284261 -70.7392940735 172.873157724
v 95.7113924515 -69.6357842853 172.873157724
v 95.7113924515 -52.6447300481 187.031820466
v 87.0379770533 -52.6447300481 185.257634345
v 86.5975323615 -31.5868380289 -142.995222565
v 77.7657560954 -49.532474385 -139.882966902
v 95.7113924515 -42.2612146678 -132.611707185
v 95.7113924515 -31.5868380289 -135.842941778
v 83.4307679455 -43.8674625349 193.931049743
v 95.7113924515 -43.6040492163 193.931049743
v 95.7113924515 -31.5868380289 198.844687519
v 77.7796477318 -31.5868380289 197.057197043
v 93.840054859 -10.5289460096 -142.995222565
v 92.3601342453 -13.8802042158 -142.995222565
v 95.7113924515 -26.6955798431 -138.103964379
v 95.7113924515 -10.5289460096 -141.525248271
v 79.5538866298 -26.6864518313 198.831435941
v 95.7113924515 -24.296902018 201.220985754
v 95.7113924515 -10.5289460096 203.833560765
v 82.1565003671 -10.5289460096 201.434049678
v 93.840054859 10.5289460096 -142.995222565
v 93.840054859 8.65760841715 -142.995222565
v 95.7113924515 -9.05897171589 -141.525248271
v 95.7113924515 10.5289460096 -141.525248271
v 82.1565003671 -3.02594607483 201.434049678
v 95.7113924515 -0.626434987774 203.833560765
v 95.7113924515 10.5289460096 203.833560765
v 82.1565003671 10.5289460096 201.434049678
v 86.5975323615 31.5868380289 -142.995222565
v 89.7680586094 25.6435041868 -142.995222565
v 95.7113924515 12.9115032888 -140.612665286
v 95.7113924515 31.5868380289 -135.842941778
v 79.7363903612 15.6118359386 199.013939672
v 95.7113924515 17.6436183055 201.045722039
v 95.7113924515 31.5868380289 198.844687519
v 77.7796477318 31.5868380289 197.057197043
v 83.2728052309 40.2061428276 -142.995222565
v 95.7113924515 50.8906077955 -123.691452798
v 95.7113924515 52.6447300481 -122.902723808
v 91.2410723905 52.6447300481 -126.407650607
v 88.7363806051 45.6697182018 186.956037897
v 95.7113924515 47.4282482152 188.71456791
v 95.7113924515 52.6447300481 187.031820466
v 87.0379770533 52.6447300481 185.257634345
v 83.7560888454 40.689426442 193.931049743
v 95.7113924515 43.6040492163 193.931049743
v 95.7113924515 34.3447208173 196.688932532
v 76.3268326724 33.260170269 195.604381983
v 88.5500033544 66.5412329703 -121.937330546
v 95.7113924515 54.2604074704 -121.937330546
v 95.7113924515 73.7026220674 -101.948442873
v 89.5167444664 73.7026220674 -107.074086512
v 91.0309850531 69.022214669 168.192750325
v 95.7113924515 70.3281706212 169.498706278
v 95.7113924515 73.7026220674 167.822358546
v 89.5143945718 73.7026220674 166.676159844
v 90.3214619268 68.3126915427 172.873157724
v 95.7113924515 69.6357842853 172.873157724
v 95.7113924515 57.9892157576 178.217643433
v 78.6831798364 56.6744094523 176.902837128
v 89.1079398819 88.157061517 -100.879438526
v 95.7113924515 75.5485389773 -100.879438526
v 95.7113924515 79.0380753944 -95.5439851995
v 93.2995675762 92.3486892113 -82.2333713826
v 85.9054625817 94.7605140867 -79.8215465072
v 94.5146777651 93.5637994003 -79.8215465072
v 95.7113924515 92.034767771 -79.8215465072
v 95.7113924515 94.7605140867 -66.689503512
v 83.937560736 82.9866823712 140.041433989
v 95.7113924515 84.9192929186 141.974044537
v 95.7113924515 94.7605140867 135.1813108
v 79.6408494625 94.7605140867 135.744722716
v 83.6091954561 82.6583170912 151.815265705
v 95.7113924515 84.1142796058 151.815265705
v 95.7113924515 77.7867992523 155.89944289
v 77.8969752 76.9460968352 155.058740472
v 81.5192460841 101.626259739 -79.8215465072
v 88.1034204772 108.210434132 -66.3716264623
v 92.4643373876 112.571351042 -58.763654488
v 95.7113924515 104.906877505 -58.763654488
v 95.7113924515 110.835603634 -42.6885649404
v 94.6600996601 114.767113314 -38.7570552601
v 94.9386161079 115.045629762 -37.7057624687
v 95.7113924515 113.251721414 -37.7057624687
v 95.7113924515 113.516722542 -18.9495540132
v 95.0252749398 115.132288594 -17.3339879612
v 75.5330883294 115.818406106 -16.6478704494
v 95.0270705696 115.134084224 -16.6478704494
v 95.7113924515 113.54771648 -16.6478704494
v 95.7113924515 114.883969724 3.4755851879
v 95.4431106878 115.550124342 4.14173980607
v 76.7992711295 115.818406106 -14.5020997522
v 90.4789180345 115.818406106 4.41002156982
v 95.3754741689 115.482487823 4.41002156982
v 95.7113924515 114.725859624 4.41002156982
v 95.7113924515 115.818406106 7.73559194383
v 91.8746889972 111.981702652 63.7469941732
v 95.7113924515 112.656344024 64.4216355457
v 95.7113924515 115.818406106 57.3866291034
v 90.3360585943 115.818406106 62.2083637704
v 91.0043301193 115.818406106 67.5836976276
v 93.3050516436 113.412065298 67.5836976276
v 95.7113924515 114.187199703 67.5836976276
v 95.7113924515 105.513726093 78.3369096337
v 83.1706581659 103.27767182 76.1008553613
v 79.5672995395 115.818406106 72.4974967349
v 86.2144428349 106.321456489 88.6415896469
v 95.7113924515 108.08890889 88.6415896469
v 95.7113924515 101.580758339 95.461833899
v 79.9751403786 100.082154033 93.9632295932
v 81.2678155419 101.374829196 109.699481666
v 95.7113924515 102.377085045 109.699481666
v 95.7113924515 98.483115204 113.422082783
v 77.7675370525 97.8745507069 112.813518286
v 76.8066361606 96.913649815 130.757373685
v 95.7113924515 96.6331059661 130.757373685
v 95.7113924515 95.642397655 131.639257254
v 75.6754099182 95.7824235726 131.779283171
v 74.6625270099 115.827432684 -16.6478704494
v 74.6612408186 115.826146492 -16.6401300631
v 74.8579052372 116.022810911 4.41002156982
v 74.809433096 115.97433877 4.56595423358
v 75.308335387 116.473241061 25.4679135891
v 95.7113924515 116.091770316 25.4679135891
v 95.7113924515 116.008454905 25.6579623882
v 75.1113169882 116.276222662 25.925730145
v 75.6414387615 116.806344435 46.5258056083
v 95.7113924515 116.190145968 46.5258056083
v 95.7113924515 116.059058155 46.7664576573
v 75.2998483018 116.464753976 47.1721534779
v 75.4185876063 116.58349328 67.5836976276
v 75.1288991362 116.29380481 68.0590963315
v 97.6186414239 -115.818406106 25.4679135891
v 96.9912192325 -115.818406106 26.7477403701
v 98.0957226874 -115.818406106 46.5258056083
v 96.9891807858 -115.818406106 47.8035939426
v 108.474106032 -94.7605140867 -58.763654488
v 115.717089842 -95.8127087156 -38.7579570976
v 116.769284471 -94.9658307312 -37.9110791132
v 116.769284471 -94.7605140867 -39.3915815057
v 113.519749905 -98.0100486523 -37.7057624687
v 116.769284471 -95.0790329495 -37.7057624687
v 111.404191874 -100.125606684 -22.0129630464
v 116.769284471 -95.3495115456 -17.2368679083
v 110.896916427 -100.63288213 -16.6478704494
v 116.769284471 -95.3575674968 -16.6478704494
v 101.733704174 -109.796094383 -10.6255587266
v 116.769284471 -98.0987596732 1.07177598326
v 98.5197160657 -113.010082492 4.41002156982
v 116.769284471 -97.6143587077 4.41002156982
v 96.4058012673 -115.12399729 5.10443038559
v 116.769284471 -103.48543472 16.7429929557
v 116.769284471 -102.212686874 25.4679135891
v 116.769284471 -107.262307076 34.0240126187
v 116.769284471 -105.016049898 46.5258056083
v 116.769284471 -108.32475943 54.0194522842
v 97.0194104805 -114.510388077 67.5836976276
v 116.769284471 -104.826623739 67.5836976276
v 96.6515273136 -114.878271244 68.5238324897
v 116.769284471 -106.654327805 76.7477759284
v 103.035854247 -108.49394431 88.6415896469
v 116.769284471 -102.458983914 88.6415896469
v 103.576942543 -107.952856015 96.5071397383
v 116.769284471 -101.923148995 102.536846758
v 110.07618545 -101.453613108 109.699481666
v 116.769284471 -98.7000118131 109.699481666
v 116.769284471 -94.7605140867 125.571626125
v 112.310060026 -94.7605140867 126.29814924
v 108.946578726 -94.7605140867 130.757373685
v 98.1965059123 -94.7605140867 133.242487146
v 97.2066034074 -73.7026220674 -100.879438526
v 115.815297641 -74.6566088974 -80.7755333372
v 116.769284471 -74.3530920147 -80.4720164545
v 116.769284471 -73.7026220674 -80.5875289806
v 113.746590679 -76.7253158596 -79.8215465072
v 116.769284471 -75.4394656984 -79.8215465072
v 100.553820574 -89.918085964 -74.9791183845
v 116.769284471 -87.2292647589 -72.2902971794
v 116.769284471 -92.5523328936 -58.763654488
v 116.769284471 -93.2005286356 -57.2036690369
v 116.769284471 -92.5926162764 130.757373685
v 116.769284471 -91.7027523188 133.815135453
v 106.648491899 -83.8234146396 151.815265705
v 116.769284471 -80.3919411849 151.815265705
v 116.769284471 -73.7026220674 162.266978562
v 106.454139276 -73.7026220674 162.558012529
v 96.9367876202 -52.6447300481 -121.937330546
v 113.707085291 -55.7069292278 -103.941637706
v 116.769284471 -54.5982650229 -102.832973501
v 116.769284471 -52.6447300481 -103.244438827
v 116.769284471 -56.7640453266 -100.879438526
v 116.769284471 -67.098248298 -94.2750647571
v 99.5373911001 -69.8766234188 172.873157724
v 116.769284471 -65.2117011314 172.873157724
v 116.769284471 -52.6447300481 184.030041025
v 106.473510331 -52.6447300481 183.635275603
v 111.797923399 -31.5868380289 -121.937330546
v 98.4777562032 -49.8783662965 -121.937330546
v 116.769284471 -43.1720437261 -112.464644224
v 116.769284471 -31.5868380289 -116.664396728
v 105.010738773 -43.345383727 193.931049743
v 116.769284471 -39.836167642 193.931049743
v 116.769284471 -31.5868380289 197.595280714
v 99.5293335933 -31.5868380289 197.748990885
v 114.176405694 -13.1218247862 -124.530209322
v 116.769284471 -11.4861061201 -122.894490656
v 116.769284471 -10.5289460096 -123.005796038
v 109.1572515 -10.5289460096 -129.549363517
v 116.769284471 -14.5180610231 -121.937330546
v 116.769284471 -28.0863942752 -118.436886792
v 101.402551671 -25.8956788093 199.622208963
v 116.769284471 -26.1008061764 199.417081596
v 116.769284471 -10.5289460096 202.709114633
v 103.7778515 -10.5289460096 201.997508792
v 109.1572515 2.91691303881 -129.549363517
v 116.769284471 9.46048051692 -123.005796038
v 116.769284471 10.5289460096 -123.005796038
v 109.1572515 10.5289460096 -129.549363517
v 103.7778515 -2.46248696095 201.997508792
v 116.769284471 -1.75088112009 202.709114633
v 116.769284471 10.5289460096 202.709114633
v 103.7778515 10.5289460096 201.997508792
v 111.797923399 31.5868380289 -121.937330546
v 113.530100377 28.3476539352 -121.937330546
v 116.769284471 14.5180610231 -121.937330546
v 116.769284471 31.5868380289 -116.664396728
v 101.412891942 16.2304455002 199.632549234
v 116.769284471 16.8346846047 200.236788338
v 116.769284471 31.5868380289 197.595280714
v 99.5293335933 31.5868380289 197.748990885
v 96.9367876202 52.6447300481 -121.937330546
v 107.700366762 43.5758123397 -121.937330546
v 116.769284471 47.6654742085 -105.858694366
v 116.769284471 52.6447300481 -103.244438827
v 108.500900681 44.376346258 185.662665953
v 116.769284471 45.4897703397 186.776090035
v 116.769284471 52.6447300481 184.030041025
v 106.473510331 52.6447300481 183.635275603
v 104.212763375 40.0882089521 193.931049743
v 116.769284471 39.836167642 193.931049743
v 116.769284471 33.6466807333 195.990892448
v 97.8659799875 33.7414255649 196.085637279
v 96.7129686254 53.6463062221 -121.937330546
v 97.9468570998 54.8801946964 -119.701865897
v 97.2066034074 73.7026220674 -100.879438526
v 111.512938272 68.4462758691 -100.879438526
v 116.769284471 56.7640453266 -100.879438526
v 116.769284471 73.7026220674 -80.5875289806
v 109.033304396 65.9666419923 165.137177649
v 116.769284471 67.1039005227 166.274436179
v 116.769284471 73.7026220674 162.266978562
v 106.454139276 73.7026220674 162.558012529
v 107.89510113 64.8284387263 172.873157724
v 116.769284471 65.2117011314 172.873157724
v 116.769284471 56.9608059528 177.189233629
v 99.7753996383 56.7087372349 176.937164911
v 96.9880396283 74.9792692442 -100.879438526
v 98.9540415991 76.945271215 -97.6367893789
v 112.198754922 90.1899845377 -79.8215465072
v 116.769284471 75.4394656984 -79.8215465072
v 116.769284471 80.0062907423 -73.5178778324
v 115.608735603 93.5999652184 -59.9242033562
v 108.474106032 94.7605140867 -58.763654488
v 116.091664002 94.0828936175 -58.763654488
v 116.769284471 92.5523328936 -58.763654488
v 116.769284471 94.7605140867 -39.3915815057
v 113.515318399 91.5065480146 127.503407613
v 116.769284471 92.2521934312 128.24905303
v 116.769284471 94.7605140867 125.571626125
v 112.310060026 94.7605140867 126.29814924
v 108.946578726 94.7605140867 130.757373685
v 114.217001821 92.2082314367 130.757373685
v 116.769284471 92.5926162764 130.757373685
v 116.769284471 82.2936662696 139.348417888
v 103.385746545 81.3769761612 138.431727779
v 98.1965059123 94.7605140867 133.242487146
v 102.65557294 80.646802556 151.815265705
v 116.769284471 80.3919411849 151.815265705
v 116.769284471 76.5380184498 154.650662087
v 98.6852063397 76.6764359556 154.789079593
v 98.8336188414 97.8827404765 -58.763654488
v 100.2082524 99.2573740356 -54.266794539
v 103.660261089 102.709382724 -37.7057624687
v 116.769284471 95.0790329495 -37.7057624687
v 116.769284471 95.0834478234 -37.382828732
v 103.729548462 102.778670097 -29.687606458
v 103.805195241 102.854316876 -16.6478704494
v 116.769284471 95.3575674968 -16.6478704494
v 116.769284471 95.2597250757 -16.1486594604
v 102.911113353 101.960234988 -9.4481495478
v 102.154405917 101.203527552 4.41002156982
v 116.769284471 97.6143587077 4.41002156982
v 116.769284471 97.039774552 6.68928203513
v 101.069902362 100.119023997 9.76853148004
v 97.6186414239 115.818406106 25.4679135891
v 102.39476184 101.443883475 25.4679135891
v 116.769284471 102.212686874 25.4679135891
v 116.769284471 100.287623976 30.9950234783
v 100.596984352 99.6461059869 30.3535054893
v 96.9912192325 115.818406106 26.7477403701
v 98.0957226874 115.818406106 46.5258056083
v 104.223429903 103.272551538 46.5258056083
v 116.769284471 105.016049898 46.5258056083
v 116.769284471 101.59317963 53.3584711513
v 101.092589514 100.14171115 51.9070026713
v 96.9891807858 115.818406106 47.8035939426
v 104.542852013 103.591973649 67.5836976276
v 116.769284471 104.826623739 67.5836976276
v 116.769284471 100.847736378 73.6709199188
v 100.824953352 99.8740749876 72.6972585285
v 103.005562948 102.054684583 88.6415896469
v 116.769284471 102.458983914 88.6415896469
v 116.769284471 99.0694977247 92.9505732849
v 99.7403981426 98.7895197777 92.6705953379
v 100.316227599 99.365349234 109.699481666
v 116.769284471 98.7000118131 109.699481666
v 116.769284471 96.8317609802 111.77072856
v 98.1779129344 97.2270345695 112.166002149
v 96.9090088555 95.9581304906 130.757373685
v 96.3369257166 95.3860473518 131.38290695
v 95.8512756438 115.958289298 25.4679135891
v 95.8154412681 115.922454923 25.5719624057
v 95.9157193871 116.022733042 46.5258056083
v 95.854134072 115.961147726 46.6685472288
v 120.398195121 -94.7605140867 -37.7057624687
v 121.34021381 -94.7605140867 -33.1348331296
v 123.968281107 -94.7605140867 -16.6478704494
v 135.687942061 -96.899748516 2.2707871405
v 137.82717649 -95.2458146956 3.92472096086
v 137.82717649 -94.7605140867 -9.65862108997
v 136.016140827 -96.5715497501 4.41002156982
v 137.82717649 -95.1782190701 4.41002156982
v 129.736862529 -102.850828048 17.377599628
v 137.82717649 -97.2518216819 22.9766059939
v 130.968519299 -101.619171278 25.4679135891
v 137.82717649 -96.7545937568 25.4679135891
v 126.2194771 -106.368213477 34.918106218
v 137.82717649 -99.1848588708 42.1014608242
v 128.480576428 -104.107114149 46.5258056083
v 137.82717649 -98.1120174887 46.5258056083
v 125.926862446 -106.660828131 55.6833835833
v 137.82717649 -99.7216138208 62.6225978934
v 129.474206593 -103.113483983 67.5836976276
v 137.82717649 -98.2419136243 67.5836976276
v 129.76230711 -102.825383466 80.5767202671
v 137.82717649 -98.0779636929 85.3241400406
v 133.277572662 -99.3101179149 88.6415896469
v 137.82717649 -96.8522009446 88.6415896469
v 137.82717649 -94.7605140867 102.585635901
v 133.696998671 -94.7605140867 105.569303847
v 133.314343494 -94.7605140867 109.699481666
v 122.352690062 -94.7605140867 115.282887257
v 118.117098997 -73.7026220674 -79.8215465072
v 125.239170289 -73.7026220674 -71.3516606888
v 136.369230901 -73.7026220674 -58.763654488
v 125.892516965 -85.6372815922 -49.6404219935
v 137.82717649 -81.6042667933 -45.6074071946
v 137.82717649 -73.7026220674 -51.8823920864
v 137.82717649 -89.6616295763 -37.7057624687
v 137.82717649 -89.9460360833 -32.8912844653
v 137.82717649 -90.9265754964 -16.6478704494
v 137.82717649 -92.0427127551 -13.9300691179
v 137.82717649 -92.7889207623 109.699481666
v 137.82717649 -92.6997907781 111.760204975
v 119.190799228 -92.3389993293 130.757373685
v 137.82717649 -83.7196167334 130.757373685
v 125.554419907 -85.9753786504 139.542509122
v 137.82717649 -76.6801716837 148.837716088
v 135.732130958 -75.7976675994 151.815265705
v 137.82717649 -74.786181541 151.815265705
v 137.82717649 -73.7026220674 153.472471806
v 122.342821588 -73.7026220674 157.388802822
v 119.994632996 -52.6447300481 -100.879438526
v 137.396709264 -53.0751972746 -80.2520137336
v 137.82717649 -52.9253439284 -80.1021603875
v 137.82717649 -52.6447300481 -80.1433838625
v 137.82717649 -53.4118095951 -79.8215465072
v 137.82717649 -65.7894056818 -71.9083301217
v 137.82717649 -72.4885363748 -58.763654488
v 137.82717649 -72.8533411011 -57.9143735216
v 128.076788685 -62.3951178527 172.873157724
v 137.82717649 -57.6886083326 172.873157724
v 137.82717649 -52.6447300481 177.446303265
v 123.561863958 -52.6447300481 179.665737211
v 133.539547176 -31.5868380289 -100.879438526
v 122.835292338 -46.5787221814 -100.879438526
v 137.82717649 -42.1257768215 -90.3604852998
v 137.82717649 -31.5868380289 -94.3827761267
v 136.447674483 -32.9663400361 192.551547736
v 137.82717649 -33.8484838095 191.669403963
v 137.82717649 -31.5868380289 193.109106283
v 137.004544136 -31.5868380289 193.108417389
v 135.52654357 -31.5868380289 193.931049743
v 119.184883754 -31.5868380289 196.346649027
v 118.132014865 -10.5289460096 -121.937330546
v 135.360130013 -12.9959924864 -103.346485003
v 137.82717649 -11.2412789404 -101.591771457
v 137.82717649 -10.5289460096 -101.675476193
v 137.82717649 -13.6405501283 -100.879438526
v 137.82717649 -27.4305077092 -96.7231082068
v 137.82717649 -29.8460053244 193.931049743
v 137.82717649 -10.5289460096 198.293971916
v 120.161347545 -28.1947749549 197.323112817
v 122.673249663 -10.5289460096 199.835014935
v 118.132014865 10.5289460096 -121.937330546
v 118.132014865 -9.16621561552 -121.937330546
v 137.82717649 9.73290834344 -101.675476193
v 137.82717649 10.5289460096 -101.675476193
v 122.673249663 -4.62498081782 199.835014935
v 137.82717649 -6.16602383708 198.293971916
v 137.82717649 10.5289460096 198.293971916
v 122.673249663 10.5289460096 199.835014935
v 117.992318269 11.7519798075 -121.937330546
v 121.695254673 15.4549162118 -117.011360344
v 133.539547176 31.5868380289 -100.879438526
v 135.039324646 28.7989861851 -100.879438526
v 137.82717649 13.6405501283 -100.879438526
v 137.82717649 31.5868380289 -94.3827761267
v 137.109920164 30.8695817031 193.213793417
v 137.82717649 30.9288172053 193.27302892
v 137.82717649 31.5868380289 193.109106283
v 137.004544136 31.5868380289 193.108417389
v 135.52654357 31.5868380289 193.931049743
v 136.626808658 30.3864701972 193.931049743
v 137.82717649 29.8460053244 193.931049743
v 137.82717649 13.685869314 197.087973047
v 121.153130306 14.912791845 198.314895578
v 119.184883754 31.5868380289 196.346649027
v 119.994632996 52.6447300481 -100.879438526
v 130.165285925 44.9828394829 -100.879438526
v 137.82717649 51.9381110727 -80.5281654827
v 137.82717649 52.6447300481 -80.1433838625
v 126.263812768 41.0813663259 182.367686021
v 137.82717649 41.0859118963 182.372231591
v 137.82717649 52.6447300481 177.446303265
v 123.561863958 52.6447300481 179.665737211
v 121.274181289 36.0917348471 193.931049743
v 118.222998388 33.0405519457 195.38476366
v 119.632863618 55.5083091949 -100.879438526
v 123.209211231 59.0846568082 -94.4395117664
v 118.117098997 73.7026220674 -79.8215465072
v 133.58547734 69.4609229171 -79.8215465072
v 137.82717649 53.4118095951 -79.8215465072
v 137.82717649 58.3540822764 -74.1121942789
v 137.300849748 73.1762953258 -59.2899812296
v 125.239170289 73.7026220674 -71.3516606888
v 136.369230901 73.7026220674 -58.763654488
v 137.509432985 73.3848785623 -58.763654488
v 137.82717649 72.4885363748 -58.763654488
v 137.82717649 73.7026220674 -51.8823920864
v 126.130776332 62.0062219096 161.176757566
v 137.82717649 62.1570453998 161.327581056
v 137.82717649 73.7026220674 153.472471806
v 122.342821588 73.7026220674 157.388802822
v 124.158645997 60.0340915743 172.873157724
v 137.82717649 57.6886083326 172.873157724
v 137.82717649 54.48708121 174.715508886
v 119.744998704 55.6204442816 175.848871957
v 117.742248894 74.6755864909 -79.8215465072
v 120.222537012 77.1558746083 -76.3682939663
v 133.546395465 90.4797330616 -58.763654488
v 136.844262145 93.777599742 -38.6886768134
v 120.398195121 94.7605140867 -37.7057624687
v 137.145791004 94.0791286004 -37.7057624687
v 137.82717649 89.6616295763 -37.7057624687
v 137.82717649 90.6855613952 -20.7228231409
v 137.311298975 94.2446365719 -17.1637479642
v 121.34021381 94.7605140867 -33.1348331296
v 123.968281107 94.7605140867 -16.6478704494
v 137.31425819 94.2475957862 -16.6478704494
v 137.82717649 90.9265754964 -16.6478704494
v 137.82717649 94.7605140867 -9.65862108997
v 134.750559172 91.6838967689 106.622864348
v 137.82717649 92.2114795382 107.150447118
v 137.82717649 94.7605140867 102.585635901
v 133.696998671 94.7605140867 105.569303847
v 133.314343494 94.7605140867 109.699481666
v 135.691098422 92.6244360188 109.699481666
v 137.82717649 92.7889207623 109.699481666
v 137.82717649 83.9766731949 119.973532794
v 126.577012015 83.5103496117 119.50720921
v 122.352690062 94.7605140867 115.282887257
v 127.439462899 84.3728004953 130.757373685
v 137.82717649 83.7196167334 130.757373685
v 137.82717649 78.5478617145 135.602613333
v 122.093082548 79.0264201451 136.081171763
v 120.687302605 77.6206402015 151.815265705
v 137.82717649 74.786181541 151.815265705
v 137.82717649 74.1876659983 152.300309636
v 118.672308057 75.605645654 153.718289291
v 116.837212502 94.828442118 -37.7057624687
v 116.837482235 94.8287118509 -37.6375647044
v 116.896700081 94.8879296973 -16.6478704494
v 116.878687769 94.8699173852 -16.5384671509
v 117.456138355 95.4473679713 4.41002156982
v 137.82717649 95.1782190701 4.41002156982
v 137.82717649 95.0875612938 4.73706877699
v 117.308591427 95.299821043 4.94932852615
v 119.002117986 96.9933476021 25.4679135891
v 137.82717649 96.7545937568 25.4679135891
v 137.82717649 96.2193720295 26.9267715319
v 118.408323053 96.3995526685 27.1069521709
v 120.63937418 98.6306037958 46.5258056083
v 137.82717649 98.1120174887 46.5258056083
v 137.82717649 97.0442840016 48.8095755233
v 119.431265834 97.4224954494 49.1877869711
v 121.322788344 99.31401796 67.5836976276
v 137.82717649 98.2419136243 67.5836976276
v 137.82717649 96.9630941868 69.7862777278
v 119.716181304 97.70741092 70.530594461
v 120.715301985 98.7065316008 88.6415896469
v 137.82717649 96.8522009446 88.6415896469
v 137.82717649 95.9927538515 89.8738294117
v 119.191230083 97.1824596993 91.0635352595
v 118.962366425 96.9535960405 109.699481666
v 118.056080617 96.0473102325 110.986277812
v 138.981410264 -94.7605140867 4.41002156982
v 138.877242985 -94.7605140867 5.46008806482
v 143.263273067 -94.7605140867 25.4679135891
v 142.655211535 -94.7605140867 30.2959486337
v 146.896256198 -94.7605140867 46.5258056083
v 144.684757697 -94.7605140867 53.3833868155
v 147.096680256 -94.7605140867 67.5836976276
v 143.480576086 -94.7605140867 73.2370972237
v 143.245873978 -94.7605140867 88.6415896469
v 140.550623451 -94.7605140867 91.3650366075
v 157.428906971 -73.7026220674 -37.7057624687
v 157.150926273 -75.436764304 -18.3820126861
v 158.885068509 -73.7831199577 -16.7283683397
v 158.885068509 -73.7026220674 -22.5120900302
v 156.637332554 -75.9503580227 -16.6478704494
v 158.885068509 -73.7842580727 -16.6478704494
v 141.136363748 -91.4513268283 -13.3386831911
v 158.885068509 -76.8340402542 1.27860338302
v 158.885068509 -76.5209919336 4.41002156982
v 158.885068509 -82.3857306787 16.7848049777
v 158.885068509 -81.8812990865 25.4679135891
v 158.885068509 -86.735023575 33.4934041007
v 158.885068509 -85.9430437227 46.5258056083
v 158.885068509 -88.8806820227 52.4056376723
v 158.885068509 -86.8079121429 67.5836976276
v 158.885068509 -88.4960669958 73.8481447185
v 158.885068509 -84.7432761092 88.6415896469
v 158.885068509 -84.8243608906 98.5777428429
v 140.69913031 -91.8885602668 109.699481666
v 158.885068509 -80.5309740874 109.699481666
v 145.963049411 -86.6246411653 117.835354587
v 158.885068509 -75.9649165755 128.495079177
v 156.038443515 -76.5492470621 130.757373685
v 158.885068509 -74.7864512911 130.757373685
v 158.885068509 -73.7026220674 133.052865662
v 146.571359613 -73.7026220674 139.501556809
v 140.231591566 -73.7026220674 151.815265705
v 138.583428829 -73.7026220674 152.571518044
v 138.414764768 -52.6447300481 -79.8215465072
v 141.356638019 -52.6447300481 -76.2920849785
v 156.74667188 -52.6447300481 -58.763654488
v 145.469806227 -66.05999233 -51.1210247506
v 158.885068509 -60.2958076512 -45.3568400717
v 158.885068509 -52.6447300481 -47.9656851424
v 158.885068509 -72.013840987 -37.7057624687
v 158.885068509 -72.1809898268 -36.1841302281
v 158.885068509 -61.8740547856 151.815265705
v 158.885068509 -52.6447300481 163.594487054
v 141.477843566 -70.051954991 155.465932781
v 151.918725263 -52.6447300481 165.906814478
v 147.010089864 -52.6447300481 172.873157724
v 140.185144469 -52.6447300481 175.231125703
v 153.130639815 -31.5868380289 -79.8215465072
v 138.660387791 -51.8115187468 -79.8215465072
v 158.885068509 -38.1487146574 -65.3255311164
v 158.885068509 -31.5868380289 -67.0567649238
v 158.885068509 -47.6013852578 -58.763654488
v 158.885068509 -49.8169657955 -55.9358902353
v 158.885068509 -43.565247528 172.873157724
v 158.885068509 -31.5868380289 180.341085297
v 142.957465133 -47.514441405 178.003446367
v 148.109201715 -31.5868380289 183.155182949
v 138.95767894 -10.5289460096 -100.879438526
v 145.121228687 -10.5289460096 -93.5853863299
v 157.316978133 -10.5289460096 -79.8215465072
v 156.202732457 -13.2112820615 -79.8215465072
v 158.885068509 -23.4972512355 -71.7319597138
v 158.885068509 -10.5289460096 -75.7162880607
v 153.453170331 -15.9608441879 188.499151565
v 158.885068509 -18.4551950354 186.004800717
v 158.885068509 -10.5289460096 188.469956057
v 154.329497366 -10.5289460096 189.3754786
v 149.715817869 -10.5289460096 193.931049743
v 140.328428034 -10.5289460096 196.432301288
v 138.95767894 10.5289460096 -100.879438526
v 138.95767894 -9.39844355971 -100.879438526
v 145.121228687 -3.2348938131 -93.5853863299
v 145.121228687 10.5289460096 -93.5853863299
v 157.316978133 10.5289460096 -79.8215465072
v 157.316978133 8.96085563352 -79.8215465072
v 158.885068509 -6.42368756314 -75.7162880607
v 158.885068509 10.5289460096 -75.7162880607
v 154.329497366 5.9733748661 189.3754786
v 158.885068509 5.06785232361 188.469956057
v 158.885068509 10.5289460096 188.469956057
v 154.329497366 10.5289460096 189.3754786
v 149.715817869 10.5289460096 193.931049743
v 149.715817869 1.35969536979 193.931049743
v 140.328428034 -8.02769446527 196.432301288
v 140.328428034 10.5289460096 196.432301288
v 138.88859852 11.5903680392 -100.879438526
v 141.420163849 14.1219333686 -97.2864511675
v 153.130639815 31.5868380289 -79.8215465072
v 155.269974408 27.9717439274 -79.8215465072
v 158.885068509 18.4052660871 -71.9452264297
v 158.885068509 31.5868380289 -67.0567649238
v 149.319927445 22.0216969648 184.365908679
v 158.885068509 20.7729303965 183.117142111
v 158.885068509 31.5868380289 180.341085297
v 148.109201715 31.5868380289 183.155182949
v 144.159885229 16.8616547489 193.931049743
v 139.767610648 12.4693801677 195.871483901
v 138.414764768 52.6447300481 -79.8215465072
v 151.503965412 45.2636269513 -79.8215465072
v 157.380727868 51.1403894067 -60.2679951294
v 141.356638019 52.6447300481 -76.2920849785
v 156.74667188 52.6447300481 -58.763654488
v 158.115695336 51.8753568747 -58.763654488
v 158.885068509 47.6013852578 -58.763654488
v 158.885068509 52.6447300481 -47.9656851424
v 153.295090794 47.0547523331 167.283180009
v 158.885068509 46.8010427385 167.029470414
v 158.885068509 52.6447300481 163.594487054
v 151.918725263 52.6447300481 165.906814478
v 147.010089864 52.6447300481 172.873157724
v 152.486003866 46.2456654047 172.873157724
v 158.885068509 43.565247528 172.873157724
v 158.885068509 35.31489753 176.601217225
v 143.553920979 37.3135825175 178.599902213
v 140.185144469 52.6447300481 175.231125703
v 138.354773727 53.1723272854 -79.8215465072
v 140.099101483 54.9166550413 -77.5496215141
v 155.54992339 70.3674769481 -58.763654488
v 158.689719317 73.5072728755 -37.9011116606
v 157.428906971 73.7026220674 -37.7057624687
v 158.750493174 73.5680467321 -37.7057624687
v 158.885068509 72.013840987 -37.7057624687
v 158.885068509 73.7026220674 -22.5120900302
v 149.570785415 64.3883389734 142.500982611
v 158.885068509 63.9768875581 142.089531195
v 158.885068509 73.7026220674 133.052865662
v 146.571359613 73.7026220674 139.501556809
v 140.231591566 73.7026220674 151.815265705
v 149.497871881 64.3154254387 151.815265705
v 158.885068509 61.8740547856 151.815265705
v 158.885068509 56.5193536863 155.689889343
v 143.393252354 58.2108059122 157.381341569
v 138.583428829 73.7026220674 152.571518044
v 140.370255783 55.1878093415 172.873157724
v 138.995428303 53.8129818613 174.041409537
v 140.312799795 76.1882453726 -37.7057624687
v 140.343863049 76.2193086266 -35.1890759095
v 140.51499241 76.3904379871 -16.6478704494
v 158.885068509 73.7842580727 -16.6478704494
v 158.885068509 73.7748681733 -16.5756243435
v 140.24032137 76.115766947 -14.2347255698
v 138.981410264 94.7605140867 4.41002156982
v 141.254725955 77.1301715323 4.41002156982
v 158.885068509 76.5209919336 4.41002156982
v 158.885068509 76.286133848 6.99353335039
v 140.977873133 76.8533187102 7.56071821263
v 138.877242985 94.7605140867 5.46008806482
v 143.263273067 94.7605140867 25.4679135891
v 145.209007874 81.084453451 25.4679135891
v 158.885068509 81.8812990865 25.4679135891
v 158.885068509 81.1119645449 32.8772560666
v 144.475934093 80.35137967 32.1166711917
v 142.655211535 94.7605140867 30.2959486337
v 146.896256198 94.7605140867 46.5258056083
v 149.491363486 85.3668090634 46.5258056083
v 158.885068509 85.9430437227 46.5258056083
v 158.885068509 83.5964063873 56.4195899282
v 147.138538347 83.0139839245 55.8371674654
v 144.684757697 94.7605140867 53.3833868155
v 147.096680256 94.7605140867 67.5836976276
v 150.938178003 86.8136235807 67.5836976276
v 158.885068509 86.8079121429 67.5836976276
v 158.885068509 82.8575240595 76.7385996197
v 146.988051494 82.8634970711 76.7445726313
v 143.480576086 94.7605140867 73.2370972237
v 143.245873978 94.7605140867 88.6415896469
v 149.663356951 85.5388025286 88.6415896469
v 158.885068509 84.7432761092 88.6415896469
v 158.885068509 80.4599036243 95.3988712037
v 145.301640526 81.1770861036 96.1160536831
v 140.550623451 94.7605140867 91.3650366075
v 146.738293509 82.6137390862 109.699481666
v 158.885068509 80.5309740874 109.699481666
v 158.885068509 77.4479360112 113.44479561
v 143.060743554 78.9361891315 114.93304873
v 142.870816478 78.7462620552 130.757373685
v 158.885068509 74.7864512911 130.757373685
v 158.885068509 74.2457732589 131.300524877
v 140.632156868 76.5076024456 133.562354064
v 138.398633228 74.2740788059 151.815265705
v 138.131339439 74.0067850168 152.119428654
v 137.964339113 94.8976767097 4.41002156982
v 137.939563792 94.8729013889 4.52240887203
v 138.55060954 95.4839471364 25.4679135891
v 138.383892212 95.3172298088 26.0246293112
v 139.187372432 96.1207100284 46.5258056083
v 138.817181187 95.7505187831 47.5158103048
v 139.392932139 96.3262697358 67.5836976276
v 138.907627457 95.8409650533 68.6641485942
v 138.85016486 95.7835024568 88.6415896469
v 138.498221509 95.4315591059 89.3126346661
v 158.995584967 -73.7026220674 -16.6478704494
v 158.991509967 -73.7026220674 -16.5414289913
v 162.795238083 -73.7026220674 4.41002156982
v 163.754173346 -73.7026220674 9.27912640683
v 171.042009632 -73.7026220674 25.4679135891
v 176.259469531 -73.7026220674 42.8423146112
v 178.330777474 -73.7026220674 46.5258056083
v 178.797841297 -74.8477412989 66.4385783961
v 179.942960529 -73.8847905797 67.4015291153
v 179.942960529 -73.7026220674 60.5675675114
v 179.197264385 -74.4483182114 67.5836976276
v 179.942960529 -73.8334778542 67.5836976276
v 179.942960529 -73.7026220674 69.4859324751
v 176.084495784 -73.7026220674 84.7831249024
v 177.092584992 -73.7026220674 88.6415896469
v 169.902966387 -73.7026220674 99.6594875246
v 169.984069216 -73.7026220674 109.699481666
v 164.404656854 -73.7026220674 115.219070011
v 160.607804506 -73.7026220674 130.757373685
v 159.630335463 -73.7026220674 131.502640639
v 175.909938961 -52.6447300481 -37.7057624687
v 178.312721537 -52.6447300481 -18.2781094412
v 178.474515398 -52.6447300481 -16.6478704494
v 164.912700103 -67.6749904739 -16.6478704494
v 179.942960529 -56.9977204503 0.0570311676567
v 179.942960529 -52.6447300481 -15.6358300101
v 179.942960529 -56.8687595574 4.41002156982
v 179.942960529 -64.2423275626 13.8703160746
v 179.942960529 -65.6560338607 25.4679135891
v 179.942960529 -69.6677121061 29.5028235504
v 179.942960529 -72.3501695935 46.5258056083
v 179.942960529 -72.9673677294 47.2610599464
v 179.942960529 -71.4100909872 88.6415896469
v 179.942960529 -71.6506655309 90.6935461833
v 179.942960529 -65.5760762044 109.699481666
v 179.942960529 -62.9353909613 120.466712772
v 179.942960529 -57.561701885 130.757373685
v 179.942960529 -52.6447300481 139.347554538
v 162.416910315 -70.1707802616 134.289215491
v 172.729374738 -52.6447300481 144.601679914
v 170.728022059 -52.6447300481 151.815265705
v 163.270110544 -52.6447300481 156.200307739
v 171.937537397 -31.5868380289 -58.763654488
v 179.705215236 -31.5868380289 -37.9435077612
v 179.825184551 -31.5868380289 -37.7057624687
v 179.168904773 -32.3608937842 -37.7057624687
v 179.942960529 -38.4231034882 -23.4841359087
v 179.942960529 -31.5868380289 -32.4201051594
v 179.942960529 -43.7106036421 -16.6478704494
v 179.942960529 -51.8186748701 -15.8218152713
v 179.942960529 -43.2326166857 151.815265705
v 179.942960529 -31.5868380289 161.670528668
v 168.939575436 -42.5902231211 161.869772632
v 172.615887579 -31.5868380289 165.546084774
v 169.141837991 -31.5868380289 172.873157724
v 162.190557369 -31.5868380289 176.178646583
v 176.082618578 -10.5289460096 -58.763654488
v 172.436922819 -18.0349837195 -58.763654488
v 179.942960529 -13.8972902191 -41.0741066782
v 179.942960529 -10.5289460096 -41.372694758
v 179.942960529 -29.7112496123 -37.7057624687
v 179.942960529 -30.2013553543 -36.3202797941
v 179.942960529 -11.6673594537 172.873157724
v 179.942960529 -10.5289460096 173.213553747
v 163.401053104 -27.0708534347 177.389142318
v 165.623913393 -10.5289460096 179.612002608
v 176.082618578 10.5289460096 -58.763654488
v 176.082618578 6.66860405893 -58.763654488
v 179.942960529 6.86201372028 -41.372694758
v 179.942960529 10.5289460096 -41.372694758
v 165.623913393 -3.79010112585 179.612002608
v 179.942960529 -10.1885499866 173.213553747
v 179.942960529 10.5289460096 173.213553747
v 165.623913393 10.5289460096 179.612002608
v 171.937537397 31.5868380289 -58.763654488
v 175.750753007 27.3946305072 -58.763654488
v 179.845957562 31.4898350624 -37.8027654352
v 179.705215236 31.5868380289 -37.9435077612
v 179.825184551 31.5868380289 -37.7057624687
v 179.879993875 31.5238713756 -37.7057624687
v 179.942960529 29.7112496123 -37.7057624687
v 179.942960529 31.5868380289 -32.4201051594
v 173.45078963 25.0946671307 166.380986826
v 179.942960529 23.2697135254 164.55603322
v 179.942960529 31.5868380289 161.670528668
v 172.615887579 31.5868380289 165.546084774
v 169.141837991 31.5868380289 172.873157724
v 171.957383231 23.6012607309 172.873157724
v 179.942960529 11.6673594537 172.873157724
v 179.942960529 10.7623101162 173.10652183
v 164.001892123 15.6457696238 177.989981338
v 162.190557369 31.5868380289 176.178646583
v 170.997179751 43.6989492705 -58.763654488
v 178.54908213 51.2508516498 -39.0996408671
v 175.909938961 52.6447300481 -37.7057624687
v 179.232544489 51.9343140089 -37.7057624687
v 179.685705977 52.3874754965 -16.9051250011
v 178.312721537 52.6447300481 -18.2781094412
v 178.474515398 52.6447300481 -16.6478704494
v 179.690068188 52.3918377077 -16.6478704494
v 179.942960529 43.7106036421 -16.6478704494
v 179.942960529 52.6447300481 -15.6358300101
v 174.115071354 46.8168408738 145.98737653
v 179.942960529 45.744586554 144.915122211
v 179.942960529 52.6447300481 139.347554538
v 172.729374738 52.6447300481 144.601679914
v 170.728022059 52.6447300481 151.815265705
v 174.151012903 46.8527824227 151.815265705
v 179.942960529 43.2326166857 151.815265705
v 179.942960529 35.8415424161 156.069970092
v 166.26350335 38.9652728691 159.193700545
v 163.270110544 52.6447300481 156.200307739
v 163.405173723 36.1069432422 172.873157724
v 160.939286464 33.6410559831 174.927375678
v 161.680553618 55.4402151572 -37.7057624687
v 161.739048555 55.4987100939 -34.8517824229
v 158.995584967 73.7026220674 -16.6478704494
v 162.029000819 55.7886623576 -16.6478704494
v 161.929331625 55.688993164 -13.6036073336
v 158.991509967 73.7026220674 -16.5414289913
v 162.795238083 73.7026220674 4.41002156982
v 164.0850647 57.8447262388 4.41002156982
v 179.942960529 56.8687595574 4.41002156982
v 179.942960529 57.8811613477 9.64645286936
v 165.243035304 59.002696843 10.7679883646
v 163.754173346 73.7026220674 9.27912640683
v 171.042009632 73.7026220674 25.4679135891
v 171.528314593 65.2879761319 25.4679135891
v 179.942960529 65.6560338607 25.4679135891
v 179.942960529 70.5044408999 43.3276244408
v 176.540498846 70.300160385 43.1233439259
v 176.259469531 73.7026220674 42.8423146112
v 178.330777474 73.7026220674 46.5258056083
v 178.546784309 72.3064458476 46.5258056083
v 179.942960529 72.3501695935 46.5258056083
v 179.942960529 73.7026220674 60.5675675114
v 176.863479454 70.6231409933 85.5621085728
v 179.942960529 70.4596048902 85.3985724696
v 179.942960529 73.7026220674 69.4859324751
v 176.084495784 73.7026220674 84.7831249024
v 177.092584992 73.7026220674 88.6415896469
v 178.012631571 71.7722931094 88.6415896469
v 179.942960529 71.4100909872 88.6415896469
v 179.942960529 64.9512409538 100.948100553
v 172.150479657 65.9101411958 101.907000795
v 169.902966387 73.7026220674 99.6594875246
v 169.984069216 73.7026220674 109.699481666
v 173.735423072 67.4950846106 109.699481666
v 179.942960529 65.5760762044 109.699481666
v 179.942960529 59.7309683989 116.785720017
v 167.995313491 61.75497503 118.809726648
v 164.404656854 73.7026220674 115.219070011
v 160.607804506 73.7026220674 130.757373685
v 168.55134449 62.3110060288 130.757373685
v 179.942960529 57.561701885 130.757373685
v 179.942960529 54.9918529697 133.104496607
v 164.33782554 58.0974870786 136.210130716
v 159.630335463 73.7026220674 131.502640639
v 162.878071798 56.6377333364 151.815265705
v 161.001517315 54.7611788534 153.93171451
v 158.900018141 73.7175716994 -16.6478704494
v 158.898320761 73.7158743194 -16.6346181975
v 159.463898049 74.2814516074 4.41002156982
v 159.365792367 74.183345925 4.89074542738
v 160.904776931 75.7223304896 25.4679135891
v 160.487731888 75.3052854464 27.0705769681
v 162.549113667 77.3666672251 46.5258056083
v 161.646784069 76.4643376275 49.2875211684
v 163.500268301 78.317821859 67.5836976276
v 179.942960529 73.8334778542 67.5836976276
v 179.942960529 73.7886711542 67.6697467144
v 162.160279479 76.9778330376 70.8589085978
v 163.282332904 78.099886462 88.6415896469
v 161.81725789 76.6348114479 91.5737790273
v 161.856456702 76.6740102604 109.699481666
v 160.753703475 75.571257033 111.568116632
v 159.387143983 74.2046975415 130.757373685
v 159.184590025 74.0021435831 131.056895201
v 180.090284424 -73.7026220674 67.5836976276
v 180.042348099 -73.7026220674 67.6830851984
v 182.331329205 -52.6447300481 4.41002156982
v 182.475523939 -52.6447300481 6.94258497987
v 188.375497061 -52.6447300481 25.4679135891
v 189.811691269 -52.6447300481 35.3366443292
v 194.622014775 -52.6447300481 46.5258056083
v 195.481440894 -52.6447300481 62.0642859743
v 197.679758997 -52.6447300481 67.5836976276
v 181.796988554 -71.8485940421 67.5836976276
v 180.842218656 -72.8033639402 68.4829557548
v 194.928244466 -52.6447300481 82.5689815654
v 196.498451488 -52.6447300481 88.6415896469
v 191.101162203 -52.6447300481 99.7997913213
v 191.746330186 -52.6447300481 109.699481666
v 186.57111561 -52.6447300481 116.327636748
v 184.496377726 -52.6447300481 130.757373685
v 182.166316924 -52.6447300481 132.980730081
v 180.770654129 -31.5868380289 -16.6478704494
v 181.285476867 -31.5868380289 -15.3053541112
v 191.553656677 -31.5868380289 4.41002156982
v 190.439853043 -42.1478375339 4.41002156982
v 201.000852548 -36.3116825741 20.7430690438
v 201.000852548 -31.5868380289 10.8942762817
v 201.000852548 -36.5593680128 25.4679135891
v 201.000852548 -43.245406728 34.8672369092
v 201.000852548 -44.6620246829 46.5258056083
v 201.000852548 -47.7859546859 51.3845809706
v 201.000852548 -48.498429895 67.5836976276
v 201.000852548 -49.558531735 70.6698959408
v 201.000852548 -46.9390235254 88.6415896469
v 201.000852548 -46.5319137129 94.7544059821
v 201.000852548 -40.6077331043 109.699481666
v 201.000852548 -31.5868380289 127.539774842
v 198.983051215 -33.6046393612 128.739572353
v 199.748332185 -31.5868380289 129.504853322
v 199.822964858 -31.5868380289 130.757373685
v 197.842567029 -34.7451235477 130.757373685
v 184.731353272 -47.856337305 135.545766428
v 189.778763066 -31.5868380289 140.593176223
v 187.224416909 -31.5868380289 151.815265705
v 183.099236568 -31.5868380289 154.971541744
v 185.672283755 -10.5289460096 -37.7057624687
v 186.543316003 -10.5289460096 -31.1054069943
v 188.112109635 -10.5289460096 -16.6478704494
v 182.418172449 -29.1116261084 -16.6478704494
v 201.000852548 -15.7599922175 -0.821024638044
v 201.000852548 -10.5289460096 -6.50457688115
v 201.000852548 -18.0019511308 4.41002156982
v 201.000852548 -27.9345401699 8.06231942877
v 201.000852548 -28.9764913286 130.757373685
v 201.000852548 -10.5289460096 141.365204903
v 194.851242119 -16.6785564388 145.665655275
v 195.795868156 -10.5289460096 146.610281312
v 195.061781664 -10.5289460096 151.815265705
v 192.447429412 -19.0823691454 151.815265705
v 184.247621139 -27.2821774182 156.119926315
v 186.45227227 -10.5289460096 158.324577446
v 180.288692475 -10.5289460096 172.873157724
v 180.077889369 -10.5289460096 173.008086564
v 185.672283755 10.5289460096 -37.7057624687
v 185.672283755 -4.7996227827 -37.7057624687
v 186.543316003 -3.9285905352 -31.1054069943
v 186.543316003 10.5289460096 -31.1054069943
v 188.112109635 10.5289460096 -16.6478704494
v 188.112109635 -2.3597969028 -16.6478704494
v 201.000852548 -0.385652441346 -6.50457688115
v 201.000852548 10.5289460096 -6.50457688115
v 195.795868156 5.32396161747 146.610281312
v 201.000852548 0.0788852079964 141.365204903
v 201.000852548 10.5289460096 141.365204903
v 195.795868156 10.5289460096 146.610281312
v 195.061781664 10.5289460096 151.815265705
v 195.061781664 4.58987512592 151.815265705
v 186.45227227 -4.01963426851 158.324577446
v 186.45227227 10.5289460096 158.324577446
v 180.288692475 10.5289460096 172.873157724
v 180.288692475 -10.1832140627 172.873157724
v 180.077889369 -10.3940171693 173.008086564
v 180.077889369 10.5289460096 173.008086564
v 182.386599291 12.9725847722 -37.7057624687
v 182.532730446 13.1187159268 -35.1159925515
v 180.770654129 31.5868380289 -16.6478704494
v 183.374533949 13.9605194296 -16.6478704494
v 185.096384697 15.6823701784 -11.4944462807
v 181.285476867 31.5868380289 -15.3053541112
v 191.553656677 31.5868380289 4.41002156982
v 192.00252881 22.5885142908 4.41002156982
v 201.000852548 18.0019511308 4.41002156982
v 201.000852548 31.5868380289 10.8942762817
v 199.895633475 30.4816189562 129.652154613
v 201.000852548 29.7782006978 128.948736354
v 201.000852548 31.5868380289 127.539774842
v 199.748332185 31.5868380289 129.504853322
v 199.822964858 31.5868380289 130.757373685
v 200.052478723 30.6384642041 130.757373685
v 201.000852548 28.9764913286 130.757373685
v 201.000852548 16.1823606942 136.41078837
v 190.978762387 21.5647478676 141.793175543
v 189.778763066 31.5868380289 140.593176223
v 187.224416909 31.5868380289 151.815265705
v 190.035229596 20.6212150771 151.815265705
v 184.889390124 15.4753756051 156.7616953
v 183.099236568 31.5868380289 154.971541744
v 180.181425886 10.7674113669 172.873157724
v 180.050812725 10.6367982061 172.98100992
v 180.139346047 31.7832235475 -16.6478704494
v 180.125918795 31.7697962957 -16.4649121826
v 182.331329205 52.6447300481 4.41002156982
v 182.819063115 34.4629406156 4.41002156982
v 182.987901563 34.6317790636 7.45496260449
v 182.475523939 52.6447300481 6.94258497987
v 188.375497061 52.6447300481 25.4679135891
v 189.172282596 40.8161600967 25.4679135891
v 201.000852548 36.5593680128 25.4679135891
v 201.000852548 37.6911917151 31.5722672753
v 190.629318356 42.2731958559 36.1542714161
v 189.811691269 52.6447300481 35.3366443292
v 194.622014775 52.6447300481 46.5258056083
v 195.412864261 47.0567417612 46.5258056083
v 201.000852548 44.6620246829 46.5258056083
v 201.000852548 45.6343412561 60.5733088356
v 196.200582604 47.844460104 62.7834276834
v 195.481440894 52.6447300481 62.0642859743
v 197.679758997 52.6447300481 67.5836976276
v 198.301403871 49.9452813708 67.5836976276
v 201.000852548 48.498429895 67.5836976276
v 201.000852548 45.3446236981 81.3414832969
v 195.91730699 47.5611844903 83.558044089
v 194.928244466 52.6447300481 82.5689815654
v 196.498451488 52.6447300481 88.6415896469
v 197.570983063 49.2148605636 88.6415896469
v 201.000852548 46.9390235254 88.6415896469
v 201.000852548 41.1047363501 98.159487968
v 192.824414234 44.468291734 101.523043352
v 191.101162203 52.6447300481 99.7997913213
v 191.746330186 52.6447300481 109.699481666
v 194.288683905 45.9325614051 109.699481666
v 201.000852548 40.6077331043 109.699481666
v 201.000852548 36.0624950223 114.17513866
v 189.101964164 40.7458416647 118.858485302
v 186.57111561 52.6447300481 116.327636748
v 184.496377726 52.6447300481 130.757373685
v 189.440694521 41.0845720213 130.757373685
v 185.420186727 37.0640642277 136.234599884
v 182.166316924 52.6447300481 132.980730081
v 183.626243014 35.2701205146 151.815265705
v 181.906512413 33.5503899135 153.778817589
v 180.583786179 53.2855556989 4.41002156982
v 180.489203224 53.1909727432 4.95626426483
v 182.367337036 55.0691065554 25.4679135891
v 181.949195308 54.6509648271 27.4741483681
v 184.481652915 57.1834224349 46.5258056083
v 183.531873795 56.2336433149 50.1147188751
v 180.090284424 73.7026220674 67.5836976276
v 185.848444239 58.550213759 67.5836976276
v 184.319010244 57.0207797634 71.9597473429
v 180.042348099 73.7026220674 67.6830851984
v 185.860903864 58.5626733834 88.6415896469
v 184.018940266 56.720709786 92.7175693847
v 184.440658169 57.1424276882 109.699481666
v 182.827818909 55.5295884286 112.584340047
v 181.775960523 54.4777300424 130.757373685
v 181.045086165 53.7468556843 131.859499322
v 179.990159992 73.7498215312 67.5836976276
v 179.977326871 73.7369884097 67.6180639699
v 202.538437528 -31.5868380289 25.4679135891
v 202.363043149 -31.5868380289 26.8301041906
v 205.57511724 -31.5868380289 46.5258056083
v 204.873332628 -31.5868380289 50.3982856886
v 207.622334196 -31.5868380289 67.5836976276
v 206.078691901 -31.5868380289 72.6615369807
v 207.572747064 -31.5868380289 88.6415896469
v 205.44738325 -31.5868380289 93.088120349
v 205.120655731 -31.5868380289 109.699481666
v 203.459806238 -31.5868380289 112.158435356
v 201.680162434 -10.5289460096 4.41002156982
v 201.64279914 -10.5289460096 5.05196816203
v 205.509048914 -10.5289460096 25.4679135891
v 203.398157792 -29.189532785 25.4679135891
v 203.36649668 -29.221193897 27.833557721
v 205.456165476 -10.5289460096 29.9232265176
v 210.068196474 -10.5289460096 46.5258056083
v 208.092743287 -24.4949472893 46.5258056083
v 207.654863886 -24.9328266907 53.1798169465
v 209.583299933 -10.5289460096 55.1082529932
v 213.052328395 -10.5289460096 67.5836976276
v 211.205891417 -21.3817991594 67.5836976276
v 209.210352859 -23.3773377175 75.793197939
v 211.029365085 -10.5289460096 77.6122101644
v 213.19235381 -10.5289460096 88.6415896469
v 211.046588277 -21.5411023001 88.6415896469
v 207.661046549 -24.9266440281 95.3017836477
v 209.651752176 -10.5289460096 97.2924892749
v 210.404139758 -10.5289460096 109.699481666
v 207.232682812 -25.3550077646 109.699481666
v 204.442186931 -28.145503646 113.140816049
v 206.74359563 -10.5289460096 115.442224748
v 205.198763408 -10.5289460096 130.757373685
v 203.257963951 -10.5289460096 133.014485088
v 201.680162434 10.5289460096 4.41002156982
v 201.680162434 -9.84963612313 4.41002156982
v 201.64279914 -9.88699941742 5.05196816203
v 201.64279914 10.5289460096 5.05196816203
v 205.509048914 10.5289460096 25.4679135891
v 205.509048914 -6.02074964333 25.4679135891
v 205.456165476 -6.07363308112 29.9232265176
v 205.456165476 10.5289460096 29.9232265176
v 210.068196474 10.5289460096 46.5258056083
v 210.068196474 -1.46160208318 46.5258056083
v 209.583299933 -1.94649862479 55.1082529932
v 209.583299933 10.5289460096 55.1082529932
v 213.052328395 10.5289460096 67.5836976276
v 213.052328395 1.52252983795 67.5836976276
v 211.029365085 -0.500433472839 77.6122101644
v 211.029365085 10.5289460096 77.6122101644
v 213.19235381 10.5289460096 88.6415896469
v 213.19235381 1.6625552526 88.6415896469
v 209.651752176 -1.87804638157 97.2924892749
v 209.651752176 10.5289460096 97.2924892749
v 210.404139758 10.5289460096 109.699481666
v 210.404139758 -1.12565879984 109.699481666
v 206.74359563 -4.78620292767 115.442224748
v 206.74359563 10.5289460096 115.442224748
v 205.198763408 10.5289460096 130.757373685
v 205.198763408 -6.33103514989 130.757373685
v 203.257963951 -8.2718346067 133.014485088
v 203.257963951 10.5289460096 133.014485088
v 201.447773497 10.9758669588 4.41002156982
v 201.399148301 10.9272417628 4.80831732302
v 202.538437528 31.5868380289 25.4679135891
v 204.01458037 13.542673832 25.4679135891
v 203.69403224 13.2221257017 28.1610932811
v 202.363043149 31.5868380289 26.8301041906
v 205.57511724 31.5868380289 46.5258056083
v 207.158481702 16.6865751633 46.5258056083
v 206.291749221 15.8198426825 51.8167022812
v 204.873332628 31.5868380289 50.3982856886
v 207.622334196 31.5868380289 67.5836976276
v 209.3172336 18.8453270616 67.5836976276
v 207.557933359 17.0860268208 74.1407784387
v 206.078691901 31.5868380289 72.6615369807
v 207.572747064 31.5868380289 88.6415896469
v 209.552736752 19.0808302137 88.6415896469
v 207.054639224 16.5827326854 94.6953763227
v 205.44738325 31.5868380289 93.088120349
v 205.120655731 31.5868380289 109.699481666
v 207.703169851 17.231263313 109.699481666
v 205.263198231 14.7912916931 113.96182735
v 203.459806238 31.5868380289 112.158435356
v 204.037637059 13.5657305205 130.757373685
v 202.755034281 12.2831277431 132.511555419
v 201.771637436 32.357622917 25.4679135891
v 201.640570371 32.2265558524 26.1076314126
v 203.352442357 33.9384278382 46.5258056083
v 202.873168569 33.45915405 48.3981216294
v 204.490619602 35.0766050834 67.5836976276
v 203.619335409 34.2053208901 70.2021804888
v 204.550510499 35.1364959796 88.6415896469
v 203.481464926 34.0674504069 91.1222020249
v 203.279377228 33.8653627087 109.699481666
v 202.479801204 33.0657866854 111.178430323
f 1 3 2
f 1 4 3
f 1 5 4
f 1 6 5
f 1 7 6
f 1 2 7
f 6 9 8
f 6 7 9
f 6 8 10
f 6 10 5
f 8 11 10
f 8 12 11
f 8 13 12
f 8 9 13
f 12 15 14
f 12 13 15
f 12 14 16
f 12 16 11
f 14 17 16
f 14 18 17
f 14 19 18
f 14 15 19
f 18 21 20
f 18 19 21
f 18 20 22
f 18 22 17
f 20 23 22
f 20 24 23
f 20 25 24
f 20 21 25
f 24 27 26
f 24 25 27
f 24 26 28
f 24 28 23
f 26 29 28
f 26 30 29
f 26 31 30
f 26 27 31
f 30 31 32
f 30 32 29
f 33 35 34
f 33 36 35
f 33 37 36
f 33 38 37
f 33 39 38
f 33 34 39
f 38 41 40
f 38 39 41
f 38 40 42
f 38 42 37
f 40 43 42
f 40 44 43
f 4 44 40
f 4 5 44
f 4 40 41
f 4 41 3
f 5 45 44
f 44 45 46
f 44 46 43
f 45 47 46
f 45 48 47
f 10 48 45
f 10 11 48
f 10 45 5
f 11 49 48
f 48 49 50
f 48 50 47
f 49 51 50
f 49 52 51
f 16 52 49
f 16 17 52
f 16 49 11
f 17 53 52
f 52 53 54
f 52 54 51
f 53 55 54
f 53 56 55
f 22 56 53
f 22 23 56
f 22 53 17
f 23 57 56
f 56 57 58
f 56 58 55
f 57 59 58
f 57 60 59
f 28 60 57
f 28 29 60
f 28 57 23
f 29 61 60
f 60 61 62
f 60 62 59
f 61 63 62
f 61 64 63
f 61 65 64
f 29 65 61
f 29 32 65
f 64 65 66
f 64 66 63
f 67 69 68
f 67 70 69
f 67 71 70
f 67 72 71
f 36 72 67
f 36 37 72
f 36 67 68
f 36 68 35
f 37 73 72
f 72 73 74
f 72 74 71
f 73 75 74
f 73 76 75
f 42 76 73
f 42 43 76
f 42 73 37
f 43 77 76
f 76 77 78
f 76 78 75
f 77 79 78
f 77 80 79
f 46 80 77
f 46 47 80
f 46 77 43
f 47 81 80
f 80 81 82
f 80 82 79
f 81 83 82
f 81 84 83
f 50 84 81
f 50 51 84
f 50 81 47
f 51 85 84
f 84 85 86
f 84 86 83
f 85 87 86
f 85 88 87
f 54 88 85
f 54 55 88
f 54 85 51
f 55 89 88
f 88 89 90
f 88 90 87
f 89 91 90
f 89 92 91
f 58 92 89
f 58 59 92
f 58 89 55
f 59 93 92
f 92 93 94
f 92 94 91
f 93 95 94
f 93 96 95
f 62 96 93
f 62 63 96
f 62 93 59
f 63 97 96
f 63 98 97
f 96 97 95
f 63 66 98
f 70 71 99
f 70 99 69
f 71 100 101
f 71 101 99
f 100 102 101
f 100 103 102
f 100 104 103
f 74 104 100
f 74 75 104
f 74 100 71
f 75 105 104
f 104 105 106
f 104 106 103
f 105 107 106
f 105 108 107
f 78 108 105
f 78 79 108
f 78 105 75
f 79 109 108
f 108 109 110
f 108 110 107
f 109 111 110
f 109 112 111
f 82 112 109
f 82 83 112
f 82 109 79
f 83 113 112
f 112 113 114
f 112 114 111
f 113 115 114
f 113 116 115
f 86 116 113
f 86 87 116
f 86 113 83
f 87 117 116
f 116 117 118
f 116 118 115
f 117 119 118
f 117 120 119
f 90 120 117
f 90 91 120
f 90 117 87
f 91 121 120
f 91 122 121
f 120 121 119
f 94 95 123
f 94 122 91
f 94 123 122
f 95 124 123
f 95 97 124
f 102 103 125
f 102 125 101
f 103 126 125
f 106 107 127
f 106 126 103
f 106 127 126
f 107 128 127
f 110 111 129
f 110 128 107
f 110 129 128
f 111 130 129
f 114 115 131
f 114 130 111
f 114 131 130
f 115 132 131
f 118 119 133
f 118 132 115
f 118 133 132
f 119 134 133
f 119 121 134
f 135 137 136
f 135 138 137
f 135 139 138
f 135 140 139
f 135 141 140
f 135 136 141
f 140 141 142
f 140 142 139
f 143 145 144
f 143 146 145
f 143 147 146
f 143 148 147
f 143 149 148
f 143 144 149
f 148 151 150
f 148 149 151
f 148 150 152
f 148 152 147
f 150 153 152
f 150 154 153
f 150 155 154
f 150 151 155
f 154 157 156
f 154 155 157
f 154 156 158
f 154 158 153
f 156 159 158
f 156 160 159
f 156 161 160
f 156 157 161
f 160 163 162
f 160 161 163
f 160 162 164
f 160 164 159
f 162 165 164
f 162 166 165
f 138 166 162
f 138 139 166
f 138 162 163
f 138 163 137
f 139 167 166
f 166 167 168
f 166 168 165
f 167 169 168
f 167 170 169
f 167 171 170
f 139 171 167
f 139 142 171
f 170 173 172
f 170 171 173
f 170 172 174
f 170 174 169
f 172 175 174
f 172 176 175
f 172 177 176
f 172 173 177
f 176 179 178
f 176 177 179
f 176 178 180
f 176 180 175
f 178 181 180
f 178 182 181
f 178 183 182
f 178 179 183
f 182 183 184
f 182 184 181
f 185 187 186
f 185 188 187
f 185 189 188
f 185 190 189
f 185 191 190
f 185 186 191
f 190 193 192
f 190 191 193
f 190 192 194
f 190 194 189
f 192 195 194
f 192 196 195
f 146 196 192
f 146 147 196
f 146 192 193
f 146 193 145
f 147 197 196
f 196 197 198
f 196 198 195
f 2 198 197
f 2 3 198
f 2 197 199
f 2 199 7
f 152 199 197
f 152 153 199
f 152 197 147
f 153 200 199
f 199 200 7
f 7 200 9
f 9 200 201
f 9 201 13
f 158 201 200
f 158 159 201
f 158 200 153
f 159 202 201
f 201 202 13
f 13 202 15
f 15 202 203
f 15 203 19
f 164 203 202
f 164 165 203
f 164 202 159
f 165 204 203
f 203 204 19
f 19 204 21
f 21 204 205
f 21 205 25
f 168 205 204
f 168 169 205
f 168 204 165
f 169 206 205
f 205 206 25
f 25 206 27
f 27 206 207
f 27 207 31
f 174 207 206
f 174 175 207
f 174 206 169
f 175 208 207
f 207 208 31
f 31 208 209
f 31 209 32
f 208 210 209
f 180 210 208
f 180 181 210
f 180 208 175
f 181 211 210
f 210 211 212
f 210 212 209
f 211 213 212
f 211 214 213
f 211 215 214
f 181 215 211
f 181 184 215
f 214 215 216
f 214 216 213
f 217 219 218
f 217 220 219
f 217 221 220
f 217 222 221
f 217 223 222
f 217 218 223
f 222 225 224
f 222 223 225
f 222 224 226
f 222 226 221
f 224 227 226
f 224 228 227
f 188 228 224
f 188 189 228
f 188 224 225
f 188 225 187
f 189 229 228
f 228 229 230
f 228 230 227
f 34 230 229
f 34 35 230
f 34 229 231
f 34 231 39
f 194 231 229
f 194 195 231
f 194 229 189
f 195 232 231
f 231 232 39
f 39 232 41
f 41 232 3
f 3 232 198
f 198 232 195
f 32 233 65
f 32 209 233
f 209 234 233
f 233 234 65
f 65 234 235
f 65 235 66
f 234 236 235
f 212 236 234
f 212 213 236
f 212 234 209
f 213 237 236
f 236 237 238
f 236 238 235
f 237 239 238
f 237 240 239
f 237 241 240
f 213 241 237
f 213 216 241
f 240 241 242
f 240 242 239
f 243 245 244
f 243 246 245
f 243 247 246
f 243 248 247
f 220 248 243
f 220 221 248
f 220 243 244
f 220 244 219
f 221 249 248
f 248 249 250
f 248 250 247
f 249 251 250
f 249 252 251
f 226 252 249
f 226 227 252
f 226 249 221
f 227 253 252
f 252 253 254
f 252 254 251
f 68 254 253
f 68 69 254
f 68 253 35
f 35 253 230
f 230 253 227
f 98 255 97
f 98 256 255
f 98 66 256
f 66 235 256
f 235 257 256
f 256 257 258
f 256 258 255
f 257 259 258
f 257 260 259
f 238 260 257
f 238 239 260
f 238 257 235
f 239 261 260
f 239 262 261
f 260 261 259
f 239 242 262
f 246 247 263
f 246 263 245
f 247 264 265
f 247 265 263
f 264 266 265
f 264 267 266
f 264 268 267
f 250 268 264
f 250 251 268
f 250 264 247
f 251 269 268
f 268 269 270
f 268 270 267
f 269 271 270
f 69 271 269
f 69 99 271
f 69 269 254
f 254 269 251
f 99 272 271
f 99 101 272
f 122 273 121
f 122 123 273
f 123 274 273
f 123 275 274
f 123 124 275
f 124 276 275
f 124 97 276
f 97 255 276
f 255 277 276
f 255 278 277
f 276 277 275
f 258 259 279
f 258 278 255
f 258 279 278
f 259 280 279
f 259 261 280
f 266 267 281
f 266 281 265
f 267 282 283
f 267 283 281
f 282 284 283
f 282 285 284
f 282 286 285
f 270 286 282
f 270 271 286
f 270 282 267
f 271 287 286
f 286 287 288
f 286 288 285
f 287 289 288
f 101 289 287
f 101 125 289
f 101 287 272
f 272 287 271
f 125 290 289
f 125 291 290
f 125 126 291
f 126 127 291
f 127 292 291
f 127 293 292
f 127 128 293
f 128 129 293
f 129 294 293
f 129 295 294
f 129 130 295
f 130 131 295
f 131 296 295
f 131 297 296
f 131 132 297
f 132 133 297
f 133 298 297
f 133 299 298
f 133 134 299
f 134 300 299
f 134 121 300
f 121 273 300
f 273 301 300
f 273 302 301
f 300 301 299
f 274 275 303
f 274 302 273
f 274 303 302
f 275 304 303
f 275 277 304
f 284 285 305
f 284 305 283
f 285 306 305
f 288 289 307
f 288 306 285
f 288 307 306
f 289 308 307
f 290 291 309
f 290 308 289
f 290 309 308
f 291 310 311
f 291 311 309
f 310 312 311
f 310 313 312
f 310 314 313
f 292 314 310
f 292 293 314
f 292 310 291
f 293 315 314
f 293 316 315
f 314 315 313
f 294 295 317
f 294 316 293
f 294 317 316
f 295 318 317
f 296 297 319
f 296 318 295
f 296 319 318
f 297 320 319
f 298 299 321
f 298 320 297
f 298 321 320
f 299 322 321
f 299 301 322
f 312 313 323
f 312 323 311
f 313 324 323
f 313 315 324
f 325 327 326
f 325 328 327
f 325 329 328
f 325 330 329
f 325 331 330
f 325 326 331
f 330 333 332
f 330 331 333
f 330 332 334
f 330 334 329
f 332 335 334
f 332 336 335
f 332 337 336
f 332 333 337
f 336 339 338
f 336 337 339
f 336 338 340
f 336 340 335
f 338 341 340
f 338 342 341
f 338 343 342
f 338 339 343
f 342 345 344
f 342 343 345
f 342 344 346
f 342 346 341
f 344 347 346
f 344 348 347
f 344 349 348
f 344 345 349
f 348 351 350
f 348 349 351
f 348 350 352
f 348 352 347
f 136 352 350
f 136 137 352
f 136 350 353
f 136 353 141
f 350 354 353
f 350 351 354
f 353 356 355
f 353 354 356
f 353 355 141
f 141 355 357
f 141 357 142
f 355 358 357
f 355 359 358
f 355 356 359
f 358 361 360
f 358 359 361
f 358 360 362
f 358 362 357
f 360 363 362
f 360 364 363
f 360 365 364
f 360 361 365
f 364 367 366
f 364 365 367
f 364 366 368
f 364 368 363
f 366 369 368
f 366 370 369
f 366 371 370
f 366 367 371
f 370 371 372
f 370 372 369
f 373 375 374
f 373 376 375
f 373 377 376
f 373 378 377
f 373 379 378
f 373 374 379
f 378 381 380
f 378 379 381
f 378 380 382
f 378 382 377
f 380 383 382
f 380 384 383
f 328 384 380
f 328 329 384
f 328 380 381
f 328 381 327
f 329 385 384
f 384 385 386
f 384 386 383
f 144 386 385
f 144 145 386
f 144 387 385
f 144 387 149
f 334 385 387
f 334 335 387
f 334 385 329
f 335 388 387
f 387 388 149
f 149 388 151
f 151 388 389
f 151 389 155
f 340 389 388
f 340 341 389
f 340 388 335
f 341 390 389
f 389 390 155
f 155 390 157
f 157 390 391
f 157 391 161
f 346 391 390
f 346 347 391
f 346 390 341
f 347 392 391
f 391 392 161
f 161 392 163
f 163 392 137
f 137 392 352
f 352 392 347
f 142 393 171
f 142 357 393
f 357 394 393
f 393 394 171
f 171 394 173
f 173 394 395
f 173 395 177
f 362 395 394
f 362 363 395
f 362 394 357
f 363 396 395
f 395 396 177
f 177 396 179
f 179 396 397
f 179 397 183
f 368 397 396
f 368 369 397
f 368 396 363
f 369 398 397
f 397 398 183
f 183 398 399
f 183 399 184
f 398 400 399
f 398 401 400
f 369 401 398
f 369 372 401
f 400 401 402
f 400 402 399
f 403 405 404
f 403 406 405
f 403 407 406
f 403 408 407
f 403 409 408
f 403 404 409
f 408 411 410
f 408 409 411
f 408 410 412
f 408 412 407
f 410 413 412
f 410 414 413
f 376 414 410
f 376 377 414
f 376 410 411
f 376 411 375
f 377 415 414
f 414 415 416
f 414 416 413
f 186 416 415
f 186 187 416
f 186 415 417
f 186 417 191
f 382 417 415
f 382 383 417
f 382 415 377
f 383 418 417
f 417 418 191
f 191 418 193
f 193 418 145
f 145 418 386
f 386 418 383
f 184 419 215
f 184 399 419
f 399 420 419
f 419 420 215
f 215 420 421
f 215 421 216
f 420 422 421
f 420 423 422
f 399 423 420
f 399 402 423
f 422 423 424
f 422 424 421
f 425 427 426
f 425 428 427
f 425 429 428
f 425 430 429
f 406 430 425
f 406 407 430
f 406 425 426
f 406 426 405
f 407 431 430
f 430 431 432
f 430 432 429
f 218 432 431
f 218 219 432
f 218 431 433
f 218 433 223
f 412 433 431
f 412 413 433
f 412 431 407
f 413 434 433
f 433 434 223
f 223 434 225
f 225 434 187
f 187 434 416
f 416 434 413
f 216 435 241
f 216 421 435
f 421 436 435
f 421 437 436
f 435 438 241
f 435 436 438
f 241 438 242
f 421 424 437
f 439 441 440
f 439 442 441
f 439 443 442
f 439 444 443
f 428 444 439
f 428 429 444
f 428 439 440
f 428 440 427
f 429 445 444
f 444 445 446
f 444 446 443
f 244 446 445
f 244 245 446
f 244 445 219
f 219 445 432
f 432 445 429
f 447 448 449
f 447 449 450
f 262 450 261
f 262 447 450
f 262 242 447
f 242 438 447
f 438 436 448
f 438 448 447
f 451 453 452
f 451 454 453
f 451 455 454
f 451 456 455
f 442 456 451
f 442 443 456
f 442 451 452
f 442 452 441
f 443 457 456
f 456 457 458
f 456 458 455
f 457 459 458
f 245 459 457
f 245 263 459
f 245 457 446
f 446 457 443
f 263 460 459
f 263 265 460
f 278 461 277
f 278 279 461
f 462 463 464
f 279 464 461
f 279 462 464
f 279 280 462
f 280 261 462
f 261 450 462
f 450 449 463
f 450 463 462
f 454 455 465
f 454 465 453
f 455 466 467
f 455 467 465
f 466 468 467
f 466 469 468
f 466 470 469
f 458 470 466
f 458 459 470
f 458 466 455
f 459 471 470
f 470 471 472
f 470 472 469
f 471 473 472
f 265 473 471
f 265 281 473
f 265 471 460
f 460 471 459
f 281 474 473
f 281 283 474
f 302 475 301
f 302 303 475
f 476 477 478
f 303 478 475
f 303 476 478
f 303 304 476
f 304 277 476
f 277 461 479
f 277 479 476
f 476 479 477
f 461 480 479
f 461 464 480
f 468 469 481
f 468 481 467
f 469 482 483
f 469 483 481
f 482 484 483
f 482 485 484
f 482 486 485
f 472 486 482
f 472 473 486
f 472 482 469
f 473 487 486
f 486 487 488
f 486 488 485
f 487 489 488
f 283 489 487
f 283 305 489
f 283 487 474
f 474 487 473
f 305 490 489
f 305 491 490
f 305 306 491
f 306 307 491
f 307 492 491
f 307 493 492
f 307 308 493
f 308 309 493
f 309 494 493
f 309 311 494
f 316 495 315
f 316 317 495
f 317 496 495
f 317 497 496
f 317 318 497
f 318 319 497
f 319 498 497
f 319 499 498
f 319 320 499
f 320 321 499
f 500 501 502
f 321 502 499
f 321 500 502
f 321 322 500
f 322 301 500
f 301 475 503
f 301 503 500
f 500 503 501
f 475 504 503
f 475 478 504
f 484 485 505
f 484 505 483
f 485 506 505
f 488 489 507
f 488 506 485
f 488 507 506
f 489 508 507
f 490 491 509
f 490 508 489
f 490 509 508
f 491 510 509
f 492 493 511
f 492 510 491
f 492 511 510
f 493 512 511
f 311 323 513
f 311 514 494
f 311 513 514
f 494 512 493
f 494 514 512
f 513 515 514
f 513 516 515
f 513 323 516
f 323 324 516
f 324 315 516
f 315 495 517
f 315 517 516
f 516 517 515
f 495 518 517
f 496 497 519
f 496 518 495
f 496 519 518
f 497 520 519
f 498 499 521
f 498 520 497
f 498 521 520
f 499 522 521
f 499 502 522
f 523 525 524
f 523 526 525
f 523 527 526
f 523 528 527
f 523 529 528
f 523 524 529
f 528 531 530
f 528 529 531
f 528 530 532
f 528 532 527
f 530 533 532
f 530 534 533
f 530 535 534
f 530 531 535
f 534 537 536
f 534 535 537
f 534 536 538
f 534 538 533
f 536 539 538
f 536 540 539
f 536 541 540
f 536 537 541
f 540 543 542
f 540 541 543
f 540 542 544
f 540 544 539
f 542 545 544
f 542 546 545
f 542 547 546
f 542 543 547
f 546 549 548
f 546 547 549
f 546 548 550
f 546 550 545
f 548 551 550
f 548 552 551
f 548 553 552
f 548 549 553
f 552 553 554
f 552 554 551
f 555 557 556
f 555 558 557
f 555 559 558
f 555 560 559
f 555 561 560
f 555 556 561
f 560 563 562
f 560 561 563
f 560 562 564
f 560 564 559
f 326 564 562
f 326 327 564
f 326 562 565
f 326 565 331
f 562 566 565
f 562 563 566
f 565 568 567
f 565 566 568
f 565 567 331
f 331 567 333
f 333 569 567
f 333 569 337
f 526 567 569
f 526 527 569
f 526 567 568
f 526 568 525
f 527 570 569
f 569 570 337
f 337 570 339
f 339 570 571
f 339 571 343
f 532 571 570
f 532 533 571
f 532 570 527
f 533 572 571
f 571 572 343
f 343 572 345
f 345 572 573
f 345 573 349
f 538 573 572
f 538 539 573
f 538 572 533
f 539 574 573
f 573 574 349
f 349 574 351
f 351 574 575
f 351 575 354
f 544 575 574
f 544 545 575
f 544 574 539
f 545 576 575
f 575 576 354
f 354 576 356
f 356 576 577
f 356 577 359
f 550 577 576
f 550 551 577
f 550 576 545
f 551 578 577
f 577 578 359
f 359 578 361
f 361 578 579
f 361 579 365
f 578 580 579
f 551 580 578
f 551 554 580
f 579 582 581
f 579 580 582
f 579 581 365
f 365 581 367
f 367 581 583
f 367 583 371
f 581 584 583
f 581 582 584
f 583 586 585
f 583 584 586
f 583 585 371
f 371 585 587
f 371 587 372
f 585 588 587
f 585 589 588
f 585 586 589
f 588 589 590
f 588 590 587
f 591 593 592
f 591 594 593
f 591 595 594
f 591 596 595
f 591 597 596
f 591 592 597
f 596 599 598
f 596 597 599
f 596 598 600
f 596 600 595
f 598 601 600
f 598 602 601
f 598 603 602
f 598 599 603
f 602 605 604
f 602 603 605
f 602 604 606
f 602 606 601
f 374 606 604
f 374 375 606
f 374 604 607
f 374 607 379
f 558 607 604
f 558 559 607
f 558 604 605
f 558 605 557
f 559 608 607
f 607 608 379
f 379 608 381
f 381 608 327
f 327 608 564
f 564 608 559
f 372 609 401
f 372 587 609
f 587 610 609
f 609 610 401
f 401 610 611
f 401 611 402
f 610 612 611
f 610 613 612
f 587 613 610
f 587 590 613
f 612 613 614
f 612 614 611
f 615 617 616
f 615 618 617
f 615 619 618
f 615 620 619
f 594 620 615
f 594 595 620
f 594 615 616
f 594 616 593
f 595 621 620
f 620 621 622
f 620 622 619
f 404 622 621
f 404 405 622
f 404 621 623
f 404 623 409
f 600 623 621
f 600 601 623
f 600 621 595
f 601 624 623
f 623 624 409
f 409 624 411
f 411 624 375
f 375 624 606
f 606 624 601
f 402 625 423
f 402 611 625
f 611 626 625
f 611 627 626
f 625 628 423
f 625 626 628
f 423 628 424
f 611 614 627
f 629 631 630
f 629 632 631
f 629 633 632
f 629 634 633
f 629 635 634
f 629 630 635
f 634 637 636
f 634 635 637
f 634 636 638
f 634 638 633
f 636 639 638
f 636 640 639
f 618 640 636
f 618 619 640
f 618 636 637
f 618 637 617
f 619 641 640
f 640 641 642
f 640 642 639
f 426 642 641
f 426 427 642
f 426 641 405
f 405 641 622
f 622 641 619
f 437 643 436
f 437 644 643
f 437 424 644
f 424 645 644
f 424 628 645
f 628 626 645
f 644 645 646
f 644 646 643
f 647 649 648
f 647 650 649
f 647 651 650
f 647 652 651
f 632 652 647
f 632 633 652
f 632 647 648
f 632 648 631
f 633 653 652
f 652 653 654
f 652 654 651
f 653 655 654
f 653 656 655
f 638 656 653
f 638 639 656
f 638 653 633
f 639 657 656
f 656 657 658
f 656 658 655
f 440 658 657
f 440 441 658
f 440 657 427
f 427 657 642
f 642 657 639
f 448 659 449
f 448 660 659
f 448 436 660
f 436 643 660
f 643 661 660
f 643 662 661
f 660 661 659
f 643 646 662
f 650 651 663
f 650 663 649
f 651 664 665
f 651 665 663
f 664 666 665
f 664 667 666
f 664 668 667
f 654 668 664
f 654 655 668
f 654 664 651
f 655 669 668
f 668 669 670
f 668 670 667
f 452 670 669
f 452 453 670
f 452 669 441
f 441 669 658
f 658 669 655
f 671 672 673
f 671 673 674
f 463 674 464
f 463 671 674
f 463 449 671
f 449 659 675
f 449 675 671
f 671 675 672
f 659 676 675
f 659 661 676
f 677 679 678
f 677 680 679
f 677 681 680
f 677 682 681
f 666 682 677
f 666 667 682
f 666 677 678
f 666 678 665
f 667 683 682
f 682 683 684
f 682 684 681
f 683 685 684
f 453 685 683
f 453 465 685
f 453 683 670
f 670 683 667
f 465 686 685
f 465 467 686
f 477 687 478
f 477 479 687
f 688 689 690
f 479 690 687
f 479 688 690
f 479 480 688
f 480 464 688
f 464 674 688
f 674 673 689
f 674 689 688
f 680 681 691
f 680 691 679
f 681 692 691
f 684 685 693
f 684 692 681
f 684 693 692
f 685 694 695
f 685 695 693
f 694 696 695
f 694 697 696
f 467 697 694
f 467 481 697
f 467 694 686
f 686 694 685
f 481 698 697
f 481 483 698
f 501 699 502
f 501 503 699
f 700 701 702
f 503 702 699
f 503 700 702
f 503 504 700
f 504 478 700
f 478 687 703
f 478 703 700
f 700 703 701
f 687 704 703
f 687 690 704
f 696 697 705
f 696 705 695
f 697 706 705
f 483 505 707
f 483 708 698
f 483 707 708
f 698 706 697
f 698 708 706
f 707 709 708
f 707 710 709
f 707 505 710
f 505 711 710
f 505 506 711
f 506 507 711
f 507 712 711
f 507 713 712
f 507 508 713
f 508 509 713
f 509 714 713
f 509 715 714
f 509 510 715
f 510 511 715
f 511 716 715
f 511 717 716
f 511 512 717
f 512 514 717
f 514 718 717
f 514 719 718
f 514 515 719
f 515 517 719
f 720 721 722
f 517 722 719
f 517 720 722
f 517 518 720
f 518 519 723
f 518 723 720
f 720 723 724
f 720 724 721
f 723 725 724
f 723 726 725
f 723 519 726
f 519 520 726
f 520 521 727
f 520 727 726
f 726 727 728
f 726 728 725
f 727 729 728
f 727 730 729
f 727 521 730
f 521 522 730
f 522 502 730
f 502 699 731
f 502 731 730
f 730 731 729
f 699 732 731
f 699 702 732
f 710 711 733
f 710 733 709
f 711 734 733
f 712 713 735
f 712 734 711
f 712 735 734
f 713 736 735
f 714 715 737
f 714 736 713
f 714 737 736
f 715 738 737
f 716 717 739
f 716 738 715
f 716 739 738
f 717 740 739
f 718 719 741
f 718 740 717
f 718 741 740
f 719 742 741
f 719 722 742
f 743 745 744
f 743 746 745
f 743 747 746
f 743 748 747
f 743 749 748
f 743 744 749
f 748 751 750
f 748 749 751
f 748 750 752
f 748 752 747
f 750 753 752
f 750 754 753
f 750 755 754
f 750 751 755
f 754 757 756
f 754 755 757
f 754 756 758
f 754 758 753
f 524 758 756
f 524 525 758
f 524 759 756
f 524 759 529
f 756 759 760
f 756 760 757
f 759 762 761
f 759 760 762
f 759 761 529
f 529 761 531
f 531 761 763
f 531 763 535
f 761 763 764
f 761 762 764
f 763 766 765
f 763 764 766
f 763 765 535
f 535 765 537
f 537 765 767
f 537 767 541
f 765 768 767
f 765 766 768
f 767 770 769
f 767 768 770
f 767 769 541
f 541 769 543
f 543 769 771
f 543 771 547
f 769 772 771
f 769 770 772
f 771 774 773
f 771 772 774
f 771 773 547
f 547 773 549
f 549 773 775
f 549 775 553
f 773 776 775
f 773 774 776
f 775 778 777
f 775 776 778
f 775 777 553
f 553 777 779
f 553 779 554
f 777 780 779
f 777 781 780
f 777 778 781
f 780 781 782
f 780 782 779
f 783 785 784
f 783 786 785
f 783 787 786
f 783 788 787
f 783 789 788
f 783 784 789
f 788 791 790
f 788 789 791
f 788 790 792
f 788 792 787
f 790 793 792
f 790 794 793
f 790 795 794
f 790 791 795
f 794 797 796
f 794 795 797
f 794 796 798
f 794 798 793
f 556 798 796
f 556 557 798
f 556 796 799
f 556 799 561
f 746 799 796
f 746 747 799
f 746 796 797
f 746 797 745
f 747 800 799
f 799 800 561
f 561 800 563
f 563 800 801
f 563 801 566
f 752 801 800
f 752 753 801
f 752 800 747
f 753 802 801
f 801 802 566
f 566 802 568
f 568 802 525
f 525 802 758
f 758 802 753
f 554 803 580
f 554 779 803
f 779 804 803
f 803 804 580
f 580 804 582
f 582 804 805
f 582 805 584
f 804 806 805
f 779 806 804
f 779 782 806
f 805 808 807
f 805 806 808
f 805 807 584
f 584 807 586
f 586 807 809
f 586 809 589
f 807 810 809
f 807 808 810
f 809 810 811
f 809 812 589
f 809 811 812
f 589 812 590
f 813 815 814
f 813 816 815
f 813 817 816
f 813 818 817
f 813 819 818
f 813 814 819
f 818 821 820
f 818 819 821
f 818 820 822
f 818 822 817
f 592 822 820
f 592 593 822
f 592 820 823
f 592 823 597
f 786 823 820
f 786 787 823
f 786 820 821
f 786 821 785
f 787 824 823
f 823 824 597
f 597 824 599
f 599 824 825
f 599 825 603
f 792 825 824
f 792 793 825
f 792 824 787
f 793 826 825
f 825 826 603
f 603 826 605
f 605 826 557
f 557 826 798
f 798 826 793
f 590 827 613
f 590 828 827
f 590 812 828
f 812 811 828
f 827 828 829
f 827 830 613
f 827 829 830
f 613 830 614
f 831 833 832
f 831 834 833
f 831 835 834
f 831 836 835
f 816 836 831
f 816 817 836
f 816 831 832
f 816 832 815
f 817 837 836
f 836 837 838
f 836 838 835
f 616 838 837
f 616 617 838
f 616 837 593
f 593 837 822
f 822 837 817
f 627 839 626
f 627 840 839
f 627 614 840
f 614 841 840
f 614 830 841
f 830 829 841
f 840 841 842
f 840 842 839
f 843 845 844
f 843 846 845
f 843 847 846
f 843 848 847
f 843 849 848
f 843 844 849
f 848 851 850
f 848 849 851
f 848 850 852
f 848 852 847
f 630 852 850
f 630 631 852
f 630 850 853
f 630 853 635
f 834 853 850
f 834 835 853
f 834 850 851
f 834 851 833
f 835 854 853
f 853 854 635
f 635 854 637
f 637 854 617
f 617 854 838
f 838 854 835
f 626 855 645
f 626 839 855
f 839 856 855
f 839 857 856
f 855 858 645
f 855 856 858
f 645 858 646
f 839 842 857
f 859 861 860
f 859 862 861
f 859 863 862
f 859 864 863
f 846 864 859
f 846 847 864
f 846 859 860
f 846 860 845
f 847 865 864
f 864 865 866
f 864 866 863
f 648 866 865
f 648 649 866
f 648 865 631
f 631 865 852
f 852 865 847
f 867 868 869
f 867 869 870
f 662 870 661
f 662 867 870
f 662 646 867
f 646 858 867
f 858 856 868
f 858 868 867
f 862 863 871
f 862 871 861
f 863 872 873
f 863 873 871
f 872 874 873
f 872 875 874
f 649 875 872
f 649 663 875
f 649 872 866
f 866 872 863
f 663 876 875
f 663 665 876
f 672 877 673
f 672 675 877
f 878 879 880
f 675 880 877
f 675 878 880
f 675 676 878
f 676 661 878
f 661 870 878
f 870 869 879
f 870 879 878
f 881 883 882
f 881 884 883
f 881 885 884
f 881 886 885
f 874 886 881
f 874 875 886
f 874 881 882
f 874 882 873
f 875 887 886
f 886 887 888
f 886 888 885
f 678 888 887
f 678 679 888
f 678 887 665
f 665 887 876
f 876 887 875
f 889 890 891
f 889 891 892
f 689 892 690
f 689 889 892
f 689 673 889
f 673 877 893
f 673 893 889
f 889 893 890
f 877 894 893
f 877 880 894
f 884 885 895
f 884 895 883
f 885 896 897
f 885 897 895
f 896 898 897
f 896 899 898
f 679 899 896
f 679 691 899
f 679 896 888
f 888 896 885
f 691 900 899
f 691 901 900
f 691 692 901
f 692 693 901
f 693 902 901
f 693 695 902
f 903 904 905
f 903 905 906
f 701 906 702
f 701 903 906
f 701 703 907
f 701 907 903
f 903 907 908
f 903 908 904
f 907 909 908
f 907 910 909
f 907 703 910
f 703 704 910
f 704 690 910
f 690 892 910
f 892 891 909
f 892 909 910
f 898 899 911
f 898 911 897
f 899 912 911
f 900 901 913
f 900 912 899
f 900 913 912
f 901 914 915
f 901 915 913
f 914 916 915
f 914 917 916
f 695 917 914
f 695 705 917
f 695 914 902
f 902 914 901
f 705 918 917
f 705 919 918
f 705 706 919
f 706 708 919
f 708 920 919
f 708 709 920
f 721 921 722
f 721 724 921
f 922 923 924
f 724 924 921
f 724 922 924
f 724 725 922
f 725 728 925
f 725 925 922
f 922 925 926
f 922 926 923
f 925 927 926
f 925 928 927
f 925 728 928
f 728 729 928
f 729 731 929
f 729 929 928
f 928 929 930
f 928 930 927
f 929 931 930
f 929 932 931
f 929 731 932
f 731 732 932
f 732 702 932
f 702 906 932
f 906 905 931
f 906 931 932
f 916 917 933
f 916 933 915
f 917 934 933
f 918 919 935
f 918 934 917
f 918 935 934
f 919 936 935
f 709 733 937
f 709 938 920
f 709 937 938
f 920 936 919
f 920 938 936
f 937 938 939
f 937 940 939
f 937 733 940
f 733 734 940
f 734 735 941
f 734 941 940
f 940 941 942
f 940 942 939
f 941 943 942
f 941 944 943
f 941 735 944
f 735 736 944
f 736 737 945
f 736 945 944
f 944 945 946
f 944 946 943
f 945 947 946
f 945 948 947
f 945 737 948
f 737 738 948
f 738 739 949
f 738 949 948
f 948 949 950
f 948 950 947
f 949 951 950
f 949 952 951
f 949 739 952
f 739 740 952
f 740 741 953
f 740 953 952
f 952 953 954
f 952 954 951
f 953 955 954
f 953 956 955
f 953 741 956
f 741 742 956
f 742 722 956
f 722 921 957
f 722 957 956
f 956 957 955
f 921 958 957
f 921 924 958
f 959 961 960
f 959 962 961
f 959 963 962
f 959 964 963
f 959 965 964
f 959 960 965
f 964 967 966
f 964 965 967
f 964 966 968
f 964 968 963
f 966 969 968
f 966 970 969
f 966 971 970
f 966 967 971
f 970 971 972
f 970 972 969
f 973 975 974
f 973 976 975
f 973 977 976
f 973 978 977
f 973 979 978
f 973 974 979
f 978 981 980
f 978 979 981
f 978 980 982
f 978 982 977
f 744 982 980
f 744 745 982
f 744 980 983
f 744 983 749
f 980 984 983
f 980 981 984
f 983 986 985
f 983 984 986
f 983 985 749
f 749 985 751
f 751 985 987
f 751 987 755
f 985 988 987
f 985 986 988
f 987 989 990
f 987 988 990
f 987 989 755
f 755 989 757
f 757 989 991
f 757 760 991
f 989 991 992
f 989 990 992
f 991 994 993
f 991 992 994
f 991 993 760
f 760 993 762
f 762 995 993
f 762 995 764
f 962 993 995
f 962 963 995
f 962 993 994
f 962 994 961
f 963 996 995
f 995 996 764
f 764 996 766
f 766 996 997
f 766 997 768
f 968 997 996
f 968 969 997
f 968 996 963
f 969 998 997
f 997 998 768
f 768 998 770
f 770 998 999
f 770 999 772
f 998 1000 999
f 969 1000 998
f 969 972 1000
f 999 1002 1001
f 999 1000 1002
f 999 1001 772
f 772 1001 774
f 774 1001 1003
f 774 1003 776
f 1001 1004 1003
f 1001 1002 1004
f 1003 1006 1005
f 1003 1004 1006
f 1003 1005 776
f 776 1005 778
f 778 1005 1007
f 778 1007 781
f 1005 1008 1007
f 1005 1006 1008
f 1007 1010 1009
f 1007 1008 1010
f 1007 1009 781
f 781 1009 1011
f 781 1011 782
f 1009 1012 1011
f 1009 1013 1012
f 1009 1010 1013
f 1012 1013 1014
f 1012 1014 1011
f 1015 1017 1016
f 1015 1018 1017
f 1015 1019 1018
f 1015 1020 1019
f 1015 1021 1020
f 1015 1016 1021
f 1020 1023 1022
f 1020 1021 1023
f 1020 1022 1024
f 1020 1024 1019
f 784 1024 1022
f 784 785 1024
f 784 1022 1025
f 784 1025 789
f 1022 1026 1025
f 1022 1023 1026
f 1025 1028 1027
f 1025 1026 1028
f 1025 1027 789
f 789 1027 791
f 791 1027 1029
f 791 1029 795
f 976 1029 1027
f 976 977 1029
f 976 1027 1028
f 976 1028 975
f 977 1030 1029
f 1029 1030 795
f 795 1030 797
f 797 1030 745
f 745 1030 982
f 982 1030 977
f 782 1031 806
f 782 1011 1031
f 1011 1032 1031
f 1031 1032 806
f 806 1032 808
f 808 1032 1033
f 808 1033 810
f 1032 1034 1033
f 1011 1034 1032
f 1011 1014 1034
f 1033 1034 1035
f 1033 1036 810
f 1033 1035 1036
f 810 1036 811
f 1037 1039 1038
f 1037 1040 1039
f 1037 1041 1040
f 1037 1042 1041
f 1037 1043 1042
f 1037 1038 1043
f 1042 1045 1044
f 1042 1043 1045
f 1042 1044 1046
f 1042 1046 1041
f 814 1046 1044
f 814 815 1046
f 814 1044 1047
f 814 1047 819
f 1018 1047 1044
f 1018 1019 1047
f 1018 1044 1045
f 1018 1045 1017
f 1019 1048 1047
f 1047 1048 819
f 819 1048 821
f 821 1048 785
f 785 1048 1024
f 1024 1048 1019
f 811 1049 828
f 811 1050 1049
f 811 1036 1050
f 1036 1035 1050
f 1049 1050 1051
f 1049 1052 828
f 1049 1051 1052
f 828 1052 829
f 1053 1055 1054
f 1053 1056 1055
f 1053 1057 1056
f 1053 1058 1057
f 1040 1058 1053
f 1040 1041 1058
f 1040 1053 1054
f 1040 1054 1039
f 1041 1059 1058
f 1058 1059 1060
f 1058 1060 1057
f 832 1060 1059
f 832 833 1060
f 832 1059 815
f 815 1059 1046
f 1046 1059 1041
f 829 1061 841
f 829 1062 1061
f 829 1052 1062
f 1052 1051 1062
f 1061 1062 1063
f 1061 1064 841
f 1061 1063 1064
f 841 1064 842
f 1065 1067 1066
f 1065 1068 1067
f 844 1068 1065
f 844 845 1068
f 844 1065 1069
f 844 1069 849
f 1056 1069 1065
f 1056 1057 1069
f 1056 1065 1066
f 1056 1066 1055
f 1057 1070 1069
f 1069 1070 849
f 849 1070 851
f 851 1070 833
f 833 1070 1060
f 1060 1070 1057
f 1071 1072 1073
f 1071 1073 1074
f 857 1074 856
f 857 1071 1074
f 857 842 1071
f 842 1064 1071
f 1064 1063 1072
f 1064 1072 1071
f 1075 1077 1076
f 1075 1078 1077
f 860 1078 1075
f 860 861 1078
f 860 1075 845
f 845 1075 1068
f 1068 1075 1076
f 1068 1076 1067
f 1079 1080 1081
f 1079 1081 1082
f 868 1082 869
f 868 1079 1082
f 868 856 1079
f 856 1074 1079
f 1074 1073 1080
f 1074 1080 1079
f 1083 1085 1084
f 1083 1086 1085
f 1083 1087 1086
f 861 1087 1083
f 861 871 1087
f 861 1083 1078
f 1078 1083 1084
f 1078 1084 1077
f 871 1088 1087
f 871 873 1088
f 1089 1090 1091
f 1089 1091 1092
f 879 1092 880
f 879 1089 1092
f 879 869 1089
f 869 1082 1089
f 1082 1081 1090
f 1082 1090 1089
f 1093 1095 1094
f 1093 1096 1095
f 1093 1097 1096
f 1093 1098 1097
f 1086 1098 1093
f 1086 1087 1098
f 1086 1093 1094
f 1086 1094 1085
f 1087 1099 1098
f 1098 1099 1100
f 1098 1100 1097
f 882 1100 1099
f 882 883 1100
f 882 1099 873
f 873 1099 1088
f 1088 1099 1087
f 1101 1102 1103
f 1101 1103 1104
f 890 1104 891
f 890 1101 1104
f 890 893 1105
f 890 1105 1101
f 1101 1105 1106
f 1101 1106 1102
f 1105 1107 1106
f 1105 1108 1107
f 1105 893 1108
f 893 894 1108
f 894 880 1108
f 880 1092 1108
f 1092 1091 1107
f 1092 1107 1108
f 1096 1097 1109
f 1096 1109 1095
f 1097 1110 1111
f 1097 1111 1109
f 1110 1112 1111
f 1110 1113 1112
f 883 1113 1110
f 883 895 1113
f 883 1110 1100
f 1100 1110 1097
f 895 1114 1113
f 895 897 1114
f 1115 1116 1117
f 1115 1117 1118
f 904 1118 905
f 904 1115 1118
f 904 908 1119
f 904 1119 1115
f 1115 1119 1120
f 1115 1120 1116
f 1119 1121 1120
f 1119 1122 1121
f 1119 908 1122
f 908 909 1122
f 909 891 1122
f 891 1104 1122
f 1104 1103 1121
f 1104 1121 1122
f 1112 1113 1123
f 1112 1123 1111
f 1113 1124 1123
f 897 911 1125
f 897 1126 1114
f 897 1125 1126
f 1114 1124 1113
f 1114 1126 1124
f 1125 1127 1126
f 1125 1128 1127
f 1125 911 1128
f 911 1129 1128
f 911 912 1129
f 912 913 1129
f 913 1130 1129
f 913 915 1130
f 923 1131 924
f 923 926 1131
f 1132 1133 1134
f 926 1134 1131
f 926 1132 1134
f 926 927 1132
f 927 930 1135
f 927 1135 1132
f 1132 1135 1136
f 1132 1136 1133
f 1135 1137 1136
f 1135 1138 1137
f 1135 930 1138
f 930 931 1138
f 931 905 1138
f 905 1118 1138
f 1118 1117 1137
f 1118 1137 1138
f 1128 1129 1139
f 1128 1139 1127
f 1129 1140 1139
f 915 933 1141
f 915 1142 1130
f 915 1141 1142
f 1130 1140 1129
f 1130 1142 1140
f 1141 1143 1142
f 1141 1144 1143
f 1141 933 1144
f 933 934 1144
f 934 935 1145
f 934 1145 1144
f 1144 1145 1146
f 1144 1146 1143
f 1145 1147 1146
f 1145 1148 1147
f 1145 935 1148
f 935 936 1148
f 936 1149 938
f 936 1149 1148
f 1148 1149 1150
f 1148 1150 1147
f 1149 1151 1150
f 1149 1152 1151
f 1149 938 1152
f 938 1153 1152
f 938 939 1153
f 939 942 1153
f 942 1154 1153
f 942 1155 1154
f 942 943 1155
f 943 946 1155
f 1156 1157 1158
f 946 1158 1155
f 946 1156 1158
f 946 947 1156
f 947 950 1159
f 947 1159 1156
f 1156 1159 1160
f 1156 1160 1157
f 1159 1161 1160
f 1159 1162 1161
f 1159 950 1162
f 950 951 1162
f 951 954 1163
f 951 1163 1162
f 1162 1163 1164
f 1162 1164 1161
f 1163 1165 1164
f 1163 1166 1165
f 1163 954 1166
f 954 955 1166
f 955 957 1167
f 955 1167 1166
f 1166 1167 1168
f 1166 1168 1165
f 1167 1169 1168
f 1167 1170 1169
f 1167 957 1170
f 957 958 1170
f 958 924 1170
f 924 1131 1171
f 924 1171 1170
f 1170 1171 1169
f 1131 1172 1171
f 1131 1134 1172
f 1152 1153 1173
f 1152 1173 1151
f 1153 1174 1173
f 1154 1155 1175
f 1154 1174 1153
f 1154 1175 1174
f 1155 1176 1175
f 1155 1158 1176
f 1177 1179 1178
f 1177 1180 1179
f 1177 1181 1180
f 1177 1182 1181
f 1177 1183 1182
f 1177 1178 1183
f 1182 1184 1185
f 1182 1185 1183
f 1182 1184 1186
f 1182 1186 1181
f 1184 1187 1186
f 1184 1188 1187
f 1184 1188 1189
f 1184 1189 1185
f 1188 1191 1190
f 1188 1189 1191
f 1188 1190 1192
f 1188 1192 1187
f 960 1192 1190
f 960 961 1192
f 960 1190 1193
f 960 1193 965
f 1190 1194 1193
f 1190 1191 1194
f 1193 1196 1195
f 1193 1194 1196
f 1193 1195 965
f 965 1195 967
f 967 1195 1197
f 967 1197 971
f 1195 1198 1197
f 1195 1196 1198
f 1197 1200 1199
f 1197 1198 1200
f 1197 1199 971
f 971 1199 1201
f 971 1201 972
f 1199 1202 1201
f 1199 1203 1202
f 1199 1200 1203
f 1202 1203 1204
f 1202 1204 1201
f 1205 1207 1206
f 1205 1208 1207
f 1205 1209 1208
f 1205 1210 1209
f 1205 1211 1210
f 1205 1206 1211
f 1210 1213 1212
f 1210 1211 1213
f 1210 1212 1214
f 1210 1214 1209
f 974 1214 1212
f 974 975 1214
f 974 1212 1215
f 974 1215 979
f 1212 1216 1215
f 1212 1213 1216
f 1215 1218 1217
f 1215 1216 1218
f 1215 1217 979
f 979 1217 981
f 981 1217 1219
f 981 1219 984
f 1217 1220 1219
f 1217 1218 1220
f 1219 1222 1221
f 1219 1220 1222
f 1219 1221 984
f 984 1221 986
f 986 1221 1223
f 986 1223 988
f 1180 1223 1221
f 1180 1181 1223
f 1180 1221 1222
f 1180 1222 1179
f 1181 1224 1223
f 1223 1224 988
f 988 1224 990
f 990 1224 1225
f 990 1225 992
f 1186 1225 1224
f 1186 1187 1225
f 1186 1224 1181
f 1187 1226 1225
f 1225 1226 992
f 992 1226 994
f 994 1226 961
f 961 1226 1192
f 1192 1226 1187
f 972 1227 1000
f 972 1201 1227
f 1201 1228 1227
f 1227 1228 1000
f 1000 1228 1002
f 1002 1228 1229
f 1002 1229 1004
f 1228 1230 1229
f 1201 1230 1228
f 1201 1204 1230
f 1229 1232 1231
f 1229 1230 1232
f 1229 1231 1004
f 1004 1231 1006
f 1006 1231 1233
f 1006 1233 1008
f 1231 1234 1233
f 1231 1232 1234
f 1233 1236 1235
f 1233 1234 1236
f 1233 1235 1008
f 1008 1235 1010
f 1010 1235 1237
f 1010 1237 1013
f 1235 1238 1237
f 1235 1236 1238
f 1237 1238 1239
f 1237 1240 1013
f 1237 1239 1240
f 1013 1240 1014
f 1241 1243 1242
f 1241 1244 1243
f 1016 1244 1241
f 1016 1017 1244
f 1016 1241 1245
f 1016 1245 1021
f 1241 1246 1245
f 1241 1242 1246
f 1245 1248 1247
f 1245 1246 1248
f 1245 1247 1021
f 1021 1247 1023
f 1023 1247 1249
f 1023 1249 1026
f 1208 1249 1247
f 1208 1209 1249
f 1208 1247 1248
f 1208 1248 1207
f 1209 1250 1249
f 1249 1250 1026
f 1026 1250 1028
f 1028 1250 975
f 975 1250 1214
f 1214 1250 1209
f 1014 1251 1034
f 1014 1252 1251
f 1014 1240 1252
f 1240 1239 1252
f 1251 1252 1253
f 1251 1254 1034
f 1251 1253 1254
f 1034 1254 1035
f 1255 1257 1256
f 1255 1258 1257
f 1038 1258 1255
f 1038 1039 1258
f 1038 1255 1259
f 1038 1259 1043
f 1255 1260 1259
f 1255 1256 1260
f 1259 1262 1261
f 1259 1260 1262
f 1259 1261 1043
f 1043 1261 1045
f 1045 1261 1017
f 1017 1261 1244
f 1244 1261 1262
f 1244 1262 1243
f 1035 1263 1050
f 1035 1264 1263
f 1035 1254 1264
f 1254 1253 1264
f 1263 1264 1265
f 1263 1266 1050
f 1263 1265 1266
f 1050 1266 1051
f 1267 1269 1268
f 1267 1270 1269
f 1267 1271 1270
f 1267 1272 1271
f 1267 1273 1272
f 1267 1268 1273
f 1272 1275 1274
f 1272 1273 1275
f 1272 1274 1276
f 1272 1276 1271
f 1054 1276 1274
f 1054 1055 1276
f 1054 1274 1039
f 1039 1274 1258
f 1258 1274 1275
f 1258 1275 1257
f 1051 1277 1062
f 1051 1278 1277
f 1051 1266 1278
f 1266 1265 1278
f 1277 1278 1279
f 1277 1280 1062
f 1277 1279 1280
f 1062 1280 1063
f 1281 1283 1282
f 1281 1284 1283
f 1281 1285 1284
f 1281 1286 1285
f 1270 1286 1281
f 1270 1271 1286
f 1270 1281 1282
f 1270 1282 1269
f 1271 1287 1286
f 1286 1287 1288
f 1286 1288 1285
f 1066 1288 1287
f 1066 1067 1288
f 1066 1287 1055
f 1055 1287 1276
f 1276 1287 1271
f 1289 1290 1291
f 1289 1291 1292
f 1072 1292 1073
f 1072 1289 1292
f 1072 1063 1289
f 1063 1280 1289
f 1280 1279 1290
f 1280 1290 1289
f 1293 1295 1294
f 1293 1296 1295
f 1293 1297 1296
f 1293 1298 1297
f 1284 1298 1293
f 1284 1285 1298
f 1284 1293 1294
f 1284 1294 1283
f 1285 1299 1298
f 1298 1299 1300
f 1298 1300 1297
f 1076 1300 1299
f 1076 1077 1300
f 1076 1299 1067
f 1067 1299 1288
f 1288 1299 1285
f 1301 1302 1303
f 1301 1303 1304
f 1080 1304 1081
f 1080 1301 1304
f 1080 1073 1301
f 1073 1292 1301
f 1292 1291 1302
f 1292 1302 1301
f 1305 1307 1306
f 1305 1308 1307
f 1305 1309 1308
f 1305 1310 1309
f 1296 1310 1305
f 1296 1297 1310
f 1296 1305 1306
f 1296 1306 1295
f 1297 1311 1310
f 1310 1311 1312
f 1310 1312 1309
f 1084 1312 1311
f 1084 1085 1312
f 1084 1311 1077
f 1077 1311 1300
f 1300 1311 1297
f 1313 1314 1315
f 1313 1315 1316
f 1090 1316 1091
f 1090 1313 1316
f 1090 1081 1313
f 1081 1304 1313
f 1304 1303 1314
f 1304 1314 1313
f 1308 1309 1317
f 1308 1317 1307
f 1309 1318 1319
f 1309 1319 1317
f 1318 1320 1319
f 1094 1320 1318
f 1094 1095 1320
f 1094 1318 1085
f 1085 1318 1312
f 1312 1318 1309
f 1321 1322 1323
f 1321 1323 1324
f 1102 1324 1103
f 1102 1321 1324
f 1102 1106 1325
f 1102 1325 1321
f 1321 1325 1326
f 1321 1326 1322
f 1325 1327 1326
f 1325 1328 1327
f 1325 1106 1328
f 1106 1107 1328
f 1107 1091 1328
f 1091 1316 1328
f 1316 1315 1327
f 1316 1327 1328
f 1095 1109 1329
f 1095 1330 1320
f 1095 1329 1330
f 1320 1330 1319
f 1329 1331 1330
f 1329 1332 1331
f 1329 1109 1332
f 1109 1111 1332
f 1333 1334 1335
f 1333 1335 1336
f 1116 1336 1117
f 1116 1333 1336
f 1116 1120 1337
f 1116 1337 1333
f 1333 1337 1338
f 1333 1338 1334
f 1337 1339 1338
f 1337 1340 1339
f 1337 1120 1340
f 1120 1121 1340
f 1121 1103 1340
f 1103 1324 1340
f 1324 1323 1339
f 1324 1339 1340
f 1111 1123 1341
f 1111 1342 1332
f 1111 1341 1342
f 1332 1342 1331
f 1341 1343 1342
f 1341 1344 1343
f 1341 1123 1344
f 1123 1345 1344
f 1123 1124 1345
f 1124 1126 1345
f 1126 1346 1345
f 1126 1127 1346
f 1347 1348 1349
f 1347 1349 1350
f 1133 1350 1134
f 1133 1347 1350
f 1133 1136 1351
f 1133 1351 1347
f 1347 1351 1352
f 1347 1352 1348
f 1351 1353 1352
f 1351 1354 1353
f 1351 1136 1354
f 1136 1137 1354
f 1137 1117 1354
f 1117 1336 1354
f 1336 1335 1353
f 1336 1353 1354
f 1344 1345 1355
f 1344 1355 1343
f 1345 1356 1355
f 1127 1139 1357
f 1127 1358 1346
f 1127 1357 1358
f 1346 1356 1345
f 1346 1358 1356
f 1357 1359 1358
f 1357 1360 1359
f 1357 1139 1360
f 1139 1140 1360
f 1140 1142 1361
f 1140 1361 1360
f 1360 1361 1362
f 1360 1362 1359
f 1361 1363 1362
f 1361 1364 1363
f 1361 1142 1364
f 1142 1365 1364
f 1142 1143 1365
f 1143 1146 1365
f 1146 1366 1365
f 1146 1367 1366
f 1146 1147 1367
f 1147 1150 1367
f 1150 1368 1367
f 1150 1151 1368
f 1157 1369 1158
f 1157 1160 1369
f 1370 1371 1372
f 1160 1372 1369
f 1160 1370 1372
f 1160 1161 1370
f 1161 1164 1373
f 1161 1373 1370
f 1370 1373 1374
f 1370 1374 1371
f 1373 1375 1374
f 1373 1376 1375
f 1373 1164 1376
f 1164 1165 1376
f 1165 1168 1377
f 1165 1377 1376
f 1376 1377 1378
f 1376 1378 1375
f 1377 1379 1378
f 1377 1380 1379
f 1377 1168 1380
f 1168 1169 1380
f 1169 1171 1381
f 1169 1381 1380
f 1380 1381 1382
f 1380 1382 1379
f 1381 1383 1382
f 1381 1384 1383
f 1381 1171 1384
f 1171 1172 1384
f 1172 1134 1384
f 1134 1350 1384
f 1350 1349 1383
f 1350 1383 1384
f 1364 1365 1385
f 1364 1385 1363
f 1365 1385 1386
f 1366 1367 1387
f 1366 1386 1365
f 1366 1387 1386
f 1367 1388 1387
f 1151 1173 1389
f 1151 1390 1368
f 1151 1389 1390
f 1368 1388 1367
f 1368 1390 1388
f 1389 1391 1390
f 1389 1392 1391
f 1389 1173 1392
f 1173 1174 1392
f 1174 1175 1393
f 1174 1393 1392
f 1392 1393 1394
f 1392 1394 1391
f 1393 1395 1394
f 1393 1396 1395
f 1393 1175 1396
f 1175 1176 1396
f 1176 1158 1396
f 1158 1369 1397
f 1158 1397 1396
f 1396 1397 1395
f 1369 1398 1397
f 1369 1372 1398
f 1399 1401 1400
f 1399 1402 1401
f 1399 1403 1402
f 1399 1404 1403
f 1399 1405 1404
f 1399 1400 1405
f 1404 1407 1406
f 1404 1405 1407
f 1404 1406 1408
f 1404 1408 1403
f 1178 1408 1406
f 1178 1179 1408
f 1178 1406 1409
f 1178 1409 1183
f 1406 1410 1409
f 1406 1407 1410
f 1409 1412 1411
f 1409 1410 1412
f 1409 1411 1183
f 1183 1411 1185
f 1185 1411 1413
f 1185 1189 1413
f 1411 1414 1413
f 1411 1412 1414
f 1413 1415 1416
f 1413 1414 1416
f 1413 1415 1189
f 1189 1415 1191
f 1191 1417 1415
f 1191 1417 1194
f 1415 1417 1418
f 1415 1418 1416
f 1417 1420 1419
f 1417 1418 1420
f 1417 1419 1194
f 1194 1419 1196
f 1196 1419 1421
f 1196 1421 1198
f 1419 1422 1421
f 1419 1420 1422
f 1421 1424 1423
f 1421 1422 1424
f 1421 1423 1198
f 1198 1423 1200
f 1200 1423 1425
f 1200 1425 1203
f 1423 1426 1425
f 1423 1424 1426
f 1425 1428 1427
f 1425 1426 1428
f 1425 1427 1203
f 1203 1427 1429
f 1203 1429 1204
f 1427 1430 1429
f 1427 1431 1430
f 1427 1428 1431
f 1430 1431 1432
f 1430 1432 1429
f 1433 1435 1434
f 1433 1436 1435
f 1433 1437 1436
f 1433 1438 1437
f 1433 1439 1438
f 1433 1434 1439
f 1438 1441 1440
f 1438 1439 1441
f 1438 1440 1442
f 1438 1442 1437
f 1206 1442 1440
f 1206 1207 1442
f 1206 1440 1443
f 1206 1443 1211
f 1440 1444 1443
f 1440 1441 1444
f 1443 1446 1445
f 1443 1444 1446
f 1443 1445 1211
f 1211 1445 1213
f 1213 1445 1447
f 1213 1447 1216
f 1445 1448 1447
f 1445 1446 1448
f 1447 1450 1449
f 1447 1448 1450
f 1447 1449 1216
f 1216 1449 1218
f 1218 1449 1451
f 1218 1451 1220
f 1402 1451 1449
f 1402 1403 1451
f 1402 1449 1450
f 1402 1450 1401
f 1403 1452 1451
f 1451 1452 1220
f 1220 1452 1222
f 1222 1452 1179
f 1179 1452 1408
f 1408 1452 1403
f 1204 1453 1230
f 1204 1429 1453
f 1429 1454 1453
f 1453 1454 1230
f 1230 1454 1232
f 1232 1454 1455
f 1232 1455 1234
f 1454 1456 1455
f 1429 1456 1454
f 1429 1432 1456
f 1455 1458 1457
f 1455 1456 1458
f 1455 1457 1234
f 1234 1457 1236
f 1236 1457 1459
f 1236 1459 1238
f 1457 1460 1459
f 1457 1458 1460
f 1459 1460 1461
f 1459 1462 1238
f 1459 1461 1462
f 1238 1462 1239
f 1463 1465 1464
f 1463 1466 1465
f 1463 1467 1466
f 1463 1468 1467
f 1463 1469 1468
f 1463 1464 1469
f 1468 1471 1470
f 1468 1469 1471
f 1468 1470 1472
f 1468 1472 1467
f 1242 1472 1470
f 1242 1243 1472
f 1242 1470 1473
f 1242 1473 1246
f 1436 1473 1470
f 1436 1437 1473
f 1436 1470 1471
f 1436 1471 1435
f 1437 1474 1473
f 1473 1474 1246
f 1246 1474 1248
f 1248 1474 1207
f 1207 1474 1442
f 1442 1474 1437
f 1239 1475 1252
f 1239 1476 1475
f 1239 1462 1476
f 1462 1461 1476
f 1475 1476 1477
f 1475 1478 1252
f 1475 1477 1478
f 1252 1478 1253
f 1479 1481 1480
f 1479 1482 1481
f 1479 1483 1482
f 1479 1484 1483
f 1479 1485 1484
f 1479 1480 1485
f 1484 1487 1486
f 1484 1485 1487
f 1484 1486 1488
f 1484 1488 1483
f 1256 1488 1486
f 1256 1257 1488
f 1256 1486 1489
f 1256 1489 1260
f 1466 1489 1486
f 1466 1467 1489
f 1466 1486 1487
f 1466 1487 1465
f 1467 1490 1489
f 1489 1490 1260
f 1260 1490 1262
f 1262 1490 1243
f 1243 1490 1472
f 1472 1490 1467
f 1253 1491 1264
f 1253 1492 1491
f 1253 1478 1492
f 1478 1477 1492
f 1491 1492 1493
f 1491 1494 1264
f 1491 1493 1494
f 1264 1494 1265
f 1495 1497 1496
f 1495 1498 1497
f 1495 1499 1498
f 1495 1500 1499
f 1495 1501 1500
f 1495 1496 1501
f 1500 1503 1502
f 1500 1501 1503
f 1500 1502 1504
f 1500 1504 1499
f 1268 1504 1502
f 1268 1269 1504
f 1268 1502 1505
f 1268 1505 1273
f 1482 1505 1502
f 1482 1483 1505
f 1482 1502 1503
f 1482 1503 1481
f 1483 1506 1505
f 1505 1506 1273
f 1273 1506 1275
f 1275 1506 1257
f 1257 1506 1488
f 1488 1506 1483
f 1265 1507 1278
f 1265 1508 1507
f 1265 1494 1508
f 1494 1493 1508
f 1507 1508 1509
f 1507 1510 1278
f 1507 1509 1510
f 1278 1510 1279
f 1511 1513 1512
f 1511 1514 1513
f 1511 1515 1514
f 1511 1516 1515
f 1498 1516 1511
f 1498 1499 1516
f 1498 1511 1512
f 1498 1512 1497
f 1499 1517 1516
f 1516 1517 1518
f 1516 1518 1515
f 1282 1518 1517
f 1282 1283 1518
f 1282 1517 1269
f 1269 1517 1504
f 1504 1517 1499
f 1519 1520 1521
f 1519 1521 1522
f 1290 1522 1291
f 1290 1519 1522
f 1290 1279 1519
f 1279 1510 1519
f 1510 1509 1520
f 1510 1520 1519
f 1523 1525 1524
f 1523 1526 1525
f 1523 1527 1526
f 1523 1528 1527
f 1514 1528 1523
f 1514 1515 1528
f 1514 1523 1524
f 1514 1524 1513
f 1515 1529 1528
f 1528 1529 1530
f 1528 1530 1527
f 1294 1530 1529
f 1294 1295 1530
f 1294 1529 1283
f 1283 1529 1518
f 1518 1529 1515
f 1531 1532 1533
f 1531 1533 1534
f 1302 1534 1303
f 1302 1531 1534
f 1302 1291 1531
f 1291 1522 1531
f 1522 1521 1532
f 1522 1532 1531
f 1535 1537 1536
f 1535 1538 1537
f 1535 1539 1538
f 1535 1540 1539
f 1526 1540 1535
f 1526 1527 1540
f 1526 1535 1536
f 1526 1536 1525
f 1527 1541 1540
f 1540 1541 1542
f 1540 1542 1539
f 1306 1542 1541
f 1306 1307 1542
f 1306 1541 1295
f 1295 1541 1530
f 1530 1541 1527
f 1543 1544 1545
f 1543 1545 1546
f 1314 1546 1315
f 1314 1543 1546
f 1314 1303 1543
f 1303 1534 1543
f 1534 1533 1544
f 1534 1544 1543
f 1538 1539 1547
f 1538 1547 1537
f 1539 1548 1549
f 1539 1549 1547
f 1548 1550 1549
f 1548 1551 1550
f 1307 1551 1548
f 1307 1317 1551
f 1307 1548 1542
f 1542 1548 1539
f 1317 1552 1551
f 1317 1319 1552
f 1553 1554 1555
f 1553 1555 1556
f 1322 1556 1323
f 1322 1553 1556
f 1322 1326 1557
f 1322 1557 1553
f 1553 1557 1558
f 1553 1558 1554
f 1557 1559 1558
f 1557 1560 1559
f 1557 1326 1560
f 1326 1327 1560
f 1327 1315 1560
f 1315 1546 1560
f 1546 1545 1559
f 1546 1559 1560
f 1550 1551 1561
f 1550 1561 1549
f 1551 1562 1563
f 1551 1563 1561
f 1562 1564 1563
f 1562 1565 1564
f 1319 1565 1562
f 1319 1330 1565
f 1319 1562 1552
f 1552 1562 1551
f 1330 1566 1565
f 1330 1331 1566
f 1567 1568 1569
f 1567 1569 1570
f 1334 1570 1335
f 1334 1567 1570
f 1334 1338 1571
f 1334 1571 1567
f 1567 1571 1572
f 1567 1572 1568
f 1571 1573 1572
f 1571 1574 1573
f 1571 1338 1574
f 1338 1339 1574
f 1339 1323 1574
f 1323 1556 1574
f 1556 1555 1573
f 1556 1573 1574
f 1564 1565 1575
f 1564 1575 1563
f 1565 1576 1577
f 1565 1577 1575
f 1576 1578 1577
f 1576 1579 1578
f 1331 1579 1576
f 1331 1342 1579
f 1331 1576 1566
f 1566 1576 1565
f 1342 1580 1579
f 1342 1343 1580
f 1581 1582 1583
f 1581 1583 1584
f 1348 1584 1349
f 1348 1581 1584
f 1348 1352 1585
f 1348 1585 1581
f 1581 1585 1586
f 1581 1586 1582
f 1585 1587 1586
f 1585 1588 1587
f 1585 1352 1588
f 1352 1353 1588
f 1353 1335 1588
f 1335 1570 1588
f 1570 1569 1587
f 1570 1587 1588
f 1578 1579 1589
f 1578 1589 1577
f 1579 1590 1589
f 1343 1355 1591
f 1343 1592 1580
f 1343 1591 1592
f 1580 1590 1579
f 1580 1592 1590
f 1591 1593 1592
f 1591 1594 1593
f 1591 1355 1594
f 1355 1356 1594
f 1356 1358 1595
f 1356 1595 1594
f 1594 1595 1596
f 1594 1596 1593
f 1595 1597 1596
f 1595 1598 1597
f 1595 1358 1598
f 1358 1599 1598
f 1358 1359 1599
f 1359 1362 1599
f 1362 1600 1599
f 1362 1363 1600
f 1371 1601 1372
f 1371 1374 1601
f 1602 1603 1604
f 1374 1604 1601
f 1374 1602 1604
f 1374 1375 1602
f 1375 1378 1605
f 1375 1605 1602
f 1602 1605 1606
f 1602 1606 1603
f 1605 1607 1606
f 1605 1608 1607
f 1605 1378 1608
f 1378 1379 1608
f 1379 1382 1609
f 1379 1609 1608
f 1608 1609 1610
f 1608 1610 1607
f 1609 1611 1610
f 1609 1612 1611
f 1609 1382 1612
f 1382 1383 1612
f 1383 1349 1612
f 1349 1584 1612
f 1584 1583 1611
f 1584 1611 1612
f 1598 1599 1613
f 1598 1613 1597
f 1599 1614 1613
f 1363 1385 1615
f 1363 1616 1600
f 1363 1615 1616
f 1600 1614 1599
f 1600 1616 1614
f 1615 1617 1616
f 1615 1618 1617
f 1615 1618 1385
f 1385 1618 1386
f 1386 1387 1619
f 1386 1618 1619
f 1618 1619 1620
f 1618 1620 1617
f 1619 1620 1621
f 1619 1621 1622
f 1619 1387 1622
f 1387 1622 1388
f 1388 1390 1623
f 1388 1623 1622
f 1622 1623 1624
f 1622 1624 1621
f 1623 1624 1625
f 1623 1626 1625
f 1623 1390 1626
f 1390 1391 1626
f 1391 1394 1627
f 1391 1627 1626
f 1626 1627 1628
f 1626 1628 1625
f 1627 1629 1628
f 1627 1630 1629
f 1627 1394 1630
f 1394 1395 1630
f 1395 1397 1631
f 1395 1631 1630
f 1630 1631 1632
f 1630 1632 1629
f 1631 1633 1632
f 1631 1634 1633
f 1631 1397 1634
f 1397 1398 1634
f 1398 1372 1634
f 1372 1601 1635
f 1372 1635 1634
f 1634 1635 1633
f 1601 1636 1635
f 1601 1604 1636
f 1637 1639 1638
f 1637 1640 1639
f 1637 1641 1640
f 1637 1642 1641
f 1637 1643 1642
f 1637 1638 1643
f 1642 1645 1644
f 1642 1643 1645
f 1642 1644 1646
f 1642 1646 1641
f 1400 1646 1644
f 1400 1401 1646
f 1400 1644 1647
f 1400 1647 1405
f 1644 1648 1647
f 1644 1645 1648
f 1647 1650 1649
f 1647 1648 1650
f 1647 1649 1405
f 1405 1649 1407
f 1407 1649 1651
f 1407 1651 1410
f 1649 1652 1651
f 1649 1650 1652
f 1651 1654 1653
f 1651 1652 1654
f 1651 1653 1410
f 1410 1653 1412
f 1412 1653 1655
f 1412 1655 1414
f 1653 1656 1655
f 1653 1654 1656
f 1655 1658 1657
f 1655 1656 1658
f 1655 1657 1414
f 1414 1657 1416
f 1416 1659 1657
f 1416 1418 1659
f 1657 1659 1660
f 1657 1660 1658
f 1659 1661 1662
f 1659 1662 1660
f 1659 1418 1661
f 1418 1661 1420
f 1420 1661 1663
f 1420 1663 1422
f 1661 1663 1664
f 1661 1664 1662
f 1663 1666 1665
f 1663 1664 1666
f 1663 1665 1422
f 1422 1665 1424
f 1424 1665 1667
f 1424 1667 1426
f 1665 1668 1667
f 1665 1666 1668
f 1667 1670 1669
f 1667 1668 1670
f 1667 1669 1426
f 1426 1669 1428
f 1428 1669 1671
f 1428 1671 1431
f 1669 1672 1671
f 1669 1670 1672
f 1671 1672 1673
f 1671 1674 1431
f 1671 1673 1674
f 1431 1674 1432
f 1675 1677 1676
f 1675 1678 1677
f 1434 1678 1675
f 1434 1435 1678
f 1434 1675 1679
f 1434 1679 1439
f 1675 1680 1679
f 1675 1676 1680
f 1679 1682 1681
f 1679 1680 1682
f 1679 1681 1439
f 1439 1681 1441
f 1441 1681 1683
f 1441 1683 1444
f 1681 1684 1683
f 1681 1682 1684
f 1683 1686 1685
f 1683 1684 1686
f 1683 1685 1444
f 1444 1685 1446
f 1446 1685 1687
f 1446 1687 1448
f 1640 1687 1685
f 1640 1641 1687
f 1640 1685 1686
f 1640 1686 1639
f 1641 1688 1687
f 1687 1688 1448
f 1448 1688 1450
f 1450 1688 1401
f 1401 1688 1646
f 1646 1688 1641
f 1432 1689 1456
f 1432 1690 1689
f 1432 1674 1690
f 1674 1673 1690
f 1689 1692 1691
f 1689 1690 1692
f 1689 1691 1456
f 1456 1691 1458
f 1458 1691 1693
f 1458 1693 1460
f 1691 1694 1693
f 1691 1692 1694
f 1693 1694 1695
f 1693 1696 1460
f 1693 1695 1696
f 1460 1696 1461
f 1697 1699 1698
f 1697 1700 1699
f 1697 1701 1700
f 1697 1702 1701
f 1697 1703 1702
f 1697 1698 1703
f 1702 1705 1704
f 1702 1703 1705
f 1702 1704 1706
f 1702 1706 1701
f 1464 1706 1704
f 1464 1465 1706
f 1464 1704 1707
f 1464 1707 1469
f 1704 1708 1707
f 1704 1705 1708
f 1707 1710 1709
f 1707 1708 1710
f 1707 1709 1469
f 1469 1709 1471
f 1471 1709 1435
f 1435 1709 1678
f 1678 1709 1710
f 1678 1710 1677
f 1461 1711 1476
f 1461 1712 1711
f 1461 1696 1712
f 1696 1695 1712
f 1711 1712 1713
f 1711 1714 1476
f 1711 1713 1714
f 1476 1714 1477
f 1715 1717 1716
f 1715 1718 1717
f 1715 1719 1718
f 1715 1720 1719
f 1715 1721 1720
f 1715 1716 1721
f 1720 1723 1722
f 1720 1721 1723
f 1720 1722 1724
f 1720 1724 1719
f 1480 1724 1722
f 1480 1481 1724
f 1480 1722 1725
f 1480 1725 1485
f 1700 1725 1722
f 1700 1701 1725
f 1700 1722 1723
f 1700 1723 1699
f 1701 1726 1725
f 1725 1726 1485
f 1485 1726 1487
f 1487 1726 1465
f 1465 1726 1706
f 1706 1726 1701
f 1477 1727 1492
f 1477 1728 1727
f 1477 1714 1728
f 1714 1713 1728
f 1727 1728 1729
f 1727 1730 1492
f 1727 1729 1730
f 1492 1730 1493
f 1731 1733 1732
f 1731 1734 1733
f 1496 1734 1731
f 1496 1497 1734
f 1496 1731 1735
f 1496 1735 1501
f 1718 1735 1731
f 1718 1719 1735
f 1718 1731 1732
f 1718 1732 1717
f 1719 1736 1735
f 1735 1736 1501
f 1501 1736 1503
f 1503 1736 1481
f 1481 1736 1724
f 1724 1736 1719
f 1737 1738 1739
f 1737 1739 1740
f 1737 1740 1741
f 1493 1741 1508
f 1493 1737 1741
f 1493 1730 1737
f 1730 1729 1738
f 1730 1738 1737
f 1508 1741 1742
f 1508 1742 1509
f 1743 1745 1744
f 1743 1746 1745
f 1743 1747 1746
f 1743 1748 1747
f 1743 1749 1748
f 1743 1744 1749
f 1748 1751 1750
f 1748 1749 1751
f 1748 1750 1752
f 1748 1752 1747
f 1512 1752 1750
f 1512 1513 1752
f 1512 1750 1497
f 1497 1750 1734
f 1734 1750 1751
f 1734 1751 1733
f 1753 1754 1755
f 1753 1755 1756
f 1753 1756 1757
f 1753 1757 1758
f 1740 1758 1741
f 1740 1753 1758
f 1740 1739 1754
f 1740 1754 1753
f 1741 1758 1759
f 1758 1757 1760
f 1758 1760 1759
f 1520 1760 1521
f 1520 1759 1760
f 1520 1509 1759
f 1509 1742 1759
f 1742 1741 1759
f 1761 1763 1762
f 1761 1764 1763
f 1761 1765 1764
f 1761 1766 1765
f 1746 1766 1761
f 1746 1747 1766
f 1746 1761 1762
f 1746 1762 1745
f 1747 1767 1766
f 1766 1767 1768
f 1766 1768 1765
f 1524 1768 1767
f 1524 1525 1768
f 1524 1767 1513
f 1513 1767 1752
f 1752 1767 1747
f 1769 1770 1771
f 1769 1771 1772
f 1769 1772 1773
f 1769 1773 1774
f 1756 1774 1757
f 1756 1769 1774
f 1756 1755 1770
f 1756 1770 1769
f 1757 1774 1775
f 1774 1773 1776
f 1774 1776 1775
f 1532 1776 1533
f 1532 1775 1776
f 1532 1521 1775
f 1521 1760 1775
f 1760 1757 1775
f 1764 1765 1777
f 1764 1777 1763
f 1765 1778 1779
f 1765 1779 1777
f 1778 1780 1779
f 1536 1780 1778
f 1536 1537 1780
f 1536 1778 1525
f 1525 1778 1768
f 1768 1778 1765
f 1781 1782 1783
f 1781 1783 1784
f 1781 1784 1785
f 1781 1785 1786
f 1772 1786 1773
f 1772 1781 1786
f 1772 1771 1782
f 1772 1782 1781
f 1773 1786 1787
f 1786 1785 1788
f 1786 1788 1787
f 1544 1788 1545
f 1544 1787 1788
f 1544 1533 1787
f 1533 1776 1787
f 1776 1773 1787
f 1789 1791 1790
f 1789 1792 1791
f 1789 1793 1792
f 1537 1793 1789
f 1537 1547 1793
f 1537 1789 1780
f 1780 1789 1790
f 1780 1790 1779
f 1547 1794 1793
f 1547 1549 1794
f 1795 1796 1797
f 1795 1797 1798
f 1554 1798 1555
f 1554 1795 1798
f 1554 1558 1799
f 1554 1799 1795
f 1784 1799 1785
f 1784 1795 1799
f 1784 1783 1796
f 1784 1796 1795
f 1785 1799 1800
f 1799 1558 1800
f 1558 1559 1800
f 1559 1545 1800
f 1545 1788 1800
f 1788 1785 1800
f 1792 1793 1801
f 1792 1801 1791
f 1793 1802 1803
f 1793 1803 1801
f 1802 1804 1803
f 1802 1805 1804
f 1549 1805 1802
f 1549 1561 1805
f 1549 1802 1794
f 1794 1802 1793
f 1561 1806 1805
f 1561 1563 1806
f 1807 1808 1809
f 1807 1809 1810
f 1568 1810 1569
f 1568 1807 1810
f 1568 1572 1811
f 1568 1811 1807
f 1807 1811 1812
f 1807 1812 1808
f 1811 1813 1812
f 1811 1814 1813
f 1811 1572 1814
f 1572 1573 1814
f 1573 1555 1814
f 1555 1798 1814
f 1798 1797 1813
f 1798 1813 1814
f 1804 1805 1815
f 1804 1815 1803
f 1805 1816 1815
f 1563 1575 1817
f 1563 1818 1806
f 1563 1817 1818
f 1806 1816 1805
f 1806 1818 1816
f 1817 1819 1818
f 1817 1820 1819
f 1817 1575 1820
f 1575 1577 1820
f 1821 1822 1823
f 1821 1823 1824
f 1582 1824 1583
f 1582 1821 1824
f 1582 1586 1825
f 1582 1825 1821
f 1821 1825 1826
f 1821 1826 1822
f 1825 1827 1826
f 1825 1828 1827
f 1825 1586 1828
f 1586 1587 1828
f 1587 1569 1828
f 1569 1810 1828
f 1810 1809 1827
f 1810 1827 1828
f 1577 1589 1829
f 1577 1830 1820
f 1577 1829 1830
f 1820 1830 1819
f 1829 1831 1830
f 1829 1832 1831
f 1829 1589 1832
f 1589 1590 1832
f 1590 1592 1833
f 1590 1833 1832
f 1832 1833 1834
f 1832 1834 1831
f 1833 1835 1834
f 1833 1836 1835
f 1833 1592 1836
f 1592 1837 1836
f 1592 1593 1837
f 1593 1596 1837
f 1596 1838 1837
f 1596 1597 1838
f 1839 1840 1841
f 1839 1841 1842
f 1603 1842 1604
f 1603 1839 1842
f 1603 1606 1843
f 1603 1843 1839
f 1839 1843 1844
f 1839 1844 1840
f 1843 1845 1844
f 1843 1846 1845
f 1843 1606 1846
f 1606 1607 1846
f 1607 1610 1847
f 1607 1847 1846
f 1846 1847 1848
f 1846 1848 1845
f 1847 1849 1848
f 1847 1850 1849
f 1847 1610 1850
f 1610 1611 1850
f 1611 1583 1850
f 1583 1824 1850
f 1824 1823 1849
f 1824 1849 1850
f 1836 1837 1851
f 1836 1851 1835
f 1837 1852 1851
f 1597 1613 1853
f 1597 1854 1838
f 1597 1853 1854
f 1838 1852 1837
f 1838 1854 1852
f 1853 1855 1854
f 1853 1856 1855
f 1853 1613 1856
f 1613 1614 1856
f 1614 1616 1857
f 1614 1857 1856
f 1856 1857 1858
f 1856 1858 1855
f 1857 1859 1858
f 1857 1860 1859
f 1857 1616 1860
f 1616 1617 1860
f 1617 1620 1861
f 1617 1861 1860
f 1860 1861 1862
f 1860 1862 1859
f 1861 1863 1862
f 1861 1864 1863
f 1861 1620 1864
f 1620 1621 1864
f 1621 1865 1624
f 1621 1865 1864
f 1864 1865 1866
f 1864 1866 1863
f 1865 1866 1867
f 1865 1867 1868
f 1865 1868 1624
f 1624 1868 1625
f 1625 1628 1869
f 1625 1869 1868
f 1868 1869 1870
f 1868 1867 1870
f 1869 1870 1871
f 1869 1872 1871
f 1869 1628 1872
f 1628 1629 1872
f 1629 1632 1873
f 1629 1873 1872
f 1872 1873 1874
f 1872 1874 1871
f 1873 1875 1874
f 1873 1876 1875
f 1873 1632 1876
f 1632 1633 1876
f 1633 1635 1877
f 1633 1877 1876
f 1876 1877 1878
f 1876 1878 1875
f 1877 1879 1878
f 1877 1880 1879
f 1877 1635 1880
f 1635 1636 1880
f 1636 1604 1880
f 1604 1842 1880
f 1842 1841 1879
f 1842 1879 1880
f 1881 1883 1882
f 1881 1884 1883
f 1638 1884 1881
f 1638 1639 1884
f 1638 1881 1885
f 1638 1885 1643
f 1881 1886 1885
f 1881 1882 1886
f 1885 1888 1887
f 1885 1886 1888
f 1885 1887 1643
f 1643 1887 1645
f 1645 1887 1889
f 1645 1889 1648
f 1887 1890 1889
f 1887 1888 1890
f 1889 1892 1891
f 1889 1890 1892
f 1889 1891 1648
f 1648 1891 1650
f 1650 1891 1893
f 1650 1893 1652
f 1891 1894 1893
f 1891 1892 1894
f 1893 1896 1895
f 1893 1894 1896
f 1893 1895 1652
f 1652 1895 1654
f 1654 1895 1897
f 1654 1897 1656
f 1895 1898 1897
f 1895 1896 1898
f 1897 1900 1899
f 1897 1898 1900
f 1897 1899 1656
f 1656 1899 1658
f 1658 1899 1901
f 1658 1901 1660
f 1899 1902 1901
f 1899 1900 1902
f 1901 1903 1904
f 1901 1902 1904
f 1901 1903 1660
f 1660 1662 1903
f 1662 1905 1903
f 1662 1664 1905
f 1903 1905 1906
f 1903 1906 1904
f 1905 1908 1907
f 1905 1906 1908
f 1905 1907 1664
f 1664 1907 1666
f 1666 1907 1909
f 1666 1909 1668
f 1907 1910 1909
f 1907 1908 1910
f 1909 1912 1911
f 1909 1910 1912
f 1909 1911 1668
f 1668 1911 1670
f 1670 1911 1913
f 1670 1913 1672
f 1911 1914 1913
f 1911 1912 1914
f 1913 1914 1915
f 1913 1916 1672
f 1913 1915 1916
f 1672 1916 1673
f 1917 1919 1918
f 1917 1920 1919
f 1917 1921 1920
f 1917 1922 1921
f 1917 1923 1922
f 1917 1918 1923
f 1922 1925 1924
f 1922 1923 1925
f 1922 1924 1926
f 1922 1926 1921
f 1676 1926 1924
f 1676 1677 1926
f 1676 1924 1927
f 1676 1927 1680
f 1924 1928 1927
f 1924 1925 1928
f 1927 1930 1929
f 1927 1928 1930
f 1927 1929 1680
f 1680 1929 1682
f 1682 1929 1931
f 1682 1931 1684
f 1929 1932 1931
f 1929 1930 1932
f 1931 1934 1933
f 1931 1932 1934
f 1931 1933 1684
f 1684 1933 1686
f 1686 1933 1639
f 1639 1933 1884
f 1884 1933 1934
f 1884 1934 1883
f 1673 1935 1690
f 1673 1936 1935
f 1673 1916 1936
f 1916 1915 1936
f 1935 1938 1937
f 1935 1936 1938
f 1935 1937 1690
f 1690 1937 1692
f 1692 1937 1939
f 1692 1939 1694
f 1937 1940 1939
f 1937 1938 1940
f 1939 1940 1941
f 1939 1942 1694
f 1939 1941 1942
f 1694 1942 1695
f 1943 1945 1944
f 1943 1946 1945
f 1698 1946 1943
f 1698 1699 1946
f 1698 1943 1947
f 1698 1947 1703
f 1943 1948 1947
f 1943 1944 1948
f 1947 1950 1949
f 1947 1948 1950
f 1947 1949 1703
f 1703 1949 1705
f 1705 1949 1951
f 1705 1951 1708
f 1920 1951 1949
f 1920 1921 1951
f 1920 1949 1950
f 1920 1950 1919
f 1921 1952 1951
f 1951 1952 1708
f 1708 1952 1710
f 1710 1952 1677
f 1677 1952 1926
f 1926 1952 1921
f 1695 1953 1712
f 1695 1954 1953
f 1695 1942 1954
f 1942 1941 1954
f 1953 1954 1955
f 1953 1956 1712
f 1953 1955 1956
f 1712 1956 1713
f 1957 1959 1958
f 1957 1960 1959
f 1716 1960 1957
f 1716 1717 1960
f 1716 1957 1961
f 1716 1961 1721
f 1957 1962 1961
f 1957 1958 1962
f 1961 1964 1963
f 1961 1962 1964
f 1961 1963 1721
f 1721 1963 1723
f 1723 1963 1699
f 1699 1963 1946
f 1946 1963 1964
f 1946 1964 1945
f 1965 1966 1967
f 1965 1967 1968
f 1965 1968 1969
f 1713 1969 1728
f 1713 1965 1969
f 1713 1956 1965
f 1956 1955 1966
f 1956 1966 1965
f 1728 1969 1970
f 1728 1970 1729
f 1971 1973 1972
f 1971 1974 1973
f 1971 1975 1974
f 1971 1976 1975
f 1971 1977 1976
f 1971 1972 1977
f 1976 1979 1978
f 1976 1977 1979
f 1976 1978 1980
f 1976 1980 1975
f 1732 1980 1978
f 1732 1733 1980
f 1732 1978 1717
f 1717 1978 1960
f 1960 1978 1979
f 1960 1979 1959
f 1968 1981 1969
f 1968 1967 1981
f 1969 1981 1982
f 1969 1982 1983
f 1983 1982 1984
f 1738 1984 1739
f 1738 1983 1984
f 1738 1729 1983
f 1729 1970 1983
f 1970 1969 1983
f 1985 1987 1986
f 1985 1988 1987
f 1744 1988 1985
f 1744 1745 1988
f 1744 1985 1989
f 1744 1989 1749
f 1974 1989 1985
f 1974 1975 1989
f 1974 1985 1986
f 1974 1986 1973
f 1975 1990 1989
f 1989 1990 1749
f 1749 1990 1751
f 1751 1990 1733
f 1733 1990 1980
f 1980 1990 1975
f 1991 1992 1993
f 1991 1993 1994
f 1754 1994 1755
f 1754 1991 1994
f 1754 1739 1991
f 1739 1984 1991
f 1984 1982 1992
f 1984 1992 1991
f 1995 1997 1996
f 1995 1998 1997
f 1762 1998 1995
f 1762 1763 1998
f 1762 1995 1745
f 1745 1995 1988
f 1988 1995 1996
f 1988 1996 1987
f 1999 2000 2001
f 1999 2001 2002
f 1770 2002 1771
f 1770 1999 2002
f 1770 1755 1999
f 1755 1994 1999
f 1994 1993 2000
f 1994 2000 1999
f 2003 2005 2004
f 2003 2006 2005
f 2003 2007 2006
f 1763 2007 2003
f 1763 1777 2007
f 1763 2003 1998
f 1998 2003 2004
f 1998 2004 1997
f 1777 2008 2007
f 1777 1779 2008
f 2009 2010 2011
f 2009 2011 2012
f 1782 2012 1783
f 1782 2009 2012
f 1782 1771 2009
f 1771 2002 2009
f 2002 2001 2010
f 2002 2010 2009
f 2006 2007 2013
f 2006 2013 2005
f 2007 2014 2015
f 2007 2015 2013
f 2014 2016 2015
f 1790 2016 2014
f 1790 1791 2016
f 1790 2014 1779
f 1779 2014 2008
f 2008 2014 2007
f 2017 2018 2019
f 2017 2019 2020
f 2017 2020 2021
f 2017 2021 2022
f 2017 2022 2023
f 2017 2023 2018
f 2022 2024 2023
f 2022 2025 2024
f 2022 2021 2026
f 2022 2026 2025
f 1796 2026 1797
f 1796 2025 2026
f 1796 1783 2025
f 1783 2012 2025
f 2012 2011 2024
f 2012 2024 2025
f 1791 1801 2027
f 1791 2028 2016
f 1791 2027 2028
f 2016 2028 2015
f 2027 2029 2028
f 2027 2030 2029
f 2027 1801 2030
f 1801 1803 2030
f 2031 2032 2033
f 2031 2033 2034
f 1808 2034 1809
f 1808 2031 2034
f 1808 1812 2035
f 1808 2035 2031
f 2020 2035 2021
f 2020 2031 2035
f 2020 2019 2032
f 2020 2032 2031
f 2021 2035 2036
f 2035 1812 2036
f 1812 1813 2036
f 1813 1797 2036
f 1797 2026 2036
f 2026 2021 2036
f 1803 1815 2037
f 1803 2038 2030
f 1803 2037 2038
f 2030 2038 2029
f 2037 2039 2038
f 2037 2040 2039
f 2037 1815 2040
f 1815 2041 2040
f 1815 1816 2041
f 1816 1818 2041
f 1818 2042 2041
f 1818 1819 2042
f 2043 2044 2045
f 2043 2045 2046
f 1822 2046 1823
f 1822 2043 2046
f 1822 1826 2047
f 1822 2047 2043
f 2043 2047 2048
f 2043 2048 2044
f 2047 2049 2048
f 2047 2050 2049
f 2047 1826 2050
f 1826 1827 2050
f 1827 1809 2050
f 1809 2034 2050
f 2034 2033 2049
f 2034 2049 2050
f 2040 2041 2051
f 2040 2051 2039
f 2041 2052 2051
f 1819 1830 2053
f 1819 2054 2042
f 1819 2053 2054
f 2042 2052 2041
f 2042 2054 2052
f 2053 2055 2054
f 2053 2056 2055
f 2053 1830 2056
f 1830 1831 2056
f 1831 1834 2057
f 1831 2057 2056
f 2056 2057 2058
f 2056 2058 2055
f 2057 2059 2058
f 2057 2060 2059
f 2057 1834 2060
f 1834 1835 2060
f 2061 2063 2062
f 2061 2063 2064
f 1840 2064 1841
f 1840 2061 2064
f 1840 1844 2065
f 1840 2065 2061
f 2061 2065 2066
f 2061 2066 2062
f 2065 2067 2066
f 2065 2068 2067
f 2065 1844 2068
f 1844 1845 2068
f 1845 1848 2069
f 1845 2069 2068
f 2068 2069 2070
f 2068 2070 2067
f 2069 2071 2070
f 2069 2072 2071
f 2069 1848 2072
f 1848 1849 2072
f 1849 1823 2072
f 1823 2046 2072
f 2046 2045 2071
f 2046 2071 2072
f 1835 1851 2073
f 1835 2074 2060
f 1835 2073 2074
f 2060 2074 2059
f 2073 2075 2074
f 2073 2076 2075
f 2073 1851 2076
f 1851 1852 2076
f 1852 1854 2077
f 1852 2077 2076
f 2076 2077 2078
f 2076 2078 2075
f 2077 2079 2078
f 2077 2080 2079
f 2077 1854 2080
f 1854 1855 2080
f 1855 1858 2081
f 1855 2081 2080
f 2080 2081 2082
f 2080 2082 2079
f 2081 2083 2082
f 2081 2084 2083
f 2081 1858 2084
f 1858 1859 2084
f 1859 1862 2085
f 1859 2085 2084
f 2084 2085 2086
f 2084 2086 2083
f 2085 2087 2086
f 2085 2088 2087
f 2085 1862 2088
f 1862 1863 2088
f 1863 1866 2089
f 1863 2089 2088
f 2088 2089 2090
f 2088 2090 2087
f 2089 2091 2090
f 2089 2092 2091
f 2089 2092 1866
f 1866 2092 1867
f 1867 2093 1870
f 1867 2092 2093
f 2092 2094 2093
f 2092 2094 2091
f 2093 2094 2095
f 2093 2095 2096
f 2093 2096 1870
f 1870 2096 1871
f 1871 1874 2097
f 1871 2097 2096
f 2096 2097 2098
f 2096 2098 2095
f 2097 2099 2098
f 2097 2100 2099
f 2097 1874 2100
f 1874 1875 2100
f 1875 1878 2101
f 1875 2101 2100
f 2100 2101 2102
f 2100 2102 2099
f 2101 2103 2102
f 2101 2104 2103
f 2101 1878 2104
f 1878 1879 2104
f 1879 1841 2104
f 1841 2064 2104
f 2064 2063 2103
f 2064 2103 2104
f 2105 2107 2106
f 2105 2108 2107
f 1882 2108 2105
f 1882 1883 2108
f 1882 2105 2109
f 1882 2109 1886
f 2105 2110 2109
f 2105 2106 2110
f 2109 2112 2111
f 2109 2110 2112
f 2109 2111 1886
f 1886 2111 1888
f 1888 2111 2113
f 1888 2113 1890
f 2111 2114 2113
f 2111 2112 2114
f 2113 2116 2115
f 2113 2114 2116
f 2113 2115 1890
f 1890 2115 1892
f 1892 2115 2117
f 1892 2117 1894
f 2115 2118 2117
f 2115 2116 2118
f 2117 2120 2119
f 2117 2118 2120
f 2117 2119 1894
f 1894 2119 1896
f 1896 2119 2121
f 1896 2121 1898
f 2119 2122 2121
f 2119 2120 2122
f 2121 2124 2123
f 2121 2122 2124
f 2121 2123 1898
f 1898 2123 1900
f 1900 2123 2125
f 1900 2125 1902
f 2123 2126 2125
f 2123 2124 2126
f 2125 2127 2128
f 2125 2126 2128
f 2125 2127 1902
f 1902 1904 2127
f 1904 2129 2127
f 1904 1906 2129
f 2127 2129 2130
f 2127 2130 2128
f 2129 2132 2131
f 2129 2130 2132
f 2129 2131 1906
f 1906 2131 1908
f 1908 2131 2133
f 1908 2133 1910
f 2131 2134 2133
f 2131 2132 2134
f 2133 2136 2135
f 2133 2134 2136
f 2133 2135 1910
f 1910 2135 1912
f 1912 2135 2137
f 1912 2137 1914
f 2135 2138 2137
f 2135 2136 2138
f 2137 2138 2139
f 2137 2140 1914
f 2137 2139 2140
f 1914 2140 1915
f 2141 2143 2142
f 2141 2144 2143
f 1918 2144 2141
f 1918 1919 2144
f 1918 2141 2145
f 1918 2145 1923
f 2141 2146 2145
f 2141 2142 2146
f 2145 2148 2147
f 2145 2146 2148
f 2145 2147 1923
f 1923 2147 1925
f 1925 2147 2149
f 1925 2149 1928
f 2147 2150 2149
f 2147 2148 2150
f 2149 2152 2151
f 2149 2150 2152
f 2149 2151 1928
f 1928 2151 1930
f 1930 2151 2153
f 1930 2153 1932
f 2151 2154 2153
f 2151 2152 2154
f 2153 2156 2155
f 2153 2154 2156
f 2153 2155 1932
f 1932 2155 1934
f 1934 2155 1883
f 1883 2155 2108
f 2108 2155 2156
f 2108 2156 2107
f 1915 2157 1936
f 1915 2158 2157
f 1915 2140 2158
f 2140 2139 2158
f 2157 2160 2159
f 2157 2158 2160
f 2157 2159 1936
f 1936 2159 1938
f 1938 2159 2161
f 1938 2161 1940
f 2159 2162 2161
f 2159 2160 2162
f 2161 2162 2163
f 2161 2164 1940
f 2161 2163 2164
f 1940 2164 1941
f 2165 2167 2166
f 2165 2168 2167
f 1944 2168 2165
f 1944 1945 2168
f 1944 2165 2169
f 1944 2169 1948
f 2165 2170 2169
f 2165 2166 2170
f 2169 2172 2171
f 2169 2170 2172
f 2169 2171 1948
f 1948 2171 1950
f 1950 2171 1919
f 1919 2171 2144
f 2144 2171 2172
f 2144 2172 2143
f 1941 2173 1954
f 1941 2174 2173
f 1941 2164 2174
f 2164 2163 2174
f 2173 2174 2175
f 2173 2176 1954
f 2173 2175 2176
f 1954 2176 1955
f 2177 2179 2178
f 2177 2180 2179
f 1958 2180 2177
f 1958 1959 2180
f 1958 2177 2181
f 1958 2181 1962
f 2177 2182 2181
f 2177 2178 2182
f 2181 2184 2183
f 2181 2182 2184
f 2181 2183 1962
f 1962 2183 1964
f 1964 2183 1945
f 1945 2183 2168
f 2168 2183 2184
f 2168 2184 2167
f 2185 2186 2187
f 2185 2187 2188
f 1966 2188 1967
f 1966 2185 2188
f 1966 1955 2185
f 1955 2176 2185
f 2176 2175 2186
f 2176 2186 2185
f 2189 2191 2190
f 2189 2192 2191
f 1972 2192 2189
f 1972 1973 2192
f 1972 2189 2193
f 1972 2193 1977
f 2189 2194 2193
f 2189 2190 2194
f 2193 2196 2195
f 2193 2194 2196
f 2193 2195 1977
f 1977 2195 1979
f 1979 2195 1959
f 1959 2195 2180
f 2180 2195 2196
f 2180 2196 2179
f 1967 2197 1981
f 1967 2198 2197
f 1967 2188 2198
f 2188 2187 2198
f 2197 2198 2199
f 2197 2200 1981
f 2197 2199 2200
f 1981 2200 1982
f 2201 2203 2202
f 2201 2204 2203
f 1986 2204 2201
f 1986 1987 2204
f 1986 2201 1973
f 1973 2201 2192
f 2192 2201 2202
f 2192 2202 2191
f 2205 2206 2207
f 2205 2207 2208
f 1992 2208 1993
f 1992 2205 2208
f 1992 1982 2205
f 1982 2200 2205
f 2200 2199 2206
f 2200 2206 2205
f 2209 2211 2210
f 2209 2212 2211
f 1996 2212 2209
f 1996 1997 2212
f 1996 2209 1987
f 1987 2209 2204
f 2204 2209 2210
f 2204 2210 2203
f 2213 2214 2215
f 2213 2215 2216
f 2000 2216 2001
f 2000 2213 2216
f 2000 1993 2213
f 1993 2208 2213
f 2208 2207 2214
f 2208 2214 2213
f 2217 2219 2218
f 2217 2220 2219
f 2004 2220 2217
f 2004 2005 2220
f 2004 2217 1997
f 1997 2217 2212
f 2212 2217 2218
f 2212 2218 2211
f 2221 2222 2223
f 2221 2223 2224
f 2010 2224 2011
f 2010 2221 2224
f 2010 2001 2221
f 2001 2216 2221
f 2216 2215 2222
f 2216 2222 2221
f 2005 2013 2225
f 2005 2226 2220
f 2005 2225 2226
f 2220 2226 2219
f 2225 2227 2226
f 2225 2228 2227
f 2225 2013 2228
f 2013 2015 2228
f 2229 2230 2231
f 2229 2231 2232
f 2018 2232 2019
f 2018 2229 2232
f 2018 2023 2233
f 2018 2229 2233
f 2229 2233 2234
f 2229 2230 2234
f 2233 2235 2234
f 2233 2236 2235
f 2233 2023 2236
f 2023 2024 2236
f 2024 2011 2236
f 2011 2224 2236
f 2224 2223 2235
f 2224 2235 2236
f 2015 2028 2237
f 2015 2238 2228
f 2015 2237 2238
f 2228 2238 2227
f 2237 2239 2238
f 2237 2240 2239
f 2237 2028 2240
f 2028 2029 2240
f 2241 2242 2243
f 2241 2243 2244
f 2032 2244 2033
f 2032 2241 2244
f 2032 2019 2241
f 2019 2232 2241
f 2232 2231 2242
f 2232 2242 2241
f 2029 2038 2245
f 2029 2246 2240
f 2029 2245 2246
f 2240 2246 2239
f 2245 2247 2246
f 2245 2248 2247
f 2245 2038 2248
f 2038 2039 2248
f 2249 2250 2251
f 2249 2251 2252
f 2044 2252 2045
f 2044 2249 2252
f 2044 2048 2253
f 2044 2253 2249
f 2249 2253 2254
f 2249 2254 2250
f 2253 2255 2254
f 2253 2256 2255
f 2253 2048 2256
f 2048 2049 2256
f 2049 2033 2256
f 2033 2244 2256
f 2244 2243 2255
f 2244 2255 2256
f 2039 2051 2257
f 2039 2258 2248
f 2039 2257 2258
f 2248 2258 2247
f 2257 2259 2258
f 2257 2260 2259
f 2257 2051 2260
f 2051 2052 2260
f 2052 2054 2261
f 2052 2261 2260
f 2260 2261 2262
f 2260 2262 2259
f 2261 2263 2262
f 2261 2264 2263
f 2261 2054 2264
f 2054 2055 2264
f 2055 2058 2265
f 2055 2265 2264
f 2264 2265 2266
f 2264 2266 2263
f 2265 2267 2266
f 2265 2268 2267
f 2265 2058 2268
f 2058 2059 2268
f 2269 2271 2270
f 2269 2271 2272
f 2062 2272 2063
f 2062 2272 2269
f 2062 2066 2273
f 2062 2269 2273
f 2269 2273 2274
f 2269 2270 2274
f 2273 2275 2274
f 2273 2276 2275
f 2273 2066 2276
f 2066 2067 2276
f 2067 2070 2277
f 2067 2277 2276
f 2276 2277 2278
f 2276 2278 2275
f 2277 2279 2278
f 2277 2280 2279
f 2277 2070 2280
f 2070 2071 2280
f 2071 2045 2280
f 2045 2252 2280
f 2252 2251 2279
f 2252 2279 2280
f 2059 2074 2281
f 2059 2282 2268
f 2059 2281 2282
f 2268 2282 2267
f 2281 2283 2282
f 2281 2284 2283
f 2281 2074 2284
f 2074 2075 2284
f 2075 2078 2285
f 2075 2285 2284
f 2284 2285 2286
f 2284 2286 2283
f 2285 2287 2286
f 2285 2288 2287
f 2285 2078 2288
f 2078 2079 2288
f 2079 2082 2289
f 2079 2289 2288
f 2288 2289 2290
f 2288 2290 2287
f 2289 2291 2290
f 2289 2292 2291
f 2289 2082 2292
f 2082 2083 2292
f 2083 2086 2293
f 2083 2293 2292
f 2292 2293 2294
f 2292 2294 2291
f 2293 2295 2294
f 2293 2296 2295
f 2293 2086 2296
f 2086 2087 2296
f 2087 2090 2297
f 2087 2297 2296
f 2296 2297 2298
f 2296 2298 2295
f 2297 2299 2298
f 2297 2300 2299
f 2297 2090 2300
f 2090 2091 2300
f 2091 2301 2094
f 2091 2301 2300
f 2300 2302 2301
f 2300 2302 2299
f 2301 2302 2303
f 2301 2303 2304
f 2301 2304 2094
f 2094 2304 2095
f 2095 2098 2305
f 2095 2305 2304
f 2304 2305 2306
f 2304 2306 2303
f 2305 2307 2306
f 2305 2308 2307
f 2305 2098 2308
f 2098 2099 2308
f 2099 2102 2309
f 2099 2309 2308
f 2308 2309 2310
f 2308 2310 2307
f 2309 2311 2310
f 2309 2312 2311
f 2309 2102 2312
f 2102 2103 2312
f 2103 2063 2312
f 2063 2272 2312
f 2272 2271 2311
f 2272 2311 2312
f 2313 2315 2314
f 2313 2316 2315
f 2106 2316 2313
f 2106 2107 2316
f 2106 2313 2317
f 2106 2317 2110
f 2313 2318 2317
f 2313 2314 2318
f 2317 2320 2319
f 2317 2318 2320
f 2317 2319 2110
f 2110 2319 2112
f 2112 2319 2321
f 2112 2321 2114
f 2319 2322 2321
f 2319 2320 2322
f 2321 2324 2323
f 2321 2322 2324
f 2321 2323 2114
f 2114 2323 2116
f 2116 2323 2325
f 2116 2325 2118
f 2323 2326 2325
f 2323 2324 2326
f 2325 2328 2327
f 2325 2326 2328
f 2325 2327 2118
f 2118 2327 2120
f 2120 2327 2329
f 2120 2329 2122
f 2327 2330 2329
f 2327 2328 2330
f 2329 2332 2331
f 2329 2330 2332
f 2329 2331 2122
f 2122 2331 2124
f 2124 2331 2333
f 2124 2333 2126
f 2331 2333 2334
f 2331 2334 2332
f 2333 2336 2335
f 2333 2336 2334
f 2333 2126 2335
f 2126 2128 2335
f 2128 2337 2335
f 2128 2130 2337
f 2335 2338 2337
f 2335 2336 2338
f 2337 2340 2339
f 2337 2338 2340
f 2337 2339 2130
f 2130 2339 2132
f 2132 2339 2341
f 2132 2341 2134
f 2339 2342 2341
f 2339 2340 2342
f 2341 2344 2343
f 2341 2342 2344
f 2341 2343 2134
f 2134 2343 2136
f 2136 2343 2345
f 2136 2345 2138
f 2343 2346 2345
f 2343 2344 2346
f 2345 2346 2347
f 2345 2348 2138
f 2345 2347 2348
f 2138 2348 2139
f 2142 2143 2349
f 2142 2349 2146
f 2350 2352 2351
f 2146 2352 2350
f 2146 2349 2352
f 2146 2350 2148
f 2148 2350 2353
f 2148 2353 2150
f 2350 2354 2353
f 2350 2351 2354
f 2353 2356 2355
f 2353 2354 2356
f 2353 2355 2150
f 2150 2355 2152
f 2152 2355 2357
f 2152 2357 2154
f 2355 2358 2357
f 2355 2356 2358
f 2357 2360 2359
f 2357 2358 2360
f 2357 2359 2154
f 2154 2359 2156
f 2156 2359 2107
f 2107 2359 2316
f 2316 2359 2360
f 2316 2360 2315
f 2139 2361 2158
f 2139 2362 2361
f 2139 2348 2362
f 2348 2347 2362
f 2361 2364 2363
f 2361 2362 2364
f 2361 2363 2158
f 2158 2363 2160
f 2160 2363 2365
f 2160 2365 2162
f 2363 2366 2365
f 2363 2364 2366
f 2365 2366 2367
f 2365 2368 2162
f 2365 2367 2368
f 2162 2368 2163
f 2369 2371 2370
f 2369 2372 2371
f 2166 2372 2369
f 2166 2167 2372
f 2166 2369 2373
f 2166 2373 2170
f 2369 2374 2373
f 2369 2370 2374
f 2373 2376 2375
f 2373 2374 2376
f 2373 2375 2170
f 2170 2375 2172
f 2172 2375 2143
f 2143 2375 2377
f 2143 2377 2349
f 2375 2376 2377
f 2349 2377 2378
f 2349 2378 2352
f 2163 2379 2174
f 2163 2380 2379
f 2163 2368 2380
f 2368 2367 2380
f 2379 2380 2381
f 2379 2382 2174
f 2379 2381 2382
f 2174 2382 2175
f 2383 2385 2384
f 2383 2386 2385
f 2178 2386 2383
f 2178 2179 2386
f 2178 2383 2387
f 2178 2387 2182
f 2383 2388 2387
f 2383 2384 2388
f 2387 2390 2389
f 2387 2388 2390
f 2387 2389 2182
f 2182 2389 2184
f 2184 2389 2167
f 2167 2389 2372
f 2372 2389 2390
f 2372 2390 2371
f 2186 2391 2187
f 2186 2392 2391
f 2186 2175 2392
f 2175 2393 2392
f 2175 2382 2393
f 2382 2381 2393
f 2392 2393 2394
f 2392 2394 2391
f 2190 2191 2395
f 2190 2395 2194
f 2396 2398 2397
f 2194 2398 2396
f 2194 2395 2398
f 2194 2396 2196
f 2196 2396 2179
f 2179 2396 2386
f 2386 2396 2397
f 2386 2397 2385
f 2187 2399 2198
f 2187 2391 2399
f 2391 2400 2399
f 2391 2401 2400
f 2399 2402 2198
f 2399 2400 2402
f 2198 2402 2199
f 2391 2394 2401
f 2403 2405 2404
f 2403 2406 2405
f 2202 2406 2403
f 2202 2203 2406
f 2202 2403 2191
f 2191 2403 2407
f 2191 2407 2395
f 2403 2404 2407
f 2395 2407 2408
f 2395 2408 2398
f 2409 2410 2411
f 2409 2411 2412
f 2206 2412 2207
f 2206 2409 2412
f 2206 2199 2409
f 2199 2402 2409
f 2402 2400 2410
f 2402 2410 2409
f 2413 2415 2414
f 2413 2416 2415
f 2210 2416 2413
f 2210 2211 2416
f 2210 2413 2203
f 2203 2413 2406
f 2406 2413 2414
f 2406 2414 2405
f 2417 2418 2419
f 2417 2419 2420
f 2214 2420 2215
f 2214 2417 2420
f 2214 2207 2417
f 2207 2412 2417
f 2412 2411 2418
f 2412 2418 2417
f 2218 2219 2421
f 2218 2422 2211
f 2218 2421 2422
f 2211 2423 2416
f 2211 2422 2423
f 2416 2423 2415
f 2422 2424 2423
f 2422 2421 2424
f 2425 2426 2427
f 2425 2427 2428
f 2222 2428 2223
f 2222 2425 2428
f 2222 2215 2425
f 2215 2420 2425
f 2420 2419 2426
f 2420 2426 2425
f 2219 2226 2429
f 2219 2429 2421
f 2421 2431 2430
f 2421 2429 2431
f 2429 2432 2431
f 2429 2226 2432
f 2226 2227 2432
f 2421 2430 2424
f 2230 2433 2231
f 2230 2234 2433
f 2434 2435 2436
f 2234 2436 2433
f 2234 2434 2436
f 2234 2235 2434
f 2235 2223 2434
f 2223 2428 2434
f 2428 2427 2435
f 2428 2435 2434
f 2227 2238 2437
f 2227 2438 2432
f 2227 2437 2438
f 2432 2438 2431
f 2437 2439 2438
f 2437 2440 2439
f 2437 2238 2440
f 2238 2239 2440
f 2441 2442 2443
f 2441 2443 2444
f 2242 2444 2243
f 2242 2441 2444
f 2242 2231 2441
f 2231 2433 2445
f 2231 2445 2441
f 2441 2445 2442
f 2433 2446 2445
f 2433 2436 2446
f 2239 2246 2447
f 2239 2448 2440
f 2239 2447 2448
f 2440 2448 2439
f 2447 2449 2448
f 2447 2450 2449
f 2447 2246 2450
f 2246 2247 2451
f 2246 2451 2450
f 2450 2451 2452
f 2450 2452 2453
f 2450 2453 2449
f 2452 2454 2453
f 2452 2451 2454
f 2455 2456 2457
f 2455 2457 2458
f 2250 2458 2251
f 2250 2455 2458
f 2250 2254 2459
f 2250 2459 2455
f 2455 2459 2460
f 2455 2460 2456
f 2459 2461 2460
f 2459 2462 2461
f 2459 2254 2462
f 2254 2255 2462
f 2255 2243 2462
f 2243 2444 2462
f 2444 2443 2461
f 2444 2461 2462
f 2247 2258 2463
f 2247 2463 2451
f 2451 2463 2464
f 2463 2258 2464
f 2258 2259 2464
f 2259 2262 2465
f 2259 2465 2464
f 2464 2465 2466
f 2451 2466 2454
f 2451 2464 2466
f 2465 2467 2466
f 2465 2468 2467
f 2465 2262 2468
f 2262 2263 2468
f 2263 2266 2469
f 2263 2469 2468
f 2468 2469 2470
f 2468 2470 2467
f 2469 2471 2470
f 2469 2472 2471
f 2469 2266 2472
f 2266 2267 2472
f 2473 2474 2475
f 2473 2475 2476
f 2270 2476 2271
f 2270 2476 2473
f 2270 2274 2477
f 2270 2473 2477
f 2473 2477 2478
f 2473 2478 2474
f 2477 2479 2478
f 2477 2480 2479
f 2477 2274 2480
f 2274 2275 2480
f 2275 2278 2481
f 2275 2481 2480
f 2480 2481 2482
f 2480 2482 2479
f 2481 2483 2482
f 2481 2484 2483
f 2481 2278 2484
f 2278 2279 2484
f 2279 2251 2484
f 2251 2458 2484
f 2458 2457 2483
f 2458 2483 2484
f 2267 2282 2485
f 2267 2486 2472
f 2267 2485 2486
f 2472 2486 2471
f 2485 2487 2486
f 2485 2488 2487
f 2485 2282 2488
f 2282 2283 2488
f 2283 2286 2489
f 2283 2489 2488
f 2488 2489 2490
f 2488 2490 2487
f 2489 2491 2490
f 2489 2492 2491
f 2489 2286 2492
f 2286 2287 2492
f 2287 2290 2493
f 2287 2493 2492
f 2492 2493 2494
f 2492 2494 2491
f 2493 2495 2494
f 2493 2496 2495
f 2493 2290 2496
f 2290 2291 2496
f 2291 2294 2497
f 2291 2497 2496
f 2496 2497 2498
f 2496 2498 2495
f 2497 2499 2498
f 2497 2500 2499
f 2497 2294 2500
f 2294 2295 2500
f 2295 2298 2501
f 2295 2501 2500
f 2500 2501 2502
f 2500 2502 2499
f 2501 2503 2502
f 2501 2504 2503
f 2501 2298 2504
f 2298 2299 2504
f 2299 2505 2302
f 2299 2505 2504
f 2504 2506 2505
f 2504 2506 2503
f 2505 2506 2507
f 2505 2507 2508
f 2505 2508 2302
f 2302 2508 2303
f 2303 2306 2509
f 2303 2509 2508
f 2508 2509 2510
f 2508 2510 2507
f 2509 2511 2510
f 2509 2512 2511
f 2509 2306 2512
f 2306 2307 2512
f 2307 2310 2513
f 2307 2513 2512
f 2512 2513 2514
f 2512 2514 2511
f 2513 2515 2514
f 2513 2516 2515
f 2513 2310 2516
f 2310 2311 2516
f 2311 2271 2516
f 2271 2476 2516
f 2476 2475 2515
f 2476 2515 2516
f 2314 2315 2517
f 2314 2517 2318
f 2518 2520 2519
f 2318 2520 2518
f 2318 2517 2520
f 2318 2518 2320
f 2320 2518 2521
f 2320 2521 2322
f 2518 2522 2521
f 2518 2519 2522
f 2521 2524 2523
f 2521 2522 2524
f 2521 2523 2322
f 2322 2523 2324
f 2324 2523 2525
f 2324 2525 2326
f 2523 2526 2525
f 2523 2524 2526
f 2525 2528 2527
f 2525 2526 2528
f 2525 2527 2326
f 2326 2527 2328
f 2328 2527 2529
f 2328 2529 2330
f 2527 2530 2529
f 2527 2528 2530
f 2529 2531 2532
f 2529 2530 2532
f 2529 2531 2330
f 2330 2531 2332
f 2332 2533 2531
f 2332 2334 2533
f 2531 2533 2534
f 2531 2534 2532
f 2533 2536 2535
f 2533 2534 2536
f 2533 2535 2334
f 2334 2535 2336
f 2336 2535 2537
f 2336 2537 2338
f 2535 2538 2537
f 2535 2536 2538
f 2537 2540 2539
f 2537 2538 2540
f 2537 2539 2338
f 2338 2539 2340
f 2340 2539 2541
f 2340 2541 2342
f 2539 2542 2541
f 2539 2540 2542
f 2541 2544 2543
f 2541 2542 2544
f 2541 2543 2342
f 2342 2543 2344
f 2344 2543 2545
f 2344 2545 2346
f 2543 2546 2545
f 2543 2544 2546
f 2545 2546 2547
f 2545 2548 2346
f 2545 2547 2548
f 2346 2548 2347
f 2549 2551 2550
f 2549 2552 2551
f 2351 2552 2549
f 2351 2352 2552
f 2351 2549 2553
f 2351 2553 2354
f 2549 2554 2553
f 2549 2550 2554
f 2553 2556 2555
f 2553 2554 2556
f 2553 2555 2354
f 2354 2555 2356
f 2356 2555 2557
f 2356 2557 2358
f 2555 2558 2557
f 2555 2556 2558
f 2557 2560 2559
f 2557 2558 2560
f 2557 2559 2358
f 2358 2559 2360
f 2360 2559 2315
f 2315 2559 2561
f 2315 2561 2517
f 2559 2560 2561
f 2517 2561 2562
f 2517 2562 2520
f 2347 2563 2362
f 2347 2564 2563
f 2347 2548 2564
f 2548 2547 2564
f 2563 2566 2565
f 2563 2564 2566
f 2563 2565 2362
f 2362 2565 2364
f 2364 2565 2567
f 2364 2567 2366
f 2565 2568 2567
f 2565 2566 2568
f 2567 2568 2569
f 2567 2570 2366
f 2567 2569 2570
f 2366 2570 2367
f 2370 2371 2571
f 2370 2571 2374
f 2572 2574 2573
f 2374 2574 2572
f 2374 2571 2574
f 2374 2572 2376
f 2376 2572 2575
f 2376 2575 2377
f 2572 2576 2575
f 2572 2573 2576
f 2575 2578 2577
f 2575 2576 2578
f 2575 2577 2377
f 2377 2577 2378
f 2378 2577 2352
f 2352 2577 2552
f 2552 2577 2578
f 2552 2578 2551
f 2367 2579 2380
f 2367 2580 2579
f 2367 2570 2580
f 2570 2569 2580
f 2579 2580 2581
f 2579 2582 2380
f 2579 2581 2582
f 2380 2582 2381
f 2384 2385 2583
f 2384 2583 2388
f 2584 2586 2585
f 2388 2586 2584
f 2388 2583 2586
f 2388 2584 2390
f 2390 2584 2371
f 2371 2584 2587
f 2371 2587 2571
f 2584 2585 2587
f 2571 2587 2588
f 2571 2588 2574
f 2381 2589 2393
f 2381 2590 2589
f 2381 2582 2590
f 2582 2581 2590
f 2589 2590 2591
f 2589 2592 2393
f 2589 2591 2592
f 2393 2592 2394
f 2593 2595 2594
f 2593 2596 2595
f 2397 2596 2593
f 2397 2398 2596
f 2397 2593 2385
f 2385 2593 2597
f 2385 2597 2583
f 2593 2594 2597
f 2583 2597 2598
f 2583 2598 2586
f 2401 2599 2400
f 2401 2600 2599
f 2401 2394 2600
f 2394 2601 2600
f 2394 2592 2601
f 2592 2591 2601
f 2600 2601 2602
f 2600 2602 2599
f 2404 2405 2603
f 2404 2603 2407
f 2604 2606 2605
f 2407 2606 2604
f 2407 2603 2606
f 2407 2604 2408
f 2408 2604 2398
f 2398 2604 2596
f 2596 2604 2605
f 2596 2605 2595
f 2410 2607 2411
f 2410 2608 2607
f 2410 2400 2608
f 2400 2599 2608
f 2599 2609 2608
f 2599 2610 2609
f 2608 2609 2607
f 2599 2602 2610
f 2414 2415 2611
f 2414 2612 2405
f 2414 2611 2612
f 2405 2612 2603
f 2603 2614 2613
f 2603 2612 2614
f 2612 2611 2614
f 2603 2613 2606
f 2418 2615 2419
f 2418 2616 2615
f 2418 2411 2616
f 2411 2607 2616
f 2607 2617 2616
f 2607 2618 2617
f 2616 2617 2615
f 2607 2609 2618
f 2415 2423 2619
f 2415 2619 2611
f 2611 2621 2620
f 2611 2619 2621
f 2619 2622 2621
f 2619 2423 2622
f 2423 2424 2622
f 2611 2620 2614
f 2426 2623 2427
f 2426 2624 2623
f 2426 2419 2624
f 2419 2615 2624
f 2615 2625 2624
f 2615 2626 2625
f 2624 2625 2623
f 2615 2617 2626
f 2430 2431 2627
f 2430 2628 2424
f 2430 2627 2628
f 2424 2629 2622
f 2424 2628 2629
f 2622 2629 2621
f 2628 2630 2629
f 2628 2627 2630
f 2631 2632 2633
f 2631 2633 2634
f 2435 2634 2436
f 2435 2631 2634
f 2435 2427 2631
f 2427 2623 2635
f 2427 2635 2631
f 2631 2635 2632
f 2623 2636 2635
f 2623 2625 2636
f 2431 2438 2637
f 2431 2637 2627
f 2627 2637 2638
f 2637 2438 2638
f 2438 2439 2639
f 2438 2639 2638
f 2638 2639 2640
f 2638 2640 2641
f 2627 2641 2630
f 2627 2638 2641
f 2640 2642 2641
f 2640 2639 2642
f 2643 2644 2645
f 2643 2645 2646
f 2442 2646 2443
f 2442 2643 2646
f 2442 2445 2647
f 2442 2647 2643
f 2643 2647 2648
f 2643 2648 2644
f 2647 2649 2648
f 2647 2650 2649
f 2647 2445 2650
f 2445 2446 2650
f 2446 2436 2650
f 2436 2634 2650
f 2634 2633 2649
f 2634 2649 2650
f 2439 2448 2651
f 2439 2651 2639
f 2639 2651 2652
f 2651 2448 2652
f 2448 2449 2652
f 2449 2453 2653
f 2449 2653 2652
f 2652 2653 2654
f 2639 2654 2642
f 2639 2652 2654
f 2653 2655 2654
f 2653 2656 2655
f 2653 2453 2656
f 2453 2454 2656
f 2657 2658 2659
f 2657 2659 2660
f 2456 2660 2457
f 2456 2657 2660
f 2456 2460 2661
f 2456 2661 2657
f 2657 2661 2662
f 2657 2662 2658
f 2661 2663 2662
f 2661 2664 2663
f 2661 2460 2664
f 2460 2461 2664
f 2461 2443 2664
f 2443 2646 2664
f 2646 2645 2663
f 2646 2663 2664
f 2454 2466 2665
f 2454 2666 2656
f 2454 2665 2666
f 2656 2666 2655
f 2665 2667 2666
f 2665 2668 2667
f 2665 2466 2668
f 2466 2467 2668
f 2467 2470 2669
f 2467 2669 2668
f 2668 2669 2670
f 2668 2670 2667
f 2669 2671 2670
f 2669 2672 2671
f 2669 2470 2672
f 2470 2471 2673
f 2470 2673 2672
f 2672 2673 2674
f 2672 2674 2675
f 2672 2675 2671
f 2674 2676 2675
f 2674 2673 2676
f 2677 2678 2679
f 2677 2679 2680
f 2474 2680 2475
f 2474 2680 2677
f 2474 2478 2681
f 2474 2681 2677
f 2677 2681 2682
f 2677 2682 2678
f 2681 2683 2682
f 2681 2684 2683
f 2681 2478 2684
f 2478 2479 2684
f 2479 2482 2685
f 2479 2685 2684
f 2684 2685 2686
f 2684 2686 2683
f 2685 2687 2686
f 2685 2688 2687
f 2685 2482 2688
f 2482 2483 2688
f 2483 2457 2688
f 2457 2660 2688
f 2660 2659 2687
f 2660 2687 2688
f 2471 2486 2689
f 2471 2689 2673
f 2673 2689 2690
f 2689 2486 2690
f 2486 2487 2690
f 2487 2490 2691
f 2487 2691 2690
f 2690 2691 2692
f 2673 2692 2676
f 2673 2690 2692
f 2691 2693 2692
f 2691 2694 2693
f 2691 2490 2694
f 2490 2491 2694
f 2491 2494 2695
f 2491 2695 2694
f 2694 2695 2696
f 2694 2696 2693
f 2695 2697 2696
f 2695 2698 2697
f 2695 2494 2698
f 2494 2495 2698
f 2495 2498 2699
f 2495 2699 2698
f 2698 2699 2700
f 2698 2700 2697
f 2699 2701 2700
f 2699 2702 2701
f 2699 2498 2702
f 2498 2499 2702
f 2499 2502 2703
f 2499 2703 2702
f 2702 2703 2704
f 2702 2704 2701
f 2703 2704 2705
f 2703 2705 2706
f 2703 2706 2502
f 2502 2706 2503
f 2503 2707 2506
f 2503 2706 2707
f 2706 2707 2708
f 2706 2708 2705
f 2707 2709 2708
f 2707 2709 2710
f 2707 2710 2506
f 2506 2710 2507
f 2507 2510 2711
f 2507 2711 2710
f 2710 2711 2712
f 2710 2712 2709
f 2711 2713 2712
f 2711 2714 2713
f 2711 2510 2714
f 2510 2511 2714
f 2511 2514 2715
f 2511 2715 2714
f 2714 2715 2716
f 2714 2716 2713
f 2715 2717 2716
f 2715 2718 2717
f 2715 2514 2718
f 2514 2515 2718
f 2515 2475 2718
f 2475 2680 2718
f 2680 2679 2717
f 2680 2717 2718
f 2519 2520 2719
f 2519 2719 2522
f 2720 2722 2721
f 2522 2722 2720
f 2522 2719 2722
f 2522 2720 2524
f 2524 2720 2723
f 2524 2723 2526
f 2720 2724 2723
f 2720 2721 2724
f 2723 2726 2725
f 2723 2726 2724
f 2723 2725 2526
f 2526 2725 2528
f 2528 2727 2725
f 2528 2727 2530
f 2725 2728 2727
f 2725 2726 2728
f 2727 2730 2729
f 2727 2728 2730
f 2727 2729 2530
f 2530 2729 2532
f 2532 2729 2731
f 2532 2731 2534
f 2729 2732 2731
f 2729 2730 2732
f 2731 2734 2733
f 2731 2732 2734
f 2731 2733 2534
f 2534 2733 2536
f 2536 2733 2735
f 2536 2735 2538
f 2733 2736 2735
f 2733 2734 2736
f 2735 2738 2737
f 2735 2736 2738
f 2735 2737 2538
f 2538 2737 2540
f 2540 2737 2739
f 2540 2739 2542
f 2737 2740 2739
f 2737 2738 2740
f 2739 2740 2741
f 2739 2742 2542
f 2739 2741 2742
f 2542 2743 2544
f 2542 2742 2743
f 2544 2743 2546
f 2546 2743 2744
f 2546 2744 2547
f 2550 2551 2745
f 2550 2745 2554
f 2746 2748 2747
f 2554 2748 2746
f 2554 2745 2748
f 2554 2746 2556
f 2556 2746 2749
f 2556 2749 2558
f 2746 2750 2749
f 2746 2747 2750
f 2749 2752 2751
f 2749 2750 2752
f 2749 2751 2558
f 2558 2751 2560
f 2560 2751 2753
f 2560 2753 2561
f 2751 2754 2753
f 2751 2752 2754
f 2753 2756 2755
f 2753 2754 2756
f 2753 2755 2561
f 2561 2755 2562
f 2562 2755 2520
f 2520 2755 2757
f 2520 2757 2719
f 2755 2756 2757
f 2719 2757 2758
f 2719 2758 2722
f 2742 2759 2743
f 2742 2741 2759
f 2743 2759 2760
f 2547 2761 2564
f 2547 2762 2761
f 2547 2744 2762
f 2744 2760 2762
f 2744 2743 2760
f 2761 2764 2763
f 2761 2762 2764
f 2761 2763 2564
f 2564 2763 2566
f 2566 2763 2765
f 2566 2765 2568
f 2763 2766 2765
f 2763 2764 2766
f 2765 2766 2767
f 2765 2768 2568
f 2765 2767 2768
f 2568 2768 2569
f 2573 2574 2769
f 2573 2769 2576
f 2770 2772 2771
f 2576 2772 2770
f 2576 2769 2772
f 2576 2770 2578
f 2578 2770 2551
f 2551 2770 2773
f 2551 2773 2745
f 2770 2771 2773
f 2745 2773 2774
f 2745 2774 2748
f 2569 2775 2580
f 2569 2776 2775
f 2569 2768 2776
f 2768 2767 2776
f 2775 2776 2777
f 2775 2778 2580
f 2775 2777 2778
f 2580 2778 2581
f 2585 2586 2779
f 2585 2779 2587
f 2780 2782 2781
f 2587 2782 2780
f 2587 2779 2782
f 2587 2780 2588
f 2588 2780 2574
f 2574 2780 2783
f 2574 2783 2769
f 2780 2781 2783
f 2769 2783 2784
f 2769 2784 2772
f 2581 2785 2590
f 2581 2786 2785
f 2581 2778 2786
f 2778 2777 2786
f 2785 2786 2787
f 2785 2788 2590
f 2785 2787 2788
f 2590 2788 2591
f 2594 2595 2789
f 2594 2789 2597
f 2790 2792 2791
f 2597 2792 2790
f 2597 2789 2792
f 2597 2790 2598
f 2598 2790 2586
f 2586 2790 2793
f 2586 2793 2779
f 2790 2791 2793
f 2779 2793 2794
f 2779 2794 2782
f 2591 2795 2601
f 2591 2796 2795
f 2591 2788 2796
f 2788 2787 2796
f 2795 2796 2797
f 2795 2798 2601
f 2795 2797 2798
f 2601 2798 2602
f 2605 2606 2799
f 2605 2800 2595
f 2605 2799 2800
f 2595 2800 2789
f 2789 2802 2801
f 2789 2800 2802
f 2800 2799 2802
f 2789 2801 2792
f 2803 2804 2805
f 2803 2805 2806
f 2610 2806 2609
f 2610 2803 2806
f 2610 2602 2803
f 2602 2798 2803
f 2798 2797 2804
f 2798 2804 2803
f 2613 2614 2807
f 2613 2808 2606
f 2613 2807 2808
f 2606 2808 2799
f 2799 2810 2809
f 2799 2808 2810
f 2808 2807 2810
f 2799 2809 2802
f 2811 2812 2813
f 2811 2813 2814
f 2618 2814 2617
f 2618 2811 2814
f 2618 2609 2811
f 2609 2806 2811
f 2806 2805 2812
f 2806 2812 2811
f 2620 2621 2815
f 2620 2816 2614
f 2620 2815 2816
f 2614 2816 2807
f 2807 2818 2817
f 2807 2816 2818
f 2816 2815 2818
f 2807 2817 2810
f 2819 2820 2821
f 2819 2821 2822
f 2626 2822 2625
f 2626 2819 2822
f 2626 2617 2819
f 2617 2814 2819
f 2814 2813 2820
f 2814 2820 2819
f 2621 2629 2823
f 2621 2823 2815
f 2815 2823 2824
f 2823 2629 2824
f 2629 2630 2825
f 2629 2825 2824
f 2824 2825 2826
f 2824 2826 2827
f 2815 2827 2818
f 2815 2824 2827
f 2826 2828 2827
f 2826 2825 2828
f 2829 2830 2831
f 2829 2831 2832
f 2632 2832 2633
f 2632 2829 2832
f 2632 2635 2833
f 2632 2833 2829
f 2829 2833 2834
f 2829 2834 2830
f 2833 2835 2834
f 2833 2836 2835
f 2833 2635 2836
f 2635 2636 2836
f 2636 2625 2836
f 2625 2822 2836
f 2822 2821 2835
f 2822 2835 2836
f 2630 2641 2837
f 2630 2837 2825
f 2825 2837 2838
f 2837 2641 2838
f 2641 2642 2839
f 2641 2839 2838
f 2838 2839 2840
f 2838 2840 2841
f 2825 2841 2828
f 2825 2838 2841
f 2840 2842 2841
f 2840 2839 2842
f 2843 2844 2845
f 2843 2845 2846
f 2644 2846 2645
f 2644 2843 2846
f 2644 2648 2847
f 2644 2847 2843
f 2843 2847 2848
f 2843 2848 2844
f 2847 2849 2848
f 2847 2850 2849
f 2847 2648 2850
f 2648 2649 2850
f 2649 2633 2850
f 2633 2832 2850
f 2832 2831 2849
f 2832 2849 2850
f 2642 2654 2851
f 2642 2851 2839
f 2839 2851 2852
f 2851 2654 2852
f 2654 2655 2853
f 2654 2853 2852
f 2852 2853 2854
f 2852 2854 2855
f 2839 2855 2842
f 2839 2852 2855
f 2854 2856 2855
f 2854 2853 2856
f 2857 2858 2859
f 2857 2859 2860
f 2658 2860 2659
f 2658 2857 2860
f 2658 2662 2861
f 2658 2861 2857
f 2857 2861 2862
f 2857 2862 2858
f 2861 2863 2862
f 2861 2864 2863
f 2861 2662 2864
f 2662 2663 2864
f 2663 2645 2864
f 2645 2846 2864
f 2846 2845 2863
f 2846 2863 2864
f 2655 2666 2865
f 2655 2865 2853
f 2853 2865 2866
f 2865 2666 2866
f 2666 2667 2866
f 2667 2670 2867
f 2667 2867 2866
f 2866 2867 2868
f 2853 2868 2856
f 2853 2866 2868
f 2867 2869 2868
f 2867 2870 2869
f 2867 2670 2870
f 2670 2671 2870
f 2671 2675 2871
f 2671 2871 2870
f 2870 2871 2872
f 2870 2872 2869
f 2871 2873 2872
f 2871 2874 2873
f 2871 2675 2874
f 2675 2676 2875
f 2675 2875 2874
f 2874 2875 2876
f 2874 2876 2877
f 2874 2877 2873
f 2876 2878 2877
f 2876 2875 2878
f 2879 2880 2881
f 2879 2881 2882
f 2879 2882 2883
f 2879 2883 2884
f 2879 2884 2885
f 2879 2885 2880
f 2884 2886 2885
f 2884 2887 2886
f 2884 2883 2888
f 2884 2888 2887
f 2678 2888 2679
f 2678 2887 2888
f 2678 2682 2889
f 2678 2889 2887
f 2887 2889 2890
f 2887 2890 2886
f 2889 2891 2890
f 2889 2892 2891
f 2889 2682 2892
f 2682 2683 2892
f 2683 2686 2893
f 2683 2893 2892
f 2892 2893 2894
f 2892 2894 2891
f 2893 2895 2894
f 2893 2896 2895
f 2893 2686 2896
f 2686 2687 2896
f 2687 2659 2896
f 2659 2860 2896
f 2860 2859 2895
f 2860 2895 2896
f 2676 2692 2897
f 2676 2897 2875
f 2875 2897 2898
f 2897 2692 2898
f 2692 2693 2898
f 2693 2696 2899
f 2693 2899 2898
f 2898 2899 2900
f 2875 2900 2878
f 2875 2898 2900
f 2899 2901 2900
f 2899 2902 2901
f 2899 2696 2902
f 2696 2697 2902
f 2697 2700 2903
f 2697 2903 2902
f 2902 2903 2904
f 2902 2904 2901
f 2903 2904 2905
f 2903 2906 2905
f 2903 2700 2906
f 2700 2701 2906
f 2701 2907 2704
f 2701 2907 2906
f 2906 2908 2907
f 2906 2908 2905
f 2907 2909 2908
f 2907 2909 2910
f 2907 2910 2704
f 2704 2910 2705
f 2705 2708 2911
f 2705 2910 2911
f 2910 2911 2912
f 2910 2912 2909
f 2911 2913 2912
f 2911 2914 2913
f 2911 2708 2914
f 2708 2709 2914
f 2709 2712 2915
f 2709 2915 2914
f 2914 2915 2916
f 2914 2916 2913
f 2915 2917 2916
f 2915 2918 2917
f 2915 2712 2918
f 2712 2713 2918
f 2713 2716 2919
f 2713 2919 2918
f 2882 2919 2883
f 2882 2918 2919
f 2882 2881 2917
f 2882 2917 2918
f 2883 2919 2920
f 2919 2716 2920
f 2716 2717 2920
f 2717 2679 2920
f 2679 2888 2920
f 2888 2883 2920
f 2721 2722 2921
f 2721 2921 2724
f 2724 2922 2921
f 2724 2923 2726
f 2724 2922 2923
f 2726 2923 2728
f 2924 2926 2925
f 2728 2926 2924
f 2728 2923 2926
f 2728 2924 2730
f 2730 2924 2927
f 2730 2927 2732
f 2924 2928 2927
f 2924 2925 2928
f 2927 2930 2929
f 2927 2928 2930
f 2927 2929 2732
f 2732 2929 2734
f 2734 2929 2931
f 2734 2931 2736
f 2929 2932 2931
f 2929 2930 2932
f 2931 2932 2933
f 2931 2934 2736
f 2931 2933 2934
f 2736 2935 2738
f 2736 2934 2935
f 2738 2935 2740
f 2740 2935 2936
f 2740 2936 2741
f 2747 2748 2937
f 2747 2937 2750
f 2938 2940 2939
f 2750 2940 2938
f 2750 2937 2940
f 2750 2938 2752
f 2752 2938 2941
f 2752 2941 2754
f 2938 2942 2941
f 2938 2939 2942
f 2941 2944 2943
f 2941 2942 2944
f 2941 2943 2754
f 2754 2943 2756
f 2756 2943 2945
f 2756 2945 2757
f 2943 2946 2945
f 2943 2944 2946
f 2945 2948 2947
f 2945 2946 2948
f 2945 2947 2757
f 2757 2947 2758
f 2758 2947 2722
f 2722 2947 2949
f 2722 2949 2921
f 2947 2948 2949
f 2921 2949 2950
f 2922 2951 2923
f 2922 2950 2951
f 2922 2921 2950
f 2923 2951 2952
f 2923 2952 2926
f 2934 2953 2935
f 2934 2933 2953
f 2935 2953 2954
f 2741 2955 2759
f 2741 2956 2955
f 2741 2936 2956
f 2936 2954 2956
f 2936 2935 2954
f 2955 2958 2957
f 2955 2956 2958
f 2955 2957 2759
f 2759 2957 2760
f 2760 2957 2959
f 2760 2959 2762
f 2957 2960 2959
f 2957 2958 2960
f 2959 2962 2961
f 2959 2960 2962
f 2959 2961 2762
f 2762 2961 2764
f 2764 2961 2963
f 2764 2963 2766
f 2961 2964 2963
f 2961 2962 2964
f 2963 2964 2965
f 2963 2966 2766
f 2963 2965 2966
f 2766 2966 2767
f 2967 2969 2968
f 2967 2970 2969
f 2771 2970 2967
f 2771 2772 2970
f 2771 2967 2971
f 2771 2971 2773
f 2967 2972 2971
f 2967 2968 2972
f 2971 2974 2973
f 2971 2972 2974
f 2971 2973 2773
f 2773 2973 2774
f 2774 2973 2748
f 2748 2973 2975
f 2748 2975 2937
f 2973 2974 2975
f 2937 2975 2976
f 2937 2976 2940
f 2767 2977 2776
f 2767 2978 2977
f 2767 2966 2978
f 2966 2965 2978
f 2977 2978 2979
f 2977 2980 2776
f 2977 2979 2980
f 2776 2980 2777
f 2981 2983 2982
f 2981 2984 2983
f 2781 2984 2981
f 2781 2782 2984
f 2781 2981 2985
f 2781 2985 2783
f 2981 2986 2985
f 2981 2982 2986
f 2985 2988 2987
f 2985 2986 2988
f 2985 2987 2783
f 2783 2987 2784
f 2784 2987 2772
f 2772 2987 2970
f 2970 2987 2988
f 2970 2988 2969
f 2777 2989 2786
f 2777 2990 2989
f 2777 2980 2990
f 2980 2979 2990
f 2989 2990 2991
f 2989 2992 2786
f 2989 2991 2992
f 2786 2992 2787
f 2791 2792 2993
f 2791 2993 2793
f 2994 2996 2995
f 2793 2996 2994
f 2793 2993 2996
f 2793 2994 2794
f 2794 2994 2782
f 2782 2994 2984
f 2984 2994 2995
f 2984 2995 2983
f 2787 2997 2796
f 2787 2998 2997
f 2787 2992 2998
f 2992 2991 2998
f 2997 2998 2999
f 2997 3000 2796
f 2997 2999 3000
f 2796 3000 2797
f 2801 2802 3001
f 2801 3002 2792
f 2801 3001 3002
f 2792 3002 2993
f 2993 3004 3003
f 2993 3002 3004
f 3002 3001 3004
f 2993 3003 2996
f 3005 3006 3007
f 3005 3007 3008
f 2804 3008 2805
f 2804 3005 3008
f 2804 2797 3005
f 2797 3000 3005
f 3000 2999 3006
f 3000 3006 3005
f 2809 2810 3009
f 2809 3010 2802
f 2809 3009 3010
f 2802 3010 3001
f 3001 3012 3011
f 3001 3010 3012
f 3010 3009 3012
f 3001 3011 3004
f 3013 3014 3015
f 3013 3015 3016
f 2812 3016 2813
f 2812 3013 3016
f 2812 2805 3013
f 2805 3008 3013
f 3008 3007 3014
f 3008 3014 3013
f 2817 2818 3017
f 2817 3018 2810
f 2817 3017 3018
f 2810 3018 3009
f 3009 3020 3019
f 3009 3018 3020
f 3018 3017 3020
f 3009 3019 3012
f 3021 3022 3023
f 3021 3023 3024
f 2820 3024 2821
f 2820 3021 3024
f 2820 2813 3021
f 2813 3016 3021
f 3016 3015 3022
f 3016 3022 3021
f 2818 2827 3025
f 2818 3025 3017
f 3017 3027 3026
f 3017 3025 3027
f 3025 3028 3027
f 3025 2827 3028
f 2827 2828 3028
f 3017 3026 3020
f 3029 3030 3031
f 3029 3031 3032
f 2830 3032 2831
f 2830 3029 3032
f 2830 2834 3033
f 2830 3033 3029
f 3029 3033 3034
f 3029 3034 3030
f 3033 3035 3034
f 3033 3036 3035
f 3033 2834 3036
f 2834 2835 3036
f 2835 2821 3036
f 2821 3024 3036
f 3024 3023 3035
f 3024 3035 3036
f 2828 2841 3037
f 2828 3038 3028
f 2828 3037 3038
f 3028 3038 3027
f 3037 3039 3038
f 3037 3040 3039
f 3037 2841 3040
f 2841 2842 3040
f 3041 3042 3043
f 3041 3043 3044
f 2844 3044 2845
f 2844 3041 3044
f 2844 2848 3045
f 2844 3045 3041
f 3041 3045 3046
f 3041 3046 3042
f 3045 3047 3046
f 3045 3048 3047
f 3045 2848 3048
f 2848 2849 3048
f 2849 2831 3048
f 2831 3032 3048
f 3032 3031 3047
f 3032 3047 3048
f 2842 2855 3049
f 2842 3050 3040
f 2842 3049 3050
f 3040 3050 3039
f 3049 3051 3050
f 3049 3052 3051
f 3049 2855 3052
f 2855 2856 3053
f 2855 3053 3052
f 3052 3053 3054
f 3052 3054 3055
f 3052 3055 3051
f 3054 3056 3055
f 3054 3053 3056
f 3057 3058 3059
f 3057 3059 3060
f 2858 3060 2859
f 2858 3057 3060
f 2858 2862 3061
f 2858 3061 3057
f 3057 3061 3062
f 3057 3062 3058
f 3061 3063 3062
f 3061 3064 3063
f 3061 2862 3064
f 2862 2863 3064
f 2863 2845 3064
f 2845 3044 3064
f 3044 3043 3063
f 3044 3063 3064
f 2856 2868 3065
f 2856 3065 3053
f 3053 3065 3066
f 3065 2868 3066
f 2868 2869 3066
f 2869 2872 3067
f 2869 3067 3066
f 3066 3067 3068
f 3053 3068 3056
f 3053 3066 3068
f 3067 3069 3068
f 3067 3070 3069
f 3067 2872 3070
f 2872 2873 3070
f 2873 2877 3071
f 2873 3071 3070
f 3070 3071 3072
f 3070 3072 3069
f 3071 3073 3072
f 3071 3074 3073
f 3071 2877 3074
f 2877 2878 3075
f 2877 3075 3074
f 3074 3075 3076
f 3074 3076 3077
f 3074 3077 3073
f 3076 3078 3077
f 3076 3079 3078
f 3076 3075 3080
f 3076 3080 3079
f 3079 3080 3081
f 3079 3081 3082
f 3079 3082 3083
f 3079 3083 3078
f 3082 3084 3083
f 3082 3081 3084
f 3085 3086 3087
f 3085 3087 3088
f 3085 3088 3089
f 3085 3089 3090
f 3085 3090 3091
f 3085 3091 3086
f 3090 3092 3091
f 3090 3093 3092
f 3090 3089 3094
f 3090 3094 3093
f 2880 3094 2881
f 2880 3093 3094
f 2880 2885 3095
f 2880 3095 3093
f 3093 3095 3096
f 3093 3096 3092
f 3095 3097 3096
f 3095 3098 3097
f 3095 2885 3098
f 2885 2886 3098
f 2886 2890 3099
f 2886 3099 3098
f 3098 3099 3100
f 3098 3100 3097
f 3099 3101 3100
f 3099 3102 3101
f 3099 2890 3102
f 2890 2891 3102
f 2891 2894 3103
f 2891 3103 3102
f 3102 3103 3104
f 3102 3104 3101
f 3103 3105 3104
f 3103 3106 3105
f 3103 2894 3106
f 2894 2895 3106
f 2895 2859 3106
f 2859 3060 3106
f 3060 3059 3105
f 3060 3105 3106
f 2878 2900 3107
f 2878 3107 3075
f 3075 3108 3107
f 3107 3108 2900
f 2900 3108 2901
f 2901 3109 2904
f 2901 3108 3109
f 3080 3109 3081
f 3080 3108 3109
f 3080 3108 3075
f 3081 3109 3110
f 3109 3110 2904
f 2904 3110 2905
f 2905 2908 3111
f 2905 3111 3110
f 3110 3111 3112
f 3081 3112 3084
f 3081 3110 3112
f 3111 3113 3112
f 3111 3114 3113
f 3111 2908 3114
f 2908 2909 3114
f 2909 2912 3115
f 2909 3115 3114
f 3114 3115 3116
f 3114 3116 3113
f 3115 3117 3116
f 3115 3118 3117
f 3115 2912 3118
f 2912 2913 3118
f 2913 2916 3119
f 2913 3119 3118
f 3088 3119 3089
f 3088 3118 3119
f 3088 3087 3117
f 3088 3117 3118
f 3089 3119 3120
f 3119 2916 3120
f 2916 2917 3120
f 2917 2881 3120
f 2881 3094 3120
f 3094 3089 3120
f 2925 2926 3121
f 2925 3121 2928
f 2928 3121 3122
f 2928 3123 2930
f 2928 3122 3123
f 2930 3123 2932
f 2932 3123 3124
f 2932 3124 2933
f 2939 2940 3125
f 2939 3125 2942
f 3126 3128 3127
f 2942 3128 3126
f 2942 3125 3128
f 2942 3126 2944
f 2944 3126 3129
f 2944 3129 2946
f 3126 3130 3129
f 3126 3127 3130
f 3129 3132 3131
f 3129 3130 3132
f 3129 3131 2946
f 2946 3131 2948
f 2948 3131 3133
f 2948 3133 2949
f 3131 3134 3133
f 3131 3132 3134
f 3133 3136 3135
f 3133 3134 3136
f 3133 3135 2949
f 2949 3135 2950
f 2950 3135 3137
f 2950 3137 2951
f 3135 3138 3137
f 3135 3138 3136
f 3137 3140 3139
f 3137 3138 3140
f 3137 3139 2951
f 2951 3139 2952
f 2952 3139 2926
f 2926 3139 3141
f 2926 3141 3121
f 3139 3140 3141
f 3121 3141 3142
f 3122 3143 3123
f 3122 3142 3143
f 3122 3121 3142
f 3123 3143 3144
f 2933 3145 2953
f 2933 3146 3145
f 2933 3124 3146
f 3124 3144 3146
f 3124 3123 3144
f 3145 3148 3147
f 3145 3146 3148
f 3145 3147 2953
f 2953 3147 2954
f 2954 3147 3149
f 2954 3149 2956
f 3147 3150 3149
f 3147 3148 3150
f 3149 3152 3151
f 3149 3150 3152
f 3149 3151 2956
f 2956 3151 2958
f 2958 3151 3153
f 2958 3153 2960
f 3151 3154 3153
f 3151 3152 3154
f 3153 3154 3155
f 3153 3156 2960
f 3153 3155 3156
f 2960 3157 2962
f 2960 3156 3157
f 2962 3157 2964
f 2964 3157 3158
f 2964 3158 2965
f 2968 2969 3159
f 2968 3159 2972
f 3160 3162 3161
f 2972 3162 3160
f 2972 3159 3162
f 2972 3160 2974
f 2974 3160 3163
f 2974 3163 2975
f 3160 3164 3163
f 3160 3161 3164
f 3163 3166 3165
f 3163 3164 3166
f 3163 3165 2975
f 2975 3165 2976
f 2976 3165 2940
f 2940 3165 3167
f 2940 3167 3125
f 3165 3166 3167
f 3125 3167 3168
f 3125 3168 3128
f 3156 3169 3157
f 3156 3155 3169
f 3157 3169 3170
f 2965 3171 2978
f 2965 3172 3171
f 2965 3158 3172
f 3158 3170 3172
f 3158 3157 3170
f 3171 3172 3173
f 3171 3174 2978
f 3171 3173 3174
f 2978 3174 2979
f 2982 2983 3175
f 2982 3175 2986
f 3176 3178 3177
f 2986 3178 3176
f 2986 3175 3178
f 2986 3176 2988
f 2988 3176 2969
f 2969 3176 3179
f 2969 3179 3159
f 3176 3177 3179
f 3159 3179 3180
f 3159 3180 3162
f 2979 3181 2990
f 2979 3182 3181
f 2979 3174 3182
f 3174 3173 3182
f 3181 3182 3183
f 3181 3184 2990
f 3181 3183 3184
f 2990 3184 2991
f 2995 2996 3185
f 2995 3186 2983
f 2995 3185 3186
f 2983 3186 3175
f 3175 3188 3187
f 3175 3186 3188
f 3186 3185 3188
f 3175 3187 3178
f 2991 3189 2998
f 2991 3190 3189
f 2991 3184 3190
f 3184 3183 3190
f 3189 3190 3191
f 3189 3192 2998
f 3189 3191 3192
f 2998 3192 2999
f 3193 3195 3194
f 3193 3196 3195
f 3003 3196 3193
f 3003 3004 3196
f 3003 3193 2996
f 2996 3193 3197
f 2996 3197 3185
f 3193 3194 3197
f 3185 3197 3198
f 3185 3198 3188
f 3199 3200 3201
f 3199 3201 3202
f 3006 3202 3007
f 3006 3199 3202
f 3006 2999 3199
f 2999 3192 3199
f 3192 3191 3200
f 3192 3200 3199
f 3203 3205 3204
f 3203 3206 3205
f 3011 3206 3203
f 3011 3012 3206
f 3011 3203 3004
f 3004 3203 3196
f 3196 3203 3204
f 3196 3204 3195
f 3207 3208 3209
f 3207 3209 3210
f 3014 3210 3015
f 3014 3207 3210
f 3014 3007 3207
f 3007 3202 3207
f 3202 3201 3208
f 3202 3208 3207
f 3019 3020 3211
f 3019 3212 3012
f 3019 3211 3212
f 3012 3213 3206
f 3012 3212 3213
f 3206 3213 3205
f 3212 3214 3213
f 3212 3211 3214
f 3215 3216 3217
f 3215 3217 3218
f 3022 3218 3023
f 3022 3215 3218
f 3022 3015 3215
f 3015 3210 3215
f 3210 3209 3216
f 3210 3216 3215
f 3026 3027 3219
f 3026 3220 3020
f 3026 3219 3220
f 3020 3220 3211
f 3211 3222 3221
f 3211 3220 3222
f 3220 3219 3222
f 3211 3221 3214
f 3223 3224 3225
f 3223 3225 3226
f 3030 3226 3031
f 3030 3223 3226
f 3030 3034 3227
f 3030 3227 3223
f 3223 3227 3228
f 3223 3228 3224
f 3227 3229 3228
f 3227 3230 3229
f 3227 3034 3230
f 3034 3035 3230
f 3035 3023 3230
f 3023 3218 3230
f 3218 3217 3229
f 3218 3229 3230
f 3027 3038 3231
f 3027 3231 3219
f 3219 3231 3232
f 3231 3038 3232
f 3038 3039 3233
f 3038 3233 3232
f 3232 3233 3234
f 3232 3234 3235
f 3219 3235 3222
f 3219 3232 3235
f 3234 3236 3235
f 3234 3233 3236
f 3237 3238 3239
f 3237 3239 3240
f 3042 3240 3043
f 3042 3237 3240
f 3042 3046 3241
f 3042 3241 3237
f 3237 3241 3242
f 3237 3242 3238
f 3241 3243 3242
f 3241 3244 3243
f 3241 3046 3244
f 3046 3047 3244
f 3047 3031 3244
f 3031 3226 3244
f 3226 3225 3243
f 3226 3243 3244
f 3039 3050 3245
f 3039 3245 3233
f 3233 3245 3246
f 3245 3050 3246
f 3050 3051 3246
f 3051 3055 3247
f 3051 3247 3246
f 3246 3247 3248
f 3233 3248 3236
f 3233 3246 3248
f 3247 3249 3248
f 3247 3250 3249
f 3247 3055 3250
f 3055 3056 3251
f 3055 3251 3250
f 3250 3251 3252
f 3250 3252 3253
f 3250 3253 3249
f 3252 3254 3253
f 3252 3251 3254
f 3255 3256 3257
f 3255 3257 3258
f 3255 3258 3259
f 3255 3259 3260
f 3255 3260 3261
f 3255 3261 3256
f 3260 3262 3261
f 3260 3263 3262
f 3260 3259 3264
f 3260 3264 3263
f 3058 3264 3059
f 3058 3263 3264
f 3058 3062 3265
f 3058 3265 3263
f 3263 3265 3266
f 3263 3266 3262
f 3265 3267 3266
f 3265 3268 3267
f 3265 3062 3268
f 3062 3063 3268
f 3063 3043 3268
f 3043 3240 3268
f 3240 3239 3267
f 3240 3267 3268
f 3056 3068 3269
f 3056 3269 3251
f 3251 3269 3270
f 3269 3068 3270
f 3068 3069 3270
f 3069 3072 3271
f 3069 3271 3270
f 3270 3271 3272
f 3251 3272 3254
f 3251 3270 3272
f 3271 3273 3272
f 3271 3274 3273
f 3271 3072 3274
f 3072 3073 3274
f 3073 3077 3275
f 3073 3275 3274
f 3274 3275 3276
f 3274 3276 3273
f 3275 3277 3276
f 3275 3278 3277
f 3275 3077 3278
f 3077 3078 3278
f 3078 3083 3279
f 3078 3278 3279
f 3278 3279 3280
f 3278 3280 3277
f 3279 3280 3281
f 3279 3282 3281
f 3279 3282 3083
f 3083 3084 3283
f 3083 3283 3282
f 3282 3284 3283
f 3282 3284 3285
f 3282 3285 3281
f 3284 3286 3285
f 3284 3286 3287
f 3284 3283 3288
f 3284 3287 3288
f 3287 3288 3289
f 3287 3289 3290
f 3287 3290 3291
f 3287 3291 3286
f 3290 3292 3291
f 3290 3293 3292
f 3290 3289 3294
f 3290 3293 3294
f 3086 3294 3087
f 3086 3293 3294
f 3086 3091 3295
f 3086 3295 3293
f 3293 3295 3296
f 3293 3296 3292
f 3295 3297 3296
f 3295 3298 3297
f 3295 3091 3298
f 3091 3092 3298
f 3092 3096 3299
f 3092 3299 3298
f 3298 3299 3300
f 3298 3300 3297
f 3299 3301 3300
f 3299 3302 3301
f 3299 3096 3302
f 3096 3097 3302
f 3097 3100 3303
f 3097 3303 3302
f 3302 3303 3304
f 3302 3304 3301
f 3303 3305 3304
f 3303 3306 3305
f 3303 3100 3306
f 3100 3101 3306
f 3101 3104 3307
f 3101 3307 3306
f 3258 3307 3259
f 3258 3306 3307
f 3258 3257 3305
f 3258 3305 3306
f 3259 3307 3308
f 3307 3104 3308
f 3104 3105 3308
f 3105 3059 3308
f 3059 3264 3308
f 3264 3259 3308
f 3084 3112 3309
f 3084 3309 3283
f 3283 3309 3310
f 3309 3112 3310
f 3112 3113 3310
f 3113 3116 3311
f 3113 3311 3310
f 3288 3311 3289
f 3288 3310 3311
f 3288 3283 3310
f 3289 3311 3312
f 3311 3116 3312
f 3116 3117 3312
f 3117 3087 3312
f 3087 3294 3312
f 3294 3289 3312
f 3127 3128 3313
f 3127 3313 3130
f 3130 3313 3314
f 3130 3315 3132
f 3130 3314 3315
f 3132 3315 3134
f 3316 3318 3317
f 3134 3318 3316
f 3134 3315 3318
f 3134 3316 3136
f 3136 3316 3319
f 3136 3319 3138
f 3316 3320 3319
f 3316 3317 3320
f 3319 3322 3321
f 3319 3320 3322
f 3319 3321 3138
f 3138 3321 3140
f 3140 3321 3323
f 3140 3323 3141
f 3321 3324 3323
f 3321 3322 3324
f 3323 3326 3325
f 3323 3324 3326
f 3323 3325 3141
f 3141 3325 3142
f 3142 3325 3327
f 3142 3327 3143
f 3325 3328 3327
f 3325 3326 3328
f 3327 3330 3329
f 3327 3328 3330
f 3327 3329 3143
f 3143 3329 3144
f 3144 3329 3331
f 3144 3331 3146
f 3329 3332 3331
f 3329 3330 3332
f 3331 3334 3333
f 3331 3332 3334
f 3331 3333 3146
f 3146 3333 3148
f 3148 3333 3335
f 3148 3335 3150
f 3333 3336 3335
f 3333 3334 3336
f 3335 3336 3337
f 3335 3338 3150
f 3335 3337 3338
f 3150 3339 3152
f 3150 3338 3339
f 3152 3339 3154
f 3154 3339 3340
f 3154 3340 3155
f 3161 3162 3341
f 3161 3341 3164
f 3164 3341 3342
f 3164 3343 3166
f 3164 3342 3343
f 3166 3343 3167
f 3344 3346 3345
f 3167 3346 3344
f 3167 3343 3346
f 3167 3344 3168
f 3168 3344 3128
f 3128 3344 3347
f 3128 3347 3313
f 3344 3345 3347
f 3313 3347 3348
f 3314 3349 3315
f 3314 3348 3349
f 3314 3313 3348
f 3315 3349 3350
f 3315 3350 3318
f 3338 3351 3339
f 3338 3337 3351
f 3339 3351 3352
f 3155 3353 3169
f 3155 3354 3353
f 3155 3340 3354
f 3340 3352 3354
f 3340 3339 3352
f 3353 3356 3355
f 3353 3354 3356
f 3353 3355 3169
f 3169 3355 3170
f 3170 3355 3357
f 3170 3357 3172
f 3355 3358 3357
f 3355 3356 3358
f 3357 3358 3359
f 3357 3360 3172
f 3357 3359 3360
f 3172 3360 3173
f 3177 3178 3361
f 3177 3361 3179
f 3362 3364 3363
f 3179 3364 3362
f 3179 3361 3364
f 3179 3362 3180
f 3180 3362 3162
f 3162 3362 3365
f 3162 3365 3341
f 3362 3363 3365
f 3341 3365 3366
f 3342 3367 3343
f 3342 3366 3367
f 3342 3341 3366
f 3343 3367 3368
f 3343 3368 3346
f 3173 3369 3182
f 3173 3370 3369
f 3173 3360 3370
f 3360 3359 3370
f 3369 3370 3371
f 3369 3372 3182
f 3369 3371 3372
f 3182 3372 3183
f 3187 3188 3373
f 3187 3374 3178
f 3187 3373 3374
f 3178 3374 3361
f 3361 3376 3375
f 3361 3374 3376
f 3374 3373 3376
f 3361 3375 3364
f 3377 3378 3379
f 3377 3379 3380
f 3377 3380 3381
f 3183 3381 3190
f 3183 3377 3381
f 3183 3372 3377
f 3372 3371 3378
f 3372 3378 3377
f 3190 3381 3382
f 3190 3382 3191
f 3194 3195 3383
f 3194 3383 3197
f 3384 3386 3385
f 3197 3386 3384
f 3197 3383 3386
f 3197 3384 3198
f 3198 3384 3188
f 3188 3384 3387
f 3188 3387 3373
f 3384 3385 3387
f 3373 3387 3388
f 3373 3388 3376
f 3380 3389 3381
f 3380 3379 3389
f 3381 3389 3390
f 3381 3390 3391
f 3391 3390 3392
f 3200 3392 3201
f 3200 3391 3392
f 3200 3191 3391
f 3191 3382 3391
f 3382 3381 3391
f 3204 3205 3393
f 3204 3394 3195
f 3204 3393 3394
f 3195 3394 3383
f 3383 3396 3395
f 3383 3394 3396
f 3394 3393 3396
f 3383 3395 3386
f 3397 3398 3399
f 3397 3399 3400
f 3208 3400 3209
f 3208 3397 3400
f 3208 3201 3397
f 3201 3392 3397
f 3392 3390 3398
f 3392 3398 3397
f 3205 3213 3401
f 3205 3401 3393
f 3393 3401 3402
f 3401 3213 3402
f 3213 3214 3403
f 3213 3403 3402
f 3402 3403 3404
f 3402 3404 3405
f 3393 3405 3396
f 3393 3402 3405
f 3404 3406 3405
f 3404 3403 3406
f 3407 3408 3409
f 3407 3409 3410
f 3407 3410 3411
f 3407 3411 3412
f 3407 3412 3413
f 3407 3413 3408
f 3412 3414 3413
f 3412 3415 3414
f 3412 3411 3416
f 3412 3416 3415
f 3216 3416 3217
f 3216 3415 3416
f 3216 3209 3415
f 3209 3400 3415
f 3400 3399 3414
f 3400 3414 3415
f 3221 3222 3417
f 3221 3418 3214
f 3221 3417 3418
f 3214 3418 3403
f 3403 3420 3419
f 3403 3418 3420
f 3418 3417 3420
f 3403 3419 3406
f 3421 3422 3423
f 3421 3423 3424
f 3224 3424 3225
f 3224 3421 3424
f 3224 3228 3425
f 3224 3425 3421
f 3410 3425 3411
f 3410 3421 3425
f 3410 3409 3422
f 3410 3422 3421
f 3411 3425 3426
f 3425 3228 3426
f 3228 3229 3426
f 3229 3217 3426
f 3217 3416 3426
f 3416 3411 3426
f 3222 3235 3427
f 3222 3427 3417
f 3417 3427 3428
f 3427 3235 3428
f 3235 3236 3429
f 3235 3429 3428
f 3428 3429 3430
f 3428 3430 3431
f 3417 3431 3420
f 3417 3428 3431
f 3430 3432 3431
f 3430 3433 3432
f 3430 3429 3434
f 3430 3434 3433
f 3433 3434 3435
f 3433 3435 3436
f 3433 3436 3437
f 3433 3437 3432
f 3436 3438 3437
f 3436 3435 3438
f 3439 3440 3441
f 3439 3441 3442
f 3238 3442 3239
f 3238 3439 3442
f 3238 3242 3443
f 3238 3443 3439
f 3439 3443 3444
f 3439 3444 3440
f 3443 3445 3444
f 3443 3446 3445
f 3443 3242 3446
f 3242 3243 3446
f 3243 3225 3446
f 3225 3424 3446
f 3424 3423 3445
f 3424 3445 3446
f 3236 3248 3447
f 3236 3447 3429
f 3429 3447 3448
f 3447 3248 3448
f 3248 3249 3448
f 3249 3253 3449
f 3249 3449 3448
f 3434 3449 3435
f 3434 3448 3449
f 3434 3429 3448
f 3435 3449 3450
f 3449 3253 3450
f 3253 3254 3451
f 3253 3451 3450
f 3450 3451 3452
f 3450 3452 3453
f 3435 3453 3438
f 3435 3450 3453
f 3452 3454 3453
f 3452 3455 3454
f 3452 3451 3456
f 3452 3456 3455
f 3455 3456 3457
f 3455 3457 3458
f 3455 3458 3459
f 3455 3459 3454
f 3458 3460 3459
f 3458 3457 3460
f 3461 3462 3463
f 3461 3463 3464
f 3461 3464 3465
f 3461 3465 3466
f 3461 3466 3467
f 3461 3467 3462
f 3466 3468 3467
f 3466 3469 3468
f 3466 3465 3470
f 3466 3470 3469
f 3256 3470 3257
f 3256 3469 3470
f 3256 3261 3471
f 3256 3471 3469
f 3469 3471 3472
f 3469 3472 3468
f 3471 3473 3472
f 3471 3474 3473
f 3471 3261 3474
f 3261 3262 3474
f 3262 3266 3475
f 3262 3475 3474
f 3474 3475 3476
f 3474 3476 3473
f 3475 3477 3476
f 3475 3478 3477
f 3475 3266 3478
f 3266 3267 3478
f 3267 3239 3478
f 3239 3442 3478
f 3442 3441 3477
f 3442 3477 3478
f 3254 3272 3479
f 3254 3479 3451
f 3451 3479 3480
f 3479 3272 3480
f 3272 3273 3480
f 3273 3276 3481
f 3273 3481 3480
f 3456 3481 3457
f 3456 3480 3481
f 3456 3451 3480
f 3457 3481 3482
f 3481 3276 3482
f 3276 3277 3482
f 3277 3280 3483
f 3277 3483 3482
f 3482 3483 3484
f 3457 3484 3460
f 3457 3482 3484
f 3483 3485 3484
f 3483 3485 3486
f 3483 3486 3280
f 3280 3486 3281
f 3281 3285 3487
f 3281 3486 3487
f 3486 3487 3488
f 3486 3488 3485
f 3487 3489 3488
f 3487 3490 3489
f 3487 3490 3285
f 3285 3490 3286
f 3286 3291 3491
f 3286 3491 3490
f 3490 3491 3492
f 3490 3492 3489
f 3491 3493 3492
f 3491 3494 3493
f 3491 3291 3494
f 3291 3292 3494
f 3292 3296 3495
f 3292 3495 3494
f 3494 3495 3496
f 3494 3496 3493
f 3495 3497 3496
f 3495 3498 3497
f 3495 3296 3498
f 3296 3297 3498
f 3297 3300 3499
f 3297 3499 3498
f 3498 3499 3500
f 3498 3500 3497
f 3499 3501 3500
f 3499 3502 3501
f 3499 3300 3502
f 3300 3301 3502
f 3301 3304 3503
f 3301 3503 3502
f 3464 3503 3465
f 3464 3502 3503
f 3464 3463 3501
f 3464 3501 3502
f 3465 3503 3504
f 3503 3304 3504
f 3304 3305 3504
f 3305 3257 3504
f 3257 3470 3504
f 3470 3465 3504
f 3317 3318 3505
f 3317 3505 3320
f 3320 3505 3506
f 3320 3507 3322
f 3320 3506 3507
f 3322 3507 3324
f 3324 3507 3508
f 3324 3509 3326
f 3324 3508 3509
f 3326 3509 3328
f 3328 3509 3510
f 3328 3511 3330
f 3328 3510 3511
f 3330 3511 3332
f 3332 3511 3512
f 3332 3513 3334
f 3332 3512 3513
f 3334 3513 3336
f 3336 3513 3514
f 3336 3514 3337
f 3345 3346 3515
f 3345 3515 3347
f 3516 3518 3517
f 3347 3518 3516
f 3347 3515 3518
f 3347 3516 3348
f 3348 3516 3519
f 3348 3519 3349
f 3516 3520 3519
f 3516 3517 3520
f 3519 3522 3521
f 3519 3520 3522
f 3519 3521 3349
f 3349 3521 3350
f 3350 3521 3318
f 3318 3521 3523
f 3318 3523 3505
f 3521 3522 3523
f 3505 3523 3524
f 3506 3525 3507
f 3506 3524 3525
f 3506 3505 3524
f 3507 3525 3526
f 3508 3527 3509
f 3508 3526 3527
f 3508 3507 3526
f 3509 3527 3528
f 3510 3529 3511
f 3510 3528 3529
f 3510 3509 3528
f 3511 3529 3530
f 3512 3531 3513
f 3512 3530 3531
f 3512 3511 3530
f 3513 3531 3532
f 3337 3533 3351
f 3337 3534 3533
f 3337 3514 3534
f 3514 3532 3534
f 3514 3513 3532
f 3533 3536 3535
f 3533 3534 3536
f 3533 3535 3351
f 3351 3535 3352
f 3352 3535 3537
f 3352 3537 3354
f 3535 3538 3537
f 3535 3536 3538
f 3537 3538 3539
f 3537 3540 3354
f 3537 3539 3540
f 3354 3541 3356
f 3354 3540 3541
f 3356 3541 3358
f 3358 3541 3542
f 3358 3542 3359
f 3363 3364 3543
f 3363 3543 3365
f 3365 3543 3544
f 3365 3545 3366
f 3365 3544 3545
f 3366 3545 3367
f 3546 3548 3547
f 3367 3548 3546
f 3367 3545 3548
f 3367 3546 3368
f 3368 3546 3346
f 3346 3546 3549
f 3346 3549 3515
f 3546 3547 3549
f 3515 3549 3550
f 3515 3550 3518
f 3540 3551 3541
f 3540 3539 3551
f 3541 3551 3552
f 3541 3552 3553
f 3553 3552 3554
f 3553 3554 3555
f 3359 3555 3370
f 3359 3553 3555
f 3359 3542 3553
f 3542 3541 3553
f 3370 3555 3556
f 3370 3556 3371
f 3375 3376 3557
f 3375 3558 3364
f 3375 3557 3558
f 3364 3558 3543
f 3543 3560 3559
f 3543 3558 3560
f 3558 3557 3560
f 3544 3561 3545
f 3544 3559 3561
f 3544 3543 3559
f 3545 3561 3562
f 3545 3562 3548
f 3554 3563 3555
f 3554 3552 3563
f 3555 3563 3564
f 3555 3564 3565
f 3565 3564 3566
f 3378 3566 3379
f 3378 3565 3566
f 3378 3371 3565
f 3371 3556 3565
f 3556 3555 3565
f 3385 3386 3567
f 3385 3567 3387
f 3387 3567 3568
f 3387 3569 3388
f 3387 3568 3569
f 3388 3570 3376
f 3388 3569 3570
f 3376 3570 3557
f 3557 3572 3571
f 3557 3570 3572
f 3570 3569 3572
f 3557 3571 3560
f 3573 3574 3575
f 3573 3575 3576
f 3573 3576 3577
f 3379 3577 3389
f 3379 3573 3577
f 3379 3566 3573
f 3566 3564 3574
f 3566 3574 3573
f 3389 3577 3578
f 3389 3578 3390
f 3395 3396 3579
f 3395 3580 3386
f 3395 3579 3580
f 3386 3580 3567
f 3567 3580 3581
f 3580 3579 3582
f 3580 3582 3581
f 3581 3582 3583
f 3581 3583 3584
f 3568 3584 3569
f 3568 3581 3584
f 3568 3567 3581
f 3569 3586 3585
f 3569 3584 3586
f 3584 3583 3586
f 3569 3585 3572
f 3587 3588 3589
f 3587 3589 3590
f 3587 3590 3591
f 3587 3591 3592
f 3576 3592 3577
f 3576 3587 3592
f 3576 3575 3588
f 3576 3588 3587
f 3577 3592 3593
f 3592 3591 3594
f 3592 3594 3593
f 3398 3594 3399
f 3398 3593 3594
f 3398 3390 3593
f 3390 3578 3593
f 3578 3577 3593
f 3396 3405 3595
f 3396 3595 3579
f 3579 3595 3596
f 3595 3405 3596
f 3405 3406 3597
f 3405 3597 3596
f 3596 3597 3598
f 3582 3598 3583
f 3582 3596 3598
f 3582 3579 3596
f 3583 3600 3599
f 3583 3598 3600
f 3598 3597 3600
f 3583 3599 3586
f 3601 3602 3603
f 3601 3603 3604
f 3408 3604 3409
f 3408 3601 3604
f 3408 3413 3605
f 3408 3605 3601
f 3590 3605 3591
f 3590 3601 3605
f 3590 3589 3602
f 3590 3602 3601
f 3591 3605 3606
f 3605 3413 3606
f 3413 3414 3606
f 3414 3399 3606
f 3399 3594 3606
f 3594 3591 3606
f 3419 3420 3607
f 3419 3608 3406
f 3419 3607 3608
f 3406 3608 3597
f 3597 3608 3609
f 3608 3607 3610
f 3608 3610 3609
f 3609 3610 3611
f 3609 3611 3612
f 3609 3612 3613
f 3597 3613 3600
f 3597 3609 3613
f 3612 3614 3613
f 3612 3611 3614
f 3615 3616 3617
f 3615 3617 3618
f 3615 3618 3619
f 3615 3619 3620
f 3615 3620 3621
f 3615 3621 3616
f 3620 3622 3621
f 3620 3623 3622
f 3620 3619 3624
f 3620 3624 3623
f 3422 3624 3423
f 3422 3623 3624
f 3422 3409 3623
f 3409 3604 3623
f 3604 3603 3622
f 3604 3622 3623
f 3420 3431 3625
f 3420 3625 3607
f 3607 3625 3626
f 3625 3431 3626
f 3431 3432 3626
f 3432 3437 3627
f 3432 3627 3626
f 3610 3627 3611
f 3610 3626 3627
f 3610 3607 3626
f 3611 3627 3628
f 3627 3437 3628
f 3437 3438 3629
f 3437 3629 3628
f 3628 3629 3630
f 3628 3630 3631
f 3611 3631 3614
f 3611 3628 3631
f 3630 3632 3631
f 3630 3629 3632
f 3633 3634 3635
f 3633 3635 3636
f 3633 3636 3637
f 3633 3637 3638
f 3633 3638 3639
f 3633 3639 3634
f 3638 3640 3639
f 3638 3641 3640
f 3638 3637 3642
f 3638 3642 3641
f 3440 3642 3441
f 3440 3641 3642
f 3440 3444 3643
f 3440 3643 3641
f 3618 3643 3619
f 3618 3641 3643
f 3618 3617 3640
f 3618 3640 3641
f 3619 3643 3644
f 3643 3444 3644
f 3444 3445 3644
f 3445 3423 3644
f 3423 3624 3644
f 3624 3619 3644
f 3438 3453 3645
f 3438 3645 3629
f 3629 3645 3646
f 3645 3453 3646
f 3453 3454 3646
f 3454 3459 3647
f 3454 3647 3646
f 3646 3647 3648
f 3629 3648 3632
f 3629 3646 3648
f 3647 3648 3649
f 3647 3650 3649
f 3647 3459 3650
f 3459 3460 3651
f 3459 3651 3650
f 3650 3652 3651
f 3650 3652 3653
f 3650 3653 3649
f 3652 3654 3653
f 3652 3654 3655
f 3652 3651 3656
f 3652 3655 3656
f 3655 3656 3657
f 3655 3657 3658
f 3655 3658 3659
f 3655 3659 3654
f 3658 3660 3659
f 3658 3661 3660
f 3658 3657 3662
f 3658 3662 3661
f 3661 3662 3663
f 3661 3663 3664
f 3661 3664 3665
f 3661 3665 3660
f 3664 3666 3665
f 3664 3667 3666
f 3664 3663 3668
f 3664 3668 3667
f 3667 3668 3669
f 3667 3669 3670
f 3667 3670 3671
f 3667 3671 3666
f 3670 3672 3671
f 3670 3673 3672
f 3670 3669 3674
f 3670 3674 3673
f 3673 3674 3675
f 3673 3675 3676
f 3673 3676 3677
f 3673 3677 3672
f 3676 3678 3677
f 3676 3679 3678
f 3676 3675 3680
f 3676 3680 3679
f 3462 3680 3463
f 3462 3679 3680
f 3462 3467 3681
f 3462 3681 3679
f 3679 3681 3682
f 3679 3682 3678
f 3681 3683 3682
f 3681 3684 3683
f 3681 3467 3684
f 3467 3468 3684
f 3468 3472 3685
f 3468 3685 3684
f 3684 3685 3686
f 3684 3686 3683
f 3685 3687 3686
f 3685 3688 3687
f 3685 3472 3688
f 3472 3473 3688
f 3473 3476 3689
f 3473 3689 3688
f 3636 3689 3637
f 3636 3688 3689
f 3636 3635 3687
f 3636 3687 3688
f 3637 3689 3690
f 3689 3476 3690
f 3476 3477 3690
f 3477 3441 3690
f 3441 3642 3690
f 3642 3637 3690
f 3460 3484 3691
f 3460 3691 3651
f 3651 3691 3692
f 3691 3484 3692
f 3484 3485 3692
f 3485 3488 3693
f 3485 3693 3692
f 3656 3693 3657
f 3656 3692 3693
f 3656 3651 3692
f 3657 3693 3694
f 3693 3488 3694
f 3488 3489 3694
f 3489 3492 3695
f 3489 3695 3694
f 3662 3695 3663
f 3662 3694 3695
f 3662 3657 3694
f 3663 3695 3696
f 3695 3492 3696
f 3492 3493 3696
f 3493 3496 3697
f 3493 3697 3696
f 3668 3697 3669
f 3668 3696 3697
f 3668 3663 3696
f 3669 3697 3698
f 3697 3496 3698
f 3496 3497 3698
f 3497 3500 3699
f 3497 3699 3698
f 3674 3699 3675
f 3674 3698 3699
f 3674 3669 3698
f 3675 3699 3700
f 3699 3500 3700
f 3500 3501 3700
f 3501 3463 3700
f 3463 3680 3700
f 3680 3675 3700
f 3517 3518 3701
f 3517 3701 3520
f 3520 3701 3702
f 3520 3703 3522
f 3520 3702 3703
f 3522 3703 3523
f 3523 3703 3704
f 3523 3705 3524
f 3523 3704 3705
f 3524 3705 3525
f 3525 3705 3706
f 3525 3707 3526
f 3525 3706 3707
f 3526 3707 3527
f 3708 3710 3709
f 3527 3710 3708
f 3527 3707 3710
f 3527 3708 3528
f 3528 3708 3711
f 3528 3711 3529
f 3708 3712 3711
f 3708 3709 3712
f 3711 3712 3713
f 3711 3714 3529
f 3711 3713 3714
f 3529 3715 3530
f 3529 3714 3715
f 3530 3715 3531
f 3531 3715 3716
f 3531 3717 3532
f 3531 3716 3717
f 3532 3717 3534
f 3534 3717 3718
f 3534 3719 3536
f 3534 3718 3719
f 3536 3719 3538
f 3538 3719 3720
f 3538 3720 3539
f 3547 3548 3721
f 3547 3721 3549
f 3549 3721 3722
f 3549 3723 3550
f 3549 3722 3723
f 3550 3724 3518
f 3550 3723 3724
f 3518 3724 3701
f 3701 3726 3725
f 3701 3724 3726
f 3724 3723 3726
f 3702 3727 3703
f 3702 3725 3727
f 3702 3701 3725
f 3703 3727 3728
f 3704 3729 3705
f 3704 3728 3729
f 3704 3703 3728
f 3705 3729 3730
f 3706 3731 3707
f 3706 3730 3731
f 3706 3705 3730
f 3707 3731 3732
f 3707 3732 3710
f 3714 3733 3715
f 3714 3713 3733
f 3715 3733 3734
f 3716 3735 3717
f 3716 3734 3735
f 3716 3715 3734
f 3717 3735 3736
f 3718 3737 3719
f 3718 3736 3737
f 3718 3717 3736
f 3719 3737 3738
f 3719 3738 3739
f 3739 3738 3740
f 3739 3740 3741
f 3539 3741 3551
f 3539 3739 3741
f 3539 3720 3739
f 3720 3719 3739
f 3551 3741 3742
f 3551 3742 3552
f 3559 3560 3743
f 3559 3743 3561
f 3561 3743 3744
f 3561 3745 3562
f 3561 3744 3745
f 3562 3746 3548
f 3562 3745 3746
f 3548 3746 3721
f 3721 3748 3747
f 3721 3746 3748
f 3746 3745 3748
f 3722 3749 3723
f 3722 3747 3749
f 3722 3721 3747
f 3723 3749 3750
f 3723 3750 3726
f 3740 3751 3741
f 3740 3738 3751
f 3741 3751 3752
f 3741 3752 3753
f 3753 3752 3754
f 3753 3754 3755
f 3552 3755 3563
f 3552 3753 3755
f 3552 3742 3753
f 3742 3741 3753
f 3563 3755 3756
f 3563 3756 3564
f 3571 3572 3757
f 3571 3758 3560
f 3571 3757 3758
f 3560 3758 3743
f 3743 3760 3759
f 3743 3758 3760
f 3758 3757 3760
f 3744 3761 3745
f 3744 3759 3761
f 3744 3743 3759
f 3745 3761 3762
f 3745 3762 3748
f 3754 3763 3755
f 3754 3752 3763
f 3755 3763 3764
f 3755 3764 3765
f 3765 3764 3766
f 3574 3766 3575
f 3574 3765 3766
f 3574 3564 3765
f 3564 3756 3765
f 3756 3755 3765
f 3585 3586 3767
f 3585 3768 3572
f 3585 3767 3768
f 3572 3768 3757
f 3757 3770 3769
f 3757 3768 3770
f 3768 3767 3770
f 3757 3769 3760
f 3771 3772 3773
f 3771 3773 3774
f 3588 3774 3589
f 3588 3771 3774
f 3588 3575 3771
f 3575 3766 3771
f 3766 3764 3772
f 3766 3772 3771
f 3599 3600 3775
f 3599 3776 3586
f 3599 3775 3776
f 3586 3776 3767
f 3767 3776 3777
f 3776 3775 3778
f 3776 3778 3777
f 3777 3778 3779
f 3777 3779 3780
f 3777 3780 3781
f 3767 3781 3770
f 3767 3777 3781
f 3780 3782 3781
f 3780 3779 3782
f 3783 3784 3785
f 3783 3785 3786
f 3783 3786 3787
f 3783 3787 3788
f 3783 3788 3789
f 3783 3789 3784
f 3788 3790 3789
f 3788 3791 3790
f 3788 3787 3792
f 3788 3792 3791
f 3602 3792 3603
f 3602 3791 3792
f 3602 3589 3791
f 3589 3774 3791
f 3774 3773 3790
f 3774 3790 3791
f 3600 3613 3793
f 3600 3793 3775
f 3775 3793 3794
f 3793 3613 3794
f 3613 3614 3795
f 3613 3795 3794
f 3794 3795 3796
f 3778 3796 3779
f 3778 3794 3796
f 3778 3775 3794
f 3779 3796 3797
f 3796 3795 3798
f 3796 3798 3797
f 3797 3798 3799
f 3797 3799 3800
f 3797 3800 3801
f 3779 3801 3782
f 3779 3797 3801
f 3800 3802 3801
f 3800 3799 3802
f 3803 3804 3805
f 3803 3805 3806
f 3803 3806 3807
f 3803 3807 3808
f 3803 3808 3809
f 3803 3809 3804
f 3808 3810 3809
f 3808 3811 3810
f 3808 3807 3812
f 3808 3812 3811
f 3616 3812 3617
f 3616 3811 3812
f 3616 3621 3813
f 3616 3813 3811
f 3786 3813 3787
f 3786 3811 3813
f 3786 3785 3810
f 3786 3810 3811
f 3787 3813 3814
f 3813 3621 3814
f 3621 3622 3814
f 3622 3603 3814
f 3603 3792 3814
f 3792 3787 3814
f 3614 3631 3815
f 3614 3815 3795
f 3795 3815 3816
f 3815 3631 3816
f 3631 3632 3817
f 3631 3817 3816
f 3816 3817 3818
f 3798 3818 3799
f 3798 3816 3818
f 3798 3795 3816
f 3799 3818 3819
f 3818 3820 3817
f 3818 3820 3819
f 3819 3820 3821
f 3819 3821 3822
f 3819 3822 3823
f 3799 3823 3802
f 3799 3819 3823
f 3822 3824 3823
f 3822 3825 3824
f 3822 3821 3826
f 3822 3826 3825
f 3825 3826 3827
f 3825 3827 3828
f 3825 3828 3829
f 3825 3829 3824
f 3828 3830 3829
f 3828 3831 3830
f 3828 3827 3832
f 3828 3832 3831
f 3831 3832 3833
f 3831 3833 3834
f 3831 3834 3835
f 3831 3835 3830
f 3834 3836 3835
f 3834 3833 3836
f 3837 3838 3839
f 3837 3839 3840
f 3837 3840 3841
f 3837 3841 3842
f 3837 3842 3843
f 3837 3843 3838
f 3842 3844 3843
f 3842 3845 3844
f 3842 3841 3846
f 3842 3846 3845
f 3845 3846 3847
f 3845 3847 3848
f 3845 3848 3849
f 3845 3849 3844
f 3848 3850 3849
f 3848 3851 3850
f 3848 3847 3852
f 3848 3852 3851
f 3851 3852 3853
f 3851 3853 3854
f 3851 3854 3855
f 3851 3855 3850
f 3854 3856 3855
f 3854 3857 3856
f 3854 3853 3858
f 3854 3858 3857
f 3634 3858 3635
f 3634 3857 3858
f 3634 3639 3859
f 3634 3859 3857
f 3806 3859 3807
f 3806 3857 3859
f 3806 3805 3856
f 3806 3856 3857
f 3807 3859 3860
f 3859 3639 3860
f 3639 3640 3860
f 3640 3617 3860
f 3617 3812 3860
f 3812 3807 3860
f 3632 3648 3861
f 3632 3861 3817
f 3817 3861 3862
f 3861 3648 3862
f 3648 3649 3862
f 3649 3653 3863
f 3649 3863 3862
f 3820 3863 3821
f 3820 3862 3863
f 3820 3817 3862
f 3821 3863 3864
f 3863 3653 3864
f 3653 3654 3864
f 3654 3659 3865
f 3654 3865 3864
f 3826 3865 3827
f 3826 3864 3865
f 3826 3821 3864
f 3827 3865 3866
f 3865 3659 3866
f 3659 3660 3866
f 3660 3665 3867
f 3660 3867 3866
f 3832 3867 3833
f 3832 3866 3867
f 3832 3827 3866
f 3833 3867 3868
f 3867 3665 3868
f 3665 3666 3868
f 3666 3671 3869
f 3666 3869 3868
f 3868 3869 3870
f 3833 3870 3836
f 3833 3868 3870
f 3869 3871 3870
f 3869 3872 3871
f 3869 3671 3872
f 3671 3672 3872
f 3672 3677 3873
f 3672 3873 3872
f 3840 3873 3841
f 3840 3872 3873
f 3840 3839 3871
f 3840 3871 3872
f 3841 3873 3874
f 3873 3677 3874
f 3677 3678 3874
f 3678 3682 3875
f 3678 3875 3874
f 3846 3875 3847
f 3846 3874 3875
f 3846 3841 3874
f 3847 3875 3876
f 3875 3682 3876
f 3682 3683 3876
f 3683 3686 3877
f 3683 3877 3876
f 3852 3877 3853
f 3852 3876 3877
f 3852 3847 3876
f 3853 3877 3878
f 3877 3686 3878
f 3686 3687 3878
f 3687 3635 3878
f 3635 3858 3878
f 3858 3853 3878
f 3709 3710 3879
f 3709 3879 3712
f 3712 3879 3880
f 3712 3880 3713
f 3725 3726 3881
f 3725 3881 3727
f 3727 3881 3882
f 3727 3883 3728
f 3727 3882 3883
f 3728 3883 3729
f 3729 3883 3884
f 3729 3885 3730
f 3729 3884 3885
f 3730 3885 3731
f 3731 3885 3886
f 3731 3887 3732
f 3731 3886 3887
f 3732 3888 3710
f 3732 3887 3888
f 3710 3888 3879
f 3879 3888 3889
f 3888 3887 3890
f 3888 3890 3889
f 3889 3890 3891
f 3713 3891 3733
f 3713 3889 3891
f 3713 3880 3889
f 3880 3879 3889
f 3733 3891 3892
f 3733 3893 3734
f 3733 3892 3893
f 3734 3893 3735
f 3735 3893 3894
f 3735 3895 3736
f 3735 3894 3895
f 3736 3895 3737
f 3737 3895 3896
f 3737 3896 3738
f 3747 3748 3897
f 3747 3897 3749
f 3749 3897 3898
f 3749 3899 3750
f 3749 3898 3899
f 3750 3900 3726
f 3750 3899 3900
f 3726 3900 3881
f 3881 3902 3901
f 3881 3900 3902
f 3900 3899 3902
f 3882 3903 3883
f 3882 3901 3903
f 3882 3881 3901
f 3883 3903 3904
f 3884 3905 3885
f 3884 3904 3905
f 3884 3883 3904
f 3885 3905 3906
f 3886 3907 3887
f 3886 3906 3907
f 3886 3885 3906
f 3887 3907 3908
f 3890 3909 3891
f 3890 3908 3909
f 3890 3887 3908
f 3891 3909 3910
f 3892 3911 3893
f 3892 3910 3911
f 3892 3891 3910
f 3893 3911 3912
f 3893 3912 3913
f 3913 3912 3914
f 3913 3914 3915
f 3913 3915 3916
f 3894 3916 3895
f 3894 3913 3916
f 3894 3893 3913
f 3895 3916 3917
f 3916 3915 3918
f 3916 3918 3917
f 3917 3918 3919
f 3738 3919 3751
f 3738 3917 3919
f 3738 3896 3917
f 3896 3895 3917
f 3751 3919 3920
f 3751 3920 3752
f 3759 3760 3921
f 3759 3921 3761
f 3761 3921 3922
f 3761 3923 3762
f 3761 3922 3923
f 3762 3924 3748
f 3762 3923 3924
f 3748 3924 3897
f 3897 3926 3925
f 3897 3924 3926
f 3924 3923 3926
f 3898 3927 3899
f 3898 3925 3927
f 3898 3897 3925
f 3899 3927 3928
f 3899 3928 3902
f 3914 3929 3915
f 3914 3912 3929
f 3915 3929 3930
f 3915 3930 3931
f 3931 3930 3932
f 3931 3932 3933
f 3931 3933 3934
f 3918 3934 3919
f 3918 3931 3934
f 3918 3915 3931
f 3919 3934 3935
f 3934 3933 3936
f 3934 3936 3935
f 3935 3936 3937
f 3752 3937 3763
f 3752 3935 3937
f 3752 3920 3935
f 3920 3919 3935
f 3763 3937 3938
f 3763 3938 3764
f 3769 3770 3939
f 3769 3940 3760
f 3769 3939 3940
f 3760 3940 3921
f 3921 3940 3941
f 3940 3939 3942
f 3940 3942 3941
f 3941 3942 3943
f 3941 3943 3944
f 3922 3944 3923
f 3922 3941 3944
f 3922 3921 3941
f 3923 3946 3945
f 3923 3944 3946
f 3944 3943 3946
f 3923 3945 3926
f 3947 3948 3949
f 3947 3949 3950
f 3947 3950 3951
f 3947 3951 3952
f 3932 3952 3933
f 3932 3947 3952
f 3932 3930 3948
f 3932 3948 3947
f 3933 3952 3953
f 3952 3951 3954
f 3952 3954 3953
f 3953 3954 3955
f 3953 3955 3956
f 3936 3956 3937
f 3936 3953 3956
f 3936 3933 3953
f 3937 3956 3957
f 3956 3955 3958
f 3956 3958 3957
f 3772 3958 3773
f 3772 3957 3958
f 3772 3764 3957
f 3764 3938 3957
f 3938 3937 3957
f 3770 3781 3959
f 3770 3959 3939
f 3939 3959 3960
f 3959 3781 3960
f 3781 3782 3961
f 3781 3961 3960
f 3960 3961 3962
f 3942 3962 3943
f 3942 3960 3962
f 3942 3939 3960
f 3943 3962 3963
f 3962 3961 3964
f 3962 3964 3963
f 3963 3964 3965
f 3963 3965 3966
f 3963 3966 3967
f 3943 3967 3946
f 3943 3963 3967
f 3966 3968 3967
f 3966 3965 3968
f 3969 3970 3971
f 3969 3971 3972
f 3969 3972 3973
f 3969 3973 3974
f 3969 3974 3975
f 3969 3975 3970
f 3974 3976 3975
f 3974 3977 3976
f 3974 3973 3978
f 3974 3978 3977
f 3977 3978 3979
f 3977 3979 3980
f 3950 3980 3951
f 3950 3977 3980
f 3950 3949 3976
f 3950 3976 3977
f 3951 3980 3981
f 3980 3979 3982
f 3980 3982 3981
f 3784 3982 3785
f 3784 3981 3982
f 3784 3789 3983
f 3784 3983 3981
f 3954 3983 3955
f 3954 3981 3983
f 3954 3951 3981
f 3955 3983 3984
f 3983 3789 3984
f 3789 3790 3984
f 3790 3773 3984
f 3773 3958 3984
f 3958 3955 3984
f 3782 3801 3985
f 3782 3985 3961
f 3961 3985 3986
f 3985 3801 3986
f 3801 3802 3987
f 3801 3987 3986
f 3986 3987 3988
f 3964 3988 3965
f 3964 3986 3988
f 3964 3961 3986
f 3965 3988 3989
f 3988 3987 3990
f 3988 3990 3989
f 3989 3990 3991
f 3989 3991 3992
f 3989 3992 3993
f 3965 3993 3968
f 3965 3989 3993
f 3992 3994 3993
f 3992 3995 3994
f 3992 3991 3996
f 3992 3996 3995
f 3995 3996 3997
f 3995 3997 3998
f 3995 3998 3999
f 3995 3999 3994
f 3998 4000 3999
f 3998 4001 4000
f 3998 3997 4002
f 3998 4002 4001
f 4001 4002 4003
f 4001 4003 4004
f 4001 4004 4005
f 4001 4005 4000
f 4004 4006 4005
f 4004 4007 4006
f 4004 4003 4008
f 4004 4008 4007
f 4007 4008 4009
f 4007 4009 4010
f 4007 4010 4011
f 4007 4011 4006
f 4010 4012 4011
f 4010 4013 4012
f 4010 4009 4014
f 4010 4014 4013
f 4013 4014 4015
f 4013 4015 4016
f 4013 4016 4017
f 4013 4017 4012
f 4016 4018 4017
f 4016 4019 4018
f 4016 4015 4020
f 4016 4020 4019
f 4019 4020 4021
f 4019 4021 4022
f 3972 4022 3973
f 3972 4019 4022
f 3972 3971 4018
f 3972 4018 4019
f 3973 4022 4023
f 4022 4021 4024
f 4022 4024 4023
f 3804 4024 3805
f 3804 4023 4024
f 3804 3809 4025
f 3804 4025 4023
f 3978 4025 3979
f 3978 4023 4025
f 3978 3973 4023
f 3979 4025 4026
f 4025 3809 4026
f 3809 3810 4026
f 3810 3785 4026
f 3785 3982 4026
f 3982 3979 4026
f 3802 3823 4027
f 3802 4027 3987
f 3987 4027 4028
f 4027 3823 4028
f 3823 3824 4028
f 3824 3829 4029
f 3824 4029 4028
f 3990 4029 3991
f 3990 4028 4029
f 3990 3987 4028
f 3991 4029 4030
f 4029 3829 4030
f 3829 3830 4030
f 3830 3835 4031
f 3830 4031 4030
f 3996 4031 3997
f 3996 4030 4031
f 3996 3991 4030
f 3997 4031 4032
f 4031 3835 4032
f 3835 3836 4033
f 3835 4033 4032
f 4032 4033 4034
f 4002 4034 4003
f 4002 4032 4034
f 4002 3997 4032
f 4003 4034 4035
f 4034 4033 4036
f 4034 4036 4035
f 3838 4036 3839
f 3838 4035 4036
f 3838 3843 4037
f 3838 4037 4035
f 4008 4037 4009
f 4008 4035 4037
f 4008 4003 4035
f 4009 4037 4038
f 4037 3843 4038
f 3843 3844 4038
f 3844 3849 4039
f 3844 4039 4038
f 4014 4039 4015
f 4014 4038 4039
f 4014 4009 4038
f 4015 4039 4040
f 4039 3849 4040
f 3849 3850 4040
f 3850 3855 4041
f 3850 4041 4040
f 4020 4041 4021
f 4020 4040 4041
f 4020 4015 4040
f 4021 4041 4042
f 4041 3855 4042
f 3855 3856 4042
f 3856 3805 4042
f 3805 4024 4042
f 4024 4021 4042
f 3836 3870 4043
f 3836 4043 4033
f 4033 4043 4044
f 4043 3870 4044
f 3870 3871 4044
f 3871 3839 4044
f 3839 4036 4044
f 4036 4033 4044
f 3901 3902 4045
f 3901 4045 3903
f 3903 4045 4046
f 3903 4047 3904
f 3903 4046 4047
f 3904 4047 3905
f 3905 4047 4048
f 3905 4049 3906
f 3905 4048 4049
f 3906 4049 3907
f 3907 4049 4050
f 3907 4051 3908
f 3907 4050 4051
f 3908 4051 3909
f 3909 4051 4052
f 3909 4053 3910
f 3909 4052 4053
f 3910 4053 3911
f 3911 4053 4054
f 3911 4054 3912
f 3925 3926 4055
f 3925 4055 3927
f 3927 4055 4056
f 3927 4057 3928
f 3927 4056 4057
f 3928 4058 3902
f 3928 4057 4058
f 3902 4058 4045
f 4045 4058 4059
f 4058 4057 4060
f 4058 4060 4059
f 4059 4060 4061
f 4059 4061 4062
f 4046 4062 4047
f 4046 4059 4062
f 4046 4045 4059
f 4047 4062 4063
f 4062 4061 4064
f 4062 4064 4063
f 4063 4064 4065
f 4063 4065 4066
f 4048 4066 4049
f 4048 4063 4066
f 4048 4047 4063
f 4049 4066 4067
f 4066 4065 4068
f 4066 4068 4067
f 4067 4068 4069
f 4067 4069 4070
f 4050 4070 4051
f 4050 4067 4070
f 4050 4049 4067
f 4051 4070 4071
f 4070 4069 4072
f 4070 4072 4071
f 4071 4072 4073
f 4071 4073 4074
f 4052 4074 4053
f 4052 4071 4074
f 4052 4051 4071
f 4053 4074 4075
f 4074 4073 4076
f 4074 4076 4075
f 4075 4076 4077
f 3912 4077 3929
f 3912 4075 4077
f 3912 4054 4075
f 4054 4053 4075
f 3929 4077 4078
f 3929 4078 3930
f 3945 3946 4079
f 3945 4080 3926
f 3945 4079 4080
f 3926 4080 4055
f 4055 4080 4081
f 4080 4079 4082
f 4080 4082 4081
f 4081 4082 4083
f 4081 4083 4084
f 4056 4084 4057
f 4056 4081 4084
f 4056 4055 4081
f 4057 4084 4085
f 4084 4083 4086
f 4084 4086 4085
f 4085 4086 4087
f 4085 4087 4088
f 4060 4088 4061
f 4060 4085 4088
f 4060 4057 4085
f 4061 4088 4089
f 4088 4087 4090
f 4088 4090 4089
f 4089 4090 4091
f 4089 4091 4092
f 4064 4092 4065
f 4064 4089 4092
f 4064 4061 4089
f 4065 4092 4093
f 4092 4091 4094
f 4092 4094 4093
f 4093 4094 4095
f 4093 4095 4096
f 4068 4096 4069
f 4068 4093 4096
f 4068 4065 4093
f 4069 4096 4097
f 4096 4095 4098
f 4096 4098 4097
f 4097 4098 4099
f 4097 4099 4100
f 4072 4100 4073
f 4072 4097 4100
f 4072 4069 4097
f 4073 4100 4101
f 4100 4099 4102
f 4100 4102 4101
f 4101 4102 4103
f 4101 4103 4104
f 4076 4104 4077
f 4076 4101 4104
f 4076 4073 4101
f 4077 4104 4105
f 4104 4103 4106
f 4104 4106 4105
f 3948 4106 3949
f 3948 4105 4106
f 3948 3930 4105
f 3930 4078 4105
f 4078 4077 4105
f 3946 3967 4107
f 3946 4107 4079
f 4079 4107 4108
f 4107 3967 4108
f 3967 3968 4109
f 3967 4109 4108
f 4108 4109 4110
f 4082 4110 4083
f 4082 4108 4110
f 4082 4079 4108
f 4083 4110 4111
f 4110 4109 4112
f 4110 4112 4111
f 4111 4112 4113
f 4111 4113 4114
f 4086 4114 4087
f 4086 4111 4114
f 4086 4083 4111
f 4087 4114 4115
f 4114 4113 4116
f 4114 4116 4115
f 4115 4116 4117
f 4115 4117 4118
f 4090 4118 4091
f 4090 4115 4118
f 4090 4087 4115
f 4091 4118 4119
f 4118 4117 4120
f 4118 4120 4119
f 4119 4120 4121
f 4119 4121 4122
f 4094 4122 4095
f 4094 4119 4122
f 4094 4091 4119
f 4095 4122 4123
f 4122 4121 4124
f 4122 4124 4123
f 4123 4124 4125
f 4123 4125 4126
f 4098 4126 4099
f 4098 4123 4126
f 4098 4095 4123
f 4099 4126 4127
f 4126 4125 4128
f 4126 4128 4127
f 3970 4128 3971
f 3970 4127 4128
f 3970 3975 4129
f 3970 4129 4127
f 4102 4129 4103
f 4102 4127 4129
f 4102 4099 4127
f 4103 4129 4130
f 4129 3975 4130
f 3975 3976 4130
f 3976 3949 4130
f 3949 4106 4130
f 4106 4103 4130
f 3968 3993 4131
f 3968 4131 4109
f 4109 4131 4132
f 4131 3993 4132
f 3993 3994 4132
f 3994 3999 4133
f 3994 4133 4132
f 4112 4133 4113
f 4112 4132 4133
f 4112 4109 4132
f 4113 4133 4134
f 4133 3999 4134
f 3999 4000 4134
f 4000 4005 4135
f 4000 4135 4134
f 4116 4135 4117
f 4116 4134 4135
f 4116 4113 4134
f 4117 4135 4136
f 4135 4005 4136
f 4005 4006 4136
f 4006 4011 4137
f 4006 4137 4136
f 4120 4137 4121
f 4120 4136 4137
f 4120 4117 4136
f 4121 4137 4138
f 4137 4011 4138
f 4011 4012 4138
f 4012 4017 4139
f 4012 4139 4138
f 4124 4139 4125
f 4124 4138 4139
f 4124 4121 4138
f 4125 4139 4140
f 4139 4017 4140
f 4017 4018 4140
f 4018 3971 4140
f 3971 4128 4140
f 4128 4125 4140
